economy,Country_Name,Year,Arable_Land_%,Pop_Density,Rural_Elec_Access_%,Rural_Clean_Fuel_%,Renewable_Energy_%,Urban_Pop_Growth_%,Net_Forest_Depletion_USD,Population_Total
AFG,Afghanistan,1990,12.1276236910292,18.4684237155605,,,23.0,2.10596400560719,16817305.8259101,12045660.0
AFG,Afghanistan,1991,12.1276236910292,18.7646673719393,,,23.7,2.24155452711134,17306714.1520729,12238879.0
AFG,Afghanistan,1992,12.1276236910292,20.3593425632062,,,27.4,8.79630215150499,16858954.3957259,13278974.0
AFG,Afghanistan,1993,11.9957683639207,22.9108933965012,,,28.5,12.4471435617289,21477316.2554324,14943172.0
AFG,Afghanistan,1994,11.810250985082,24.9157413795747,,,30.1,9.03881546742493,22900392.4703444,16250794.0
AFG,Afghanistan,1995,11.7335909111816,26.1653649786118,,,31.8,5.56388980104053,23825073.213089,17065836.0
AFG,Afghanistan,1996,11.7243917023136,27.2346656854177,,,33.9,4.7053125882595,21831805.2828276,17763266.0
AFG,Afghanistan,1997,11.7826533584778,28.2907731935054,,,36.4,4.54347197325141,24021057.7387984,18452091.0
AFG,Afghanistan,1998,11.8930438648943,29.3761341857934,,,38.0,4.5517174135051,22780642.3194724,19159996.0
AFG,Afghanistan,1999,11.7335909111816,30.49198135627,,,43.4,4.57186677533955,28059420.6576811,19887785.0
AFG,Afghanistan,2000,11.7795869555218,30.8638471091486,,0.9,45.0,2.12085038492534,24317365.5636036,20130327.0
AFG,Afghanistan,2001,11.7795869555218,31.099929472732,,1.2,45.6,1.74346718707473,24000592.8261707,20284307.0
AFG,Afghanistan,2002,11.7719209481318,32.77696058139,,1.5,37.8,6.31359641742295,37154940.7071314,21378117.0
AFG,Afghanistan,2003,11.9160418870644,34.8543443263879,2.1,1.75,36.7,7.2936567313355,27992261.61635,22733049.0
AFG,Afghanistan,2004,11.9835027520967,36.1232295355933,7.8,2.1,44.2,4.81718391804813,18430771.5486467,23560654.0
AFG,Afghanistan,2005,11.9666375358386,37.4171181945019,15.4,2.6,33.9,5.08707018829666,18366320.7533302,24404567.0
AFG,Afghanistan,2006,11.9497723195805,38.9802584977692,19.3,3.1,31.9,6.12480680891873,27412476.4839536,25424094.0
AFG,Afghanistan,2007,11.9497723195805,39.7250233813225,25.0,3.7,28.8,4.25238138079512,28360912.2041023,25909852.0
AFG,Afghanistan,2008,11.9497723195805,40.6031951918802,28.0,4.4,21.2,4.74447801790221,29740691.7969004,26482622.0
AFG,Afghanistan,2009,11.9482391181025,42.1110666482682,36.7,5.1,16.5,6.2831311002891,27859959.8845904,27466101.0
AFG,Afghanistan,2010,11.9482391181025,43.3652070588596,30.2,5.9,15.2,5.5420431342597,45854747.837775,28284089.0
AFG,Afghanistan,2011,11.9451727151465,44.9959492816951,29.6,6.9,12.6,6.17194562448142,44379695.0525628,29347708.0
AFG,Afghanistan,2012,11.9436395136685,46.8546892967205,60.8,7.8,15.4,6.31323146961438,42772765.4246332,30560034.0
AFG,Afghanistan,2013,11.9359735062785,48.4839765113534,60.2,8.8,16.9,5.3875947897599,43627602.7507315,31622704.0
AFG,Afghanistan,2014,11.9145086855864,50.2775447311531,86.5,9.9,19.1,5.22969224047253,44509257.9568853,32792523.0
AFG,Afghanistan,2015,11.9053094767183,51.8709105683578,64.6,11.1,17.7,4.24580956643691,46968909.3459635,33831764.0
AFG,Afghanistan,2016,11.8501142235101,53.2030296061205,97.1,12.3,20.2,3.32526007388198,51827732.1167124,34700612.0
AFG,Afghanistan,2017,11.8041181791699,54.7183278904681,97.1,13.4,19.5,3.5213421801472,43999373.0991377,35688935.0
AFG,Afghanistan,2018,11.9497723195805,56.3344817012404,91.6,14.5,18.3,3.5685183296085,44220700.0675636,36743039.0
AFG,Afghanistan,2019,11.9405731107125,58.0410606687825,97.1,15.7,18.9,3.56098277767391,51729326.4647272,37856121.0
AFG,Afghanistan,2020,12.0034343713107,59.9006163469942,97.1,16.8,18.2,3.62373772331126,48382573.1932215,39068979.0
AFG,Afghanistan,2021,12.0034343713107,61.3286907992579,97.1,18.0,20.0,2.69456903003537,47376783.1840884,40000412.0
AFG,Afghanistan,2022,11.9743035432286,62.2155405301811,81.7,19.2,20.0,1.61726804518474,,40578842.0
AFE,Africa Eastern and Southern,1990,5.42996028432182,28.0991087474811,,,60.842404289004,4.79734238791464,,311748681.0
AFE,Africa Eastern and Southern,1991,5.45478262374409,28.8827576739734,,,62.1332952333327,4.3273582445746,,320442961.0
AFE,Africa Eastern and Southern,1992,5.46139846633649,29.661491241108,,,63.9407887013287,3.92048310299484,,329082707.0
AFE,Africa Eastern and Southern,1993,5.86647902265823,27.7414556761445,,,64.6519649122807,3.98044180925734,,338324002.0
AFE,Africa Eastern and Southern,1994,5.90244055012906,28.4890858686785,,,65.1450669770894,4.05606933597677,,347441809.0
AFE,Africa Eastern and Southern,1995,5.92905347669748,29.2384182309521,,,64.7215351777626,3.80498303379379,,356580375.0
AFE,Africa Eastern and Southern,1996,5.9156974341015,30.0221550195394,,,63.9292722735762,3.51264496068787,,366138524.0
AFE,Africa Eastern and Southern,1997,5.93626630924847,30.8017560579786,,,63.2412934102344,3.44959202833643,,375646235.0
AFE,Africa Eastern and Southern,1998,5.93463526345666,31.6102044415815,,,63.9620962287123,3.67398675260446,,385505757.0
AFE,Africa Eastern and Southern,1999,5.99990854086769,32.4502751850645,,,65.058400842755,3.7534425134728,,395750933.0
AFE,Africa Eastern and Southern,2000,6.0406191784897,33.3035106646153,8.67265346740584,3.54816679365792,65.3858665294723,3.76712208302127,,406156661.0
AFE,Africa Eastern and Southern,2001,6.05102934162134,34.1768746149742,,3.70402430207677,65.8173627780445,3.85503413405984,,416807868.0
AFE,Africa Eastern and Southern,2002,6.11318284914138,35.0798625833507,,3.89004253975859,65.0992811815578,3.94979264051818,,427820358.0
AFE,Africa Eastern and Southern,2003,6.27069853244745,36.010765348288,9.79281078105236,4.09171996348557,64.6151241962775,4.03942849796362,,439173286.0
AFE,Africa Eastern and Southern,2004,6.3757195978399,36.5295746590212,10.890978601739,4.27424866008408,63.6780350675331,4.14424613750598,,450928044.0
AFE,Africa Eastern and Southern,2005,6.49523382261977,37.5135919528181,10.3364743315677,4.53252066572879,63.1090982683818,4.14118824736265,,463076637.0
AFE,Africa Eastern and Southern,2006,6.59136387284769,38.5286306361067,12.4200467691291,4.75749014037619,62.7381235737246,4.13382683296179,,475606210.0
AFE,Africa Eastern and Southern,2007,6.71440010066153,39.5795390720338,12.3649962952047,5.00403466229121,61.5051686589556,3.89538791021162,,488580707.0
AFE,Africa Eastern and Southern,2008,6.83693138817797,40.6724831497104,12.7984770262053,5.24892410091475,61.9080266133138,4.26142468824021,,502070763.0
AFE,Africa Eastern and Southern,2009,7.08613030382463,41.8010527779488,15.5388490446557,5.49974660596306,61.3046006287143,3.95764047367593,,516003448.0
AFE,Africa Eastern and Southern,2010,7.25703528594918,42.9574912715677,14.5888297250447,5.7478509340004,62.8763868126774,3.81517998127813,,530308387.0
AFE,Africa Eastern and Southern,2011,7.50271135447617,44.1254633537399,16.0566388916505,6.02819644522204,62.8052791594478,3.74596490001056,,544737983.0
AFE,Africa Eastern and Southern,2012,7.88185976767953,37.6965165566856,19.3999027957069,6.309217696746,61.4099642987411,3.74632242722197,,559609961.0
AFE,Africa Eastern and Southern,2013,7.91425148518127,38.7469753050245,18.783057901428,6.64362531770266,60.8017990466951,3.88518221287852,,575202699.0
AFE,Africa Eastern and Southern,2014,7.96547689672921,39.809154639038,17.6854545554196,6.93231030571847,61.2358816947099,3.91531890369014,,590968990.0
AFE,Africa Eastern and Southern,2015,8.00581917023574,40.8971995109358,16.4950640004064,7.25993600766452,61.6702780479896,3.90178763856355,,607123269.0
AFE,Africa Eastern and Southern,2016,8.10225007582914,41.9915537679033,24.5849063292052,7.60671205685514,61.8228841937413,3.76665732544256,,623369401.0
AFE,Africa Eastern and Southern,2017,8.16497085237649,43.1158195866339,25.3750374165444,7.92660444602513,61.4269497576408,3.78732515741512,,640058741.0
AFE,Africa Eastern and Southern,2018,8.26209608574463,44.3109394118317,26.9419836631142,8.30989563249925,61.5875298317964,3.95046114825667,,657801085.0
AFE,Africa Eastern and Southern,2019,8.26284817159687,45.5334654681731,28.9831827826011,8.70459078973667,62.6907096127666,3.78728547463572,,675950189.0
AFE,Africa Eastern and Southern,2020,8.28489221033754,46.7795135824364,30.9099909700969,9.10663954742505,65.7823798017466,3.77685041216424,,694446100.0
AFE,Africa Eastern and Southern,2021,8.32563324260277,48.0354728061518,32.7098365540535,9.48080389859195,,3.79451587583661,,713090928.0
AFE,Africa Eastern and Southern,2022,8.37787568694204,49.2972007384894,33.7472215050713,9.90320896184754,,3.81005886998802,,731821393.0
AFW,Africa Western and Central,1990,8.10254210250526,23.1672703735886,,,85.8954421148587,4.42724715639689,,209566031.0
AFW,Africa Western and Central,1991,8.34860496275611,23.7877451142964,,,85.2620742165585,4.70180766974066,,215178709.0
AFW,Africa Western and Central,1992,8.62274721472333,24.4524380429327,,,83.8183241751154,4.394501983922,,221191375.0
AFW,Africa Western and Central,1993,8.78490354618397,25.1218554950485,,,85.1032323232323,4.27275816674395,,227246778.0
AFW,Africa Western and Central,1994,8.94473835313262,25.7976762645123,12.2025170105924,,86.5576852698994,4.1648202757396,,233360104.0
AFW,Africa Western and Central,1995,9.32323864829788,26.5098062300874,12.603049477231,,86.1480939845959,4.20923337552303,,239801875.0
AFW,Africa Western and Central,1996,9.54973437337632,27.2409284771462,12.3289308054837,,85.1186481720936,4.248718141364,,246415446.0
AFW,Africa Western and Central,1997,9.62345167580905,27.9917910893256,14.8630465324447,,83.9110585305106,4.30320060684537,,253207584.0
AFW,Africa Western and Central,1998,9.72317629878242,28.775609621282,13.9901787447913,,84.6345365548379,4.33905280027628,,260297834.0
AFW,Africa Western and Central,1999,9.93543958619378,29.5724965674602,17.5490833834204,,84.0050390759189,4.28261541946092,,267506298.0
AFW,Africa Western and Central,2000,9.95888554663058,30.3974279719383,16.3897011938222,0.950679755165478,83.1015124875548,4.28982471457319,,274968446.0
AFW,Africa Western and Central,2001,10.0692803384562,31.2610650491168,15.8310880613436,0.976268882998557,81.9392428609391,4.33525432939544,,282780717.0
AFW,Africa Western and Central,2002,10.1654187588024,32.1522074381645,15.3146654350136,1.02065757166938,81.7355279822687,4.31118576271569,,290841795.0
AFW,Africa Western and Central,2003,10.3607227569099,33.0698784405546,20.5858348426407,1.04638513115791,80.7104497731199,4.29009465079945,,299142845.0
AFW,Africa Western and Central,2004,10.3074544925921,34.0186363143919,16.824446658545,1.12623575542639,80.7905367283385,4.28178756225288,,307725100.0
AFW,Africa Western and Central,2005,10.4436922741875,34.9984717735784,17.0697968924756,1.15158864335272,80.9340336358309,4.27598027572357,,316588476.0
AFW,Africa Western and Central,2006,10.462377174771,36.0016668545996,17.7135852229178,1.21901803851552,81.8733098332193,4.25821954267935,,325663158.0
AFW,Africa Western and Central,2007,10.5715878343272,37.0320940814391,17.2164417040851,1.24297199506895,82.3300149481968,4.16165310014369,,334984176.0
AFW,Africa Western and Central,2008,10.7414767549067,38.0935761205778,19.0397913607526,1.30327980786754,81.2111702741465,4.13700744951664,,344586109.0
AFW,Africa Western and Central,2009,10.917046092211,39.1722818817172,18.357811670638,1.37190369487168,82.3902132632194,4.09483117054402,,354343844.0
AFW,Africa Western and Central,2010,10.9976501971085,40.2793645213569,20.2782040194301,1.43693213712148,80.6878062215966,4.08049977033311,,364358270.0
AFW,Africa Western and Central,2011,11.0836283217147,41.4325954201849,21.3756654103361,1.52531436183593,79.282287064176,4.09537065819747,,374790143.0
AFW,Africa Western and Central,2012,11.2763862375605,42.601118864266,18.6003388877761,1.65816340730411,78.4812300030604,4.04143530731458,,385360349.0
AFW,Africa Western and Central,2013,11.5484841439876,43.780658715998,22.5521377767947,1.8257283947432,76.7014987422216,3.97268205534734,,396030207.0
AFW,Africa Western and Central,2014,11.6531017004614,44.992476823447,21.9220006417219,2.05294338102046,75.7410088804396,3.96247631392389,,406992047.0
AFW,Africa Western and Central,2015,11.7971011786712,46.2235257766605,22.4001782995797,2.26694880208113,76.181670524591,3.92574616307187,,418127845.0
AFW,Africa Western and Central,2016,11.9381470365187,47.4757006029331,26.6925275200336,2.57647731385899,75.7968398295924,3.86650251632155,,429454743.0
AFW,Africa Western and Central,2017,12.0681629887085,48.7390701520488,22.953401138195,2.93251610837009,76.1016805879549,3.80962613254534,,440882906.0
AFW,Africa Western and Central,2018,12.2153346532858,49.9897095662287,28.0174094646131,3.33566939899527,75.4765777368905,3.69721237514086,,452195915.0
AFW,Africa Western and Central,2019,12.3041472077621,51.2245254219844,26.2513583848746,3.85019758556093,75.0787881678252,3.59345077236622,,463365429.0
AFW,Africa Western and Central,2020,12.3280223353015,52.4631237583976,24.688796606346,4.41160052417747,75.846980103796,3.55739446387727,,474569351.0
AFW,Africa Western and Central,2021,12.4102266550355,53.7180180179184,25.8090354912933,4.94508315466629,,3.53781892439052,,485920997.0
AFW,Africa Western and Central,2022,12.4465518535564,54.9855916127898,25.059746871872,5.50534251829554,,3.5182163733306,,497387180.0
ALB,Albania,1990,21.1313868613139,119.946788321168,100.0,,25.5,2.72284755512314,29723987.809441,3286542.0
ALB,Albania,1991,21.0948905109489,119.225912408759,100.0,,33.0,0.464939726578813,39469374.6196225,3266790.0
ALB,Albania,1992,21.0948905109489,118.505072992701,100.0,,46.8,0.588174641376634,42081609.0705863,3247039.0
ALB,Albania,1993,21.0583941605839,117.784197080292,100.0,,51.1,0.69715874344182,5729111.95564276,3227287.0
ALB,Albania,1994,21.0583941605839,117.063357664234,100.0,,51.4,0.792534633518258,4365028.09207935,3207536.0
ALB,Albania,1995,21.0583941605839,116.342481751825,100.0,,50.6,0.874399838398298,4385514.8353061,3187784.0
ALB,Albania,1996,21.0583941605839,115.621642335766,100.0,,51.6,0.943126328621481,4613975.72535723,3168033.0
ALB,Albania,1997,21.0948905109489,114.900766423358,100.0,,55.9,0.999410033915252,4462941.4948999,3148281.0
ALB,Albania,1998,21.0583941605839,114.179927007299,100.0,,49.9,1.04375737784511,3008677.37867847,3128530.0
ALB,Albania,1999,21.0583941605839,113.459051094891,100.0,,42.6,1.07671620101168,2589467.91767526,3108778.0
ALB,Albania,2000,21.0948905109489,112.738211678832,100.0,17.1,41.4,1.09893665605738,4407411.41443241,3089027.0
ALB,Albania,2001,21.0948905109489,111.685145985401,100.0,19.2,39.0,0.82632164926655,2456982.59952315,3060173.0
ALB,Albania,2002,21.0948905109489,111.350729927007,100.0,21.1,35.8,1.56561907044502,2893690.02341859,3051010.0
ALB,Albania,2003,21.0948905109489,110.934890510949,100.0,24.1,33.7,1.63889251927365,3535170.70885232,3039616.0
ALB,Albania,2004,21.0948905109489,110.472226277372,100.0,26.5,35.8,1.7145393700869,3879499.85979038,3026939.0
ALB,Albania,2005,19.6350364963504,109.908284671533,100.0,29.2,36.8,1.72029839491102,3863246.47280198,3011487.0
ALB,Albania,2006,21.3138686131387,109.21704379562,100.0,32.3,31.6,1.68233023825186,4817655.86226446,2992547.0
ALB,Albania,2007,21.0948905109489,108.394781021898,100.0,35.4,32.0,1.62111224543769,7983620.52035772,2970017.0
ALB,Albania,2008,22.2627737226277,107.566204379562,100.0,38.6,35.8,1.65682804141033,8980120.67581598,2947314.0
ALB,Albania,2009,22.2262773722628,106.843759124088,100.0,41.65,37.1,1.78260194375695,9010111.18401143,2927519.0
ALB,Albania,2010,22.8467153284672,106.314635036496,100.0,44.2,37.0,1.97859268141243,7868992.22112283,2913021.0
ALB,Albania,2011,22.7007299270073,106.02901459854,100.0,47.2,35.8,2.41275942237856,27102197.7961183,2905195.0
ALB,Albania,2012,22.5948905109489,104.405401459854,99.9,50.1,39.9,-0.475477035550876,22486375.4559551,2860708.0
ALB,Albania,2013,22.521897810219,102.806642335766,99.8,52.5,41.1,-0.740231219590145,21100579.4041581,2816902.0
ALB,Albania,2014,22.4671532846715,101.232372262774,99.9,55.1,38.6,-0.745949138851179,22389904.4489697,2773767.0
ALB,Albania,2015,22.4489051094891,99.6822262773723,100.0,57.3,38.5,-0.768944889658625,21790468.1980577,2731293.0
ALB,Albania,2016,22.6386861313869,98.155802919708,99.7,59.7,39.4,-0.79189609231711,18624861.5712389,2689469.0
ALB,Albania,2017,22.3357664233577,96.6527372262774,99.7,61.7,36.9,-0.814539434305938,23881050.0340064,2648285.0
ALB,Albania,2018,22.311897810219,95.1727372262774,100.0,63.4,37.8,-0.836872014010015,21226969.6859988,2607733.0
ALB,Albania,2019,22.2627737226277,93.7153649635036,100.0,65.7,40.1,-0.859232828535257,21261516.3258732,2567801.0
ALB,Albania,2020,21.8832116788321,92.2802919708029,100.0,67.4,44.4,-0.881282752690579,20308413.1606433,2528480.0
ALB,Albania,2021,21.8941605839416,90.8672262773723,100.0,69.1,41.9,-0.903155690630907,25282157.8798906,2489762.0
ALB,Albania,2022,21.8284671532847,89.4757664233577,100.0,70.85,,-0.924920325935713,,2451636.0
DZA,Algeria,1990,2.97303651951934,10.6543157523491,,,0.2,4.01272806163677,0.0,25375810.0
DZA,Algeria,1991,3.04819165819947,10.9113202952463,,,0.3,3.87796165528778,0.0,25987928.0
DZA,Algeria,1992,3.17498971340281,11.1803001167214,,,0.3,3.89458653849489,0.0,26628568.0
DZA,Algeria,1993,3.16281374121441,11.4525716492984,,,0.5,3.83448247281367,0.0,27277048.0
DZA,Algeria,1994,3.1393015190575,11.7087839142812,,,0.4,3.61379977275574,0.0,27887279.0
DZA,Algeria,1995,3.15693568567518,11.9535259936013,,,0.4,3.44656225050629,0.0,28470191.0
DZA,Algeria,1996,3.15777540789507,12.1898460789171,,,0.4,3.3156168109275,0.0,29033044.0
DZA,Algeria,1997,3.21193749107795,12.4191981492522,,,0.5,3.20526641575509,0.0,29579301.0
DZA,Algeria,1998,3.21655596328734,12.6185616398096,,,0.5,2.92020532509916,0.0,30054133.0
DZA,Algeria,1999,3.22159429660668,12.7949960952917,,,0.5,2.69991401697773,0.0,30474354.0
DZA,Algeria,2000,3.21697582439729,12.9753428165963,97.4,92.6,0.4,2.690555724532,0.0,30903893.0
DZA,Algeria,2001,3.18380679671165,13.1547612249868,97.4,93.4,0.4,2.64432292195359,0.0,31331221.0
DZA,Algeria,2002,3.16869179675363,13.3309408247752,97.4,94.1,0.5,2.58213808067625,0.0,31750835.0
DZA,Algeria,2003,3.15051181069302,13.5093746588628,97.4,94.8,0.5,2.56263039448902,0.0,32175818.0
DZA,Algeria,2004,3.14601929681661,13.6993483755574,97.4,95.4,0.4,2.6112559050635,0.0,32628286.0
DZA,Algeria,2005,3.15357679679562,13.9012860345798,97.4,95.9,0.6,2.66042812445488,0.0,33109249.0
DZA,Algeria,2006,3.13636249128788,14.1172025493967,97.4,96.3,0.4,2.72118821083371,0.0,33623506.0
DZA,Algeria,2007,3.13594263017794,14.3548061501255,97.4,96.7,0.4,2.83225069291589,0.0,34189416.0
DZA,Algeria,2008,3.14433985237683,14.6182878903659,97.9,97.1,0.3,2.93644506601372,0.0,34816961.0
DZA,Algeria,2009,3.14601929681661,14.901057630136,97.4,97.4,0.3,2.8346221345593,0.0,35490445.0
DZA,Algeria,2010,3.14979804680612,15.1940329339055,97.5,97.6,0.3,2.86565199964367,0.0,36188236.0
DZA,Algeria,2011,3.14979804680612,15.4942924080714,97.6,97.9,0.2,2.86288407843621,0.0,36903376.0
DZA,Algeria,2012,3.15168742180087,15.8061610419273,97.7,98.1,0.2,2.88602241172015,0.0,37646166.0
DZA,Algeria,2013,3.14736285236844,16.1286164736705,97.8,98.2,0.1,2.89981288675777,0.0,38414171.0
DZA,Algeria,2014,3.13611057462191,16.4606678310815,97.9,98.4,0.1,2.90504768262655,0.0,39205031.0
DZA,Algeria,2015,3.13304427307587,16.8026368106356,98.1,98.5,0.1,2.9101879451251,0.0,40019529.0
DZA,Algeria,2016,3.10873432501687,17.1516218598076,98.3,98.6,0.1,2.89623687610993,0.0,40850721.0
DZA,Algeria,2017,3.13670004421136,17.5037080018356,98.6,98.8,0.1,2.85900986820642,0.0,41689299.0
DZA,Algeria,2018,3.14925241661457,17.846203680417,98.9,98.8,0.2,2.75114136393457,0.0,42505035.0
DZA,Algeria,2019,3.16197401899452,18.1776961381175,98.7,98.9,0.2,2.63993767594076,0.0,43294546.0
DZA,Algeria,2020,3.16197401899452,18.4915612115512,99.1,98.9,0.1,2.49750261880048,0.0,44042091.0
DZA,Algeria,2021,3.16197401899452,18.7934447084904,99.3,99.0,0.1,2.39088665245616,0.0,44761099.0
DZA,Algeria,2022,3.16197401899452,19.0941870229328,99.3,99.1,,2.34491522475834,,45477389.0
ASM,American Samoa,1990,3.2,233.2,,,0.0,4.8597722594666,,46640.0
ASM,American Samoa,1991,3.25,239.41,,,0.0,4.50201212475137,,47882.0
ASM,American Samoa,1992,3.35,245.19,,,0.0,4.47893300066626,,49038.0
ASM,American Samoa,1993,3.4,250.795,,,0.0,4.43550195483488,,50159.0
ASM,American Samoa,1994,3.45,256.255,,,0.0,4.30637565913775,,51251.0
ASM,American Samoa,1995,3.5,261.58,,,0.0,4.08760432693954,,52316.0
ASM,American Samoa,1996,3.55,266.765,,,0.0,3.78473632780485,,53353.0
ASM,American Samoa,1997,3.6,271.81,,,0.0,3.39709358908003,,54362.0
ASM,American Samoa,1998,3.65,276.67,,,0.0,2.91999165520381,,55334.0
ASM,American Samoa,1999,3.75,281.24,,,0.0,2.32797964988941,,56248.0
ASM,American Samoa,2000,3.8,284.275,,,0.0,1.23632200775277,,56855.0
ASM,American Samoa,2001,3.85,285.265,,,0.0,0.285431313707099,,57053.0
ASM,American Samoa,2002,3.9,285.31,,,0.0,-0.118830719837539,,57062.0
ASM,American Samoa,2003,3.95,284.855,,,0.0,-0.359330563421029,,56971.0
ASM,American Samoa,2004,4.0,284.09,,,0.0,-0.520434669850488,,56818.0
ASM,American Samoa,2005,4.05,283.085,,,0.0,-0.645823460529093,,56617.0
ASM,American Samoa,2006,4.1,281.87,,,0.0,-0.75133654461307,,56374.0
ASM,American Samoa,2007,4.15,280.565,,,0.0,-0.801974621338142,,56113.0
ASM,American Samoa,2008,4.2,279.14,,,0.0,-0.855855070740714,,55828.0
ASM,American Samoa,2009,4.25,277.64,,,0.0,-0.881956774783532,,55528.0
ASM,American Samoa,2010,4.3,276.14,,,0.0,-0.870923728474964,,55228.0
ASM,American Samoa,2011,4.35,274.475,,,0.0,-0.942081005710455,,54895.0
ASM,American Samoa,2012,4.4,272.445,,,0.1,-1.10507773081383,,54489.0
ASM,American Samoa,2013,4.45,270.03,,,0.2,-1.27777301685301,,54006.0
ASM,American Samoa,2014,4.5,267.33,,,0.2,-1.41521067330287,,53466.0
ASM,American Samoa,2015,4.55,264.39,,,0.2,-1.53821907884826,,52878.0
ASM,American Samoa,2016,4.6,261.225,,,0.2,-1.65758361319708,,52245.0
ASM,American Samoa,2017,4.65,257.93,,,0.3,-1.74096711951499,,51586.0
ASM,American Samoa,2018,4.7,254.54,,,0.3,-1.81416158586626,,50908.0
ASM,American Samoa,2019,4.75,251.045,,,0.4,-1.89083758710419,,50209.0
ASM,American Samoa,2020,4.8,248.805,,,0.4,-1.41520909097095,,49761.0
ASM,American Samoa,2021,4.85,246.125,,,0.4,-1.5836769501851,,49225.0
ASM,American Samoa,2022,4.85,241.71,,,0.4,-2.31981406536308,,48342.0
AND,Andorra,1990,2.12765957446809,111.908510638298,100.0,,14.1,3.26473885406239,,52597.0
AND,Andorra,1991,2.12765957446809,120.568085106383,100.0,,14.1,6.9754959645288,,56667.0
AND,Andorra,1992,2.12765957446809,128.085106382979,100.0,,14.1,5.72675543584744,,60200.0
AND,Andorra,1993,2.12765957446809,134.621276595745,100.0,,13.7,4.70764470690771,,63272.0
AND,Andorra,1994,2.12765957446809,137.472340425532,100.0,,14.4,1.86705934484215,,64612.0
AND,Andorra,1995,2.12765957446809,135.982978723404,100.0,,14.3,-1.2938859165417,,63912.0
AND,Andorra,1996,2.12765957446809,136.136170212766,100.0,,13.9,-0.0838377620829518,,63984.0
AND,Andorra,1997,2.12765957446809,137.659574468085,100.0,,14.0,0.911723382594904,,64700.0
AND,Andorra,1998,2.12765957446809,139.110638297872,100.0,,14.2,0.827682261885077,,65382.0
AND,Andorra,1999,2.12765957446809,139.808510638298,100.0,,14.3,0.243685700330425,,65710.0
AND,Andorra,2000,2.12765957446809,139.755319148936,100.0,100.0,14.5,-0.345947003342152,,65685.0
AND,Andorra,2001,1.59574468085106,140.110638297872,100.0,100.0,15.4,-0.137062103975066,,65852.0
AND,Andorra,2002,1.80851063829787,141.502127659574,100.0,100.0,15.8,0.514250115504874,,66506.0
AND,Andorra,2003,1.82978723404255,147.842553191489,100.0,100.0,16.5,3.86502065570581,,69486.0
AND,Andorra,2004,1.72340425531915,158.13829787234,100.0,100.0,16.6,6.21195849625123,,74325.0
AND,Andorra,2005,1.70212765957447,164.725531914894,100.0,100.0,16.6,3.46073492748083,,77421.0
AND,Andorra,2006,1.65957446808511,169.329787234043,100.0,100.0,17.6,2.11263957414195,,79585.0
AND,Andorra,2007,1.63829787234043,174.206382978723,100.0,100.0,16.6,2.47022133825741,,81877.0
AND,Andorra,2008,1.61702127659574,177.648936170213,100.0,100.0,17.0,1.83463955941156,,83495.0
AND,Andorra,2009,1.63829787234043,178.485106382979,100.0,100.0,17.1,0.36158140354984,,83888.0
AND,Andorra,2010,1.63829787234043,171.714893617021,100.0,100.0,18.7,-3.96179475482668,,80706.0
AND,Andorra,2011,1.63829787234043,165.495744680851,100.0,100.0,18.6,-3.76946916853388,,77783.0
AND,Andorra,2012,1.61702127659574,163.476595744681,100.0,100.0,18.8,-1.29559303383221,,76834.0
AND,Andorra,2013,1.72340425531915,159.987234042553,100.0,100.0,19.1,-2.2108468869055,,75194.0
AND,Andorra,2014,1.70212765957447,156.887234042553,100.0,100.0,19.4,-1.99858052540775,,73737.0
AND,Andorra,2015,1.72340425531915,153.56170212766,100.0,100.0,19.0,-2.1722987391862,,72174.0
AND,Andorra,2016,1.74468085106383,153.576595744681,100.0,100.0,18.9,-0.0078266246156032,,72181.0
AND,Andorra,2017,1.74468085106383,156.942553191489,100.0,100.0,18.0,2.16327603505452,,73763.0
AND,Andorra,2018,1.75425531914894,159.91914893617,100.0,100.0,17.6,1.88923928968242,,75162.0
AND,Andorra,2019,1.6831914893617,162.710638297872,100.0,100.0,17.2,1.76563257133718,,76474.0
AND,Andorra,2020,1.63595744680851,164.63829787234,100.0,100.0,20.9,1.23734708455524,,77380.0
AND,Andorra,2021,1.59063829787234,166.731914893617,100.0,100.0,18.4,1.34463600060865,,78364.0
AND,Andorra,2022,1.59063829787234,169.585106382979,100.0,100.0,18.7,1.8000514552126,,79705.0
AGO,Angola,1990,2.3261410122724,9.32570786877356,,,72.3,7.06372232332289,111997294.847692,11626360.0
AGO,Angola,1991,2.36624689179434,9.64428411005053,,,71.9,6.83117933218807,107458260.058866,12023529.0
AGO,Angola,1992,2.40635277131627,9.96527793374509,,,72.7,6.54595886870449,113247724.244909,12423712.0
AGO,Angola,1993,2.40635277131627,10.2888706184327,,,71.3,6.26616964445001,114399363.296518,12827135.0
AGO,Angola,1994,2.40635277131627,10.6278687735622,,,72.2,6.11013783850842,126027731.810816,13249764.0
AGO,Angola,1995,2.40635277131627,10.9888329189059,,,73.8,6.11733388317237,165368313.888399,13699778.0
AGO,Angola,1996,2.40635277131627,11.3667867169327,,,72.9,6.15784937537524,160150629.54753,14170973.0
AGO,Angola,1997,2.40635277131627,11.759375150397,,,73.4,6.14053096146796,148676788.228884,14660413.0
AGO,Angola,1998,2.40635277131627,12.1595973369696,,,76.4,6.03369828745709,155190464.892459,15159370.0
AGO,Angola,1999,2.40635277131627,12.5669647870378,,,72.8,5.90003323356447,130297720.803576,15667235.0
AGO,Angola,2000,2.40635277131627,12.9901892997513,3.5,7.2,73.8,5.81332913270952,130802056.523704,16194869.0
AGO,Angola,2001,2.40635277131627,13.4332301275367,9.5,7.2,72.8,5.73163358353889,126651350.178676,16747208.0
AGO,Angola,2002,2.48656453036015,13.8988521697281,2.8,7.2,70.8,5.64462250840875,151447585.52963,17327699.0
AGO,Angola,2003,2.6469880484479,14.392967032967,2.3,7.2,65.6,5.57341954263671,205793322.440051,17943712.0
AGO,Angola,2004,2.6469880484479,14.9197264779017,1.7,7.3,62.3,5.50223295731547,161148746.139409,18600423.0
AGO,Angola,2005,2.6469880484479,15.4737795780861,1.0,7.3,68.9,5.36719121043528,185848436.080346,19291161.0
AGO,Angola,2006,2.6469880484479,16.0546073634395,0.7,7.3,62.6,5.26853898942941,206717569.26674,20015279.0
AGO,Angola,2007,2.72719980749178,16.6668492821048,,7.3,58.9,5.24729216790819,266210159.642109,20778561.0
AGO,Angola,2008,2.72719980749178,17.3086187535093,6.6,7.2,55.4,5.20293269221403,356614890.070962,21578655.0
AGO,Angola,2009,3.20847036175503,17.9792837089917,,7.3,53.0,5.14498291018555,331320506.44123,22414773.0
AGO,Angola,2010,3.36889387984278,18.6851888986925,,7.3,53.1,5.11210771678984,319002721.279308,23294825.0
AGO,Angola,2011,3.76995267506216,19.4259661506377,,7.3,51.7,5.06528893008459,365256665.031162,24218352.0
AGO,Angola,2012,3.76995267506216,20.1952306088073,,7.4,49.0,4.97592832005976,416840546.276997,25177394.0
AGO,Angola,2013,3.88625972567578,20.9879040667362,,7.5,46.8,4.85591199730458,439641149.156909,26165620.0
AGO,Angola,2014,4.01860912809818,21.7861305847437,,7.6,47.5,4.67751677790276,462159794.579689,27160769.0
AGO,Angola,2015,4.11085265099864,22.5858650838213,3.8,7.7,47.1,4.86073952875732,459213121.377227,28157798.0
AGO,Angola,2016,4.28892275607604,23.4082537900056,,7.7,48.1,4.80252986936282,487417634.428204,29183070.0
AGO,Angola,2017,4.28731852089516,24.2518962059838,,7.9,52.5,4.75534049674966,526373892.56387,30234839.0
AGO,Angola,2018,4.28571428571429,25.1039985561883,7.3,7.8,52.5,4.6569307143155,443000046.964412,31297155.0
AGO,Angola,2019,4.28491216812385,25.969063928772,,8.0,51.0,4.58087613993067,401262714.187628,32375632.0
AGO,Angola,2020,4.28330793294297,26.8317413972888,,8.1,60.1,4.45055498779966,428388245.729135,33451132.0
AGO,Angola,2021,4.28972487366648,27.6990687414775,,8.2,52.9,4.35382721450146,458784516.734902,34532429.0
AGO,Angola,2022,4.31940322451271,28.5834835966953,,8.3,,4.30572726239665,,35635029.0
ATG,Antigua and Barbuda,1990,9.09090909090909,143.331818181818,93.4386347880213,,0.0,-0.321170764075228,,63066.0
ATG,Antigua and Barbuda,1991,9.09090909090909,144.061363636364,93.7098652152215,,0.0,0.534712975304462,,63387.0
ATG,Antigua and Barbuda,1992,9.09090909090909,146.372727272727,94.0200279031483,,0.0,1.38578500830053,,64404.0
ATG,Antigua and Barbuda,1993,9.09090909090909,149.061363636364,94.3252592019729,,0.0,1.29764503213641,,65587.0
ATG,Antigua and Barbuda,1994,9.09090909090909,151.915909090909,94.624883549818,,0.0,1.1014653997517,,66843.0
ATG,Antigua and Barbuda,1995,9.09090909090909,154.975,94.9178518936987,,0.0,0.96664367564705,,68189.0
ATG,Antigua and Barbuda,1996,9.09090909090909,158.209090909091,95.2032694015414,,0.0,0.843993700500219,,69612.0
ATG,Antigua and Barbuda,1997,9.09090909090909,161.484090909091,95.480255585198,,0.0,0.686798629112254,,71053.0
ATG,Antigua and Barbuda,1998,9.09090909090909,164.572727272727,95.7479582817867,,0.0,0.424788244953569,,72412.0
ATG,Antigua and Barbuda,1999,9.09090909090909,167.422727272727,96.0055251493441,,0.0,0.195130114018247,,73666.0
ATG,Antigua and Barbuda,2000,9.09090909090909,170.254545454545,96.6,100.0,0.0,0.149204271711606,,74912.0
ATG,Antigua and Barbuda,2001,9.09090909090909,172.884090909091,96.7,100.0,0.0,0.0414061535459097,,76069.0
ATG,Antigua and Barbuda,2002,9.09090909090909,175.072727272727,100.0,100.0,0.0,-0.414835075942676,,77032.0
ATG,Antigua and Barbuda,2003,9.09090909090909,177.009090909091,97.0,100.0,0.0,-0.931327076616692,,77884.0
ATG,Antigua and Barbuda,2004,9.09090909090909,178.906818181818,97.1,100.0,0.0,-1.23275931066152,,78719.0
ATG,Antigua and Barbuda,2005,9.09090909090909,180.934090909091,100.0,100.0,0.0,-1.34712409898798,,79611.0
ATG,Antigua and Barbuda,2006,9.09090909090909,183.190909090909,100.0,100.0,0.0,-1.32624489770272,,80604.0
ATG,Antigua and Barbuda,2007,9.09090909090909,185.690909090909,100.0,100.0,0.0,-1.19383440369404,,81704.0
ATG,Antigua and Barbuda,2008,9.09090909090909,188.436363636364,100.0,100.0,0.0,-0.944930838165184,,82912.0
ATG,Antigua and Barbuda,2009,9.09090909090909,191.302272727273,98.0,100.0,0.0,-0.648409203016915,,84173.0
ATG,Antigua and Barbuda,2010,9.09090909090909,193.909090909091,98.2,100.0,0.0,-0.413595266798976,,85320.0
ATG,Antigua and Barbuda,2011,9.09090909090909,196.209090909091,92.7,100.0,0.1,-0.0675964965690748,,86332.0
ATG,Antigua and Barbuda,2012,9.09090909090909,198.318181818182,100.0,100.0,0.1,0.135147331138841,,87260.0
ATG,Antigua and Barbuda,2013,9.09090909090909,200.145454545455,100.0,100.0,0.1,0.0944945735937835,,88064.0
ATG,Antigua and Barbuda,2014,9.09090909090909,201.738636363636,100.0,100.0,0.1,0.166273490728923,,88765.0
ATG,Antigua and Barbuda,2015,9.09090909090909,203.202272727273,100.0,100.0,0.4,0.363041879589354,,89409.0
ATG,Antigua and Barbuda,2016,9.09090909090909,204.475,100.0,100.0,0.4,0.321601134788121,,89969.0
ATG,Antigua and Barbuda,2017,9.09090909090909,205.609090909091,100.0,100.0,0.4,0.253869415938506,,90468.0
ATG,Antigua and Barbuda,2018,9.09090909090909,206.65,100.0,100.0,0.7,0.21772464222807,,90926.0
ATG,Antigua and Barbuda,2019,9.09090909090909,207.645454545455,100.0,100.0,0.7,0.199534485889597,,91364.0
ATG,Antigua and Barbuda,2020,9.09090909090909,208.740909090909,100.0,100.0,0.9,0.247754849556015,,91846.0
ATG,Antigua and Barbuda,2021,9.09090909090909,209.884090909091,100.0,100.0,0.9,0.282398810981951,,92349.0
ATG,Antigua and Barbuda,2022,9.09090909090909,211.0,100.0,100.0,0.9,0.268421097997195,,92840.0
ARB,Arab World,1990,3.52716958907867,19.8643640183701,,,7.55675254664473,4.2762558725096,,223184294.0
ARB,Arab World,1991,3.58619724725691,20.3287904643631,,,7.48136495064073,3.0342344877725,,228402316.0
ARB,Arab World,1992,3.65557671975379,20.855592010667,53.9476123139029,,7.13008316970771,3.44926172628893,,234321565.0
ARB,Arab World,1993,3.71487128531162,21.44343238813,56.0940476125189,,6.88176292261053,3.37966275650847,,240926205.0
ARB,Arab World,1994,3.66004632132047,22.0397877037383,57.3898305364461,,7.04010373047707,3.25674327321012,,247626514.0
ARB,Arab World,1995,3.65018034466146,22.6028301005987,57.1290656832336,,6.91827670984717,2.95969675362796,,253952538.0
ARB,Arab World,1996,3.65999003509523,23.1614720432176,59.4592969020564,,6.97932720704386,2.92096082291694,,260229121.0
ARB,Arab World,1997,3.63112786683484,23.7254078637482,60.3190638083941,,7.00524822122692,2.9235794873271,,266565183.0
ARB,Arab World,1998,3.61198953560393,24.3065173912776,61.7837599811474,,6.85543054731247,2.91677305988123,,273094199.0
ARB,Arab World,1999,3.5960213631324,24.8953185685534,62.7546325297948,,6.84237456096337,2.89120439869612,,279709634.0
ARB,Arab World,2000,3.55733407111841,25.5039700746683,68.6768838973541,59.3167152142233,6.68620917917034,2.94773640418082,,286548096.0
ARB,Arab World,2001,3.52402019112573,26.1298611508539,70.3406380268113,62.0185179228091,6.51598735228951,2.98871569160539,,293580252.0
ARB,Arab World,2002,3.53158487645022,26.7627925444071,69.9362893187362,64.5116450541514,6.35988226243436,2.96944930804374,,300691509.0
ARB,Arab World,2003,3.57201636171724,27.3972610847768,71.7901607587703,66.5076990260156,6.46595494634639,2.92293803252686,,307815105.0
ARB,Arab World,2004,3.51957021660684,28.0421467594687,68.0546300688439,68.2416769131679,6.74118351399042,2.90897191648749,,315060277.0
ARB,Arab World,2005,3.47011794396049,28.7157314954512,69.7071371272561,69.6582401863632,6.40448670890967,2.96479546119799,,322628451.0
ARB,Arab World,2006,3.48166497571807,29.4185278894372,73.3491420218384,70.9102111866487,6.19564709639159,3.02720990985532,,330526310.0
ARB,Arab World,2007,3.48348310343505,30.1680454274111,70.1464897763457,71.8866084088807,5.60004577861799,3.14715788466375,,338947976.0
ARB,Arab World,2008,3.41042889574958,30.9456223002043,69.9002851845606,72.7275625102505,5.13130870182265,3.19538207613798,,347684619.0
ARB,Arab World,2009,3.38375815500117,31.7272353692493,70.8610333930192,73.3996200659222,5.05522238152558,3.10168279831377,,356386673.0
ARB,Arab World,2010,3.40070629618218,32.3666218189319,74.5640278713902,73.9827287943025,4.83562159152557,2.41425299197626,,363568534.0
ARB,Arab World,2011,3.40689153256865,33.1221072734311,74.8129321651712,74.6192117608698,4.65946283874801,3.13139130415729,,372054934.0
ARB,Arab World,2012,4.46562292880505,29.0844280794096,73.8335245553146,75.0558589390102,4.44428218260031,3.64048582086429,,381030177.0
ARB,Arab World,2013,4.48876012841816,29.8423825738577,79.6572800596119,75.2888502608784,4.48323739439238,3.99464429285005,,390954281.0
ARB,Arab World,2014,4.44714109058266,30.550772641086,78.2012267417848,75.6231434227419,4.35137245136187,3.12904268472787,,400231008.0
ARB,Arab World,2015,4.47266572003815,31.3110035717644,78.978926685656,75.9614605383499,4.21496941236506,3.0146297495571,,410190679.0
ARB,Arab World,2016,4.5377507732703,32.0451442075354,80.0046754436517,76.3526891508491,4.29077756155343,2.67784967674137,,419808341.0
ARB,Arab World,2017,4.59605984643369,32.6945464038478,82.9401387076972,76.6875884235784,4.3581617981618,2.20858478817555,,428315886.0
ARB,Arab World,2018,4.58637067147217,33.2809532562352,84.1869568996095,76.9650554219647,4.50425823426351,1.95442884567276,,435998060.0
ARB,Arab World,2019,4.52832808316968,33.9131958947659,84.0353382124263,77.2126496041354,4.70633158020559,2.07165699464666,,444281315.0
ARB,Arab World,2020,4.61424842577208,34.6339103040644,82.3523763177403,77.4043413584692,5.17060073389405,2.43125571452032,,453723239.0
ARB,Arab World,2021,4.57290879725056,35.1623623846891,82.6857648582543,77.5353923943509,,1.55247289141568,,460646603.0
ARB,Arab World,2022,4.56415501215242,35.9918336255039,82.7801210332606,77.6731757586235,,2.67133435385459,,471352066.0
ARG,Argentina,1990,9.71063584110732,11.9691674979629,78.8945883201315,,8.6,1.87556162718009,0.0,32755901.0
ARG,Argentina,1991,9.74900335807125,12.1425130358206,79.2542709682829,,8.4,1.7770354292427,0.0,33230294.0
ARG,Argentina,1992,9.78737087503517,12.3117806547325,79.7786350872369,,9.0,1.68954962844834,0.0,33693527.0
ARG,Argentina,1993,9.82573839199909,12.4795709415389,80.3337006585459,,9.7,1.6380775912129,0.0,34152717.0
ARG,Argentina,1994,9.86520212373342,12.647940029744,80.9358863354632,,10.0,1.60629362729841,0.0,34613491.0
ARG,Argentina,1995,9.90430045054427,12.8147579740489,81.608093422829,,10.2,1.56098954374704,0.0,35070020.0
ARG,Argentina,1996,9.94339877735513,12.9769148131502,82.3698768370974,,8.6,1.49542228143591,0.0,35513793.0
ARG,Argentina,1997,9.98286250908945,13.1354998191246,83.247062020095,,9.7,1.44265104449888,0.0,35947791.0
ARG,Argentina,1998,10.0212300260534,13.2908221245373,84.2638406906497,,9.6,1.39626488487616,0.0,36372860.0
ARG,Argentina,1999,10.0603283528642,13.4449579601636,85.4318646348945,,8.8,1.36920377308898,0.0,36794682.0
ARG,Argentina,2000,10.0997920845985,13.5981729753827,91.8,77.6,9.8,1.34737382914344,0.0,37213984.0
ARG,Argentina,2001,10.1385250064859,13.7482962995443,88.6,80.1,11.5,1.31332212006024,0.0,37624825.0
ARG,Argentina,2002,10.180911977608,13.8961113608045,92.6,82.2,11.6,1.28555793668095,0.0,38029349.0
ARG,Argentina,2003,10.8993711381267,14.0404218234436,92.9,84.3,10.8,1.24595059100681,0.0,38424282.0
ARG,Argentina,2004,11.6178302986454,14.1835268152403,93.2,86.2,9.3,1.22249144364105,0.0,38815916.0
ARG,Argentina,2005,12.3476170117916,14.3300077831249,93.4,87.7,9.6,1.23144270883711,0.0,39216789.0
ARG,Argentina,2006,13.0020206892268,14.4781158991336,93.6,89.1,9.2,1.22777387763405,0.0,39622115.0
ARG,Argentina,2007,13.5144645538954,14.6223222213696,93.8,90.6,7.7,1.18613134853839,0.0,40016763.0
ARG,Argentina,2008,13.0216794741092,14.7711827061158,94.0,92.0,7.7,1.20338998232365,0.0,40424148.0
ARG,Argentina,2009,12.6030715937867,14.9285563947689,94.2,92.8,8.6,1.24570930115813,0.0,40854831.0
ARG,Argentina,2010,13.8865198469684,15.0870920710786,98.6,93.8,8.8,1.24568014237339,0.0,41288694.0
ARG,Argentina,2011,14.1143132762571,15.2485886234831,97.8,94.4,8.8,1.19019303632813,0.0,41730660.0
ARG,Argentina,2012,14.4784027419985,15.4061004351973,96.1,95.3,8.6,1.13395408758061,0.0,42161721.0
ARG,Argentina,2013,14.3937749617238,15.5598387102668,95.4,95.7,8.9,1.0996181152745,0.0,42582455.0
ARG,Argentina,2014,14.2425068604774,15.7212073709481,100.0,96.3,9.8,1.13692628317335,0.0,43024071.0
ARG,Argentina,2015,14.7452706006161,15.8867142423877,97.6,96.5,9.4,1.15089236473826,0.0,43477012.0
ARG,Argentina,2016,14.6285035937574,16.0413905118958,99.3,96.9,9.4,1.07092245651493,0.0,43900313.0
ARG,Argentina,2017,14.7534014813516,16.1833799224611,100.0,97.3,10.4,0.981564518342997,0.0,44288894.0
ARG,Argentina,2018,14.6823352297849,16.3171137395905,99.9,97.5,10.5,0.921517466894255,0.0,44654882.0
ARG,Argentina,2019,14.9267911235836,16.4335255363231,100.0,97.8,10.7,0.807610964891665,0.0,44973465.0
ARG,Argentina,2020,15.3214284409268,16.5133665121004,100.0,97.8,9.8,0.579460817835625,0.0,45191965.0
ARG,Argentina,2021,15.4306845130431,16.5573305708721,100.0,98.1,9.2,0.358692838886458,0.0,45312281.0
ARG,Argentina,2022,15.7485867964585,16.5922716858687,100.0,98.2,,0.301564724860101,,45407904.0
ARM,Armenia,1990,,,,,2.1,2.99118361984725,,3552128.0
ARM,Armenia,1991,,,,,2.3,1.47967624843642,,3613977.0
ARM,Armenia,1992,14.8577449947313,125.460519845451,,,6.7,-1.51331527867719,,3571861.0
ARM,Armenia,1993,15.2089919213207,121.29722514928,,,12.9,-3.78953672537474,,3453332.0
ARM,Armenia,1994,15.2792413066386,118.180892167194,,,17.8,-3.07016054777277,,3364610.0
ARM,Armenia,1995,15.2792413066386,116.177766069547,,,9.3,-2.20826825722109,520717.016442965,3307581.0
ARM,Armenia,1996,15.8061116965227,115.164559185107,,,12.5,-1.3842058904124,548888.589089472,3278735.0
ARM,Armenia,1997,15.9817351598174,114.024903407095,,,10.1,-1.49020134668704,556278.611394182,3246289.0
ARM,Armenia,1998,15.9817351598174,112.694099051633,,,9.4,-1.63437950822522,501824.767376831,3208401.0
ARM,Armenia,1999,15.8061116965227,111.249947312961,,,8.4,-1.69195687312221,535889.079111281,3167286.0
ARM,Armenia,2000,15.8061116965227,113.140147523709,98.5,55.5,7.2,1.36411627698375,422395.793462187,3221100.0
ARM,Armenia,2001,15.9817351598174,112.813487881981,100.0,61.0,5.4,-0.499380466746851,402104.915715364,3211800.0
ARM,Armenia,2002,15.9817351598174,112.391991570074,95.8,66.5,8.9,-0.502755712448261,488072.613947413,3199800.0
ARM,Armenia,2003,15.9817351598174,111.784334387074,98.9,71.2,9.8,-0.655328779547709,759852.827477125,3182500.0
ARM,Armenia,2004,15.9817351598174,111.166139796277,98.9,75.5,8.7,-0.661461453492112,776944.726701181,3164900.0
ARM,Armenia,2005,15.9817351598174,110.516332982086,99.6,79.4,6.5,-0.685120592668242,502664.577597541,3146400.0
ARM,Armenia,2006,15.9079733052336,109.838426413769,98.9,82.5,7.7,-0.704477120437997,1008906.63182381,3127100.0
ARM,Armenia,2007,15.8798735511064,109.146469968388,98.9,85.2,7.0,-0.709774936880129,855815.80033558,3107400.0
ARM,Armenia,2008,15.8201615735862,108.433438707411,98.9,87.6,6.4,-0.720131386659096,24895567.678608,3087100.0
ARM,Armenia,2009,15.7850368809273,107.692307692308,99.0,89.2,7.8,-0.735744483466482,29512461.2597636,3066000.0
ARM,Armenia,2010,15.7534246575342,106.947664207938,100.0,90.6,9.4,-0.727310338461337,27601218.1356851,3044800.0
ARM,Armenia,2011,15.7780119423955,106.354056902002,99.3,91.8,8.0,-0.571642093307427,46008806.8293419,3027900.0
ARM,Armenia,2012,15.7499121882684,106.220583069898,99.2,92.9,6.6,-0.116109542348646,37485360.4927398,3024100.0
ARM,Armenia,2013,15.7428872497366,106.146821215314,99.4,93.6,6.8,-0.0204101620694436,25875551.2033943,3022000.0
ARM,Armenia,2014,15.7182999648753,105.858798735511,99.8,94.2,7.1,-0.184909382527369,27964555.5128833,3013800.0
ARM,Armenia,2015,15.6902002107482,105.535651563049,100.0,94.9,10.7,-0.183652129408332,27878586.1715089,3004600.0
ARM,Armenia,2016,15.6796628029505,105.103617843344,99.8,95.3,13.2,-0.255414782023444,23393195.2776279,2992300.0
ARM,Armenia,2017,15.6656129258869,104.650509308044,99.5,95.6,12.6,-0.247043722440776,28336150.9321946,2979400.0
ARM,Armenia,2018,15.6515630488233,104.285212504391,99.9,96.0,11.1,-0.136968228336233,33923599.091499,2969000.0
ARM,Armenia,2019,15.6234632946962,104.056902002107,100.0,96.35,10.3,0.018643689801186,34485268.1776568,2962500.0
ARM,Armenia,2020,15.7461270379088,105.027376627853,100.0,96.7,8.4,0.226665843909451,34161886.8168819,2961500.0
ARM,Armenia,2021,15.7257362373209,105.056940272915,100.0,97.0,9.1,0.307536324852261,37110957.3360712,2962300.0
ARM,Armenia,2022,15.7005807438174,105.297053157777,100.0,97.2,,0.54605636566623,,2969200.0
ABW,Aruba,1990,11.1111111111111,348.627777777778,100.0,,0.3,3.66085072738418,11871.7714285714,62753.0
ABW,Aruba,1991,11.1111111111111,366.088888888889,98.3737741616736,,0.2,4.83946232214377,14248.4210526316,65896.0
ABW,Aruba,1992,11.1111111111111,383.361111111111,98.4282597493425,,0.2,4.59387052225094,13221.8254347453,69005.0
ABW,Aruba,1993,11.1111111111111,409.361111111111,98.5017492013514,,0.2,6.55311471299334,10022.5737275022,73685.0
ABW,Aruba,1994,11.1111111111111,431.083333333333,100.0,,0.2,5.16336337340637,11676.4988305847,77595.0
ABW,Aruba,1995,11.1111111111111,443.361111111111,100.0,,0.2,2.80274113070367,15406.7785005971,79805.0
ABW,Aruba,1996,11.1111111111111,461.227777777778,100.0,,0.2,3.94610043933157,11306.8336581753,83021.0
ABW,Aruba,1997,11.1111111111111,479.45,100.0,,0.2,3.87075153099242,15356.8073750206,86301.0
ABW,Aruba,1998,11.1111111111111,491.394444444444,100.0,,0.2,2.45473396672594,14128.1577552922,88451.0
ABW,Aruba,1999,11.1111111111111,498.105555555556,100.0,,0.2,1.34686798106759,12368.767126795,89659.0
ABW,Aruba,2000,11.1111111111111,503.266666666667,100.0,,0.2,1.02033905882721,13173.7784255727,90588.0
ABW,Aruba,2001,11.1111111111111,507.994444444444,100.0,,0.2,0.906307435233529,13673.8344827586,91439.0
ABW,Aruba,2002,11.1111111111111,511.522222222222,100.0,,0.2,0.610765352947782,12759.0597044335,92074.0
ABW,Aruba,2003,11.1111111111111,517.377777777778,100.0,,0.2,1.00972503050077,14148.0007227777,93128.0
ABW,Aruba,2004,11.1111111111111,528.544444444444,100.0,,0.2,1.96676322097312,15276.2534785239,95138.0
ABW,Aruba,2005,11.1111111111111,542.416666666667,100.0,,0.2,2.39029777278648,15543.9673902676,97635.0
ABW,Aruba,2006,11.1111111111111,552.25,100.0,,0.2,1.57064739365999,22814.0820248174,99405.0
ABW,Aruba,2007,11.1111111111111,556.388888888889,100.0,,0.2,0.501642223696357,24024.5666413418,100150.0
ABW,Aruba,2008,11.1111111111111,560.65,100.0,,0.2,0.508358177118996,26058.5693976041,100917.0
ABW,Aruba,2009,11.1111111111111,564.466666666667,100.0,,0.3,0.421666588667797,24180.8942226974,101604.0
ABW,Aruba,2010,11.1111111111111,565.766666666667,100.0,,5.5,-0.0214237620945557,56446.5502043895,101838.0
ABW,Aruba,2011,11.1111111111111,569.95,100.0,,5.7,0.482451049530272,49669.9780404724,102591.0
ABW,Aruba,2012,11.1111111111111,578.388888888889,100.0,,6.9,1.19754657765253,50142.9127261032,104110.0
ABW,Aruba,2013,11.1111111111111,587.083333333333,100.0,,6.9,1.19973315935507,66879.458896091,105675.0
ABW,Aruba,2014,11.1111111111111,593.372222222222,100.0,,6.9,0.752551548763964,90295.6279673271,106807.0
ABW,Aruba,2015,11.1111111111111,599.477777777778,100.0,,6.7,0.691250380903823,70749.4172824574,107906.0
ABW,Aruba,2016,11.1111111111111,604.038888888889,100.0,,7.0,0.406629489454034,99770.5463935652,108727.0
ABW,Aruba,2017,11.1111111111111,604.083333333333,100.0,,6.8,-0.359738919460584,87421.7887419819,108735.0
ABW,Aruba,2018,11.1111111111111,605.044444444444,100.0,,8.6,-0.222926292016348,60352.2499923983,108908.0
ABW,Aruba,2019,11.1111111111111,606.683333333333,100.0,,8.3,-0.127819952904969,56602.6005434612,109203.0
ABW,Aruba,2020,11.1111111111111,603.261111111111,100.0,,9.1,-1.02551361260566,79271.928986289,108587.0
ABW,Aruba,2021,11.1111111111111,598.333333333333,100.0,,8.8,-0.94163637949789,64587.5697833273,107700.0
ABW,Aruba,2022,11.1111111111111,596.166666666667,100.0,,8.8,-0.437262625609825,,107310.0
AUS,Australia,1990,2.20715150410684,2.22135662496908,100.0,,8.0,1.49362153263248,601097977.385372,17065128.0
AUS,Australia,1991,2.23995418038869,2.24985173710998,100.0,,8.2,1.28025242424159,602512652.019374,17284036.0
AUS,Australia,1992,2.11212787836976,2.27518256251383,100.0,,7.5,1.10877393994791,611790501.94312,17478635.0
AUS,Australia,1993,2.22732775340718,2.2955115004621,100.0,,8.6,0.860632966243141,731133096.677155,17634808.0
AUS,Australia,1994,2.32261171784492,2.31772620178853,100.0,,8.3,0.920907144088377,762224012.923644,17805468.0
AUS,Australia,1995,2.1916613514182,2.34368379261419,100.0,,8.2,1.06308792572328,921844880.710355,18004882.0
AUS,Australia,1996,2.49834034078336,2.37230608021035,100.0,,8.9,1.15958529180492,899567898.235113,18224767.0
AUS,Australia,1997,2.72106009918905,2.39811475729925,100.0,,9.1,1.02895923229531,761584257.149109,18423037.0
AUS,Australia,1998,2.77911562943389,2.42213712039363,100.0,,8.6,0.949694204622852,755628388.440406,18607584.0
AUS,Australia,1999,2.99311404136782,2.44878018301811,100.0,,8.5,1.05783326866193,626870705.647911,18812264.0
AUS,Australia,2000,3.05546516017339,2.47696679379873,100.0,100.0,8.4,1.12407378634971,738449828.725708,19028802.0
AUS,Australia,2001,3.15009827785949,2.50897530687424,100.0,100.0,8.4,1.33206839446048,0.0,19274701.0
AUS,Australia,2002,3.08956952995848,2.53767882014501,100.0,100.0,8.7,1.29725496047805,0.0,19495210.0
AUS,Australia,2003,3.02513570154771,2.5670355232157,100.0,100.0,7.2,1.29723693466376,0.0,19720737.0
AUS,Australia,2004,3.35094958541062,2.5946294729443,100.0,100.0,6.7,1.19680473803693,0.0,19932722.0
AUS,Australia,2005,3.43673118727464,2.62640667508428,100.0,100.0,6.7,1.33453226603131,0.0,20176844.0
AUS,Australia,2006,3.15374301966859,2.66208895773401,100.0,100.0,6.8,1.50136477458865,0.0,20450966.0
AUS,Australia,2007,3.01016622626037,2.71111802454994,100.0,100.0,7.0,1.9969770081027,0.0,20827622.0
AUS,Australia,2008,3.12329640862762,2.76599442875181,100.0,100.0,6.8,2.15343266105649,0.0,21249199.0
AUS,Australia,2009,3.53300443877485,2.8235883784804,100.0,100.0,7.1,2.17983445022066,0.0,21691653.0
AUS,Australia,2010,3.331261471174,2.86785858401781,100.0,100.0,8.2,1.66251815322792,0.0,22031750.0
AUS,Australia,2011,4.12570454160863,2.90798641031983,100.0,100.0,8.3,1.51359196582587,0.0,22340024.0
AUS,Australia,2012,4.11821980396496,2.95920036968095,100.0,100.0,8.3,1.88268157810649,0.0,22733465.0
AUS,Australia,2013,4.06399125261966,3.01057352615753,100.0,100.0,9.2,1.87018257065215,0.0,23128129.0
AUS,Australia,2014,4.16025148718483,3.05581479504836,100.0,100.0,9.3,1.66246486076665,0.0,23475686.0
AUS,Australia,2015,4.04705622014241,3.10011259648803,100.0,100.0,9.4,1.61863464615058,0.0,23815995.0
AUS,Australia,2016,3.90755614259973,3.14493553058884,100.0,100.0,9.6,1.72153704896083,0.0,24190907.0
AUS,Australia,2017,3.99790952181612,3.19715601363491,100.0,100.0,9.9,1.77484017509352,0.0,24592588.0
AUS,Australia,2018,4.02677060122049,3.24534491589985,100.0,100.0,9.8,1.60918451255785,0.0,24963258.0
AUS,Australia,2019,3.97463865148557,3.29365056253104,100.0,100.0,10.3,1.56366317600073,0.0,25334826.0
AUS,Australia,2020,3.98386899670048,3.33452695130798,100.0,100.0,11.2,1.19834939074175,1940869888.83753,25649248.0
AUS,Australia,2021,4.0646020161154,3.33922844714392,100.0,100.0,12.3,0.0996311835698593,1910283870.82794,25685412.0
AUS,Australia,2022,4.0646020161154,3.38256023775289,100.0,100.0,,1.40271644327005,,26018721.0
AUT,Austria,1990,17.2806592341251,93.0422927775085,100.0,,25.2,1.94258974202264,94234185.6979735,7677850.0
AUT,Austria,1991,17.510906446922,93.9758967523025,100.0,,24.5,1.75998084585937,56235801.9742319,7754891.0
AUT,Austria,1992,17.4018419777024,95.0158628211343,100.0,,26.2,1.63939039013711,23197691.2175102,7840709.0
AUT,Austria,1993,17.1958313136209,95.8026296655356,100.0,,26.4,1.33220518650475,22033640.3390352,7905633.0
AUT,Austria,1994,17.2443044110519,96.1720552593311,100.0,,25.7,0.850959110683419,46814668.7452862,7936118.0
AUT,Austria,1995,17.1352399418323,96.3194134755211,100.0,,25.7,0.575255587584894,45355119.8180973,7948278.0
AUT,Austria,1996,17.0867668444014,96.4495516238488,100.0,,24.1,0.510844992207498,64972298.1469164,7959017.0
AUT,Austria,1997,17.0382937469704,96.5589069316529,100.0,,24.9,0.440362520559824,50996319.2637984,7968041.0
AUT,Austria,1998,17.014057198255,96.6649175957344,100.0,,24.5,0.385518782800416,33729312.0206329,7976789.0
AUT,Austria,1999,16.9898206495395,96.8531749878817,100.0,,26.5,0.416591247819831,29431426.7309169,7992324.0
AUT,Austria,2000,16.9534658264663,97.0863548230732,100.0,100.0,26.4,0.406114445387678,21328553.8819199,8011566.0
AUT,Austria,2001,16.8080465341735,97.4587130392632,100.0,100.0,25.5,0.490267540444084,29671077.0238577,8042293.0
AUT,Austria,2002,16.7838099854581,97.9393722733883,100.0,100.0,24.7,0.563673145641291,59060157.9896863,8081957.0
AUT,Austria,2003,16.7235821619001,98.4176320891905,100.0,100.0,22.6,0.543349810054314,98684380.1370589,8121423.0
AUT,Austria,2004,16.714735821619,99.0301260300533,100.0,100.0,23.2,0.664475837733704,85910556.6912553,8171966.0
AUT,Austria,2005,16.7317014057198,99.7070891904993,100.0,100.0,24.4,0.717010430626877,95105528.9715789,8227829.0
AUT,Austria,2006,16.6892874454678,100.201660203587,100.0,100.0,26.6,0.525997432098956,143732223.291849,8268641.0
AUT,Austria,2007,16.6747455162385,100.526987396995,100.0,100.0,29.0,0.354602185986857,214869329.043713,8295487.0
AUT,Austria,2008,16.5899175957344,100.842171594765,100.0,100.0,29.7,0.346538209107887,254006233.279719,8321496.0
AUT,Austria,2009,16.5608337372758,101.106677169171,100.0,100.0,31.3,0.302265753996283,160766019.920277,8343323.0
AUT,Austria,2010,16.5269025690742,101.350024236549,100.0,100.0,31.1,0.291305904162053,191676218.291111,8363404.0
AUT,Austria,2011,16.4760058167717,101.692232186137,100.0,100.0,31.6,0.402148758531327,207673765.175374,8391643.0
AUT,Austria,2012,16.4214735821619,102.156943771207,100.0,100.0,34.4,0.545497698254538,171555586.82743,8429991.0
AUT,Austria,2013,16.4069316529326,102.760821619001,100.0,100.0,34.6,0.722521793531845,174546665.626236,8479823.0
AUT,Austria,2014,16.3802714493456,103.567086766844,100.0,100.0,35.7,0.955700455115768,178656221.2339,8546356.0
AUT,Austria,2015,16.3124091129423,104.734597673291,100.0,100.0,34.8,1.33168467457813,153991791.594263,8642699.0
AUT,Austria,2016,16.2928986912264,105.873339796413,100.0,100.0,34.6,1.32412222255029,137795648.874219,8736668.0
AUT,Austria,2017,16.1044595249636,106.61131846825,100.0,100.0,34.0,0.964952397392997,137130840.505089,8797566.0
AUT,Austria,2018,16.0827678138633,107.131858943286,100.0,100.0,34.1,0.780508457343464,202829446.249898,8840521.0
AUT,Austria,2019,16.0631362094038,107.609306834707,100.0,100.0,34.0,0.756844003891464,147705038.444623,8879920.0
AUT,Austria,2020,16.0563669413475,108.057004362579,100.0,100.0,35.8,0.74165298520757,99977624.6553876,8916864.0
AUT,Austria,2021,16.0315232670868,108.528805138148,100.0,100.0,36.0,0.774435610983729,140279219.514671,8955797.0
AUT,Austria,2022,16.0033082888997,109.571631119729,100.0,100.0,,1.28216729185494,,9041851.0
AZE,Azerbaijan,1990,,,,,0.7,0.590741655318098,,7175200.0
AZE,Azerbaijan,1991,,,,,0.8,0.48023518053527,,7271300.0
AZE,Azerbaijan,1992,20.4825937008063,88.7084369780213,,,1.2,0.90326683608073,,7382050.0
AZE,Azerbaijan,1993,20.6183832630352,90.0633284064554,,,2.0,1.10044498031724,,7494800.0
AZE,Azerbaijan,1994,20.7121141112994,91.2860353052862,,,1.5,0.971892919614694,,7596550.0
AZE,Azerbaijan,1995,20.7445594049293,92.3471165747383,,,1.4,0.794175456391463,,7684850.0
AZE,Azerbaijan,1996,21.4475407669106,93.2862275736929,,,1.7,0.647785863947208,,7763000.0
AZE,Azerbaijan,1997,21.6446158837737,94.1904899239338,,,2.0,0.590758132224505,,7838250.0
AZE,Azerbaijan,1998,21.7794733548356,95.2317912675107,,,2.5,0.0595865750856051,0.0,7913000.0
AZE,Azerbaijan,1999,22.0651713922979,96.5207665800133,,,2.1,-0.0377471419986237,0.0,7982750.0
AZE,Azerbaijan,2000,22.1003571212396,97.434779976999,98.1,42.6,2.1,1.08360208540498,0.0,8048600.0
AZE,Azerbaijan,2001,22.2228947750714,98.1937920681807,97.6,48.9,1.8,0.826382588134839,0.0,8111200.0
AZE,Azerbaijan,2002,22.2384952431673,98.9124645960929,100.0,54.9,2.4,0.855456299934033,0.0,8171950.0
AZE,Azerbaijan,2003,22.2438658471664,99.6237235638581,98.1,61.0,2.9,1.75119945610409,0.0,8234100.0
AZE,Azerbaijan,2004,22.265095800271,100.475372556609,98.4,66.3,3.1,1.94726997622705,0.0,8306500.0
AZE,Azerbaijan,2005,22.2985724655214,101.522501814662,98.6,71.0,3.4,1.44151480025888,0.0,8391850.0
AZE,Azerbaijan,2006,22.281786608904,102.672531674674,99.2,75.15,2.9,1.38607223192299,0.0,8484550.0
AZE,Azerbaijan,2007,22.4376429582834,103.853368672016,99.2,78.8,3.8,1.46405173304048,0.0,8581300.0
AZE,Azerbaijan,2008,22.5132220702676,106.059762547351,99.5,81.8,3.1,2.54398407189366,0.0,8763400.0
AZE,Azerbaijan,2009,22.6816102248796,108.291290455327,99.9,84.5,3.3,2.21268573399995,0.0,8947243.0
AZE,Azerbaijan,2010,22.7944734804491,109.542344173442,99.9,86.9,4.4,1.46985935173433,0.0,9054332.0
AZE,Azerbaijan,2011,22.8132788114883,110.976336228798,99.9,88.7,3.5,1.72196316630026,0.0,9173082.0
AZE,Azerbaijan,2012,22.9475670836459,112.460790244138,100.0,90.3,2.8,1.88616849276356,0.0,9295784.0
AZE,Azerbaijan,2013,23.2920795073737,113.923480806688,100.0,91.7,2.5,1.98696905365425,0.0,9416801.0
AZE,Azerbaijan,2014,23.3054691941981,115.348813858679,100.0,92.9,2.1,2.07497820790512,0.0,9535079.0
AZE,Azerbaijan,2015,23.4409590747977,116.731076781631,100.0,93.8,2.3,2.14783204348123,0.0,9649341.0
AZE,Azerbaijan,2016,24.1804765936857,118.033288980283,100.0,94.7,1.9,2.20055294155423,0.0,9757812.0
AZE,Azerbaijan,2017,25.3381239263507,119.208741622511,100.0,95.3,1.9,2.18584907915885,0.0,9854033.0
AZE,Azerbaijan,2018,25.3817117138916,120.25759188908,100.0,95.9,1.9,2.18825781318829,0.0,9939771.0
AZE,Azerbaijan,2019,25.358724320662,121.280071139933,100.0,96.4,1.7,2.48856313521789,0.0,10024283.0
AZE,Azerbaijan,2020,25.2196113544515,122.124736829369,100.0,96.8,1.3,0.963765103599974,0.0,10093121.0
AZE,Azerbaijan,2021,25.275257108288,122.658802177858,100.0,97.2,1.3,0.565547632089917,0.0,10137750.0
AZE,Azerbaijan,2022,25.3103448275862,122.707271627344,100.0,97.5,,0.163277169952237,,10141756.0
BHS,"Bahamas, The",1990,0.699300699300699,27.5669330669331,100.0,,0.0,1.99438949814136,3720617.43125106,275945.0
BHS,"Bahamas, The",1991,0.699300699300699,28.0450549450549,100.0,,0.0,1.84217439854779,3065693.56655701,280731.0
BHS,"Bahamas, The",1992,0.699300699300699,28.5641358641359,100.0,,0.0,1.93436240489328,2634499.62517818,285927.0
BHS,"Bahamas, The",1993,0.699300699300699,29.1047952047952,100.0,,0.0,1.95512883917521,3300241.2247906,291339.0
BHS,"Bahamas, The",1994,0.599400599400599,29.6212787212787,100.0,,0.0,1.82489971466287,2685251.25609164,296509.0
BHS,"Bahamas, The",1995,0.599400599400599,30.115984015984,100.0,,0.0,1.71334622787072,3222420.13078999,301461.0
BHS,"Bahamas, The",1996,0.599400599400599,30.5962037962038,100.0,,0.0,1.63640163350676,2890696.3848696,306268.0
BHS,"Bahamas, The",1997,0.599400599400599,31.0593406593407,100.0,,0.0,1.55953348134472,2576722.5116367,310904.0
BHS,"Bahamas, The",1998,0.599400599400599,31.5052947052947,100.0,,0.0,1.4916896363488,671063.207039573,315368.0
BHS,"Bahamas, The",1999,0.599400599400599,31.9294705294705,100.0,,0.0,1.41760217931569,687483.968156895,319614.0
BHS,"Bahamas, The",2000,0.699300699300699,32.3511488511488,100.0,100.0,0.0,1.41417389751608,528704.659318403,323835.0
BHS,"Bahamas, The",2001,0.699300699300699,32.7508491508491,100.0,100.0,0.4,1.37190379624645,559417.887063375,327836.0
BHS,"Bahamas, The",2002,0.699300699300699,33.1282717282717,100.0,100.0,0.4,1.33368166327457,712945.696603604,331614.0
BHS,"Bahamas, The",2003,0.699300699300699,33.5282717282717,100.0,100.0,1.5,1.41710529257165,631473.473420379,335618.0
BHS,"Bahamas, The",2004,0.699300699300699,33.9442557442557,100.0,100.0,1.6,1.4647130750229,572371.474836862,339782.0
BHS,"Bahamas, The",2005,0.699300699300699,34.355044955045,100.0,100.0,1.7,1.43504359743684,615079.463479505,343894.0
BHS,"Bahamas, The",2006,0.699300699300699,34.8026973026973,100.0,100.0,2.0,1.51275801810781,752565.534393076,348375.0
BHS,"Bahamas, The",2007,0.699300699300699,35.2981018981019,100.0,100.0,3.5,1.6045936941126,835044.247712982,353334.0
BHS,"Bahamas, The",2008,0.699300699300699,35.7762237762238,100.0,100.0,2.0,1.49516396187397,927875.509757512,358120.0
BHS,"Bahamas, The",2009,0.699300699300699,36.2447552447552,100.0,100.0,1.5,1.39589634994551,860983.910638258,362810.0
BHS,"Bahamas, The",2010,0.699300699300699,36.7110889110889,100.0,100.0,1.3,1.30538789830589,1544124.04355448,367478.0
BHS,"Bahamas, The",2011,0.799200799200799,37.1357642357642,100.0,100.0,1.4,1.14178527077696,1346143.86601895,371729.0
BHS,"Bahamas, The",2012,0.799200799200799,37.5093906093906,100.0,100.0,1.4,0.979024255829771,1324010.3939682,375469.0
BHS,"Bahamas, The",2013,0.799200799200799,37.8574425574426,100.0,100.0,1.4,0.885625094473334,1660535.17018052,378953.0
BHS,"Bahamas, The",2014,0.799200799200799,38.1916083916084,100.0,100.0,1.4,0.823527872287064,1983834.97926736,382298.0
BHS,"Bahamas, The",2015,0.799200799200799,38.4961038961039,100.0,100.0,1.4,0.719994751573838,1691853.67884978,385346.0
BHS,"Bahamas, The",2016,0.799200799200799,38.7667332667333,100.0,100.0,1.2,0.605155085176367,2062729.09222294,388055.0
BHS,"Bahamas, The",2017,0.799200799200799,39.0094905094905,100.0,100.0,1.1,0.506089467367979,2125075.99128678,390485.0
BHS,"Bahamas, The",2018,0.799200799200799,39.2324675324675,100.0,100.0,1.1,0.427146184038446,1674340.51510972,392717.0
BHS,"Bahamas, The",2019,0.799200799200799,39.4280719280719,100.0,100.0,1.1,0.328146763161097,1608194.96095832,394675.0
BHS,"Bahamas, The",2020,0.799200799200799,39.5467532467532,100.0,100.0,1.4,0.103060088815605,1862558.62569555,395863.0
BHS,"Bahamas, The",2021,0.799200799200799,39.5977022977023,100.0,100.0,1.1,-0.099344366354879,1653717.52869648,396373.0
BHS,"Bahamas, The",2022,0.799200799200799,39.7140859140859,100.0,100.0,1.1,0.0990350355456844,,397538.0
BHR,Bahrain,1990,2.89855072463768,746.082608695652,99.5058870618272,,0.0,4.0612572541135,54317.4761904762,514797.0
BHR,Bahrain,1991,2.89855072463768,729.060869565217,99.720605934921,,0.0,-2.00596565416028,55902.0,503052.0
BHR,Bahrain,1992,2.8169014084507,727.405633802817,99.8895235712849,,0.0,2.65680126198244,48343.3853364613,516458.0
BHR,Bahrain,1993,2.8169014084507,746.795774647887,99.9753465679592,,0.0,2.58377124826352,35370.5910832625,530225.0
BHR,Bahrain,1994,2.8169014084507,766.712676056338,99.9980282530873,,0.0,2.55405274150487,28102.6086956522,544366.0
BHR,Bahrain,1995,2.8169014084507,787.153521126761,100.0,,0.0,2.5316144172447,43081.0068965517,558879.0
BHR,Bahrain,1996,2.8169014084507,808.157746478873,100.0,,0.0,2.52289876100544,62764.0275862069,573792.0
BHR,Bahrain,1997,2.8169014084507,829.739436619718,100.0,,0.0,2.52406921176621,64250.0137931034,589115.0
BHR,Bahrain,1998,2.8169014084507,851.89014084507,100.0,,0.0,2.53244112631745,92699.2,604842.0
BHR,Bahrain,1999,2.8169014084507,874.632394366197,100.0,,0.0,2.55238083857419,40399.4436336349,620989.0
BHR,Bahrain,2000,2.83098591549296,898.002816901408,100.0,100.0,0.0,2.58442976241112,40135.5296493556,637582.0
BHR,Bahrain,2001,2.83098591549296,931.430985915493,100.0,100.0,0.0,3.65955421054697,45336.9230769231,661316.0
BHR,Bahrain,2002,2.84507042253521,1000.77887323944,100.0,100.0,0.0,7.52559041498198,51092.9163461539,710553.0
BHR,Bahrain,2003,2.80555555555556,1061.82916666667,100.0,100.0,0.0,8.09962056633834,73685.8907678237,764517.0
BHR,Bahrain,2004,2.78082191780822,1128.41232876712,100.0,100.0,0.0,8.60769161136193,72523.1990877193,823741.0
BHR,Bahrain,2005,2.74324324324324,1201.11081081081,100.0,100.0,0.0,9.05287256267753,72565.4954002383,888822.0
BHR,Bahrain,2006,2.75675675675676,1297.87027027027,100.0,100.0,0.0,9.43411853595712,89522.3850610184,960424.0
BHR,Bahrain,2007,2.72,1385.72666666667,100.0,100.0,0.0,9.75350721977301,83414.1994069554,1039295.0
BHR,Bahrain,2008,2.69736842105263,1451.96842105263,100.0,100.0,0.0,7.97067426107426,147738.833573041,1103496.0
BHR,Bahrain,2009,2.69736842105263,1550.54605263158,100.0,100.0,0.0,8.60457995174799,145152.927310567,1178415.0
BHR,Bahrain,2010,2.70341207349081,1612.26115485564,100.0,100.0,0.0,5.85224600853769,175263.565468715,1228543.0
BHR,Bahrain,2011,2.6857887874837,1558.0443285528,100.0,100.0,0.0,-2.76659927564462,203402.56439227,1195020.0
BHR,Bahrain,2012,2.68831168831169,1570.08311688312,100.0,100.0,0.0,1.1600872869288,235924.571407573,1208964.0
BHR,Bahrain,2013,2.68831168831169,1627.52077922078,100.0,100.0,0.0,3.59293039406625,197723.850476858,1253191.0
BHR,Bahrain,2014,2.69779507133593,1705.00907911803,100.0,100.0,0.0,4.78104318433597,320214.586024886,1314562.0
BHR,Bahrain,2015,2.67352185089974,1761.33933161954,100.0,100.0,0.0,4.15422184212278,293616.330195193,1370322.0
BHR,Bahrain,2016,2.68292682926829,1827.63286264442,100.0,100.0,0.0,3.82316300255316,230111.719875071,1423726.0
BHR,Bahrain,2017,2.67948717948718,1924.50769230769,100.0,100.0,0.0,5.29314527321994,287196.629308937,1501116.0
BHR,Bahrain,2018,2.69922879177378,1931.99357326478,100.0,100.0,0.0,0.131482303617889,147518.089042699,1503091.0
BHR,Bahrain,2019,2.69230769230769,1902.25128205128,100.0,100.0,0.0,-1.294694377206,200568.08515198,1483756.0
BHR,Bahrain,2020,2.67515923566879,1875.41910828025,100.0,100.0,0.0,-0.781611308056252,185166.811066672,1472204.0
BHR,Bahrain,2021,2.65822784810127,1904.25949367089,100.0,100.0,0.0,2.16102845934147,173964.447246005,1504365.0
BHR,Bahrain,2022,2.65822784810127,1929.99113924051,100.0,100.0,,1.34221960637543,,1524693.0
BGD,Bangladesh,1990,72.64346623646,857.599423830376,,,71.7,4.09435329632484,133430758.196653,111633717.0
BGD,Bangladesh,1991,72.0980256587539,874.142344626258,3.17101853037543,,73.1,3.92002492658142,133865905.719351,113787109.0
BGD,Bangladesh,1992,66.1365906122763,890.775078743182,,,71.6,3.75048815018394,135437092.475518,115952192.0
BGD,Bangladesh,1993,65.3453176615196,907.523699777214,,,70.5,3.56510475589688,111129924.608995,118132360.0
BGD,Bangladesh,1994,64.592456019052,924.507789813321,2.23884484895593,,69.0,3.43882061867049,99697174.8033794,120343179.0
BGD,Bangladesh,1995,64.5617269724207,941.848121687025,3.73433754799093,,63.8,3.36023154385928,125704420.915464,122600370.0
BGD,Bangladesh,1996,64.2006606745026,959.223930245064,6.69330420934747,,62.1,3.28019574444818,124687022.084763,124862179.0
BGD,Bangladesh,1997,64.454175309211,977.168848428978,5.8814757415098,,60.0,3.28672397227284,107385375.154267,127198069.0
BGD,Bangladesh,1998,64.9458400553123,995.792671122378,12.655072788125,,60.2,3.3314714907647,106464059.625565,129622332.0
BGD,Bangladesh,1999,64.8075593454713,1014.88872243989,15.6581285850542,,60.5,3.3808327497565,110551050.007494,132108065.0
BGD,Bangladesh,2000,64.1468848428977,1033.6045478989,16.8,0.7,60.2,3.37231349221847,107271227.226311,134544304.0
BGD,Bangladesh,2001,63.7858185449796,1050.97802873166,21.5,0.8,55.9,3.30647108329831,106457562.87731,136805810.0
BGD,Bangladesh,2002,63.401705462088,1067.32471383575,24.3,0.9,54.4,3.2723310409713,102486310.223526,138933658.0
BGD,Bangladesh,2003,63.2096489206422,1082.97112237843,27.1,1.0,52.6,3.26080093893616,116561600.622875,140970351.0
BGD,Bangladesh,2004,62.5566566797265,1097.8171314435,27.9,1.2,52.0,3.20545305759678,117309740.507228,142902856.0
BGD,Bangladesh,2005,62.3108243066759,1111.74453407083,30.2,1.3,50.6,3.11259205915081,115162648.473677,144715786.0
BGD,Bangladesh,2006,62.0726741952831,1124.7289928555,40.2,1.5,48.6,2.99286532012132,159040276.187026,146405973.0
BGD,Bangladesh,2007,61.5810094491818,1136.89235614965,32.5,1.7,47.2,2.86086990423088,262734265.270783,147989278.0
BGD,Bangladesh,2008,61.48114004763,1148.30040715987,41.7,1.9,45.2,2.7127996000916,240301557.703889,149474264.0
BGD,Bangladesh,2009,61.3735883844204,1159.05134823692,44.7,2.1,43.1,2.55259258065882,232318034.017034,150873714.0
BGD,Bangladesh,2010,61.2737189828686,1169.25544288238,40.0,2.4,40.3,2.38215024620493,425951874.520744,152201981.0
BGD,Bangladesh,2011,60.4056234155335,1179.92683413997,45.7,2.8,38.4,2.28609018354601,450702522.981591,153591076.0
BGD,Bangladesh,2012,60.3441653222709,1191.28909118845,53.8,3.2,37.3,2.26174678800571,385203080.194354,155070101.0
BGD,Bangladesh,2013,59.2916954751479,1202.52086502266,48.6,3.6,37.0,2.20119341986716,311572975.035322,156532141.0
BGD,Bangladesh,2014,59.1457325036491,1213.52791733886,48.1,4.1,35.4,2.13023875711627,333151562.389777,157964929.0
BGD,Bangladesh,2015,59.6315587308904,1224.42328493508,63.8,4.7,33.1,2.06884580523583,408636225.899687,159383179.0
BGD,Bangladesh,2016,59.8771606360913,1235.3993393255,66.1,5.3,30.2,2.0230746254932,479499881.082704,160811932.0
BGD,Bangladesh,2017,59.8243066758854,1245.95641852962,81.6,6.0,28.1,1.93683060952504,402734880.673699,162186147.0
BGD,Bangladesh,2018,59.7088422831682,1256.22726434662,81.3,6.7,27.0,1.86177443141625,227013586.694776,163523103.0
BGD,Bangladesh,2019,60.3595298455865,1266.90523930245,88.9,7.4,26.1,1.84176302855583,251092117.759886,164913055.0
BGD,Bangladesh,2020,60.613044480295,1277.54493354844,95.2,8.1,27.2,1.78580073795354,299597988.624723,166298024.0
BGD,Bangladesh,2021,60.4908965199355,1287.99918568026,98.5,9.0,25.0,1.7181839550393,312966727.225793,167658854.0
BGD,Bangladesh,2022,60.7838169814218,1300.36002610164,99.2,9.9,,1.89472085102334,,169384897.0
BRB,Barbados,1990,37.2093023255814,601.353488372093,99.9748569516163,,17.5,0.183312526020762,56256.6857142857,258582.0
BRB,Barbados,1991,37.2093023255814,603.193023255814,99.9895842514774,,16.9,0.276463991229671,67596.8842105263,259373.0
BRB,Barbados,1992,37.2093023255814,605.272093023256,99.997928794984,,15.7,0.274491560407598,99650.9102331903,260267.0
BRB,Barbados,1993,37.2093023255814,607.039534883721,100.0,,14.2,0.18559666779999,246190.245813594,261027.0
BRB,Barbados,1994,37.2093023255814,608.418604651163,100.0,,13.8,0.0893504043988878,217723.116114866,261620.0
BRB,Barbados,1995,37.2093023255814,609.393023255814,100.0,,14.4,-0.00603467524578471,287215.71677795,262039.0
BRB,Barbados,1996,37.2093023255814,609.962790697674,100.0,,15.2,-0.0966043643694124,261401.438098446,262284.0
BRB,Barbados,1997,37.2093023255814,610.213953488372,100.0,,14.3,-0.168072346931427,224192.690171087,262392.0
BRB,Barbados,1998,37.2093023255814,610.316279069767,100.0,,10.6,-0.207759872907674,196235.731201495,262436.0
BRB,Barbados,1999,34.8837209302326,610.504651162791,100.0,,11.3,-0.204546836352874,169012.88204709,262517.0
BRB,Barbados,2000,34.8837209302326,609.448837209302,100.0,100.0,11.9,-0.424386054403519,144826.272814715,262063.0
BRB,Barbados,2001,34.8837209302326,610.290697674419,100.0,100.0,10.8,-0.235191453371948,152385.020662667,262425.0
BRB,Barbados,2002,32.5581395348837,614.297674418605,100.0,100.0,9.8,0.108195679671618,167537.238198175,264148.0
BRB,Barbados,2003,32.5581395348837,618.083720930233,100.0,100.0,8.6,-0.0513325074368095,184479.61543842,265776.0
BRB,Barbados,2004,30.2325581395349,621.623255813954,100.0,100.0,8.7,-0.167012864549687,173640.646475688,267298.0
BRB,Barbados,2005,30.2325581395349,624.897674418605,99.9,100.0,8.7,-0.234778585461381,213344.47233379,268706.0
BRB,Barbados,2006,30.2325581395349,627.911627906977,100.0,100.0,8.8,-0.251941928566502,307181.251611333,270002.0
BRB,Barbados,2007,30.2325581395349,630.902325581395,100.0,100.0,8.6,-0.178586871451608,374994.648928996,271288.0
BRB,Barbados,2008,30.2325581395349,634.218604651163,100.0,100.0,7.6,0.00308178756030831,435559.726661335,272714.0
BRB,Barbados,2009,30.2325581395349,637.495348837209,100.0,100.0,8.5,0.181042335754611,438103.6557312,274123.0
BRB,Barbados,2010,27.906976744186,640.1,100.0,100.0,8.2,0.310211100002615,630811.086090632,275243.0
BRB,Barbados,2011,25.5813953488372,642.183720930233,100.0,100.0,4.1,0.325147781566834,602167.613781852,276139.0
BRB,Barbados,2012,23.2558139534884,644.041860465116,100.0,100.0,3.8,0.289354526635743,590263.762695868,276938.0
BRB,Barbados,2013,22.093023255814,645.732558139535,100.0,100.0,3.1,0.264812123033935,670144.099751618,277665.0
BRB,Barbados,2014,20.9302325581395,647.320930232558,100.0,100.0,3.0,0.249559150836374,653347.943727904,278348.0
BRB,Barbados,2015,18.6046511627907,648.813953488372,100.0,100.0,3.0,0.237443476469299,662321.850007687,278990.0
BRB,Barbados,2016,16.2790697674419,650.227906976744,100.0,100.0,2.8,0.227827010523342,697589.756790289,279598.0
BRB,Barbados,2017,16.2790697674419,651.560465116279,100.0,100.0,4.3,0.21827487170376,708332.660691009,280171.0
BRB,Barbados,2018,16.2790697674419,652.816279069767,100.0,100.0,4.9,0.211188237515293,695122.429651004,280711.0
BRB,Barbados,2019,16.2790697674419,653.96976744186,100.0,100.0,3.4,0.199946627442374,587744.748244242,281207.0
BRB,Barbados,2020,16.2790697674419,655.111627906977,100.0,100.0,4.7,0.203738063416084,654212.213858536,281698.0
BRB,Barbados,2021,16.2790697674419,656.155813953488,100.0,100.0,5.5,0.193764899482124,572854.490242043,282147.0
BRB,Barbados,2022,16.2790697674419,656.553488372093,100.0,100.0,5.5,0.114646727511139,,282318.0
BLR,Belarus,1990,,,100.0,,0.9,1.09803957537404,,10189348.0
BLR,Belarus,1991,,,100.0,,1.0,0.914447222484619,,10194050.0
BLR,Belarus,1992,29.9810770322479,50.3452948829141,100.0,,1.2,0.688059126952345,0.0,10216470.0
BLR,Belarus,1993,30.0849713147882,50.4655186010291,100.0,,1.4,0.51313239480807,0.0,10239050.0
BLR,Belarus,1994,30.6834649395203,50.4093839647473,100.0,,2.3,0.237566986561454,0.0,10226955.0
BLR,Belarus,1995,30.7194826192401,50.2485902162983,100.0,,2.8,0.0551535907274855,0.0,10193831.0
BLR,Belarus,1996,30.711743421377,50.083158330622,100.0,,3.5,0.0411542162707627,0.0,10159569.0
BLR,Belarus,1997,30.4404623992507,49.8751965689778,100.0,,3.8,0.0824017073428979,0.0,10117433.0
BLR,Belarus,1998,30.5035276020687,49.6574109225012,100.0,,4.1,0.143629851848039,0.0,10071963.0
BLR,Belarus,1999,30.4779747085069,49.4329775433234,100.0,,4.5,0.210365034914562,0.0,10026738.0
BLR,Belarus,2000,30.2344612714939,49.1974779144976,79.4,83.4,5.7,0.155090481033272,0.0,9979610.0
BLR,Belarus,2001,28.4011358482381,48.9467226045631,80.2,85.3,6.3,0.0539305326503877,0.0,9928549.0
BLR,Belarus,2002,27.688348313111,48.6397310049352,81.0,87.4,6.5,0.164820677505241,0.0,9865548.0
BLR,Belarus,2003,27.4570321359195,48.3012483606638,81.8,89.0,6.2,-0.0967183512751099,0.0,9796749.0
BLR,Belarus,2004,27.3549786751473,47.9754751867465,82.6,90.2,6.3,-0.0438831701056403,0.0,9730146.0
BLR,Belarus,2005,27.322970128135,47.6446879945571,83.3,91.7,6.8,-0.314201311305064,0.0,9663915.0
BLR,Belarus,2006,27.3035524188779,47.3372826558372,84.2,93.0,7.2,0.190193525941322,0.0,9604924.0
BLR,Belarus,2007,27.2004573659075,47.1212709646576,85.0,93.9,7.3,0.199978623489365,0.0,9560953.0
BLR,Belarus,2008,27.1855378458566,46.9585563473992,85.9,94.9,7.1,0.28444549486557,0.0,9527985.0
BLR,Belarus,2009,27.3240741653442,46.8441433626748,86.8,95.6,7.4,0.617469916477847,0.0,9504583.0
BLR,Belarus,2010,27.279179111098,46.7409685463919,87.7,96.2,7.3,0.26442904411515,0.0,9483836.0
BLR,Belarus,2011,27.2485338327337,46.6297521068454,88.7,96.8,7.5,0.446977582256702,0.0,9461643.0
BLR,Belarus,2012,27.2155111656539,46.5593029044007,89.7,97.2,7.2,0.465411081732417,0.0,9446836.0
BLR,Belarus,2013,27.4001025095117,46.5393725235082,90.7,97.7,7.0,0.518275050140599,0.0,9443211.0
BLR,Belarus,2014,27.8958285092106,46.5506003261518,91.9,98.0,6.7,0.569408698098076,0.0,9448515.0
BLR,Belarus,2015,27.9705189724995,46.611337189252,93.1,98.2,6.8,0.506613702316921,0.0,9461076.0
BLR,Belarus,2016,28.0006699903443,46.6499448243246,94.7,98.6,6.7,0.373744765075005,0.0,9469379.0
BLR,Belarus,2017,28.2134904526376,46.5987595325832,96.6,98.7,7.3,0.117619458619697,0.0,9458989.0
BLR,Belarus,2018,28.1407035175879,46.5010592176569,98.2,98.9,7.2,0.0357363762644192,0.0,9438785.0
BLR,Belarus,2019,28.1477101963393,46.4107506220284,100.0,99.0,7.8,0.110888078594174,0.0,9419758.0
BLR,Belarus,2020,27.8845206424278,46.211212927382,100.0,99.1,8.4,0.00675682389787754,0.0,9379952.0
BLR,Belarus,2021,27.7112589307711,45.8368317319537,100.0,99.3,8.2,-0.389474144015336,0.0,9302585.0
BLR,Belarus,2022,27.617123996256,45.4607172767131,100.0,99.3,,-0.367214776530161,,9228071.0
BEL,Belgium,1990,,,100.0,,1.3,0.768676462916073,88559205.2620875,9967379.0
BEL,Belgium,1991,,,100.0,,1.2,0.835094622968825,59132076.0340073,10004486.0
BEL,Belgium,1992,,,100.0,,1.2,0.862187531175391,54592284.8130671,10045158.0
BEL,Belgium,1993,,,100.0,,1.0,0.840026008609244,56945176.527865,10084475.0
BEL,Belgium,1994,,,100.0,,0.9,0.750409050839464,57061489.3709466,10115603.0
BEL,Belgium,1995,,,100.0,,1.3,0.644390545015672,60873439.915646,10136811.0
BEL,Belgium,1996,,,100.0,,1.2,0.62304803471244,63093570.9335399,10156637.0
BEL,Belgium,1997,,,100.0,,1.1,0.662233496381184,51504890.6601162,10181245.0
BEL,Belgium,1998,,,100.0,,1.3,0.626307681495155,60512977.5885548,10203008.0
BEL,Belgium,1999,,,100.0,,1.4,0.634440445794374,58939324.6807325,10226419.0
BEL,Belgium,2000,28.4178947021396,337.957010516599,100.0,100.0,1.4,0.640146650174042,58232432.7610454,10251250.0
BEL,Belgium,2001,27.8574489829559,339.121418916691,100.0,100.0,1.6,0.733884995232088,49709685.9565145,10286570.0
BEL,Belgium,2002,27.4288728447565,340.64500708799,100.0,100.0,1.7,0.830462045200906,61080942.7739871,10332785.0
BEL,Belgium,2003,27.5277750304948,342.074077737118,100.0,100.0,1.9,0.792993029148288,69000976.7517075,10376133.0
BEL,Belgium,2004,27.6926120067253,343.557742392774,100.0,100.0,2.0,0.799235835058145,58570951.8542277,10421137.0
BEL,Belgium,2005,27.7915141924637,345.452708271519,100.0,100.0,2.5,0.908537998740837,60445396.5985012,10478617.0
BEL,Belgium,2006,27.7585467972176,347.738700425279,100.0,100.0,2.9,1.00997898353865,72454054.8534724,10547958.0
BEL,Belgium,2007,27.6596446114792,350.301651666502,100.0,100.0,3.4,1.07663461275406,89819425.9911717,10625700.0
BEL,Belgium,2008,27.8244815877098,353.079912966077,100.0,100.0,4.0,1.12408606699601,94995028.2150463,10709973.0
BEL,Belgium,2009,27.6926120067253,355.932252002769,100.0,100.0,4.9,1.13043356206228,83684288.8195267,10796493.0
BEL,Belgium,2010,27.4948076352487,359.199090099891,100.0,100.0,6.2,1.23113435395175,92845837.8705503,10895586.0
BEL,Belgium,2011,27.1981010780338,363.902812118814,100.0,100.0,6.7,1.61007193292056,91827806.853717,11038264.0
BEL,Belgium,2012,26.4728183826196,366.166617215574,100.0,100.0,7.7,0.920734858287189,75817491.9889832,11106932.0
BEL,Belgium,2013,26.9013945208189,367.896581281113,100.0,100.0,8.3,0.763348350314063,75576959.9300464,11159407.0
BEL,Belgium,2014,26.934361916065,369.533412455082,100.0,100.0,9.1,0.727273585166951,70479829.0020961,11209057.0
BEL,Belgium,2015,27.3464543566413,371.680875614018,100.0,100.0,9.4,0.85406436417664,51752720.3872813,11274196.0
BEL,Belgium,2016,28.0025055220387,373.567467774371,100.0,100.0,9.2,0.772115743211402,51341424.1320865,11331422.0
BEL,Belgium,2017,27.5607424257409,375.009329772855,100.0,100.0,9.7,0.642139017041796,47947507.3580418,11375158.0
BEL,Belgium,2018,27.8752500573902,374.74351490506,100.0,100.0,10.7,0.703136535361722,58192855.0036415,11427054.0
BEL,Belgium,2019,28.113268183905,376.761985964452,100.0,100.0,10.2,0.779357530690887,44997272.274364,11488980.0
BEL,Belgium,2020,28.3621892831377,378.38932248967,100.0,100.0,12.3,0.660743951222393,40071865.2091349,11538604.0
BEL,Belgium,2021,28.3872237161409,379.949990161999,100.0,100.0,11.7,0.565055472554392,44608340.8716799,11586195.0
BEL,Belgium,2022,28.3186856430773,383.033055683085,100.0,100.0,,0.875212116108615,,11680210.0
BLZ,Belize,1990,2.2797018851381,8.02612889083735,,,38.0,1.7745920239466,3147308.97598246,183076.0
BLZ,Belize,1991,2.36738272687418,8.19991231915826,42.7948402460806,,32.4,2.01870209199789,3210310.03566222,187040.0
BLZ,Belize,1992,2.45506356861026,8.37277509864095,52.5183056980487,,36.3,2.1216119581127,3311619.51953518,190983.0
BLZ,Belize,1993,2.63042525208242,8.5445857080228,54.2099504223872,,35.6,2.11112746919282,3276240.86513114,194902.0
BLZ,Belize,1994,2.63042525208242,8.72849627356423,55.8924997801879,,34.1,2.24138632411669,3065982.56746469,199097.0
BLZ,Belize,1995,2.7181060938185,8.94984655852696,57.5685157492391,,34.9,2.63489549320139,3988740.01589025,204146.0
BLZ,Belize,1996,2.76194651468654,9.22007891275756,59.237817457154,,42.7,3.1089007571085,3490222.89809923,210310.0
BLZ,Belize,1997,2.80578693555458,9.5329241560719,60.9026498452213,,36.7,3.46355392308457,3443298.24737283,217446.0
BLZ,Belize,1998,2.80578693555458,9.87167908811925,62.5630782103968,,35.3,3.59586104219592,3022844.07736749,225173.0
BLZ,Belize,1999,2.80578693555458,10.2174046470846,64.2206403979687,,35.9,3.51064272193164,2748411.12214923,233059.0
BLZ,Belize,2000,2.80578693555458,10.5567295046032,65.7,67.0,34.5,3.28624015600657,2281448.46102791,240799.0
BLZ,Belize,2001,2.84962735642262,10.889039894783,67.5,68.5,23.9,2.97730408586968,2381680.68447169,248379.0
BLZ,Belize,2002,3.06882946076282,11.2235423060061,68.9,69.6,25.7,2.73340845530227,2643521.57645875,256009.0
BLZ,Belize,2003,3.06882946076282,11.5642262165717,70.3,70.4,24.4,2.55569420118265,2716957.64676386,263780.0
BLZ,Belize,2004,3.06882946076282,11.9109162647961,71.7,71.4,26.3,2.40671966816249,2575295.32962177,271688.0
BLZ,Belize,2005,3.06882946076282,12.2635247698378,73.1,71.8,25.6,2.28667615363065,2724079.46136801,279731.0
BLZ,Belize,2006,3.06882946076282,12.6206926786497,85.1,72.3,32.7,2.1869132305085,2838685.27596952,287878.0
BLZ,Belize,2007,3.06882946076282,12.9811486190267,76.0,72.8,28.0,2.10859997346192,3644203.17188754,296100.0
BLZ,Belize,2008,3.06882946076282,13.3433143358176,77.5,72.7,29.8,2.05141350697145,4088480.18436012,304361.0
BLZ,Belize,2009,3.20035072336694,13.7051293292416,78.9,72.8,25.1,2.01580464746098,3948375.41794042,312614.0
BLZ,Belize,2010,3.28803156510302,14.0396755808856,84.1,73.0,29.4,1.82131281756025,6823086.35448978,320245.0
BLZ,Belize,2011,3.28803156510302,14.3488820692679,87.9,73.2,42.2,1.62502676392259,6171098.92174176,327298.0
BLZ,Belize,2012,3.41955282770715,14.6608505041648,85.7,73.3,47.9,1.58967417123142,6042526.46267953,334414.0
BLZ,Belize,2013,3.41955282770715,14.977071459886,85.9,73.3,38.0,1.56743333119013,7383181.5174018,341627.0
BLZ,Belize,2014,3.41955282770715,15.2969311705392,86.4,73.6,37.4,1.54259490600527,8234144.4447445,348923.0
BLZ,Belize,2015,3.85795703638755,15.6217886891714,87.6,73.8,30.3,1.52490942193077,7230863.76562175,356333.0
BLZ,Belize,2016,3.85795703638755,15.9888206926786,89.4,74.0,33.3,1.74147616449427,8630946.20587157,364705.0
BLZ,Belize,2017,3.94563787812363,16.3613327487944,90.9,74.1,37.2,1.71598694967655,8135506.60231354,373202.0
BLZ,Belize,2018,3.94563787812363,16.6692678649715,86.5,74.1,35.5,1.27296520458128,6747383.64085985,380226.0
BLZ,Belize,2019,4.03331871985971,16.9149057430951,87.8,74.1,30.4,0.86570647587542,5938162.42691638,385829.0
BLZ,Belize,2020,4.29636124506795,17.1333625602806,95.5,74.3,31.4,0.680250161012556,7114715.62379336,390812.0
BLZ,Belize,2021,4.38404208680403,17.3321350284963,97.1,74.4,26.6,0.544468126582082,6007089.59267243,395346.0
BLZ,Belize,2022,4.38404208680403,17.6559842174485,97.1,74.4,30.8,1.25115776526186,,402733.0
BEN,Benin,1990,14.3224547711955,46.8382316424264,,,93.7,4.77825410354798,125179680.420422,5281479.0
BEN,Benin,1991,14.3667967364314,48.3055338772614,,,95.0,4.57527353128334,126033328.844414,5446932.0
BEN,Benin,1992,14.4554806669032,49.821248669741,,,94.8,4.35204362297114,128354234.510466,5617844.0
BEN,Benin,1993,14.6328485278468,52.0814650585314,,,95.0,5.52657965338476,107982766.960507,5872706.0
BEN,Benin,1994,15.0762681802057,54.0662114224902,,,95.0,4.69009950748992,127770344.988251,6096506.0
BEN,Benin,1995,15.8744235544519,55.2214703795672,,,94.8,2.96256222402312,187893761.595353,6226773.0
BEN,Benin,1996,17.2933664420007,56.6855090457609,2.77705783175004,,84.2,3.39612602520732,186687041.03887,6391858.0
BEN,Benin,1997,18.6236253990777,58.3838683930472,2.95153386395072,,80.6,3.6943565409304,174849553.437719,6583365.0
BEN,Benin,1998,19.9538843561547,60.2118570415041,3.77084155437861,,79.6,3.81873225585877,181474150.524237,6789489.0
BEN,Benin,1999,20.3973040085137,62.1037424618659,4.59248706500119,,76.9,3.85277374723486,115742970.625224,7002818.0
BEN,Benin,2000,21.106775452288,64.0441557289819,5.4,0.2,70.3,3.88786909395408,114785209.45003,7221619.0
BEN,Benin,2001,21.7275629655906,66.0304717985101,4.4,0.2,66.9,3.94566327052938,62591089.695381,7445596.0
BEN,Benin,2002,22.6144022703086,68.0686945725434,6.8,0.3,64.0,4.03177961555619,19675415.5839057,7675426.0
BEN,Benin,2003,23.5012415750266,70.1762149698475,7.4,0.3,61.7,4.1036863782595,0.0,7913070.0
BEN,Benin,2004,23.5012415750266,72.3580525008868,7.9,0.4,60.7,4.16080169303907,0.0,8159094.0
BEN,Benin,2005,23.5367151472153,74.7263568641362,8.5,0.5,59.2,4.3613203982248,0.0,8426144.0
BEN,Benin,2006,22.1709826179496,77.0950869102519,7.9,0.6,57.3,4.29950092533551,0.0,8693242.0
BEN,Benin,2007,22.1709826179496,79.4073164242639,9.7,0.7,54.5,4.16866939711149,0.0,8953969.0
BEN,Benin,2008,22.1709826179496,81.8416637105357,10.3,0.8,54.8,4.26452160146063,0.0,9228466.0
BEN,Benin,2009,22.1709826179496,84.3333008158922,10.9,0.9,52.8,4.27207587479964,0.0,9509423.0
BEN,Benin,2010,22.1709826179496,86.8879389854558,10.6,0.9,47.2,4.28225895129775,0.0,9797484.0
BEN,Benin,2011,22.1709826179496,89.5142160340546,13.6,1.0,48.7,4.29782353859138,0.0,10093623.0
BEN,Benin,2012,23.0578219226676,92.2105090457609,14.6,1.1,50.3,4.30674713102812,0.0,10397657.0
BEN,Benin,2013,23.9446612273856,94.9701489890032,13.4,1.2,52.0,4.30804043455076,0.0,10708834.0
BEN,Benin,2014,23.9446612273856,97.8184107839659,16.2,1.3,51.0,4.37327321723222,0.0,11030004.0
BEN,Benin,2015,23.9446612273856,100.750984391628,11.1,1.3,49.9,4.38482275823725,0.0,11360681.0
BEN,Benin,2016,24.8315005321036,103.741060659808,15.2,1.4,45.4,4.36972283746272,0.0,11697842.0
BEN,Benin,2017,26.5482165661582,106.773501241575,17.2,1.5,45.4,4.33975713790507,0.0,12039780.0
BEN,Benin,2018,30.291952820149,109.820388435615,16.3,1.6,44.0,4.28497689850954,0.0,12383347.0
BEN,Benin,2019,31.3762185172047,112.865865555161,16.9,1.7,46.5,4.21879370461655,0.0,12726755.0
BEN,Benin,2020,29.5429106065981,115.911395885066,17.4,1.8,46.2,4.15735693765436,0.0,13070169.0
BEN,Benin,2021,30.9233283079106,118.955454061724,18.0,1.9,54.5,4.09776573732486,0.0,13413417.0
BEN,Benin,2022,31.4468987229514,122.024663001064,45.5,2.0,,4.06291175270618,,13759501.0
BMU,Bermuda,1990,5.55555555555556,1065.90740740741,100.0,,0.0,0.749864004764586,,57559.0
BMU,Bermuda,1991,5.55555555555556,1073.77777777778,100.0,,0.0,0.735660172807902,,57984.0
BMU,Bermuda,1992,5.55555555555556,1081.61111111111,100.0,,0.0,0.726863524436884,,58407.0
BMU,Bermuda,1993,5.55555555555556,1089.18518518519,100.0,,0.0,0.69781810683388,,58816.0
BMU,Bermuda,1994,5.55555555555556,1096.18518518519,100.0,,0.0,0.640625866899154,,59194.0
BMU,Bermuda,1995,7.40740740740741,1102.33333333333,100.0,,0.3,0.559300649360705,,59526.0
BMU,Bermuda,1996,7.40740740740741,1107.64814814815,100.0,,0.4,0.480983673904791,,59813.0
BMU,Bermuda,1997,7.40740740740741,1114.38888888889,100.0,,0.4,0.606719087580199,,60177.0
BMU,Bermuda,1998,7.40740740740741,1122.94444444444,100.0,,0.4,0.764803092230042,,60639.0
BMU,Bermuda,1999,7.40740740740741,1131.92592592593,100.0,,0.5,0.796633731004024,,61124.0
BMU,Bermuda,2000,7.40740740740741,1139.81481481481,100.0,,0.5,0.694526488745174,,61550.0
BMU,Bermuda,2001,7.40740740740741,1145.68518518519,100.0,,0.5,0.513706697004768,,61867.0
BMU,Bermuda,2002,7.40740740740741,1150.77777777778,100.0,,0.5,0.443516923428655,,62142.0
BMU,Bermuda,2003,7.40740740740741,1155.2962962963,100.0,,0.5,0.391880239398635,,62386.0
BMU,Bermuda,2004,7.40740740740741,1158.42592592593,100.0,,0.5,0.270527854058021,,62555.0
BMU,Bermuda,2005,7.40740740740741,1161.31481481481,100.0,,0.5,0.249070107845201,,62711.0
BMU,Bermuda,2006,7.40740740740741,1163.59259259259,100.0,,0.4,0.19594573954294,,62834.0
BMU,Bermuda,2007,7.40740740740741,1166.85185185185,100.0,,0.5,0.279711571071929,,63010.0
BMU,Bermuda,2008,5.55555555555556,1172.22222222222,100.0,,0.5,0.459188519616631,,63300.0
BMU,Bermuda,2009,5.55555555555556,1177.12962962963,100.0,,0.4,0.417767525195533,,63565.0
BMU,Bermuda,2010,5.55555555555556,1180.09259259259,100.0,,0.4,0.251394586009326,,63725.0
BMU,Bermuda,2011,5.55555555555556,1180.24074074074,100.0,,0.4,0.0125531547811924,,63733.0
BMU,Bermuda,2012,5.55555555555556,1178.62962962963,100.0,,0.4,-0.136600245767712,,63646.0
BMU,Bermuda,2013,5.55555555555556,1177.2962962963,100.0,,1.5,-0.113189762124124,,63574.0
BMU,Bermuda,2014,5.55555555555556,1176.46296296296,100.0,,0.4,-0.0708087171509757,,63529.0
BMU,Bermuda,2015,5.55555555555556,1175.25925925926,100.0,,0.6,-0.102367855986115,,63464.0
BMU,Bermuda,2016,5.55555555555556,1174.98148148148,100.0,,1.1,-0.0236382404794606,,63449.0
BMU,Bermuda,2017,5.55555555555556,1177.37037037037,100.0,,0.6,0.203106496014494,,63578.0
BMU,Bermuda,2018,5.55555555555556,1182.05555555556,100.0,,0.7,0.397146720463835,,63831.0
BMU,Bermuda,2019,5.55555555555556,1187.16666666667,100.0,,0.8,0.431459657274573,,64107.0
BMU,Bermuda,2020,5.55555555555556,1192.25925925926,100.0,,0.9,0.428052860400863,,64382.0
BMU,Bermuda,2021,5.55555555555556,1197.18518518519,100.0,,0.9,0.412307799470159,,64648.0
BMU,Bermuda,2022,5.55555555555556,1199.05555555556,100.0,,0.9,0.156108751379667,,64749.0
BTN,Bhutan,1990,2.88936926139161,12.6123536587976,,,95.9,6.62541032265661,17758309.780894,589287.0
BTN,Bhutan,1991,2.88936926139161,12.8370181709222,,,95.9,5.51493206307455,17944505.6886693,599784.0
BTN,Bhutan,1992,2.88936926139161,12.3659439676391,,,95.3,-0.153534708712176,18256349.250604,577774.0
BTN,Bhutan,1993,2.91077199666117,11.8715193801768,,,95.9,-0.648554213359786,14218942.8868693,554673.0
BTN,Bhutan,1994,3.51758793969849,13.9320854271357,,,95.3,3.25581922148659,13215940.5584872,554497.0
BTN,Bhutan,1995,3.66834170854271,13.768567839196,,,94.4,1.97074169108144,16733338.5401447,547989.0
BTN,Bhutan,1996,3.79396984924623,13.7885427135678,,,93.2,3.16921343384505,16783279.5829922,548784.0
BTN,Bhutan,1997,3.84422110552764,14.0376130653266,,,91.3,4.6926835549366,14386895.2365189,558697.0
BTN,Bhutan,1998,3.84422110552764,14.3074120603015,,,91.5,4.69046757521713,14659429.6483913,569435.0
BTN,Bhutan,1999,3.84422110552764,14.6376633165829,,,91.6,4.96018097630777,16609209.42198,582579.0
BTN,Bhutan,2000,3.86934673366834,14.9965577889447,8.8,8.9,91.4,4.99570174695617,16352488.8435655,596863.0
BTN,Bhutan,2001,3.89447236180905,15.3465829145729,19.8,11.9,90.2,4.78053990188071,16480553.7901648,610794.0
BTN,Bhutan,2002,3.91959798994975,15.6886683417085,23.9,15.0,89.7,4.5823014291638,17508812.052923,624409.0
BTN,Bhutan,2003,3.94472361809045,16.0216834170854,18.5,18.8,89.7,4.38678686940282,19152322.6453307,637663.0
BTN,Bhutan,2004,4.14513209329171,17.0670304588504,32.5,22.9,90.9,4.19784081424795,19173719.0677797,650544.0
BTN,Bhutan,2005,4.38124721252984,17.3640370438387,43.2,27.1,88.7,3.83744546721667,19231869.0604708,661865.0
BTN,Bhutan,2006,3.96935750452554,17.5984206522024,42.0,31.7,91.6,3.35192574301546,26667503.1506575,670799.0
BTN,Bhutan,2007,3.57583230579531,17.8041556260986,58.9,36.3,92.0,3.06794922668367,45429630.512607,678641.0
BTN,Bhutan,2008,2.62350132486817,18.0064275782459,52.3,41.1,87.8,2.94638646918157,41280776.12969,686351.0
BTN,Bhutan,2009,2.62350132486817,18.2067843744261,57.7,45.45,87.8,2.84908815342163,39277126.1504428,693988.0
BTN,Bhutan,2010,2.63924233281738,18.407324815699,59.4,49.9,84.8,2.77772550771019,71238666.3032855,701632.0
BTN,Bhutan,2011,2.62874832751791,18.6105149933101,72.1,54.3,84.9,2.73169433592469,74690698.3715377,709377.0
BTN,Bhutan,2012,2.62874832751791,18.8178240680012,86.9,58.3,82.8,2.70564318283192,64760951.4073182,717279.0
BTN,Bhutan,2013,2.62874832751791,19.0275467639111,80.3,62.1,81.7,2.68127108893837,53107365.0397122,725273.0
BTN,Bhutan,2014,2.62874832751791,19.2339113781252,86.4,66.0,82.1,2.63692532080841,57499362.369426,733139.0
BTN,Bhutan,2015,2.62874832751791,19.4301230422121,92.6,69.2,81.6,2.56807051759891,71189641.7762622,740618.0
BTN,Bhutan,2016,2.62164429530201,19.6063863255034,99.0,72.4,80.8,2.53175320399705,85046298.9466106,747866.0
BTN,Bhutan,2017,2.4774538590604,19.7759804949664,96.8,75.1,79.7,2.43213042782636,72815889.3722763,754335.0
BTN,Bhutan,2018,2.46460409019402,19.920267435763,99.9,77.5,80.0,2.29263376157455,42185412.455103,759759.0
BTN,Bhutan,2019,2.46460409019402,20.0530676455165,100.0,80.1,81.0,2.23422133485435,47572298.372344,764824.0
BTN,Bhutan,2020,2.50393287886733,20.1889355007866,100.0,81.9,83.9,2.23481490884737,57324410.1023669,770006.0
BTN,Bhutan,2021,2.54326166754064,20.3314630309386,100.0,84.1,81.8,2.24996873382202,60791709.2632788,775442.0
BTN,Bhutan,2022,2.58259045621395,20.4749344520189,100.0,85.8,82.5,2.25177171997528,,780914.0
BOL,Bolivia,1990,1.93852118526724,6.58187205760177,,,37.0,3.94398642976942,0.0,7130142.0
BOL,Bolivia,1991,1.94775223853042,6.7204735530324,,,38.1,3.67500838059417,0.0,7280289.0
BOL,Bolivia,1992,1.98467645158313,6.8589827379304,13.2145822115123,,36.9,3.35403317767895,0.0,7430336.0
BOL,Bolivia,1993,2.03083171789901,6.99639527370073,13.3725169498417,,36.9,3.10474225039787,0.0,7579195.0
BOL,Bolivia,1994,2.16929751684667,7.1331320963722,23.167928845758,,35.2,2.9648391962754,0.0,7727322.0
BOL,Bolivia,1995,2.40007384842611,7.26915535862642,20.2616960389374,,33.2,2.83965664190974,0.0,7874676.0
BOL,Bolivia,1996,2.4831533277947,7.40490722791471,32.9567614289426,,32.4,2.73711138345721,0.0,8021736.0
BOL,Bolivia,1997,2.65115849718453,7.53983199483061,24.2240372567879,,32.0,2.64279093834601,0.0,8167900.0
BOL,Bolivia,1998,2.74531524046894,7.67413828117788,32.6782770853407,,30.6,2.56660598338894,0.0,8313394.0
BOL,Bolivia,1999,2.83393335179544,7.80929197821471,28.3738518904785,,30.8,2.52384948987662,0.0,8459806.0
BOL,Bolivia,2000,2.90224314594295,7.94454537062679,28.2,18.4,29.2,2.48487925190585,0.0,8606326.0
BOL,Bolivia,2001,2.90778177790086,8.07969722145297,28.0,19.1,29.0,2.45786073210311,0.0,8752736.0
BOL,Bolivia,2002,3.04624757684852,8.21596510661866,22.5,20.2,28.1,2.4415804320936,0.0,8900355.0
BOL,Bolivia,2003,3.24379211668051,8.35474937690391,35.0,21.5,27.0,2.42539573531518,0.0,9050700.0
BOL,Bolivia,2004,3.30379396289117,8.49652635465707,40.3,23.4,25.8,2.41410019705844,0.0,9204287.0
BOL,Bolivia,2005,3.51333887196529,8.64096187575002,29.5,25.6,24.6,2.39964143893467,0.0,9360754.0
BOL,Bolivia,2006,3.63221434505677,8.78952183144097,41.6,28.0,23.7,2.40272120124863,0.0,9521689.0
BOL,Bolivia,2007,3.75108981814825,8.94116126650051,46.5,30.9,22.1,2.39417978259317,0.0,9685960.0
BOL,Bolivia,2008,3.8699651989292,9.09337948859965,57.0,33.6,21.3,2.35875085977442,0.0,9850858.0
BOL,Bolivia,2009,3.98884067202068,9.24607680236315,63.3,36.4,20.6,2.32426365025958,0.0,10016275.0
BOL,Bolivia,2010,4.10771614511216,9.39937690390474,66.4,39.2,19.9,2.29309010425276,0.0,10182345.0
BOL,Bolivia,2011,4.23213025016154,9.55315148158405,66.6,41.7,18.1,2.26243348520799,0.0,10348929.0
BOL,Bolivia,2012,4.35746736822671,9.7071974522293,72.2,44.1,17.4,2.23269733778787,0.0,10515807.0
BOL,Bolivia,2013,4.48280457860242,9.86117234376442,68.5,46.0,16.0,2.18378253730469,0.0,10682608.0
BOL,Bolivia,2014,4.60537247299917,10.0146662974245,70.3,48.3,15.0,2.08649576914007,0.0,10848888.0
BOL,Bolivia,2015,4.59337210375704,10.1677328533186,74.3,50.4,14.2,2.04221674881054,0.0,11014705.0
BOL,Bolivia,2016,4.46413735807256,10.3203360103388,74.9,52.7,13.6,1.99842910811731,0.0,11180020.0
BOL,Bolivia,2017,4.33213329640912,10.4722486845749,74.8,55.0,14.3,1.95340392867073,0.0,11344587.0
BOL,Bolivia,2018,4.57080125542324,10.6234357980246,77.6,57.6,14.3,1.90931653258492,0.0,11508368.0
BOL,Bolivia,2019,4.84781279423982,10.7739185821102,84.9,60.5,13.5,1.86668783176649,0.0,11671386.0
BOL,Bolivia,2020,4.86957629465522,10.9076885442629,90.9,63.0,16.9,1.67862306674807,0.0,11816299.0
BOL,Bolivia,2021,4.98791673589957,11.0194405981723,95.1,65.9,12.8,1.44780191806532,0.0,11937360.0
BOL,Bolivia,2022,5.13483577956245,11.1484851841595,95.6,68.7,,1.57597128048926,,12077154.0
BIH,Bosnia and Herzegovina,1990,,,100.0,,7.3,1.1026768586601,,4448652.0
BIH,Bosnia and Herzegovina,1991,,,100.0,,8.8,1.03015591099517,,4458343.0
BIH,Bosnia and Herzegovina,1992,16.6015625,82.70734375,100.0,,11.6,-4.32243264968854,1299197.56587503,4234616.0
BIH,Bosnia and Herzegovina,1993,16.6015625,76.2594140625,100.0,,14.6,-7.30083164288366,1518756.99693419,3904482.0
BIH,Bosnia and Herzegovina,1994,16.6015625,72.761953125,100.0,,33.4,-3.88681632710947,882232.588856901,3725412.0
BIH,Bosnia and Herzegovina,1995,16.6015625,72.569609375,100.0,,33.2,0.535330360793938,1069431.53899917,3715564.0
BIH,Bosnia and Herzegovina,1996,17.578125,75.6883984375,100.0,,32.9,5.00003814333966,1083968.73739598,3875246.0
BIH,Bosnia and Herzegovina,1997,17.578125,78.48099609375,100.0,,27.6,4.4076262011208,68285996.9706352,4018227.0
BIH,Bosnia and Herzegovina,1998,18.5546875,79.870234375,100.0,,26.7,2.53143966636789,58025607.3262159,4089356.0
BIH,Bosnia and Herzegovina,1999,18.5546875,80.67001953125,100.0,,28.4,1.7655638375691,61249701.7264348,4130305.0
BIH,Bosnia and Herzegovina,2000,19.53125,81.24552734375,98.9,33.0,19.4,1.47253005956612,58982310.3034805,4159771.0
BIH,Bosnia and Herzegovina,2001,19.7265625,81.6296484375,99.6,31.9,20.3,1.22585460257396,42011297.9838769,4179438.0
BIH,Bosnia and Herzegovina,2002,19.47265625,81.7969140625,97.9,30.4,21.2,0.951550556689194,37334915.1368988,4188002.0
BIH,Bosnia and Herzegovina,2003,19.86328125,81.61177734375,98.9,29.15,20.1,0.512911689302017,39245534.8234198,4178523.0
BIH,Bosnia and Herzegovina,2004,20.078125,80.87865234375,98.9,27.8,20.1,-0.170072467630351,36993108.9562432,4140987.0
BIH,Bosnia and Herzegovina,2005,20.01953125,80.00962890625,98.9,26.4,19.7,-0.355166450462684,32251579.5896457,4096493.0
BIH,Bosnia and Herzegovina,2006,20.05859375,79.36078125,99.1,25.5,18.1,-0.0962931101497754,32180636.5016311,4063272.0
BIH,Bosnia and Herzegovina,2007,19.9609375,78.3871875,99.8,23.9,14.8,-0.523404548361185,16076296.032501,4013424.0
BIH,Bosnia and Herzegovina,2008,19.6875,77.10046875,99.0,22.8,14.3,-0.951098112817447,4529191.82192386,3947544.0
BIH,Bosnia and Herzegovina,2009,19.47265625,75.7772265625,99.0,21.7,17.4,-1.0340809730766,0.0,3879794.0
BIH,Bosnia and Herzegovina,2010,19.609375,74.4428125,99.1,20.7,19.6,-1.08646430373777,0.0,3811472.0
BIH,Bosnia and Herzegovina,2011,19.62890625,73.0819921875,99.7,19.8,14.2,-1.16145833489124,0.0,3741798.0
BIH,Bosnia and Herzegovina,2012,19.58984375,71.68189453125,99.5,18.6,15.3,-1.25769751557954,0.0,3670113.0
BIH,Bosnia and Herzegovina,2013,19.70703125,70.52458984375,99.1,18.0,19.5,-0.918780584901492,10121.571262312,3610859.0
BIH,Bosnia and Herzegovina,2014,19.6484375,69.62556640625,99.9,17.1,23.6,-0.354936654609947,6883758.2617432,3564829.0
BIH,Bosnia and Herzegovina,2015,19.9609375,68.72150390625,99.4,16.2,25.2,-0.376929928973779,21821625.6736272,3518541.0
BIH,Bosnia and Herzegovina,2016,20.0390625,67.83208984375,100.0,15.5,23.0,-0.353411503493823,14786873.8335885,3473003.0
BIH,Bosnia and Herzegovina,2017,20.703125,66.9664453125,100.0,14.7,18.5,-0.316765999645651,2623569.72814968,3428682.0
BIH,Bosnia and Herzegovina,2018,20.09765625,66.15234375,100.0,14.3,35.4,-0.237978500359108,0.0,3387000.0
BIH,Bosnia and Herzegovina,2019,19.82421875,65.34244140625,100.0,13.5,36.8,-0.22996508148154,0.0,3345533.0
BIH,Bosnia and Herzegovina,2020,19.82421875,64.44041015625,100.0,13.4,37.7,-0.372201580556775,0.0,3299349.0
BIH,Bosnia and Herzegovina,2021,19.6875,63.37708984375,100.0,12.2,36.6,-0.63089772531694,0.0,3244907.0
BIH,Bosnia and Herzegovina,2022,7.36328125,62.5937890625,100.0,11.5,,-0.196304253274821,,3204802.0
BWA,Botswana,1990,0.741093642475253,2.30391191572707,,,49.0,9.21051605985979,17973230.8621463,1305696.0
BWA,Botswana,1991,0.529352601768038,2.36754009845958,3.97363741103963,,49.5,6.97253915499895,17449310.5211519,1341756.0
BWA,Botswana,1992,0.441127168140031,2.43508019691917,1.6322980392337,,46.1,5.5396358819136,17912655.5887935,1380033.0
BWA,Botswana,1993,0.617578035396044,2.50580523353272,3.25835695727018,,47.3,5.11898570469501,16319340.3356125,1420115.0
BWA,Botswana,1994,0.69698092566125,2.57622324563725,4.85342418017861,,49.8,4.68958151785751,18568814.2215046,1460023.0
BWA,Botswana,1995,0.608755492033243,2.64470912074533,6.41893134310099,,48.9,4.28735304205401,25992238.7800295,1498836.0
BWA,Botswana,1996,0.608755492033243,2.71013357330651,7.95553274362333,,46.4,3.92892443424341,25421206.701545,1535914.0
BWA,Botswana,1997,0.529352601768038,2.7732624000847,9.46555848682613,,45.8,3.67972886487617,23562713.6005146,1571691.0
BWA,Botswana,1998,0.405836994688829,2.83538722142819,10.9490920946759,,39.2,3.55092100029776,24166433.5660595,1606899.0
BWA,Botswana,1999,0.42348208141443,2.89731794681771,12.406704642078,,41.6,3.51743513810238,17655162.8222259,1641997.0
BWA,Botswana,2000,0.617578035396044,2.95975508619625,12.1,19.8,38.5,3.56937779145218,17576947.4724055,1677382.0
BWA,Botswana,2001,0.352901734512025,3.02128703262577,10.4,21.3,37.5,3.6319460877134,16978754.8480759,1712254.0
BWA,Botswana,2002,0.432304624777231,3.07864944506202,6.4,22.7,36.1,3.65102278031213,20298076.7566494,1744763.0
BWA,Botswana,2003,0.344079191149224,3.13330157217723,16.4,24.3,36.2,3.71020357019451,29758077.5842229,1775736.0
BWA,Botswana,2004,0.398778959998588,3.18872478958234,17.9,25.3,34.3,3.80066138928458,24574934.6020136,1807146.0
BWA,Botswana,2005,0.376722601591587,3.24647892294391,19.3,26.3,33.0,3.86113072010981,26835150.5588948,1839877.0
BWA,Botswana,2006,0.354666243184585,3.30759973885272,20.7,26.6,31.8,3.87807745558753,28242878.2046905,1874516.0
BWA,Botswana,2007,0.321140578405943,3.37233073950558,21.3,27.3,29.0,3.83172166231267,38268270.8066889,1911201.0
BWA,Botswana,2008,0.492297919644275,3.44073897623207,21.6,27.9,27.8,3.72082898466704,48437855.0251518,1949970.0
BWA,Botswana,2009,0.557584740529,3.51255977273128,16.2,27.9,28.9,3.53963448967082,46564356.0860835,1990673.0
BWA,Botswana,2010,0.457007746193072,3.58744199177739,25.2,28.3,29.9,3.28879233538026,42740132.3215509,2033111.0
BWA,Botswana,2011,0.571700809909481,3.65877049035696,25.2,28.5,28.9,2.79092713809452,48475552.5006219,2073535.0
BWA,Botswana,2012,0.502884971679636,3.72067298360771,25.3,28.3,27.8,2.27038481961917,55153089.2113831,2108617.0
BWA,Botswana,2013,0.494062428316835,3.77725195419335,25.9,28.1,26.7,2.06457526078877,57304479.7219167,2140682.0
BWA,Botswana,2014,0.70933248636917,3.83259047518219,26.8,28.0,25.8,1.97586089570463,60950149.7317833,2172044.0
BWA,Botswana,2015,0.458066451396609,3.88769431651757,26.5,27.75,26.1,1.90850647582917,61090348.7414538,2203273.0
BWA,Botswana,2016,0.458066451396609,3.94328163322923,28.8,27.6,26.7,1.85382980093925,63900837.9736104,2234776.0
BWA,Botswana,2017,0.458066451396609,3.99969473999965,31.0,27.4,26.7,1.80135794157243,64977954.1824012,2266747.0
BWA,Botswana,2018,0.458066451396609,4.05685423393856,29.1,27.2,25.6,1.74036227397811,49953919.2621761,2299141.0
BWA,Botswana,2019,0.458772254865633,4.11498067863004,27.9,27.1,26.2,1.67814232532808,46007983.1961451,2332083.0
BWA,Botswana,2020,0.458772254865633,4.17464048135797,26.2,26.7,27.7,1.62265167998702,49210655.5814819,2365894.0
BWA,Botswana,2021,0.458772254865633,4.23736347114146,25.0,26.7,27.4,1.59573994219443,52121863.8006821,2401441.0
BWA,Botswana,2022,0.458772254865633,4.30521059411007,25.0,26.6,,1.69471384075785,,2439892.0
BRA,Brazil,1990,5.66393958464443,17.8440685367797,58.9484320241383,,49.8,2.62252811890115,0.0,149143223.0
BRA,Brazil,1991,5.53065634220054,18.1528732469186,68.1410230491832,,48.9,2.54516486348498,0.0,151724256.0
BRA,Brazil,1992,5.39749274360085,18.458063516524,62.0133014337249,,48.7,2.45577042704231,0.0,154275079.0
BRA,Brazil,1993,5.26420950115696,18.7595059427097,64.3043978721134,,48.2,2.33956364106835,0.0,156794577.0
BRA,Brazil,1994,5.13104590255727,19.0550775651042,69.5260303381059,,48.3,2.25296870894453,0.0,159265006.0
BRA,Brazil,1995,5.09240094087919,19.3506058764271,67.946114285024,,46.1,2.24077982957019,0.0,161735073.0
BRA,Brazil,1996,5.16143543898523,19.6458241905496,71.0417639637788,,44.5,2.26741737067631,0.0,164202549.0
BRA,Brazil,1997,5.23046993709127,19.9400415642715,71.8385840283646,,43.7,2.37486946819964,0.0,166661659.0
BRA,Brazil,1998,5.2995044351973,20.2389114085191,74.6887052208251,,43.8,2.48051087111792,0.0,169159655.0
BRA,Brazil,1999,5.36853893330334,20.5358540297243,76.5073551123924,,44.0,2.40147532395185,0.0,171641543.0
BRA,Brazil,2000,5.43757343140938,20.8202162203552,74.6,55.4,42.7,2.11961613870917,0.0,174018282.0
BRA,Brazil,2001,5.50660792951542,21.0933536648106,81.9,56.55,41.3,1.85343169136034,0.0,176301203.0
BRA,Brazil,2002,5.57564242762146,21.3568430296693,84.1,58.0,42.9,1.72837458122615,0.0,178503484.0
BRA,Brazil,2003,5.64467692572749,21.610392742883,85.3,59.3,45.1,1.61792423832168,0.0,180622688.0
BRA,Brazil,2004,5.71371142383353,21.8559563491399,83.5,60.8,45.2,1.52697920659059,0.0,182675143.0
BRA,Brazil,2005,5.78274592193957,22.0967943824822,84.8,62.0,46.1,1.46073467565998,0.0,184688101.0
BRA,Brazil,2006,5.85225899542243,22.3318951345634,87.2,63.6,46.7,1.39918487577637,0.0,186653106.0
BRA,Brazil,2007,5.92679711036187,22.5591243984906,89.8,65.2,47.2,1.33735429441892,0.0,188552320.0
BRA,Brazil,2008,6.00121558145712,22.7762758221327,91.9,66.7,47.0,1.2751176413848,0.0,190367302.0
BRA,Brazil,2009,6.07575369639657,22.9811837322658,93.6,68.0,48.9,1.21281560260939,0.0,192079951.0
BRA,Brazil,2010,6.15029181133602,23.175243415401,92.1,69.8,46.8,1.16628221038283,0.0,193701929.0
BRA,Brazil,2011,6.22471028243126,23.3646162902273,96.2,71.3,45.2,1.14373726656016,0.0,195284734.0
BRA,Brazil,2012,6.29924839737071,23.555014752086,97.2,72.7,43.5,1.13582229672967,0.0,196876111.0
BRA,Brazil,2013,6.37366686846595,23.7467066835444,97.5,74.0,42.3,1.12835615908882,0.0,198478299.0
BRA,Brazil,2014,6.4482049834054,23.93895376244,97.9,75.2,41.7,1.11754171317172,0.0,200085127.0
BRA,Brazil,2015,6.52274309834485,24.1292359304821,98.2,76.5,43.7,1.09609675577337,0.0,201675532.0
BRA,Brazil,2016,6.59716156944009,24.3137963709629,98.5,77.8,45.4,1.05925972214881,0.0,203218114.0
BRA,Brazil,2017,6.67158004053533,24.4915070817191,99.2,78.8,45.3,1.01821425229253,0.0,204703445.0
BRA,Brazil,2018,6.66870858827442,24.659465024515,98.4,79.7,46.9,0.965855875269478,0.0,206107261.0
BRA,Brazil,2019,6.66583713601351,24.8207686159839,98.5,80.5,47.5,0.926629993198714,0.0,207455459.0
BRA,Brazil,2020,6.66296568375261,24.9649852718428,98.7,81.2,50.0,0.845977299612384,0.0,208660842.0
BRA,Brazil,2021,6.6600942314917,25.0714027283582,97.3,82.2,46.5,0.683749836538948,0.0,209550294.0
BRA,Brazil,2022,6.65722277923079,25.161867951482,97.3,82.75,,0.604875020599164,,210306415.0
VGB,British Virgin Islands,1990,13.3333333333333,104.693333333333,94.0837968319117,,1.3,6.33295304973719,,15704.0
VGB,British Virgin Islands,1991,13.3333333333333,107.913333333333,94.2709901768486,,1.4,4.81458190610558,,16187.0
VGB,British Virgin Islands,1992,13.3333333333333,110.62,94.4866680317912,,1.1,3.61261884726107,,16593.0
VGB,British Virgin Islands,1993,13.3333333333333,113.26,94.7034622008672,,1.2,3.41340240201002,,16989.0
VGB,British Virgin Islands,1994,13.3333333333333,116.04,94.9221384530102,,1.1,3.39992413157726,,17406.0
VGB,British Virgin Islands,1995,13.3333333333333,118.933333333333,95.144044124297,,1.1,3.34292966491947,,17840.0
VGB,British Virgin Islands,1996,13.3333333333333,121.913333333333,95.370310113308,,0.9,3.24804510661646,,18287.0
VGB,British Virgin Islands,1997,13.3333333333333,125.04,95.6021055274617,,1.0,3.18440060654516,,18756.0
VGB,British Virgin Islands,1998,13.3333333333333,128.253333333333,95.84089306977,,1.0,3.06120538634782,,19238.0
VGB,British Virgin Islands,1999,6.66666666666667,131.533333333333,96.0867978807906,,0.9,2.90978726678976,,19730.0
VGB,British Virgin Islands,2000,6.66666666666667,134.94,96.7,,0.9,2.78044282040668,,20241.0
VGB,British Virgin Islands,2001,6.66666666666667,138.64,96.8,,0.9,2.80826066240029,,20796.0
VGB,British Virgin Islands,2002,6.66666666666667,142.866666666667,96.9,,0.8,3.99290453246783,,21430.0
VGB,British Virgin Islands,2003,6.66666666666667,147.56,97.0,,0.8,4.1986791416892,,22134.0
VGB,British Virgin Islands,2004,6.66666666666667,152.54,97.1,,0.8,4.32271125552629,,22881.0
VGB,British Virgin Islands,2005,6.66666666666667,157.766666666667,97.3,,0.8,4.41444174593729,,23665.0
VGB,British Virgin Islands,2006,6.66666666666667,163.286666666667,97.4,,0.7,4.52369276112861,,24493.0
VGB,British Virgin Islands,2007,6.66666666666667,169.106666666667,97.6,,0.7,4.62807525640062,,25366.0
VGB,British Virgin Islands,2008,6.66666666666667,175.253333333333,97.7,,0.7,4.72650915589458,,26288.0
VGB,British Virgin Islands,2009,6.66666666666667,181.453333333333,97.9,,0.7,4.66576082234558,,27218.0
VGB,British Virgin Islands,2010,6.66666666666667,184.5,97.5,,0.7,2.88728776975261,,27675.0
VGB,British Virgin Islands,2011,6.66666666666667,191.4,98.0,,0.9,4.92912917168775,,28710.0
VGB,British Virgin Islands,2012,6.66666666666667,202.3,98.2,,0.9,6.82751296204526,,30345.0
VGB,British Virgin Islands,2013,6.66666666666667,211.353333333333,98.4,,1.0,5.68618168072113,,31703.0
VGB,British Virgin Islands,2014,6.66666666666667,219.746666666667,98.7,,1.0,5.23733318029173,,32962.0
VGB,British Virgin Islands,2015,6.66666666666667,229.986666666667,100.0,,1.0,5.92417335551056,,34498.0
VGB,British Virgin Islands,2016,6.66666666666667,225.853333333333,100.0,,1.0,-0.422635050318147,,33878.0
VGB,British Virgin Islands,2017,6.66666666666667,217.993333333333,100.0,,1.1,-2.1283723577978,,32699.0
VGB,British Virgin Islands,2018,6.66666666666667,231.046666666667,100.0,,1.2,7.25358406471661,,34657.0
VGB,British Virgin Islands,2019,6.66666666666667,242.633333333333,100.0,,1.2,6.35460762171749,,36395.0
VGB,British Virgin Islands,2020,6.66666666666667,247.566666666667,100.0,,1.3,3.48887573960334,,37135.0
VGB,British Virgin Islands,2021,6.66666666666667,252.06,100.0,,1.3,3.29776845083359,,37809.0
VGB,British Virgin Islands,2022,6.66666666666667,255.46,100.0,,1.3,2.85015911285636,,38319.0
BRN,Brunei Darussalam,1990,0.759013282732448,48.442504743833,100.0,,0.7,4.2927239622439,3420604.75647192,255292.0
BRN,Brunei Darussalam,1991,0.759013282732448,49.8284629981025,100.0,,0.4,3.96037588939005,3670595.00023085,262596.0
BRN,Brunei Darussalam,1992,0.759013282732448,51.2028462998102,100.0,,0.2,3.64729609397841,3984192.00219116,269839.0
BRN,Brunei Darussalam,1993,0.759013282732448,52.5561669829222,100.0,,0.0,3.48055107798347,4462588.04416301,276971.0
BRN,Brunei Darussalam,1994,0.759013282732448,53.907210626186,100.0,,0.0,3.36656580300903,4621607.33450625,284091.0
BRN,Brunei Darussalam,1995,0.759013282732448,55.2552182163188,100.0,,0.0,3.25840693257655,4964467.21008537,291195.0
BRN,Brunei Darussalam,1996,0.759013282732448,56.5988614800759,100.0,,0.0,3.15364238758446,5100690.04228973,298276.0
BRN,Brunei Darussalam,1997,0.759013282732448,57.9394686907021,100.0,,0.0,3.05862781000705,3924388.72616203,305341.0
BRN,Brunei Darussalam,1998,0.759013282732448,59.2760910815939,100.0,,0.0,2.9669350362735,3929090.18592748,312385.0
BRN,Brunei Darussalam,1999,0.759013282732448,60.6092979127135,100.0,,0.0,2.88188088383119,3938212.29108459,319411.0
BRN,Brunei Darussalam,2000,0.759013282732448,61.9400379506641,100.0,100.0,0.0,2.8033002729164,4194473.51701154,326424.0
BRN,Brunei Darussalam,2001,0.759013282732448,63.253320683112,100.0,100.0,0.0,2.70466798589557,4618353.18289612,333345.0
BRN,Brunei Darussalam,2002,0.759013282732448,64.5349146110057,100.0,100.0,0.0,2.62405907233626,4688648.91209525,340099.0
BRN,Brunei Darussalam,2003,0.759013282732448,65.7755218216319,100.0,100.0,0.0,2.56133164564683,5857788.54824879,346637.0
BRN,Brunei Darussalam,2004,0.759013282732448,66.9660341555977,100.0,100.0,0.0,2.46634308535413,3579161.2980222,352911.0
BRN,Brunei Darussalam,2005,0.759013282732448,68.1055028462998,100.0,100.0,0.0,2.34941515081342,5255850.19166408,358916.0
BRN,Brunei Darussalam,2006,0.759013282732448,69.1960151802657,100.0,100.0,0.0,2.21474575888683,7269485.77044971,364663.0
BRN,Brunei Darussalam,2007,0.759013282732448,70.3743833017078,100.0,100.0,0.0,2.25373209014653,9657299.92268506,370873.0
BRN,Brunei Darussalam,2008,0.759013282732448,71.6874762808349,100.0,100.0,0.0,2.32906293996389,10100921.00581,377793.0
BRN,Brunei Darussalam,2009,0.759013282732448,73.0459203036053,100.0,100.0,0.0,2.24871692257595,8446363.85242367,384952.0
BRN,Brunei Darussalam,2010,0.759013282732448,74.4462998102467,100.0,100.0,0.0,2.13763231763551,9300279.79756153,392332.0
BRN,Brunei Darussalam,2011,0.759013282732448,75.7853889943074,100.0,100.0,0.0,1.86442097275366,8945726.28654668,399389.0
BRN,Brunei Darussalam,2012,0.759013282732448,76.9557874762808,100.0,100.0,0.0,1.47876574530849,9644563.0936679,405557.0
BRN,Brunei Darussalam,2013,0.759013282732448,78.026944971537,100.0,100.0,0.0,1.25491357830479,9739467.96007749,411202.0
BRN,Brunei Darussalam,2014,0.759013282732448,79.0796963946869,100.0,100.0,0.0,1.18247146979674,11370347.3844138,416750.0
BRN,Brunei Darussalam,2015,0.759013282732448,80.1161290322581,100.0,100.0,0.0,1.1569604707954,6982366.38752405,422212.0
BRN,Brunei Darussalam,2016,0.759013282732448,81.1316888045541,100.0,100.0,0.0,1.17059243594279,6193113.70495885,427564.0
BRN,Brunei Darussalam,2017,0.759013282732448,82.1199240986717,100.0,100.0,0.0,1.16538370595317,6860746.5211549,432772.0
BRN,Brunei Darussalam,2018,0.759013282732448,83.0759013282732,100.0,100.0,0.0,1.11655140087142,8520643.4003245,437810.0
BRN,Brunei Darussalam,2019,0.759013282732448,84.0,100.0,100.0,0.0,1.07311763309346,8740739.04185009,442680.0
BRN,Brunei Darussalam,2020,0.759013282732448,84.896394686907,100.0,100.0,0.0,1.03781376044761,6829850.82953689,447404.0
BRN,Brunei Darussalam,2021,0.759013282732448,85.715559772296,100.0,100.0,0.0,0.949608642411604,6844236.81688548,451721.0
BRN,Brunei Darussalam,2022,0.759013282732448,86.4079696394687,100.0,100.0,,0.81858179169263,,455370.0
BGR,Bulgaria,1990,34.8549218114436,78.8058302449607,100.0,,1.8,-2.21203604774797,0.0,8718289.0
BGR,Bulgaria,1991,34.9272349272349,78.0291693030823,100.0,,2.2,-0.917028730205514,0.0,8632367.0
BGR,Bulgaria,1992,36.5813974509627,77.1957335261683,100.0,,2.6,-0.980498680139071,0.0,8540164.0
BGR,Bulgaria,1993,36.7260236825454,76.5824188737232,100.0,,2.4,-0.386252440254184,0.0,8472313.0
BGR,Bulgaria,1994,36.1655970351622,76.3227967097532,100.0,,2.3,0.0969478986705286,0.0,8443591.0
BGR,Bulgaria,1995,36.1384796167405,75.9836120401338,100.0,,3.0,-0.281585374596669,0.0,8406067.0
BGR,Bulgaria,1996,37.9915032088945,75.5927506101419,100.0,,3.5,-0.715461997004576,0.0,8362826.0
BGR,Bulgaria,1997,38.8502214589171,75.1339419687246,100.0,,3.8,-0.666049979859632,0.0,8312068.0
BGR,Bulgaria,1998,31.9623971797885,74.6342402603272,100.0,,5.8,-0.363361462906075,0.0,8256786.0
BGR,Bulgaria,1999,32.3420410376932,74.216975503932,100.0,,6.6,-0.291957808479265,0.0,8210624.0
BGR,Bulgaria,2000,31.8720057850493,73.8513242339329,77.8,,8.0,-0.178227572734904,0.0,8170172.0
BGR,Bulgaria,2001,31.3386965560879,72.3957516044473,78.6,,7.2,-0.63229130442258,0.0,8009142.0
BGR,Bulgaria,2002,30.8363970588235,72.0327297794118,79.5,,8.7,-1.75362841741821,0.0,7837161.0
BGR,Bulgaria,2003,30.5507033189299,71.4841132665257,80.3,,9.2,-0.368563396885562,0.0,7775327.0
BGR,Bulgaria,2004,30.4615667524825,70.953107760206,81.2,,9.6,-0.556535209871054,0.0,7716860.0
BGR,Bulgaria,2005,29.2065537555228,70.4986377025037,82.0,,9.8,-0.513513532084883,0.0,7658972.0
BGR,Bulgaria,2006,28.8318144159072,69.9716652858326,82.9,,10.0,-0.161253174497776,0.0,7601022.0
BGR,Bulgaria,2007,28.404382653531,69.4718534204953,83.8,,8.8,-0.484706826927714,0.0,7545338.0
BGR,Bulgaria,2008,28.4320044194826,68.98592210662,84.7,,9.9,-0.394429805799949,0.0,7492561.0
BGR,Bulgaria,2009,28.9793662490789,68.5744565217391,85.6,,11.6,-0.082219130088333,0.0,7444443.0
BGR,Bulgaria,2010,29.3478260869565,68.1245302137067,86.6,,14.3,-0.35970681350484,0.0,7395599.0
BGR,Bulgaria,2011,29.9373618275608,67.6890935887988,87.5,,13.2,0.878627709438502,0.0,7348328.0
BGR,Bulgaria,2012,30.5545320560059,67.2981577008106,88.4,,15.6,-0.361415513188157,0.0,7305888.0
BGR,Bulgaria,2013,32.0467943994105,65.9543570375829,89.4,,18.2,-1.74964823578273,0.0,7160005.0
BGR,Bulgaria,2014,32.1112748710391,65.1581798084009,90.7,,17.1,-1.04853258518919,0.0,7073572.0
BGR,Bulgaria,2015,32.3295873249816,64.3351602800295,92.3,,17.9,-1.24575275865969,0.0,6984225.0
BGR,Bulgaria,2016,32.2033898305085,63.5053334561533,94.2,,17.7,-1.19988025388411,0.0,6894139.0
BGR,Bulgaria,2017,32.1396462785556,62.6701179071481,96.0,,17.1,-1.02990764186942,0.0,6803468.0
BGR,Bulgaria,2018,32.0375829034635,61.816488577745,97.4,,19.6,-1.08604770687718,0.0,6710798.0
BGR,Bulgaria,2019,32.0191599115696,60.9499447310243,98.4,,19.3,-1.25421805522404,0.0,6616726.0
BGR,Bulgaria,2020,32.1665438467207,60.3417096536478,99.4,,21.1,-1.53644759703136,0.0,6550696.0
BGR,Bulgaria,2021,32.2402358142962,59.9419767870302,99.5,,20.4,-0.633598562114185,0.0,6507301.0
BGR,Bulgaria,2022,31.9454679439941,59.5532148120855,99.6,,,-0.469305922567666,,6465097.0
BFA,Burkina Faso,1990,14.1842591374269,33.4771783625731,,,86.3,4.97407851859942,0.0,9159356.0
BFA,Burkina Faso,1991,14.6441659356725,34.3371052631579,,,86.1,4.79120000869306,0.0,9394632.0
BFA,Burkina Faso,1992,15.1040727339181,35.1947185672515,,,86.4,4.71157843654025,0.0,9629275.0
BFA,Burkina Faso,1993,15.5639795321637,36.0808223684211,2.11886320042586,,86.3,4.78842394139431,0.0,9871713.0
BFA,Burkina Faso,1994,16.0238863304094,37.0021856725146,1.35751354030041,,86.2,4.94208069683721,0.0,10123798.0
BFA,Burkina Faso,1995,16.4837927631579,37.9631652046784,1.6318759881764,,86.4,5.15799239376985,0.0,10386722.0
BFA,Burkina Faso,1996,16.9436995614035,38.9471564327485,1.89743050224686,,85.8,5.36969419235934,0.0,10655942.0
BFA,Burkina Faso,1997,17.4036063596491,39.9642653508772,2.07642889027307,,85.2,5.75804029706507,0.0,10934223.0
BFA,Burkina Faso,1998,17.8635131578947,41.084298245614,2.17145348172265,,84.1,6.66422162469726,0.0,11240664.0
BFA,Burkina Faso,1999,18.3234199561404,42.3060233918129,,,83.1,7.33425800837402,0.0,11574928.0
BFA,Burkina Faso,2000,18.7833263888889,43.5875219298246,2.3,0.6,83.9,7.62879177550086,0.0,11925546.0
BFA,Burkina Faso,2001,19.2432331871345,44.9378691520468,2.2,0.6,81.7,7.7116655529497,0.0,12295001.0
BFA,Burkina Faso,2002,19.7031399853801,46.348307748538,2.1,0.7,81.8,7.5795709254613,0.0,12680897.0
BFA,Burkina Faso,2003,20.1630467836257,47.8162719298246,1.2,0.7,80.8,7.28008333746817,0.0,13082532.0
BFA,Burkina Faso,2004,20.6229532163743,49.3440533625731,1.8,0.8,82.0,6.84884950664997,0.0,13500533.0
BFA,Burkina Faso,2005,21.0828600146199,50.9215021929825,1.6,0.8,85.4,6.27808469740722,0.0,13932123.0
BFA,Burkina Faso,2006,21.5427668128655,52.5354788011696,1.4,0.9,84.8,5.5204727764138,0.0,14373707.0
BFA,Burkina Faso,2007,22.0026736111111,54.1531688596491,1.2,1.0,82.9,4.88377868131355,0.0,14816307.0
BFA,Burkina Faso,2008,22.4625804093567,55.7678837719298,1.2,1.0,83.5,4.61804701256379,0.0,15258093.0
BFA,Burkina Faso,2009,22.9224868421053,57.419831871345,2.6,1.1,83.3,4.54039680545131,0.0,15710066.0
BFA,Burkina Faso,2010,23.3823936403509,59.1246271929825,1.5,1.2,82.1,4.47137126154822,0.0,16176498.0
BFA,Burkina Faso,2011,23.8423004385965,60.8987865497076,1.9,1.2,81.4,4.41061818413126,0.0,16661908.0
BFA,Burkina Faso,2012,24.3022072368421,62.764206871345,1.5,1.3,79.2,4.36448216727922,0.0,17172287.0
BFA,Burkina Faso,2013,24.7621140350877,64.6762024853801,1.0,1.4,78.7,4.22685053238766,0.0,17695409.0
BFA,Burkina Faso,2014,25.2220204678363,66.6281469298246,4.7,1.6,78.9,4.06394733568158,0.0,18229461.0
BFA,Burkina Faso,2015,25.6819272660819,68.6311659356725,,1.7,78.8,3.90316251357792,0.0,18777487.0
BFA,Burkina Faso,2016,26.1418340643275,70.6683333333333,,1.8,77.1,3.70295599634333,0.0,19334856.0
BFA,Burkina Faso,2017,26.6017408625731,72.713475877193,,2.0,74.6,3.453237263364,0.0,19894407.0
BFA,Burkina Faso,2018,27.0616472953216,74.7013450292398,,2.1,73.7,3.10525103527391,0.0,20438288.0
BFA,Burkina Faso,2019,27.5215540935673,76.6153216374269,,2.3,72.7,2.66592775967332,0.0,20961952.0
BFA,Burkina Faso,2020,27.9814608918129,78.5039839181287,,2.6,73.1,3.34653648375742,0.0,21478690.0
BFA,Burkina Faso,2021,28.4413676900585,80.3919700292398,,2.9,71.2,4.08275479819578,0.0,21995243.0
BFA,Burkina Faso,2022,28.9012744883041,82.2698757309942,3.4,3.2,71.4,4.03846027131982,,22509038.0
BDI,Burundi,1990,36.214953271028,217.564330218069,,,94.6,5.35786388601828,151353797.187544,5587052.0
BDI,Burundi,1991,36.214953271028,222.11281152648,,,93.5,5.14774926082025,148094366.053988,5703857.0
BDI,Burundi,1992,36.214953271028,228.131113707165,,,94.3,5.5106377218756,151849120.38715,5858407.0
BDI,Burundi,1993,36.214953271028,221.060864485981,,,94.0,-0.50549354546597,133648599.086939,5676843.0
BDI,Burundi,1994,36.214953271028,222.502102803738,,,93.9,3.14371577253102,157826086.10521,5713854.0
BDI,Burundi,1995,36.6043613707165,236.227258566978,,,93.7,8.37214132238548,237594960.70294,6066316.0
BDI,Burundi,1996,36.6043613707165,236.390420560748,,,93.5,2.38570462011933,243465074.101175,6070506.0
BDI,Burundi,1997,36.993769470405,236.372352024922,,,93.4,2.27327923761252,229813314.110486,6070042.0
BDI,Burundi,1998,36.993769470405,240.930996884735,,,93.2,4.18646694292606,241490064.640789,6187108.0
BDI,Burundi,1999,37.3831775700935,246.773948598131,,,93.8,4.69633945105472,124583235.118543,6337155.0
BDI,Burundi,2000,37.3831775700935,251.954595015576,,0.2,93.2,4.42724757676657,131103342.206984,6470194.0
BDI,Burundi,2001,37.9672897196262,258.347546728972,,0.2,94.7,4.92850345870584,164104571.443044,6634365.0
BDI,Burundi,2002,38.3956386292835,265.73722741433,,0.2,94.6,5.33658858683554,199328809.20096,6824132.0
BDI,Burundi,2003,38.5514018691589,274.266121495327,,0.2,95.8,5.78733223507489,317065510.356674,7043154.0
BDI,Burundi,2004,38.3566978193146,284.682866043614,,0.2,96.0,6.48341658412648,277791225.871378,7310656.0
BDI,Burundi,2005,37.2274143302181,295.455568535826,,0.2,96.0,6.61031395369321,296591135.165822,7587299.0
BDI,Burundi,2006,36.5654205607477,306.290771028037,,0.2,95.3,6.64836041653792,300872214.742807,7865547.0
BDI,Burundi,2007,36.6822429906542,317.829984423676,,0.2,95.3,6.90321841176974,434136029.676458,8161874.0
BDI,Burundi,2008,36.7990654205608,331.216394080997,0.9,0.2,95.0,7.48157827841844,526392198.613133,8505637.0
BDI,Burundi,2009,36.9158878504673,348.428582554517,,0.2,94.6,8.86724618071864,535604619.40729,8947646.0
BDI,Burundi,2010,36.993769470405,365.126323987539,,0.2,93.2,9.20944822168978,480882869.686584,9376444.0
BDI,Burundi,2011,38.9408099688474,378.425934579439,,0.2,92.1,8.70036095016159,550114143.066826,9717978.0
BDI,Burundi,2012,39.9922118380062,392.173987538941,,0.2,91.7,9.14294188066085,399377646.643656,10071028.0
BDI,Burundi,2013,41.0436137071651,406.516394080997,1.0,0.1,90.8,9.48944364876661,429417624.908896,10439341.0
BDI,Burundi,2014,42.095015576324,420.552375389408,1.0,0.2,91.3,9.50368804171174,465212966.527608,10799785.0
BDI,Burundi,2015,43.1464174454829,430.201713395639,1.2,0.1,91.2,8.4949542888441,477754639.379489,11047580.0
BDI,Burundi,2016,44.1978193146417,437.673325545171,1.5,0.1,89.6,7.98774207472562,499824344.338076,11239451.0
BDI,Burundi,2017,45.2492211838006,448.082632398754,1.7,0.1,88.2,8.59299773061035,494658478.124476,11506762.0
BDI,Burundi,2018,46.3006230529595,461.816433021807,2.0,0.1,85.7,9.18830907813434,357301496.973476,11859446.0
BDI,Burundi,2019,47.3520249221184,477.232710280374,2.0,0.1,84.8,9.34095492036934,338230904.721866,12255336.0
BDI,Burundi,2020,48.4034267912773,491.317601246106,0.9,0.1,83.4,8.82413774093098,366914712.027237,12617036.0
BDI,Burundi,2021,49.4548286604361,504.886331775701,1.6,0.1,83.1,8.47552856935213,387979513.505285,12965481.0
BDI,Burundi,2022,50.3702686915888,518.734306853583,1.6,0.1,83.0,8.27635879274974,,13321097.0
CPV,Cabo Verde,1990,10.1736972704715,93.1583126550868,,,21.1,5.70763968176425,987857.5129417,375428.0
CPV,Cabo Verde,1991,10.1736972704715,95.4307692307692,,,26.3,5.24428184389954,1025957.12106178,384586.0
CPV,Cabo Verde,1992,10.1736972704715,97.62158808933,,,26.3,4.8100142888908,1085254.38207102,393415.0
CPV,Cabo Verde,1993,10.1736972704715,99.7431761786601,,,30.4,4.44156866785449,884020.920022863,401965.0
CPV,Cabo Verde,1994,10.1736972704715,101.793548387097,,,32.4,4.12346250288592,1135040.43478261,410228.0
CPV,Cabo Verde,1995,10.4218362282878,103.747890818859,,,30.8,3.82761408114628,1828529.82618826,418104.0
CPV,Cabo Verde,1996,10.4218362282878,105.603225806452,,,30.2,3.57208745762701,1912847.34251126,425581.0
CPV,Cabo Verde,1997,10.9181141439206,107.394044665012,,,30.5,3.38951921675691,1867026.76627887,432798.0
CPV,Cabo Verde,1998,10.9181141439206,109.127543424318,,,30.0,3.24921716167753,2022602.12770101,439784.0
CPV,Cabo Verde,1999,10.9181141439206,110.798759305211,,,26.9,3.13640768006772,1200262.32171274,446519.0
CPV,Cabo Verde,2000,10.9181141439206,112.485607940447,31.8,29.8,27.9,3.12326771114376,1236972.77040574,453317.0
CPV,Cabo Verde,2001,11.4143920595534,114.216625310174,33.9,29.3,26.0,3.07825657547249,1766288.30813743,460293.0
CPV,Cabo Verde,2002,11.6625310173697,115.892307692308,30.7,29.1,26.0,2.89581866204217,2125005.77367762,467046.0
CPV,Cabo Verde,2003,11.6625310173697,117.46476426799,38.3,29.1,24.8,2.70487077117372,3711072.00390045,473383.0
CPV,Cabo Verde,2004,11.9106699751861,118.950372208437,40.6,29.2,24.4,2.55872209777565,3397732.05785905,479370.0
CPV,Cabo Verde,2005,11.9106699751861,120.375930521092,42.5,29.2,23.9,2.46243162201188,3378442.09665814,485115.0
CPV,Cabo Verde,2006,11.9106699751861,121.768734491315,45.4,29.7,21.2,2.41473965861488,3186770.19380647,490728.0
CPV,Cabo Verde,2007,11.9106699751861,123.124069478908,48.0,30.3,21.0,2.38738037792844,4875001.47430262,496190.0
CPV,Cabo Verde,2008,12.4069478908189,124.40570719603,50.6,30.9,23.8,2.35362682827583,5500921.59916734,501355.0
CPV,Cabo Verde,2009,12.4069478908189,125.593300248139,53.4,31.9,22.1,2.32578162495795,5826904.06572422,506141.0
CPV,Cabo Verde,2010,12.4069478908189,126.497270471464,65.7,33.0,21.2,2.16948851048454,4956755.20604706,509784.0
CPV,Cabo Verde,2011,12.4069478908189,126.909925558313,67.8,34.0,20.8,1.84272226771072,5623452.30241004,511447.0
CPV,Cabo Verde,2012,12.4069478908189,127.035980148883,69.5,35.5,24.3,1.65562755777489,6497781.27698523,511955.0
CPV,Cabo Verde,2013,12.4069478908189,127.102977667494,71.5,37.1,25.9,1.64464391473185,6690944.84678016,512225.0
CPV,Cabo Verde,2014,12.4069478908189,127.128039702233,73.8,38.4,26.1,1.64324666202082,7517608.57088859,512326.0
CPV,Cabo Verde,2015,12.4069478908189,127.144913151365,76.2,40.3,26.4,1.66511437935516,8027665.12691906,512394.0
CPV,Cabo Verde,2016,12.4069478908189,127.184615384615,78.8,42.2,23.9,1.70726295941253,8391067.99371389,512554.0
CPV,Cabo Verde,2017,12.4069478908189,127.268734491315,81.2,44.2,21.8,1.76344743706428,7877414.21486282,512893.0
CPV,Cabo Verde,2018,12.4069478908189,127.398263027295,84.6,46.3,21.9,1.81675714123481,4953746.35555736,513415.0
CPV,Cabo Verde,2019,12.4069478908189,127.569230769231,87.3,48.6,19.7,1.86394088037893,4907820.03004799,514104.0
CPV,Cabo Verde,2020,12.4069478908189,127.711910669975,92.7,51.0,23.4,1.85356158998151,5422935.22190483,514679.0
CPV,Cabo Verde,2021,12.4069478908189,128.200744416873,96.9,53.1,22.6,2.11885242169885,5734358.04927047,516649.0
CPV,Cabo Verde,2022,12.4069478908189,128.967990074442,96.9,55.3,21.8,1.76688526313227,,519741.0
KHM,Cambodia,1990,20.9324722411058,41.7785633355994,,,,6.34573667992198,0.0,7374752.0
KHM,Cambodia,1991,20.9607976433265,43.5466236120553,,,,6.3101280542735,0.0,7686850.0
KHM,Cambodia,1992,20.9607976433265,45.9612678450034,,,,7.55265811795963,0.0,8113083.0
KHM,Cambodia,1993,21.0514389304328,48.8124915023793,,,,8.1649458414596,0.0,8616381.0
KHM,Cambodia,1994,20.9607976433265,52.3405959664627,,,,9.11442797454118,0.0,9239162.0
KHM,Cambodia,1995,20.9607976433265,56.7555914343984,,,82.5,10.2271871541158,0.0,10018497.0
KHM,Cambodia,1996,20.9607976433265,61.190063448901,,,82.5,9.7119037479765,0.0,10801270.0
KHM,Cambodia,1997,20.9607976433265,65.5505438477226,,,82.2,8.55389602053218,0.0,11570982.0
KHM,Cambodia,1998,20.9607976433265,68.3105200543848,10.2821629724107,,81.3,5.14687900390661,0.0,12058173.0
KHM,Cambodia,1999,20.9607976433265,69.4863528212101,,,81.5,2.46380673902513,0.0,12265731.0
KHM,Cambodia,2000,20.9607976433265,70.6001359619307,6.6,0.9,81.6,2.19895630421638,0.0,12462336.0
KHM,Cambodia,2001,20.9607976433265,71.7113301608883,,1.0,80.5,2.06756561447297,0.0,12658484.0
KHM,Cambodia,2002,20.9607976433265,72.8259743938364,0.6,1.3,81.0,1.99523870051082,0.0,12855241.0
KHM,Cambodia,2003,20.9607976433265,73.934783593927,7.6,1.5,79.9,1.95965465238348,0.0,13050968.0
KHM,Cambodia,2004,20.9607976433265,75.0324665760254,0.8,1.6,80.7,1.96587252867563,0.0,13244731.0
KHM,Cambodia,2005,20.9607976433265,76.1341604350782,9.5,1.9,79.2,2.04023747372197,0.0,13439202.0
KHM,Cambodia,2006,20.9607976433265,77.2661907999094,16.1,2.1,78.0,2.19465497553282,0.0,13639028.0
KHM,Cambodia,2007,20.9607976433265,78.4147405393157,6.5,2.4,74.8,2.37419227439471,0.0,13841770.0
KHM,Cambodia,2008,20.9607976433265,79.6140890550646,11.7,2.7,74.1,2.81784476240447,0.0,14053479.0
KHM,Cambodia,2009,20.9607976433265,80.8792771357353,11.8,3.1,68.0,4.2892191883162,0.0,14276810.0
KHM,Cambodia,2010,21.2327215046454,82.1477792884659,15.8,3.7,64.8,6.03531538358603,0.0,14500726.0
KHM,Cambodia,2011,21.5029107183322,83.4046227056424,22.8,4.3,64.0,7.30891542673121,0.0,14722584.0
KHM,Cambodia,2012,21.8239984137775,84.6651087695445,28.5,5.3,64.4,8.23181776993511,0.0,14945085.0
KHM,Cambodia,2013,21.9925458871516,85.9404486743712,38.9,6.5,65.0,8.83507933051835,0.0,15170208.0
KHM,Cambodia,2014,22.1610927940177,87.2239519601178,44.7,8.05,63.7,9.15095326291101,0.0,15396772.0
KHM,Cambodia,2015,22.3296397008838,88.5069737140267,53.3,9.8,60.6,9.2346421781822,0.0,15623251.0
KHM,Cambodia,2016,22.4981871742579,89.8074042601405,60.7,12.4,58.0,9.1684596553929,0.0,15852803.0
KHM,Cambodia,2017,22.666734081124,91.0569453886245,86.1,15.4,56.3,8.90068697489984,0.0,16073372.0
KHM,Cambodia,2018,22.83528098799,92.1964763199638,75.0,19.1,58.1,8.4802293554275,0.0,16274522.0
KHM,Cambodia,2019,23.0038284613642,93.3679129843644,80.0,23.8,53.0,6.29473515740915,0.0,16481304.0
KHM,Cambodia,2020,23.1723753682302,94.7511556764106,82.9,29.3,51.4,2.0993035471418,0.0,16725474.0
KHM,Cambodia,2021,23.3409228416044,96.160803308407,77.1,35.45,52.4,2.16860829481836,0.0,16974305.0
KHM,Cambodia,2022,23.3409228416044,97.4491502379334,88.0,41.9,,1.99047011493218,,17201724.0
CMR,Cameroon,1990,12.5658437519832,23.9720357089971,,,81.6,4.68968641882154,397016166.702532,11331821.0
CMR,Cameroon,1991,12.5869983710943,24.6814749000444,6.1105153508515,,83.2,4.60202071773591,368876431.661355,11667180.0
CMR,Cameroon,1992,12.6081529902054,25.3989824628208,6.91980883714873,,84.4,4.49402965147586,369266316.972807,12006353.0
CMR,Cameroon,1993,12.6081529902054,26.1325781134311,7.62056580760999,,83.9,4.41871199629239,357793529.088677,12353131.0
CMR,Cameroon,1994,12.6081529902054,26.8767383808255,8.31513645719024,,83.6,4.3221451451764,417372102.590499,12704903.0
CMR,Cameroon,1995,12.6081529902054,27.6247932135982,9.00685322398649,,84.5,4.20252475305448,565940441.168797,13058516.0
CMR,Cameroon,1996,12.6081529902054,28.3784074802733,9.69598041803811,,84.9,4.0917135758979,548628964.7887,13414757.0
CMR,Cameroon,1997,12.6081529902054,29.1409405343657,10.3874733739792,,84.7,3.99465333360104,462724159.880249,13775214.0
CMR,Cameroon,1998,12.6081529902054,29.9229125679592,10.1794693504608,,84.5,3.93393449653854,389585716.607012,14144860.0
CMR,Cameroon,1999,12.6081529902054,30.7273804235155,11.7755709034738,,86.2,3.88153873998039,277715908.255147,14525140.0
CMR,Cameroon,2000,12.6081529902054,31.5471028749127,9.2,1.0,84.6,3.80386520381468,281373744.969913,14912631.0
CMR,Cameroon,2001,12.6081529902054,32.3866429734933,13.9,1.1,85.3,3.7398306237181,226602652.653843,15309490.0
CMR,Cameroon,2002,12.6081529902054,33.2667555160669,13.8,1.2,85.2,3.73669307454353,273934688.670102,15725528.0
CMR,Cameroon,2003,12.6081529902054,34.1865837405598,14.3,1.3,85.3,3.72468900917391,440409026.228618,16160340.0
CMR,Cameroon,2004,12.6081529902054,35.1388525734594,19.5,1.4,85.5,3.68602843223233,369435031.990245,16610487.0
CMR,Cameroon,2005,12.6144993759387,36.1206532546381,15.4,1.5,86.3,3.58474428382333,407785018.599536,17074594.0
CMR,Cameroon,2006,12.6144993759387,37.1272175329483,25.8,1.7,85.5,4.01791443003393,484184535.225632,17550407.0
CMR,Cameroon,2007,12.6144993759387,38.1838674874659,6.4,1.8,80.8,3.81386179296223,693533730.955741,18049896.0
CMR,Cameroon,2008,12.6144993759387,39.2927080027924,17.1,2.0,80.8,3.63047789347456,805515418.827299,18574056.0
CMR,Cameroon,2009,12.6144993759387,40.4348839669142,17.7,2.1,79.2,3.63228149370686,718155331.333111,19113974.0
CMR,Cameroon,2010,13.1158638488714,41.607044488164,16.1,2.2,78.7,3.60595579565578,729883008.575072,19668066.0
CMR,Cameroon,2011,13.1158638488714,42.8006684859639,16.8,2.4,78.6,3.55825175007158,841945169.140832,20232304.0
CMR,Cameroon,2012,13.1158638488714,44.0217659876034,18.3,2.6,78.6,3.52450092325214,890526170.906768,20809529.0
CMR,Cameroon,2013,13.1158638488714,45.2759112352182,19.5,2.8,77.7,3.50227847270815,1037321285.71987,21402376.0
CMR,Cameroon,2014,13.1158638488714,46.6668634046244,18.8,2.9,76.9,3.70092347007428,1161294394.32946,22059893.0
CMR,Cameroon,2015,13.1158638488714,48.1551352837892,21.2,3.1,78.1,3.79625667917574,1154661679.84495,22763414.0
CMR,Cameroon,2016,13.1158638488714,49.6163842525015,21.8,3.3,78.8,3.62822886976368,1245022369.96294,23454161.0
CMR,Cameroon,2017,13.1158638488714,51.0431363838294,22.4,3.6,79.2,3.45594975125264,1353466657.71094,24128601.0
CMR,Cameroon,2018,13.1158638488714,52.4769583888642,26.3,3.9,78.7,3.37336649428071,1184634715.98177,24806383.0
CMR,Cameroon,2019,13.1158638488714,53.9571724736096,23.6,4.1,78.9,3.36687989748001,1048281688.01673,25506095.0
CMR,Cameroon,2020,13.1158638488714,55.4474371178947,24.2,4.3,78.9,3.29194071591452,1100934132.92768,26210558.0
CMR,Cameroon,2021,13.1158638488714,56.9392608576083,24.8,4.7,79.2,3.20467043533678,1169556549.2905,26915758.0
CMR,Cameroon,2022,13.1158638488714,58.4560745488777,25.0,5.0,,3.16105545017565,,27632771.0
CAN,Canada,1990,4.61397409428716,3.08860186557717,100.0,,22.6,1.53688141898761,0.0,27691138.0
CAN,Canada,1991,4.6084429357131,3.12722531367149,100.0,,22.7,1.29361762277642,0.0,28037420.0
CAN,Canada,1992,4.60270880109396,3.16446145763971,100.0,,22.4,1.36615473375465,0.0,28371264.0
CAN,Canada,1993,4.59690884816281,3.19942848156117,100.0,,22.3,1.43885379709798,0.0,28684764.0
CAN,Canada,1994,4.59110889523166,3.23466308408036,100.0,,22.2,1.51072446815638,0.0,29000663.0
CAN,Canada,1995,4.58530894230051,3.26830816488374,100.0,,22.4,1.44588756980857,0.0,29302311.0
CAN,Canada,1996,4.57962052692572,3.30265135925243,100.0,,22.1,1.37556073487321,0.0,29610218.0
CAN,Canada,1997,4.57716670068562,3.33563636079723,100.0,,21.8,1.24750356390578,0.0,29905948.0
CAN,Canada,1998,4.57471287444552,3.36343430828311,100.0,,22.0,1.05892633747082,0.0,30155173.0
CAN,Canada,1999,4.57225904820542,3.39088515089358,100.0,,22.2,1.03560377050733,0.0,30401286.0
CAN,Canada,2000,4.56980522196531,3.42261133957721,100.0,100.0,20.3,1.16731088703444,0.0,30685730.0
CAN,Canada,2001,4.56723985816884,3.45999036315513,100.0,100.0,19.8,1.35567841809064,0.0,31020855.0
CAN,Canada,2002,4.5300978518982,3.497728426127,100.0,100.0,20.1,1.41092492598597,0.0,31359199.0
CAN,Canada,2003,4.49295584562756,3.529322777419,100.0,100.0,19.7,1.26815659186692,0.0,31642461.0
CAN,Canada,2004,4.45581383935692,3.56237648609852,100.0,100.0,20.4,1.31051014712804,0.0,31938807.0
CAN,Canada,2005,4.41867183308628,3.59627553791775,100.0,100.0,21.6,1.30251629121625,0.0,32242732.0
CAN,Canada,2006,4.38152982681564,3.63291127522004,100.0,100.0,21.5,1.31694665786845,0.0,32571193.0
CAN,Canada,2007,4.33702634182469,3.66834597611535,100.0,100.0,21.6,1.24887120396072,0.0,32888886.0
CAN,Canada,2008,4.29252285683374,3.70832237476842,100.0,100.0,21.6,1.35739939686093,0.0,33247298.0
CAN,Canada,2009,4.24801937184279,3.75101571675707,100.0,100.0,22.2,1.38775584514494,0.0,33630069.0
CAN,Canada,2010,4.20351588685184,3.79293521117963,100.0,100.0,21.4,1.30027665386689,0.0,34005902.0
CAN,Canada,2011,4.15867778919179,3.83011279793076,100.0,100.0,21.5,1.08773638886182,0.0,34339221.0
CAN,Canada,2012,4.18645064072749,3.8718472515473,100.0,100.0,21.8,1.14316744184132,0.0,34713395.0
CAN,Canada,2013,4.2142234922632,3.91284812265562,100.0,100.0,22.2,1.09291862874073,0.0,35080992.0
CAN,Canada,2014,4.2419963437989,3.9522291338328,100.0,100.0,22.2,1.03558991869828,0.0,35434066.0
CAN,Canada,2015,4.26988073289098,3.98239245827659,100.0,100.0,22.3,0.803862028871096,0.0,35704498.0
CAN,Canada,2016,4.29754204687031,4.02771072511681,100.0,100.0,22.1,1.20011528869285,0.0,36110803.0
CAN,Canada,2017,4.29519975818658,4.07614836279598,100.0,100.0,22.8,1.3178563611904,0.0,36545075.0
CAN,Canada,2018,4.31538805588924,4.13498944297029,100.0,100.0,22.3,1.61504670889367,0.0,37072620.0
CAN,Canada,2019,4.31070347852177,4.19587500655283,100.0,100.0,22.4,1.68994141226541,0.0,37618495.0
CAN,Canada,2020,4.26463846774167,4.24162135453439,100.0,100.0,23.9,1.34660379355715,0.0,38028638.0
CAN,Canada,2021,4.35320354546179,4.351026204103,100.0,100.0,23.8,0.830440218936475,0.0,38239864.0
CAN,Canada,2022,4.3631026204103,4.43022676846405,100.0,100.0,,2.01318516880807,,38935934.0
CSS,Caribbean small states,1990,1.4678531306777,9.17113120468617,,,16.2307467057101,0.928258989347202,,3654949.0
CSS,Caribbean small states,1991,1.48455636486516,9.22838194322346,,,12.3785656728445,0.884474924006741,,3677765.0
CSS,Caribbean small states,1992,1.4937316388192,9.30054256466697,,,12.2946280991736,0.956291875037893,,3706523.0
CSS,Caribbean small states,1993,1.50817656021373,9.37238953155592,,,12.5732765957447,0.898474300391337,,3735156.0
CSS,Caribbean small states,1994,1.50706421570139,9.44427915546428,,,11.5356101304682,0.868296439746585,,3763806.0
CSS,Caribbean small states,1995,1.51021732220761,9.5248532466797,,,11.130225782957,0.951410415142768,,3795917.0
CSS,Caribbean small states,1996,1.51437437421212,9.60832801521581,,,10.8703004891684,0.960392026034765,,3829184.0
CSS,Caribbean small states,1997,1.50874540411391,9.68985059780425,,,10.6310846560847,0.905570273187161,,3861673.0
CSS,Caribbean small states,1998,1.51340405248209,9.76994793409671,,,9.6647582697201,0.859537881536777,,3893594.0
CSS,Caribbean small states,1999,1.52032126456684,9.84932762876831,,,9.48092307692308,0.826158269648049,,3925229.0
CSS,Caribbean small states,2000,1.52979789781692,9.92711395830266,79.2612344864954,93.0204671183855,11.3438453713123,0.786954151051415,,3956229.0
CSS,Caribbean small states,2001,1.52695392923968,10.004543976263,83.7313044685271,93.2712684542728,10.4633576642336,0.754178049391294,,3987087.0
CSS,Caribbean small states,2002,1.51156402940313,10.0841093544309,84.1386456060785,93.4439441417347,10.9455765407555,0.72156013838965,,4018796.0
CSS,Caribbean small states,2003,1.54134038542524,10.1648917122706,84.6862899514408,93.6409655189893,10.0274405050996,0.64620939031521,,4050990.0
CSS,Caribbean small states,2004,1.52845947110164,10.2391124168285,85.2778594008446,93.8761092816528,10.0686854460094,0.480566485868926,,4080569.0
CSS,Caribbean small states,2005,1.51349614145931,10.1610726544141,85.254839570342,93.9863854083597,8.82919141160347,-1.2042475797536,,4049468.0
CSS,Caribbean small states,2006,1.51377215746733,10.219941850453,87.2216153141107,94.1414149660814,9.42070063694267,0.225368437067629,,4072929.0
CSS,Caribbean small states,2007,1.50719795800346,10.2849963143081,88.7178200516481,94.329715471362,8.52536082474227,0.28231226839294,,4098855.0
CSS,Caribbean small states,2008,1.50973228680442,10.3505149869039,89.2210841888696,94.4362744009861,8.71866048862679,0.295269691258078,,4124966.0
CSS,Caribbean small states,2009,1.54988006978989,10.4055500696677,88.5732148906787,94.5556825989121,8.57920034028073,0.222032923546567,,4146899.0
CSS,Caribbean small states,2010,1.54611621513501,10.4718842441054,90.4720039944392,94.687004801589,7.763243873979,0.409152827037981,,4173335.0
CSS,Caribbean small states,2011,1.55489854266308,10.5415707584225,91.8988295334471,94.8270621351365,8.84632068164214,0.610702374489979,,4201107.0
CSS,Caribbean small states,2012,1.54486159691671,10.610168264126,92.2644048021551,94.9028752390182,7.93956806787505,0.688052935161951,,4228445.0
CSS,Caribbean small states,2013,1.56368087019115,10.6835308098227,92.7199502890846,95.017013950565,6.8601581027668,0.701055437051126,,4257682.0
CSS,Caribbean small states,2014,1.57497243415582,10.7559574103285,93.1091878064692,95.085201534709,6.01613766730402,0.693337828285678,,4286546.0
CSS,Caribbean small states,2015,1.59755556208515,10.8253252516181,93.7048635048103,95.1655196104288,6.1973602484472,0.659413601254233,,4314191.0
CSS,Caribbean small states,2016,1.59504632564855,10.8934309469801,94.4114484953541,95.2118185978781,6.68268450932684,0.63755779259277,,4341333.0
CSS,Caribbean small states,2017,1.59253708921196,10.9556775752626,95.0446620525966,95.2767760086609,7.41293833131802,0.580083557710248,,4366140.0
CSS,Caribbean small states,2018,1.59253708921196,11.059856053637,94.9941451103202,95.3064521144561,7.1973830973831,0.781245981489867,,4407658.0
CSS,Caribbean small states,2019,1.59755556208515,11.1488737254616,95.438487141123,95.3221246687458,5.88822815533981,0.733522348436761,,4443134.0
CSS,Caribbean small states,2020,1.60759250783152,11.1894430601684,96.567767670708,95.3447324153866,6.28843567906768,0.469964754293911,,4459302.0
CSS,Caribbean small states,2021,1.60759250783152,11.2392890419813,97.0067446373364,95.3665423931683,,0.461798079897851,,4479167.0
CSS,Caribbean small states,2022,1.58751861633878,11.2848141186504,97.0533818556129,95.344164113247,,0.420030299630079,,4497310.0
CYM,Cayman Islands,1990,0.833333333333333,108.329166666667,,,0.0,4.42349945118073,,25999.0
CYM,Cayman Islands,1991,0.833333333333333,113.725,,,0.0,4.86088220725656,,27294.0
CYM,Cayman Islands,1992,0.833333333333333,119.254166666667,,,0.0,4.74738163029526,,28621.0
CYM,Cayman Islands,1993,0.833333333333333,124.9,100.0,,0.0,4.62563473725116,,29976.0
CYM,Cayman Islands,1994,0.833333333333333,130.633333333333,100.0,,0.0,4.48809994059442,,31352.0
CYM,Cayman Islands,1995,0.833333333333333,136.429166666667,100.0,,0.0,4.34111378801683,,32743.0
CYM,Cayman Islands,1996,0.833333333333333,142.2625,100.0,,0.0,4.18683881903638,,34143.0
CYM,Cayman Islands,1997,0.833333333333333,148.095833333333,100.0,,0.0,4.01856441263758,,35543.0
CYM,Cayman Islands,1998,0.833333333333333,153.841666666667,100.0,,0.0,3.80643482541395,,36922.0
CYM,Cayman Islands,1999,0.833333333333333,159.516666666667,100.0,,0.0,3.62244749852824,,38284.0
CYM,Cayman Islands,2000,0.833333333333333,165.308333333333,100.0,,0.0,3.56640069722567,,39674.0
CYM,Cayman Islands,2001,0.833333333333333,171.204166666667,100.0,,0.0,3.50443844716451,,41089.0
CYM,Cayman Islands,2002,0.833333333333333,177.141666666667,100.0,,0.0,3.40929876733717,,42514.0
CYM,Cayman Islands,2003,0.833333333333333,183.058333333333,100.0,,0.0,3.28550743410603,,43934.0
CYM,Cayman Islands,2004,0.833333333333333,188.966666666667,100.0,,0.0,3.17657692300086,,45352.0
CYM,Cayman Islands,2005,0.833333333333333,194.95,100.0,,0.0,3.11724827664581,,46788.0
CYM,Cayman Islands,2006,0.833333333333333,200.966666666667,100.0,,0.0,3.03959413986438,,48232.0
CYM,Cayman Islands,2007,0.833333333333333,207.029166666667,100.0,,0.0,2.97206282837332,,49687.0
CYM,Cayman Islands,2008,0.833333333333333,213.129166666667,100.0,,0.0,2.90387130778235,,51151.0
CYM,Cayman Islands,2009,0.833333333333333,219.241666666667,100.0,,0.0,2.827622397931,,52618.0
CYM,Cayman Islands,2010,0.833333333333333,225.4125,100.0,,0.0,2.77574348652733,,54099.0
CYM,Cayman Islands,2011,0.833333333333333,231.691666666667,100.0,,0.0,2.74754077100958,,55606.0
CYM,Cayman Islands,2012,0.833333333333333,238.066666666667,100.0,,0.0,2.71432817487524,,57136.0
CYM,Cayman Islands,2013,0.833333333333333,244.395833333333,100.0,,0.0,2.6238432105591,,58655.0
CYM,Cayman Islands,2014,0.833333333333333,250.666666666667,100.0,,0.0,2.53348566839008,,60160.0
CYM,Cayman Islands,2015,0.833333333333333,256.841666666667,100.0,,0.0,2.43357767472909,,61642.0
CYM,Cayman Islands,2016,0.833333333333333,262.916666666667,100.0,,0.0,2.33773131582921,,63100.0
CYM,Cayman Islands,2017,0.833333333333333,268.895833333333,100.0,,0.0,2.24869427399836,,64535.0
CYM,Cayman Islands,2018,0.833333333333333,274.754166666667,100.0,,0.0,2.15526905432315,,65941.0
CYM,Cayman Islands,2019,0.833333333333333,280.529166666667,100.0,,0.0,2.08009420729087,,67327.0
CYM,Cayman Islands,2020,0.833333333333333,286.183333333333,100.0,,0.0,1.9954930548265,,68684.0
CYM,Cayman Islands,2021,0.833333333333333,292.116666666667,100.0,,0.0,2.05206347593734,,70108.0
CYM,Cayman Islands,2022,0.833333333333333,298.295833333333,100.0,,0.0,2.09324575309515,,71591.0
CAF,Central African Republic,1990,3.00170149924556,4.6099553757745,,,93.9,3.31558040943771,0.0,2871910.0
CAF,Central African Republic,1991,3.00170149924556,4.75647853863687,,,94.1,3.31000442032699,0.0,2963191.0
CAF,Central African Republic,1992,3.00170149924556,4.90999871584963,,,94.1,3.33698054607955,0.0,3058831.0
CAF,Central African Republic,1993,3.00170149924556,5.06892516613695,,,93.8,3.3291394077877,0.0,3157839.0
CAF,Central African Republic,1994,3.00170149924556,5.22962855950432,,,93.2,3.2517227880631,0.0,3257954.0
CAF,Central African Republic,1995,3.00170149924556,5.37425278500112,,,93.0,2.84937110220361,0.0,3348052.0
CAF,Central African Republic,1996,3.00170149924556,5.51536967478892,,,91.7,2.70776915366013,0.0,3435965.0
CAF,Central African Republic,1997,3.00170149924556,5.66904234485858,,,91.9,2.86239993297858,0.0,3531700.0
CAF,Central African Republic,1998,3.00170149924556,5.82494943657902,,,89.0,2.82928405640116,0.0,3628827.0
CAF,Central African Republic,1999,3.00170149924556,5.98646826543388,,,89.0,2.85709986345808,0.0,3729450.0
CAF,Central African Republic,2000,3.00170149924556,6.15335323766413,,0.1,88.9,2.88101973712682,0.0,3833416.0
CAF,Central African Republic,2001,3.00170149924556,6.29151337121577,0.8,0.1,88.9,2.36495487368306,0.0,3919487.0
CAF,Central African Republic,2002,3.00170149924556,6.43050659732255,0.9,0.1,89.2,2.34649320075814,0.0,4006077.0
CAF,Central African Republic,2003,3.00170149924556,6.58622427686282,1.0,0.1,90.2,2.57588395247972,0.0,4103086.0
CAF,Central African Republic,2004,3.00170149924556,6.73027384506726,1.1,0.1,90.6,2.36491849167949,0.0,4192826.0
CAF,Central African Republic,2005,3.00170149924556,6.88434620694083,1.2,0.1,91.0,2.47963613125001,0.0,4288810.0
CAF,Central African Republic,2006,3.00170149924556,7.02683713762882,,0.1,90.8,2.28386715162959,0.0,4377579.0
CAF,Central African Republic,2007,3.00170149924556,7.16358470576905,1.4,0.1,90.9,2.18898295697007,0.0,4462770.0
CAF,Central African Republic,2008,3.00170149924556,7.31802626087515,4.7,0.1,93.6,2.42844314334803,0.0,4558984.0
CAF,Central African Republic,2009,2.99528074737552,7.26997174869177,1.7,0.1,93.9,-0.322383081720057,0.0,4529047.0
CAF,Central African Republic,2010,2.94391473241517,7.21210151208707,,0.0,93.8,-0.415753911662989,0.0,4492995.0
CAF,Central African Republic,2011,2.88933834151979,7.32771678063501,,0.0,93.3,2.05159237549988,0.0,4565021.0
CAF,Central African Republic,2012,2.88933834151979,7.40127772962214,0.5,0.0,93.1,1.58245134263534,0.0,4610848.0
CAF,Central African Republic,2013,2.88933834151979,7.45195511894443,0.7,0.0,95.1,1.38225059173611,0.0,4642419.0
CAF,Central African Republic,2014,2.88933834151979,7.42107611801342,0.8,0.0,94.8,0.391468071212373,0.0,4623182.0
CAF,Central African Republic,2015,2.88933834151979,7.430928761758,1.3,0.0,92.9,1.03662819347201,0.0,4629320.0
CAF,Central African Republic,2016,2.88933834151979,7.56631513050178,1.7,0.0,92.1,2.79711059597392,0.0,4713663.0
CAF,Central African Republic,2017,2.88933834151979,7.6944861793316,2.1,0.0,91.6,2.74947006627498,0.0,4793511.0
CAF,Central African Republic,2018,2.88933834151979,7.83116151401329,2.2,0.0,91.4,2.89917718795956,0.0,4878657.0
CAF,Central African Republic,2019,2.88933834151979,7.93717775851552,1.5,0.0,91.3,2.5427792849473,0.0,4944703.0
CAF,Central African Republic,2020,2.88933834151979,8.06868278275386,1.9,0.0,90.9,2.89208877763453,0.0,5026628.0
CAF,Central African Republic,2021,2.88933834151979,8.20588140871296,1.6,0.0,90.9,2.97708178008193,0.0,5112100.0
CAF,Central African Republic,2022,2.88933834151979,8.18331086070179,1.6,0.0,90.9,0.700804443817285,,5098039.0
CEB,Central Europe and the Baltics,1990,44.4861031868938,150.437590675687,100.0,,4.14436894083537,0.0768466720350981,,110743128.0
CEB,Central Europe and the Baltics,1991,44.4183361629881,150.043418675722,100.0,,4.80614884330527,-0.108345413600847,,110469467.0
CEB,Central Europe and the Baltics,1992,40.4074328524893,112.404850157769,100.0,,5.37930366966089,-0.228115224381103,,110111454.0
CEB,Central Europe and the Baltics,1993,39.9961265461009,99.5893270054853,100.0,,7.19209000591033,-0.0287095252020012,,110041924.0
CEB,Central Europe and the Baltics,1994,39.652237497138,99.5664226561461,100.0,,7.52104320960919,-0.0108220817901149,,110021594.0
CEB,Central Europe and the Baltics,1995,39.1534018047271,99.4258267291832,100.0,,7.83252476162055,-0.16774950372276,,109864246.0
CEB,Central Europe and the Baltics,1996,39.0485093028875,99.2014149112242,100.0,,8.29530165149983,-0.280498031235428,,109626194.0
CEB,Central Europe and the Baltics,1997,39.157964846426,99.0211305141819,100.0,,9.01599503858875,-0.246786379927672,,109422013.0
CEB,Central Europe and the Baltics,1998,38.5891023477254,98.8558107629949,100.0,,9.46007241845653,-0.199217773631473,,109238340.0
CEB,Central Europe and the Baltics,1999,38.5778937718827,98.6943885136878,100.0,,9.73105163862094,-0.184949472743975,,109060951.0
CEB,Central Europe and the Baltics,2000,37.9911110628443,98.1455805547486,96.9537057545376,100.0,9.93462832051322,-0.567665364704382,,108447824.0
CEB,Central Europe and the Baltics,2001,36.1983005858083,97.4326347616992,97.1350517893597,100.0,9.886920662836,-0.583300616417667,,107660041.0
CEB,Central Europe and the Baltics,2002,35.1566438472255,96.9453892371877,97.3074782748284,100.0,10.1651233390795,-0.565325551827904,,106959751.0
CEB,Central Europe and the Baltics,2003,34.5492363786648,96.6357946311316,97.453806279524,100.0,10.2752610927543,-0.33490923004374,,106624167.0
CEB,Central Europe and the Baltics,2004,34.1895618462107,96.3611331879134,97.5723471243689,100.0,10.7849700389784,-0.26937910440699,,106331716.0
CEB,Central Europe and the Baltics,2005,34.1176502577219,96.1115677123883,97.702878109098,100.0,11.281127395073,-0.120506512324285,,106041911.0
CEB,Central Europe and the Baltics,2006,34.218841629271,95.8699753736775,97.8467319897374,100.0,11.1059202329456,-0.106314844504255,,105772481.0
CEB,Central Europe and the Baltics,2007,33.3836242647399,95.5226277464895,97.9955155765876,100.0,11.3862829485805,-0.367912641673846,,105378748.0
CEB,Central Europe and the Baltics,2008,33.6239312768331,95.1826331612885,98.120850576668,100.0,12.1782191475117,-0.177245393389427,,105001883.0
CEB,Central Europe and the Baltics,2009,33.8904406944707,94.9140560740283,98.3019756639807,100.0,13.7392384371762,-0.139915216557181,,104800475.0
CEB,Central Europe and the Baltics,2010,33.0820495022747,94.5723770250091,98.3450932473221,100.0,14.5716532675985,-0.239538529948343,,104421447.0
CEB,Central Europe and the Baltics,2011,33.2436703558837,94.3426815032299,98.4862516599788,100.0,14.7499600707318,-0.199845174103634,,104174038.0
CEB,Central Europe and the Baltics,2012,33.0575997236354,94.1348819123649,98.6372303202541,100.0,15.6926044784711,-0.287240112138474,,103929494.0
CEB,Central Europe and the Baltics,2013,32.9318604234495,93.7188941593356,98.8011535477657,100.0,16.6612114024685,-0.366173328193441,,103570062.0
CEB,Central Europe and the Baltics,2014,33.071969659291,93.3954139880869,98.9876802276074,100.0,17.0702957655506,-0.27742599194854,,103280478.0
CEB,Central Europe and the Baltics,2015,32.9554772879441,93.1179707001656,99.2089702210293,100.0,17.1594982078853,-0.285739805793333,,102973167.0
CEB,Central Europe and the Baltics,2016,32.7629236090701,92.8247588904212,99.3981053985891,100.0,16.8577627377285,-0.426711638307241,,102647939.0
CEB,Central Europe and the Baltics,2017,32.7343921152482,92.6047341774741,99.8144144650703,100.0,16.4703987047156,-0.352901049563011,,102337501.0
CEB,Central Europe and the Baltics,2018,32.9462076249829,92.3692084301826,99.8584255600759,100.0,18.1476863313142,-0.355399791344128,,102074201.0
CEB,Central Europe and the Baltics,2019,33.367365527869,92.1854556712536,99.9285931074052,100.0,18.8601539560352,-0.312952384813948,,101864274.0
CEB,Central Europe and the Baltics,2020,32.874625726783,91.5975668995432,99.9730014660622,100.0,19.6977838168354,-0.822063442299606,,101215763.0
CEB,Central Europe and the Baltics,2021,33.0199721666047,90.6877587931935,99.9774927825064,100.0,,-1.13720856548426,,100205732.0
CEB,Central Europe and the Baltics,2022,32.7720536659659,90.5708010536644,99.9821559511767,100.0,,-0.0615423175717347,,100071871.0
TCD,Chad,1990,2.59926937738246,4.75129685514612,,,89.5,3.29650687525064,121770886.049926,5982833.0
TCD,Chad,1991,2.63818297331639,4.92826874205845,,,89.3,4.08341039623657,121022267.861881,6205676.0
TCD,Chad,1992,2.65406607369759,5.14188055908513,,,89.2,4.56797472564403,127196355.893282,6474656.0
TCD,Chad,1993,2.67630241423126,5.26456956797967,,,89.5,2.58803926908756,116657356.658685,6629146.0
TCD,Chad,1994,2.69218551461245,5.38711086404066,,,89.3,2.49038234185674,135088539.935506,6783450.0
TCD,Chad,1995,2.71601016518424,5.62981575603558,,,89.2,4.58904628342145,193185888.901478,7089064.0
TCD,Chad,1996,2.70012706480305,5.88477445997459,,,89.0,4.60159715953234,192549929.228682,7410108.0
TCD,Chad,1997,2.85895806861499,6.09145965692503,,,88.9,3.61407280029303,181337201.816972,7670366.0
TCD,Chad,1998,2.85895806861499,6.30466963151207,0.957223532051433,,88.9,3.59176684618191,191590233.742721,7938840.0
TCD,Chad,1999,2.85895806861499,6.53010244599746,1.12140713399091,,88.7,3.65359771683112,137893659.77532,8222705.0
TCD,Chad,2000,2.85895806861499,6.75992137865311,1.2,2.5,88.7,3.58770464599491,138974028.007638,8512093.0
TCD,Chad,2001,2.93837357052097,6.99183926302414,1.3,2.1,88.6,3.4901591861495,123434220.060458,8804124.0
TCD,Chad,2002,2.93837357052097,7.23966963151207,1.4,1.9,88.5,3.58771035758799,134990312.923473,9116192.0
TCD,Chad,2003,3.01778907242694,7.53481019695044,1.5,1.6,83.9,4.08761005557237,185002786.213216,9487833.0
TCD,Chad,2004,3.01778907242694,7.87804637865311,,1.4,84.0,4.53324068274152,140579901.195636,9920036.0
TCD,Chad,2005,3.09720457433291,8.20210609911055,1.6,1.2,83.8,4.09605123580983,134563602.881436,10328092.0
TCD,Chad,2006,3.09720457433291,8.50256035578145,1.8,1.0,83.7,3.64853252715221,161386922.913956,10706424.0
TCD,Chad,2007,3.09720457433291,8.80055590851334,1.9,0.8,82.4,3.48117380347143,255522731.790095,11081660.0
TCD,Chad,2008,3.09720457433291,9.11395806861499,2.0,0.7,79.8,3.52067712681126,353992301.821978,11476296.0
TCD,Chad,2009,3.17662007623888,9.44548443456163,2.2,0.6,79.4,3.58610050390321,384885890.447194,11893754.0
TCD,Chad,2010,3.33545108005083,9.77809323379924,3.0,0.5,79.2,3.77619184872469,380734878.925709,12312575.0
TCD,Chad,2011,3.4148665819568,10.1294448856417,7.7,0.4,80.7,4.02620372114781,436537512.877706,12754997.0
TCD,Chad,2012,3.6928208386277,10.4915803684879,3.0,0.4,76.1,4.19494118489297,503996465.429139,13210998.0
TCD,Chad,2013,3.9707750952986,10.8728391041931,3.0,0.3,72.6,4.43159492885477,528367412.236493,13691079.0
TCD,Chad,2014,4.12960609911055,11.2680098475222,3.0,0.3,72.5,4.60444642513961,576535349.065745,14188678.0
TCD,Chad,2015,4.12960609911055,11.6324817344346,0.5,0.2,72.7,4.38203688630914,595239529.232098,14647621.0
TCD,Chad,2016,4.20902160101652,12.0033791296061,2.8,0.2,72.7,4.49276053097361,615846145.18326,15114655.0
TCD,Chad,2017,4.20902160101652,12.4068924714104,4.2,0.2,72.8,4.8067498781235,605174097.823102,15622759.0
TCD,Chad,2018,4.20902160101652,12.830790184244,2.3,0.1,73.1,4.99671796942231,435368311.898298,16156531.0
TCD,Chad,2019,4.20902160101652,13.2506535895807,,0.1,72.8,4.98422178448643,403916718.492723,16685223.0
TCD,Chad,2020,4.20902160101652,13.6790652795426,1.6,0.1,71.9,5.06372185820467,431053973.778686,17224679.0
TCD,Chad,2021,4.20902160101652,14.1584124841169,1.3,0.1,69.9,5.43382373867708,451240446.153567,17828273.0
TCD,Chad,2022,4.20902160101652,14.6563818297332,1.3,0.1,70.0,5.54455079440034,,18455316.0
CHI,Channel Islands,1990,,722.661616161616,100.0,,,0.739213907106416,,143087.0
CHI,Channel Islands,1991,,728.631313131313,100.0,,,0.419650907284503,,144269.0
CHI,Channel Islands,1992,,730.974747474747,100.0,,,-0.29512619750194,,144733.0
CHI,Channel Islands,1993,,732.242424242424,100.0,,,-0.630888789310095,,144984.0
CHI,Channel Islands,1994,,733.146464646465,100.0,,,-0.657402607689822,,145163.0
CHI,Channel Islands,1995,,733.570707070707,100.0,,,-0.494207060464525,,145247.0
CHI,Channel Islands,1996,,735.176767676768,100.0,,,0.0814074487543563,,145565.0
CHI,Channel Islands,1997,,738.454545454545,100.0,,,0.469060935785383,,146214.0
CHI,Channel Islands,1998,,741.949494949495,100.0,,,0.518362599990701,,146906.0
CHI,Channel Islands,1999,,745.222222222222,100.0,,,0.504555455107278,,147554.0
CHI,Channel Islands,2000,,748.030303030303,100.0,,,0.453263601798163,,148110.0
CHI,Channel Islands,2001,,751.767676767677,100.0,,,0.614393728991287,,148850.0
CHI,Channel Islands,2002,,756.974747474747,100.0,,,0.962589520634308,,149881.0
CHI,Channel Islands,2003,,762.424242424242,100.0,,,1.17363836709052,,150960.0
CHI,Channel Islands,2004,,767.873737373737,100.0,,,1.30062578457762,,152039.0
CHI,Channel Islands,2005,,773.363636363636,100.0,,,1.39315411887648,,153126.0
CHI,Channel Islands,2006,,778.858585858586,100.0,,,1.43818394494162,,154214.0
CHI,Channel Islands,2007,,784.388888888889,100.0,,,1.45247178711288,,155309.0
CHI,Channel Islands,2008,,789.939393939394,100.0,,,1.42363410030791,,156408.0
CHI,Channel Islands,2009,,795.510101010101,100.0,,,1.36200531789579,,157511.0
CHI,Channel Islands,2010,,801.116161616162,100.0,,,1.26147331623226,,158621.0
CHI,Channel Islands,2011,,806.59595959596,100.0,,,1.11413084433824,,159706.0
CHI,Channel Islands,2012,,811.954545454545,100.0,,,1.01752626770509,,160767.0
CHI,Channel Islands,2013,,817.055555555556,100.0,,,0.938920277164482,,161777.0
CHI,Channel Islands,2014,,821.848484848485,100.0,,,0.845467061368875,,162726.0
CHI,Channel Islands,2015,,825.525252525253,100.0,,,0.638331996266027,,163454.0
CHI,Channel Islands,2016,,827.691919191919,100.0,,,0.422059752154974,,163883.0
CHI,Channel Islands,2017,,829.893939393939,100.0,,,0.396157976752159,,164319.0
CHI,Channel Islands,2018,,833.075757575758,100.0,,,0.464828563639789,,164949.0
CHI,Channel Islands,2019,,836.560606060606,100.0,,,0.451642809142574,,165639.0
CHI,Channel Islands,2020,,839.570707070707,100.0,,,0.361683967053863,,166235.0
CHI,Channel Islands,2021,,842.126262626263,100.0,,,0.274519306383573,,166741.0
CHI,Channel Islands,2022,,,100.0,,,0.213603126428592,,167215.0
CHL,Chile,1990,3.76849954003325,18.0720883566545,59.458310297133,,34.0,1.80308083633646,0.0,13437176.0
CHL,Chile,1991,3.61114249285841,18.3751217163485,72.6529187893954,,37.3,1.82575141800282,0.0,13662491.0
CHL,Chile,1992,3.28163414621025,18.6738122905268,71.4397443359869,,38.6,1.81522857401552,0.0,13884577.0
CHL,Chile,1993,3.09872339051984,18.9666026479022,74.0618441426621,,35.8,1.84069600068303,0.0,14102276.0
CHL,Chile,1994,3.06106529376005,19.2543912030686,74.7053747121922,,34.8,1.88137681945503,0.0,14316256.0
CHL,Chile,1995,2.85125589752694,19.5383399772975,75.4195550331526,,34.2,1.90035200744467,0.0,14527381.0
CHL,Chile,1996,2.66969007386367,19.8162903546855,74.1794729751692,,32.2,1.88307758918571,0.0,14734046.0
CHL,Chile,1997,2.66565527778226,20.0831087296848,77.1353797964394,,30.0,1.81572115188007,0.0,14932434.0
CHL,Chile,1998,2.66162048170085,20.3458613751661,82.9624556298822,,29.8,1.75988594597665,0.0,15127799.0
CHL,Chile,1999,2.42087764884363,20.6034346874109,79.3576862813837,,29.1,1.67443093156651,0.0,15319313.0
CHL,Chile,2000,2.35363104748686,20.8513352485165,86.5,100.0,31.4,1.543709260176,0.0,15503635.0
CHL,Chile,2001,2.35363104748686,21.0937108288547,82.2,100.0,32.1,1.40985614677537,0.0,15683849.0
CHL,Chile,2002,2.21913784477332,21.3278312164103,83.1,100.0,33.1,1.24333493224465,0.0,15857925.0
CHL,Chile,2003,2.01739804070302,21.5522021917012,92.8,100.0,31.6,1.12485876059736,0.0,16024752.0
CHL,Chile,2004,2.01739804070302,21.7708477913526,85.3,100.0,31.4,1.07209759160522,0.0,16187322.0
CHL,Chile,2005,1.95015143934626,21.9879951367258,86.4,100.0,32.3,1.0422172158163,0.0,16348778.0
CHL,Chile,2006,1.81565823663272,22.2037450977228,96.4,100.0,32.9,1.01755508417991,0.0,16509195.0
CHL,Chile,2007,1.69730421824481,22.4221432298812,88.5,100.0,30.5,1.01564895136237,0.0,16671581.0
CHL,Chile,2008,1.76847990402565,22.6472942657478,89.6,100.0,30.8,1.0360588229595,0.0,16838988.0
CHL,Chile,2009,1.83965572429969,22.876931994857,97.7,100.0,31.5,1.0502016492111,0.0,17009731.0
CHL,Chile,2010,1.81466877014036,23.107901206673,98.3,100.0,27.0,1.05461577052545,0.0,17181464.0
CHL,Chile,2011,1.90400103828752,23.3370130673596,97.8,100.0,28.8,1.04972318808154,0.0,17351816.0
CHL,Chile,2012,1.88573874426387,23.5620242302954,100.0,100.0,30.3,1.04179427750506,0.0,17519119.0
CHL,Chile,2013,1.94817250636153,23.7878208335351,100.0,100.0,30.2,1.06883542948556,0.0,17687006.0
CHL,Chile,2014,1.95386771562548,24.0860324163393,100.0,100.0,27.0,1.14650064237485,0.0,17864195.0
CHL,Chile,2015,2.0134907814225,24.333348398175,100.0,100.0,25.1,1.19545463195369,0.0,18047625.0
CHL,Chile,2016,1.98116547303093,24.6093854617587,100.0,100.0,24.6,1.39822570998977,0.0,18267221.0
CHL,Chile,2017,2.02511263975664,25.002288872834,100.0,100.0,24.1,1.77707410607162,0.0,18558868.0
CHL,Chile,2018,1.9600722771884,25.4526848895971,100.0,100.0,25.5,1.9697460611581,0.0,18893191.0
CHL,Chile,2019,1.88363799366435,25.84400416762,100.0,100.0,25.3,1.78688760175712,0.0,19197744.0
CHL,Chile,2020,1.85089719657068,26.0767352343796,100.0,100.0,26.7,1.08691881982985,0.0,19370624.0
CHL,Chile,2021,2.01809524430058,26.192118041714,100.0,100.0,24.2,0.634640418623304,0.0,19456334.0
CHL,Chile,2022,1.74588686071584,26.3222982801325,100.0,100.0,,0.691700903727084,,19553036.0
CHN,China,1990,13.1866961361276,120.915506084734,,,33.9,1.4117851662927,0.0,1135185000.0
CHN,China,1991,13.3012009692967,122.576625036615,,,33.1,4.16703297290403,0.0,1150780000.0
CHN,China,1992,13.0908316246372,124.088088834447,,,32.8,3.13596797018756,0.0,1164970000.0
CHN,China,1993,12.920405826432,125.522861023087,,,31.5,3.06205716534531,0.0,1178440000.0
CHN,China,1994,12.856496152105,126.949644502437,,,31.1,2.97006071260803,0.0,1191835000.0
CHN,China,1995,12.7372116605455,128.336621134526,,,29.4,2.93043618914369,0.0,1204855000.0
CHN,China,1996,12.7115547872176,129.688982907321,,,30.5,5.88603979058164,0.0,1217550000.0
CHN,China,1997,12.6796265110676,131.023100200996,,,30.0,5.60862284767731,0.0,1230075000.0
CHN,China,1998,12.6796531401553,132.286384121395,,,29.5,5.37402611756852,0.0,1241935000.0
CHN,China,1999,12.679679769243,133.436760709953,,,30.3,5.0629782990884,0.0,1252735000.0
CHN,China,2000,12.6797199043056,134.492481002789,94.9,20.9,29.6,5.42936917155015,0.0,1262645000.0
CHN,China,2001,12.742981982665,135.473048750848,95.4,21.2,28.4,4.04073839565183,0.0,1271850000.0
CHN,China,2002,12.7849342939932,136.383779609948,95.7,21.9,27.0,4.39693854459371,0.0,1280400000.0
CHN,China,2003,12.8055826110544,137.235919250104,96.0,22.5,23.9,4.24156391258526,0.0,1288400000.0
CHN,China,2004,12.8262305311048,138.053436689892,96.3,23.5,20.2,3.58304456989003,0.0,1296075000.0
CHN,China,2005,12.8522049534502,138.867766063821,96.6,24.5,17.4,3.49094616926234,0.0,1303720000.0
CHN,China,2006,12.8888306349812,139.645342881819,96.9,25.7,16.4,3.65713483288953,0.0,1311020000.0
CHN,China,2007,12.8828499568842,140.376588050196,97.3,27.0,14.9,3.94983887273664,0.0,1317885000.0
CHN,China,2008,12.9088234363038,141.097705219827,97.8,29.0,14.1,2.88174098874863,0.0,1324655000.0
CHN,China,2009,12.9294708011995,141.801244134798,98.3,31.0,13.4,3.33441700614159,0.0,1331260000.0
CHN,China,2010,12.7960801051446,142.487743405,99.4,33.6,12.3,2.31199368347925,0.0,1337705000.0
CHN,China,2011,12.6413860958174,143.268509836432,99.8,36.4,11.3,5.68492664212314,0.0,1345035000.0
CHN,China,2012,12.4973437431264,144.243669001474,99.9,39.4,11.5,3.09965622046239,0.0,1354190000.0
CHN,China,2013,12.39590801698,145.207643927049,100.0,42.9,11.5,3.24951694056691,0.0,1363240000.0
CHN,China,2014,12.3136452727788,146.125816729087,100.0,46.8,11.9,2.91680288008358,0.0,1371860000.0
CHN,China,2015,12.2356431912321,146.977949259981,100.0,50.5,12.2,3.37528532053127,0.0,1379860000.0
CHN,China,2016,12.0845187740794,147.822641376791,100.0,54.6,12.6,3.17308241612449,0.0,1387790000.0
CHN,China,2017,11.890871635807,148.720043543977,100.0,58.3,13.1,2.95728932457474,0.0,1396215000.0
CHN,China,2018,11.7685906045987,149.417194545073,100.0,61.8,13.5,2.5376076856921,0.0,1402760000.0
CHN,China,2019,11.6042142218804,149.948179684945,100.0,65.6,14.3,2.30265796342305,0.0,1407745000.0
CHN,China,2020,11.5894936308412,150.305542803154,100.0,68.7,14.9,1.52695413125789,0.0,1411100000.0
CHN,China,2021,11.6065788899055,150.439753691066,100.0,72.0,15.2,1.95707313202645,0.0,1412360000.0
CHN,China,2022,11.5635568441694,150.42004812419,100.0,74.9,,0.751201671519741,,1412175000.0
COL,Colombia,1990,2.97881928796755,29.2384578639027,71.6868212385103,,38.1,2.74922958864796,0.0,32440069.0
COL,Colombia,1991,2.73817034700315,29.8317908968004,75.8471989516553,,36.8,2.6785369204244,0.0,33098372.0
COL,Colombia,1992,2.76701216764308,30.428635421361,76.2502108157522,,33.1,2.63834722401592,0.0,33760571.0
COL,Colombia,1993,2.63452005407841,31.0423370887787,76.6736722365437,,33.0,2.63989312421833,0.0,34441473.0
COL,Colombia,1994,2.55250112663362,31.6605768364128,77.1223700801977,,33.8,2.62115729996708,0.0,35127410.0
COL,Colombia,1995,2.16223524109959,32.2709887336638,70.8543232552035,,33.5,2.59252941033487,0.0,35804662.0
COL,Colombia,1996,2.19287967552952,32.8641234790446,78.1224689864064,,33.6,2.52734974482826,0.0,36462745.0
COL,Colombia,1997,2.28841820639928,33.4575475439387,78.6912050074421,,25.7,2.50318531816171,0.0,37121149.0
COL,Colombia,1998,2.34700315457413,34.0623388913925,79.3153664125412,,25.8,2.49746593177302,0.0,37792165.0
COL,Colombia,1999,2.28571428571429,34.6596331680937,80.0003604805767,,29.0,2.42191667186799,0.0,38454863.0
COL,Colombia,2000,2.53988283010365,35.2320270392068,83.3,34.3,27.9,2.2848085458455,0.0,39089934.0
COL,Colombia,2001,2.26372329878324,35.790231635872,94.3,34.7,27.1,2.16799286636615,0.0,39709262.0
COL,Colombia,2002,1.88473636773321,36.3449121225777,82.1,35.6,28.6,2.06944954660421,0.0,40324680.0
COL,Colombia,2003,1.88934745380802,36.8971870211807,82.7,36.3,30.6,1.96156159247295,0.0,40937429.0
COL,Colombia,2004,1.79660928346102,37.4431464623704,83.2,36.9,29.0,1.83076689126206,0.0,41543171.0
COL,Colombia,2005,1.65178639026589,37.9711374493015,88.9,37.8,28.9,1.65963709218783,0.0,42128977.0
COL,Colombia,2006,1.42341865705273,38.477768364128,84.4,38.5,30.6,1.53175752892236,0.0,42691084.0
COL,Colombia,2007,1.57037404236142,38.9683406940063,85.0,39.5,31.0,1.46690192407447,0.0,43235374.0
COL,Colombia,2008,1.52489229382605,39.4401153672826,87.0,40.4,30.8,1.39357096149422,0.0,43758808.0
COL,Colombia,2009,1.45745831455611,39.9022451554754,83.8,41.5,31.4,1.3435906913679,0.0,44271541.0
COL,Colombia,2010,1.38715187021181,40.3581063542136,86.2,43.4,30.6,1.30148378099655,0.0,44777319.0
COL,Colombia,2011,1.44869130238846,40.7928021631365,85.5,45.3,29.6,1.22203107314956,0.0,45259614.0
COL,Colombia,2012,1.43516719242902,41.2039747634069,87.1,47.1,29.6,1.13713538990829,0.0,45715810.0
COL,Colombia,2013,1.3252248760703,41.5967408742677,90.1,49.2,32.0,1.06481703774622,0.0,46151584.0
COL,Colombia,2014,1.39257232987832,41.969742226228,89.9,50.95,32.1,0.989047886543664,0.0,46565429.0
COL,Colombia,2015,1.40620009013069,42.3343307796305,91.8,53.4,31.1,0.939856195848094,0.0,46969940.0
COL,Colombia,2016,1.51567913474538,42.7557566471383,92.8,55.1,30.5,1.04237157660807,0.0,47437512.0
COL,Colombia,2017,1.60510860748085,43.3808724650744,92.7,57.0,32.2,1.478535433614,0.0,48131078.0
COL,Colombia,2018,2.01521676430825,44.1860883280757,92.6,58.5,30.4,1.91157850356555,0.0,49024465.0
COL,Colombia,2019,2.0873510590356,44.9824109959441,97.1,60.0,31.5,2.01760208281262,0.0,49907985.0
COL,Colombia,2020,2.11305425867508,45.6331653898152,98.5,60.9,32.0,1.66675683392305,0.0,50629997.0
COL,Colombia,2021,2.1601922487607,46.1362532672375,100.0,62.0,29.7,1.34818422237933,0.0,51188173.0
COL,Colombia,2022,2.21063542136097,46.6317656602073,100.0,62.6,,1.34094381830841,,51737944.0
COM,Comoros,1990,34.9274583557227,238.901665771091,,,74.0,3.57322201890762,3149313.80742835,444596.0
COM,Comoros,1991,34.9274583557227,244.790972595379,,,73.4,2.85333648716676,3191573.3834417,455556.0
COM,Comoros,1992,34.9274583557227,249.926383664696,,,73.6,2.07195266208142,3349332.30376755,465113.0
COM,Comoros,1993,34.9274583557227,254.530897367007,,,73.1,1.73637441888871,2867622.02770639,473682.0
COM,Comoros,1994,34.9274583557227,259.076840408383,,,73.3,1.62643520738079,3484289.56668629,482142.0
COM,Comoros,1995,34.9274583557227,263.614185921548,,,73.0,1.55080066718341,6733762.48922507,490586.0
COM,Comoros,1996,34.9274583557227,268.192907039226,19.8805397711065,,73.4,1.50728649713113,6833496.90345728,499107.0
COM,Comoros,1997,34.9274583557227,272.851692638366,22.4304393678463,,72.9,1.4911850888241,6416650.87055234,507777.0
COM,Comoros,1998,34.9274583557227,277.591080064481,25.0082204275858,,71.5,1.48852779742565,6782197.65453446,516597.0
COM,Comoros,1999,34.9274583557227,282.582482536271,27.5858429848953,,71.1,1.55879560277577,4861184.78818265,525886.0
COM,Comoros,2000,34.9274583557227,288.060182697474,30.2,0.2,69.9,1.72000925202685,4914226.08500103,536080.0
COM,Comoros,2001,34.9274583557227,294.046211714132,32.7,0.3,69.5,1.89286752389996,4820086.25195472,547220.0
COM,Comoros,2002,34.9274583557227,300.334766254702,33.2,0.4,70.3,2.00307244942228,5857639.6156258,558923.0
COM,Comoros,2003,34.9274583557227,306.178398710371,37.6,0.4,64.4,1.87773349268179,9052959.7177461,569798.0
COM,Comoros,2004,34.9274583557227,312.038688876948,40.1,0.5,63.5,1.94911516324547,7811018.94823969,580704.0
COM,Comoros,2005,34.9274583557227,318.472326706072,42.5,0.6,65.7,2.24543785652628,8482388.65532452,592677.0
COM,Comoros,2006,34.9274583557227,324.961311123052,45.0,0.8,61.8,2.3638892619232,8837325.23705977,604753.0
COM,Comoros,2007,34.9274583557227,331.502955400322,47.5,0.8,74.4,2.47238849553151,12598571.5092546,616927.0
COM,Comoros,2008,34.9274583557227,338.155292853305,50.0,1.0,73.4,2.58677835289024,15719052.2800018,629307.0
COM,Comoros,2009,34.9274583557227,344.94734013971,52.5,1.1,68.5,2.69858783646424,15835494.506969,641947.0
COM,Comoros,2010,34.9274583557227,351.873186458893,63.7,1.4,66.0,2.79611651624115,14468117.9420838,654836.0
COM,Comoros,2011,34.9274583557227,358.976894142934,63.3,1.6,69.0,2.8945044841069,16712544.4075389,668056.0
COM,Comoros,2012,34.9274583557227,366.270822138635,63.1,1.8,68.3,2.98289188155572,19469012.6600856,681630.0
COM,Comoros,2013,34.9274583557227,374.095647501343,62.5,2.0,63.6,3.15067909227555,20550394.0874721,696192.0
COM,Comoros,2014,34.9274583557227,382.322944653412,65.0,2.3,68.0,3.26667410902472,22726851.0658567,711503.0
COM,Comoros,2015,34.9274583557227,390.479312197743,67.6,2.5,67.0,3.2467289812656,23820011.2702731,726682.0
COM,Comoros,2016,34.9274583557227,398.571198280494,70.1,2.9,64.0,3.22054856018395,25389320.271017,741741.0
COM,Comoros,2017,34.9274583557227,406.592692101021,72.6,3.2,59.5,3.18637159823942,25469090.9842889,756669.0
COM,Comoros,2018,34.9274583557227,414.610424502955,75.1,3.7,57.7,2.93746534116347,18449458.2370791,771590.0
COM,Comoros,2019,34.9274583557227,422.664159054272,77.6,4.0,55.3,2.94182509163203,17764247.3100143,786578.0
COM,Comoros,2020,34.9274583557227,431.038688876948,80.1,4.4,50.8,3.01261004943326,19590945.6486522,802163.0
COM,Comoros,2021,34.9274583557227,439.642127888232,82.9,5.0,41.2,3.05770058680522,21105965.9816943,818174.0
COM,Comoros,2022,34.9274583557227,448.247178936056,82.9,5.4,39.3,3.04966893419291,,834188.0
COD,"Congo, Dem. Rep.",1990,2.94214948942458,16.1814088793807,,,92.0,4.64385222135143,1063461376.11598,36684063.0
COD,"Congo, Dem. Rep.",1991,2.94656050814936,16.7291488939371,,,95.1,4.68071557315285,1088413645.75948,37925817.0
COD,"Congo, Dem. Rep.",1992,2.95538254559891,17.3039456562493,,,95.9,4.75277438905321,1166070095.02509,39228910.0
COD,"Congo, Dem. Rep.",1993,2.95538254559891,17.9335859376723,,,96.1,4.96857998525749,1042247914.97831,40656336.0
COD,"Congo, Dem. Rep.",1994,2.95538254559891,18.802794821464,,,96.6,6.14465786693376,1275032699.43069,42626876.0
COD,"Congo, Dem. Rep.",1995,2.95538254559891,19.5997900355087,,,96.9,5.57742854016484,1925681613.07073,44433704.0
COD,"Congo, Dem. Rep.",1996,2.95538254559891,19.9802051123707,,,97.0,3.36031327631535,1950896745.52534,45296124.0
COD,"Congo, Dem. Rep.",1997,2.95538254559891,20.3038759621535,,,97.1,3.05444930195429,1840079904.69125,46029902.0
COD,"Congo, Dem. Rep.",1998,2.95538254559891,20.8630599236894,,,96.8,4.1714605726725,1938299955.8962,47297600.0
COD,"Congo, Dem. Rep.",1999,2.95538254559891,21.5756030965351,,,97.0,4.81788537903842,1244015534.48552,48912971.0
COD,"Congo, Dem. Rep.",2000,2.95538254559891,22.2789272402461,,0.0,97.9,4.67026172829358,1254307895.91531,50507442.0
COD,"Congo, Dem. Rep.",2001,2.95538254559891,22.995807767804,,0.0,98.3,4.63041678553612,1233766354.39371,52132646.0
COD,"Congo, Dem. Rep.",2002,2.95538254559891,23.709456783044,,0.0,98.3,4.5185842320562,1508943352.78153,53750524.0
COD,"Congo, Dem. Rep.",2003,2.95538254559891,24.4122833638429,,0.1,98.0,4.38088342501025,2479581012.69866,55343867.0
COD,"Congo, Dem. Rep.",2004,2.95538254559891,25.1418102820846,,0.0,97.9,4.39981145786011,2218422537.56761,56997741.0
COD,"Congo, Dem. Rep.",2005,2.95538254559891,25.9260819126177,,0.1,97.4,4.15201719742576,2339985631.91295,58775724.0
COD,"Congo, Dem. Rep.",2006,2.95538254559891,26.7377905207208,,0.1,97.3,4.14824293140344,2367120544.11872,60615908.0
COD,"Congo, Dem. Rep.",2007,2.95538254559891,27.5590533953817,1.8,0.1,97.2,4.07605218945203,3479524035.6713,62477752.0
COD,"Congo, Dem. Rep.",2008,2.97743763922278,28.4028424604662,,0.1,97.0,4.05211332732979,4208743100.20132,64390664.0
COD,"Congo, Dem. Rep.",2009,3.49882005249112,29.2944769634547,,0.1,97.0,4.11305527281654,4301277343.47345,66412044.0
COD,"Congo, Dem. Rep.",2010,4.02020246575947,30.2432844445425,,0.1,96.8,4.19558449694885,3824768179.6676,68563038.0
COD,"Congo, Dem. Rep.",2011,4.54158487902781,31.2517637458371,,0.2,96.2,4.27442453978763,4402806803.85986,70849311.0
COD,"Congo, Dem. Rep.",2012,5.0620850885512,32.3127491674202,,0.2,95.5,4.31924989076148,5111407532.63166,73254618.0
COD,"Congo, Dem. Rep.",2013,5.19838556714673,33.430844048433,,0.2,93.9,4.36893465854831,5351111439.05132,75789395.0
COD,"Congo, Dem. Rep.",2014,5.4317284576873,34.5838168545025,,0.3,92.9,4.34467556104621,5936667000.24712,78403242.0
COD,"Congo, Dem. Rep.",2015,5.49612933106901,35.7449244613043,1.0,0.3,95.8,4.24317443146634,6246447166.73359,81035531.0
COD,"Congo, Dem. Rep.",2016,5.58523190930945,37.0333318629938,1.0,0.4,97.0,4.46904992839239,6611404212.48215,83956415.0
COD,"Congo, Dem. Rep.",2017,5.8406298934739,38.4126499194989,1.0,0.4,96.7,4.57217173759111,6502807015.70054,87083398.0
COD,"Congo, Dem. Rep.",2018,5.95222866721069,39.7201843805827,1.0,0.5,96.4,4.25003232593599,4538164759.87287,90047644.0
COD,"Congo, Dem. Rep.",2019,6.0342736154915,40.9992907081891,1.0,0.5,96.3,4.05989799278496,4393392938.23385,92947442.0
COD,"Congo, Dem. Rep.",2020,6.0342736154915,42.3413678569066,1.0,0.6,96.2,4.09910653013793,4839911600.35847,95989998.0
COD,"Congo, Dem. Rep.",2021,6.04502913477868,43.7347795593392,1.0,0.6,96.3,4.10393394791464,5183414415.85061,99148932.0
COD,"Congo, Dem. Rep.",2022,6.39680862795263,45.1674943208134,1.0,0.7,,4.07747352876404,,102396968.0
COG,"Congo, Rep.",1990,1.40263543191801,6.97089311859444,,,65.4,3.550420337883,148441293.488894,2380560.0
COG,"Congo, Rep.",1991,1.40849194729136,7.17197364568082,,,64.6,3.50227404746644,102919507.639421,2449229.0
COG,"Congo, Rep.",1992,1.40556368960469,7.37764275256223,,,67.6,3.46770202261489,117373488.705585,2519465.0
COG,"Congo, Rep.",1993,1.42020497803807,7.59919180087848,,,68.4,3.59925658007915,122069559.195466,2595124.0
COG,"Congo, Rep.",1994,1.38506588579795,7.82765446559297,,,76.5,3.62049074795205,123500148.026446,2673144.0
COG,"Congo, Rep.",1995,1.3909224011713,8.05113030746706,,,69.8,3.50861614728483,162899559.767902,2749461.0
COG,"Congo, Rep.",1996,1.39677891654466,8.27755490483163,,,75.4,3.51979719393764,125069666.99407,2826785.0
COG,"Congo, Rep.",1997,1.43484626647145,8.45640409956076,,,80.2,2.9583405533185,145319575.816794,2887862.0
COG,"Congo, Rep.",1998,1.43777452415813,8.6443953147877,,,79.7,3.08533155069772,138791539.751447,2952061.0
COG,"Congo, Rep.",1999,1.44948755490483,8.88103660322108,,,77.0,3.62587913208482,112376176.475956,3032874.0
COG,"Congo, Rep.",2000,1.43484626647145,9.22795021961933,5.6,1.0,64.9,4.76927727996038,120397555.273095,3151345.0
COG,"Congo, Rep.",2001,1.43484626647145,9.58283162518302,6.0,1.2,61.2,4.6981856557834,134389745.454221,3272537.0
COG,"Congo, Rep.",2002,1.43484626647145,9.81192093704246,6.4,1.2,68.6,3.249884908689,182365941.47608,3350771.0
COG,"Congo, Rep.",2003,1.43484626647145,10.0900527086384,6.8,1.3,62.1,3.62191961878632,227622742.103468,3445753.0
COG,"Congo, Rep.",2004,1.43484626647145,10.4408609077599,7.2,1.4,63.1,4.16100779904244,154625384.986854,3565554.0
COG,"Congo, Rep.",2005,1.43484626647145,10.8239912152269,7.2,1.5,63.1,4.24141838769461,206975522.768417,3696393.0
COG,"Congo, Rep.",2006,1.43484626647145,11.2369224011713,7.9,1.6,69.3,4.25399784281425,246260418.71511,3837409.0
COG,"Congo, Rep.",2007,1.43484626647145,11.6557247437775,8.2,1.7,60.2,4.02610013181682,292594258.290741,3980430.0
COG,"Congo, Rep.",2008,1.43484626647145,12.0454377745242,8.6,1.9,56.8,3.5878820900119,412973755.732318,4113517.0
COG,"Congo, Rep.",2009,1.46412884333821,12.5365124450952,9.2,2.1,55.9,4.2884947618823,311884950.854748,4281219.0
COG,"Congo, Rep.",2010,1.49341142020498,13.0667349926794,10.7,2.2,54.5,4.42340256783818,327942391.05128,4462290.0
COG,"Congo, Rep.",2011,1.55197657393851,13.4984597364568,10.5,2.3,64.3,3.51863244092681,377098943.399435,4609724.0
COG,"Congo, Rep.",2012,1.55197657393851,13.8812591508053,10.6,2.5,65.1,3.05016951875323,452300721.590026,4740450.0
COG,"Congo, Rep.",2013,1.61054172767204,14.2228374816984,10.4,2.8,62.3,2.6691374871158,457316023.936874,4857099.0
COG,"Congo, Rep.",2014,1.61054172767204,14.5706588579795,10.7,2.9,62.1,2.63735533471059,418272505.653666,4975880.0
COG,"Congo, Rep.",2015,1.61054172767204,14.9270307467057,11.1,3.2,64.2,2.6194024381139,365149643.540142,5097581.0
COG,"Congo, Rep.",2016,1.61054172767204,15.2929311859444,11.6,3.4,67.7,2.6051648404399,387872063.977367,5222536.0
COG,"Congo, Rep.",2017,1.61054172767204,15.6691390922401,11.8,3.7,69.8,2.59283378977474,481187737.256483,5351011.0
COG,"Congo, Rep.",2018,1.61054172767204,16.0559824304539,11.8,3.9,70.6,2.5792312097329,527316149.862617,5483118.0
COG,"Congo, Rep.",2019,1.61054172767204,16.4470307467057,11.4,4.0,69.8,2.52317802749057,384648965.349203,5616661.0
COG,"Congo, Rep.",2020,1.61054172767204,16.845654465593,11.8,4.2,71.4,2.48678206982997,374384063.489344,5752791.0
COG,"Congo, Rep.",2021,1.61054172767204,17.2538301610542,12.4,4.5,71.4,2.45989791194584,397343418.703006,5892183.0
COG,"Congo, Rep.",2022,1.61054172767204,17.6723396778917,12.4,4.8,,2.43481929331073,,6035104.0
CRI,Costa Rica,1990,5.09204857030944,61.1379945162554,,,45.4,4.34178109483821,0.0,3121706.0
CRI,Costa Rica,1991,5.09204857030944,62.7139835487662,,,44.7,4.43390553279782,0.0,3202176.0
CRI,Costa Rica,1992,4.89620054837446,64.3215432824128,,,35.1,4.47474572402598,0.0,3284258.0
CRI,Costa Rica,1993,4.5045045045045,65.9505287896592,,,36.3,4.48224004948548,0.0,3367434.0
CRI,Costa Rica,1994,4.5045045045045,67.5895417156287,,,35.8,4.45731509546964,0.0,3451122.0
CRI,Costa Rica,1995,4.30865648256953,69.2357226792009,,,35.0,4.41508456980059,0.0,3535176.0
CRI,Costa Rica,1996,4.11280846063455,70.8776537406972,,,36.6,4.34487047666728,0.0,3619013.0
CRI,Costa Rica,1997,4.11280846063455,72.4972777124951,,,33.6,4.23990468469367,0.0,3701711.0
CRI,Costa Rica,1998,4.11280846063455,74.086133960047,,,28.9,4.11610568570131,0.0,3782838.0
CRI,Costa Rica,1999,4.30865648256953,75.6384841363102,,,29.9,3.97851214410261,0.0,3862101.0
CRI,Costa Rica,2000,4.11280846063455,77.119839404622,92.8,77.2,33.0,3.79130411492904,0.0,3937739.0
CRI,Costa Rica,2001,4.11280846063455,78.5144339992166,95.8,77.6,32.1,3.63218844675115,0.0,4008947.0
CRI,Costa Rica,2002,3.91696043869957,79.8218762240501,96.3,78.0,32.5,3.52277060544041,0.0,4075705.0
CRI,Costa Rica,2003,4.11280846063455,81.0572659616138,96.7,78.1,33.3,3.43198088437489,0.0,4138784.0
CRI,Costa Rica,2004,4.11280846063455,82.257696827262,97.3,78.4,39.2,3.38562463737481,0.0,4200078.0
CRI,Costa Rica,2005,4.11280846063455,83.4555424990208,97.4,78.6,41.7,3.37524492519834,69557392.3036462,4261240.0
CRI,Costa Rica,2006,4.11280846063455,84.63258911085,97.6,78.8,42.4,3.33916476526711,9207629.71600093,4321340.0
CRI,Costa Rica,2007,3.91696043869957,85.7862906384645,97.7,79.1,41.2,3.29709379566706,0.0,4380248.0
CRI,Costa Rica,2008,3.91696043869957,86.9576184880533,97.8,79.5,40.7,3.29945301492026,0.0,4440056.0
CRI,Costa Rica,2009,4.30865648256953,88.1275166470819,98.2,79.7,40.7,3.27593114016652,0.0,4499791.0
CRI,Costa Rica,2010,4.40658049353701,89.2276145710928,97.1,80.3,40.4,3.17259250348764,0.0,4555962.0
CRI,Costa Rica,2011,4.5436741088915,90.2826674500588,97.3,80.9,38.0,3.02453188023227,0.0,4609833.0
CRI,Costa Rica,2012,4.5436741088915,91.3422248335292,98.1,81.7,38.1,1.91468078389962,0.0,4663934.0
CRI,Costa Rica,2013,4.5436741088915,92.3648061104583,98.4,82.6,37.8,1.86488768727343,0.0,4716147.0
CRI,Costa Rica,2014,4.5436741088915,93.3630826478653,98.3,83.4,37.6,1.8073453869239,0.0,4767119.0
CRI,Costa Rica,2015,4.33194085389738,94.360321190756,97.7,84.1,38.3,1.7756467904847,0.0,4818038.0
CRI,Costa Rica,2016,4.12020759890325,95.3191931061496,98.5,85.1,34.1,1.7051277417864,0.0,4866998.0
CRI,Costa Rica,2017,3.90847434390913,96.2235996866432,98.9,85.9,33.3,1.61931271806193,0.0,4913177.0
CRI,Costa Rica,2018,3.696741088915,97.0978848413631,98.9,86.8,33.1,1.56042131697455,0.0,4957818.0
CRI,Costa Rica,2019,3.48500783392088,97.9152565609087,98.9,87.5,33.4,1.47522101905517,0.0,4999553.0
CRI,Costa Rica,2020,3.27327457892675,98.5961613787701,99.7,88.4,36.4,1.31094825050875,0.0,5034320.0
CRI,Costa Rica,2021,3.27327457892675,99.0988640814728,100.0,89.1,34.2,1.10754509405765,0.0,5059988.0
CRI,Costa Rica,2022,3.27327457892675,99.5253623188406,100.0,89.7,,1.00950242428085,,5081765.0
CIV,Cote d'Ivoire,1990,7.64150943396226,38.3326352201258,,,73.6,4.67053131106725,0.0,12189778.0
CIV,Cote d'Ivoire,1991,7.70440251572327,39.8863836477987,,,74.0,4.73355885687709,0.0,12683870.0
CIV,Cote d'Ivoire,1992,8.17610062893082,41.5104088050314,,,74.6,4.77045406855171,0.0,13200310.0
CIV,Cote d'Ivoire,1993,9.12578616352201,43.1948144654088,,,75.1,4.77411704690276,0.0,13735951.0
CIV,Cote d'Ivoire,1994,9.43396226415094,44.9283050314465,13.5857437129987,,75.6,4.74590018846039,0.0,14287201.0
CIV,Cote d'Ivoire,1995,9.43396226415094,46.7156132075472,19.275963754443,,74.9,4.72455909949087,0.0,14855565.0
CIV,Cote d'Ivoire,1996,9.43396226415094,48.5607295597484,20.160078805271,,74.0,4.70739192554779,0.0,15442312.0
CIV,Cote d'Ivoire,1997,9.11949685534591,50.4627987421384,21.0525576857507,,72.1,4.68390382904439,0.0,16047170.0
CIV,Cote d'Ivoire,1998,9.11949685534591,52.4023522012579,21.9540068337895,,73.4,4.61915611828447,0.0,16663948.0
CIV,Cote d'Ivoire,1999,8.80503144654088,54.1381603773585,20.0588223798653,,61.9,4.11347256671363,0.0,17215935.0
CIV,Cote d'Ivoire,2000,8.80503144654088,55.6572452830189,23.8,1.3,63.7,3.63755126002446,0.0,17699004.0
CIV,Cote d'Ivoire,2001,8.80503144654088,57.166393081761,24.6,1.4,64.7,3.56044790232154,0.0,18178913.0
CIV,Cote d'Ivoire,2002,8.80503144654088,58.6628018867925,26.8,1.4,65.3,3.48179149823021,0.0,18654771.0
CIV,Cote d'Ivoire,2003,8.80503144654088,60.143213836478,26.1,1.4,70.3,3.4009284974214,0.0,19125542.0
CIV,Cote d'Ivoire,2004,8.80503144654088,61.6194968553459,26.9,1.5,75.4,3.34255525511024,0.0,19595000.0
CIV,Cote d'Ivoire,2005,8.80503144654088,63.108358490566,36.2,1.5,77.9,3.31215450416703,0.0,20068458.0
CIV,Cote d'Ivoire,2006,8.80503144654088,64.6125849056604,34.1,1.5,74.8,3.28558818931295,0.0,20546802.0
CIV,Cote d'Ivoire,2007,9.11949685534591,66.1338301886792,29.3,1.6,76.3,3.26070573340657,0.0,21030558.0
CIV,Cote d'Ivoire,2008,9.11949685534591,67.6554685534591,35.6,1.7,74.2,3.21031023250197,0.0,21514439.0
CIV,Cote d'Ivoire,2009,9.11949685534591,69.1759119496855,31.0,1.8,73.7,3.15833792422617,0.0,21997940.0
CIV,Cote d'Ivoire,2010,9.11949685534591,70.7171855345912,31.9,1.8,75.4,3.1382905238331,0.0,22488065.0
CIV,Cote d'Ivoire,2011,9.11949685534591,72.2704402515723,26.3,2.1,79.1,3.10468439770448,0.0,22982000.0
CIV,Cote d'Ivoire,2012,9.43396226415094,73.7958427672956,25.8,2.2,74.9,3.01665273209129,0.0,23467078.0
CIV,Cote d'Ivoire,2013,11.0062893081761,75.2823113207547,34.5,2.5,72.2,2.91675127414901,0.0,23939775.0
CIV,Cote d'Ivoire,2014,11.0062893081761,77.1301729559748,34.3,2.7,71.9,3.34120218321848,0.0,24527395.0
CIV,Cote d'Ivoire,2015,12.1187050314465,79.3910125786164,39.2,3.0,64.5,3.80731191078549,0.0,25246342.0
CIV,Cote d'Ivoire,2016,11.888658490566,81.7276886792453,36.7,3.3,64.0,3.82734924738251,0.0,25989405.0
CIV,Cote d'Ivoire,2017,12.5264462264151,84.0672075471698,38.4,3.7,62.5,3.7548001860726,0.0,26733372.0
CIV,Cote d'Ivoire,2018,12.8193726415094,86.3653238993711,40.4,4.2,60.5,3.63331831550493,0.0,27464173.0
CIV,Cote d'Ivoire,2019,13.6467194968553,88.6572610062893,42.1,4.7,61.1,3.55757542578992,0.0,28193009.0
CIV,Cote d'Ivoire,2020,13.6325179245283,90.9290849056604,43.7,5.3,61.8,3.46886576146738,0.0,28915449.0
CIV,Cote d'Ivoire,2021,13.8043987421384,93.2067169811321,45.2,6.0,58.2,3.40065819276816,0.0,29639736.0
CIV,Cote d'Ivoire,2022,14.1790927672956,95.5817672955975,45.3,6.9,,3.52587849974979,,30395002.0
HRV,Croatia,1990,,,100.0,,21.6,0.984963627905318,,4777368.0
HRV,Croatia,1991,,,100.0,,32.7,-1.35091998804395,,4689022.0
HRV,Croatia,1992,21.6776962976212,81.8425684135217,100.0,,29.8,-2.03979854024374,0.0,4575818.0
HRV,Croatia,1993,18.99481309247,82.2833661241281,100.0,,29.9,0.925373139289963,0.0,4600463.0
HRV,Croatia,1994,19.7460203899124,83.2055803970667,100.0,,30.1,1.47428237153778,304308.804332534,4652024.0
HRV,Croatia,1995,19.9785369343588,82.633339295296,100.0,,30.3,-0.364016581935605,0.0,4620030.0
HRV,Croatia,1996,17.6134333690604,81.4058056448732,100.0,,32.6,-1.08415939199788,0.0,4557097.0
HRV,Croatia,1997,17.5598428010004,81.0096463022508,100.0,,29.1,-0.244309579900314,4437063.15146897,4534920.0
HRV,Croatia,1998,19.4777320693972,81.0612591665176,100.0,,28.1,0.133131575895932,9645055.87982695,4532135.0
HRV,Croatia,1999,19.1021284206761,80.7118046861027,100.0,,27.8,-0.291490723603603,11245633.4332013,4512597.0
HRV,Croatia,2000,15.0593790241809,79.9166905136643,100.0,100.0,26.8,-0.905124044278068,13884308.9585048,4468302.0
HRV,Croatia,2001,15.2561167549006,76.9001645442839,100.0,100.0,26.9,-3.83050670968818,11392525.2055068,4299642.0
HRV,Croatia,2002,15.3455429961368,76.9454499928459,100.0,100.0,24.6,0.028644525396151,15085391.9168691,4302174.0
HRV,Croatia,2003,15.4384961761132,76.8958437567007,100.0,100.0,24.8,-0.0359531160212279,25970639.563567,4303399.0
HRV,Croatia,2004,15.1347294689443,76.9173039811307,100.0,100.0,26.6,-0.061287887241967,32392249.1376941,4304600.0
HRV,Croatia,2005,15.5993138446144,77.0163855335573,100.0,100.0,26.8,0.0236924099527442,39914940.8413406,4310145.0
HRV,Croatia,2006,15.7422628832821,77.0345043242084,100.0,100.0,25.5,-0.0884468647111154,61140379.2832957,4311159.0
HRV,Croatia,2007,15.2240726181116,77.0176720749053,100.0,100.0,22.7,-0.13164470723675,74020438.1011615,4310217.0
HRV,Croatia,2008,15.3795296976628,77.0085233364306,100.0,100.0,24.1,-0.110563055345429,98500912.6058294,4309705.0
HRV,Croatia,2009,15.5153312843971,76.927685655064,100.0,100.0,27.2,-0.183479938650026,79209440.5166762,4305181.0
HRV,Croatia,2010,16.1603888213852,76.7533950396684,100.0,100.0,29.8,-0.275957952995837,93317831.0138157,4295427.0
HRV,Croatia,2011,16.0228003716675,76.4888499749839,100.0,100.0,27.2,-0.354494885386375,140908640.815859,4280622.0
HRV,Croatia,2012,16.1961260810521,76.1269387463369,100.0,100.0,29.4,-0.425633299993768,146532776.718439,4260368.0
HRV,Croatia,2013,15.6600671860482,75.6543849617611,100.0,100.0,32.8,-0.511243227621612,144044583.560776,4233922.0
HRV,Croatia,2014,14.5254091916232,75.0767993710242,100.0,100.0,33.6,-0.598120483956671,120410429.99595,4201598.0
HRV,Croatia,2015,15.0757629904939,74.1856371953399,100.0,100.0,33.1,-0.974229489153471,105443561.560631,4151725.0
HRV,Croatia,2016,15.6171824744479,73.3840861982703,100.0,100.0,31.8,-0.820096343732849,98354956.1067666,4106867.0
HRV,Croatia,2017,14.5986705739404,72.2144056893717,100.0,100.0,29.8,-1.29942548529598,126694385.237495,4041407.0
HRV,Croatia,2018,14.3663783861054,71.2739439639768,100.0,100.0,32.8,-0.967668565244336,123033154.446359,3988775.0
HRV,Croatia,2019,14.7058823529412,70.5701879779859,100.0,100.0,31.6,-0.618464154693749,112294581.028796,3949390.0
HRV,Croatia,2020,15.8863473909936,69.946497498213,100.0,100.0,32.4,-0.495641953143935,102827124.952049,3914206.0
HRV,Croatia,2021,15.3145103645461,69.3170300214439,100.0,100.0,34.1,-0.480534599299897,104981707.838541,3878981.0
HRV,Croatia,2022,15.2430307362402,68.8999463902788,100.0,100.0,,-0.200242676400383,,3855641.0
CUB,Cuba,1990,31.5735567970205,98.9925418994413,,,42.9,1.57712556801264,44593788.9146253,10631799.0
CUB,Cuba,1991,31.9832402234637,99.7918063314711,,,47.2,1.36796178762561,49281239.9676915,10717640.0
CUB,Cuba,1992,33.2867783985102,100.426452513966,,,51.3,0.9964312737463,51052985.5908797,10785801.0
CUB,Cuba,1993,33.7988826815642,100.940698324022,,,46.9,0.61923540239556,47958195.3188704,10841031.0
CUB,Cuba,1994,34.3202979515829,101.359599627561,,,45.8,0.43235957354372,48961599.4319948,10886021.0
CUB,Cuba,1995,34.3016759776536,101.725903165736,,,41.3,0.461073032361492,64098078.5598801,10925362.0
CUB,Cuba,1996,32.4487895716946,102.067132216015,,,41.4,0.603770645024639,52623431.9882244,10962010.0
CUB,Cuba,1997,33.780260707635,102.401620111732,,,36.8,0.705666886199531,57989819.3257629,10997934.0
CUB,Cuba,1998,33.2774674115456,102.744059590317,,,34.8,0.656208643569447,50392246.1812832,11034712.0
CUB,Cuba,1999,33.6126629422719,103.093389199255,,,33.7,0.434541164716933,21928008.8716569,11072230.0
CUB,Cuba,2000,32.6256983240223,103.436769087523,87.8,27.4,34.4,0.668514059159221,23769576.2501678,11109109.0
CUB,Cuba,2001,34.8137802607076,103.762867783985,85.3,33.5,34.0,0.647628069595281,23459257.1399955,11144132.0
CUB,Cuba,2002,35.6988438763042,105.060795187518,82.4,39.9,34.8,0.250696194326925,37588265.5207638,11177418.0
CUB,Cuba,2003,35.2631578947368,105.351343984962,86.5,46.6,33.6,0.301623933698648,37473089.2389919,11209383.0
CUB,Cuba,2004,34.8275538013345,105.617479560192,87.1,53.1,33.8,0.332870857413441,33170664.6749231,11238756.0
CUB,Cuba,2005,34.4983089064262,105.811292747088,87.7,59.0,26.3,0.324278391520763,36263154.6319817,11262554.0
CUB,Cuba,2006,34.1445081274077,105.971530583482,88.4,64.1,22.0,0.285005153471217,50214336.0769936,11278550.0
CUB,Cuba,2007,33.5682074408117,106.043517474634,89.0,69.0,18.6,0.239475005651017,51599796.2734522,11287272.0
CUB,Cuba,2008,32.9631717399474,106.085700864337,89.7,72.45,18.7,0.209856917085505,49159550.6219127,11291762.0
CUB,Cuba,2009,32.3750469748215,106.113481773769,90.4,75.0,19.0,0.193087134892243,53602897.7847468,11294719.0
CUB,Cuba,2010,31.7925591882751,106.138754227734,91.1,78.2,15.6,0.176505935781862,72865282.2794025,11297409.0
CUB,Cuba,2011,31.0790451325529,105.757568101214,91.8,79.8,19.2,0.164349066028095,67709198.091006,11301571.0
CUB,Cuba,2012,29.3945559733331,105.984819360707,92.7,81.7,19.4,0.105444671267923,65299522.7821438,11303175.0
CUB,Cuba,2013,30.2859336019958,108.40689886778,93.6,83.5,18.2,0.0060954661791693,79210635.083047,11298167.0
CUB,Cuba,2014,29.6863103249375,108.496202653336,94.5,84.7,23.2,-0.0735045186733101,85872208.2553126,11285775.0
CUB,Cuba,2015,28.9500480307397,108.309942363112,95.5,86.15,21.1,-0.0610623858770564,79607687.3348413,11275065.0
CUB,Cuba,2016,28.7312572087659,108.2815455594,96.4,86.9,19.2,-0.0301643184481945,90492454.4638636,11265612.0
CUB,Cuba,2017,28.0211946050096,108.360587668593,97.4,88.1,22.0,-0.0946254275129914,89214447.8387959,11247829.0
CUB,Cuba,2018,28.0211946050096,108.16105973025,98.3,88.6,24.0,-0.11246604520524,77464988.4302741,11227118.0
CUB,Cuba,2019,28.0211946050096,107.927225433526,99.5,89.4,23.1,-0.142190984588659,68589893.4276754,11202846.0
CUB,Cuba,2020,28.0211946050096,107.672003853565,99.7,89.7,24.5,-0.191082746238495,79553777.8520834,11176354.0
CUB,Cuba,2021,28.0211946050096,107.149980732177,100.0,90.3,20.9,-0.498019923391772,68828464.4023332,11122168.0
CUB,Cuba,2022,28.0211946050096,106.549325626204,100.0,90.7,,-0.553291060739883,,11059820.0
CUW,Curacao,1990,,,100.0,,0.0,-0.591724927055127,,145400.0
CUW,Curacao,1991,,,100.0,,0.0,-0.200203538970606,,144403.0
CUW,Curacao,1992,,,100.0,,0.0,0.176526880371306,,143912.0
CUW,Curacao,1993,,,100.0,,0.1,0.922497022458698,,144299.0
CUW,Curacao,1994,,,100.0,,0.1,1.07587189157532,,144630.0
CUW,Curacao,1995,,,100.0,,0.1,1.31513885841373,,145139.0
CUW,Curacao,1996,,,100.0,,0.1,1.80749268118932,,146306.0
CUW,Curacao,1997,,,100.0,,0.1,1.42344579238889,,146956.0
CUW,Curacao,1998,,,100.0,,0.1,-0.8201677086128,,144472.0
CUW,Curacao,1999,,,100.0,,0.1,-2.82951427740618,,139428.0
CUW,Curacao,2000,,,100.0,,0.1,-3.57561586208553,,133860.0
CUW,Curacao,2001,,,100.0,,0.6,-3.45259843682622,,129047.0
CUW,Curacao,2002,,,100.0,,0.6,0.163257012945403,,129205.0
CUW,Curacao,2003,,,100.0,,0.6,2.095941742284,,131897.0
CUW,Curacao,2004,,,100.0,,0.6,1.75333129672052,,134192.0
CUW,Curacao,2005,,,100.0,,0.6,2.57287322826352,,137658.0
CUW,Curacao,2006,,,100.0,,0.6,2.58833445222691,,141239.0
CUW,Curacao,2007,,,100.0,,0.6,1.99167968838089,,144056.0
CUW,Curacao,2008,,,100.0,,0.5,1.27352685047588,,145880.0
CUW,Curacao,2009,,,100.0,,0.5,0.665822808099176,,146833.0
CUW,Curacao,2010,,,100.0,,0.5,1.28017650180484,,148703.0
CUW,Curacao,2011,,339.709459459459,100.0,,0.5,1.43704182166809,,150831.0
CUW,Curacao,2012,,342.540540540541,100.0,,0.6,0.84708567531286,,152088.0
CUW,Curacao,2013,,346.445945945946,100.0,,1.1,1.1494996852418,,153822.0
CUW,Curacao,2014,,351.146396396396,100.0,,1.4,1.36358676730788,,155909.0
CUW,Curacao,2015,,355.810810810811,100.0,,1.3,1.33484637284704,,157980.0
CUW,Curacao,2016,,359.603603603604,100.0,,1.4,1.07480843438357,,159664.0
CUW,Curacao,2017,,360.754504504504,100.0,,1.9,0.333394113983919,,160175.0
CUW,Curacao,2018,,358.864864864865,100.0,,2.5,-0.511843028874359,,159336.0
CUW,Curacao,2019,,354.596846846847,100.0,,2.5,-1.18442713341524,,157441.0
CUW,Curacao,2020,,350.184684684685,100.0,,2.8,-1.24014053566079,,155482.0
CUW,Curacao,2021,,346.72972972973,100.0,,2.8,-0.980985945174613,,153948.0
CUW,Curacao,2022,,345.317567567568,100.0,,,-0.398101888507616,,153321.0
CYP,Cyprus,1990,11.4285714285714,85.3193722943723,100.0,,0.5,1.83545968935637,346049.341745709,788351.0
CYP,Cyprus,1991,11.4935064935065,86.4658008658009,100.0,,0.4,1.71270966929433,205849.995196145,798944.0
CYP,Cyprus,1992,11.6450216450216,87.6992424242424,100.0,,0.3,1.73699992977012,44591.1021897928,810341.0
CYP,Cyprus,1993,11.7640692640693,89.397619047619,100.0,,0.3,2.2054852761886,150701.113633521,826034.0
CYP,Cyprus,1994,10.7575757575758,91.4141774891775,100.0,,0.7,2.50745490056499,53947.4135106579,844667.0
CYP,Cyprus,1995,10.7251082251082,93.3652597402597,100.0,,3.3,2.37506443102462,76024.0190037454,862695.0
CYP,Cyprus,1996,10.7142857142857,95.2694805194805,100.0,,3.3,2.26196097239378,28535.8667363906,880290.0
CYP,Cyprus,1997,10.6168831168831,97.1393939393939,100.0,,3.3,2.15971723544454,0.0,897568.0
CYP,Cyprus,1998,10.8333333333333,98.9770562770563,100.0,,3.2,2.05701812229075,0.0,914548.0
CYP,Cyprus,1999,10.9415584415584,100.7829004329,100.0,,3.2,1.95102734717118,0.0,931234.0
CYP,Cyprus,2000,10.6493506493506,102.561363636364,100.0,100.0,3.1,1.8458936936154,0.0,947667.0
CYP,Cyprus,2001,10.6060606060606,104.342748917749,100.0,100.0,3.0,1.76526298547433,0.0,964127.0
CYP,Cyprus,2002,10.8225108225108,106.21645021645,100.0,100.0,3.2,1.75641824432786,0.0,981440.0
CYP,Cyprus,2003,12.1212121212121,108.180735930736,100.0,100.0,3.2,1.72435282495365,0.0,999590.0
CYP,Cyprus,2004,12.2294372294372,110.159632034632,100.0,100.0,3.3,1.63612812984299,0.0,1017875.0
CYP,Cyprus,2005,13.3116883116883,112.137554112554,100.0,100.0,3.4,1.55071613457715,0.0,1036151.0
CYP,Cyprus,2006,12.4458874458874,114.114502164502,100.0,100.0,3.5,1.48327555841323,0.0,1054418.0
CYP,Cyprus,2007,11.8831168831169,116.094588744589,100.0,100.0,4.3,1.43721822462344,0.0,1072714.0
CYP,Cyprus,2008,8.91774891774892,118.076406926407,100.0,100.0,5.7,1.40753627522943,0.0,1091026.0
CYP,Cyprus,2009,9.40476190476191,120.061796536797,100.0,100.0,6.3,1.3973224157531,0.0,1109371.0
CYP,Cyprus,2010,8.93939393939394,122.058008658009,100.0,100.0,6.5,1.41129401723492,0.0,1127816.0
CYP,Cyprus,2011,9.09090909090909,124.079329004329,100.0,100.0,7.6,1.45728788630941,0.0,1146493.0
CYP,Cyprus,2012,9.28571428571429,126.125216450216,100.0,100.0,8.6,1.49145013647247,0.0,1165397.0
CYP,Cyprus,2013,8.62878787878788,128.127164502165,100.0,100.0,9.7,1.43987733416976,0.0,1183895.0
CYP,Cyprus,2014,8.67748917748918,130.065043290043,100.0,100.0,9.5,1.37135235099275,0.0,1201801.0
CYP,Cyprus,2015,10.6471861471861,131.980735930736,100.0,100.0,10.4,1.33861279738232,0.0,1219502.0
CYP,Cyprus,2016,8.83116883116883,133.88658008658,100.0,100.0,10.3,1.31779186997351,0.0,1237112.0
CYP,Cyprus,2017,10.2088744588745,135.744047619048,100.0,100.0,10.9,1.27050112598286,0.0,1254275.0
CYP,Cyprus,2018,11.3165584415584,137.525649350649,100.0,100.0,12.0,1.20640900767097,0.0,1270737.0
CYP,Cyprus,2019,10.4324025974026,139.250108225108,100.0,100.0,12.0,1.15955680836967,0.0,1286671.0
CYP,Cyprus,2020,10.7626623376623,140.935822510823,100.0,100.0,15.0,1.12888696208826,0.0,1302247.0
CYP,Cyprus,2021,10.1207792207792,142.565909090909,100.0,100.0,15.6,1.08065349911939,0.0,1317309.0
CYP,Cyprus,2022,10.2623051948052,144.087662337662,100.0,100.0,,1.05817258031071,,1331370.0
CZE,Czechia,1990,,,100.0,,3.6,-0.330230420788631,,10333355.0
CZE,Czechia,1991,,,100.0,,4.0,-0.309886061588707,,10308578.0
CZE,Czechia,1992,,,100.0,,5.9,0.000877576752470831,,10319123.0
CZE,Czechia,1993,43.1215219360683,133.68519477158,100.0,,5.8,-0.0388143217197586,0.0,10329855.0
CZE,Czechia,1994,42.9273974375566,133.73349294681,100.0,,5.9,-0.136440765207262,0.0,10333587.0
CZE,Czechia,1995,42.7203313058108,133.651520641905,100.0,,5.3,-0.254477454008811,0.0,10327253.0
CZE,Czechia,1996,42.1508994435098,133.496065743497,100.0,,5.2,-0.320898827669479,0.0,10315241.0
CZE,Czechia,1997,42.060308010871,133.352284198266,100.0,,5.7,-0.314327163469066,0.0,10304131.0
CZE,Czechia,1998,42.2026659764462,133.225999741167,100.0,,6.0,-0.293953017369159,0.0,10294373.0
CZE,Czechia,1999,42.1379578102757,133.089944350977,100.0,,6.5,-0.284586042232905,866272.257158411,10283860.0
CZE,Czechia,2000,41.9697165782322,132.717264138734,100.0,100.0,5.9,-0.436473816021378,6282965.36026452,10255063.0
CZE,Czechia,2001,41.8791251455934,132.219554807817,100.0,100.0,6.3,-0.498291846764764,5717826.97103608,10216605.0
CZE,Czechia,2002,35.9737284845348,131.96474699107,100.0,100.0,7.3,-0.297352818126327,7125464.43141238,10196916.0
CZE,Czechia,2003,35.7095897502265,131.926983305293,100.0,100.0,6.7,-0.124955244622152,16573859.644175,10193998.0
CZE,Czechia,2004,35.3415739062904,131.984222107171,100.0,100.0,7.1,-0.0587438256727885,24593444.8368724,10197101.0
CZE,Czechia,2005,35.1076883251359,132.166916903961,100.0,100.0,7.5,0.0547009724924329,24645571.0625603,10211216.0
CZE,Czechia,2006,34.1416181229773,132.542459546926,100.0,100.0,7.9,0.19108537410986,62439847.5507093,10238905.0
CZE,Czechia,2007,33.9971521035599,133.318161812298,100.0,100.0,8.3,0.506132229029942,93696720.3363012,10298828.0
CZE,Czechia,2008,33.6644225789746,134.445921802175,100.0,100.0,9.0,0.752677471990865,54225247.4099566,10384603.0
CZE,Czechia,2009,33.4267219057483,135.214085965821,100.0,100.0,10.2,0.492030133633757,32962244.9082659,10443936.0
CZE,Czechia,2010,32.9914540981484,135.626181535673,100.0,100.0,10.9,0.211053475581419,61716488.3943092,10474410.0
CZE,Czechia,2011,32.650653890975,135.90687556649,100.0,100.0,12.2,0.122560305261246,37830596.6103887,10496088.0
CZE,Czechia,2012,32.614269066425,136.097177262722,100.0,100.0,12.8,0.0540390568142467,30228498.0124416,10510785.0
CZE,Czechia,2013,32.3879823879824,136.159958559959,100.0,100.0,13.9,-0.0524920784951204,37106998.399893,10514272.0
CZE,Czechia,2014,32.2325822325822,136.30337995338,100.0,100.0,14.8,0.0196406438733083,40236754.1115708,10525347.0
CZE,Czechia,2015,32.2497085869706,136.589288952208,100.0,100.0,14.8,0.110986159167901,50175456.5309385,10546059.0
CZE,Czechia,2016,32.2626602771662,136.851858567543,100.0,100.0,14.8,0.106479713972685,77183591.1900717,10566332.0
CZE,Czechia,2017,32.327418728144,137.21587877218,100.0,100.0,14.5,0.180105847237297,140468905.243635,10594438.0
CZE,Czechia,2018,32.1719984457972,137.675534257221,100.0,100.0,14.7,0.248931426132289,278145059.670547,10629928.0
CZE,Czechia,2019,32.1799871770794,138.226810266108,100.0,100.0,15.9,0.308335402043916,436777587.639678,10671870.0
CZE,Czechia,2020,32.1787733522905,138.575928842168,100.0,100.0,17.0,0.157796536482863,519691748.884767,10697858.0
CZE,Czechia,2021,32.0693957764556,136.108349053848,100.0,100.0,17.2,-1.87299322902636,469411963.032376,10505772.0
CZE,Czechia,2022,32.1272569631392,138.290511305111,100.0,100.0,,1.59257724319103,,10672118.0
DNK,Denmark,1990,64.025,128.523475,100.0,,7.0,0.169379528916627,0.0,5140939.0
DNK,Denmark,1991,63.7,128.85745,100.0,,7.1,0.28052763602583,0.0,5154298.0
DNK,Denmark,1992,63.475,129.28425,100.0,,7.8,0.365117170861185,0.0,5171370.0
DNK,Denmark,1993,63.325,129.7157,100.0,,7.7,0.376340306522059,0.0,5188628.0
DNK,Denmark,1994,59.125,130.1545,100.0,,7.3,0.385487867025156,0.0,5206180.0
DNK,Denmark,1995,57.975,130.834325,100.0,,7.5,0.569255531798578,0.0,5233373.0
DNK,Denmark,1996,58.05,131.57685,100.0,,7.3,0.610595203466259,0.0,5263074.0
DNK,Denmark,1997,59.125,132.124775,100.0,,8.1,0.452537272815015,0.0,5284991.0
DNK,Denmark,1998,59.15,132.605475,100.0,,8.5,0.388348450864529,0.0,5304219.0
DNK,Denmark,1999,57.35,133.044975,100.0,,9.1,0.340200593067104,0.0,5321799.0
DNK,Denmark,2000,57.025,133.4904,100.0,100.0,10.7,0.334227739208391,22749897.5619623,5339616.0
DNK,Denmark,2001,57.3,133.969575,100.0,100.0,11.1,0.462045794759963,0.0,5358783.0
DNK,Denmark,2002,56.9,134.398275,100.0,100.0,11.9,0.450500536463652,0.0,5375931.0
DNK,Denmark,2003,56.65,134.76435,100.0,100.0,12.7,0.412587904280369,730403.460003793,5390574.0
DNK,Denmark,2004,56.725,135.113075,100.0,100.0,14.4,0.600889021701703,2745560.00487464,5404523.0
DNK,Denmark,2005,58.3,135.4858,100.0,100.0,16.1,0.61667515783182,19298850.669859,5419432.0
DNK,Denmark,2006,58.675,135.9318,100.0,100.0,15.3,0.612127926892126,11887740.6990157,5437272.0
DNK,Denmark,2007,57.65,136.53595,100.0,100.0,17.7,0.646185818431538,17510244.7236006,5461438.0
DNK,Denmark,2008,60.05,137.340525,100.0,100.0,18.5,0.770174136987135,16056735.9143271,5493621.0
DNK,Denmark,2009,60.775,138.077375,100.0,100.0,19.3,0.74118911436296,12521273.8509486,5523095.0
DNK,Denmark,2010,60.525,138.692075,100.0,100.0,21.2,0.563380130491019,18500533.0570259,5547683.0
DNK,Denmark,2011,62.475,139.2643,100.0,100.0,23.8,0.746778015158289,15155781.1311789,5570572.0
DNK,Denmark,2012,60.45,139.7893,100.0,100.0,26.9,0.464427481784497,21120537.4464113,5591572.0
DNK,Denmark,2013,60.19,140.3733,100.0,100.0,27.0,0.771678354492753,31618729.4317084,5614932.0
DNK,Denmark,2014,60.8,141.086875,100.0,100.0,30.2,0.665401800647245,38843195.6636276,5643475.0
DNK,Denmark,2015,58.791275,142.087075,100.0,100.0,32.5,0.75547512466927,34321328.5162476,5683483.0
DNK,Denmark,2016,59.2625,143.20025,100.0,100.0,32.0,0.751422912226005,26472876.8470725,5728010.0
DNK,Denmark,2017,59.185,144.1245,100.0,100.0,35.0,1.0032387921328,24362931.0664985,5764980.0
DNK,Denmark,2018,59.71,144.8409,100.0,100.0,34.6,0.597801725578871,29441009.7800555,5793636.0
DNK,Denmark,2019,59.8983,145.36055,100.0,100.0,37.2,0.475716691502162,22406184.9098809,5814422.0
DNK,Denmark,2020,59.27325,145.7851,100.0,100.0,39.5,0.325427948744826,19347633.4591115,5831404.0
DNK,Denmark,2021,58.925,146.418325,100.0,100.0,39.5,0.458563062542163,21866222.1267514,5856733.0
DNK,Denmark,2022,59.0,147.575925,100.0,100.0,,0.930589269895906,,5903037.0
DJI,Djibouti,1990,0.0431406384814495,25.0016393442623,,,29.6,10.321915082468,2570211.7047619,579538.0
DJI,Djibouti,1991,0.0431406384814495,27.2257118205349,,,30.1,8.56590503479383,2697138.4,631092.0
DJI,Djibouti,1992,0.0431406384814495,27.0064710957722,,,30.3,-0.873539687291995,2372901.09123805,626010.0
DJI,Djibouti,1993,0.0431406384814495,26.498921484038,,,31.2,-2.08165757722186,1775139.44297921,614245.0
DJI,Djibouti,1994,0.0431406384814495,27.0366695427092,,,32.4,1.71972259969079,2058385.30734633,626710.0
DJI,Djibouti,1995,0.0431406384814495,27.3112165660052,,,32.2,0.630015343987968,3147998.8137931,633074.0
DJI,Djibouti,1996,0.0431406384814495,27.9701466781708,89.268173606928,,34.0,1.92721208201623,3280226.4,648348.0
DJI,Djibouti,1997,0.0431406384814495,28.982614322692,62.7042268640208,,32.0,3.03653986952083,3402656.55172414,671817.0
DJI,Djibouti,1998,0.0431406384814495,30.1704918032787,60.4289018318999,,29.6,3.44959403138674,4871908.8,699352.0
DJI,Djibouti,1999,0.0431406384814495,31.2432269197584,58.1876277844207,,29.6,2.89306413222985,2096542.0081337,724218.0
DJI,Djibouti,2000,0.0431406384814495,32.2397756686799,54.0,1.4,31.4,2.52061094109125,2106138.84290024,747318.0
DJI,Djibouti,2001,0.0431406384814495,33.2749352890423,52.5,1.3,31.7,2.53781457072678,2381111.10769231,771313.0
DJI,Djibouti,2002,0.0431406384814495,34.3215703192407,26.1,1.2,32.4,2.4871455291189,2685335.74903846,795574.0
DJI,Djibouti,2003,0.0431406384814495,35.0957290767903,49.2,1.2,32.9,1.64924413671504,3875706.31840699,813519.0
DJI,Djibouti,2004,0.0431406384814495,35.639516824849,47.6,1.1,33.6,1.00148562580664,3817623.59942168,826124.0
DJI,Djibouti,2005,0.0431406384814495,36.2022001725626,45.9,1.0,33.1,1.09204391773025,3823132.66745915,839167.0
DJI,Djibouti,2006,0.0560828300258844,36.9182053494392,32.6,1.0,33.0,1.56265097548361,4739227.37675058,855764.0
DJI,Djibouti,2007,0.0647109577221743,37.7276962899051,42.6,0.9,32.5,1.86905791423425,4437245.53630374,874528.0
DJI,Djibouti,2008,0.0517687661777394,38.5131147540984,40.9,0.9,33.1,1.87328313045479,7897318.47168556,892734.0
DJI,Djibouti,2009,0.0560828300258844,39.3238567730802,39.2,0.8,34.4,2.02506633896399,7797117.28197003,911527.0
DJI,Djibouti,2010,0.0690250215703192,40.1316220880069,37.5,0.7,32.5,2.04803572456047,9459528.72165056,930251.0
DJI,Djibouti,2011,0.0862812769628991,40.9213977566868,35.8,0.7,32.0,1.98992879395316,11009346.4946457,948558.0
DJI,Djibouti,2012,0.0862812769628991,41.7060828300259,22.1,0.6,32.3,1.96865386311597,12804111.4482893,966747.0
DJI,Djibouti,2013,0.0862812769628991,42.4859361518551,32.5,0.6,29.9,1.95187420333648,10760071.3710927,984824.0
DJI,Djibouti,2014,0.0862812769628991,43.2578515962036,30.8,0.5,29.4,1.93180965800062,17473783.4733082,1002717.0
DJI,Djibouti,2015,0.0862812769628991,44.0169542709232,29.1,0.4,24.8,1.90444523021938,16064465.2060825,1020313.0
DJI,Djibouti,2016,0.0862812769628991,44.7650129421915,29.5,0.4,23.6,1.88551458329428,12619039.1997172,1037653.0
DJI,Djibouti,2017,0.0862812769628991,45.5065142364107,,0.3,23.3,1.88013395579821,15785334.7349889,1054841.0
DJI,Djibouti,2018,0.0862812769628991,46.2416738567731,33.6,0.3,24.7,1.87857681421132,8127386.3705066,1071882.0
DJI,Djibouti,2019,0.0862812769628991,46.9676013805004,40.3,0.3,23.4,1.87389983378836,11074516.8098088,1088709.0
DJI,Djibouti,2020,0.129421915444349,47.6785159620362,35.8,0.2,27.5,1.86004205773285,10247781.1466303,1105188.0
DJI,Djibouti,2021,0.129421915444349,48.3713546160483,36.6,0.2,26.6,1.84371963893357,9651723.40526256,1121248.0
DJI,Djibouti,2022,0.129421915444349,49.0550474547023,36.6,0.2,26.9,1.84898446024138,,1137096.0
DMA,Dominica,1990,6.66666666666667,92.836,,,14.6,0.866800424517231,85588.1142857143,69627.0
DMA,Dominica,1991,5.33333333333333,92.3946666666667,,,14.5,0.190363203181724,101175.663157895,69296.0
DMA,Dominica,1992,5.33333333333333,92.4333333333333,,,14.5,0.25251127929854,94987.2019830608,69325.0
DMA,Dominica,1993,5.33333333333333,92.5773333333333,,,13.4,0.323087659471747,72770.3289667559,69433.0
DMA,Dominica,1994,5.33333333333333,92.636,,,13.1,0.193352728838059,87721.0123858071,69477.0
DMA,Dominica,1995,4.0,92.6253333333333,,,15.7,0.0909908073298077,110592.256058897,69469.0
DMA,Dominica,1996,4.0,92.5466666666667,,,20.9,0.00443645881930114,80714.0190004504,69410.0
DMA,Dominica,1997,4.0,92.3986666666667,,,15.5,-0.0754465807451208,114821.667450154,69299.0
DMA,Dominica,1998,4.0,92.1653333333333,,,15.0,-0.157733995491634,99138.8178500105,69124.0
DMA,Dominica,1999,5.33333333333333,91.8266666666667,,,14.1,-0.25601367515675,84471.647066607,68870.0
DMA,Dominica,2000,6.66666666666667,91.348,,56.1,11.1,-0.377422144187325,83091.3980882845,68511.0
DMA,Dominica,2001,6.66666666666667,91.0506666666667,,58.1,9.4,-0.136579926073301,82577.2213166144,68288.0
DMA,Dominica,2002,6.66666666666667,91.156,,59.7,13.6,0.364543550631446,73766.1990147783,68367.0
DMA,Dominica,2003,6.66666666666667,91.3746666666667,,61.6,10.6,0.549886176937853,78311.8952899119,68531.0
DMA,Dominica,2004,6.66666666666667,91.532,,62.9,11.4,0.538046400799146,80889.3502434246,68649.0
DMA,Dominica,2005,6.66666666666667,91.6453333333333,,64.3,10.0,0.537363373805415,78804.2997925194,68734.0
DMA,Dominica,2006,6.66666666666667,91.7413333333333,,66.2,9.8,0.565072246942304,111927.094725791,68806.0
DMA,Dominica,2007,6.66666666666667,91.796,,68.3,7.8,0.557553442622499,114046.465890037,68847.0
DMA,Dominica,2008,6.66666666666667,91.8053333333333,,69.2,8.0,0.539341752521743,119697.260512238,68854.0
DMA,Dominica,2009,8.0,91.8186666666667,,71.3,7.5,0.570820837176619,107530.521992077,68864.0
DMA,Dominica,2010,8.0,91.812,,72.3,10.3,0.56971668339869,242739.541124941,68859.0
DMA,Dominica,2011,8.0,92.0706666666667,,74.25,13.8,0.867592147557042,206564.471729155,69053.0
DMA,Dominica,2012,8.0,92.1573333333333,,75.8,11.3,0.614230504366666,201455.580455674,69118.0
DMA,Dominica,2013,8.0,92.9533333333333,,76.5,11.4,1.38965134240048,268768.252817998,69715.0
DMA,Dominica,2014,8.0,93.8306666666667,,77.5,9.9,1.47494691574363,338890.07503947,70373.0
DMA,Dominica,2015,8.0,93.88,,77.8,8.7,0.593292054983326,256675.476290284,70410.0
DMA,Dominica,2016,8.0,92.808,,78.7,10.7,-0.601471846812178,347088.431253044,69606.0
DMA,Dominica,2017,8.0,91.328,,79.6,9.7,-1.05464306923781,291784.411775186,68496.0
DMA,Dominica,2018,8.0,90.8986666666667,,79.3,7.9,0.0867643163898225,193194.923691678,68174.0
DMA,Dominica,2019,8.0,90.5066666666667,,79.7,7.6,0.132067703884301,173835.702043589,67880.0
DMA,Dominica,2020,8.0,90.0973333333333,100.0,78.8,8.6,0.117476131852116,233397.664212638,67573.0
DMA,Dominica,2021,8.0,89.6026666666667,100.0,79.0,8.8,0.0247142417075143,183255.998809495,67202.0
DMA,Dominica,2022,8.0,89.1013333333333,100.0,78.9,8.9,0.0205905366621317,,66826.0
DOM,Dominican Republic,1990,20.2114820948044,148.026619747464,,,28.0,2.59105027428522,2964118.2368523,7151166.0
DOM,Dominican Republic,1991,20.0424342786173,151.104388325398,55.3791751943256,,28.2,2.60629986146214,3437318.60877959,7299853.0
DOM,Dominican Republic,1992,19.8733864624301,154.160091078452,66.3219813549619,,25.4,2.63552944962034,3183420.70712673,7447474.0
DOM,Dominican Republic,1993,19.7043407162078,157.204967915545,67.592182917775,,26.9,2.69826831741685,2460753.23299191,7594572.0
DOM,Dominican Republic,1994,19.5352929000207,160.250341544194,68.6034279252264,,24.4,2.80445991870042,2855392.55226703,7741694.0
DOM,Dominican Republic,1995,19.3662450838336,163.28120471952,69.5674669507159,,22.3,2.93557236414777,3654480.83099586,7888115.0
DOM,Dominican Republic,1996,19.1971993376113,166.278079072656,70.5748081215487,,20.3,3.03143743306574,2642462.64132818,8032894.0
DOM,Dominican Republic,1997,19.0281515214241,169.200538190851,71.6346810345649,,18.2,3.07974777263548,3469830.54735327,8174078.0
DOM,Dominican Republic,1998,18.859103705237,172.021569033326,72.7515574291616,,20.4,3.09043083161129,2939939.96707661,8310362.0
DOM,Dominican Republic,1999,18.6900579590147,174.833533429932,78.6783272433862,,19.9,3.13348658332451,2450349.05638468,8446208.0
DOM,Dominican Republic,2000,18.5210101428276,177.689712274891,76.2,66.1,19.1,3.18441431784926,2351623.00754585,8584190.0
DOM,Dominican Republic,2001,18.557234527013,180.506789484579,77.8,68.1,18.9,3.16684387314016,2337376.87934304,8720283.0
DOM,Dominican Republic,2002,18.5934589111985,183.238149451459,77.8,69.0,17.9,3.08394128457494,2100096.19056509,8852235.0
DOM,Dominican Republic,2003,15.8700641689091,185.895673773546,78.5,69.7,18.9,3.21697455989494,2228520.30627145,8980620.0
DOM,Dominican Republic,2004,15.3361208859449,188.468060442972,80.2,70.1,20.7,3.62307126026471,2289309.32308755,9104892.0
DOM,Dominican Republic,2005,15.9581660111778,190.954957565721,79.7,70.1,19.4,3.83525040170113,2325041.8061658,9225034.0
DOM,Dominican Republic,2006,15.7044876837094,193.359200993583,80.7,69.9,18.0,3.81936895468632,8064802.22270727,9341183.0
DOM,Dominican Republic,2007,16.3912792382529,195.728793210515,90.5,69.3,17.9,3.61993649696838,8582405.71620454,9455658.0
DOM,Dominican Republic,2008,15.6572034775409,198.160422272821,92.6,68.8,17.7,3.27951740569737,8962048.03436541,9573130.0
DOM,Dominican Republic,2009,16.9755350859035,200.688573794245,92.9,68.5,17.3,2.7779254175587,8263816.47010863,9695265.0
DOM,Dominican Republic,2010,16.5945911819499,203.274166839164,93.6,68.4,16.9,2.05815948612866,18679193.7779935,9820175.0
DOM,Dominican Republic,2011,17.2265100393293,205.870854895467,92.5,68.6,16.8,1.37683172832955,16949817.9861898,9945621.0
DOM,Dominican Republic,2012,17.0631277168288,208.453963982612,92.3,68.8,16.5,1.24129714864431,17504267.0153047,10070411.0
DOM,Dominican Republic,2013,17.2074353135997,211.008755951149,93.4,69.5,16.6,1.19828756755863,25108129.7474304,10193833.0
DOM,Dominican Republic,2014,16.8844462844132,213.527799627406,93.6,70.5,17.3,1.14365414983597,32475866.4346904,10315528.0
DOM,Dominican Republic,2015,16.6892858621403,215.997288346098,93.9,71.5,14.9,1.07446956767328,26726474.7927287,10434829.0
DOM,Dominican Republic,2016,17.5984247567791,218.410888014904,95.0,72.3,15.3,0.994406855820273,36432970.7218148,10551430.0
DOM,Dominican Republic,2017,18.1168702132064,220.799896501759,100.0,73.6,16.9,0.920456454248758,32460657.0525173,10666843.0
DOM,Dominican Republic,2018,19.3031235768992,223.18470296005,95.9,74.75,15.9,0.846935007753125,24885070.3361147,10782053.0
DOM,Dominican Republic,2019,19.2206215110081,226.026774543851,96.3,75.7,14.4,0.736536843963976,23977626.7126768,10894043.0
DOM,Dominican Republic,2020,18.6567435757734,228.397349102723,100.0,76.7,16.0,0.667379074704618,27406009.8718329,11008300.0
DOM,Dominican Republic,2021,18.7447886863402,230.786990834893,94.8,77.6,14.8,0.57561306059437,24451522.660871,11123476.0
DOM,Dominican Republic,2022,19.5692561644648,233.012351959686,94.5,78.7,,0.266074988120572,,11230734.0
EAR,Early-demographic dividend,1990,12.7227050359162,65.7013847702685,,,34.8003445736919,3.61287853129698,,2044241467.0
EAR,Early-demographic dividend,1991,12.7375857534839,67.2381124044307,,,34.3845948730723,3.35520538127225,,2092102478.0
EAR,Early-demographic dividend,1992,12.5194359328807,66.52705681588,,,34.2391135694075,3.24589650799363,,2138854231.0
EAR,Early-demographic dividend,1993,12.4939480761979,65.9018659287672,42.0785858741447,,33.9949226983813,3.10951833817837,,2184656122.0
EAR,Early-demographic dividend,1994,12.487225482149,67.2451056269066,38.2750422351492,,33.1860010554254,3.03024605017577,,2228719169.0
EAR,Early-demographic dividend,1995,12.5218441577857,68.6020351963045,40.451197221952,,32.7615896402531,3.03106380512311,,2273692181.0
EAR,Early-demographic dividend,1996,12.5264602756835,70.0379870269331,42.6580081432627,,32.0798177934702,3.02407697949353,,2321284245.0
EAR,Early-demographic dividend,1997,12.5680272416979,71.4789514064926,45.4849470071056,,31.6362214326508,3.03196791117665,,2369042441.0
EAR,Early-demographic dividend,1998,12.6016789326449,72.9620679002566,47.9537688825242,,31.4938825026666,2.97794278712014,,2416119734.0
EAR,Early-demographic dividend,1999,12.6031370930739,74.368824660604,51.5592668658041,,31.0236331628692,2.928267790356,,2462704115.0
EAR,Early-demographic dividend,2000,12.5281043706767,75.6044104013335,52.2194519497034,13.9675309154537,30.4115078474481,2.88804519875375,,2509431470.0
EAR,Early-demographic dividend,2001,12.5505379379928,77.017662871189,55.8947330355389,14.6350606734697,30.2824344933359,2.85017883889555,,2556335424.0
EAR,Early-demographic dividend,2002,12.5706693825356,78.3909683143576,56.502411771151,15.3517350144909,29.6019530457092,2.75708105450139,,2601917557.0
EAR,Early-demographic dividend,2003,12.6421130506663,79.7530261092754,56.3681108471341,15.9628625215933,29.033800310868,2.72660618312797,,2647109296.0
EAR,Early-demographic dividend,2004,12.6771090459418,80.8325051329444,56.5523776081513,16.6453179882711,28.3764922132302,2.7487860330277,,2693184997.0
EAR,Early-demographic dividend,2005,12.7395230180932,82.2031159963338,58.752437505805,17.2336788494704,27.8795150462726,2.70617196446708,,2738846905.0
EAR,Early-demographic dividend,2006,12.7801952735431,83.5796772703463,59.957697215169,17.9491246541563,27.1651772172781,2.68118461744104,,2784726644.0
EAR,Early-demographic dividend,2007,12.8028325758062,84.9538936563716,62.6925957964922,18.6750398549342,26.2096590198511,2.60793161726554,,2830531957.0
EAR,Early-demographic dividend,2008,12.6968426459064,86.317587643204,65.156707962028,19.5646809228824,25.9491221333158,2.64535308934585,,2875943965.0
EAR,Early-demographic dividend,2009,12.6605748610541,87.6854105545023,65.6929946398813,20.4948694219579,25.4129390516275,2.61316668730899,,2921563644.0
EAR,Early-demographic dividend,2010,12.7416999797399,89.0525525332427,67.6494468298378,21.7745607564894,24.8615971543891,2.52862752782476,,2967104472.0
EAR,Early-demographic dividend,2011,12.7526548180546,90.4444620157787,70.0709446378541,23.1839362145188,24.0855008274837,2.54590032406184,,3013476947.0
EAR,Early-demographic dividend,2012,12.7751999647524,91.8072245321802,71.1141793498436,24.7669290628543,23.7687952198121,2.54927496485237,,3058869436.0
EAR,Early-demographic dividend,2013,12.7564469951088,93.1523170525683,73.88625796282,26.6247564599572,24.0275019293983,2.6524359217096,,3103677284.0
EAR,Early-demographic dividend,2014,12.729207627006,94.4506290925745,75.0023199334948,28.6132505509398,23.4924369677916,2.48609940670756,,3146800078.0
EAR,Early-demographic dividend,2015,12.7805828907597,95.7429697331358,78.5302662159486,31.1234948283393,23.2788830905664,2.37496216666796,,3190318707.0
EAR,Early-demographic dividend,2016,12.774755262521,97.0256299345761,80.9744281576672,33.8308710081046,23.2789953267586,2.13546633985511,,3233033717.0
EAR,Early-demographic dividend,2017,12.7496941678152,98.2755925064534,84.2185624227969,36.7485758130108,22.9476250496601,1.96182226819577,,3274060446.0
EAR,Early-demographic dividend,2018,12.7413051231233,99.4817619661395,87.3803464409005,39.8027297884559,23.0553629444334,1.90462082922591,,3314245247.0
EAR,Early-demographic dividend,2019,12.7081647859612,100.705896897962,87.9432261407286,42.9369693556946,23.4235915027361,1.94627552144531,,3355014793.0
EAR,Early-demographic dividend,2020,12.7753498799533,101.937460447807,89.6755196205372,46.1174707418162,24.9895503831566,1.90444720346666,,3396051187.0
EAR,Early-demographic dividend,2021,12.7716462194074,102.970775558914,92.5019613460011,49.3390838127422,,1.68975338773739,,3432026092.0
EAR,Early-demographic dividend,2022,12.7646806380308,104.215136704616,92.5452242564781,52.3273798396555,,1.8101797062304,,3470644834.0
EAS,East Asia & Pacific,1990,8.86709816137378,74.5159145222201,,,26.4207512678972,1.9232580664659,,1817735909.0
EAS,East Asia & Pacific,1991,8.83267602153442,75.5947893380622,,,25.9863542513191,3.34291993047845,,1844189975.0
EAS,East Asia & Pacific,1992,8.70069996653014,76.6148301518936,,,25.572050365807,2.83032216210734,,1869074614.0
EAS,East Asia & Pacific,1993,8.66384944695584,77.6061499544607,,,24.7852675238187,2.80186093142252,,1893258583.0
EAS,East Asia & Pacific,1994,8.62307924638373,78.5952845794271,,,24.039720251699,2.78151739369693,,1917389243.0
EAS,East Asia & Pacific,1995,8.53485956493389,79.570537572471,,,23.1191177109259,2.77415202331354,,1941185229.0
EAS,East Asia & Pacific,1996,8.64967257953435,80.5401201655651,,,23.2626329985884,4.27618860723413,,1964830092.0
EAS,East Asia & Pacific,1997,8.71305806215166,81.4926451914519,,,23.0091688333059,4.08426966582221,,1988067577.0
EAS,East Asia & Pacific,1998,8.74223934224766,82.4098541122911,,,23.1288900172237,3.95822625323677,,2010443502.0
EAS,East Asia & Pacific,1999,8.81633368275213,83.2488948541733,,,22.9994978699756,3.75672142990901,,2030912462.0
EAS,East Asia & Pacific,2000,8.83487041370721,83.8610283923368,87.4539008160558,21.0888888282727,22.4699992122275,3.92071466364064,,2050149617.0
EAS,East Asia & Pacific,2001,8.91085113907741,84.6180209072522,88.9529684867046,21.4355213098601,21.7860879921779,3.22913920708685,,2068682053.0
EAS,East Asia & Pacific,2002,8.90464553220414,85.3339979051621,88.6581479017233,22.0343534178332,21.1665092061506,3.51021112832407,,2086144389.0
EAS,East Asia & Pacific,2003,8.8913635788847,85.9898625903736,88.593973653782,22.4996224494581,19.8363938905982,3.45999993843702,,2102761941.0
EAS,East Asia & Pacific,2004,9.0100898154479,86.6447901055722,90.0097062240451,23.3178206920727,17.9775346321832,3.09374928263547,,2118747885.0
EAS,East Asia & Pacific,2005,9.04751070870191,87.2821829617991,89.0636255082789,24.1930771997493,16.4297576010523,2.95139177857299,,2134573057.0
EAS,East Asia & Pacific,2006,8.98595702267465,87.9299461993076,90.7228546546847,25.3001320550524,15.9686753943731,3.01584510458661,,2150688938.0
EAS,East Asia & Pacific,2007,8.95059837980869,88.5992481515687,90.380196489321,26.5427305237523,15.0789487832137,3.194740938227,,2167046538.0
EAS,East Asia & Pacific,2008,9.00859702502823,89.2704344580735,91.2945672905752,28.43197781842,14.735235141223,2.58984857059584,,2183472438.0
EAS,East Asia & Pacific,2009,9.14148043720468,89.9112402589462,92.0929651975354,30.4232836982672,14.2636176245449,2.78723683675927,,2199148703.0
EAS,East Asia & Pacific,2010,9.02857145650333,90.541816346644,92.9998451573252,32.9506125006547,13.434787598045,2.15216382448033,,2214613815.0
EAS,East Asia & Pacific,2011,9.22490950593393,91.2047609541949,93.6943522994353,35.776390456839,12.7263364615484,4.03173061796664,,2230826576.0
EAS,East Asia & Pacific,2012,9.17360693586527,91.9505053157009,94.0103697008125,38.8179799839285,12.7952806131987,2.53862279131054,,2249081393.0
EAS,East Asia & Pacific,2013,9.11510709661046,92.6875501269335,94.3064568133398,42.2666364129373,12.807588042962,2.60110851749443,,2267072102.0
EAS,East Asia & Pacific,2014,9.10632784349071,93.3939861708619,94.5000654650302,46.0751542778954,13.1772220799983,2.39340595483128,,2284385542.0
EAS,East Asia & Pacific,2015,9.06097934892135,94.0667650140412,94.9635246387196,49.7537777066576,12.9820393664344,2.66072251937513,,2300844269.0
EAS,East Asia & Pacific,2016,8.95647485387314,94.6937276463779,94.8943266038522,53.537370757491,13.3311956056945,2.53778845878708,,2317076058.0
EAS,East Asia & Pacific,2017,8.90349761734016,95.3640917843833,96.2879091391782,57.034673084413,13.5844394239657,2.41113013959531,,2333475520.0
EAS,East Asia & Pacific,2018,8.86261220919769,95.9404015370252,96.0266827221939,60.235635560789,13.7870493058758,2.33938724234786,,2347576325.0
EAS,East Asia & Pacific,2019,8.76476911116476,96.4380766594786,96.3636875772694,63.5534431328344,14.2375892668268,1.97301211802042,,2359762190.0
EAS,East Asia & Pacific,2020,8.76333275463797,96.83193149878,96.0197384213259,66.3723891694617,14.8081424064458,1.42459030818133,,2369420882.0
EAS,East Asia & Pacific,2021,8.77484991755232,97.005135071124,96.7616895312014,69.2195895298471,,1.61116334493473,,2375117716.0
EAS,East Asia & Pacific,2022,8.74072569950364,97.3339735826834,96.5075078369881,71.7346384559424,,0.89464958804103,,2379617118.0
TEA,East Asia & Pacific (IDA & IBRD countries),1990,11.9770275632019,99.9665255282711,,,37.8155943433848,2.1970928381535,,1579651917.0
TEA,East Asia & Pacific (IDA & IBRD countries),1991,11.9111639478485,101.50478845629,,,37.0147968946071,4.19257931123632,,1604095270.0
TEA,East Asia & Pacific (IDA & IBRD countries),1992,11.7731688599481,102.963524014397,,,36.5601561798501,3.52527350019976,,1627147885.0
TEA,East Asia & Pacific (IDA & IBRD countries),1993,11.6637789214163,104.38157097237,,,35.0093273861541,3.5257315206077,,1649557492.0
TEA,East Asia & Pacific (IDA & IBRD countries),1994,11.5518198664939,105.793944314189,,,34.2678739101274,3.48478211672185,,1671877438.0
TEA,East Asia & Pacific (IDA & IBRD countries),1995,11.4849130421975,107.191393852536,,,32.477202742625,3.46900224863117,,1693960469.0
TEA,East Asia & Pacific (IDA & IBRD countries),1996,11.5234128091773,108.571189668284,,,33.0371703394575,5.49972032006655,,1715764488.0
TEA,East Asia & Pacific (IDA & IBRD countries),1997,11.5169944395889,109.942143379648,,,32.4201450547054,5.27280977181009,,1737429846.0
TEA,East Asia & Pacific (IDA & IBRD countries),1998,11.5373784423051,111.260476561648,,,32.2338439715611,5.0529264501068,,1758263635.0
TEA,East Asia & Pacific (IDA & IBRD countries),1999,11.5504008415071,112.475469321213,,,32.6275959592939,4.74707739120408,,1777464322.0
TEA,East Asia & Pacific (IDA & IBRD countries),2000,11.5406166957778,113.239732891779,87.0096108283012,18.4796421718417,32.0473838064782,4.91680746551311,,1795374943.0
TEA,East Asia & Pacific (IDA & IBRD countries),2001,11.6160581585807,114.318114989172,88.561606113451,18.8680447027103,30.8543840241225,3.89383113384666,,1812475067.0
TEA,East Asia & Pacific (IDA & IBRD countries),2002,11.6386224676748,115.348226976538,88.2742484993965,19.5929603525995,29.6069654396592,4.11628498632233,,1828744767.0
TEA,East Asia & Pacific (IDA & IBRD countries),2003,11.6502041770649,116.282856429,88.2288416738338,20.2235623354505,26.9036923956426,3.97999268484535,,1844349334.0
TEA,East Asia & Pacific (IDA & IBRD countries),2004,11.6772096510053,117.237609924872,89.7105705327293,21.236004023865,23.4592336952789,3.48130933805907,,1859450104.0
TEA,East Asia & Pacific (IDA & IBRD countries),2005,11.6911566969563,118.165527105702,88.7541591252174,22.2729647561008,20.8868291125453,3.3904962927836,,1874487158.0
TEA,East Asia & Pacific (IDA & IBRD countries),2006,11.7372685790131,119.089234291532,90.4703697164663,23.5053641327457,19.9088668343395,3.49578957708817,,1889507244.0
TEA,East Asia & Pacific (IDA & IBRD countries),2007,11.7531352178352,120.039884645085,90.1273152682074,24.8660679365997,18.5148999605136,3.69607241177753,,1904568042.0
TEA,East Asia & Pacific (IDA & IBRD countries),2008,11.786361136469,120.985207739425,91.0740318601142,26.8928913978219,17.8640720779668,2.93829002395773,,1919570287.0
TEA,East Asia & Pacific (IDA & IBRD countries),2009,11.7946133480668,121.905557589463,91.8975694154436,29.001669345039,17.0208227881363,3.26324560632325,,1934167856.0
TEA,East Asia & Pacific (IDA & IBRD countries),2010,11.7189221982555,122.815438556154,92.8294782232856,31.6431171423733,15.7610889736946,2.51022435271472,,1948643347.0
TEA,East Asia & Pacific (IDA & IBRD countries),2011,11.6448318674343,123.785798668121,93.5375812163679,34.5417375553431,14.7046669134649,4.87375328021464,,1964036970.0
TEA,East Asia & Pacific (IDA & IBRD countries),2012,11.5654433695364,124.878776695313,93.8602752624683,37.6815816998796,14.7099408406947,3.02537105582574,,1981382735.0
TEA,East Asia & Pacific (IDA & IBRD countries),2013,11.5013125143388,125.964807846466,94.1619848521775,41.238911862748,14.5828878425143,3.10983252506372,,1998548872.0
TEA,East Asia & Pacific (IDA & IBRD countries),2014,11.4416355253259,126.996322772836,94.3585803762619,45.1699248356126,14.8262934267536,2.8385251560377,,2014960984.0
TEA,East Asia & Pacific (IDA & IBRD countries),2015,11.4365313689836,127.975847866414,94.8314094961415,48.9648742129766,14.5102816361425,3.14377495950616,,2030504270.0
TEA,East Asia & Pacific (IDA & IBRD countries),2016,11.34702768784,128.943356299366,94.7577633876715,52.8733140705423,14.9020380294471,2.98360572156957,,2045816761.0
TEA,East Asia & Pacific (IDA & IBRD countries),2017,11.2286767277343,129.92920605548,96.1867300264278,56.4895277268703,15.1902273112057,2.83634138785464,,2061449949.0
TEA,East Asia & Pacific (IDA & IBRD countries),2018,11.1523807293806,130.770644859426,95.9159636062935,59.800432754401,15.2801719188239,2.74460929558115,,2074796982.0
TEA,East Asia & Pacific (IDA & IBRD countries),2019,11.0268645614021,131.494477158156,96.2604247649426,63.2386536425923,15.7206717226655,2.29813041124507,,2086281644.0
TEA,East Asia & Pacific (IDA & IBRD countries),2020,11.023112276307,132.090022057767,95.9051086097306,66.1636393132768,16.2041019103429,1.67488990679734,,2095759417.0
TEA,East Asia & Pacific (IDA & IBRD countries),2021,10.9959165396922,132.37999364036,96.6669885091041,69.1238747176269,,1.96999158044399,,2102350702.0
TEA,East Asia & Pacific (IDA & IBRD countries),2022,10.9688909850978,132.689192865033,96.4050359880293,71.7447350985482,,1.0740811999449,,2107261123.0
EAP,East Asia & Pacific (excluding high income),1990,12.030151363409,100.535057936284,,,36.7837303328156,2.18497893727443,,1600739173.0
EAP,East Asia & Pacific (excluding high income),1991,11.9658617572044,102.084431681698,,,36.1127564548691,4.12469486320109,,1625498444.0
EAP,East Asia & Pacific (excluding high income),1992,11.8289062008073,103.552385359422,,,35.7775078548785,3.47641995227362,,1648872786.0
EAP,East Asia & Pacific (excluding high income),1993,11.7203403081814,104.979972597312,,,34.3544497702893,3.47610507724444,,1671604370.0
EAP,East Asia & Pacific (excluding high income),1994,11.6155048569404,106.401816724747,,,33.7261575052438,3.43543180808988,,1694244506.0
EAP,East Asia & Pacific (excluding high income),1995,11.5491020890967,107.806004031883,,,32.0422847299416,3.41462870296235,,1716602413.0
EAP,East Asia & Pacific (excluding high income),1996,11.5810316609928,109.189598881152,,,32.6485101188853,5.38977003162912,,1738632397.0
EAP,East Asia & Pacific (excluding high income),1997,11.574661641718,110.563705097459,,,32.0601337356951,5.17111530795146,,1760512371.0
EAP,East Asia & Pacific (excluding high income),1998,11.594892089406,111.884689108183,,,31.8998184093045,4.95850748327569,,1781546477.0
EAP,East Asia & Pacific (excluding high income),1999,11.6078163893827,113.102191116692,,,32.2546314207469,4.66134412622855,,1800932833.0
EAP,East Asia & Pacific (excluding high income),2000,11.5979205778761,113.8692161427,87.0095679529845,18.3325807200456,31.6527774362387,4.82886730461417,,1819011507.0
EAP,East Asia & Pacific (excluding high income),2001,11.6727954780245,114.948848125012,88.5615703484645,18.7158685930727,30.4766600589993,3.82835240104604,,1836260943.0
EAP,East Asia & Pacific (excluding high income),2002,11.6951922709509,115.979292636256,88.2742123248627,19.4323531792674,29.2833650336476,4.04663009653086,,1852659155.0
EAP,East Asia & Pacific (excluding high income),2003,11.7066630965264,116.915793940812,88.2288065568509,20.054876428922,26.642756693053,3.91669961729244,,1868409996.0
EAP,East Asia & Pacific (excluding high income),2004,11.7334671456066,117.873684186311,89.7105433220855,21.0567384114071,23.2719848484571,3.43071479816179,,1883675167.0
EAP,East Asia & Pacific (excluding high income),2005,11.7504282940788,118.803384208304,88.7541253459087,22.0818639444693,20.7412125979338,3.34128869467621,,1898853723.0
EAP,East Asia & Pacific (excluding high income),2006,11.7961827537453,119.728065264991,90.4703466046226,23.3001465635868,19.7794500219053,3.44524665049134,,1914002124.0
EAP,East Asia & Pacific (excluding high income),2007,11.8119310297597,120.679234154656,90.1272912081684,24.6446944665229,18.442744793017,3.64329509049793,,1929185103.0
EAP,East Asia & Pacific (excluding high income),2008,11.8480352559001,121.624879230522,91.0740114360105,26.6498972741314,17.7862359678226,2.89970134404715,,1944305887.0
EAP,East Asia & Pacific (excluding high income),2009,11.8562257009526,122.545457709395,91.8975521862587,28.7339535419839,16.97060416335,3.2203976229249,,1959017463.0
EAP,East Asia & Pacific (excluding high income),2010,11.7811012526885,123.455331524104,92.8294640719375,31.3477238333426,15.7296949227323,2.48088425316252,,1973602166.0
EAP,East Asia & Pacific (excluding high income),2011,11.7044392479378,124.425348644058,93.5375688702998,34.2086044207314,14.7055801193074,4.80890327417181,,1989106668.0
EAP,East Asia & Pacific (excluding high income),2012,11.6256463008633,125.517256762924,93.8602717044382,37.3129423200423,14.7136828117177,2.99119681453741,,2006566431.0
EAP,East Asia & Pacific (excluding high income),2013,11.5619986057499,126.602516818691,94.1619729569257,40.8288976583691,14.6049166091883,3.07560962173876,,2023850158.0
EAP,East Asia & Pacific (excluding high income),2014,11.5018297043464,127.633880213556,94.3585630194522,44.7140076057307,14.8403680079479,2.80923193201583,,2040383789.0
EAP,East Asia & Pacific (excluding high income),2015,11.4958254829206,128.613801730869,94.8313965483757,48.460785642908,14.5349935193322,3.11131547325367,,2056050896.0
EAP,East Asia & Pacific (excluding high income),2016,11.4063689418421,129.581742367703,94.757743120303,52.3185489600087,14.9330102136904,2.95424972895763,,2071486140.0
EAP,East Asia & Pacific (excluding high income),2017,11.2879679371892,130.567654797603,96.1867147819354,55.8863329590018,15.1598217902853,2.80954041385933,,2087238522.0
EAP,East Asia & Pacific (excluding high income),2018,11.2122445181584,131.409868337961,95.915946694551,59.1492932954832,15.2617412584325,2.7193906569921,,2100698838.0
EAP,East Asia & Pacific (excluding high income),2019,11.0876701522962,132.134925461608,96.2604087934785,62.5388100591239,15.6869369882801,2.27901349515845,,2112289891.0
EAP,East Asia & Pacific (excluding high income),2020,11.0839451899164,132.732163470285,95.9050907280973,65.4230695015395,16.1762699381612,1.66387655417103,,2121866294.0
EAP,East Asia & Pacific (excluding high income),2021,11.0568961561571,133.025368143379,96.666973648904,68.3375254457809,,1.95530932101995,,2128553744.0
EAP,East Asia & Pacific (excluding high income),2022,11.0300731958804,133.338264665834,96.4050198328978,70.9220953805762,,1.07113675570045,,2133560408.0
ECU,Ecuador,1990,5.79396041034533,37.832946828493,,,24.2,3.45914433343158,146106647.738545,10473673.0
ECU,Ecuador,1991,5.938448201127,38.6590810576506,,,24.2,3.31231317766763,135617740.095459,10702380.0
ECU,Ecuador,1992,5.89871405866204,39.4817511920243,,,20.8,3.23820403059625,156777300.882767,10930128.0
ECU,Ecuador,1993,5.66753359341136,40.291410200838,,,21.6,3.14467912967459,74709195.0374782,11154274.0
ECU,Ecuador,1994,5.85536772142754,41.0785905216009,,,20.9,3.01878052491906,189243052.650719,11372197.0
ECU,Ecuador,1995,5.68559456725907,41.867194047103,78.7812102797041,,20.4,2.94228920252516,289046505.209936,11590514.0
ECU,Ecuador,1996,5.80479699465395,42.6634518133218,82.2685808803064,,19.3,2.86965053108402,286886542.8525,11810950.0
ECU,Ecuador,1997,5.81202138419304,43.4587740210952,82.9032028809834,,16.6,2.76607776371108,266681851.705068,12031127.0
ECU,Ecuador,1998,6.45031406023514,49.3283298437752,82.6779017309948,,18.2,2.65384332993599,234062334.526592,12251184.0
ECU,Ecuador,1999,6.48252536640361,50.2125744886455,83.8229203264367,,19.6,2.52934727521707,68437519.764457,12470795.0
ECU,Ecuador,2000,6.50668384602996,51.0919874375906,85.4,71.5,19.4,2.38941142346578,64837149.4051929,12689206.0
ECU,Ecuador,2001,6.03961990658721,51.9839748751812,85.9,73.6,17.1,2.26628625328154,71907773.4822654,12910740.0
ECU,Ecuador,2002,5.47592204863907,52.9009180222258,86.5,75.5,17.1,2.19786969760478,71375435.6856863,13138472.0
ECU,Ecuador,2003,5.23031083910453,53.8424303430504,88.1,77.1,16.6,2.1788683871213,77464324.7269152,13372306.0
ECU,Ecuador,2004,5.14172974714125,54.7942543082622,87.8,78.3,16.7,2.14337083826627,84248393.1433698,13608701.0
ECU,Ecuador,2005,5.21823159929135,55.7503744564342,89.6,79.5,16.2,2.09163752145728,86771517.5690727,13846163.0
ECU,Ecuador,2006,4.96456756321469,56.7165847962635,91.1,80.6,14.2,2.04531380113818,123536368.697489,14086131.0
ECU,Ecuador,2007,4.81156385891448,57.6935617651796,92.2,81.4,15.9,1.99482113300523,150354995.885534,14328773.0
ECU,Ecuador,2008,4.97664680302786,58.6857867611532,93.3,82.2,15.3,1.94661210601644,165224860.423128,14575202.0
ECU,Ecuador,2009,4.82928007730713,59.6954179416975,92.3,83.0,12.9,1.89626661178188,173340345.705267,14825954.0
ECU,Ecuador,2010,4.77693670478338,60.7050048316959,93.7,83.5,11.8,1.80743449686683,303500674.687798,15076695.0
ECU,Ecuador,2011,4.65332581736189,61.7097237880496,91.9,83.9,13.2,1.72817287923561,0.0,15326227.0
ECU,Ecuador,2012,4.62191979384764,62.700088581092,93.1,84.2,13.2,1.66531126779304,0.0,15572194.0
ECU,Ecuador,2013,4.80753744564342,63.6460299565147,95.4,84.7,11.8,1.56557446806144,0.0,15807128.0
ECU,Ecuador,2014,3.9056208729264,64.5640360766629,97.5,85.0,12.2,1.49488071532535,0.0,16035124.0
ECU,Ecuador,2015,4.3002093734901,65.4945442100177,97.0,85.4,13.1,1.48803809763377,0.0,16266225.0
ECU,Ecuador,2016,3.92977935255275,66.4565107102593,96.8,85.5,14.8,1.50914602221411,0.0,16505139.0
ECU,Ecuador,2017,4.15928490900306,67.4807497181511,97.8,85.9,17.0,1.57409057351628,0.0,16759519.0
ECU,Ecuador,2018,3.89756804638428,68.6485223063295,96.9,85.7,16.3,1.75359579102237,0.0,17049547.0
ECU,Ecuador,2019,3.9821227250765,69.8180906748269,97.8,86.0,17.7,1.72010020448132,0.0,17340021.0
ECU,Ecuador,2020,4.17941697535835,70.6477089708488,97.4,86.0,20.2,1.20452193974601,0.0,17546065.0
ECU,Ecuador,2021,4.12304718956354,71.1968674504751,100.0,86.1,18.9,0.789746169544204,0.0,17682454.0
ECU,Ecuador,2022,3.92172652601063,71.7663754227734,100.0,86.3,,0.801567436772927,,17823897.0
EGY,"Egypt, Arab Rep.",1990,2.2944397006379,58.6635370937767,,,9.0,2.53800975693163,180559120.719284,58396618.0
EGY,"Egypt, Arab Rep.",1991,2.27736199708674,60.3033773670199,,,9.3,2.31284032778508,185564981.709748,60028997.0
EGY,"Egypt, Arab Rep.",1992,2.62723391431011,61.7616756240896,89.5953228671999,,9.1,1.92915463677005,161326716.702373,61480660.0
EGY,"Egypt, Arab Rep.",1993,2.62813802802753,63.2032558139535,92.6236206211839,,9.2,1.86769798776786,120974048.443122,62915681.0
EGY,"Egypt, Arab Rep.",1994,2.62460193882164,64.579425385504,93.02430012564,,10.0,1.77280243241671,132432004.795414,64285589.0
EGY,"Egypt, Arab Rep.",1995,2.82987593550655,65.9527068160129,92.8796209406177,,9.4,1.81948634788933,197332662.787941,65652622.0
EGY,"Egypt, Arab Rep.",1996,2.72284896278065,67.334419609222,93.832819784783,,9.0,1.92758218201686,204729340.317544,67028048.0
EGY,"Egypt, Arab Rep.",1997,2.79162187955196,68.7445276005827,94.2331649749959,,8.6,2.06341537714899,207208455.424631,68431740.0
EGY,"Egypt, Arab Rep.",1998,2.80638907026973,70.262990607263,94.6345349208017,,8.5,2.23207503724767,288319446.397024,69943294.0
EGY,"Egypt, Arab Rep.",1999,3.00768496659802,71.8478617710583,95.0432943655748,,8.8,2.3104362324645,140730766.484045,71520954.0
EGY,"Egypt, Arab Rep.",2000,2.81380280275252,73.4173328645336,96.4,71.8,8.3,2.26370494062555,124083709.234212,73083284.0
EGY,"Egypt, Arab Rep.",2001,2.87407705058014,74.9932482796725,95.9,78.2,7.8,2.23982848766454,143405177.713176,74652029.0
EGY,"Egypt, Arab Rep.",2002,2.94941986036466,76.587610628359,96.2,83.8,7.3,2.22335298941666,157081689.873857,76239137.0
EGY,"Egypt, Arab Rep.",2003,2.91928273645085,78.2094007735195,98.1,88.0,7.4,2.20909389781444,218035385.632584,77853548.0
EGY,"Egypt, Arab Rep.",2004,2.97855241348134,79.8407182681199,96.4,91.3,7.6,2.16248020598376,207714965.141554,79477443.0
EGY,"Egypt, Arab Rep.",2005,2.57471495303632,81.4717002360741,99.1,93.8,6.5,2.09525702327091,205784467.902734,81101004.0
EGY,"Egypt, Arab Rep.",2006,2.61690692651565,83.0784097644281,98.8,95.7,6.2,1.9903198936217,252640427.290981,82700403.0
EGY,"Egypt, Arab Rep.",2007,2.57571952383344,84.6614345270983,97.7,97.0,6.0,1.88745771321833,235024858.043334,84276225.0
EGY,"Egypt, Arab Rep.",2008,2.65407604600934,86.2572595308654,99.7,98.0,5.9,1.83931765033308,413891009.717913,85864789.0
EGY,"Egypt, Arab Rep.",2009,2.89718217891406,87.9015882264303,98.4,98.7,5.7,1.83585769490311,404890024.07295,87501636.0
EGY,"Egypt, Arab Rep.",2010,2.88613190014566,89.6037691496308,99.1,99.2,5.4,1.84193194859835,485817358.446183,89196072.0
EGY,"Egypt, Arab Rep.",2011,2.82083479833241,91.5094268923602,99.2,99.5,5.4,2.00582252594129,553835507.280117,91093059.0
EGY,"Egypt, Arab Rep.",2012,2.84193078507208,93.5868210357125,99.8,99.7,5.3,2.12438195987039,635189088.857712,93161001.0
EGY,"Egypt, Arab Rep.",2013,2.72034758149581,95.7693033301522,99.9,99.8,5.3,2.16402697926394,531613988.714988,95333553.0
EGY,"Egypt, Arab Rep.",2014,2.65225777286654,97.9744376914963,99.7,99.9,5.4,2.11520354384702,838960783.740739,97528654.0
EGY,"Egypt, Arab Rep.",2015,2.87897644281481,100.052581244663,99.4,99.9,5.3,1.91854512173738,758301489.952558,99597342.0
EGY,"Egypt, Arab Rep.",2016,2.79950313928374,102.109185795369,100.0,99.9,5.1,1.83601700503567,585978734.942432,101644589.0
EGY,"Egypt, Arab Rep.",2017,2.92527881862474,104.170030639409,100.0,99.9,4.9,1.82759613179123,730548067.650799,103696057.0
EGY,"Egypt, Arab Rep.",2018,3.06293636044,106.165145411623,100.0,99.9,5.0,1.91861386574064,386224708.467256,105682094.0
EGY,"Egypt, Arab Rep.",2019,3.23371339595158,108.044761665578,100.0,99.9,6.2,1.81027310113949,515949001.673914,107553158.0
EGY,"Egypt, Arab Rep.",2020,3.38038073233211,109.814781254709,100.0,99.9,6.7,1.71189724860369,465790956.9695,109315124.0
EGY,"Egypt, Arab Rep.",2021,3.09106434275956,111.464169973379,100.0,99.9,6.1,1.60939752041338,434775271.74262,110957008.0
EGY,"Egypt, Arab Rep.",2022,3.11718318348486,113.13300517354,100.0,99.9,,1.63611039486139,,112618250.0
SLV,El Salvador,1990,26.5444015444015,260.604536679537,,,67.1,3.23451893998144,40247181.9487574,5399726.0
SLV,El Salvador,1991,27.2683397683398,265.206418918919,45.7945687590772,,64.7,3.07958324057773,57857144.4049085,5495077.0
SLV,El Salvador,1992,28.3783783783784,269.575723938224,56.0829128343203,,61.7,2.93229720442514,45411434.2504925,5585609.0
SLV,El Salvador,1993,28.2818532818533,273.163947876448,56.9280025794091,,59.3,2.62837773834816,37404322.1926281,5659957.0
SLV,El Salvador,1994,28.1853281853282,275.778426640927,57.6617685014779,,57.2,2.32366170722559,43573633.4559369,5714129.0
SLV,El Salvador,1995,28.0888030888031,278.095125482625,55.891715939637,,54.7,2.26741379146759,69522662.7396429,5762131.0
SLV,El Salvador,1996,27.2683397683398,280.177895752896,56.445961175618,,56.9,2.22488224464263,48847237.293609,5805286.0
SLV,El Salvador,1997,27.2683397683398,282.074227799228,60.1277022247275,,53.0,2.18979976808665,83583786.0862056,5844578.0
SLV,El Salvador,1998,28.957528957529,283.821476833977,62.3347959934617,,51.7,2.15847502350663,71426959.7891756,5880781.0
SLV,El Salvador,1999,30.453667953668,285.419884169884,59.6116521935037,,51.0,2.11806010748583,62561707.563507,5913900.0
SLV,El Salvador,2000,30.265444015444,286.841988416988,67.9,24.5,33.5,2.05934457026348,58580201.0856149,5943366.0
SLV,El Salvador,2001,30.0772200772201,288.033783783784,72.3,26.5,33.1,1.97376097674819,59666944.2749395,5968060.0
SLV,El Salvador,2002,29.8889961389961,288.930067567568,73.0,28.5,34.0,1.85811986211269,57850095.1221917,5986631.0
SLV,El Salvador,2003,29.7007722007722,289.507673745174,72.3,31.2,33.9,1.72739228029706,58937426.5919277,5998599.0
SLV,El Salvador,2004,29.5125482625483,289.800723938224,73.0,32.8,33.3,1.60166028798843,59105738.6500585,6004671.0
SLV,El Salvador,2005,29.3243243243243,289.844498069498,73.2,35.1,34.1,1.4812650657243,60471474.9917892,6005578.0
SLV,El Salvador,2006,29.1505791505791,289.68721042471,76.1,37.25,34.8,1.37092787505474,86953698.8212737,6002319.0
SLV,El Salvador,2007,30.4295366795367,290.049420849421,81.0,39.5,28.2,1.50588924145946,96262201.0503062,6009824.0
SLV,El Salvador,2008,30.8301158301158,290.989237451737,81.4,42.8,31.5,1.6993467382623,106462575.856675,6029297.0
SLV,El Salvador,2009,31.230694980695,291.905357142857,81.1,45.2,32.2,1.70731455273205,101553887.443261,6048279.0
SLV,El Salvador,2010,31.6312741312741,292.86916023166,81.6,48.3,32.6,1.71910917971922,189781530.559608,6068249.0
SLV,El Salvador,2011,32.0318532818533,293.925048262548,83.4,51.1,29.5,1.7284049532239,168758321.812673,6090127.0
SLV,El Salvador,2012,32.4324324324324,295.076013513513,85.2,54.7,30.3,1.72188722574762,164817422.686601,6113975.0
SLV,El Salvador,2013,32.8330115830116,296.276013513514,89.3,58.0,27.5,1.68379206567679,206410550.692658,6138839.0
SLV,El Salvador,2014,33.2335907335907,297.439913127413,89.2,61.8,24.0,1.60198377795495,238313745.426952,6162955.0
SLV,El Salvador,2015,33.6341698841699,298.439961389961,89.4,65.2,21.0,1.46332930091099,199399182.122812,6183676.0
SLV,El Salvador,2016,34.034749034749,299.266409266409,90.3,69.1,20.7,1.27698873369579,247263947.49846,6200800.0
SLV,El Salvador,2017,34.4353281853282,299.880936293436,91.3,72.1,25.0,1.17579638205998,221828700.112781,6213533.0
SLV,El Salvador,2018,34.7972972972973,300.183735521236,92.6,75.4,23.2,1.0418867680294,172645123.046503,6219807.0
SLV,El Salvador,2019,34.7972972972973,300.304922779923,93.6,78.4,19.4,0.952011504586522,151132102.249715,6222318.0
SLV,El Salvador,2020,34.7972972972973,300.901206563707,100.0,81.2,23.7,1.08117918999429,187689099.681418,6234673.0
SLV,El Salvador,2021,34.7972972972973,301.919980694981,94.1,83.5,21.9,1.19234961422949,153775541.09863,6255782.0
SLV,El Salvador,2022,34.7972972972973,303.104198841699,100.0,85.7,,1.01739055861496,,6280319.0
GNQ,Equatorial Guinea,1990,0.570409982174688,16.9081639928699,,,84.7,8.53023611758567,23507721.4153444,474274.0
GNQ,Equatorial Guinea,1991,0.570409982174688,17.5478431372549,,,83.8,7.81770782748845,18537712.4966563,492217.0
GNQ,Equatorial Guinea,1992,0.606060606060606,18.2092691622103,,,83.9,6.90689174669843,20720420.094511,510770.0
GNQ,Equatorial Guinea,1993,0.606060606060606,18.8956506238859,,,81.3,5.80062747723426,21842824.4780696,530023.0
GNQ,Equatorial Guinea,1994,0.606060606060606,19.6127629233512,,,80.6,4.50025996718177,29227745.0957711,550138.0
GNQ,Equatorial Guinea,1995,0.606060606060606,20.3659180035651,,,78.7,3.7791166228314,45341057.0251024,571264.0
GNQ,Equatorial Guinea,1996,0.641711229946524,21.1583600713012,,,73.5,3.82401029942769,50835861.550203,593492.0
GNQ,Equatorial Guinea,1997,0.677361853832442,21.9926203208556,,,63.6,3.8721272299496,65569368.681894,616893.0
GNQ,Equatorial Guinea,1998,0.71301247771836,22.8689483065954,,,58.2,3.91149980976721,41719919.4981934,641474.0
GNQ,Equatorial Guinea,1999,0.71301247771836,23.7865953654189,,,54.6,3.93971252499239,65725296.6408919,667214.0
GNQ,Equatorial Guinea,2000,0.784313725490196,25.0723351158645,36.2,4.1,45.9,5.27208629047149,58836623.9017191,703279.0
GNQ,Equatorial Guinea,2001,1.06951871657754,26.7321212121212,34.5,4.3,46.1,6.53461723777714,52341219.9614938,749836.0
GNQ,Equatorial Guinea,2002,1.31907308377897,28.4476648841355,32.6,4.5,31.3,7.07357141323182,56412930.76363,797957.0
GNQ,Equatorial Guinea,2003,1.31907308377897,30.2268092691622,30.6,4.6,29.5,7.83366609365533,52188725.5307641,847862.0
GNQ,Equatorial Guinea,2004,1.31907308377897,32.0826024955437,28.6,4.9,7.2,8.51856815274429,38986320.8362162,899917.0
GNQ,Equatorial Guinea,2005,1.31907308377897,33.7742245989305,26.3,5.0,7.1,8.38596398560062,61557117.8311549,947367.0
GNQ,Equatorial Guinea,2006,1.46167557932264,35.3063458110517,24.0,5.1,7.0,8.26155895519129,71799509.1444356,990343.0
GNQ,Equatorial Guinea,2007,1.46167557932264,36.935614973262,21.5,5.1,8.5,8.80499685576741,72264499.9782123,1036044.0
GNQ,Equatorial Guinea,2008,1.63992869875223,38.6641711229947,18.9,5.4,7.2,9.23278181264273,106415383.823236,1084530.0
GNQ,Equatorial Guinea,2009,1.92513368983957,40.4874509803922,16.2,5.3,9.2,9.53752551945363,87564371.8364743,1135673.0
GNQ,Equatorial Guinea,2010,1.92513368983957,42.3916221033868,13.8,5.3,5.7,9.71229112496052,60161204.9057073,1189085.0
GNQ,Equatorial Guinea,2011,1.92513368983957,44.272192513369,10.1,5.2,5.6,9.57110605962947,71712018.542051,1241835.0
GNQ,Equatorial Guinea,2012,1.92513368983957,46.1134759358289,6.8,5.15,4.4,9.35733002563124,88369242.6119709,1293483.0
GNQ,Equatorial Guinea,2013,1.92513368983957,47.9935115864528,6.2,4.9,3.7,9.27900418539084,96568978.3196208,1346218.0
GNQ,Equatorial Guinea,2014,1.92513368983957,49.9047415329768,5.5,4.8,4.9,9.1458143975497,112182992.412753,1399828.0
GNQ,Equatorial Guinea,2015,1.92513368983957,51.8332620320856,4.8,4.5,5.5,8.83600102806311,126172796.753983,1453923.0
GNQ,Equatorial Guinea,2016,1.92513368983957,53.7677718360071,4.1,4.3,4.8,4.10127796927805,159854237.123757,1508186.0
GNQ,Equatorial Guinea,2017,1.92513368983957,55.7003921568627,3.5,4.1,5.0,3.96112295557081,231397161.935687,1562396.0
GNQ,Equatorial Guinea,2018,1.92513368983957,57.6264527629233,2.9,3.9,4.8,3.81283561186818,267862366.568033,1616422.0
GNQ,Equatorial Guinea,2019,1.88948306595365,59.5428520499109,2.4,3.6,7.4,3.66851267784634,221498822.909939,1670177.0
GNQ,Equatorial Guinea,2020,1.88948306595365,61.1931550802139,1.8,3.3,6.5,3.11512649433144,223767390.771143,1716468.0
GNQ,Equatorial Guinea,2021,1.88948306595365,62.7018181818182,1.4,3.1,5.2,2.80104478929665,236781155.000687,1758786.0
GNQ,Equatorial Guinea,2022,1.88948306595365,64.297504456328,1.4,3.0,4.2,2.86333152841324,,1803545.0
ERI,Eritrea,1990,,,,,,7.20995303251402,,2032737.0
ERI,Eritrea,1991,,,,,,0.845011168432289,,1919571.0
ERI,Eritrea,1992,,,,,89.9,1.26530270573808,,1798748.0
ERI,Eritrea,1993,4.93069306930693,18.376297029703,,,83.6,11.3625380987274,25214372.7139955,1856006.0
ERI,Eritrea,1994,4.32673267326733,18.9496534653465,,,80.1,11.205969160679,31984991.3043478,1913915.0
ERI,Eritrea,1995,4.33663366336634,20.0521485148515,6.13491533481697,,77.9,13.2878623210378,51162757.0543893,2025267.0
ERI,Eritrea,1996,3.65346534653465,21.073900990099,7.98567208919314,,76.4,11.8120890842946,53111472.9909706,2128464.0
ERI,Eritrea,1997,3.87128712871287,21.3082673267327,8.7639936271852,,77.6,6.94221332325876,51646350.9847448,2152135.0
ERI,Eritrea,1998,4.93069306930693,21.5883069306931,9.54488908763459,,75.0,5.96226800561255,56032874.8227122,2180419.0
ERI,Eritrea,1999,4.93069306930693,21.9087128712871,10.3321187225537,,76.1,4.7875666095546,33286541.0066123,2212780.0
ERI,Eritrea,2000,5.54455445544555,22.2478316831683,11.2,0.4,76.8,3.33008724100128,34228696.4792465,2247031.0
ERI,Eritrea,2001,5.56435643564356,22.8918712871287,11.9,0.4,74.8,3.51715602337604,31747330.2236617,2312079.0
ERI,Eritrea,2002,5.56435643564356,23.6928514851485,14.0,0.4,74.7,4.06854478488672,18916719.4092594,2392978.0
ERI,Eritrea,2003,5.91089108910891,24.6921089108911,13.3,0.5,75.0,4.7172104279383,32805914.4981789,2493903.0
ERI,Eritrea,2004,4.94285853030549,21.4765054072847,14.1,0.5,69.8,4.63796832199601,31712648.1368738,2598284.0
ERI,Eritrea,2005,5.12289469065343,21.9889099906246,14.8,0.5,74.7,2.8778339442139,35048069.4804832,2661215.0
ERI,Eritrea,2006,5.53700562256476,22.3422474247986,15.6,0.5,77.3,2.00388435267391,27929691.0104478,2703502.0
ERI,Eritrea,2007,5.53569837205687,22.6651485964038,16.4,0.6,79.1,1.82531935841967,32192057.3292874,2743222.0
ERI,Eritrea,2008,5.53456029744016,23.2643755206101,17.2,0.6,81.4,2.93374473809349,21537698.4776801,2816327.0
ERI,Eritrea,2009,5.69920149726779,23.8530992984597,18.5,0.7,81.7,2.74690063328976,0.0,2887885.0
ERI,Eritrea,2010,5.6994128192333,24.3272910774296,19.8,0.7,80.9,2.13456458243916,0.0,2945186.0
ERI,Eritrea,2011,5.69828855371813,24.7626561652109,21.1,0.8,77.1,1.89436480581747,0.0,2998485.0
ERI,Eritrea,2012,5.6986118181611,25.0820517513238,22.4,0.8,78.4,1.30901732580085,0.0,3036988.0
ERI,Eritrea,2013,5.70015791420086,25.3975905581196,23.8,0.8,79.7,1.19194049359041,0.0,3074360.0
ERI,Eritrea,2014,5.70077452457709,25.572294764578,25.1,0.9,80.5,0.586061348968297,0.0,3095173.0
ERI,Eritrea,2015,5.69829862429445,25.6468528978016,26.6,0.9,81.2,0.197789782494565,0.0,3105546.0
ERI,Eritrea,2016,5.69883119202229,25.8074296058691,28.0,0.9,81.4,0.430360195441271,0.0,3124698.0
ERI,Eritrea,2017,5.69912425026678,26.0206072238481,29.5,1.0,81.6,0.584382543587525,0.0,3150347.0
ERI,Eritrea,2018,5.69881918979739,26.3695100817645,31.0,0.9,80.8,1.06154440063105,0.0,3192760.0
ERI,Eritrea,2019,5.69868589789808,26.7606490641362,32.5,1.0,80.6,1.1634481731027,0.0,3240194.0
ERI,Eritrea,2020,5.70055580171216,27.1914115855899,34.1,1.0,80.9,1.22545720479682,4656820.78227375,3291271.0
ERI,Eritrea,2021,5.69409349206375,27.6467466920618,35.7,1.0,80.7,1.40601199577143,5079230.05551076,3350183.0
ERI,Eritrea,2022,5.69409349206375,28.1358115568642,36.0,1.0,,1.3520979472065,,3409447.0
EST,Estonia,1990,,,100.0,,3.5,-0.163679610547096,,1569174.0
EST,Estonia,1991,,,100.0,,3.6,-0.943323552420143,,1561314.0
EST,Estonia,1992,26.3033734371314,36.1663364000944,100.0,,5.9,-2.42147713946629,0.0,1533091.0
EST,Estonia,1993,25.1474404340646,35.2471809389007,100.0,,6.6,-3.28099523712772,0.0,1494128.0
EST,Estonia,1994,22.3873555083746,34.5013918376976,100.0,,11.1,-2.90729283074416,0.0,1462514.0
EST,Estonia,1995,20.618070299599,33.8908704883227,100.0,,17.9,-2.56717410425616,0.0,1436634.0
EST,Estonia,1996,20.8539749941024,33.3945270110875,100.0,,20.1,-2.21989795859914,0.0,1415594.0
EST,Estonia,1997,20.9483368719037,33.0156876621845,100.0,,20.0,-1.7964389721689,0.0,1399535.0
EST,Estonia,1998,20.9247464024534,32.7000707714083,100.0,,17.9,-1.47389161788045,0.0,1386156.0
EST,Estonia,1999,20.2642132578438,32.7965086105214,100.0,,20.0,-0.0232494647271502,0.0,1390244.0
EST,Estonia,2000,19.8867657466384,32.9555319650861,100.0,100.0,19.8,0.406512197121298,0.0,1396985.0
EST,Estonia,2001,15.9707478178816,32.7462845010616,100.0,100.0,18.9,-0.626476258702144,0.0,1388115.0
EST,Estonia,2002,14.4751120547299,32.5395140363293,100.0,100.0,19.3,-0.609021157655893,0.0,1379350.0
EST,Estonia,2003,12.8568058504364,32.3359282849729,100.0,100.0,19.9,-0.590355954095625,0.0,1370720.0
EST,Estonia,2004,12.2505307855626,32.1431941495636,100.0,100.0,20.0,-0.548707447942885,0.0,1362550.0
EST,Estonia,2005,13.9608398207124,31.9597782495872,100.0,100.0,18.9,-0.511927341297398,0.0,1354775.0
EST,Estonia,2006,13.1894314696862,31.7718801604152,100.0,100.0,17.2,-0.519067678852238,0.0,1346810.0
EST,Estonia,2007,14.13776834159,31.6272705826846,100.0,100.0,18.6,-0.376154314241163,0.0,1340680.0
EST,Estonia,2008,14.1023826374145,31.5425807973579,100.0,100.0,20.5,-0.179545949485094,0.0,1337090.0
EST,Estonia,2009,14.069355980184,31.4818353385232,100.0,100.0,24.2,-0.0965314545775049,0.0,1334515.0
EST,Estonia,2010,15.2158527954706,31.4101203113942,100.0,100.0,25.3,-0.124866073024554,0.0,1331475.0
EST,Estonia,2011,14.9186128803963,31.3149091766926,100.0,100.0,25.2,-0.196359268496707,0.0,1327439.0
EST,Estonia,2012,14.6378862939372,31.2030195800896,100.0,100.0,25.0,-0.232225422923109,0.0,1322696.0
EST,Estonia,2013,14.6767885898321,30.3196917414309,100.0,100.0,24.5,-0.16566488498831,0.0,1317997.0
EST,Estonia,2014,15.0448585231194,30.2402806533241,100.0,100.0,25.3,-0.00635149508279245,0.0,1314545.0
EST,Estonia,2015,15.527950310559,30.26011042098,100.0,100.0,28.2,0.376825064515229,0.0,1315407.0
EST,Estonia,2016,16.0110420979986,30.2689210950081,100.0,100.0,27.2,0.385363763239305,0.0,1315790.0
EST,Estonia,2017,15.8830409356725,30.816,100.0,100.0,27.5,0.511922510846607,0.0,1317384.0
EST,Estonia,2018,15.9766081871345,30.9234385964912,100.0,100.0,28.6,0.763385494011981,0.0,1321977.0
EST,Estonia,2019,16.140350877193,31.0385497076023,100.0,100.0,31.3,0.801370602402878,0.0,1326898.0
EST,Estonia,2020,16.233918128655,31.0999298245614,100.0,100.0,40.4,0.631854957769353,0.0,1329522.0
EST,Estonia,2021,16.374269005848,31.1329122807018,100.0,100.0,38.0,0.528902118507097,0.0,1330932.0
EST,Estonia,2022,16.5457523987831,31.5665808565411,100.0,100.0,,1.77943527041411,,1348840.0
SWZ,Eswatini,1990,10.4651162790698,50.7225581395349,,,62.2,4.22254728130805,42460308.7795922,872428.0
SWZ,Eswatini,1991,10.6395348837209,52.8016860465116,,,61.8,4.16704525098411,38274331.748337,908189.0
SWZ,Eswatini,1992,10.406976744186,54.8497674418605,,,63.2,3.9321377297038,39694632.1723819,943416.0
SWZ,Eswatini,1993,10.3488372093023,56.471976744186,,,62.2,3.01890875839417,41022736.4092475,971318.0
SWZ,Eswatini,1994,10.3488372093023,56.4658139534884,,,55.3,0.0697368802234183,40344621.24788,971212.0
SWZ,Eswatini,1995,10.3488372093023,56.420523255814,,,54.6,-0.023240223568284,48997115.6378193,970433.0
SWZ,Eswatini,1996,10.3488372093023,57.5488953488372,,,63.0,2.01335125258393,50967832.9309295,989841.0
SWZ,Eswatini,1997,10.3488372093023,58.5252906976744,,,55.0,1.68844346892129,47140980.448861,1006635.0
SWZ,Eswatini,1998,10.3488372093023,59.2821511627907,,,56.8,1.13924252732132,46085081.6206902,1019653.0
SWZ,Eswatini,1999,10.3488372093023,59.9291860465116,,,56.0,0.746289534355199,35931214.1790851,1030782.0
SWZ,Eswatini,2000,10.3488372093023,60.5473255813953,10.4,10.8,60.1,0.543368484902739,36303608.251648,1041414.0
SWZ,Eswatini,2001,10.3488372093023,61.1083720930233,18.3,11.9,60.9,0.345391594430572,36799983.8582429,1051064.0
SWZ,Eswatini,2002,10.3488372093023,61.5954069767442,16.7,13.0,63.6,0.173295034138915,45536629.6900154,1059441.0
SWZ,Eswatini,2003,10.3488372093023,62.0174418604651,19.8,14.3,66.5,0.0702370529313686,44119121.4518216,1066700.0
SWZ,Eswatini,2004,10.3488372093023,62.3929651162791,23.0,15.5,66.6,0.0513922935407365,37475455.3514574,1073159.0
SWZ,Eswatini,2005,10.3488372093023,62.7338372093023,26.1,16.7,67.0,0.106878206604296,40841602.5500514,1079022.0
SWZ,Eswatini,2006,10.2906976744186,63.0486046511628,27.3,18.0,66.8,0.231733393688877,41157499.3619714,1084436.0
SWZ,Eswatini,2007,10.2906976744186,63.4130813953488,32.4,19.3,66.9,0.528555843336189,56561917.7166036,1090705.0
SWZ,Eswatini,2008,10.2906976744186,63.8425,35.5,20.4,67.8,0.806735382490606,65338382.2097196,1098091.0
SWZ,Eswatini,2009,10.2906976744186,64.2530813953488,28.9,21.7,66.7,0.934666487618942,68088930.3659264,1105153.0
SWZ,Eswatini,2010,10.2906976744186,64.6308139534884,39.8,22.7,68.5,1.02917971520787,73562007.552111,1111650.0
SWZ,Eswatini,2011,10.2906976744186,64.9902906976744,44.7,23.9,69.3,1.13664439385607,84809548.1161619,1117833.0
SWZ,Eswatini,2012,10.2906976744186,65.3408720930233,48.2,25.2,68.8,1.24901695769136,86675021.4911178,1123863.0
SWZ,Eswatini,2013,10.2906976744186,65.6970930232558,51.8,26.5,66.1,1.37297458820309,86782839.4486366,1129990.0
SWZ,Eswatini,2014,10.2906976744186,66.0638953488372,59.3,27.8,68.3,1.49359088952915,91828687.6000587,1136299.0
SWZ,Eswatini,2015,10.2906976744186,66.4426162790698,59.1,28.8,68.8,1.60483861941318,107201023.729034,1142813.0
SWZ,Eswatini,2016,10.2906976744186,66.8318023255814,58.1,29.4,64.3,1.70343193587855,142165263.422772,1149507.0
SWZ,Eswatini,2017,10.2906976744186,67.3369186046512,69.8,30.0,65.3,1.92474898219469,146280288.275889,1158195.0
SWZ,Eswatini,2018,10.2906976744186,67.960988372093,69.7,30.2,65.7,1.97840654885066,120765265.291601,1168929.0
SWZ,Eswatini,2019,10.2906976744186,68.5973255813954,72.9,30.6,64.4,2.12225981181099,124001866.895142,1179874.0
SWZ,Eswatini,2020,10.2906976744186,69.3447093023256,76.1,30.8,63.7,2.38659378262032,108847849.91062,1192729.0
SWZ,Eswatini,2021,10.2906976744186,70.1507558139535,79.1,31.1,65.4,2.56613194591283,112570356.228353,1206593.0
SWZ,Eswatini,2022,10.2906976744186,70.8672674418605,81.6,31.1,64.7,2.52777193187584,,1218917.0
ETH,Ethiopia,1990,,,,,96.2,5.86458147827684,1446838818.75897,47609755.0
ETH,Ethiopia,1991,,,,,96.3,6.38479925623719,1504149869.03403,49717198.0
ETH,Ethiopia,1992,,,,,97.5,6.11414710630731,1575678139.66988,51853747.0
ETH,Ethiopia,1993,10.0,53.708891,,,96.9,5.23986889877649,1284848363.07917,53708891.0
ETH,Ethiopia,1994,9.932,55.611508,,,96.5,4.99805090987627,1576138079.86204,55611508.0
ETH,Ethiopia,1995,9.94,57.537335,,,96.2,4.60217277694035,2419304237.37118,57537335.0
ETH,Ethiopia,1996,9.927,59.467635,,,95.9,4.87345172225986,2441608928.30456,59467635.0
ETH,Ethiopia,1997,9.9,61.404539,,,95.8,4.64549690495013,2319341874.97264,61404539.0
ETH,Ethiopia,1998,9.891,63.363524,,,95.7,4.57137734177912,2436037274.14439,63363524.0
ETH,Ethiopia,1999,9.881,65.374561,,,95.8,4.49159345788628,1503538845.59395,65374561.0
ETH,Ethiopia,2000,9.872,67.411494,1.7,0.5,95.5,4.45854279783597,1513023847.28194,67411494.0
ETH,Ethiopia,2001,9.862,69.487762,,0.5,94.6,4.35494220213118,1483373581.29794,69487762.0
ETH,Ethiopia,2002,9.853,71.635517,,0.5,94.5,4.45922572494006,1806783700.81378,71635517.0
ETH,Ethiopia,2003,10.928,73.832663,1.4,0.4,94.2,4.38529242436668,3109720970.23613,73832663.0
ETH,Ethiopia,2004,10.9551919006009,67.4086372526321,3.1,0.4,94.1,4.36678804226886,2813224916.41072,76077206.0
ETH,Ethiopia,2005,11.3618662700454,69.4377847665754,0.6,0.4,94.7,4.37981291296883,2904864290.88758,78367470.0
ETH,Ethiopia,2006,11.8694340984139,71.5067748631684,6.5,0.4,94.5,4.37766477704282,2855173449.85439,80703490.0
ETH,Ethiopia,2007,12.4380754315493,73.6318622061839,8.2,0.4,94.1,2.18725340604446,4290946886.43696,83103217.0
ETH,Ethiopia,2008,12.0559827881042,75.7983969601131,9.7,0.4,94.1,7.14473573638509,5052051921.28683,85543668.0
ETH,Ethiopia,2009,12.3587993002942,77.9802631357432,11.3,0.3,94.2,4.9456857455889,5289715527.31242,88007636.0
ETH,Ethiopia,2010,12.9057011034308,80.224030211657,12.9,0.3,94.1,4.81350246767762,4647249240.46428,90538514.0
ETH,Ethiopia,2011,13.4622853188946,82.537679592612,9.6,0.3,93.6,4.93656502383621,5339462574.14503,93149970.0
ETH,Ethiopia,2012,13.5975929442794,84.8841807786957,16.1,0.3,93.3,4.7021913043003,6225275776.8375,95798767.0
ETH,Ethiopia,2013,13.7084728569845,87.224157853982,17.8,0.4,92.4,4.94213797545556,6508091916.92253,98438751.0
ETH,Ethiopia,2014,13.8196461741706,89.598740246565,12.0,0.3,91.4,4.86561713361329,7312200484.76593,101115610.0
ETH,Ethiopia,2015,13.9303953410931,92.0367822337439,15.5,0.3,91.5,4.89540924357463,7801227499.12243,103867135.0
ETH,Ethiopia,2016,14.0409203421887,94.5614799764478,32.4,0.3,90.4,4.86823874191839,8255983402.91398,106718162.0
ETH,Ethiopia,2017,14.1501576177916,97.1744352590326,31.0,0.3,90.8,4.87600186096141,7985486026.3033,109666481.0
ETH,Ethiopia,2018,14.3430388457376,99.8298825389562,32.5,0.3,90.0,5.01030377934689,5336446464.07236,112664152.0
ETH,Ethiopia,2019,14.3473484917961,102.552159549746,36.0,0.3,89.3,4.9032414205172,5251925446.3313,115737383.0
ETH,Ethiopia,2020,14.3500889708883,105.370090895445,39.4,0.3,90.7,4.47099523245079,5827507750.96245,118917671.0
ETH,Ethiopia,2021,14.560115607756,108.230378298522,42.8,0.3,90.6,4.87095365413555,6233766464.22958,122138588.0
ETH,Ethiopia,2022,14.5325559938566,111.107151376678,43.0,0.3,,5.43291906726441,,125384287.0
EMU,Euro area,1990,26.7544438386268,131.158284805678,100.0,,6.65564963733299,0.659549504524364,,316087007.0
EMU,Euro area,1991,26.5029465145981,131.706385069333,100.0,,6.92079366830844,0.60512629782159,,317407910.0
EMU,Euro area,1992,26.6221889388851,120.130181776519,100.0,,6.96044556751374,0.60314284438168,,318742973.0
EMU,Euro area,1993,26.5962908903262,118.476649355909,100.0,,7.07668879651028,0.603721185743842,,320053176.0
EMU,Euro area,1994,26.401156736543,118.836478439087,100.0,,7.29417788401923,0.50634459208809,,321024031.0
EMU,Euro area,1995,25.8772265909721,119.127197069057,100.0,,7.14434649019144,0.434898081835131,,321808185.0
EMU,Euro area,1996,25.9658264120324,119.40595563186,100.0,,7.26532768529785,0.529119931912475,,322568383.0
EMU,Euro area,1997,25.8742586722529,119.68087508602,100.0,,7.39742492766468,0.610874273294898,,323306275.0
EMU,Euro area,1998,25.7252148315091,119.933364750271,100.0,,7.45321146450723,0.460460175302096,,323976358.0
EMU,Euro area,1999,25.693055433699,120.233368983324,100.0,,7.50657160155503,0.450368112551274,,324781951.0
EMU,Euro area,2000,25.5513754181398,119.105131450003,100.0,100.0,7.68788679257207,0.609608646822951,,325789631.0
EMU,Euro area,2001,24.7759321872834,119.520042014619,100.0,100.0,7.88714977861375,0.672758736943634,,326861195.0
EMU,Euro area,2002,24.6776225918819,120.08712249395,100.0,100.0,7.71666100470046,0.746974336334706,,328469678.0
EMU,Euro area,2003,24.5401957389674,120.730011724126,100.0,100.0,8.26622650651417,0.769918807018502,,330286340.0
EMU,Euro area,2004,24.5728149048244,121.424491427549,100.0,100.0,8.5257639408072,0.762634906761565,,332140117.0
EMU,Euro area,2005,24.5685411019398,122.073299268938,99.9986940055738,100.0,8.85240005083539,0.740716789507584,,333897752.0
EMU,Euro area,2006,24.2838363257111,122.68723190759,99.9974310252201,100.0,9.66259662253437,0.680479023786483,,335499702.0
EMU,Euro area,2007,24.0754819442461,123.336645733533,99.9974680953941,100.0,10.7826491973959,0.700945814328295,,337282985.0
EMU,Euro area,2008,24.2107878533521,123.981075102388,99.995425177119,100.0,11.4584461004547,0.636530132971135,,338978475.0
EMU,Euro area,2009,24.0738351245094,124.408405913685,99.996287548289,100.0,12.5390429242373,0.506195542376549,,340136844.0
EMU,Euro area,2010,24.1012793973541,124.665342660934,99.9984043433394,100.0,13.3653292881949,0.462929803841741,,341002804.0
EMU,Euro area,2011,23.940261718504,124.440506773543,99.9948294392411,100.0,13.4342559883708,-0.038153260136724,,340367367.0
EMU,Euro area,2012,24.1518199605514,124.694484115971,100.0,100.0,14.8828725196823,0.429976688329586,,341100659.0
EMU,Euro area,2013,23.9159119656202,124.827568074068,100.0,100.0,15.7039596875564,0.441896574656269,,341639530.0
EMU,Euro area,2014,23.8085090979504,125.043363443323,100.0,100.0,16.3222210722072,0.418236158780838,,342228563.0
EMU,Euro area,2015,23.7483816892732,125.417955535534,100.0,100.0,16.3384695385984,0.557598809728298,,343180482.0
EMU,Euro area,2016,23.7107146624211,125.74801921269,100.0,100.0,16.3515161082474,0.62710851027758,,344132977.0
EMU,Euro area,2017,23.693435119363,126.028700924669,100.0,100.0,16.5781248896323,0.359742861852691,,344810179.0
EMU,Euro area,2018,23.4126012692038,126.404243914838,100.0,100.0,17.5470865076425,0.515496714687595,,345864630.0
EMU,Euro area,2019,23.4383334184601,126.636297354644,100.0,100.0,18.1354055105348,0.40818242954694,,346496601.0
EMU,Euro area,2020,23.6673572163698,126.815416504565,100.0,100.0,19.8074872686191,0.291395945203144,,346986142.0
EMU,Euro area,2021,23.6359184128672,126.88812174621,100.0,100.0,,0.20676267798551,,347207191.0
EMU,Euro area,2022,23.6081770778141,127.254378609524,100.0,100.0,,0.442696466867548,,348200155.0
ECS,Europe & Central Asia,1990,26.4379830736407,154.202912697781,100.0,,5.72169750149769,0.742176247889718,,845290251.0
ECS,Europe & Central Asia,1991,26.2969826664234,154.907456799587,100.0,,5.87264894965217,0.647594390783449,,849169385.0
ECS,Europe & Central Asia,1992,13.5170057254372,31.4464295148522,100.0,,6.223148349601,0.504643460402437,,852664501.0
ECS,Europe & Central Asia,1993,13.5181086479849,31.4121033814329,100.0,,6.62553578805038,0.441479086327983,,855554222.0
ECS,Europe & Central Asia,1994,13.4445665650762,31.4973795722572,100.0,,6.87364643401988,0.4113306359765,,857724587.0
ECS,Europe & Central Asia,1995,13.3608556453963,31.566228334998,99.9964155132249,,6.96369848177,0.37011847851745,,859504754.0
ECS,Europe & Central Asia,1996,13.2558828112854,31.6242404320044,99.9054967869392,,7.05736624072152,0.411501737439417,,861073426.0
ECS,Europe & Central Asia,1997,13.2832277030791,31.5901280352745,99.8929431456151,,7.36665415865664,0.416981238487473,,862335057.0
ECS,Europe & Central Asia,1998,13.1719675355996,31.623286580041,99.8999251370127,,7.48075477245522,0.343247675932,,863317613.0
ECS,Europe & Central Asia,1999,13.0938197364847,31.6516555470347,99.6968650572667,,7.54152190208447,0.28004650921471,,864306932.0
ECS,Europe & Central Asia,2000,12.9627147896638,31.6482193568461,98.4731794376104,87.9746546361059,7.60963626922575,0.441280710416264,,865392479.0
ECS,Europe & Central Asia,2001,12.7987132463445,31.693766554777,98.5898142921817,88.3865137359539,7.60911900870341,0.442768204581483,,866590696.0
ECS,Europe & Central Asia,2002,12.6997992757303,31.7547133722856,98.7052990935777,88.8541368094477,7.57546823402183,0.4673246161718,,868234843.0
ECS,Europe & Central Asia,2003,12.6038242076165,31.8380446202087,98.7753881317122,89.2918968691483,7.6788565938799,0.539488589518676,,870529446.0
ECS,Europe & Central Asia,2004,12.5889312336457,31.930960143523,98.8140772086317,89.7307804320535,7.93527297018763,0.5162531163555,,873069464.0
ECS,Europe & Central Asia,2005,12.5562623683225,32.0222831747256,98.9214777923951,90.1357237572882,8.29181865284284,0.517494547100888,,875563919.0
ECS,Europe & Central Asia,2006,12.5615027521171,32.0043806024028,98.9642428259487,90.5520716030112,8.57521802832624,0.584623849266301,,878166933.0
ECS,Europe & Central Asia,2007,12.4610667490866,32.0952911630863,99.0582382893742,90.9042487347224,9.14113260306134,0.571400864057728,,880656346.0
ECS,Europe & Central Asia,2008,12.4676510723766,32.2270496345534,99.1092280127879,91.2256035820696,9.47387156015955,0.685127761992066,,884224673.0
ECS,Europe & Central Asia,2009,12.4520669902689,32.3541655949542,99.2043996745364,91.5761898158494,10.4249676128482,0.664544841079215,,887741128.0
ECS,Europe & Central Asia,2010,12.4141841338043,32.4711233879488,99.5183331913937,91.834644021134,10.8681448886901,0.692881627726936,,890990371.0
ECS,Europe & Central Asia,2011,12.3931621240608,32.5449107135017,99.476104179971,92.1518837244222,10.7258330443851,0.555071402417216,,893009595.0
ECS,Europe & Central Asia,2012,12.4093167669841,32.6724784754048,99.601044282728,92.385581638576,11.5800703095476,0.863609806657709,,896514510.0
ECS,Europe & Central Asia,2013,12.3960304173033,32.7945810832271,99.6474795297561,92.7243606952528,12.2761565609349,1.11727561683449,,899907172.0
ECS,Europe & Central Asia,2014,12.3909515409931,32.9282209173702,99.7043046920059,92.9830070690516,12.4321725847963,1.18169817133892,,903561071.0
ECS,Europe & Central Asia,2015,12.3776367354577,33.0676117815085,99.2019105488641,93.2445621342857,12.8744480605886,1.0580393226011,,907527486.0
ECS,Europe & Central Asia,2016,12.3625735341338,33.2148080937239,99.8209809870392,93.3882775623815,12.8866548739741,0.780088346116315,,911579016.0
ECS,Europe & Central Asia,2017,12.3547410187596,33.3427486883178,99.9114001108197,93.5213843196281,12.8819075023182,0.531520504603478,,915065824.0
ECS,Europe & Central Asia,2018,12.3204509476835,33.4737570087959,99.9411033753752,93.6204440163936,13.4797382823169,0.587712660892329,,918689254.0
ECS,Europe & Central Asia,2019,12.3160538992094,33.5921361078478,99.9704741140808,93.70252417127,14.0059727126658,0.601180223147385,,921932163.0
ECS,Europe & Central Asia,2020,12.3172887956977,33.6602835989001,99.9846019356342,93.7515528978449,15.106449203531,0.368800426819498,,923664467.0
ECS,Europe & Central Asia,2021,12.3339522012379,33.6861718876024,99.9686363292861,93.8334916999418,,0.250136382547382,,924381062.0
ECS,Europe & Central Asia,2022,12.3313606036084,33.681255334732,99.9896323130086,93.9420229061416,,0.128938484234081,,924234471.0
TEC,Europe & Central Asia (IDA & IBRD countries),1990,36.6659738100187,298.614665003811,,,4.07940913140557,0.944818602759893,,430990546.0
TEC,Europe & Central Asia (IDA & IBRD countries),1991,36.6430882424259,300.07556203712,,,4.19075813980973,0.729275096823823,,433132067.0
TEC,Europe & Central Asia (IDA & IBRD countries),1992,11.9895853797116,18.9979537782644,,,4.48197474453354,0.401436734719593,,434844449.0
TEC,Europe & Central Asia (IDA & IBRD countries),1993,11.8789272051579,19.0581900014459,,,5.05682908740215,0.289149897598589,,436152186.0
TEC,Europe & Central Asia (IDA & IBRD countries),1994,11.831973900006,19.1039076784497,,,5.26184026266628,0.304000264080537,,437106291.0
TEC,Europe & Central Asia (IDA & IBRD countries),1995,11.7913295632494,19.1365575090783,,,5.39400633991709,0.262846049812192,,437796116.0
TEC,Europe & Central Asia (IDA & IBRD countries),1996,11.643982519494,19.1599783382023,99.8200702147684,,5.65730566357371,0.277697029466056,,438325526.0
TEC,Europe & Central Asia (IDA & IBRD countries),1997,11.6781700512531,19.1730600172254,99.7989438126885,,5.90246963751557,0.230509728260224,,438638046.0
TEC,Europe & Central Asia (IDA & IBRD countries),1998,11.5752489159785,19.1752312719875,99.8122116235766,,5.97286112054329,0.199385395943076,,438735255.0
TEC,Europe & Central Asia (IDA & IBRD countries),1999,11.5074918797194,19.1657961632602,99.4411537526931,,6.06426855416651,0.064064542599101,,438650260.0
TEC,Europe & Central Asia (IDA & IBRD countries),2000,11.360451099013,19.1530449259825,97.4627392790146,79.9029109737964,5.77687830938613,0.276097825573475,,438423541.0
TEC,Europe & Central Asia (IDA & IBRD countries),2001,11.266801270849,19.1397285952941,97.6564422844246,80.5958961711868,5.70512702235186,0.198694253081374,,438100368.0
TEC,Europe & Central Asia (IDA & IBRD countries),2002,11.1780288574125,19.1278967075025,97.8459579182707,81.3593340346481,5.76921609440525,0.209371371916061,,437806951.0
TEC,Europe & Central Asia (IDA & IBRD countries),2003,11.0897672580166,19.1321551772837,97.9586571054933,82.0582571311875,5.64950276023539,0.353576002414692,,437905932.0
TEC,Europe & Central Asia (IDA & IBRD countries),2004,11.0618091408159,19.1418948279368,98.0209168647074,82.7750506733279,5.88133511209109,0.273867322102672,,438136036.0
TEC,Europe & Central Asia (IDA & IBRD countries),2005,11.025418903447,19.1504483871371,98.1999559380354,83.4471177787505,5.99664955248276,0.239743741025846,,438333196.0
TEC,Europe & Central Asia (IDA & IBRD countries),2006,11.0610296440972,19.0859930493063,98.2695437921916,84.1243539633427,5.81734150154749,0.427037307369668,,438714358.0
TEC,Europe & Central Asia (IDA & IBRD countries),2007,10.9703497323455,19.0846908058469,98.4218795138498,84.6696253066246,5.75867132998041,0.378282726151786,,438680283.0
TEC,Europe & Central Asia (IDA & IBRD countries),2008,10.9643978025736,19.1312337095341,98.5056304807003,85.1833655247532,5.64264695953204,0.623505226871178,,439732746.0
TEC,Europe & Central Asia (IDA & IBRD countries),2009,10.9608540421305,19.1995948770159,98.6639841377119,85.7649502488104,6.30497199994692,0.73148845337527,,441304973.0
TEC,Europe & Central Asia (IDA & IBRD countries),2010,10.9286443834328,19.2706355617002,99.1905217881479,86.197673295898,6.4529448184641,0.818761423177342,,442936599.0
TEC,Europe & Central Asia (IDA & IBRD countries),2011,10.9174970201284,19.3537254278879,99.120912949011,86.7291287625271,6.04948456107391,0.999447411094598,,444846366.0
TEC,Europe & Central Asia (IDA & IBRD countries),2012,10.9095186005096,19.4450039136596,99.3285461063231,87.0888308176552,6.28402287149414,1.26552858590162,,446941101.0
TEC,Europe & Central Asia (IDA & IBRD countries),2013,10.9227218739259,19.5401591479624,99.4016296546812,87.5945367463609,6.84165697411543,1.77694669018667,,449128604.0
TEC,Europe & Central Asia (IDA & IBRD countries),2014,10.9281588092828,19.6413354713615,99.4945406903079,87.9501802257055,6.52584380803076,1.89331970681109,,451432428.0
TEC,Europe & Central Asia (IDA & IBRD countries),2015,10.9348897182366,19.7342063886841,98.6299745654957,88.3497934775105,6.91555148923036,1.49784198825097,,453662073.0
TEC,Europe & Central Asia (IDA & IBRD countries),2016,10.9218225336942,19.8321144333003,99.6934143989093,88.6256306752269,7.04015093233689,0.829141551425242,,455913002.0
TEC,Europe & Central Asia (IDA & IBRD countries),2017,10.9106125801657,19.9233397185183,99.8486798765314,88.8867895935612,6.75633843243037,0.55750765964647,,458010325.0
TEC,Europe & Central Asia (IDA & IBRD countries),2018,10.9053478440222,20.0075287890585,99.899655755896,89.0849860945168,7.25779989922942,0.565802067712469,,459946883.0
TEC,Europe & Central Asia (IDA & IBRD countries),2019,10.8959082077257,20.094026148344,99.9498042064987,89.2498687081246,7.59012527634488,0.684393209347683,,461933206.0
TEC,Europe & Central Asia (IDA & IBRD countries),2020,10.8905807950398,20.1364207482837,99.9738605184449,89.348949048015,8.02684416318492,0.365007131487233,,462842288.0
TEC,Europe & Central Asia (IDA & IBRD countries),2021,10.9075282169788,20.1477953165238,99.9468127652317,89.4999140960015,,0.22077436685194,,463104389.0
TEC,Europe & Central Asia (IDA & IBRD countries),2022,10.9073563978596,20.053774732316,99.9823867704836,89.6664891185575,,-0.405199578231323,,460942269.0
ECA,Europe & Central Asia (excluding high income),1990,31.650000627329,261.235920856179,,,4.62898692234037,1.79573675080681,,208212866.0
ECA,Europe & Central Asia (excluding high income),1991,31.6725844698443,263.690342898009,,,4.67357209962229,1.49640515797467,,210169114.0
ECA,Europe & Central Asia (excluding high income),1992,19.5744702183542,36.57763480556,,,5.2060411365564,1.36956345412187,,212032319.0
ECA,Europe & Central Asia (excluding high income),1993,19.5872395015266,36.8125941141167,,,6.14972262075562,1.08448946423677,,213395945.0
ECA,Europe & Central Asia (excluding high income),1994,19.589284199286,36.9738624533039,,,6.79432456156392,0.806943969974778,,214329901.0
ECA,Europe & Central Asia (excluding high income),1995,19.5960421613742,37.1094210142709,,,6.91547198501664,0.678930731275722,,215114964.0
ECA,Europe & Central Asia (excluding high income),1996,19.2912955873116,37.2625505864396,,,7.37681981811292,0.704279877049203,,216002100.0
ECA,Europe & Central Asia (excluding high income),1997,19.1611116880626,37.3781833343914,,,7.44012641312512,0.688202719001606,,216672059.0
ECA,Europe & Central Asia (excluding high income),1998,19.0985175769689,37.4538629687691,,,7.77890935568938,0.564289264205939,,217104725.0
ECA,Europe & Central Asia (excluding high income),1999,19.0380900762569,37.5383789379248,,,7.89683591543613,0.754403396477673,,217579952.0
ECA,Europe & Central Asia (excluding high income),2000,18.5874319272807,37.626910005721,98.5915126440655,65.5846438231643,7.62529126114546,1.01566485133763,,218486598.0
ECA,Europe & Central Asia (excluding high income),2001,18.385523143582,37.790633725525,98.7165411248273,66.8311445077353,7.46341990667124,0.972082750769061,,219435056.0
ECA,Europe & Central Asia (excluding high income),2002,18.2177891215977,37.9569308172028,98.8817794930065,68.180863229403,7.52963978899774,1.03141864120118,,220400259.0
ECA,Europe & Central Asia (excluding high income),2003,18.1032545002863,38.1291367114004,98.9282652816396,69.398980666188,7.30693300291376,1.11250108202764,,221399692.0
ECA,Europe & Central Asia (excluding high income),2004,18.1451587425967,38.3037300850588,98.9029748334768,70.5788631883055,7.38659560693208,1.12126864752414,,222413290.0
ECA,Europe & Central Asia (excluding high income),2005,18.1528946433916,38.4664500289497,99.0717393121126,71.6693897760684,7.2836157568398,1.06990170141807,,223360135.0
ECA,Europe & Central Asia (excluding high income),2006,18.1728101157144,37.9881837868454,99.0421409730213,72.8236906323933,7.07847885220545,1.15574679087135,,224417513.0
ECA,Europe & Central Asia (excluding high income),2007,17.9697070176086,38.0901945237322,99.1589096609403,73.7464404456523,6.63494298230947,0.947214343664321,,225016072.0
ECA,Europe & Central Asia (excluding high income),2008,17.8852432514601,38.3457160529815,99.1613655610394,74.6303782428838,6.45158501915867,1.4038274973013,,226524480.0
ECA,Europe & Central Asia (excluding high income),2009,17.8451606760013,38.6382318064592,99.2737369082026,75.6025518319317,7.42803913844124,1.52630352404679,,228250911.0
ECA,Europe & Central Asia (excluding high income),2010,17.8559656054427,38.9526977500834,99.3276706261971,76.3386363723949,7.81163686125183,1.64026105217554,,230106440.0
ECA,Europe & Central Asia (excluding high income),2011,17.7833004049087,39.271769960237,99.3107047089789,77.2154475180077,7.06633152811845,1.79184620754618,,231988438.0
ECA,Europe & Central Asia (excluding high income),2012,17.8016234635186,39.5912341231034,99.4389717007549,77.6881555003502,7.4990959908438,2.34007921388169,,233875199.0
ECA,Europe & Central Asia (excluding high income),2013,17.8619466264089,39.9347430774236,99.4983358315164,78.2505985201435,8.04245729281583,3.37479948296211,,235905150.0
ECA,Europe & Central Asia (excluding high income),2014,17.8656148669916,40.2969932431231,99.5784685013249,78.5088207985833,7.75696722378988,3.53525125622187,,237999321.0
ECA,Europe & Central Asia (excluding high income),2015,17.8838514817666,40.616709392448,99.4976163790956,78.9686853303513,8.89374944135576,2.75737355253732,,240083379.0
ECA,Europe & Central Asia (excluding high income),2016,17.8770755642189,40.9788296619889,99.7391410909962,79.4505066573403,9.05362050305208,1.46869716886088,,242224182.0
ECA,Europe & Central Asia (excluding high income),2017,17.8337926207687,41.3314112003313,99.8158426823941,79.9870224112713,8.68104031424437,0.987684617556566,,244308649.0
ECA,Europe & Central Asia (excluding high income),2018,17.7758147825707,41.6847494495179,99.8871970654847,80.3929578429194,9.10455322874983,1.0836341197029,,246400484.0
ECA,Europe & Central Asia (excluding high income),2019,17.6810187393168,42.0532363737648,99.9439270436675,80.6991605288305,10.0324286162535,1.33081585369009,,248576676.0
ECA,Europe & Central Asia (excluding high income),2020,17.7158721489433,42.3768883435545,99.9658522682246,80.9295436987761,10.0604471757322,1.01054198273981,,250351240.0
ECA,Europe & Central Asia (excluding high income),2021,17.7799086731712,42.6331333883906,99.9148386746451,81.2575269319681,,0.89150097770795,,251867727.0
ECA,Europe & Central Asia (excluding high income),2022,17.8346205121677,42.4043438180885,99.9768890498355,81.561809191221,,-0.520492652861833,,250514347.0
EUU,European Union,1990,28.5595800153596,117.025569636408,100.0,,6.91190899395663,0.530983493477187,,420525030.0
EUU,European Union,1991,28.358875862144,117.360439411027,100.0,,7.19534425402431,0.483367713092919,,421741276.0
EUU,European Union,1992,28.2582094145885,110.237090192566,100.0,,7.46780616301649,0.47530927202621,,422968989.0
EUU,European Union,1993,28.5055771430227,107.096840138439,100.0,,7.89678626065615,0.506897211268835,,424344744.0
EUU,European Union,1994,28.3088374566574,107.363181927473,100.0,,8.00067229458726,0.431424208827528,,425404352.0
EUU,European Union,1995,27.9232621299946,107.567337723468,100.0,,8.01520831104931,0.350787021340687,,426210050.0
EUU,European Union,1996,27.9854441024394,107.740316504384,100.0,,8.07345883268204,0.393479185954228,,426905134.0
EUU,European Union,1997,27.9582169046994,107.904922861374,100.0,,8.47444703519773,0.450825522766629,,427547651.0
EUU,European Union,1998,27.6704789965491,108.050490195819,100.0,,8.59132250556151,0.339656267506211,,428120105.0
EUU,European Union,1999,27.6348750024197,108.229453100552,100.0,,8.62009949477329,0.332242459162284,,428825949.0
EUU,European Union,2000,27.4053001273349,107.43763087465,98.9582068768315,100.0,8.97097778304585,0.381248401216319,,429339162.0
EUU,European Union,2001,26.7770692401217,107.594573632833,99.0227567384289,100.0,8.95821365646506,0.463571429261498,,429909307.0
EUU,European Union,2002,26.4258932633939,107.880681159712,99.0848868377762,100.0,8.85977327804269,0.496893654461972,,430924112.0
EUU,European Union,2003,26.2048339251814,108.265369826613,99.1357759394714,100.0,9.24891789838676,0.56829755597667,,432512916.0
EUU,European Union,2004,26.1089620658727,108.693059634446,99.1773337968255,100.0,9.54963915397878,0.58458737038936,,434193248.0
EUU,European Union,2005,25.9944942287409,109.100484741679,99.2236879520283,100.0,10.0205156530631,0.601059456728966,,435789139.0
EUU,European Union,2006,25.8085890960955,109.487760037929,99.2740836337368,100.0,10.6866219026938,0.560299505673172,,437263803.0
EUU,European Union,2007,25.4344248841836,109.872787636933,99.326039957695,100.0,11.7554752685425,0.524855707670742,,438796003.0
EUU,European Union,2008,25.606331495099,110.257478075334,99.3713293768041,100.0,12.456805484523,0.518005784321605,,440270719.0
EUU,European Union,2009,25.5493607536558,110.511696270864,99.4323083567696,100.0,13.6219724174621,0.425699228264439,,441388573.0
EUU,European Union,2010,25.2959641415433,110.651114403573,99.4473790616857,100.0,14.469048952148,0.380767308792058,,442088310.0
EUU,European Union,2011,25.2409469069447,110.484964567195,99.4932350855689,100.0,14.6250037786311,-0.00641064090246783,,441414078.0
EUU,European Union,2012,25.2878112656042,110.644954271132,99.5428086030107,100.0,16.0530317099573,0.334649119531668,,442069839.0
EUU,European Union,2013,25.0915601748103,110.695507497063,99.5965864116481,100.0,16.7974520279699,0.332381583225562,,442425741.0
EUU,European Union,2014,25.059667112939,110.798657268447,99.6586269632957,100.0,17.4415753867716,0.330044050396198,,442920819.0
EUU,European Union,2015,24.9938648784098,111.034208891564,99.7328311993417,100.0,17.6122764341327,0.435376871104787,,443793218.0
EUU,European Union,2016,24.8975416567047,111.244316879376,99.795713499788,100.0,17.523235814157,0.489077078228423,,444676652.0
EUU,European Union,2017,24.8975642063019,111.42564117038,99.936986264584,100.0,17.6857102209371,0.286435160097633,,445321060.0
EUU,European Union,2018,24.7631129450207,111.672659926438,99.9518413750409,100.0,18.7249884796166,0.402788048316017,,446329890.0
EUU,European Union,2019,24.862148058324,111.821235691404,99.9756217005168,100.0,19.3440009483852,0.310786056775776,,446910453.0
EUU,European Union,2020,24.8463787685038,111.811112231477,99.9907808849771,100.0,21.0591470733795,0.112404662956755,,446870959.0
EUU,European Union,2021,24.857453948906,111.646373360122,99.9923346124551,100.0,,-0.0141583195388307,,446227358.0
EUU,European Union,2022,24.7623133921984,111.893131950813,99.9939225875872,100.0,,0.377653070227513,,447202673.0
FRO,Faroe Islands,1990,0.0458452722063037,34.1977077363897,100.0,,2.5,-0.0938057040113713,,47740.0
FRO,Faroe Islands,1991,0.0458452722063037,33.9878223495702,100.0,,2.7,0.100056290005846,,47447.0
FRO,Faroe Islands,1992,0.0458452722063037,33.8732091690544,100.0,,3.1,0.560958838232292,,47287.0
FRO,Faroe Islands,1993,0.0458452722063037,33.2908309455587,100.0,,3.0,-1.19424935179769,,46474.0
FRO,Faroe Islands,1994,0.0458452722063037,32.0164756446991,100.0,,3.1,-4.7071300081661,,44695.0
FRO,Faroe Islands,1995,0.0458452722063037,31.2399713467049,100.0,,3.2,-1.15385895564938,,43611.0
FRO,Faroe Islands,1996,0.0458452722063037,31.2184813753582,100.0,,2.7,1.40408956165618,,43581.0
FRO,Faroe Islands,1997,0.0458452722063037,31.6131805157593,100.0,,3.3,2.10205247373812,,44132.0
FRO,Faroe Islands,1998,0.0458452722063037,32.0014326647565,100.0,,3.1,2.00829165261967,,44674.0
FRO,Faroe Islands,1999,0.0458452722063037,32.3395415472779,100.0,,2.8,1.63399259445845,,45146.0
FRO,Faroe Islands,2000,0.0458452722063037,32.7750716332378,100.0,,2.8,1.41811365985936,,45754.0
FRO,Faroe Islands,2001,0.0458452722063037,33.4061604584527,100.0,,2.6,2.56269312550108,,46635.0
FRO,Faroe Islands,2002,0.0458452722063037,33.9075931232092,100.0,,3.4,1.49844374363511,,47335.0
FRO,Faroe Islands,2003,0.0458452722063037,34.4068767908309,100.0,,3.1,1.99052084809209,,48032.0
FRO,Faroe Islands,2004,0.0458452722063037,34.6590257879656,100.0,,3.4,1.25413240051664,,48384.0
FRO,Faroe Islands,2005,0.0458452722063037,34.64111747851,100.0,,3.8,-0.011382391452735,,48359.0
FRO,Faroe Islands,2006,0.0458452722063037,34.6239255014327,100.0,,4.3,0.295521924553209,,48335.0
FRO,Faroe Islands,2007,0.0458452722063037,34.6547277936963,100.0,,4.5,-0.363843494052099,,48378.0
FRO,Faroe Islands,2008,0.0458452722063037,34.775787965616,100.0,,4.5,0.828091624473149,,48547.0
FRO,Faroe Islands,2009,0.0458452722063037,34.9505730659026,100.0,,5.1,1.64700378630082,,48791.0
FRO,Faroe Islands,2010,0.0458452722063037,34.8545845272206,100.0,,3.4,0.714189886902527,,48657.0
FRO,Faroe Islands,2011,0.0458452722063037,34.7729226361032,100.0,,5.0,-0.121439626317744,,48543.0
FRO,Faroe Islands,2012,0.0458452722063037,34.5924068767908,100.0,,4.7,-0.448394008766118,,48291.0
FRO,Faroe Islands,2013,0.0458452722063037,34.5601719197708,100.0,,4.5,1.02117742197629,,48246.0
FRO,Faroe Islands,2014,0.0458452722063037,34.6905444126075,100.0,,6.5,0.820394012836231,,48428.0
FRO,Faroe Islands,2015,0.0458452722063037,35.0279369627507,100.0,,7.5,1.58334614680059,,48899.0
FRO,Faroe Islands,2016,0.0472779369627507,35.432664756447,100.0,,6.3,1.61143700222237,,49464.0
FRO,Faroe Islands,2017,0.0472779369627507,35.945558739255,100.0,,6.0,1.46637872359604,,50180.0
FRO,Faroe Islands,2018,0.0472779369627507,36.5300859598854,100.0,,5.9,1.80324309135361,,50996.0
FRO,Faroe Islands,2019,0.0472779369627507,37.1002865329513,100.0,,5.4,1.52017115418594,,51792.0
FRO,Faroe Islands,2020,0.0512445095168375,38.4809663250366,100.0,,5.3,2.19351760559207,,52565.0
FRO,Faroe Islands,2021,0.0510948905109489,38.9021897810219,100.0,,5.1,1.74112521016119,,53296.0
FRO,Faroe Islands,2022,0.0510948905109489,39.3518248175182,100.0,,7.9,1.63525354850134,,53912.0
FJI,Fiji,1990,8.75752599890531,42.3270935960591,,,57.1,2.98732481018329,8383465.52399484,773316.0
FJI,Fiji,1991,9.35960591133005,42.6741105637657,,,55.5,3.04008457091595,7357308.81244285,779656.0
FJI,Fiji,1992,9.04214559386973,42.9855500821018,,,56.2,2.98027495896064,7188072.42246214,785346.0
FJI,Fiji,1993,8.72468527640942,43.2604816639299,,,57.6,2.81493411524308,15680621.1777406,790369.0
FJI,Fiji,1994,8.4072249589491,43.5014230979748,,,61.9,2.55994939033345,15716284.2577575,794771.0
FJI,Fiji,1995,7.81609195402299,43.7189928845101,,,58.4,2.2416333261999,18019338.3009922,798746.0
FJI,Fiji,1996,7.49863163656267,43.9950191570881,47.3595584519019,,57.3,2.0174244148488,19122338.6311428,803789.0
FJI,Fiji,1997,7.18117131910235,44.452052545156,55.7225080826685,,51.6,2.13022345628678,15715022.7975846,812139.0
FJI,Fiji,1998,6.86371100164204,45.0059113300493,57.5456362865205,,45.4,2.20860722684362,14129546.444974,822258.0
FJI,Fiji,1999,6.65571975916804,45.5297208538588,59.3976898432416,,54.2,2.03489062948964,8697045.50788417,831828.0
FJI,Fiji,2000,6.33825944170772,46.0267651888342,62.2,10.0,50.1,1.89168369803276,10131385.3032187,840909.0
FJI,Fiji,2001,6.0207991242474,46.5022441160372,63.7,10.2,40.4,1.78173299216929,10397692.5163249,849596.0
FJI,Fiji,2002,5.70333880678708,46.9649151614669,67.8,10.5,49.0,1.71160598764759,8670063.00136113,858049.0
FJI,Fiji,2003,5.38587848932677,47.415763546798,68.4,10.3,40.8,1.66330108932547,13115734.771871,866286.0
FJI,Fiji,2004,5.06841817186645,47.8580186097428,68.1,10.95,35.7,1.64094175332059,9642708.12401977,874366.0
FJI,Fiji,2005,4.75095785440613,48.2966064586754,69.7,11.2,40.0,1.64696928922606,13528177.5423726,882379.0
FJI,Fiji,2006,4.43349753694581,48.7337164750958,71.2,11.6,39.1,1.67508028707413,14545962.8917346,890365.0
FJI,Fiji,2007,4.1160372194855,49.1424192665572,83.6,11.9,36.0,1.66771606593994,16736168.1422966,897832.0
FJI,Fiji,2008,3.79857690202518,49.4471264367816,75.4,12.4,42.1,1.4998655180166,21884870.5369846,903399.0
FJI,Fiji,2009,3.38259441707718,49.6573070607553,76.1,13.0,41.6,1.32967032842999,19464991.4532004,907239.0
FJI,Fiji,2010,3.4592227695676,49.8313628899836,87.4,13.6,28.0,1.27402704986954,34694293.1560424,910419.0
FJI,Fiji,2011,3.53585112205802,49.972030651341,87.5,14.3,33.4,1.22276992588198,34549585.3531598,912989.0
FJI,Fiji,2012,3.61247947454844,50.0776135741653,87.5,15.4,33.3,1.16740989317941,35303141.0720761,914918.0
FJI,Fiji,2013,3.68910782703886,50.1561029009305,85.4,16.5,32.8,1.12663740927672,35204465.3435435,916352.0
FJI,Fiji,2014,3.76573617952928,50.2235905856596,88.2,17.5,33.2,1.11650366531568,38817144.4817818,917585.0
FJI,Fiji,2015,3.8423645320197,50.2779419813903,88.8,18.7,32.7,1.10098664904739,34082325.0938761,918578.0
FJI,Fiji,2016,3.91899288451013,50.3101258894362,89.3,20.3,27.7,1.0659287460668,32660295.9321879,919166.0
FJI,Fiji,2017,3.99562123700055,50.2878489326765,95.1,21.6,28.6,0.978757102087304,48975988.55278,918759.0
FJI,Fiji,2018,4.07224958949097,50.2014230979748,92.7,22.9,25.8,0.706700221022609,48418153.5020028,917180.0
FJI,Fiji,2019,4.14887794198139,50.0765736179529,94.8,24.4,26.5,0.595791028505697,46142082.9726203,914899.0
FJI,Fiji,2020,4.20361247947455,50.0800766283525,96.9,25.9,31.8,0.844282058484471,43512488.134721,914963.0
FJI,Fiji,2021,4.20361247947455,50.1757525998905,86.8,27.4,29.7,1.0182351441623,48409315.3962628,916711.0
FJI,Fiji,2022,4.20361247947455,50.3241379310345,86.8,28.7,28.4,1.11298298736124,,919422.0
FIN,Finland,1990,7.44902984339604,16.3709609639187,100.0,,24.5,0.507061054525006,0.0,4986431.0
FIN,Finland,1991,7.5501493811353,16.4606191930136,100.0,,24.0,0.691595222943659,0.0,5013740.0
FIN,Finland,1992,7.49991792245313,16.5533733871762,100.0,,25.1,0.757576086473179,0.0,5041992.0
FIN,Finland,1993,7.4710266259562,16.6336616435208,100.0,,26.0,0.727799057282943,0.0,5066447.0
FIN,Finland,1994,7.5501493811353,16.7055156111494,100.0,,25.1,0.799792536662408,0.0,5088333.0
FIN,Finland,1995,7.03732886831478,16.7693949243245,100.0,,27.3,0.871298096295708,0.0,5107790.0
FIN,Finland,1996,6.9713385206343,16.8244952230868,100.0,,26.9,0.949333304747629,0.0,5124573.0
FIN,Finland,1997,6.97856134475853,16.8746019238977,100.0,,28.8,1.01490434730473,0.0,5139835.0
FIN,Finland,1998,7.11513838274402,16.9194589448111,100.0,,30.5,1.02282949234474,0.0,5153498.0
FIN,Finland,1999,7.14764109130306,16.9587773728619,100.0,,30.2,0.974471689637552,0.0,5165474.0
FIN,Finland,2000,7.18375521192423,16.9940214714863,100.0,100.0,31.7,0.881692349721489,0.0,5176209.0
FIN,Finland,2001,7.20082734167241,17.0327587905053,100.0,100.0,29.2,0.785500042465216,0.0,5188008.0
FIN,Finland,2002,7.2395679437933,17.0740930431071,100.0,100.0,29.5,0.681319415395477,0.0,5200598.0
FIN,Finland,2003,7.26813093010276,17.1148560359828,100.0,100.0,28.4,0.602703263829698,0.0,5213014.0
FIN,Finland,2004,7.29078433303785,17.1646212941988,100.0,100.0,31.1,0.633808095267457,0.0,5228172.0
FIN,Finland,2005,7.34265734265734,17.2234676122,100.0,100.0,31.5,0.689344647212792,0.0,5246096.0
FIN,Finland,2006,7.43316563085726,17.3169839860577,100.0,100.0,31.2,0.740398460179694,0.0,5266268.0
FIN,Finland,2007,7.42115820974054,17.3919563287185,100.0,100.0,31.8,0.804619636097445,0.0,5288720.0
FIN,Finland,2008,7.43369529450477,17.4840375123396,100.0,100.0,34.6,0.862206577174019,0.0,5313399.0
FIN,Finland,2009,7.43106284962159,17.5678545574202,100.0,100.0,32.5,0.84110144292635,0.0,5338871.0
FIN,Finland,2010,7.41954590325765,17.6484106614018,100.0,100.0,33.4,0.801014928123848,0.0,5363352.0
FIN,Finland,2011,7.40564019875613,17.7309947678436,100.0,100.0,35.1,0.853634959104373,0.0,5388272.0
FIN,Finland,2012,7.40103326861693,17.8155615518773,100.0,100.0,38.7,0.914208754071021,0.0,5413971.0
FIN,Finland,2013,7.31876665898845,17.8978314521702,100.0,100.0,38.5,0.89760221485794,0.0,5438972.0
FIN,Finland,2014,7.34081411036888,17.9720030274112,100.0,100.0,41.2,0.856452583333272,0.0,5461512.0
FIN,Finland,2015,7.37817116909611,18.0301108880919,100.0,100.0,43.2,0.775752677519932,0.0,5479531.0
FIN,Finland,2016,7.39034582606693,18.0820078312658,100.0,100.0,42.4,0.721692078308568,0.0,5495303.0
FIN,Finland,2017,7.3769413003422,18.1238944459068,100.0,100.0,44.4,0.708952212929987,0.0,5508214.0
FIN,Finland,2018,7.38023163990524,18.1479501184522,100.0,100.0,44.2,0.667702897337291,0.0,5515525.0
FIN,Finland,2019,7.38656927582009,18.1673609054717,100.0,100.0,45.4,0.662676659933095,0.0,5521606.0
FIN,Finland,2020,7.37974600250049,18.1928768835954,100.0,100.0,47.3,0.612423189678435,0.0,5529543.0
FIN,Finland,2021,7.37955904913905,18.2301659134121,100.0,100.0,50.2,0.597971575912131,0.0,5541017.0
FIN,Finland,2022,7.37297896973723,18.2798093224591,100.0,100.0,,0.714914533928392,,5556106.0
FCS,Fragile and conflict affected situations,1990,6.62800086132116,30.1774150877617,,,36.259252045471,4.06396723752428,,486723712.0
FCS,Fragile and conflict affected situations,1991,6.7908315282142,30.8730412202494,,,36.6179480222762,3.21876215363233,,497970454.0
FCS,Fragile and conflict affected situations,1992,8.64103630505368,30.5639387368618,,,38.5803066606279,3.33330959881296,,510691966.0
FCS,Fragile and conflict affected situations,1993,8.78945084096573,29.4550117459484,,,41.4039562967223,3.4330320066448,,524592905.0
FCS,Fragile and conflict affected situations,1994,8.82444438193254,30.2927610606441,,,44.4190692594099,3.41396993306811,,539513196.0
FCS,Fragile and conflict affected situations,1995,8.99482643990791,31.1085017488237,,,44.5429269283978,3.18478482818112,,554041514.0
FCS,Fragile and conflict affected situations,1996,9.09235585901155,31.8246641726705,,,45.1418952907944,2.92872854592138,,566796346.0
FCS,Fragile and conflict affected situations,1997,9.10185803535228,32.5297880608565,,,46.2892092206231,2.87949883944949,,579354582.0
FCS,Fragile and conflict affected situations,1998,9.13703519848831,33.2897667267398,,,48.2267964852475,2.99145334735429,,592889780.0
FCS,Fragile and conflict affected situations,1999,9.19067829028743,34.085633266893,,,49.0462261747609,3.05376338167559,,607064140.0
FCS,Fragile and conflict affected situations,2000,9.21217947325036,34.8726391525287,24.5560006965508,9.50961972605449,49.5188192560577,3.02647502737031,,621080692.0
FCS,Fragile and conflict affected situations,2001,9.26535677462379,35.6811961119982,,9.64602098957372,48.9788027200773,3.01898696978102,,635481068.0
FCS,Fragile and conflict affected situations,2002,9.32304354239216,36.5653107269578,,9.8080165430191,49.1277723116101,3.11996215737826,,651226758.0
FCS,Fragile and conflict affected situations,2003,9.46139006176452,37.4875270995904,23.9951218782641,9.91417687677747,50.0190081643703,3.16782493999375,,667644273.0
FCS,Fragile and conflict affected situations,2004,9.45090365827239,38.0888367920759,22.5986443109185,10.0737578816403,50.132593305144,3.12518169963066,,684007365.0
FCS,Fragile and conflict affected situations,2005,9.57113339684583,39.0250244001052,23.0474744810389,10.2271551052977,50.1168009051894,3.10768983601249,,700820603.0
FCS,Fragile and conflict affected situations,2006,9.64929731125671,39.9799961758585,24.2330713228905,10.4299886380133,51.0492547821467,3.05413822950252,,717975893.0
FCS,Fragile and conflict affected situations,2007,9.77803801262858,40.933939358435,22.643452485226,10.5998453469872,50.8910276048412,2.87952995838622,,735110300.0
FCS,Fragile and conflict affected situations,2008,9.75926554254723,41.9339482487242,24.7117373261433,10.8211924242767,51.0606926390178,3.19740006357064,,753058095.0
FCS,Fragile and conflict affected situations,2009,9.90017512530348,42.9968622820873,26.4316671978746,10.9978339285193,53.3779535496623,3.19677077857207,,772015937.0
FCS,Fragile and conflict affected situations,2010,10.0270091928489,44.0750500796665,26.4409140679844,11.2127956641829,51.7136616362192,3.20096158580574,,791371804.0
FCS,Fragile and conflict affected situations,2011,10.1963527902214,45.1665423094469,27.2581165132979,11.3710829645312,52.1356585553803,3.28367174323324,,810972272.0
FCS,Fragile and conflict affected situations,2012,10.1613406198219,40.6290796216564,29.4747901051763,11.3513912497158,51.8676545525319,3.54874477167634,,831065598.0
FCS,Fragile and conflict affected situations,2013,10.2748371744126,41.6240481507428,30.7945053499007,11.299475318152,52.4531809927011,3.63303670937106,,851404936.0
FCS,Fragile and conflict affected situations,2014,10.332269594659,42.5990696716156,29.2786855175716,11.4518493841095,53.73093929142,3.17508865705807,,871345375.0
FCS,Fragile and conflict affected situations,2015,10.3775472505961,43.5534678248018,27.6089012046098,11.7629953934173,57.6932200867948,2.90882862359861,,890869511.0
FCS,Fragile and conflict affected situations,2016,10.466613487736,44.5302624176423,33.9517708258745,12.2130011590028,58.0264070642556,2.88468887519444,,910836458.0
FCS,Fragile and conflict affected situations,2017,10.5435957507763,45.5270131066182,34.6809006032895,12.7014918009592,58.2811879395165,2.87960927880219,,931222867.0
FCS,Fragile and conflict affected situations,2018,10.6226633106214,46.535393078334,34.1535773345728,13.2233788920298,57.5039867109635,2.83530923083072,,951851595.0
FCS,Fragile and conflict affected situations,2019,10.6511374676275,47.5710181630295,36.1445872128768,13.8136556929653,58.3619072174114,2.7913637469313,,973035228.0
FCS,Fragile and conflict affected situations,2020,10.6745867968367,48.6401896042009,36.5645444398028,14.4590763589327,61.665418044345,2.84997096626293,,994901090.0
FCS,Fragile and conflict affected situations,2021,10.7107709286427,49.716034688003,37.6955800630767,15.0929724206567,,2.87186418328777,,1016906998.0
FCS,Fragile and conflict affected situations,2022,10.7544534231299,50.6796378484564,35.951399205135,15.6539638587019,,2.52207848383019,,1036390026.0
FRA,France,1990,32.9989794971704,108.10095927266,100.0,,10.5,0.71580245637008,872160608.122912,58261012.0
FRA,France,1991,33.0852583727618,108.645035717599,100.0,,11.1,0.707305052886811,723578969.605766,58554242.0
FRA,France,1992,33.114203543928,109.187464514333,100.0,,11.3,0.747413320983234,766318040.153305,58846584.0
FRA,France,1993,33.4609889600148,109.663408479451,100.0,,10.9,0.719157220373858,701756340.749045,59103094.0
FRA,France,1994,33.5767696446795,110.074891919473,100.0,,11.0,0.686362291507681,743081663.119672,59324863.0
FRA,France,1995,33.7194544948511,110.476470915669,100.0,,10.7,0.696511800239884,871368582.571471,59541294.0
FRA,France,1996,33.7786436589665,110.872073476204,100.0,,10.5,0.703260200469287,894175505.206813,59754504.0
FRA,France,1997,33.8994340847945,111.268329158549,100.0,,10.0,0.709074780586955,730982096.395023,59968066.0
FRA,France,1998,33.9883106039521,111.681387883848,100.0,,9.7,0.722485979376495,631525047.152577,60190684.0
FRA,France,1999,34.053437239076,112.258996196308,100.0,,9.8,0.87941974788931,578312540.650211,60501986.0
FRA,France,2000,34.0558493366732,113.032119862696,100.0,100.0,9.3,1.13973245323091,725048688.216769,60918661.0
FRA,France,2001,34.040077929307,113.859127933946,100.0,100.0,9.4,1.24136345965381,107198210.204418,61364377.0
FRA,France,2002,34.0875776973745,114.6899378421,100.0,100.0,8.7,1.17713925018148,0.0,61812142.0
FRA,France,2003,34.0565915205492,115.50209666945,100.0,100.0,8.8,0.983212158223715,0.0,62249855.0
FRA,France,2004,34.081083588459,116.351401799796,100.0,100.0,8.9,0.759636119443505,0.0,62707588.0
FRA,France,2005,34.0988960014844,117.229527785509,100.0,100.0,8.6,0.682539514520476,0.0,63180854.0
FRA,France,2006,34.027275257445,118.048690973189,100.0,100.0,8.5,0.580552453496514,0.0,63622342.0
FRA,France,2007,33.9293069858057,118.780758883013,100.0,100.0,9.4,0.487654776464133,0.0,64016890.0
FRA,France,2008,33.8968364412283,119.445432785973,100.0,100.0,10.5,0.441951013329883,0.0,64375116.0
FRA,France,2009,33.8736431951016,120.060183690509,100.0,100.0,11.2,0.441197047500017,0.0,64706436.0
FRA,France,2010,33.9562111513127,120.653513312923,100.0,100.0,11.9,0.487458679950618,0.0,65026211.0
FRA,France,2011,33.9074125614621,121.237276185175,100.0,100.0,10.6,0.511182130966785,0.0,65340830.0
FRA,France,2012,33.9209574172001,121.825139623342,100.0,100.0,12.3,0.546812513127674,0.0,65657659.0
FRA,France,2013,33.9654884497634,122.456502458484,100.0,100.0,13.4,0.616810366986242,0.0,65997932.0
FRA,France,2014,34.0163280452732,123.039367288246,100.0,100.0,13.2,0.615029382003644,0.0,66312067.0
FRA,France,2015,34.2864829761573,123.477636144355,100.0,100.0,13.3,0.88249072680784,0.0,66548272.0
FRA,France,2016,34.0586622135634,123.803885332591,100.0,100.0,14.2,1.3368064229986,0.0,66724104.0
FRA,France,2017,34.2598886724186,124.163688653864,100.0,100.0,14.1,0.349813019619046,0.0,66918020.0
FRA,France,2018,33.6328045273216,124.609607570276,100.0,100.0,15.2,0.389849816707503,0.0,67158348.0
FRA,France,2019,33.2921152240468,125.024698023935,100.0,100.0,15.5,0.354972490012461,0.0,67382061.0
FRA,France,2020,31.5143631134614,125.431134613601,100.0,100.0,16.8,0.353572181852013,615241733.383555,67601110.0
FRA,France,2021,31.5621764542165,125.879601076167,100.0,100.0,16.2,0.388083616553456,748244629.307878,67842811.0
FRA,France,2022,31.5249188236386,126.513511457464,100.0,100.0,,0.531186532435236,,68184457.0
PYF,French Polynesia,1990,0.546448087431694,55.6765027322404,100.0,,4.3,1.64889127632495,25950.6,203776.0
PYF,French Polynesia,1991,0.546448087431694,56.7606557377049,100.0,,4.3,1.4544273271798,29796.3466666667,207744.0
PYF,French Polynesia,1992,0.546448087431694,57.8030054644809,100.0,,6.9,1.30672010545085,41299.4869805587,211559.0
PYF,French Polynesia,1993,0.546448087431694,58.8030054644809,100.0,,7.2,1.19868868273628,33854.4715305938,215219.0
PYF,French Polynesia,1994,0.683060109289617,59.7644808743169,100.0,,6.8,1.13860291016649,46039.0884739027,218738.0
PYF,French Polynesia,1995,0.683060109289617,60.6879781420765,100.0,,8.3,1.12259966663174,77377.6528568524,222118.0
PYF,French Polynesia,1996,0.683060109289617,61.6090163934426,100.0,,7.4,1.20851935234546,83299.4635877914,225489.0
PYF,French Polynesia,1997,0.683060109289617,62.6013661202186,100.0,,7.4,1.38357798936048,74210.7609454853,229121.0
PYF,French Polynesia,1998,0.683060109289617,63.6314207650273,100.0,,10.1,1.43202376281439,61220.6701449276,232891.0
PYF,French Polynesia,1999,0.683060109289617,64.6434426229508,100.0,,7.1,1.39596850229835,33327.4867078874,236595.0
PYF,French Polynesia,2000,0.720253529242293,69.241428983002,100.0,,8.8,1.41765615388299,33241.1833940556,240337.0
PYF,French Polynesia,2001,0.720253529242293,70.3246902909824,100.0,,6.7,1.4432928186967,39302.3452878706,244097.0
PYF,French Polynesia,2002,0.720253529242293,71.3843272832037,100.0,,6.2,1.44154376038995,44742.5876211782,247775.0
PYF,French Polynesia,2003,0.720253529242293,72.4969749351772,100.0,,7.2,1.66293761186874,66137.1997282641,251637.0
PYF,French Polynesia,2004,0.720253529242293,73.6542783059637,100.0,,7.7,2.19826139305998,74652.5393449022,255654.0
PYF,French Polynesia,2005,0.720253529242293,74.7643330452319,100.0,,8.0,2.51156869642063,91879.6735038255,259507.0
PYF,French Polynesia,2006,0.720253529242293,75.8349178910977,100.0,,10.1,2.70700662063639,116937.962903376,263223.0
PYF,French Polynesia,2007,0.720253529242293,76.7611639297033,100.0,,9.8,2.640795650855,166540.927224846,266438.0
PYF,French Polynesia,2008,0.720253529242293,77.320368769807,100.0,,9.3,2.17313500127757,244666.787244867,268379.0
PYF,French Polynesia,2009,0.720253529242293,77.637856525497,100.0,,9.3,1.76124309087429,222574.306243479,269481.0
PYF,French Polynesia,2010,0.720253529242293,77.9544799769519,100.0,,7.5,1.55391613275078,229434.08773925,270580.0
PYF,French Polynesia,2011,0.720253529242293,78.2849322961683,100.0,,6.9,1.26021994270639,276682.683975055,271727.0
PYF,French Polynesia,2012,0.720253529242293,78.675885911841,100.0,,6.6,0.916551763792345,250822.549756244,273084.0
PYF,French Polynesia,2013,0.720253529242293,79.1495246326707,100.0,,6.5,0.73704798323897,237496.554926604,274728.0
PYF,French Polynesia,2014,0.720253529242293,79.6274848746759,100.0,,7.4,0.714646161454515,329581.822586915,276387.0
PYF,French Polynesia,2015,0.720253529242293,80.0535868625756,100.0,,7.8,0.62275622356434,255857.568187601,277866.0
PYF,French Polynesia,2016,0.720253529242293,80.431575914722,100.0,,8.1,0.53138424147762,280342.826575817,279178.0
PYF,French Polynesia,2017,0.720253529242293,80.6934600979545,100.0,,8.1,0.349612252170775,341314.791964167,280087.0
PYF,French Polynesia,2018,0.720253529242293,80.6150965139729,100.0,,7.7,-0.0988556527945417,218730.529154744,279815.0
PYF,French Polynesia,2019,0.720253529242293,80.3900893114376,100.0,,7.7,-0.289613510740725,200794.901303957,279034.0
PYF,French Polynesia,2020,0.720253529242293,80.4405070584846,100.0,,8.2,0.0382770684439434,231649.179589536,279209.0
PYF,French Polynesia,2021,0.720253529242293,80.6084701815039,100.0,,7.4,0.164540424835211,216159.603898934,279792.0
PYF,French Polynesia,2022,0.720253529242293,80.7772976087583,100.0,,7.0,0.130165791722251,,280378.0
GAB,Gabon,1990,1.20697015562541,3.81780572049521,,,78.3,4.85282812296087,141685442.317424,983734.0
GAB,Gabon,1991,1.21473202157799,3.92291690922498,,,75.2,4.70451128424489,104059884.539761,1010818.0
GAB,Gabon,1992,1.22249388753056,4.02988318391741,,,74.8,4.48064808864373,122423163.211532,1038380.0
GAB,Gabon,1993,1.23025575348314,4.13864633057787,,,73.8,4.17953439410007,155960322.509443,1066405.0
GAB,Gabon,1994,1.23801761943571,4.24853494780145,,,72.9,3.95163291816142,178124188.503536,1094720.0
GAB,Gabon,1995,1.26130321729344,4.35911437109481,,,72.0,3.86457796215502,222131816.413681,1123213.0
GAB,Gabon,1996,1.26130321729344,4.47089300267784,,,71.5,3.79440727096126,210693333.443911,1152015.0
GAB,Gabon,1997,1.26130321729344,4.58508557457213,,,70.0,3.7487558343936,211064359.654395,1181439.0
GAB,Gabon,1998,1.26130321729344,4.70266620095471,,,69.7,3.71984590291468,208781784.400939,1211736.0
GAB,Gabon,1999,1.26130321729344,4.82406178445298,,,71.3,3.6945372922207,185187297.955835,1243016.0
GAB,Gabon,2000,1.26130321729344,4.950409438429,11.6,14.9,72.8,3.68672052311394,203037685.571091,1275572.0
GAB,Gabon,2001,1.26130321729344,5.08242713548337,21.5,16.2,72.4,3.68590108832774,193851491.18316,1309589.0
GAB,Gabon,2002,1.26130321729344,5.22037877905849,21.0,17.3,79.8,3.68216731979442,237297122.843893,1345135.0
GAB,Gabon,2003,1.26130321729344,5.36480769977103,20.6,18.6,83.6,3.68062756666185,307528618.376823,1382350.0
GAB,Gabon,2004,1.26130321729344,5.5171692474871,20.1,19.9,85.8,3.69697761444143,177299652.821715,1421609.0
GAB,Gabon,2005,1.26130321729344,5.67972600613187,27.1,21.6,85.2,3.74287236479107,277057151.733931,1463495.0
GAB,Gabon,2006,1.26130321729344,5.85375480265456,19.2,23.05,86.2,3.79715262363783,375880008.306192,1508337.0
GAB,Gabon,2007,1.26130321729344,6.03965149221873,18.7,24.8,87.3,3.84292372184483,393016524.471857,1556237.0
GAB,Gabon,2008,1.26130321729344,6.23733845616486,18.3,26.2,87.3,3.8725163276972,588072822.07248,1607175.0
GAB,Gabon,2009,1.26130321729344,6.44838747234835,17.9,28.1,87.9,3.91184632654159,364774683.878723,1661556.0
GAB,Gabon,2010,1.26130321729344,6.67473512632437,50.0,29.8,85.8,3.96411803855293,285322076.332257,1719879.0
GAB,Gabon,2011,1.26130321729344,6.91576434974968,42.4,31.6,79.7,3.98884571113285,275105240.619238,1781985.0
GAB,Gabon,2012,1.26130321729344,7.16765242364264,32.3,33.9,75.5,3.94337917922585,350734806.638335,1846889.0
GAB,Gabon,2013,1.26130321729344,7.42445375868359,32.8,35.4,82.2,3.82387320744059,399426712.559696,1913059.0
GAB,Gabon,2014,1.26130321729344,7.67803391935421,19.8,37.1,81.3,3.90240948445026,408771553.654874,1978399.0
GAB,Gabon,2015,1.26130321729344,7.92094151434005,18.1,39.2,81.9,3.64019457322204,321461225.419602,2040989.0
GAB,Gabon,2016,1.26130321729344,8.15114681569449,18.9,40.5,81.5,3.38491347068966,334963861.600544,2100306.0
GAB,Gabon,2017,1.26130321729344,8.37078433655451,,42.4,90.2,3.17301804411434,457959883.38861,2156900.0
GAB,Gabon,2018,1.26130321729344,8.58585788023441,21.3,44.0,90.3,3.04460748782722,434925121.242864,2212318.0
GAB,Gabon,2019,1.26130321729344,8.80081499592502,22.8,45.5,90.2,2.97367662206361,378629513.092132,2267706.0
GAB,Gabon,2020,1.26130321729344,9.01361819381379,24.7,47.0,91.3,2.88284063261207,505491292.568426,2322539.0
GAB,Gabon,2021,1.26130321729344,9.22389878526798,26.8,48.5,91.3,2.79209294085073,534893958.341343,2376722.0
GAB,Gabon,2022,1.26130321729344,9.43356618931191,29.0,49.9,,2.72689148305465,,2430747.0
GMB,"Gambia, The",1990,18.4782608695652,104.218972332016,,,62.0,5.77277724356186,13806840.6388485,1054696.0
GMB,"Gambia, The",1991,19.3675889328063,108.691600790514,,,62.3,5.92334832448974,14564815.1030056,1099959.0
GMB,"Gambia, The",1992,16.0079051383399,113.199802371542,,,63.5,6.00099693925851,16514358.6831443,1145582.0
GMB,"Gambia, The",1993,15.9090909090909,117.427371541502,2.62274541955752,,63.3,5.90413029756986,16262734.2688772,1188365.0
GMB,"Gambia, The",1994,17.7865612648221,121.267391304348,1.86518880500333,,61.6,5.9232315806758,17708355.1641016,1227226.0
GMB,"Gambia, The",1995,18.2806324110672,124.932114624506,3.01920422809117,,60.1,6.13592802926689,23870570.4288973,1264313.0
GMB,"Gambia, The",1996,18.7747035573123,128.597826086957,4.16136700862084,,59.6,6.32413179433956,22881939.2546984,1301410.0
GMB,"Gambia, The",1997,20.2569169960474,132.30128458498,5.29642095876161,,58.7,6.39438423395608,20967816.879117,1338889.0
GMB,"Gambia, The",1998,21.2450592885375,136.065909090909,6.42344523654364,,57.5,6.35233173764488,21401118.3359561,1376987.0
GMB,"Gambia, The",1999,22.2332015810277,139.899110671937,7.54491064269973,,56.3,6.20129342990779,16305415.3657377,1415779.0
GMB,"Gambia, The",2000,23.1225296442688,143.783003952569,18.8,1.7,62.9,5.93833206679698,17661361.870844,1455084.0
GMB,"Gambia, The",2001,24.1106719367589,147.728359683794,9.8,1.6,59.6,5.59638192378176,17113471.17284,1495011.0
GMB,"Gambia, The",2002,25.098814229249,151.748122529644,10.8,1.5,61.0,5.18458335055058,20513364.4398013,1535691.0
GMB,"Gambia, The",2003,26.0869565217391,155.890415019763,1.0,1.4,62.4,4.74538191147206,29820708.3924502,1577611.0
GMB,"Gambia, The",2004,26.9762845849802,160.208695652174,13.0,1.3,61.2,4.50545567586714,24526480.6401994,1621312.0
GMB,"Gambia, The",2005,27.9644268774704,164.726976284585,4.5,1.1,61.7,4.42192130885832,27047332.4360656,1667037.0
GMB,"Gambia, The",2006,28.9525691699605,169.493577075099,15.3,1.05,60.2,4.3729164405186,28773204.0364391,1715275.0
GMB,"Gambia, The",2007,29.9407114624506,174.483596837945,16.5,1.0,57.3,4.31968545029437,38914955.9214903,1765774.0
GMB,"Gambia, The",2008,36.7588932806324,179.629644268775,17.7,0.8,56.3,4.23959711655364,49740492.6054882,1817852.0
GMB,"Gambia, The",2009,42.2924901185771,184.923122529644,18.8,0.8,53.9,4.16780997680637,47818356.9919197,1871422.0
GMB,"Gambia, The",2010,44.4664031620553,190.378458498024,24.3,0.7,56.6,4.11646916286062,46766764.4808504,1926630.0
GMB,"Gambia, The",2011,44.4664031620553,196.026086956522,25.1,0.7,56.2,4.09237754154315,62977241.4546458,1983784.0
GMB,"Gambia, The",2012,44.4664031620553,201.886758893281,25.9,0.6,57.0,4.0881910676081,81804807.2898808,2043094.0
GMB,"Gambia, The",2013,44.4664031620553,207.887351778656,30.3,0.5,59.3,4.05584162947176,81252599.2656671,2103820.0
GMB,"Gambia, The",2014,44.4664031620553,213.886166007905,27.8,0.5,53.2,3.94929615721524,64434990.7953434,2164528.0
GMB,"Gambia, The",2015,44.4664031620553,219.815118577075,28.9,0.4,49.0,3.80621520749896,76611222.7786231,2224529.0
GMB,"Gambia, The",2016,44.4664031620553,225.668873517787,30.0,0.4,48.6,3.66824797174221,97404146.5326003,2283769.0
GMB,"Gambia, The",2017,43.4782608695652,231.441600790514,20.5,0.3,48.0,3.53384623156014,97717358.370341,2342189.0
GMB,"Gambia, The",2018,43.4782608695652,237.117786561265,,0.3,48.1,3.39854485527017,45484418.0970303,2399632.0
GMB,"Gambia, The",2019,43.4782608695652,242.771146245059,,0.2,47.4,3.29937642644388,51033301.8360856,2456844.0
GMB,"Gambia, The",2020,43.4782608695652,248.590217391304,31.0,0.2,49.8,3.27894394266836,54988344.7700358,2515733.0
GMB,"Gambia, The",2021,43.4782608695652,254.546442687747,31.2,0.2,48.6,3.24506862655307,58232091.5495608,2576010.0
GMB,"Gambia, The",2022,43.4782608695652,260.520750988142,31.2,0.2,47.7,3.16392403773565,,2636470.0
GEO,Georgia,1990,,,,,12.8,-0.359516247252277,,4802000.0
GEO,Georgia,1991,,,,,14.1,0.277705718949507,,4835900.0
GEO,Georgia,1992,11.4404950352569,85.2636551313902,,,18.5,0.276823969783521,,4873500.0
GEO,Georgia,1993,11.4404950352569,85.921480807586,,,26.0,0.219709476193684,,4911100.0
GEO,Georgia,1994,11.4404950352569,84.6089086392106,,,22.7,-2.11832094110689,,4836076.0
GEO,Georgia,1995,11.0951216002302,81.4885405367578,,,46.4,-4.34505840921651,,4657722.0
GEO,Georgia,1996,11.239027198158,78.5839077644424,,,42.8,-4.20327497025553,,4491699.0
GEO,Georgia,1997,11.2965894373291,76.1033101228174,,,44.4,-3.74506301849126,,4349913.0
GEO,Georgia,1998,11.3973233558785,74.2434479862836,,,47.5,-2.95254110134861,3073220.1880035,4243607.0
GEO,Georgia,1999,11.368542236293,72.7315861296756,,,49.7,-2.45309404061287,3488087.96470106,4157192.0
GEO,Georgia,2000,11.4117139156713,71.3308898141992,99.7,7.6,47.2,-2.23409715868154,3598219.39059342,4077131.0
GEO,Georgia,2001,11.4404950352569,70.232915777319,99.7,8.8,53.1,-1.71095784573147,2260202.58097896,4014373.0
GEO,Georgia,2002,11.498057274428,69.6055670247384,99.8,10.5,56.8,-0.89163710147,3125366.32807303,3978515.0
GEO,Georgia,2003,11.5412289538063,69.13705867945,100.0,12.0,55.3,-0.481531560425149,4685047.13077152,3951736.0
GEO,Georgia,2004,6.50453302633472,68.7102417859267,99.9,14.4,54.5,-0.233740720913795,6293002.21846632,3927340.0
GEO,Georgia,2005,6.76356310260469,68.2751145946324,97.5,16.7,41.5,-0.093649480440604,7612124.57070404,3902469.0
GEO,Georgia,2006,6.64843862426248,67.8880821582281,100.0,19.6,37.2,0.100507863053146,9189895.18919706,3880347.0
GEO,Georgia,2007,6.66282918405526,67.5348682599111,100.0,22.6,36.2,0.24601089066305,13814581.2981694,3860158.0
GEO,Georgia,2008,6.60526694488416,67.3300150460128,100.0,26.1,36.3,0.534550575733225,15416676.935083,3848449.0
GEO,Georgia,2009,6.23111239027198,66.7346478183281,100.0,30.05,36.7,-0.00666128173370245,15698903.2703034,3814419.0
GEO,Georgia,2010,5.6842711181465,66.2496063543161,100.0,34.5,39.1,0.168743438026874,13298353.9998634,3786695.0
GEO,Georgia,2011,5.43099726579364,65.7203016200707,100.0,39.1,31.5,0.0869898161046183,18287688.9483582,3756441.0
GEO,Georgia,2012,5.3245071233271,65.238006928164,100.0,44.1,28.7,0.118860917594664,7217178.03553904,3728874.0
GEO,Georgia,2013,5.98215570585696,65.0419538822212,100.0,49.1,32.4,0.496747640686589,11132443.0802549,3717668.0
GEO,Georgia,2014,5.25255432436322,65.0725007872914,100.0,54.0,30.7,0.760706839565619,10796246.5992464,3719414.0
GEO,Georgia,2015,5.29140883580371,65.1750586094685,100.0,59.2,27.5,0.780931087233035,11733970.0615714,3725276.0
GEO,Georgia,2016,4.95035256871492,65.2140557752196,100.0,64.2,27.2,0.612507275450642,9377976.11613136,3727505.0
GEO,Georgia,2017,4.6625413728594,65.2227859617201,100.0,68.1,27.5,0.534161139190591,12233731.8098722,3728004.0
GEO,Georgia,2018,4.47546409555332,65.197330207495,100.0,72.4,27.4,0.483974231568531,12160514.9975584,3726549.0
GEO,Georgia,2019,4.41790185638221,65.0855698239966,100.0,76.0,24.7,0.387058789566444,12527694.7093036,3720161.0
GEO,Georgia,2020,4.46107353576054,65.1302704783232,100.0,79.6,23.4,0.695420497520256,11584550.9849278,3722716.0
GEO,Georgia,2021,4.48985465534609,64.8834808775675,100.0,82.2,25.2,0.347062072724148,10105632.8809571,3708610.0
GEO,Georgia,2022,4.5474168945172,64.9515728331992,100.0,85.0,,1.07743104843561,,3712502.0
DEU,Germany,1990,34.2880875318649,227.517053819494,100.0,,2.1,0.870122875972615,0.0,79433029.0
DEU,Germany,1991,33.1080113424799,229.18080944061,100.0,,2.0,0.736568186159655,0.0,80013896.0
DEU,Germany,1992,32.8444991836852,230.930020336264,100.0,,2.1,0.768299970727089,0.0,80624598.0
DEU,Germany,1993,33.4440879926673,232.459793194317,100.0,,2.1,0.665516752103111,0.0,81156363.0
DEU,Germany,1994,33.8145570164132,233.274177193435,100.0,,2.3,0.355336538883968,0.0,81438348.0
DEU,Germany,1995,33.9014608994557,233.967490690347,100.0,,2.3,0.302921742580753,0.0,81678051.0
DEU,Germany,1996,33.9024320375834,234.652470709559,100.0,,2.2,0.299211723139606,0.0,81914831.0
DEU,Germany,1997,33.8977223893425,235.022979515829,100.0,,2.8,0.156950064448155,0.0,82034771.0
DEU,Germany,1998,34.0352988367429,235.078777720474,100.0,,3.0,0.0268647871857512,0.0,82047195.0
DEU,Germany,1999,33.8758668118517,235.257731102069,100.0,,3.3,0.077620243489463,0.0,82100243.0
DEU,Germany,2000,33.8271958733343,235.596813297034,100.0,100.0,3.7,0.149864704609412,0.0,82211508.0
DEU,Germany,2001,33.8578389223273,236.027300085985,100.0,100.0,3.9,0.184285905856991,0.0,82349925.0
DEU,Germany,2002,33.7986584876455,236.451570830706,100.0,100.0,4.4,0.185998657156482,0.0,82488495.0
DEU,Germany,2003,33.9067113901551,236.616427281328,100.0,100.0,5.4,0.0752240772473077,0.0,82534176.0
DEU,Germany,2004,34.1141726639333,236.592195429653,100.0,100.0,6.3,0.000322040367940688,0.0,82516260.0
DEU,Germany,2005,34.1323546278243,236.464680582636,100.0,100.0,7.3,-0.0323936858765878,0.0,82469422.0
DEU,Germany,2006,34.0272998394127,236.225197866483,100.0,100.0,8.6,-0.0858814875318384,0.0,82376451.0
DEU,Germany,2007,34.0637278802306,235.943361918146,100.0,100.0,10.5,-0.104091683009841,0.0,82266372.0
DEU,Germany,2008,34.2253965522187,235.522178240542,100.0,100.0,10.2,-0.157623396232742,0.0,82110097.0
DEU,Germany,2009,34.2646510427125,234.939637417171,100.0,100.0,10.7,-0.217793429062725,0.0,81902307.0
DEU,Germany,2010,33.9845655105144,234.606908225034,100.0,100.0,11.6,-0.114360105650343,0.0,81776930.0
DEU,Germany,2011,34.0687399586872,230.304633348634,100.0,100.0,12.5,-1.81029751623121,0.0,80274983.0
DEU,Germany,2012,33.9530613415964,230.750625466231,100.0,100.0,13.6,0.253515268002969,0.0,80425823.0
DEU,Germany,2013,34.0403577161202,231.155712565925,100.0,100.0,13.6,0.372093511446876,0.0,80645605.0
DEU,Germany,2014,34.018343364861,232.108053883634,100.0,100.0,14.0,0.544178034998626,0.0,80982500.0
DEU,Germany,2015,33.9563148540962,234.152986871524,100.0,100.0,14.6,1.01662328817406,0.0,81686611.0
DEU,Germany,2016,33.6701396839936,235.712929356538,100.0,100.0,14.2,0.977276415779668,0.0,82348669.0
DEU,Germany,2017,33.694936600166,236.588722557747,100.0,100.0,15.2,0.558459225538694,0.0,82657002.0
DEU,Germany,2018,33.5766214437003,237.294012250272,100.0,100.0,16.0,0.495496093754333,0.0,82905782.0
DEU,Germany,2019,33.5270042073328,237.822954291766,100.0,100.0,17.1,0.426317421770722,0.0,83092962.0
DEU,Germany,2020,33.3838976501903,238.017318755545,100.0,100.0,18.5,0.283943245187797,0.0,83160871.0
DEU,Germany,2021,33.3667248633332,238.118085806692,100.0,100.0,17.6,0.241688772523701,0.0,83196078.0
DEU,Germany,2022,33.3667277307076,238.086252003664,100.0,100.0,,0.166757466008231,,83177813.0
GHA,Ghana,1990,11.8660455304562,67.6568867012393,,,80.6,4.71104798738767,357746051.569863,15394648.0
GHA,Ghana,1991,12.3055286982509,69.3833875362574,,,82.9,4.74279438554075,306168351.155555,15787496.0
GHA,Ghana,1992,12.3055286982509,71.1297134569746,,,81.0,4.74049541766623,380889878.138793,16184855.0
GHA,Ghana,1993,12.3055286982509,72.9081436230992,2.88737399274898,,81.3,4.72685747308311,414434598.65954,16589519.0
GHA,Ghana,1994,12.3055286982509,74.6822097213677,1.58188327755997,,80.6,4.63744056131974,521402174.094611,16993190.0
GHA,Ghana,1995,13.1844950338402,76.4657510767338,3.69449260642638,,79.8,4.54494931710276,735646514.417643,17399017.0
GHA,Ghana,1996,14.0634613694296,78.272747648765,5.84076189699466,,78.8,4.44981867444897,746461108.160249,17810181.0
GHA,Ghana,1997,15.8213940406082,80.15715039114,8.02875403552628,,78.3,4.40201890285924,716581636.278775,18238958.0
GHA,Ghana,1998,16.0334732354751,82.130772611409,13.2811809712728,,73.6,4.34552591148078,762760471.307784,18688036.0
GHA,Ghana,1999,16.2455524303419,84.1604289355718,12.5339851120814,,72.8,4.22693148439286,483676079.061968,19149864.0
GHA,Ghana,2000,16.4576320646919,86.301692010196,14.9,1.2,71.6,4.16366738975373,485090653.832283,19637087.0
GHA,Ghana,2001,16.6697112595588,88.6308736925376,17.4,1.3,69.3,4.25195889895073,499240404.066638,20167069.0
GHA,Ghana,2002,16.8817904544256,91.1021710468489,19.8,1.5,65.7,4.32238727993582,607818385.045604,20729388.0
GHA,Ghana,2003,17.0938696492924,93.5954337698866,24.0,1.7,64.5,4.24554562899423,1060612193.19826,21296705.0
GHA,Ghana,2004,17.3059492836424,96.1074887931792,24.7,1.9,62.4,4.16220125880549,961904488.10428,21868298.0
GHA,Ghana,2005,17.5180284785093,98.6615012745012,7.9,2.2,61.4,4.09957808175436,1006110336.15298,22449438.0
GHA,Ghana,2006,17.7301076733761,101.260007031731,31.4,2.5,58.6,4.03506914596971,1023609897.37298,23040702.0
GHA,Ghana,2007,17.9421868682429,103.903836688055,32.4,2.8,54.5,3.96704905987592,1551693219.01965,23642279.0
GHA,Ghana,2008,18.1542660631098,106.574430869298,36.8,3.1,57.3,3.87751383533853,1885836288.06526,24249946.0
GHA,Ghana,2009,18.3663456974598,109.267223345346,37.9,3.4,51.9,3.78119286883322,1981852465.71258,24862664.0
GHA,Ghana,2010,18.5784248923266,111.958315021535,55.4,3.8,51.9,3.65984926569384,1859208223.65828,25474995.0
GHA,Ghana,2011,18.7905040871935,114.683519381208,42.0,4.3,50.1,3.58216104729888,2164352548.32365,26095088.0
GHA,Ghana,2012,19.0025832820603,117.492607893118,23.6,4.9,46.5,3.56158178744475,2568187135.51518,26734268.0
GHA,Ghana,2013,19.2146624769271,120.357708534763,50.8,5.3,46.2,3.5178842180058,2777666372.8504,27386193.0
GHA,Ghana,2014,19.4267421112771,123.238076821658,64.0,6.0,47.7,3.44066234134795,3104077791.80368,28041592.0
GHA,Ghana,2015,19.638821306144,126.114388678914,57.0,6.6,44.0,3.34998307543356,3374316753.89214,28696068.0
GHA,Ghana,2016,19.8509005010108,129.017939702909,66.6,7.4,45.2,3.28635493979485,3582931466.99405,29356742.0
GHA,Ghana,2017,20.0629796958777,131.88166476224,65.3,8.0,45.3,3.17287473958836,3568992544.90479,30008354.0
GHA,Ghana,2018,20.2750593302277,134.647029093786,68.3,8.8,42.1,3.0201335835211,2563125498.47518,30637585.0
GHA,Ghana,2019,20.487768807162,137.382028101418,70.0,9.8,42.6,2.92026302698363,2379294306.06566,31258945.0
GHA,Ghana,2020,20.7001274557201,140.147712389575,73.1,10.7,40.0,2.87180548038571,2660176337.11009,31887809.0
GHA,Ghana,2021,20.6998545265961,142.918455784436,74.0,11.7,39.0,2.80589068483195,2914483928.51617,32518665.0
GHA,Ghana,2022,20.6998545265961,145.689425270181,71.6,12.8,,2.89506963103738,,33149152.0
GIB,Gibraltar,1990,,2720.0,100.0,,0.0,-1.2567752734271,,27200.0
GIB,Gibraltar,1991,,2689.8,100.0,,0.0,-1.11650389005942,,26898.0
GIB,Gibraltar,1992,,2687.8,100.0,,0.0,-0.0743826276485017,,26878.0
GIB,Gibraltar,1993,,2707.0,100.0,,0.0,0.711799550133746,,27070.0
GIB,Gibraltar,1994,,2723.9,100.0,,0.0,0.622366626171663,,27239.0
GIB,Gibraltar,1995,,2737.7,100.0,,0.0,0.505347494076379,,27377.0
GIB,Gibraltar,1996,,2748.7,100.0,,0.0,0.400992080034465,,27487.0
GIB,Gibraltar,1997,,2758.2,100.0,,0.0,0.345022042311084,,27582.0
GIB,Gibraltar,1998,,2765.0,100.0,,0.0,0.246234191619789,,27650.0
GIB,Gibraltar,1999,,2769.2,100.0,,0.0,0.151783484743528,,27692.0
GIB,Gibraltar,2000,,2770.9,,,0.0,0.0613707353064771,,27709.0
GIB,Gibraltar,2001,,2765.7,,,0.0,-0.187840968427667,,27657.0
GIB,Gibraltar,2002,,2783.1,,,0.0,0.627164685467723,,27831.0
GIB,Gibraltar,2003,,2827.4,,,0.0,1.57921471055966,,28274.0
GIB,Gibraltar,2004,,2871.5,,,0.0,1.54769798714191,,28715.0
GIB,Gibraltar,2005,,2916.3,,,0.0,1.54811481907819,,29163.0
GIB,Gibraltar,2006,,2959.4,,,0.0,1.46708555733008,,29594.0
GIB,Gibraltar,2007,,3000.6,,,0.0,1.38257235844791,,30006.0
GIB,Gibraltar,2008,,3041.3,,,0.0,1.34727869179767,,30413.0
GIB,Gibraltar,2009,,3082.3,100.0,,0.0,1.33910159620069,,30823.0
GIB,Gibraltar,2010,,3124.8,100.0,,0.0,1.3694209589518,,31248.0
GIB,Gibraltar,2011,,3166.0,,,0.0,1.30986803185429,,31660.0
GIB,Gibraltar,2012,,3202.9,,,0.0,1.15876879502585,,32029.0
GIB,Gibraltar,2013,,3240.7,,,0.0,1.17327064425683,,32407.0
GIB,Gibraltar,2014,,3281.3,,,0.0,1.24503294852891,,32813.0
GIB,Gibraltar,2015,,3319.3,100.0,,0.0,1.1514231987378,,33193.0
GIB,Gibraltar,2016,,3365.8,100.0,,0.0,1.39117589725216,,33658.0
GIB,Gibraltar,2017,,3424.5,100.0,,0.0,1.72897993589869,,34245.0
GIB,Gibraltar,2018,,3485.4,100.0,,0.0,1.76273395885819,,34854.0
GIB,Gibraltar,2019,,3549.4,100.0,,0.0,1.81957598739227,,35494.0
GIB,Gibraltar,2020,,3617.3,100.0,,0.0,1.89493160765265,,36173.0
GIB,Gibraltar,2021,,3685.8,100.0,,0.0,1.87597072209458,,36858.0
GIB,Gibraltar,2022,,3760.9,100.0,,,2.01706920456894,,37609.0
GRC,Greece,1990,22.4903025601241,79.1062218774244,100.0,,7.8,1.26733711845102,32042219.4698456,10196792.0
GRC,Greece,1991,22.2420480993018,80.0614972847168,100.0,,8.3,1.40262089631445,28168396.8291112,10319927.0
GRC,Greece,1992,22.2187742435997,80.6754150504267,100.0,,7.9,0.946526134429133,23389398.4813219,10399061.0
GRC,Greece,1993,22.0248254460822,81.1513964313421,100.0,,8.0,0.746064567992039,21140650.0651293,10460415.0
GRC,Greece,1994,22.0015515903801,81.5587432117921,100.0,,8.0,0.642792961728505,21370782.7248834,10512922.0
GRC,Greece,1995,21.8851823118697,81.9406749418154,100.0,,8.3,0.601037981853855,23691785.9960964,10562153.0
GRC,Greece,1996,21.799844840962,82.3025601241272,100.0,,8.2,0.573734100918294,27322659.7910847,10608800.0
GRC,Greece,1997,21.6369278510473,82.709534522886,100.0,,8.0,0.632938799947447,18162714.6864909,10661259.0
GRC,Greece,1998,21.5981380915438,83.1691931730023,100.0,,7.6,0.707860699062604,13907442.0410655,10720509.0
GRC,Greece,1999,21.4274631497285,83.4887354538402,100.0,,8.0,0.55841294010973,18620478.8376951,10761698.0
GRC,Greece,2000,21.2645461598138,83.83093871218,100.0,100.0,7.8,0.612510435497636,17422180.4251618,10805808.0
GRC,Greece,2001,21.1016291698991,84.2678975950349,100.0,100.0,7.1,0.767868983053819,15385880.995637,10862132.0
GRC,Greece,2002,21.0783553141971,84.5773622963538,100.0,100.0,7.3,0.711422669577151,15162601.704239,10902022.0
GRC,Greece,2003,21.0395655546936,84.7794414274632,100.0,100.0,7.6,0.695282157823037,21253454.6143944,10928070.0
GRC,Greece,2004,20.3956555469356,84.9894569433669,100.0,100.0,7.8,0.78319445433736,17224101.6044847,10955141.0
GRC,Greece,2005,20.4732350659426,85.2390535298681,100.0,100.0,8.0,0.880699197949606,17567811.8964914,10987314.0
GRC,Greece,2006,20.0465477114042,85.4954383242824,100.0,100.0,8.5,0.912524478746775,20308049.6249571,11020362.0
GRC,Greece,2007,19.9146625290923,85.7135221101629,100.0,100.0,8.1,0.865319236024093,28469748.6836188,11048473.0
GRC,Greece,2008,19.8293250581846,85.9413576415826,100.0,100.0,8.3,0.848691775715674,31860207.315387,11077841.0
GRC,Greece,2009,19.7595034910784,86.1677036462374,100.0,100.0,9.2,0.793806993726538,20470880.8844813,11107017.0
GRC,Greece,2010,19.9146625290923,86.278828549263,100.0,100.0,11.4,0.582551762085436,20747252.8234044,11121341.0
GRC,Greece,2011,19.7982932505818,86.1512723041117,100.0,100.0,11.4,0.207753187521547,22495321.8267461,11104899.0
GRC,Greece,2012,19.7051978277735,85.6866640806827,100.0,100.0,14.2,-0.237536467568573,26028743.5728628,11045011.0
GRC,Greece,2013,19.4724592707525,85.067579519007,100.0,100.0,16.6,-0.429965071644918,30165922.935872,10965211.0
GRC,Greece,2014,17.2536850271528,84.5028161365399,100.0,100.0,16.4,-0.383931453629587,30191477.8921723,10892413.0
GRC,Greece,2015,16.8425135764158,83.947889837083,100.0,100.0,17.5,-0.392265730870757,24159906.1700255,10820883.0
GRC,Greece,2016,16.6020170674942,83.5994647013189,100.0,100.0,16.4,-0.16743286836985,24082752.531689,10775971.0
GRC,Greece,2017,16.6244173778123,83.4342823894492,100.0,100.0,16.4,0.0300160756605159,28138353.2566317,10754679.0
GRC,Greece,2018,16.61206128782,83.2651823118697,100.0,100.0,17.9,0.00173096267851863,27680303.2717587,10732882.0
GRC,Greece,2019,16.5113157486424,83.1775174553918,100.0,100.0,18.5,0.0735441955521784,19615899.4117248,10721582.0
GRC,Greece,2020,13.9927090768037,82.999216446858,100.0,100.0,20.1,-0.0639468495690935,17125276.6153085,10698599.0
GRC,Greece,2021,14.0607439875873,81.9953995345229,100.0,100.0,21.5,-1.11238421055086,18428624.9868798,10569207.0
GRC,Greece,2022,14.4387362296354,80.968828549263,100.0,100.0,,-1.05378341576932,,10436882.0
GRL,Greenland,1990,,0.162715832601697,100.0,,0.5,0.835596551145938,,55600.0
GRL,Greenland,1991,,0.162423178226514,100.0,,0.5,0.0719408317711618,,55500.0
GRL,Greenland,1992,,0.161837869476149,100.0,,0.6,-0.206969545884756,,55300.0
GRL,Greenland,1993,,0.161545215100966,100.0,,5.3,0.0292716978548841,,55200.0
GRL,Greenland,1994,,0.162423178226514,100.0,,11.2,0.947810678277093,,55500.0
GRL,Greenland,1995,,0.163301141352063,100.0,,10.7,0.863768401796456,,55800.0
GRL,Greenland,1996,,0.163593795727246,100.0,,10.5,0.189958752149041,,55900.0
GRL,Greenland,1997,,0.136435619442076,100.0,,9.2,0.187396022519995,,56000.0
GRL,Greenland,1998,,0.136679254476794,100.0,,9.3,0.235400344102805,,56100.0
GRL,Greenland,1999,,0.136679254476794,100.0,,9.4,0.0571164972360588,,56100.0
GRL,Greenland,2000,,0.136886344256304,100.0,,9.2,0.503845618886669,,56185.0
GRL,Greenland,2001,,0.137358996223657,100.0,,8.7,0.759715007220731,,56379.0
GRL,Greenland,2002,,0.137885247898648,100.0,,9.5,0.730308764250339,,56595.0
GRL,Greenland,2003,,0.138265318552808,100.0,,9.5,0.607395761245821,,56751.0
GRL,Greenland,2004,,0.138623462053843,100.0,,6.7,0.518616906554916,,56898.0
GRL,Greenland,2005,,0.138713607016689,100.0,,7.0,0.219016216066037,,56935.0
GRL,Greenland,2006,,0.13832379096114,100.0,,7.1,-0.0935016430906643,,56775.0
GRL,Greenland,2007,,0.137787793884761,100.0,,6.9,0.0425115850469923,,56555.0
GRL,Greenland,2008,,0.137234742355951,100.0,,6.9,0.0998311449855134,,56328.0
GRL,Greenland,2009,,0.137222560604215,100.0,,8.8,0.269259064653142,,56323.0
GRL,Greenland,2010,,0.13773663052747,100.0,,10.1,0.876939723310327,,56534.0
GRL,Greenland,2011,,0.138603971251066,100.0,,10.2,0.923398459573192,,56890.0
GRL,Greenland,2012,,0.138409063223292,100.0,,10.1,0.282415670722414,,56810.0
GRL,Greenland,2013,,0.137612376659764,100.0,,11.2,-0.00622116232249979,,56483.0
GRL,Greenland,2014,,0.137154342794494,100.0,,12.5,0.0228090366244538,,56295.0
GRL,Greenland,2015,,0.136713363381654,100.0,,13.1,0.107754165177619,,56114.0
GRL,Greenland,2016,,0.136888780606651,100.0,,12.4,0.337017407615888,,56186.0
GRL,Greenland,2017,,0.136854671701791,100.0,,11.3,0.16705340311857,,56172.0
GRL,Greenland,2018,,0.136491655500061,100.0,,11.4,0.11944726176664,,56023.0
GRL,Greenland,2019,,0.136983798270191,100.0,,10.9,0.701440618276006,,56225.0
GRL,Greenland,2020,,0.137329760019491,100.0,,11.8,0.552346834179881,,56367.0
GRL,Greenland,2021,,0.138026556218784,100.0,,11.6,0.805704994224028,,56653.0
GRL,Greenland,2022,,0.138046047021562,100.0,,11.7,0.310021587441103,,56661.0
GRD,Grenada,1990,5.88235294117647,293.991176470588,,,8.3,1.03562354981114,,99957.0
GRD,Grenada,1991,5.88235294117647,296.45,,,8.1,1.07242828294156,,100793.0
GRD,Grenada,1992,5.88235294117647,298.829411764706,,,7.7,1.23680130114978,,101602.0
GRD,Grenada,1993,5.88235294117647,301.123529411765,,,8.1,1.45848023999729,,102382.0
GRD,Grenada,1994,5.88235294117647,303.347058823529,,,7.4,1.60511578788555,,103138.0
GRD,Grenada,1995,2.94117647058824,305.497058823529,,,7.4,1.67470385521975,,103869.0
GRD,Grenada,1996,2.94117647058824,307.6,,,6.2,1.68554977900964,,104584.0
GRD,Grenada,1997,2.94117647058824,309.685294117647,,,8.3,1.63061145826891,,105293.0
GRD,Grenada,1998,2.94117647058824,311.791176470588,,,10.2,1.52736088131139,,106009.0
GRD,Grenada,1999,2.94117647058824,313.902941176471,,,10.3,1.34971212075754,,106727.0
GRD,Grenada,2000,2.94117647058824,316.032352941176,,92.4,10.5,1.11403596747531,,107451.0
GRD,Grenada,2001,5.88235294117647,317.608823529412,,92.8,10.4,0.636220011870998,,107987.0
GRD,Grenada,2002,5.88235294117647,318.835294117647,,92.7,10.5,0.385961780074285,,108404.0
GRD,Grenada,2003,5.88235294117647,320.247058823529,,92.9,10.4,0.440743826860356,,108884.0
GRD,Grenada,2004,5.88235294117647,321.538235294118,,92.9,10.6,0.398071412894061,,109323.0
GRD,Grenada,2005,5.88235294117647,322.747058823529,,93.0,10.6,0.368586698253619,,109734.0
GRD,Grenada,2006,5.88235294117647,323.926470588235,,92.8,10.4,0.354592337499738,,110135.0
GRD,Grenada,2007,5.88235294117647,325.064705882353,,92.6,9.9,0.333182195243042,,110522.0
GRD,Grenada,2008,5.88235294117647,326.164705882353,,92.4,10.8,0.31700532245699,,110896.0
GRD,Grenada,2009,8.82352941176471,327.217647058824,,92.1,10.5,0.293464976030285,,111254.0
GRD,Grenada,2010,8.82352941176471,328.194117647059,,91.8,10.8,0.260136718397879,,111586.0
GRD,Grenada,2011,8.82352941176471,329.644117647059,,91.4,11.4,0.40138168892259,,112079.0
GRD,Grenada,2012,8.82352941176471,331.691176470588,,91.1,11.5,0.632450427177208,,112775.0
GRD,Grenada,2013,8.82352941176471,333.785294117647,,90.7,10.8,0.667778000497986,,113487.0
GRD,Grenada,2014,8.82352941176471,335.682352941176,,90.0,11.0,0.629186950740804,,114132.0
GRD,Grenada,2015,8.82352941176471,337.282352941176,,89.7,10.5,0.55974835854534,,114676.0
GRD,Grenada,2016,8.82352941176471,338.617647058824,,89.1,10.4,0.503523298704187,,115130.0
GRD,Grenada,2017,8.82352941176471,339.523529411765,,88.7,10.2,0.39763400225336,,115438.0
GRD,Grenada,2018,8.82352941176471,340.267647058824,,88.0,10.7,0.369703938080061,,115691.0
GRD,Grenada,2019,8.82352941176471,341.120588235294,,87.4,10.4,0.423238039280532,,115981.0
GRD,Grenada,2020,8.82352941176471,342.179411764706,,86.7,10.3,0.504582767582537,,116341.0
GRD,Grenada,2021,8.82352941176471,343.2,,85.9,10.2,0.513859926103473,,116688.0
GRD,Grenada,2022,8.82352941176471,343.861764705882,,85.1,10.0,0.428952553835881,,116913.0
GUM,Guam,1990,3.7037037037037,256.685185185185,99.6282361960431,,0.5,2.29368037969604,,138610.0
GUM,Guam,1991,3.7037037037037,261.246296296296,99.4434691861363,,0.5,2.01723240484858,,141073.0
GUM,Guam,1992,3.7037037037037,265.542592592593,99.3294353827514,,0.5,1.91542277584554,,143393.0
GUM,Guam,1993,3.7037037037037,269.72962962963,99.381669431548,,0.4,1.86591375238224,,145654.0
GUM,Guam,1994,3.7037037037037,273.82962962963,99.5918937840433,,0.4,1.81625745971249,,147868.0
GUM,Guam,1995,3.7037037037037,277.877777777778,100.0,,0.4,1.77372044578309,,150054.0
GUM,Guam,1996,3.7037037037037,281.794444444444,100.0,,0.4,1.69440820124671,,152169.0
GUM,Guam,1997,3.7037037037037,285.583333333333,100.0,,0.4,1.61084797073758,,154215.0
GUM,Guam,1998,3.7037037037037,289.327777777778,100.0,,0.4,1.54944866347424,,156237.0
GUM,Guam,1999,3.7037037037037,293.127777777778,100.0,,0.4,1.51357793135005,,158289.0
GUM,Guam,2000,3.7037037037037,296.416666666667,100.0,,0.4,1.28128124066552,,160065.0
GUM,Guam,2001,3.7037037037037,298.757407407407,100.0,,0.4,0.935350596502121,,161329.0
GUM,Guam,2002,3.7037037037037,300.583333333333,100.0,,0.4,0.757333634243015,,162315.0
GUM,Guam,2003,3.7037037037037,302.105555555556,100.0,,0.5,0.648166242870385,,163137.0
GUM,Guam,2004,3.7037037037037,303.351851851852,100.0,,0.5,0.545637084692974,,163810.0
GUM,Guam,2005,3.7037037037037,304.37962962963,100.0,,0.4,0.460326942221811,,164365.0
GUM,Guam,2006,3.7037037037037,305.257407407407,100.0,,0.4,0.393624830075805,,164839.0
GUM,Guam,2007,1.85185185185185,306.05,100.0,,0.4,0.346374862943704,,165267.0
GUM,Guam,2008,1.85185185185185,306.838888888889,100.0,,0.4,0.321434128881809,,165693.0
GUM,Guam,2009,1.85185185185185,307.727777777778,100.0,,0.5,0.327441604635396,,166173.0
GUM,Guam,2010,1.85185185185185,308.374074074074,100.0,,0.5,0.219828060356742,,166522.0
GUM,Guam,2011,1.85185185185185,308.412962962963,100.0,,0.5,0.0134040984827478,,166543.0
GUM,Guam,2012,1.85185185185185,308.02037037037,100.0,,0.5,-0.127092005521813,,166331.0
GUM,Guam,2013,1.85185185185185,307.344444444444,100.0,,0.6,-0.218797469394687,,165966.0
GUM,Guam,2014,1.85185185185185,306.455555555556,100.0,,0.7,-0.289265013694007,,165486.0
GUM,Guam,2015,1.85185185185185,305.37962962963,100.0,,2.3,-0.351320062277022,,164905.0
GUM,Guam,2016,1.85185185185185,304.135185185185,100.0,,4.4,-0.407556167052318,,164233.0
GUM,Guam,2017,1.85185185185185,302.759259259259,100.0,,3.9,-0.453424319188375,,163490.0
GUM,Guam,2018,1.85185185185185,301.257407407407,100.0,,4.5,-0.497297828936292,,162679.0
GUM,Guam,2019,1.85185185185185,299.644444444444,100.0,,4.5,-0.536563163891644,,161808.0
GUM,Guam,2020,1.85185185185185,300.292592592593,100.0,,4.6,0.216544043040498,,162158.0
GUM,Guam,2021,1.85185185185185,303.203703703704,100.0,,4.5,0.973230994793566,,163730.0
GUM,Guam,2022,1.85185185185185,305.888888888889,100.0,,6.7,0.901468800664919,,165180.0
GTM,Guatemala,1990,12.1313923105636,84.2177398282941,,,75.0,3.4896863387443,18309944.2016015,9024773.0
GTM,Guatemala,1991,12.1313923105636,86.530272489735,,,74.2,3.45905740427129,28959775.0567667,9272584.0
GTM,Guatemala,1992,12.1313923105636,88.8602650242628,,,72.2,3.46436574153734,32403909.1536706,9522266.0
GTM,Guatemala,1993,12.3553564762971,91.2631672265771,,,69.8,3.52875641256178,37709230.0361967,9779761.0
GTM,Guatemala,1994,12.635311683464,93.7263717805151,,,68.3,3.65049355084707,48499290.3053776,10043718.0
GTM,Guatemala,1995,12.6446435237029,96.2392310563643,39.0295528857567,,65.0,4.56596734450905,67472712.9132737,10312996.0
GTM,Guatemala,1996,12.7006345651362,98.7637737961926,48.3405077897122,,65.6,5.69467290991665,49275689.1472174,10583526.0
GTM,Guatemala,1997,13.4698581560284,101.322825681224,50.0959800122391,,65.1,6.3780656526488,70651964.9130107,10857754.0
GTM,Guatemala,1998,14.2390817469205,103.948721537887,51.8763756005667,,62.0,6.70204954901953,66422059.196194,11139145.0
GTM,Guatemala,1999,15.0083053378126,106.59728443449,54.2124597976938,,64.5,6.64217843624763,66335407.7921604,11422965.0
GTM,Guatemala,2000,15.7775289287047,109.160059723778,55.0,17.1,62.7,6.19469739796459,68230282.2763971,11697592.0
GTM,Guatemala,2001,16.5467525195969,111.696733855916,57.3,16.0,61.3,5.56093080742646,58158315.075047,11969422.0
GTM,Guatemala,2002,17.315976110489,114.286254199328,64.1,15.4,63.8,4.71838263078734,54582074.6207854,12246915.0
GTM,Guatemala,2003,18.0851063829787,116.889156401642,63.4,14.5,64.3,4.00830168186291,63898912.8522945,12525842.0
GTM,Guatemala,2004,15.5748413587159,119.516629339306,62.7,13.9,66.1,3.79949628121521,85222357.7224773,12807402.0
GTM,Guatemala,2005,13.0645763344532,122.131662933931,64.5,13.1,65.2,3.69297148932721,111679263.395976,13087629.0
GTM,Guatemala,2006,14.053751399776,124.742991787981,74.2,12.5,64.7,3.58601168329022,102290872.140842,13367459.0
GTM,Guatemala,2007,14.7069802164987,127.398656215006,68.3,12.2,63.3,3.50924729396584,37823120.4147045,13652040.0
GTM,Guatemala,2008,14.7536394176932,130.040817469205,70.2,11.9,66.5,3.37855071457734,0.0,13935174.0
GTM,Guatemala,2009,14.3766330720418,132.65781075028,72.2,11.8,65.3,3.23272468905488,0.0,14215611.0
GTM,Guatemala,2010,13.9996267263904,135.312728630086,74.2,11.6,67.1,3.12785613760591,0.0,14500112.0
GTM,Guatemala,2011,13.6226203807391,138.037756625607,74.0,11.6,67.1,3.03796058280127,0.0,14792126.0
GTM,Guatemala,2012,13.2456140350877,140.814175065323,78.3,11.8,67.4,2.92518270058141,0.0,15089647.0
GTM,Guatemala,2013,12.8686076894364,143.59217058604,80.4,12.0,67.2,2.76904108141309,0.0,15387337.0
GTM,Guatemala,2014,13.1849570735349,146.339352370287,76.7,12.4,66.2,2.58401494103428,0.0,15681725.0
GTM,Guatemala,2015,13.7178051511758,149.045754012691,84.6,12.8,63.3,2.38652740828906,0.0,15971743.0
GTM,Guatemala,2016,13.876446435237,151.817469204927,86.8,13.2,63.2,2.25304647269904,0.0,16268760.0
GTM,Guatemala,2017,14.0350877192982,154.603928704741,89.6,13.6,65.0,2.07662367754925,0.0,16567357.0
GTM,Guatemala,2018,14.1937290033595,157.201241134752,91.2,14.3,64.0,1.75239272500443,0.0,16845685.0
GTM,Guatemala,2019,14.3523702874207,159.609957073535,93.5,14.7,62.8,2.15426111506963,0.0,17103803.0
GTM,Guatemala,2020,14.501679731243,161.97578387458,95.8,15.3,65.5,2.13369514486211,0.0,17357325.0
GTM,Guatemala,2021,14.501679731243,164.227790220231,98.1,16.1,62.1,2.03197521046402,0.0,17598650.0
GTM,Guatemala,2022,14.501679731243,166.553536767451,98.1,16.6,,2.04786809888481,,17847877.0
GIN,Guinea,1990,11.1509034673612,26.1857968419339,,,89.5,4.38714122894063,226311030.429082,6434374.0
GIN,Guinea,1991,11.1509034673612,27.2552742959466,,,89.6,4.90697077606779,231634199.897055,6697166.0
GIN,Guinea,1992,11.1509034673612,28.1392072277389,,,86.6,4.07874432939522,186130641.466619,6914366.0
GIN,Guinea,1993,11.1509034673612,29.0093480384177,,,86.2,3.92570797746059,160976733.249834,7128177.0
GIN,Guinea,1994,11.1509034673612,29.8921821585545,,,86.0,3.88115980756923,191063782.383082,7345107.0
GIN,Guinea,1995,11.1509034673612,30.7392519941397,,,90.0,3.68996538280327,389707526.789209,7553249.0
GIN,Guinea,1996,11.1509034673612,31.6215000813935,,,88.8,3.74928723709605,386791237.585408,7770035.0
GIN,Guinea,1997,11.1509034673612,32.2780807423083,,,85.2,2.99545843641232,254183859.433547,7931370.0
GIN,Guinea,1998,11.1509034673612,32.8910548591893,,,84.3,2.83173416314023,261334608.702094,8081990.0
GIN,Guinea,1999,11.1509034673612,33.6363462477617,,,86.3,3.19316779925272,227192950.805802,8265123.0
GIN,Guinea,2000,11.1509034673612,34.3025883118997,,0.5,85.5,2.91304388234434,222877334.578521,8428832.0
GIN,Guinea,2001,11.1509034673612,34.75484291063,,0.5,84.8,2.25795168848004,207529336.277524,8539960.0
GIN,Guinea,2002,11.1549731401595,35.3006104509197,,0.5,84.3,2.50005195958883,243904394.793107,8674066.0
GIN,Guinea,2003,11.1590428129578,36.1011761354387,,0.5,83.5,3.17573982990512,391991314.040789,8870781.0
GIN,Guinea,2004,11.1631124857561,36.8823294807097,,0.5,83.2,3.0627923057285,348989348.724863,9062726.0
GIN,Guinea,2005,11.1549731401595,37.6275598241901,,0.5,81.6,2.90902124903325,373301105.259692,9245844.0
GIN,Guinea,2006,11.4197969233274,38.422476802865,2.2,0.5,81.1,2.98341885184102,351323743.266164,9441171.0
GIN,Guinea,2007,11.9405872537848,39.3223221552987,3.1,0.5,80.4,3.18984350958655,473794059.150928,9662281.0
GIN,Guinea,2008,12.46224116881,40.2851619729774,4.0,0.4,80.2,3.27395620430403,510299395.6204,9898870.0
GIN,Guinea,2009,12.0387290411851,41.2808643985024,5.0,0.4,79.2,3.27433759636281,454527468.026975,10143534.0
GIN,Guinea,2010,14.8265769982093,42.3086684030604,5.9,0.4,75.7,3.26801169796393,335316213.521575,10396086.0
GIN,Guinea,2011,14.9299556405665,43.3697297737262,6.8,0.4,74.8,3.2597237641902,421721617.729683,10656810.0
GIN,Guinea,2012,16.9222179716751,44.4472611102067,1.2,0.3,76.4,3.20904510528716,530919832.23431,10921581.0
GIN,Guinea,2013,17.269160833469,45.5472611102067,8.6,0.3,78.5,3.16991908975339,596942139.476035,11191873.0
GIN,Guinea,2014,18.697251342992,46.6910467198437,9.5,0.3,78.6,3.1618249067092,707078385.017489,11472924.0
GIN,Guinea,2015,19.5101782516686,47.8881246947745,10.4,0.2,76.2,3.16003471314611,789057328.877135,11767070.0
GIN,Guinea,2016,19.8483363177601,49.1332817841446,6.7,0.2,75.3,3.34222394241771,857058316.765183,12073030.0
GIN,Guinea,2017,20.5018305388247,50.4055795214065,8.6,0.2,72.0,3.32587914490066,862791437.442953,12385659.0
GIN,Guinea,2018,21.0845323945955,51.7042731564382,21.4,0.2,73.2,3.30732219795115,615023291.591905,12704774.0
GIN,Guinea,2019,20.0183118997233,53.0455233599219,17.0,0.1,68.3,3.3187418503644,608828057.616215,13034346.0
GIN,Guinea,2020,20.1584352108091,54.4163397362852,19.3,0.1,65.8,3.52116599546792,684461685.58684,13371183.0
GIN,Guinea,2021,21.3538258993977,55.7973018069347,21.3,0.1,66.8,3.51523893910055,727279167.805578,13710513.0
GIN,Guinea,2022,22.5862302620869,57.1998087253785,21.3,0.1,66.6,3.53066281444504,,14055137.0
GNB,Guinea-Bissau,1990,8.8904694167852,34.6254978662873,,,88.6,5.52344644614522,44126891.6438929,973669.0
GNB,Guinea-Bissau,1991,8.8904694167852,35.3712304409673,,,88.6,4.91949906833137,44489543.7817162,994639.0
GNB,Guinea-Bissau,1992,8.8904694167852,36.4280227596017,,,88.5,4.90501807847747,44777076.6398362,1024356.0
GNB,Guinea-Bissau,1993,9.60170697012802,37.650960170697,,,88.0,4.93998686180269,37835378.1716433,1058745.0
GNB,Guinea-Bissau,1994,9.95732574679943,38.8346728307255,,,88.5,4.58364414006277,44789851.6938379,1092031.0
GNB,Guinea-Bissau,1995,9.95732574679943,39.8274893314367,,,88.6,3.87965819093305,66188198.7543202,1119949.0
GNB,Guinea-Bissau,1996,9.60170697012802,40.6662517780939,,,89.4,3.32340846090573,65362783.5040811,1143535.0
GNB,Guinea-Bissau,1997,9.60170697012802,41.4489687055476,,,88.4,3.04443964431237,61428500.2241823,1165545.0
GNB,Guinea-Bissau,1998,9.24608819345661,42.2287695590327,,,89.0,2.91512359716522,65240248.8798322,1187473.0
GNB,Guinea-Bissau,1999,9.95732574679943,43.0371977240398,,,88.1,2.87420378973502,43248182.7771284,1210206.0
GNB,Guinea-Bissau,2000,10.6685633001422,43.9097083926031,,0.1,91.2,2.92434151642679,44000095.2376968,1234741.0
GNB,Guinea-Bissau,2001,10.6685633001422,44.8532361308677,,0.1,91.2,2.99518826194216,43294419.8534211,1261273.0
GNB,Guinea-Bissau,2002,9.95732574679943,45.8501778093883,,0.1,91.0,3.03089158559382,52551163.5198778,1289307.0
GNB,Guinea-Bissau,2003,9.60170697012802,46.8992176386913,,0.1,89.0,3.06966427634725,85115432.7073922,1318806.0
GNB,Guinea-Bissau,2004,9.95732574679943,47.9929943100996,,0.1,88.6,3.09876211274669,75186605.5665287,1349563.0
GNB,Guinea-Bissau,2005,9.95732574679943,49.1317567567568,,0.1,88.5,3.13488482013439,78640578.7108522,1381585.0
GNB,Guinea-Bissau,2006,9.95732574679943,50.3308321479374,2.1,0.1,88.3,3.20793813548385,79162157.8223054,1415303.0
GNB,Guinea-Bissau,2007,9.95732574679943,51.599786628734,,0.1,87.9,3.30331102559209,116547435.445308,1450986.0
GNB,Guinea-Bissau,2008,9.95732574679943,52.9179943100996,,0.1,88.4,3.36251537259113,138736755.941026,1488054.0
GNB,Guinea-Bissau,2009,9.95732574679943,54.2808321479374,,0.1,87.9,3.40251881332859,142760568.153654,1526377.0
GNB,Guinea-Bissau,2010,10.6685633001422,55.702240398293,2.1,0.1,87.8,3.4331434320929,126893077.518857,1566347.0
GNB,Guinea-Bissau,2011,10.6685633001422,57.1862019914651,4.0,0.1,87.9,3.69710879662524,145712504.947724,1608076.0
GNB,Guinea-Bissau,2012,10.6685633001422,58.7274893314367,6.0,0.1,87.8,3.71593375424775,169361817.351405,1651417.0
GNB,Guinea-Bissau,2013,10.6685633001422,60.3119843527738,8.0,0.1,87.7,3.70664868083605,177206406.309751,1695973.0
GNB,Guinea-Bissau,2014,10.6685633001422,61.9175675675676,5.8,0.1,87.3,3.6620071169076,197256396.740283,1741122.0
GNB,Guinea-Bissau,2015,10.6685633001422,63.5297652916074,8.9,0.1,87.2,3.5947894637225,208298088.12996,1786457.0
GNB,Guinea-Bissau,2016,11.196493598862,65.1455547652916,10.5,0.0,86.8,3.52478531928369,220491663.446754,1831893.0
GNB,Guinea-Bissau,2017,11.1978698435277,66.7522048364154,12.5,0.0,86.8,3.43969433832537,215835714.200622,1877072.0
GNB,Guinea-Bissau,2018,11.7213300142248,68.3559032716927,13.3,0.0,86.6,3.36722390753198,148790886.429984,1922168.0
GNB,Guinea-Bissau,2019,13.0495448079659,69.9749644381223,14.3,0.0,86.2,3.32507866564611,143206605.110277,1967696.0
GNB,Guinea-Bissau,2020,13.3325533428165,71.5951280227596,15.1,0.0,87.2,3.26258508075794,159663752.277146,2013255.0
GNB,Guinea-Bissau,2021,14.0239971550498,73.2162517780939,15.8,0.0,87.4,3.20402223754893,170872862.739302,2058841.0
GNB,Guinea-Bissau,2022,13.7988762446657,74.8765647226174,15.8,0.0,87.4,3.19744488980579,,2105529.0
GUY,Guyana,1990,0.484001016002032,3.80946913893828,,,55.1,-0.646428028923902,55270417.6755625,749894.0
GUY,Guyana,1991,0.484001016002032,3.79914147828296,,,41.6,-0.268699004453818,61101020.9016682,747861.0
GUY,Guyana,1992,0.484001016002032,3.809555499111,,,43.2,0.216821839392362,63917580.8064308,749911.0
GUY,Guyana,1993,0.484001016002032,3.8250698501397,64.9033801184598,,43.1,0.266767763965109,73536779.8737157,752965.0
GUY,Guyana,1994,0.484001016002032,3.83958343916688,64.3142044977425,,32.3,0.165021362071024,90179287.0265182,755822.0
GUY,Guyana,1995,0.484001016002032,3.85261874523749,65.1576011212601,,31.0,0.0597362192161928,129447129.661271,758388.0
GUY,Guyana,1996,0.484001016002032,3.86347980695961,66.0007009233709,,29.0,-0.0552435333080966,114415123.249552,760526.0
GUY,Guyana,1997,0.484001016002032,3.87221234442469,66.8438503028856,,27.4,-0.159164107482044,121158790.511811,762245.0
GUY,Guyana,1998,0.484001016002032,3.87902463804928,67.6870409508764,,27.6,-0.249596900139625,87698889.2231467,763586.0
GUY,Guyana,1999,0.484001016002032,3.88358140716281,68.5302353591329,,26.6,-0.339350228846837,80907749.8116132,764483.0
GUY,Guyana,2000,0.484001016002032,3.88535433070866,69.5,100.0,30.4,-0.433655171277845,56959001.190168,764832.0
GUY,Guyana,2001,0.484001016002032,3.88355092710185,70.3,100.0,31.0,-0.540156248915806,60467406.0898306,764477.0
GUY,Guyana,2002,0.486191008382017,3.87935991871984,71.0,100.0,34.2,-0.597331442005026,60078278.7814533,763652.0
GUY,Guyana,2003,0.488381000762002,3.87656083312167,71.8,100.0,34.6,-0.67588554603368,70635814.6496648,763101.0
GUY,Guyana,2004,0.490570993141986,3.87309118618237,72.5,100.0,35.5,-0.946035966752723,80475505.7705919,762418.0
GUY,Guyana,2005,0.492760985521971,3.8654508509017,75.9,100.0,34.7,-1.23997385002871,88343279.5613909,760914.0
GUY,Guyana,2006,0.492760985521971,3.85555499110998,69.9,100.0,36.8,-1.39794446488079,139090887.318731,758966.0
GUY,Guyana,2007,0.492760985521971,3.84486156972314,74.9,100.0,33.1,-1.42993160647389,155952625.059272,756861.0
GUY,Guyana,2008,0.492760985521971,3.83340614681229,75.7,100.0,32.6,-1.36725282657054,163428117.262646,754606.0
GUY,Guyana,2009,0.492760985521971,3.82064516129032,72.7,100.0,31.3,-1.22074119108477,160751363.689616,752094.0
GUY,Guyana,2010,0.492760985521971,3.80622809245618,80.1,100.0,30.6,-0.984309813081285,271880505.630031,749256.0
GUY,Guyana,2011,0.492760985521971,3.79046482092964,81.1,100.0,32.8,-0.639122082639212,249247367.868904,746153.0
GUY,Guyana,2012,0.492760985521971,3.79115062230124,82.1,100.0,28.7,0.0182739262038779,239785092.756218,746288.0
GUY,Guyana,2013,0.492760985521971,3.8101143002286,83.1,100.0,26.9,0.5002187491185,292566703.522119,750021.0
GUY,Guyana,2014,0.492760985521971,3.83149098298197,84.2,100.0,24.0,0.565044385186566,276445692.504512,754229.0
GUY,Guyana,2015,0.492760985521971,3.85461518923038,85.5,100.0,25.0,0.611794179231611,231065355.103548,758781.0
GUY,Guyana,2016,0.492760985521971,3.8788315976632,86.7,100.0,21.3,0.639819093540866,247431549.866864,763548.0
GUY,Guyana,2017,0.492760985521971,3.90388112776226,87.9,100.0,22.1,0.662358828631445,234999623.359054,768479.0
GUY,Guyana,2018,0.492760985521971,4.02111252222504,88.9,100.0,16.8,2.98106510912889,207309497.013286,791556.0
GUY,Guyana,2019,0.492760985521971,4.10294640589281,89.8,100.0,11.3,2.04147162115941,178798790.926928,807665.0
GUY,Guyana,2020,0.459410817467083,3.82438666287771,90.5,100.0,12.0,0.00796471164650701,211557553.476333,807481.0
GUY,Guyana,2021,0.459410817467083,3.86228095102775,91.2,100.0,13.2,1.02077373794968,178855019.017774,815482.0
GUY,Guyana,2022,0.459410817467083,3.89143222506394,91.6,100.0,12.1,0.791240937857613,,821637.0
HTI,Haiti,1990,28.3018867924528,248.709760522496,,,87.2,5.5241490005615,23500240.4523582,6854441.0
HTI,Haiti,1991,28.3018867924528,253.826197387518,,,87.5,5.73205836007431,26210605.3316984,6995450.0
HTI,Haiti,1992,28.3018867924528,258.946698113208,,,87.7,5.87750697237199,26353029.6034153,7136571.0
HTI,Haiti,1993,28.3018867924528,264.084941944848,,,89.4,5.98713711082463,23495377.2940558,7278181.0
HTI,Haiti,1994,29.0275761973875,269.222460087083,,,96.7,6.05278024275111,25761189.4491266,7419771.0
HTI,Haiti,1995,29.0275761973875,274.40297532656,9.4476278160484,,87.0,6.10172732597547,34468563.1139269,7562546.0
HTI,Haiti,1996,29.0275761973875,279.664622641509,10.717952482281,,86.0,6.1348460584067,27413436.9442876,7707557.0
HTI,Haiti,1997,32.656023222061,284.989042089986,10.9390037410847,,84.6,6.13529453442847,33180750.4565226,7854298.0
HTI,Haiti,1998,32.656023222061,290.353519593614,11.1604712538556,,83.3,6.10559178270283,28987834.2054493,8002143.0
HTI,Haiti,1999,32.656023222061,295.765457184325,11.3816629860619,,82.0,6.05976292239037,25728083.906487,8151296.0
HTI,Haiti,2000,32.656023222061,301.275435413643,7.1,0.6,80.8,6.01494696690854,23810017.3760235,8303151.0
HTI,Haiti,2001,32.656023222061,306.818505079826,13.2,0.7,80.9,5.93480335666234,24270092.9940389,8455918.0
HTI,Haiti,2002,32.656023222061,312.323693759071,9.9,0.7,79.1,5.82115526768999,24043828.331638,8607641.0
HTI,Haiti,2003,32.656023222061,317.848766328012,18.7,0.7,79.0,4.78406545793522,25018260.5384084,8759912.0
HTI,Haiti,2004,32.656023222061,323.304172714078,8.5,0.8,81.1,3.31445034378911,25056799.0533227,8910263.0
HTI,Haiti,2005,36.2844702467344,328.783490566038,8.3,0.9,81.1,3.35878502928294,25398137.7644063,9061273.0
HTI,Haiti,2006,36.2844702467344,334.418069666183,6.8,0.9,81.4,3.34251730786204,35672217.3871,9216562.0
HTI,Haiti,2007,36.2844702467344,340.105079825835,7.7,0.9,79.3,3.29502691908864,38431553.5632377,9373296.0
HTI,Haiti,2008,36.2844702467344,345.81908563135,7.4,1.0,79.6,3.24075817092751,41910780.7112163,9530774.0
HTI,Haiti,2009,37.2398403483309,351.581313497823,7.1,1.0,80.3,3.19348249324595,39135718.2661778,9689581.0
HTI,Haiti,2010,42.8156748911466,355.70732946299,6.7,1.1,79.0,2.67437921499906,78952365.0519773,9803294.0
HTI,Haiti,2011,42.8156748911466,359.757039187228,6.0,1.1,79.0,2.6067646521269,68978565.8034866,9914904.0
HTI,Haiti,2012,42.8156748911466,365.376306240929,3.9,1.1,82.2,2.99201159534367,67646340.5900265,10069771.0
HTI,Haiti,2013,42.8156748911466,370.912989840348,3.3,1.1,80.4,2.91382955670818,87404093.4678259,10222362.0
HTI,Haiti,2014,42.8156748911466,376.387336719884,2.2,1.1,77.8,2.84308520108614,105867150.740485,10373235.0
HTI,Haiti,2015,42.8156748911466,381.830261248186,2.2,1.2,76.1,2.78207435598764,85256156.1169185,10523242.0
HTI,Haiti,2016,42.8156748911466,387.208164005806,,1.3,76.1,2.71363174147076,110533111.231642,10671457.0
HTI,Haiti,2017,42.8156748911466,392.516473149492,2.1,1.2,76.2,2.64559740814467,98835162.0976825,10817754.0
HTI,Haiti,2018,42.8156748911466,397.763497822932,1.8,1.3,76.2,2.58109906788243,72458899.3262745,10962362.0
HTI,Haiti,2019,36.2844702467344,402.944956458636,1.2,1.3,76.4,2.51693036071465,65548387.8130209,11105163.0
HTI,Haiti,2020,36.2844702467344,407.977068214804,,1.3,76.3,2.43348868178673,83834886.2697793,11243848.0
HTI,Haiti,2021,36.4658925979681,412.720827285922,,1.4,76.7,2.318380403402,68622619.7274515,11374586.0
HTI,Haiti,2022,36.4658925979681,417.402249637155,,1.3,,2.26039126496502,,11503606.0
HPC,Heavily indebted poor countries (HIPC),1990,5.75538916322621,22.2200597793427,,,85.7574669598202,4.37057825656771,,361657937.0
HPC,Heavily indebted poor countries (HIPC),1991,5.84243024058885,22.8193222849253,,,86.6644305065344,4.46112375621307,,371411648.0
HPC,Heavily indebted poor countries (HIPC),1992,5.9237574442325,23.5010523653845,,,87.0333745710884,4.26594374324319,,382507617.0
HPC,Heavily indebted poor countries (HIPC),1993,6.25733496282569,22.722400473126,,,87.5515390596414,4.38566384022904,,394851493.0
HPC,Heavily indebted poor countries (HIPC),1994,6.27055327872036,23.4178077457974,,,87.2296112056552,4.44231774469952,,406935718.0
HPC,Heavily indebted poor countries (HIPC),1995,6.40105175802004,24.1022901802714,,,86.9331011400481,4.21957949799439,,418830100.0
HPC,Heavily indebted poor countries (HIPC),1996,6.52798235341949,24.8030271405776,,,86.6106829873325,3.91050491017525,,431006940.0
HPC,Heavily indebted poor countries (HIPC),1997,6.58977008424434,25.5044761262047,,,86.0563905726591,3.84745053552642,,443196153.0
HPC,Heavily indebted poor countries (HIPC),1998,6.62038225855951,26.2378000564073,,,85.8702124366366,3.97959179415995,,455939263.0
HPC,Heavily indebted poor countries (HIPC),1999,6.67815648110215,26.9938271956613,,,85.3906756656255,3.97982532035453,,469076891.0
HPC,Heavily indebted poor countries (HIPC),2000,6.69369142573158,27.7366075449133,,1.40931510582515,85.3583528760041,3.89198278561482,,481984327.0
HPC,Heavily indebted poor countries (HIPC),2001,6.7286495268424,28.4969734176254,,1.49711961572119,84.9516479758069,3.90041155508492,,495197350.0
HPC,Heavily indebted poor countries (HIPC),2002,6.82058116872859,29.330401041227,,1.60092996465338,84.4545528836959,3.99064948806874,,509679981.0
HPC,Heavily indebted poor countries (HIPC),2003,7.04349082656685,30.1990112786353,7.22785651628489,1.70232992773778,84.270327212806,3.97694594342737,,524773987.0
HPC,Heavily indebted poor countries (HIPC),2004,7.08711756712637,30.8005566950545,7.84554833763211,1.82376012869924,83.9450364180269,3.92309928626586,,539803501.0
HPC,Heavily indebted poor countries (HIPC),2005,7.25955024207128,31.6880495040748,7.53470791970793,1.98296491922353,83.9256979376258,3.94976520627542,,555358929.0
HPC,Heavily indebted poor countries (HIPC),2006,7.35808804366005,32.6064614235137,10.2771395872698,2.14817224552506,83.1818878444874,4.02005008999245,,571454590.0
HPC,Heavily indebted poor countries (HIPC),2007,7.50349782396799,33.5180446547401,9.88135819618087,2.30566145886995,81.7362408698414,3.79628612448869,,587432384.0
HPC,Heavily indebted poor countries (HIPC),2008,7.64329962332254,34.4638831444811,11.2116517640099,2.49786806986597,81.2329236673649,4.19895034777533,,604007702.0
HPC,Heavily indebted poor countries (HIPC),2009,7.82665289409276,35.4526417632089,14.1010343419789,2.69943172442407,80.4451955986762,4.0845071556614,,621337653.0
HPC,Heavily indebted poor countries (HIPC),2010,8.05588190469368,36.4473822892634,14.9003542419933,2.91754141853078,79.6115171074584,4.03977471094292,,638796398.0
HPC,Heavily indebted poor countries (HIPC),2011,8.23223091053206,37.4730548761782,13.6938976691478,3.17566565073046,78.8967629817918,4.05309305746812,,656783491.0
HPC,Heavily indebted poor countries (HIPC),2012,8.65201180503647,34.8236049284709,17.0967094106547,3.42219906568349,77.8546208866133,4.05423695843834,,675397557.0
HPC,Heavily indebted poor countries (HIPC),2013,8.8199973459893,35.8149382891725,17.7700859263997,3.69784132510223,77.654981472332,4.11304600667019,,694622934.0
HPC,Heavily indebted poor countries (HIPC),2014,8.92111441446658,36.8537865109223,19.6343427970721,3.98050748241717,77.378161792632,4.18854416152664,,714769441.0
HPC,Heavily indebted poor countries (HIPC),2015,9.0265256466754,37.9189176723804,17.7068912665159,4.27727032131943,76.5530574120486,4.11672553342368,,735429414.0
HPC,Heavily indebted poor countries (HIPC),2016,9.12779608233278,39.025674597164,25.670634991266,4.61401729779584,76.0862841962469,4.13854253967063,,756895035.0
HPC,Heavily indebted poor countries (HIPC),2017,9.24863911070914,40.1855427979159,26.1230836580125,4.93723547117896,75.9193473348398,4.1967889546264,,779389964.0
HPC,Heavily indebted poor countries (HIPC),2018,9.37294108892511,41.3523557492643,27.7220969009586,5.29133073675979,75.2520183545811,4.14047257447506,,802020674.0
HPC,Heavily indebted poor countries (HIPC),2019,9.41819698622823,42.5190680719139,28.8195108437968,5.66558067046762,74.8448133256749,3.96224383682254,,824649053.0
HPC,Heavily indebted poor countries (HIPC),2020,9.44763823288229,43.7099075657914,29.3491385473778,6.02641414040982,76.0353291030768,3.92390644072799,,847743308.0
HPC,Heavily indebted poor countries (HIPC),2021,9.53398383959454,44.9054154980091,30.8830345967456,6.37968054953635,,3.91887073641961,,870930036.0
HPC,Heavily indebted poor countries (HIPC),2022,9.60277105178611,46.0900782945962,30.4727810912839,6.77800393845266,,3.89719383928148,,893906294.0
HIC,High income,1990,10.6815420559304,33.6503866454634,99.4607471438679,,5.97393122273545,0.919014612650121,,1182189938.0
HIC,High income,1991,10.6650532707134,33.8893686257837,99.5783805501361,,6.15925307345891,0.996809139883499,,1190620652.0
HIC,High income,1992,9.85232382162333,23.1670938661917,99.5464650590557,,6.33455142522513,0.973429148693153,,1199265190.0
HIC,High income,1993,9.8476503271774,23.2680834702796,99.5059549351443,,6.29513132723212,0.913546198429837,,1207321942.0
HIC,High income,1994,9.80380084232314,23.4156354051337,99.5133906160803,,6.19074784329809,0.914984712037724,,1214865411.0
HIC,High income,1995,9.7327805669176,23.5555579838981,99.5267046728194,,6.47897065160746,0.900676048598674,,1222056186.0
HIC,High income,1996,9.69707673766538,23.6929406885018,99.5108998309365,,6.50745781428072,0.930613925109218,,1229173348.0
HIC,High income,1997,9.73334088398278,23.7952336217635,99.5503934155161,,6.5378967842182,0.890117502290804,,1236130405.0
HIC,High income,1998,9.67342206242138,23.9243015945189,99.6004769692675,,6.5725149099587,0.833349035531035,,1242897726.0
HIC,High income,1999,9.64334997935854,24.0455116664681,99.5822579168724,,7.00524466106243,0.745018671523237,,1249367360.0
HIC,High income,2000,9.63327529503199,24.1535701358984,98.6188330723337,99.8739122839772,6.84678847436669,0.80111749766855,,1255696330.0
HIC,High income,2001,9.58268745129557,24.2771604071842,98.6946729919876,99.876577044647,6.54177055385906,0.848123399485289,,1262093741.0
HIC,High income,2002,9.48339988978661,24.4018327088701,98.7580488562253,99.8792175460704,6.62132648676549,0.931865546917323,,1268559564.0
HIC,High income,2003,9.42602390758071,24.5293174733751,98.9327589334204,99.880354735373,6.86995743794711,0.983765366423237,,1275200577.0
HIC,High income,2004,9.45489191840172,24.6633338332345,98.8659291273395,99.8829790728754,7.10768137806772,0.996721016089963,,1282168195.0
HIC,High income,2005,9.44184269810186,24.7972124711731,98.9172425351203,99.8854679863821,7.38790136062168,0.928705869056141,,1289125857.0
HIC,High income,2006,9.37990904086515,24.9486416694535,99.0602025369124,99.8883860909389,7.77042745709828,0.960901951071074,,1296891494.0
HIC,High income,2007,9.10116685282973,25.1157481975867,99.0612983106853,99.8921895341986,8.02429581434502,1.01054790581458,,1305578110.0
HIC,High income,2008,9.13301319318327,25.29838229325,99.1217678981184,99.8967661847402,8.3984841545264,1.00176406969427,,1314671040.0
HIC,High income,2009,9.19022205703273,25.4534352610134,99.2431546749558,99.9006009160832,8.96094596937985,0.850892250319518,,1322754052.0
HIC,High income,2010,9.12762737112986,25.5663327933253,99.5278573659081,99.906515126444,9.13757742354582,0.651984848530747,,1328657754.0
HIC,High income,2011,9.24122439681778,25.6796475001584,99.5134075481344,99.9125166138433,9.52836321852016,0.602678647386173,,1334557663.0
HIC,High income,2012,9.11605504903688,25.83096050615,99.6237271808663,99.916991744789,9.90988310752564,0.715324518883506,,1342428400.0
HIC,High income,2013,9.11257322468538,25.9788439668636,99.649381919702,99.9218805491768,10.3849989396956,0.710176508773655,,1350149879.0
HIC,High income,2014,9.14223364051993,26.1199986091246,99.6928995094536,99.9262822550848,10.5213333961469,0.665588208342485,,1357496263.0
HIC,High income,2015,9.12804315108394,26.2841461617825,99.2750006793743,99.9302157015626,10.6050781624931,0.758714447686147,,1366013614.0
HIC,High income,2016,9.1083556617547,26.4381447156711,99.7719964288905,99.935364018342,10.7845732962853,0.744824148487332,,1374284415.0
HIC,High income,2017,9.13163931151525,26.5546210258502,99.9445376685667,99.9396195203168,11.0890197580437,0.52006533191349,,1380319892.0
HIC,High income,2018,9.10429524880948,26.6462181721644,99.9519323582736,99.94417515721,11.4686788378903,0.421183595780439,,1385103279.0
HIC,High income,2019,9.07817600919613,26.7360259861526,99.9633744469327,99.9478174556886,11.7839130112794,0.414618391385744,,1389770301.0
HIC,High income,2020,9.04275930512924,26.8076797283675,99.8984101870075,99.9522575942015,12.7831808525723,0.335911364358582,,1393472875.0
HIC,High income,2021,9.06872348404057,26.8671396607836,99.9776226752173,99.9556382142006,,-0.0360510826580809,,1391814501.0
HIC,High income,2022,9.02698601891142,27.0170529053769,99.9791263550241,99.9587561707142,,0.563604183896536,,1398001706.0
HND,Honduras,1990,13.066404504424,44.512360353919,,,70.1,4.06523243762108,107501340.987209,4980488.0
HND,Honduras,1991,13.334524979891,45.7931182411297,31.2570870460106,,70.2,4.03242329340821,118756245.559515,5123792.0
HND,Honduras,1992,13.5400840110823,47.1126195370453,37.0125021152347,,67.8,3.99960324674362,107203072.535276,5271431.0
HND,Honduras,1993,15.0415586736974,48.4694700151935,38.7171023685949,,66.7,3.9701838783589,89985717.6909231,5423249.0
HND,Honduras,1994,14.7466261506837,49.8636339261775,44.5228630369777,,64.0,3.94709082854767,104973893.437935,5579242.0
HND,Honduras,1995,14.2997586915721,51.2971400482617,45.6955373106862,,63.0,3.93411233334286,130538061.136917,5739637.0
HND,Honduras,1996,14.2997586915721,52.7656984538386,36.9510071695643,,62.6,3.91867392253519,101970315.168164,5903954.0
HND,Honduras,1997,13.5847707569935,54.2627044418625,41.0592206357759,,65.4,3.89727950591937,133628286.70651,6071454.0
HND,Honduras,1998,13.5847707569935,55.7192867995353,43.5103458927238,,62.9,3.75929105273215,118048960.054283,6234431.0
HND,Honduras,1999,13.1200285995174,57.2031727589597,44.5922063902676,,53.9,3.75612662433509,108252346.633365,6400463.0
HND,Honduras,2000,9.54508892662436,58.7878541424613,44.9,8.2,55.2,3.88433071604736,98538636.6321925,6577773.0
HND,Honduras,2001,9.54508892662436,60.3985432120833,38.3,8.8,50.4,3.88511451612268,100689677.217217,6757993.0
HND,Honduras,2002,9.54508892662436,62.015005809277,37.0,9.6,49.8,3.84858524711227,104611812.461582,6938859.0
HND,Honduras,2003,9.54508892662436,63.6268924836893,38.8,10.3,47.9,3.78806021980111,100149366.451324,7119213.0
HND,Honduras,2004,9.38421664134418,65.2336580570203,40.6,11.0,46.7,3.72866908442755,101406821.577732,7298994.0
HND,Honduras,2005,9.38421664134418,66.8366699436947,43.3,11.7,51.4,3.67349098714044,102296579.394881,7478355.0
HND,Honduras,2006,9.38421664134418,68.431781213692,46.4,12.5,52.2,3.61410304852634,137351761.216971,7656832.0
HND,Honduras,2007,9.38421664134418,70.0223254982572,49.6,13.2,50.6,3.56153768074022,142350246.124772,7834798.0
HND,Honduras,2008,9.09822146751274,71.6112878720172,54.3,13.9,50.0,3.51472965029217,149487005.003186,8012587.0
HND,Honduras,2009,9.09822146751274,73.1959871302172,57.6,14.5,50.5,3.46537722647873,132485242.429681,8189899.0
HND,Honduras,2010,9.09822146751274,74.7687729019573,61.8,15.4,53.6,3.40704870812598,290930643.406517,8365878.0
HND,Honduras,2011,9.09822146751274,76.3301724908392,63.4,16.0,50.9,3.35123657593766,0.0,8540583.0
HND,Honduras,2012,9.09822146751274,77.8896773616945,66.7,17.1,49.3,3.30916659478128,0.0,8715076.0
HND,Honduras,2013,9.09822146751274,79.4465814639378,73.4,17.5,51.1,3.28499764728886,0.0,8889278.0
HND,Honduras,2014,9.09822146751274,81.0002859951738,76.5,18.2,52.2,2.90743919857304,0.0,9063122.0
HND,Honduras,2015,9.09822146751274,82.5570202877826,79.0,19.1,50.8,2.8385087128297,0.0,9237305.0
HND,Honduras,2016,9.09822146751274,84.121726695862,82.1,19.7,52.7,2.80005852993068,0.0,9412380.0
HND,Honduras,2017,9.09822146751274,85.6925283760837,71.8,20.2,45.6,2.75853361125808,0.0,9588137.0
HND,Honduras,2018,9.09822146751274,87.2750916078291,81.9,21.2,48.9,2.72419291715727,0.0,9765210.0
HND,Honduras,2019,9.09822146751274,88.8697202609706,80.3,21.9,46.2,2.69051680883977,0.0,9943633.0
HND,Honduras,2020,9.09822146751274,90.4427562784878,83.4,23.3,50.2,2.61995106856383,0.0,10119640.0
HND,Honduras,2021,9.09822146751274,91.9642237912235,85.7,23.4,45.9,2.51895580975708,0.0,10289877.0
HND,Honduras,2022,9.09822146751274,93.5192778621861,86.8,24.8,,2.51271094275843,,10463872.0
HKG,"Hong Kong SAR, China",1990,6.06060606060606,5762.12121212121,100.0,,0.2,1.64390998574801,,5704500.0
HKG,"Hong Kong SAR, China",1991,6.06060606060606,5810.10101010101,100.0,,0.2,1.25655300918838,,5752000.0
HKG,"Hong Kong SAR, China",1992,6.06060606060606,5859.09090909091,100.0,,0.2,0.929496496310904,,5800500.0
HKG,"Hong Kong SAR, China",1993,6.06060606060606,5960.60606060606,100.0,,0.2,1.79765076092837,,5901000.0
HKG,"Hong Kong SAR, China",1994,6.06060606060606,6096.36363636364,100.0,,0.1,2.30845722509261,,6035400.0
HKG,"Hong Kong SAR, China",1995,5.71428571428571,5862.95238095238,100.0,,0.1,2.01177156914077,,6156100.0
HKG,"Hong Kong SAR, China",1996,5.71428571428571,6129.04761904762,100.0,,0.1,4.4453168127652,,6435500.0
HKG,"Hong Kong SAR, China",1997,4.76190476190476,6180.28571428571,100.0,,0.1,0.832512854813318,,6489300.0
HKG,"Hong Kong SAR, China",1998,4.76190476190476,6232.09523809524,100.0,,0.1,0.834808807338866,,6543700.0
HKG,"Hong Kong SAR, China",1999,4.76190476190476,6291.90476190476,100.0,,0.1,0.955125814331738,,6606500.0
HKG,"Hong Kong SAR, China",2000,4.76190476190476,6347.61904761905,100.0,,0.0,0.881594075853745,,6665000.0
HKG,"Hong Kong SAR, China",2001,4.76190476190476,6394.57142857143,100.0,,0.1,0.736962668138432,,6714300.0
HKG,"Hong Kong SAR, China",2002,4.76190476190476,6422.95238095238,100.0,,0.1,0.44284682728195,,6744100.0
HKG,"Hong Kong SAR, China",2003,4.76190476190476,6410.28571428571,100.0,,0.1,-0.197404126472125,,6730800.0
HKG,"Hong Kong SAR, China",2004,4.76190476190476,6460.47619047619,100.0,,0.1,0.77991856230718,,6783500.0
HKG,"Hong Kong SAR, China",2005,4.76190476190476,6488.7619047619,100.0,,0.1,0.436871406105885,,6813200.0
HKG,"Hong Kong SAR, China",2006,3.80952380952381,6530.57142857143,100.0,,0.1,0.642270482876128,,6857100.0
HKG,"Hong Kong SAR, China",2007,3.80952380952381,6586.95238095238,100.0,,0.1,0.859633272217027,,6916300.0
HKG,"Hong Kong SAR, China",2008,3.80952380952381,6626.47619047619,100.0,,0.1,0.598238786949717,,6957800.0
HKG,"Hong Kong SAR, China",2009,3.80952380952381,6640.7619047619,100.0,,0.1,0.215353334344996,,6972800.0
HKG,"Hong Kong SAR, China",2010,3.33333333333333,6689.71428571429,100.0,,0.1,0.734446396338105,,7024200.0
HKG,"Hong Kong SAR, China",2011,3.33333333333333,6734.85714285714,100.0,,0.5,0.672543291818633,,7071600.0
HKG,"Hong Kong SAR, China",2012,2.95238095238095,6809.61904761905,100.0,,0.2,1.1039579972368,,7150100.0
HKG,"Hong Kong SAR, China",2013,2.95238095238095,6837.04761904762,100.0,,0.3,0.401982535858467,,7178900.0
HKG,"Hong Kong SAR, China",2014,2.95238095238095,6885.2380952381,100.0,,0.2,0.702370950536027,,7229500.0
HKG,"Hong Kong SAR, China",2015,2.95238095238095,6944.09523809524,100.0,,0.2,0.851197911086988,,7291300.0
HKG,"Hong Kong SAR, China",2016,2.85714285714286,6987.2380952381,100.0,,0.2,0.619366345332479,,7336600.0
HKG,"Hong Kong SAR, China",2017,2.95238095238095,7041.14285714286,100.0,,0.2,0.768513877614955,,7393200.0
HKG,"Hong Kong SAR, China",2018,2.85714285714286,7097.71428571429,100.0,,0.2,0.800230596967774,,7452600.0
HKG,"Hong Kong SAR, China",2019,2.85714285714286,7150.38095238095,100.0,,0.2,0.739283471323064,,7507900.0
HKG,"Hong Kong SAR, China",2020,1.9047619047619,7124.7619047619,100.0,,0.3,-0.358932661902885,,7481000.0
HKG,"Hong Kong SAR, China",2021,1.9047619047619,7060.09523809524,100.0,,0.4,-0.911776749148241,,7413100.0
HKG,"Hong Kong SAR, China",2022,1.9047619047619,6996.28571428571,100.0,,,-0.907914524343304,,7346100.0
HUN,Hungary,1990,56.2367864693446,115.433270279292,100.0,,3.9,-0.50545340251843,0.0,10373988.0
HUN,Hungary,1991,56.2590408367642,115.426727495271,100.0,,4.3,0.52208658014927,0.0,10373400.0
HUN,Hungary,1992,52.7651051518861,115.381562256593,100.0,,4.9,0.488264976333652,0.0,10369341.0
HUN,Hungary,1993,52.8377476073893,115.262886712664,100.0,,5.0,0.412495320989726,0.0,10357523.0
HUN,Hungary,1994,52.848876029379,115.105219229913,100.0,,5.1,0.388347768432241,0.0,10343355.0
HUN,Hungary,1995,53.4831960827955,114.945081237481,100.0,,5.4,0.384248354168307,0.0,10328965.0
HUN,Hungary,1996,53.5388381927443,114.747807700868,100.0,,5.1,0.349476958691579,0.0,10311238.0
HUN,Hungary,1997,53.6748329621381,114.593385300668,100.0,,5.2,0.317137171231794,0.0,10290486.0
HUN,Hungary,1998,53.6636971046771,114.32706013363,100.0,,5.2,0.282834171559819,0.0,10266570.0
HUN,Hungary,1999,53.619153674833,114.003674832962,100.0,,5.2,0.228760669001399,0.0,10237530.0
HUN,Hungary,2000,51.3501450569069,113.936297701406,100.0,100.0,5.2,0.248357635514275,0.0,10210971.0
HUN,Hungary,2001,51.3947779513501,113.675251060031,100.0,100.0,5.1,0.370503081970927,0.0,10187576.0
HUN,Hungary,2002,51.3947779513501,113.352019638474,100.0,100.0,5.2,0.321516607954962,0.0,10158608.0
HUN,Hungary,2003,51.2943539388529,113.027806293238,100.0,100.0,5.0,-0.586247704581116,0.0,10129552.0
HUN,Hungary,2004,51.3055121624637,112.777795135015,100.0,100.0,4.6,0.05152026363267,0.0,10107146.0
HUN,Hungary,2005,51.3447159915188,112.566287244727,100.0,100.0,7.3,1.48412618618,0.0,10087065.0
HUN,Hungary,2006,51.3000781162817,112.391139381765,100.0,100.0,7.9,1.18040885116061,0.0,10071370.0
HUN,Hungary,2007,51.2442807722352,112.217163263029,100.0,100.0,9.0,-0.171970771027436,0.0,10055780.0
HUN,Hungary,2008,51.1661644905703,112.020845887736,100.0,100.0,9.0,1.44377243298542,0.0,10038188.0
HUN,Hungary,2009,50.6461946316138,110.710814094775,100.0,100.0,12.3,0.374631558210917,0.0,10022650.0
HUN,Hungary,2010,48.5143046503921,110.460874848117,100.0,100.0,13.5,1.32672661752856,0.0,10000023.0
HUN,Hungary,2011,48.5474428366287,110.148315475533,100.0,100.0,14.7,-0.35897441566366,0.0,9971727.0
HUN,Hungary,2012,48.5695349607865,109.580934496852,99.9,100.0,16.5,-0.373711550591779,0.0,9920362.0
HUN,Hungary,2013,47.6748039323981,109.05483265216,100.0,100.0,17.2,0.0212804562846152,0.0,9872734.0
HUN,Hungary,2014,47.3591935130397,107.747512601359,100.0,100.0,15.7,0.138118669957661,0.0,9833038.0
HUN,Hungary,2015,47.3811089195705,107.360891957046,100.0,100.0,15.6,-0.10708252969486,0.0,9797755.0
HUN,Hungary,2016,47.3701512163051,106.944499232961,100.0,100.0,15.3,-0.404761044405015,0.0,9759755.0
HUN,Hungary,2017,47.3701512163051,106.582905982906,100.0,100.0,14.6,-0.365831099004188,0.0,9726756.0
HUN,Hungary,2018,47.3811089195705,106.366031119877,100.0,100.0,13.6,-0.179661603696541,0.0,9706964.0
HUN,Hungary,2019,47.3044049967127,106.233004602235,100.0,100.0,13.6,-0.145941347427049,0.0,9694824.0
HUN,Hungary,2020,44.115379136533,105.965581854043,100.0,100.0,14.8,-0.486215475310381,0.0,9670419.0
HUN,Hungary,2021,45.3616524216524,105.532895025203,100.0,100.0,15.3,-0.53130926026005,0.0,9630932.0
HUN,Hungary,2022,45.5585250931405,105.249550734166,100.0,100.0,,-0.336423442754276,,9605074.0
IBD,IBRD only,1990,11.426228169085,69.148182007762,,,21.9684140890226,2.28622754677689,,3455533853.0
IBD,IBRD only,1991,11.4307927896555,70.3051449086181,,,22.1175831024664,2.8426858537421,,3513390696.0
IBD,IBRD only,1992,11.0913781423179,50.5065705289127,,,22.7264611309833,2.54207881794061,,3568890021.0
IBD,IBRD only,1993,11.028621500073,51.2739629858611,,,22.9937230271798,2.47419262216719,,3622924380.0
IBD,IBRD only,1994,10.9712255801033,52.0268771336454,,,23.5810926986981,2.43295123413056,,3675872938.0
IBD,IBRD only,1995,10.9283406479895,52.7710112646146,,,23.1890866208429,2.41450119109245,,3728290191.0
IBD,IBRD only,1996,10.889292957066,53.509502898605,,,23.6024113455693,3.11428685231287,,3780446473.0
IBD,IBRD only,1997,10.9084675430393,54.2442174911859,,,23.5791147507259,3.08477278327244,,3832391543.0
IBD,IBRD only,1998,10.9019620694692,54.9960475040228,,,23.7372809053807,3.04255110054364,,3884078902.0
IBD,IBRD only,1999,10.8784416347975,55.7049002721018,,,23.8783428752472,2.93237823154489,,3934521819.0
IBD,IBRD only,2000,10.8213942004078,56.3605166988903,75.13480227647,23.153483075198,23.4541240735978,3.01885624836095,,3983328255.0
IBD,IBRD only,2001,10.8108602888999,57.0368803805904,76.2075440993732,23.7759170344157,22.9130162069356,2.61030292702763,,4031080605.0
IBD,IBRD only,2002,10.801930843717,57.6912523622848,76.4416922760946,24.6044495213,22.5539877436238,2.67283566725804,,4077229003.0
IBD,IBRD only,2003,10.8220821155196,58.3300459712697,77.7238345835608,25.3215421294828,21.5634346494163,2.64358616683373,,4122775918.0
IBD,IBRD only,2004,10.8298714470152,58.9793316998993,77.7993389574338,26.2481602865043,20.2986644309744,2.46356892526482,,4168676771.0
IBD,IBRD only,2005,10.8462166417671,59.6193390938655,79.4027123786552,27.0998464471283,19.3136973097539,2.41535806665702,,4214082145.0
IBD,IBRD only,2006,10.8817015998339,60.1670471962571,79.6312575082242,28.0960651443643,18.7796426080362,2.45826171557911,,4258827055.0
IBD,IBRD only,2007,10.8831627600193,60.7784374445819,81.8534187854812,29.1200717316852,18.0231697034131,2.51039420755668,,4302067550.0
IBD,IBRD only,2008,10.8560541717969,61.4029739441699,82.8718992161406,30.518115569674,17.6316680788104,2.24430499140462,,4346234014.0
IBD,IBRD only,2009,10.8545175708264,62.0430885387988,83.5010640865654,31.9785160878264,17.4829469844672,2.41286704813123,,4391389527.0
IBD,IBRD only,2010,10.8662467993488,62.6831543816806,85.2027028193763,33.8891962377469,16.7512897977865,2.1076955535482,,4436714947.0
IBD,IBRD only,2011,10.871155515536,63.3392420682377,86.8175118376147,35.9932228261114,15.9538657957954,3.09367030304641,,4483152627.0
IBD,IBRD only,2012,10.865131055237,64.0307817392054,87.0092030202125,38.3156528744739,15.8795392491567,2.32640944483379,,4532100585.0
IBD,IBRD only,2013,10.860830170388,64.7357474909755,88.842893142045,41.0211528305207,16.0171385968997,2.46417140655606,,4581958556.0
IBD,IBRD only,2014,10.8460998416174,65.4228881635228,90.0143652167781,43.9066263743228,16.003291533954,2.35026841853301,,4630607878.0
IBD,IBRD only,2015,10.8764038364291,66.0751142241427,91.1532868380513,47.0724138987868,16.0209177851331,2.39157983603937,,4676773551.0
IBD,IBRD only,2016,10.8572542545752,66.7079526735412,92.4933706882817,50.4199596129119,16.2845965537743,2.18461523641989,,4721566970.0
IBD,IBRD only,2017,10.8264382164358,67.3384457700949,93.9833086168185,53.8072413178496,16.3923000534023,2.06228292222235,,4765773411.0
IBD,IBRD only,2018,10.8043303098132,67.9205648201147,95.9302364109512,57.1766622977811,16.6268066421204,2.00897963619758,,4806981820.0
IBD,IBRD only,2019,10.7670577278561,68.4589690843195,96.4399803810136,60.6789718795668,17.0666276982215,1.80217286412493,,4845075024.0
IBD,IBRD only,2020,10.799385939141,68.9313972651106,97.1084901733352,64.006146136813,18.0085051596372,1.45423603346564,,4878296727.0
IBD,IBRD only,2021,10.8065687311361,69.2969708257201,99.2073269083509,67.4020558333419,,1.51898670751533,,4905212516.0
IBD,IBRD only,2022,10.7949787628603,69.6229837797061,99.0785529507206,70.4854826142192,,1.05179853861654,,4928196300.0
IBT,IDA & IBRD total,1990,10.7825706221375,61.2114460608887,,,26.7903199833955,2.56237736229336,,4330689753.0
IBT,IDA & IBRD total,1991,10.8201314573907,62.3536079618855,,,27.0017754178464,3.03991222028335,,4411587746.0
IBT,IDA & IBRD total,1992,10.6961549106044,48.7145731632368,,,27.7909190550675,2.76123114212953,,4491324220.0
IBT,IDA & IBRD total,1993,10.658200514504,48.9932574738045,,,28.1286394893098,2.70486331346095,,4570777029.0
IBT,IDA & IBRD total,1994,10.6321424594287,49.8405958056729,,,28.9421331678293,2.67729821712624,,4649243135.0
IBT,IDA & IBRD total,1995,10.643530809434,50.6818639668793,,,28.6551456955689,2.65502952057502,,4727566480.0
IBT,IDA & IBRD total,1996,10.632202256304,51.5250341675647,,,29.1436799685133,3.22824815142447,,4806199043.0
IBT,IDA & IBRD total,1997,10.6642544285637,52.366557641761,,,29.1293073490149,3.1980188867157,,4884731621.0
IBT,IDA & IBRD total,1998,10.6709861323651,53.2231898957835,,,29.3427171305814,3.16496750644775,,4963254080.0
IBT,IDA & IBRD total,1999,10.6817622512559,54.0491372817372,,,29.585878846355,3.06742256188488,,5040645749.0
IBT,IDA & IBRD total,2000,10.6393911035033,54.8324038258068,63.9436028387397,18.359770281963,29.2034754750625,3.14400775130794,,5116723507.0
IBT,IDA & IBRD total,2001,10.6500771182989,55.6433851278034,65.9219682510194,18.8031689294308,28.756966654433,2.81334445840276,,5192348770.0
IBT,IDA & IBRD total,2002,10.6557565427025,56.4459826740064,66.1819331846889,19.3973685341927,28.4620294366149,2.8741102434109,,5267145775.0
IBT,IDA & IBRD total,2003,10.7091968548808,57.2423697149221,65.0336477766063,19.8962407567532,27.4990846528317,2.85734145713211,,5341840046.0
IBT,IDA & IBRD total,2004,10.7119367837596,57.9579182178703,64.7575047768505,20.5635677550165,26.1171565862039,2.71291834369658,,5417128229.0
IBT,IDA & IBRD total,2005,10.755589699257,58.7623435386983,66.1962531048834,21.169330148198,25.0826783272947,2.67393415269195,,5492481030.0
IBT,IDA & IBRD total,2006,10.8065548252976,59.5089024887134,66.9230766332197,21.8828284739546,24.4584394602454,2.71692189520123,,5568236362.0
IBT,IDA & IBRD total,2007,10.8330169633929,60.3135483053692,67.0130763440327,22.6083257441067,23.5801717590485,2.74840570082686,,5643505923.0
IBT,IDA & IBRD total,2008,10.8343508808062,61.1323623218924,68.9106201692126,23.6056204676942,23.1916933385608,2.53562483211171,,5720065907.0
IBT,IDA & IBRD total,2009,10.8767965629245,61.9668463689047,70.534061352689,24.6282760995267,23.1681701232033,2.63950776172088,,5797994405.0
IBT,IDA & IBRD total,2010,10.918146753711,62.8068156780173,71.2405118359219,25.9838638150702,22.2914952493169,2.37638763204112,,5876645582.0
IBT,IDA & IBRD total,2011,10.9671122365262,63.6624484007281,72.4637318689025,27.3987221564596,21.5080308989151,3.18494964827628,,5956718993.0
IBT,IDA & IBRD total,2012,10.9517460135909,62.8619301980065,73.1609844174315,28.9855647694999,21.3971364601676,2.56237251075526,,6038958543.0
IBT,IDA & IBRD total,2013,10.9792468593515,63.7107627610086,74.3180079218715,30.813726739116,21.5681055110978,2.64678634487318,,6120456890.0
IBT,IDA & IBRD total,2014,10.9831287753696,64.5561787737467,74.5340719432941,32.7945873229577,21.5287778759064,2.51363391966302,,6201607778.0
IBT,IDA & IBRD total,2015,11.0268516638012,65.3794503123962,75.0423465694592,34.9548415183787,21.6163623919511,2.53165386611092,,6280961830.0
IBT,IDA & IBRD total,2016,11.0448811397934,66.2039448504935,77.766762198087,37.2571167949393,21.8132582722264,2.38061763636378,,6360153661.0
IBT,IDA & IBRD total,2017,11.0468741234567,67.0396174172364,79.5666022486073,39.5788904471339,21.8333716725747,2.29473054448995,,6440011821.0
IBT,IDA & IBRD total,2018,11.0595374302639,67.8520171826622,80.7251644697994,41.8705937313166,21.9590062576992,2.26208418247149,,6518058354.0
IBT,IDA & IBRD total,2019,11.0312376852324,68.6449514027532,81.4421132770678,44.2554218519052,22.4318628279228,2.09919626123926,,6594216452.0
IBT,IDA & IBRD total,2020,11.0646851495088,69.3993312422842,81.8034301447197,46.5397266566674,23.435247290857,1.82267902756658,,6666470352.0
IBT,IDA & IBRD total,2021,11.0754483849745,70.0772904413303,83.4400180777669,48.8159815463826,,1.87279313659997,,6732651035.0
IBT,IDA & IBRD total,2022,11.0760123192226,70.7232305099167,82.964353224126,50.9331322889227,,1.50286178115961,,6794724390.0
IDB,IDA blend,1990,16.9110334179729,67.3091769099612,,,59.1838307141746,4.35061162811102,,300366368.0
IDB,IDA blend,1991,17.1815516368459,69.3540339039731,,,59.2684634194499,4.28822559604229,,309491517.0
IDB,IDA blend,1992,16.8677879031674,65.1278917192615,,,59.9077616761631,4.10648247501224,,318337815.0
IDB,IDA blend,1993,16.9668684546534,66.9287717112628,,,59.975270861053,4.01581737055901,,327140314.0
IDB,IDA blend,1994,17.3065781477737,68.7610779577643,,,61.2096290598787,3.99148189844397,,336096421.0
IDB,IDA blend,1995,17.7305140205546,70.6495814865923,,,61.5601804472698,3.99599450605783,,345327214.0
IDB,IDA blend,1996,17.6697730371914,72.60024131365,,,61.4657403543909,4.00208430795788,,354861820.0
IDB,IDA blend,1997,17.787603078705,74.5700147143932,,,61.0329102815095,3.94811204238837,,364489851.0
IDB,IDA blend,1998,17.9349670235155,76.5694663752713,39.2443779927615,,59.8885425027835,3.91016036844955,,374262946.0
IDB,IDA blend,1999,18.2474000460907,78.5652923390356,40.5278930509344,,59.2094645639843,3.82930283384504,,384018319.0
IDB,IDA blend,2000,18.2008174414083,80.4600939070839,40.2294490562314,6.15665670578858,58.7954757830609,3.87941454099588,,394129957.0
IDB,IDA blend,2001,18.4155286619273,82.6111587109078,41.3182654242053,6.31978759360959,58.9012101457864,3.98952626048011,,404662385.0
IDB,IDA blend,2002,18.4095675300708,84.7083095999817,42.2647614613508,6.56236995569507,59.097088474877,3.92535452553519,,414935066.0
IDB,IDA blend,2003,18.4149623765961,86.827203743006,45.6771786568537,6.72879307831994,59.3760404153803,3.92633505022349,,425311302.0
IDB,IDA blend,2004,18.2870092408702,89.0398379217651,44.3696601859318,6.98606684746527,59.3834807906034,3.96919740585711,,436147454.0
IDB,IDA blend,2005,18.2790622876365,91.2826088936342,45.6005032556417,7.23964614304385,60.1143669239581,3.91268998914355,,447132945.0
IDB,IDA blend,2006,18.3606984982809,93.581637179149,46.7700828085766,7.54448833026122,59.7728436369701,3.86843959025622,,458394453.0
IDB,IDA blend,2007,18.3271593973778,96.0455757341829,47.4997425392877,7.92568601555306,59.7989247311828,3.83216060540747,,470476526.0
IDB,IDA blend,2008,18.2357247564656,98.5976026018541,49.1793270854737,8.28921382667631,59.8816457785291,3.73047909842834,,482975881.0
IDB,IDA blend,2009,18.4377079753272,101.177378451267,48.6894318959113,8.79039275924131,61.5456166448889,3.55065489345903,,495610570.0
IDB,IDA blend,2010,18.2744634812001,103.794019345103,51.1573823190451,9.30385310395161,60.5940711914845,3.4305363953834,,508422508.0
IDB,IDA blend,2011,18.570161760784,106.36032982086,55.1309764793267,9.8120601580192,60.1995707840284,3.37024450260082,,520984443.0
IDB,IDA blend,2012,18.6487512724881,108.809489445231,54.9703040667656,10.4297177317873,62.2040325368952,3.23033961365097,,532980174.0
IDB,IDA blend,2013,18.745038737206,111.149837248575,57.0867863576231,11.1076631920056,61.9371685909771,3.0824530916283,,544442648.0
IDB,IDA blend,2014,18.6581837606758,113.482474604471,55.5520968494263,11.91261150121,61.535451528507,3.05281324396031,,555868551.0
IDB,IDA blend,2015,18.6975394061947,115.689153675963,56.4932157368537,12.740945481096,61.7521936459909,3.01943686135454,,567234056.0
IDB,IDA blend,2016,18.8537414863108,117.979685012637,60.5837384844247,13.7277364459099,60.4836460271951,2.99562112349822,,578463670.0
IDB,IDA blend,2017,18.8489975784812,120.337543397582,58.7978008172553,14.7383969905851,59.7969449026188,3.01347978676695,,590024074.0
IDB,IDA blend,2018,19.0129116758433,122.770294331703,62.353399527024,15.8848283017049,60.0455922831853,3.02089089584863,,601951913.0
IDB,IDA blend,2019,18.9697307362377,125.231895343451,62.5363776232081,17.1940275191814,60.7067624481493,3.02704575509825,,614017319.0
IDB,IDA blend,2020,19.0123309837107,127.763150420736,63.1492397824999,18.6093288351104,60.0736911684857,3.11350109111933,,626440308.0
IDB,IDA blend,2021,18.8871024647201,130.364672327845,64.3989022960687,20.1104855374151,,3.13972516462779,,639196319.0
IDB,IDA blend,2022,18.8665903600489,132.954794448531,64.8924509417867,21.5514127497788,,3.10339468592403,,651895919.0
IDX,IDA only,1990,7.1346241518317,35.2322435575554,,,75.3831138327321,4.02216114961151,,574789532.0
IDX,IDA only,1991,7.20970886943513,36.0832910618722,,,76.0124927213137,4.0721157197152,,588705533.0
IDX,IDA only,1992,7.20641120630526,36.2887256664046,,,77.7057673476839,3.90922574479327,,604096384.0
IDX,IDA only,1993,7.44603026586674,34.9737600591933,,,79.1203545557254,3.95853957448787,,620712335.0
IDX,IDA only,1994,7.44284814754711,35.9209188693255,,,79.8089848157581,4.02493016225311,,637273776.0
IDX,IDA only,1995,7.55676495185641,36.8608478057717,,,79.3798535638404,3.91060135316641,,653949075.0
IDX,IDA only,1996,7.66944170142468,37.8157914361299,,,78.37885521287,3.70687699584205,,670890750.0
IDX,IDA only,1997,7.72913381219798,38.7717385036633,,,77.8462844702467,3.68002105724242,,687850227.0
IDX,IDA only,1998,7.75017286238407,39.7334647199843,,,77.1660634689243,3.72703759944044,,704912232.0
IDX,IDA only,1999,7.8142929388781,40.7025960343545,,,77.5074243250614,3.72303083898828,,722105611.0
IDX,IDA only,2000,7.82660985998747,41.6690060198843,17.5097074960062,4.21986115135425,77.4297504047491,3.72013732868448,,739265295.0
IDX,IDA only,2001,7.86552876696299,42.6464099082309,20.9571135448364,4.40658405907832,76.6386299861006,3.74226284039394,,756605780.0
IDX,IDA only,2002,7.9326326967054,43.6821768734784,22.7702509868744,4.61092947426372,76.2397735224887,3.860033274104,,774981706.0
IDX,IDA only,2003,8.1318898305978,44.7406982658032,19.1120169627673,4.80399023592182,75.598263871884,3.91700801390787,,793752826.0
IDX,IDA only,2004,8.1716207179102,45.4107123697434,19.1014349467714,5.02697308266006,75.0011327841767,3.91210812656084,,812304004.0
IDX,IDA only,2005,8.3372894532353,46.470791167017,20.2478129572045,5.24093516906345,73.8050436381383,3.93316226731445,,831265940.0
IDX,IDA only,2006,8.44062477727264,47.5743961978219,24.2386948005674,5.50751898739938,73.3938956177054,4.01047148294533,,851014854.0
IDX,IDA only,2007,8.58240547379807,48.6892055075049,21.1945689730974,5.78262938479262,71.8570857444585,3.89205549066971,,870961847.0
IDX,IDA only,2008,8.72166745639897,49.8020355083412,24.5327581173125,6.05731436260586,71.6010224669511,3.99952745303155,,890856012.0
IDX,IDA only,2009,8.89447085970464,50.9277744726185,28.4701582781032,6.27566966811382,71.6363429921907,3.76561504907413,,910994308.0
IDX,IDA only,2010,9.10913990471004,52.0727118581478,26.9808298585847,6.55553662452978,70.5576135766612,3.701611446119,,931508127.0
IDX,IDA only,2011,9.26492835330792,53.2498372182488,27.6351356724267,6.80428593976878,69.9942562944391,3.7580888645014,,952581923.0
IDX,IDA only,2012,9.40326213570809,47.7655485211288,31.056817506331,6.9117068185483,69.2375680788855,3.88392622410471,,973877784.0
IDX,IDA only,2013,9.52463108125389,48.7554670907223,31.2386767057004,6.96075872728297,70.0688971913976,3.71288920060804,,994055686.0
IDX,IDA only,2014,9.61484453185379,49.7921471241083,31.4360608924257,7.22506123706267,69.5857709069388,3.34410787359921,,1015131349.0
IDX,IDA only,2015,9.70434440022015,50.864452516561,32.6822571348417,7.62445797846622,69.2695625897768,3.21618597893032,,1036954223.0
IDX,IDA only,2016,9.81821120877637,52.0015998511586,38.9845253927512,8.10638477014085,68.2872983784982,3.37503281787151,,1060123021.0
IDX,IDA only,2017,9.93566346503479,53.1835769718324,43.8997785224331,8.6312775932765,67.1926478978048,3.46196462888603,,1084214336.0
IDX,IDA only,2018,10.0326610811272,54.4056735061853,42.7227429072395,9.18124064847157,66.0568216095439,3.52645418680087,,1109124621.0
IDX,IDA only,2019,10.0391014812142,55.681005468268,45.2085904541262,9.77570111758406,66.1344154982874,3.52475324806292,,1135124109.0
IDX,IDA only,2020,10.074152168001,56.9864757487285,46.2247156522613,10.4124604330189,67.3560634206125,3.44531390740646,,1161733317.0
IDX,IDA only,2021,10.1302505089828,58.2868067553552,47.7400394489777,11.0697128586105,,3.36702587663424,,1188242200.0
IDX,IDA only,2022,10.1781349465772,59.576784263874,47.8611084828854,11.7792566546001,,3.35806369183052,,1214632171.0
IDA,IDA total,1990,9.23442709703401,42.1218018848869,,,66.9784484359233,4.1625211955446,,875155900.0
IDA,IDA total,1991,9.35139682583061,43.2289559128324,,,67.2593276590339,4.16461215235829,,898197050.0
IDA,IDA total,1992,9.39931385325634,42.8345211007666,,,68.3437531466331,3.99375273392962,,922434199.0
IDA,IDA total,1993,9.50192330741142,41.8739927620446,,,68.9369704699761,3.98310168305935,,947852649.0
IDA,IDA total,1994,9.57343554816126,43.0144561443788,,,70.0215397421799,4.01058575911469,,973370197.0
IDA,IDA total,1995,9.75431715394226,44.1592790099655,,,70.1586524561145,3.94722793348281,,999276289.0
IDA,IDA total,1996,9.82953529132039,45.329299246306,,,69.6558692720438,3.83363407752289,,1025752570.0
IDA,IDA total,1997,9.90178532315703,46.5042347440016,,,69.1358829084042,3.79531988141931,,1052340078.0
IDA,IDA total,1998,9.9501108287575,47.6901116443194,,,68.1842735422387,3.80589512601044,,1079175178.0
IDA,IDA total,1999,10.0678670484061,48.8810109697995,,,67.9488241997981,3.76883208826635,,1106123930.0
IDA,IDA total,2000,10.0712223807238,50.0620177755881,26.0134439393398,4.82502969578452,67.6196746762415,3.78883470645223,,1133395252.0
IDA,IDA total,2001,10.1481568232577,51.2932854443478,29.1402446751086,5.00445171237879,67.3222664226306,3.84903258610827,,1161268165.0
IDA,IDA total,2002,10.1994521879574,52.5586961571558,30.5195388815495,5.21978019349929,67.2435642247321,3.88826441096079,,1189916772.0
IDA,IDA total,2003,10.3567712948961,53.8466694076021,28.1059147836439,5.40340743106448,67.1356806109481,3.92103991222601,,1219064128.0
IDA,IDA total,2004,10.3461172486505,54.7896163071281,27.6125742301303,5.63656239827674,66.8527540120632,3.93679137618913,,1248451458.0
IDA,IDA total,2005,10.4744639839613,56.1039371889656,28.8633368274129,5.86230712117755,66.7599113045394,3.92430990702749,,1278398885.0
IDA,IDA total,2006,10.573119838718,57.4644522370557,31.8474865941327,6.14021277282039,66.3967663862666,3.94908419303342,,1309409307.0
IDA,IDA total,2007,10.677247637168,58.8694513325759,29.531284758402,6.44862529287076,65.6601255015347,3.86618329408589,,1341438373.0
IDA,IDA total,2008,10.7669331615358,60.2917525026172,32.6856668545291,6.75239271651727,65.5967479591471,3.88341788075447,,1373831893.0
IDA,IDA total,2009,10.9460001884156,61.7300210631151,35.5987248667918,7.06047064680976,66.5353503378893,3.67297518767446,,1406604878.0
IDA,IDA total,2010,11.0793564896728,63.1909274670047,35.2895824650106,7.41516875430591,65.4798262712482,3.58494966639461,,1439930635.0
IDA,IDA total,2011,11.2651664633425,64.6663688445888,36.9708082765926,7.74632093327327,64.9875878296829,3.59148659214901,,1473566366.0
IDA,IDA total,2012,11.1941874283059,59.5902347483495,39.2451671957877,8.01438871443139,65.6347840271434,3.60400542593655,,1506857958.0
IDA,IDA total,2013,11.3107022732581,60.8417716261234,39.9494325250137,8.26166085639333,65.9170351063927,3.44387398922655,,1538498334.0
IDA,IDA total,2014,11.3667006498816,62.1300849868292,39.3734933870142,8.69368211053519,65.5180418773844,3.22013701221538,,1570999900.0
IDA,IDA total,2015,11.4479184040707,63.4324586140116,40.2406058033476,9.22345264292651,65.4970691927081,3.13256969515554,,1604188279.0
IDA,IDA total,2016,11.570008828863,64.7933355771926,45.9824142814988,9.85700304496182,64.3516706620498,3.21405391912394,,1638586691.0
IDA,IDA total,2017,11.6637752707179,66.2033317611789,48.7563905503397,10.5265362222044,63.4625486644428,3.27213232603172,,1674238410.0
IDA,IDA total,2018,11.7737510033242,67.6601823751493,49.043072541936,11.2547025793415,63.0596732632859,3.31305051528907,,1711076534.0
IDA,IDA total,2019,11.770561317161,69.1654337294484,50.7969929601863,12.0608438955951,63.4454503938806,3.31527437659722,,1749141428.0
IDA,IDA total,2020,11.8071080255839,70.708813372764,51.57422482379,12.9255373515392,63.7525629244284,3.30599337474942,,1788173625.0
IDA,IDA total,2021,11.8280509097335,72.2614273728886,52.9823407836622,13.8292561580265,,3.2717423077696,,1827438519.0
IDA,IDA total,2022,11.862570956153,73.8026057901326,53.070563635923,14.7491532150061,,3.2514568328759,,1866528090.0
ISL,Iceland,1990,1.35660847880299,2.54190523690773,100.0,,54.7,1.00771541768403,,254826.0
ISL,Iceland,1991,1.35660847880299,2.57154114713217,100.0,,54.8,1.48446388937348,,257797.0
ISL,Iceland,1992,1.35660847880299,2.60405985037406,100.0,,54.6,1.52538942534179,,261057.0
ISL,Iceland,1993,1.34663341645885,2.63067331670823,100.0,,54.7,1.18193277950481,,263725.0
ISL,Iceland,1994,1.34663341645885,2.65357605985037,100.0,,54.2,1.03462164195773,,266021.0
ISL,Iceland,1995,1.34663341645885,2.66800997506234,100.0,,55.7,0.750643903223164,,267468.0
ISL,Iceland,1996,1.33665835411471,2.68245386533666,100.0,,52.3,0.758008917183849,,268916.0
ISL,Iceland,1997,1.32668329177057,2.7045187032419,100.0,,54.9,1.01358071311857,,271128.0
ISL,Iceland,1998,1.29675810473815,2.73363591022444,100.0,,57.2,0.697393005523463,,274047.0
ISL,Iceland,1999,1.28678304239401,2.7668927680798,100.0,,59.8,1.35759066615589,,277381.0
ISL,Iceland,2000,1.28678304239401,2.80503740648379,100.0,100.0,60.7,1.53835400093893,,281205.0
ISL,Iceland,2001,1.28678304239401,2.84257356608479,100.0,100.0,62.1,1.41368716675525,,284968.0
ISL,Iceland,2002,1.28678304239401,2.86805985037406,100.0,100.0,61.9,1.02522986905101,,287523.0
ISL,Iceland,2003,1.28678304239401,2.88799002493766,100.0,100.0,61.9,0.861928544594206,,289521.0
ISL,Iceland,2004,1.28678304239401,2.91345635910224,100.0,100.0,61.9,1.00171511175715,,292074.0
ISL,Iceland,2005,1.28678304239401,2.95994014962594,100.0,100.0,62.7,1.51739166734219,,296734.0
ISL,Iceland,2006,1.28678304239401,3.03024438902743,100.0,100.0,64.2,2.14989866063453,,303782.0
ISL,Iceland,2007,1.24688279301746,3.10789027431421,100.0,100.0,67.6,2.71044119477439,,311566.0
ISL,Iceland,2008,1.24688279301746,3.16622443890274,100.0,100.0,74.0,2.61792451787009,,317414.0
ISL,Iceland,2009,1.23690773067332,3.17704738154613,100.0,100.0,74.7,0.748377490973193,,318499.0
ISL,Iceland,2010,1.22693266832918,3.17247880299252,100.0,100.0,76.0,-0.12843446229353,,318041.0
ISL,Iceland,2011,1.21895261845387,3.18218453865337,100.0,100.0,77.1,0.254355169044416,58060.4237105398,319014.0
ISL,Iceland,2012,1.20897755610973,3.19916209476309,100.0,100.0,77.7,0.643241763573145,52986.7577185341,320716.0
ISL,Iceland,2013,1.20897755610973,3.22956608478803,100.0,100.0,76.8,1.05471165809994,59032.9040067568,323764.0
ISL,Iceland,2014,1.20897755610973,3.2656957605985,100.0,100.0,77.6,1.11583437782441,62024.5137328421,327386.0
ISL,Iceland,2015,1.2069825436409,3.29990024937656,100.0,100.0,78.0,1.15739479748277,52480.1588048268,330815.0
ISL,Iceland,2016,1.2069825436409,3.34602493765586,100.0,100.0,80.9,1.44595954312237,52468.5210219759,335439.0
ISL,Iceland,2017,1.2069825436409,3.42543640897756,100.0,100.0,80.8,2.33471439247147,53755.9747487648,343400.0
ISL,Iceland,2018,1.20003967073292,3.49817514628583,100.0,100.0,81.4,2.76412550127473,51618.8326799916,352721.0
ISL,Iceland,2019,1.20003967073292,3.5759496181692,100.0,100.0,81.7,2.33155056549321,27021.6833812574,360563.0
ISL,Iceland,2020,1.20003967073292,3.63446394922146,100.0,100.0,82.9,1.79261713262557,23602.5259674363,366463.0
ISL,Iceland,2021,1.20003967073292,3.69453535654071,100.0,100.0,82.4,1.71803113522722,27386.3286496569,372520.0
ISL,Iceland,2022,1.20003967073292,3.78858474660319,100.0,100.0,,2.47958797737299,,382003.0
IND,India,1990,54.9776502678941,290.923964159707,,,53.0,2.96595033376523,1725514337.55749,864972221.0
IND,India,1991,54.884484341734,297.299398962058,,,52.0,2.95191798872441,1685805419.23894,883927600.0
IND,India,1992,54.7243869379354,303.699753463452,,,51.5,2.90701465061509,1759507906.87413,902957070.0
IND,India,1993,54.6840262479021,310.144453264003,39.5803384393815,,51.5,2.85113984742116,1732585903.24045,922118387.0
IND,India,1994,54.6635095638018,316.550158920217,37.1160057221975,,50.5,2.78363663627483,1471673022.16889,941163767.0
IND,India,1995,54.456997366465,322.986773129198,38.9281807323758,,49.5,2.75028974249716,1764082535.0446,960301044.0
IND,India,1996,54.1590009383861,329.5041547967,40.7467406400792,,49.1,2.7428697140376,1645223490.12582,979678458.0
IND,India,1997,54.3527322505457,336.047733915424,42.5728005846051,,47.9,2.72877734893913,1575631747.79116,999133762.0
IND,India,1998,54.2881551464925,342.61687951325,44.4068679660777,,48.0,2.72471690086078,1527965205.50437,1018665080.0
IND,India,1999,54.1421839842055,349.195921888611,48.2933973590191,,47.1,2.72603044346746,1768889510.90862,1038225823.0
IND,India,2000,54.127048725443,355.82076254797,49.2,6.6,46.9,2.74716354214945,1589403145.29979,1057922733.0
IND,India,2001,53.9235635798587,362.539418940599,51.2,7.2,47.1,2.79167632635927,1593347627.48201,1077898575.0
IND,India,2002,53.959551861805,369.165905979773,51.3,7.9,45.8,2.78430381700354,1913889068.86223,1097600380.0
IND,India,2003,53.7466492218795,375.624499611528,55.2,8.5,45.6,2.75957503853038,2061824827.29274,1116803006.0
IND,India,2004,53.7069612100135,382.078344471763,53.4,9.2,44.9,2.77480790295643,1721809752.91273,1135991513.0
IND,India,2005,53.6272488471978,388.36277600826,59.3,9.7,44.2,2.74412999366421,1738631013.39135,1154676322.0
IND,India,2006,53.3642316838144,394.485011048739,57.3,10.4,43.2,2.7138445773411,2651990439.03782,1172878890.0
IND,India,2007,53.1489746703036,400.470881780175,63.5,11.1,41.5,2.68838973840524,3671592938.97594,1190676021.0
IND,India,2008,53.1398935150461,406.274393496547,65.7,12.0,39.4,2.6496554632103,3588356499.37143,1207930964.0
IND,India,2009,53.1160134401098,412.191872366045,65.7,13.0,37.4,2.68133844908469,3478216696.5645,1225524753.0
IND,India,2010,52.8082631786061,418.231449722352,68.4,14.6,36.2,2.71046640355998,6309659253.99026,1243481564.0
IND,India,2011,52.7981730060978,424.199245255096,72.3,16.4,35.0,2.60834363267832,6410078914.7224,1261224954.0
IND,India,2012,52.6525381828945,430.068210238834,72.4,18.6,34.8,2.37699314592326,5657135959.42675,1278674502.0
IND,India,2013,52.617558918199,435.838110245225,76.8,21.4,34.9,2.33991754994745,5192802318.99555,1295829511.0
IND,India,2014,52.6246220389548,441.370107863944,79.4,24.3,33.9,2.25647131147126,5404322257.59014,1312277191.0
IND,India,2015,52.6078050847743,446.666542669658,83.4,28.0,33.4,2.17617533145353,6205681999.51733,1328024498.0
IND,India,2016,52.5755165327477,452.020992940243,85.3,32.0,33.0,2.16325487902533,6837083487.00414,1343944296.0
IND,India,2017,52.433581439464,457.30592394028,88.3,36.4,32.5,2.12248866445848,5483081651.43331,1359657400.0
IND,India,2018,52.2933280415984,462.351569862673,93.9,41.1,32.9,2.0460160617663,4022909294.65037,1374659064.0
IND,India,2019,52.2566670814849,467.185182245332,93.8,46.0,33.5,1.97750804279549,4414061994.92499,1389030312.0
IND,India,2020,51.9383557727559,471.755150192218,95.2,51.0,36.1,1.89985832105548,4968812968.63129,1402617695.0
IND,India,2021,51.8513672856427,475.652042419085,99.3,56.1,34.9,1.73813803578169,5105130334.21007,1414203896.0
IND,India,2022,51.8054794009128,479.425536881262,99.3,60.8,,1.69490092263281,,1425423212.0
IDN,Indonesia,1990,11.1798053621996,101.293959383297,,,59.2,5.01186639039487,0.0,183501098.0
IDN,Indonesia,1991,9.9808453440938,103.10296483161,31.0102974111406,,58.4,5.00121861537643,0.0,186778238.0
IDN,Indonesia,1992,9.99409352108944,104.905548226124,53.9080861122565,,57.5,5.13156855397067,0.0,190043744.0
IDN,Indonesia,1993,10.0073416980851,106.705878326534,36.0552411207731,,56.1,5.20034825920534,0.0,193305168.0
IDN,Indonesia,1994,9.4536783011421,108.520138885056,45.7272995529469,,53.4,5.20230426568087,0.0,196591828.0
IDN,Indonesia,1995,9.5729118941029,110.339681602146,51.5194961892481,,50.7,5.12441027679786,0.0,199888057.0
IDN,Indonesia,1996,9.9035643116192,112.170298691191,59.3538893436862,,49.3,4.98957392144268,0.0,203204348.0
IDN,Indonesia,1997,9.9035643116192,114.00944760622,69.5752020967187,,47.6,4.79832692783227,0.0,206536095.0
IDN,Indonesia,1998,9.9035643116192,115.825934410484,71.7522400010796,,48.9,4.53280069545482,0.0,209826788.0
IDN,Indonesia,1999,9.9035643116192,117.580147606772,75.8106787190254,,45.8,4.19268004962208,0.0,213004668.0
IDN,Indonesia,2000,9.55569557485171,115.08687262286,79.6,1.7,45.6,3.82045814402057,0.0,216077790.0
IDN,Indonesia,2001,9.55569557485171,116.695437968937,79.2,2.2,44.3,3.54561596136928,0.0,219097902.0
IDN,Indonesia,2002,9.55569557485171,118.288280970792,81.1,2.9,44.7,3.38734585823671,0.0,222088495.0
IDN,Indonesia,2003,9.55569557485171,119.864570212072,79.8,3.7,43.0,3.24159691103248,0.0,225048008.0
IDN,Indonesia,2004,9.5512378836113,121.397785588322,82.9,4.9,41.5,3.08615306919124,0.0,227926649.0
IDN,Indonesia,2005,9.54678019237089,122.966345480392,74.7,6.7,41.6,3.0064894781374,0.0,230871650.0
IDN,Indonesia,2006,9.54232250113048,124.606809305259,85.1,8.7,40.1,2.96491038303978,0.0,233951652.0
IDN,Indonesia,2007,9.53786480989007,126.263615441442,84.7,11.3,40.0,2.8862360170776,0.0,237062337.0
IDN,Indonesia,2008,9.53340711864966,127.912368929422,88.2,14.8,41.1,2.79658074920626,0.0,240157903.0
IDN,Indonesia,2009,9.52894942740926,129.543311146252,88.4,18.5,38.2,2.70769171130937,0.0,243220028.0
IDN,Indonesia,2010,9.52449173616885,131.186593584406,89.4,22.9,36.0,2.64287044610157,0.0,246305322.0
IDN,Indonesia,2011,9.52003404492844,132.872174396105,90.2,27.9,32.4,2.53421908807298,0.0,249470032.0
IDN,Indonesia,2012,9.51557635368803,134.591727167608,92.6,33.1,30.1,2.61678137317138,0.0,252698525.0
IDN,Indonesia,2013,9.51111866244762,136.271572751061,93.0,38.8,30.6,2.54412753349937,0.0,255852467.0
IDN,Indonesia,2014,9.50666097120722,137.882705314833,94.0,44.6,29.3,2.45872531939777,0.0,258877399.0
IDN,Indonesia,2015,9.50220327996681,139.438934572699,94.9,50.6,26.6,2.39395586558881,0.0,261799249.0
IDN,Indonesia,2016,9.4977455887264,140.945267664402,95.1,56.1,27.8,2.27183339757092,0.0,264627418.0
IDN,Indonesia,2017,9.49328789748599,142.393583234045,96.0,61.3,25.2,2.20746225144714,0.0,267346658.0
IDN,Indonesia,2018,9.48883020624558,143.781152680745,96.8,66.1,22.0,2.14106407789818,0.0,269951846.0
IDN,Indonesia,2019,9.48437251500517,145.132688936836,97.5,70.5,19.8,2.09504868385799,0.0,272489381.0
IDN,Indonesia,2020,9.47991482376477,146.371283592869,93.5,74.4,21.9,1.81452799005677,0.0,274814866.0
IDN,Indonesia,2021,9.40017404086973,146.235107708626,98.2,78.2,20.2,1.76093756390187,0.0,276758053.0
IDN,Indonesia,2022,9.39575176626131,147.330175215419,98.2,81.3,,1.82554396201775,,278830529.0
IRN,"Iran, Islamic Rep.",1990,9.32611311672684,35.8432746383752,,,1.2,3.89090286934807,0.0,58380092.0
IRN,"Iran, Islamic Rep.",1991,10.2415334364793,36.8298159335937,,,1.2,3.48823868921545,0.0,59986931.0
IRN,"Iran, Islamic Rep.",1992,10.4183550676588,37.5653767283086,,,1.4,3.63464521442373,0.0,61184983.0
IRN,"Iran, Islamic Rep.",1993,10.6412239986247,37.699564699526,,,1.5,1.80728556116323,0.0,61403543.0
IRN,"Iran, Islamic Rep.",1994,10.6442938186105,37.7714322552126,,,1.1,1.6411500827919,0.0,61520598.0
IRN,"Iran, Islamic Rep.",1995,10.6756059824652,38.1919785603772,,,1.0,2.55796637336029,0.0,62205567.0
IRN,"Iran, Islamic Rep.",1996,10.4969424592942,38.6068542940642,,,1.0,2.13216813504948,0.0,62881300.0
IRN,"Iran, Islamic Rep.",1997,10.1316338809892,39.0724465237358,,,0.9,2.90675665965373,0.0,63639638.0
IRN,"Iran, Islamic Rep.",1998,10.3373118200349,39.6128705272723,,,0.8,2.63933383692798,0.0,64519859.0
IRN,"Iran, Islamic Rep.",1999,10.0303298214593,40.1811138534836,,,0.6,2.69511027847903,0.0,65445391.0
IRN,"Iran, Islamic Rep.",2000,9.16279869348461,40.778665365063,94.2,83.25,0.4,2.6748660354635,0.0,66418659.0
IRN,"Iran, Islamic Rep.",2001,9.73808295881529,41.4131026056632,94.7,85.0,0.5,2.68321137769338,0.0,67452005.0
IRN,"Iran, Islamic Rep.",2002,9.8412289103367,41.7565000368378,94.9,86.25,0.7,1.90902331504455,0.0,68011317.0
IRN,"Iran, Islamic Rep.",2003,9.9443748618581,42.2218988678504,95.2,87.3,0.8,2.13119250089634,0.0,68769340.0
IRN,"Iran, Islamic Rep.",2004,10.0475208133795,43.1348485964783,95.4,88.3,0.7,3.11308440643363,0.0,70256316.0
IRN,"Iran, Islamic Rep.",2005,10.1506667649009,44.1000853409956,95.7,89.5,1.4,3.12203832482132,0.0,71828455.0
IRN,"Iran, Islamic Rep.",2006,10.2538127164223,45.0605043100273,95.0,90.1,1.4,2.79961943625756,0.0,73392747.0
IRN,"Iran, Islamic Rep.",2007,10.3569586679437,45.8033399641445,96.2,90.7,1.3,2.35857317074097,0.0,74602648.0
IRN,"Iran, Islamic Rep.",2008,9.54407033571551,46.3630025295317,96.6,91.5,0.7,2.04353825930913,0.0,75514204.0
IRN,"Iran, Islamic Rep.",2009,9.55696357965569,46.9423518504875,99.0,91.9,0.8,2.11876431749892,0.0,76457825.0
IRN,"Iran, Islamic Rep.",2010,9.44890591615708,47.5336096171321,98.3,92.4,0.9,2.13246162558843,0.0,77420842.0
IRN,"Iran, Islamic Rep.",2011,9.34084825265846,48.1247071391734,98.3,92.6,0.9,2.07470457348419,0.0,78383598.0
IRN,"Iran, Islamic Rep.",2012,9.23279058915985,48.7306785530097,98.4,92.8,0.9,2.03374542048051,0.0,79370580.0
IRN,"Iran, Islamic Rep.",2013,9.01728922615978,49.3717220462192,99.4,93.1,1.0,2.05617955741136,0.0,80414686.0
IRN,"Iran, Islamic Rep.",2014,9.01728922615978,50.0393213241976,100.0,93.3,0.9,2.07254598370063,0.0,81502045.0
IRN,"Iran, Islamic Rep.",2015,9.01728922615978,50.7253137356025,99.8,93.5,0.9,2.07811544941703,0.0,82619362.0
IRN,"Iran, Islamic Rep.",2016,9.01728922615978,51.4576905130283,99.8,93.4,1.0,2.14455177475144,0.0,83812228.0
IRN,"Iran, Islamic Rep.",2017,9.32758089368259,52.4047790446841,99.8,93.5,1.0,2.14220311569348,0.0,85026754.0
IRN,"Iran, Islamic Rep.",2018,9.60308166409861,53.0773485362096,100.0,93.6,1.0,1.81443237055824,0.0,86117998.0
IRN,"Iran, Islamic Rep.",2019,9.6271186440678,53.6527876733436,100.0,93.5,1.0,1.61223873464224,0.0,87051648.0
IRN,"Iran, Islamic Rep.",2020,9.6517719568567,54.0668369799692,100.0,93.5,0.9,1.29229367371229,0.0,87723443.0
IRN,"Iran, Islamic Rep.",2021,9.67580893682589,54.518020338983,100.0,93.3,0.9,1.35084522567964,0.0,88455488.0
IRN,"Iran, Islamic Rep.",2022,9.67580893682589,55.1767309707242,100.0,93.5,,1.64949198291705,,89524246.0
IRQ,Iraq,1990,11.4319683563116,40.1975581315591,,,1.6,0.839190879957628,1948192.18454417,17581206.0
IRQ,Iraq,1991,12.3465258248165,40.6229348149164,,,0.8,0.541712785851965,2519068.3201801,17767253.0
IRQ,Iraq,1992,12.1178864576903,41.8429361867526,,,0.5,2.38382612395255,2219064.29484345,18300845.0
IRQ,Iraq,1993,12.803804559069,43.9014907286737,,,0.4,4.2098283242487,2874437.06064712,19201195.0
IRQ,Iraq,1994,11.5462880398747,46.0475272652445,,,0.4,4.21016468051876,1140872.24330926,20139807.0
IRQ,Iraq,1995,10.9746896220591,47.6161145025951,,,0.4,2.86647950689255,1905260.23340232,20825860.0
IRQ,Iraq,1996,10.9746896220591,49.1604842581796,,,0.4,2.83748307172098,2319741.70337249,21501321.0
IRQ,Iraq,1997,10.0601321535542,50.7044218853602,,,0.4,2.92011096279509,3201048.76847291,22176593.0
IRQ,Iraq,1998,10.0601321535542,52.3227450442417,,,0.4,3.14504871686816,4138280.53673442,22884399.0
IRQ,Iraq,1999,9.83149278642797,54.0424057434209,,,0.4,3.31154691702967,5594639.15998936,23636527.0
IRQ,Iraq,2000,9.83149278642797,55.8430070649564,91.3,46.9,0.4,3.40915333628561,2586304.37712534,24424056.0
IRQ,Iraq,2001,9.83149278642797,57.6121819054805,91.8,52.8,0.3,3.29439679419147,3911171.89701658,25197840.0
IRQ,Iraq,2002,10.2887715206804,59.4612319089101,92.2,59.0,0.3,3.36822527388826,3722784.08523909,26006559.0
IRQ,Iraq,2003,10.2887715206804,61.281429910602,92.6,64.5,0.3,3.24814529112422,3939991.70850621,26802659.0
IRQ,Iraq,2004,10.2887715206804,63.0538857260443,93.0,70.05,0.4,3.0979873152546,2793259.3644961,27577878.0
IRQ,Iraq,2005,10.6317305713698,64.9506093239134,93.4,75.0,2.4,3.21438593466037,2766738.59744703,28407448.0
IRQ,Iraq,2006,10.9746896220591,65.4286187895832,93.4,79.1,2.6,0.978083844445856,3499902.87041494,28616515.0
IRQ,Iraq,2007,11.3176486727485,64.9143905617669,95.3,82.6,2.0,-0.559710124816692,3506661.92887157,28391607.0
IRQ,Iraq,2008,9.14557468504927,66.2391933603128,94.6,85.8,1.1,2.22456201212416,6261997.72269039,28971036.0
IRQ,Iraq,2009,8.40394179406889,69.2075105912691,95.0,88.5,1.2,3.85405009722464,6322792.04440282,30058206.0
IRQ,Iraq,2010,9.20979922637686,71.4803969423467,95.5,90.5,1.7,3.35318834206134,7768397.97559081,31045366.0
IRQ,Iraq,2011,9.90053416835513,74.0500644685946,93.5,92.2,1.1,3.62868217492157,7961444.12758194,32161424.0
IRQ,Iraq,2012,9.94312948977712,77.4885844538589,98.4,93.8,1.3,4.67914528644835,9005134.97797412,33654842.0
IRQ,Iraq,2013,10.5124525485571,81.2709362215752,96.9,95.0,1.5,5.04208929439101,8536724.08136894,35281989.0
IRQ,Iraq,2014,11.4459329967199,84.1918950171378,97.5,96.0,1.0,3.85049825533816,10670157.970641,36550059.0
IRQ,Iraq,2015,11.4459329967199,86.5194942505436,98.2,96.8,0.8,3.09083944537055,8957639.78298561,37560535.0
IRQ,Iraq,2016,11.4459329967199,88.6135586739395,98.8,97.45,0.9,2.37986064109657,6214540.64495993,38469627.0
IRQ,Iraq,2017,11.4459329967199,90.6123378358457,99.6,97.9,0.5,2.20490554096878,8861558.7405593,39337353.0
IRQ,Iraq,2018,11.4459329967199,92.7505804739616,99.9,98.3,0.5,2.30669328334418,7711678.24928235,40265624.0
IRQ,Iraq,2019,11.4458802662797,94.8844148066247,100.0,98.6,0.9,2.2633102268141,9348577.97662164,41192171.0
IRQ,Iraq,2020,11.4458802662797,97.0138092276507,100.0,98.9,1.1,2.21935377129703,7034963.73196322,42116605.0
IRQ,Iraq,2021,11.4458802662797,99.2127035680556,100.0,99.1,1.1,2.24120653185218,6727861.37784991,43071211.0
IRQ,Iraq,2022,11.4458802662797,101.514640775804,100.0,99.3,,2.2937207238424,,44070551.0
IRL,Ireland,1990,5.72797212948178,51.0084772826245,100.0,,2.3,0.309210288329856,0.0,3513974.0
IRL,Ireland,1991,5.68587603425751,51.3025838292931,100.0,,2.2,0.841637861409111,0.0,3534235.0
IRL,Ireland,1992,5.70329510814342,51.6537959065176,100.0,,2.2,1.00878371957482,0.0,3558430.0
IRL,Ireland,1993,5.86296995209755,51.9126288285673,100.0,,2.1,0.877376526143558,0.0,3576261.0
IRL,Ireland,1994,5.81071273043983,52.1176658440993,100.0,,2.2,0.800982302369506,0.0,3590386.0
IRL,Ireland,1995,5.75700391929162,52.3855566845696,100.0,,1.9,0.928139881149302,0.0,3608841.0
IRL,Ireland,1996,5.86006677311656,52.8017128755988,100.0,,2.0,1.19629763071954,0.0,3637510.0
IRL,Ireland,1997,6.16635215561039,53.3338800987081,100.0,,1.9,1.39996706955723,0.0,3674171.0
IRL,Ireland,1998,6.47263753810422,53.8931049499202,100.0,,2.3,1.44450351342067,0.0,3712696.0
IRL,Ireland,1999,6.77892292059805,54.5040789664683,100.0,,2.1,1.53445228079449,0.0,3754786.0
IRL,Ireland,2000,7.08520830309189,55.2355058789374,100.0,100.0,2.0,1.7479629551171,0.0,3805174.0
IRL,Ireland,2001,7.39149368558572,56.1219770648861,100.0,100.0,2.0,2.01677169595997,0.0,3866243.0
IRL,Ireland,2002,7.52213673973,57.075729423719,100.0,100.0,2.2,2.12260044200519,0.0,3931947.0
IRL,Ireland,2003,7.71127885034112,58.0130788213093,100.0,100.0,2.0,2.08950732665526,0.0,3996521.0
IRL,Ireland,2004,7.57221657715198,59.0834954274931,100.0,100.0,2.3,2.30696642826746,0.0,4070262.0
IRL,Ireland,2005,7.09377268108579,60.3848744375091,100.0,100.0,2.9,2.65733982740277,4459188.65380493,4159914.0
IRL,Ireland,2006,6.78008419219045,62.0349978226158,100.0,100.0,3.2,3.16125122897498,0.0,4273591.0
IRL,Ireland,2007,6.75642328349543,63.8545797648425,100.0,100.0,3.5,3.36676331661211,0.0,4398942.0
IRL,Ireland,2008,7.04964436057483,65.1697488750181,100.0,100.0,4.2,2.525541779799,0.0,4489544.0
IRL,Ireland,2009,6.71490782406735,65.8350268544056,100.0,100.0,5.3,1.47728896767132,0.0,4535375.0
IRL,Ireland,2010,6.37015532007548,66.1947307301495,100.0,100.0,5.3,0.947990814064616,0.0,4560155.0
IRL,Ireland,2011,6.66482798664538,66.4840179997097,100.0,100.0,7.0,0.752565598465323,0.0,4580084.0
IRL,Ireland,2012,7.00551604006387,66.7663376397155,100.0,100.0,6.9,0.690208598016633,0.0,4599533.0
IRL,Ireland,2013,6.8811148207287,67.1188271156917,100.0,100.0,7.7,0.770074479120179,0.0,4623816.0
IRL,Ireland,2014,6.7525039918711,67.6112643344462,100.0,100.0,8.8,0.940192827773099,0.0,4657740.0
IRL,Ireland,2015,6.57570039192916,68.2531136594571,100.0,100.0,9.5,1.11073085365773,0.0,4701957.0
IRL,Ireland,2016,6.69182755116853,69.1351720133546,100.0,100.0,8.6,1.41761754596201,0.0,4762722.0
IRL,Ireland,2017,6.69182755116853,70.0746842792858,100.0,100.0,10.1,1.63730061762284,0.0,4827445.0
IRL,Ireland,2018,6.54666860211932,71.0991725939904,100.0,100.0,10.8,1.73861557460969,0.0,4898022.0
IRL,Ireland,2019,6.43054144287995,72.237712294963,100.0,100.0,12.3,1.88821253224221,0.0,4976456.0
IRL,Ireland,2020,6.44505733778487,73.1564377993903,100.0,100.0,13.7,1.57565594952931,0.0,5039747.0
IRL,Ireland,2021,6.32893017854551,74.1847147626651,100.0,100.0,12.7,1.71996422325885,0.0,5110585.0
IRL,Ireland,2022,6.47408912759472,75.6689795325882,100.0,100.0,,2.31744458655651,,5212836.0
IMN,Isle of Man,1990,35.2631578947368,120.905263157895,100.0,,,1.86968988544079,,68916.0
IMN,Isle of Man,1991,34.9122807017544,122.470175438596,100.0,,,1.37414189283393,,69808.0
IMN,Isle of Man,1992,34.5614035087719,123.426315789474,100.0,,,0.802331328132624,,70353.0
IMN,Isle of Man,1993,34.2105263157895,124.161403508772,100.0,,,0.613246918718265,,70772.0
IMN,Isle of Man,1994,33.859649122807,124.856140350877,100.0,,,0.571523436800588,,71168.0
IMN,Isle of Man,1995,33.5087719298246,125.461403508772,100.0,,,0.495392250390246,,71513.0
IMN,Isle of Man,1996,33.1578947368421,126.398245614035,100.0,,,0.758618762083779,,72047.0
IMN,Isle of Man,1997,32.8070175438597,127.910526315789,100.0,,,1.20935918941784,,72909.0
IMN,Isle of Man,1998,32.4561403508772,129.580701754386,100.0,,,1.31779857241899,,73861.0
IMN,Isle of Man,1999,32.1052631578947,131.210526315789,100.0,,,1.26712156780983,,74790.0
IMN,Isle of Man,2000,31.7543859649123,132.735087719298,100.0,,,1.16969398252505,,75659.0
IMN,Isle of Man,2001,31.4035087719298,134.168421052632,100.0,,,1.07042418175947,,76476.0
IMN,Isle of Man,2002,32.4561403508772,135.570175438596,100.0,,1.5,0.85166764832307,,77275.0
IMN,Isle of Man,2003,30.8245614035088,136.928070175439,100.0,,1.1,0.628430995867918,,78049.0
IMN,Isle of Man,2004,31.7543859649123,138.231578947368,100.0,,6.3,0.533056910759677,,78792.0
IMN,Isle of Man,2005,31.2456140350877,139.501754385965,100.0,,2.7,0.591703114382633,,79516.0
IMN,Isle of Man,2006,49.0526315789474,140.866666666667,100.0,,3.3,0.883477963612018,,80294.0
IMN,Isle of Man,2007,48.280701754386,142.363157894737,100.0,,1.9,1.29271450875682,,81147.0
IMN,Isle of Man,2008,47.859649122807,143.910526315789,100.0,,1.3,1.53472789763996,,82029.0
IMN,Isle of Man,2009,44.9473684210526,145.50701754386,100.0,,1.9,1.6118012576544,,82939.0
IMN,Isle of Man,2010,44.5263157894737,147.145614035088,100.0,,1.9,1.52197969576258,,83873.0
IMN,Isle of Man,2011,43.8070175438597,148.038596491228,100.0,,2.9,0.768337456168902,,84382.0
IMN,Isle of Man,2012,37.719298245614,147.956140350877,100.0,,3.5,0.00455580865681701,,84335.0
IMN,Isle of Man,2013,38.4210526315789,147.615789473684,100.0,,2.1,-0.18239443281842,,84141.0
IMN,Isle of Man,2014,38.7719298245614,147.178947368421,100.0,,1.9,-0.258200282828427,,83892.0
IMN,Isle of Man,2015,41.9298245614035,146.654385964912,100.0,,2.2,-0.325412208233427,,83593.0
IMN,Isle of Man,2016,40.3508771929825,146.431578947368,100.0,,1.9,-0.121728560375175,,83466.0
IMN,Isle of Man,2017,40.7017543859649,146.682456140351,100.0,,1.9,0.204327684014078,,83609.0
IMN,Isle of Man,2018,42.1052631578947,147.026315789474,100.0,,2.0,0.263402161018399,,83805.0
IMN,Isle of Man,2019,42.1052631578947,147.29298245614,100.0,,1.9,0.207940663330045,,83957.0
IMN,Isle of Man,2020,41.9298245614035,147.480701754386,100.0,,2.0,0.150544039745739,,84064.0
IMN,Isle of Man,2021,40.7017543859649,147.554385964912,100.0,,3.2,0.066076537259524,,84106.0
IMN,Isle of Man,2022,42.280701754386,147.6,100.0,,2.7,0.0227748930564501,,84132.0
ISR,Israel,1990,15.8502772643253,215.341959334566,100.0,,5.8,3.19940808408262,2721279.64350046,4660000.0
ISR,Israel,1991,16.0351201478743,228.69685767098,100.0,,6.0,6.11527340062887,2361195.43471573,4949000.0
ISR,Israel,1992,16.0351201478743,236.73752310536,100.0,,6.2,3.54873832957548,2340140.08855574,5123000.0
ISR,Israel,1993,16.0351201478743,243.1146025878,100.0,,5.9,2.74798665556819,1923198.86461406,5261000.0
ISR,Israel,1994,16.1275415896488,249.49168207024,100.0,,5.7,2.67736474473601,1546475.88874379,5399000.0
ISR,Israel,1995,15.9426987060998,256.238447319778,100.0,,5.4,2.75611811333146,2403870.77495671,5545000.0
ISR,Israel,1996,15.5268022181146,263.031423290203,100.0,,5.4,2.70643917686552,2688798.8733106,5692000.0
ISR,Israel,1997,15.5268022181146,269.685767097967,100.0,,5.7,2.59224086518876,2749320.98320999,5836000.0
ISR,Israel,1998,15.4805914972274,275.924214417745,100.0,,6.1,2.383089630948,2330810.29852613,5971000.0
ISR,Israel,1999,15.3881700554529,283.040665434381,100.0,,5.9,2.64310159898614,3304559.4343297,6125000.0
ISR,Israel,2000,15.6192236598891,290.619223659889,100.0,100.0,6.0,2.73762418687083,1609214.65761021,6289000.0
ISR,Israel,2001,15.8040665434381,297.550831792976,100.0,100.0,6.3,2.44916296941042,384042.316816811,6439000.0
ISR,Israel,2002,16.1275415896488,303.604436229205,100.0,100.0,6.5,2.10099531976994,247430.225538256,6570000.0
ISR,Israel,2003,15.4343807763401,309.135859519408,100.0,100.0,6.5,1.88553768724482,174745.241864113,6689700.0
ISR,Israel,2004,14.3715341959335,314.648798521257,100.0,100.0,6.7,1.8388561841691,116268.051232199,6809000.0
ISR,Israel,2005,14.3715341959335,320.244916820702,100.0,100.0,7.0,1.82350999991085,82005.8756820698,6930100.0
ISR,Israel,2006,14.0018484288355,325.956561922366,100.0,100.0,6.9,1.8159679394043,14319.6827486663,7053700.0
ISR,Israel,2007,14.1312384473198,331.797597042514,100.0,100.0,6.7,1.80997413961889,0.0,7180100.0
ISR,Israel,2008,13.8493530499076,337.744916820702,100.0,100.0,8.9,1.79363744656515,0.0,7308800.0
ISR,Israel,2009,14.0619223659889,345.914972273567,100.0,100.0,8.5,2.39314363885042,0.0,7485600.0
ISR,Israel,2010,13.5674676524954,352.292051756007,100.0,100.0,8.6,1.82639305491015,0.0,7623600.0
ISR,Israel,2011,13.6645101663586,358.863216266174,100.0,100.0,9.1,1.8467245521291,0.0,7765800.0
ISR,Israel,2012,13.6229205175601,365.549907578558,100.0,100.0,2.9,1.84314838349049,0.0,7910500.0
ISR,Israel,2013,13.2070240295749,372.435304990758,100.0,100.0,3.3,1.86074754266787,0.0,8059500.0
ISR,Israel,2014,13.8863216266174,379.653419593346,100.0,100.0,3.7,1.91127620225883,0.0,8215700.0
ISR,Israel,2015,13.7338262476895,387.250462107209,100.0,100.0,3.7,1.96938590176616,0.0,8380100.0
ISR,Israel,2016,13.6321626617375,394.916820702403,100.0,100.0,4.0,1.94417558375778,0.0,8546000.0
ISR,Israel,2017,17.8835489833641,402.647874306839,100.0,100.0,3.9,1.917614118333,0.0,8713300.0
ISR,Israel,2018,17.7218114602588,410.480591497227,100.0,100.0,3.8,1.89991099418778,0.0,8882800.0
ISR,Israel,2019,17.4676524953789,418.391866913124,100.0,100.0,4.5,1.87600018653148,0.0,9054000.0
ISR,Israel,2020,12.7264325323475,425.836414048059,100.0,100.0,5.6,1.7237730170063,0.0,9215100.0
ISR,Israel,2021,12.5924214417745,433.059149722736,100.0,100.0,6.2,1.63440381639427,0.0,9371400.0
ISR,Israel,2022,12.4075785582255,441.658964879852,100.0,100.0,,1.9255387260448,,9557500.0
ITA,Italy,1990,30.6415966815137,192.850430111183,100.0,,3.8,0.0571746076413955,0.0,56719240.0
ITA,Italy,1991,30.2607867804563,192.983988983714,100.0,,4.7,0.0562781945812609,0.0,56758521.0
ITA,Italy,1992,29.7507735201115,193.115116793037,100.0,,4.8,0.073869227424539,0.0,56797087.0
ITA,Italy,1993,29.0707558396518,193.233215463602,100.0,,4.8,0.0943246477236134,0.0,56831821.0
ITA,Italy,1994,28.3193363027439,193.272585087212,100.0,,5.2,0.0774736497281545,0.0,56843400.0
ITA,Italy,1995,28.1629322362381,193.27565536704,100.0,,4.5,0.0789354821745559,0.0,56844303.0
ITA,Italy,1996,28.3295365679508,193.329981979531,100.0,,4.8,0.122022012306233,0.0,56860281.0
ITA,Italy,1997,28.0609295841692,193.432294039645,100.0,,4.8,0.159726434083386,0.0,56890372.0
ITA,Italy,1998,28.3193363027439,193.487960286967,100.0,,4.8,0.144836071680723,0.0,56906744.0
ITA,Italy,1999,29.0537553976403,193.520509333243,100.0,,5.0,0.138477037208858,0.0,56916317.0
ITA,Italy,2000,28.672586721133,192.555434569421,100.0,100.0,5.1,0.168926985499614,0.0,56942108.0
ITA,Italy,2001,28.1991627158306,192.673361107542,100.0,100.0,5.4,0.183140415968692,0.0,56976981.0
ITA,Italy,2002,28.0233195138612,193.054951000615,100.0,100.0,5.6,0.314739393916689,0.0,57089824.0
ITA,Italy,2003,26.9141547014385,194.101082788332,100.0,100.0,6.2,0.653285386067723,0.0,57399184.0
ITA,Italy,2004,26.981786702196,195.55177229658,100.0,100.0,5.9,0.859193552161939,0.0,57828179.0
ITA,Italy,2005,26.3088482946591,196.6964540542,100.0,100.0,6.7,0.70574060642554,0.0,58166682.0
ITA,Italy,2006,24.942681879358,197.484972169432,100.0,100.0,7.5,0.535419295128108,0.0,58399861.0
ITA,Italy,2007,24.2494538715939,198.690127080529,100.0,100.0,8.7,0.76271124517982,0.0,58756247.0
ITA,Italy,2008,25.3552370839787,200.22853191216,100.0,100.0,10.8,0.950252281949337,0.0,59211181.0
ITA,Italy,2009,23.6069498643978,201.392725501999,100.0,100.0,12.5,0.788972594278065,0.0,59555454.0
ITA,Italy,2010,23.8132274667081,202.285308976795,100.0,100.0,12.8,0.687264555295751,0.0,59819407.0
ITA,Italy,2011,22.7243522545127,202.986767799052,100.0,100.0,11.9,0.617189372806765,0.0,60026841.0
ITA,Italy,2012,24.0702290695866,203.542723134878,100.0,100.0,14.4,0.797524630948807,0.0,60191247.0
ITA,Italy,2013,23.0861834585653,203.949752805037,100.0,100.0,16.3,0.991441534324826,0.0,60311613.0
ITA,Italy,2014,22.7514050548157,203.980505075782,100.0,100.0,17.1,0.408726542292715,0.0,60320707.0
ITA,Italy,2015,22.3219418500058,203.672434549131,100.0,100.0,16.6,-0.109135645094824,0.0,60229605.0
ITA,Italy,2016,22.6465754536416,203.285640373599,100.0,100.0,16.1,-0.208876964050744,0.0,60115223.0
ITA,Italy,2017,22.779370887129,202.903617635721,100.0,100.0,16.4,-0.301452905692446,0.0,60002252.0
ITA,Italy,2018,22.7344970546264,203.398704170865,100.0,100.0,17.1,0.188918624266272,0.0,60148658.0
ITA,Italy,2019,23.3810805601301,201.980545589195,100.0,100.0,17.3,-0.664041140382544,103301441.890048,59729081.0
ITA,Italy,2020,24.3456209822229,200.999100491348,100.0,100.0,18.7,-0.467315458844802,187651105.015262,59438851.0
ITA,Italy,2021,24.3232955832773,199.965416259464,100.0,100.0,17.5,-0.569555707316573,210086237.188334,59133173.0
ITA,Italy,2022,23.9567056675233,199.559268903016,100.0,100.0,,-0.198376240638907,,59013667.0
JAM,Jamaica,1990,10.9879963065559,219.748568790397,58.817856560186,,12.5,1.1463818864738,6040774.0271281,2379877.0
JAM,Jamaica,1991,11.6343490304709,221.686888273315,68.4606618121506,,12.4,1.30010543520028,4431851.97590112,2400869.0
JAM,Jamaica,1992,12.5577100646353,223.887442289935,69.4007157837742,,13.1,1.43145044270508,1301102.04187815,2424701.0
JAM,Jamaica,1993,16.0664819944598,226.215697137581,70.3460139806177,,14.3,1.48614241849253,136847.140716586,2449916.0
JAM,Jamaica,1994,14.8661126500462,228.55216989843,71.2988874982941,,12.6,1.48492881863167,999046.195745018,2475220.0
JAM,Jamaica,1995,14.5891043397969,230.854201292705,72.2606688840029,,13.7,1.46240995385622,0.0,2500151.0
JAM,Jamaica,1996,14.3120960295476,233.099076638966,78.8237429095775,,12.6,1.42799827898312,3159967.22839275,2524463.0
JAM,Jamaica,1997,13.8504155124654,235.258356417359,74.2208000080661,,12.9,1.3796718920775,3595515.54413067,2547848.0
JAM,Jamaica,1998,13.3887349953832,237.279409048938,75.2237729277012,,10.5,1.30769757190862,3566202.593165,2569736.0
JAM,Jamaica,1999,13.2040627885503,239.131578947368,80.3531418798195,,10.0,1.22170288671195,3499458.90844124,2589795.0
JAM,Jamaica,2000,12.927054478301,240.79649122807,77.4,51.5,9.3,1.12742951462302,3295751.26564304,2607826.0
JAM,Jamaica,2001,12.927054478301,242.327146814404,82.3,54.5,7.9,1.05354192450869,4768701.38684602,2624403.0
JAM,Jamaica,2002,12.4653739612188,243.820129270545,80.2,57.8,8.0,1.02266128316609,4089714.57023876,2640572.0
JAM,Jamaica,2003,12.4653739612188,245.302216066482,80.1,60.1,8.1,1.00749184767797,5908868.87569943,2656623.0
JAM,Jamaica,2004,12.280701754386,246.742843951985,81.0,62.85,6.4,0.980642348527001,7331546.59163792,2672225.0
JAM,Jamaica,2005,11.8190212373038,248.113204062789,81.9,64.9,5.4,0.942630787252552,9209118.65719949,2687066.0
JAM,Jamaica,2006,11.8190212373038,249.396860572484,82.8,67.2,4.8,0.898537559281986,10442322.5547424,2700968.0
JAM,Jamaica,2007,11.5420129270545,250.581717451524,83.8,69.3,5.3,0.850140191807753,8583678.71248228,2713800.0
JAM,Jamaica,2008,11.0803324099723,251.674515235457,83.4,71.4,5.9,0.80503233865858,5831401.97617099,2725635.0
JAM,Jamaica,2009,11.0803324099723,252.723453370268,85.7,73.3,7.4,0.77950531407727,1834588.45870346,2736995.0
JAM,Jamaica,2010,11.0803324099723,253.792059095106,88.0,74.7,8.9,0.779296994839887,0.0,2748568.0
JAM,Jamaica,2011,11.0803324099723,254.893259464451,84.5,76.8,9.8,0.809934991959458,0.0,2760494.0
JAM,Jamaica,2012,11.0803324099723,255.995383194829,88.1,78.4,12.2,0.969924285260541,0.0,2772430.0
JAM,Jamaica,2013,11.0803324099723,257.034810710988,90.7,79.7,11.4,0.958367978023587,0.0,2783687.0
JAM,Jamaica,2014,11.0803324099723,257.963896583564,89.2,81.1,11.9,0.940659191960653,0.0,2793749.0
JAM,Jamaica,2015,11.0803324099723,258.775069252078,91.1,82.4,12.1,0.919935158425351,0.0,2802534.0
JAM,Jamaica,2016,11.0803324099723,259.456602031394,93.0,83.7,11.1,0.894637406138107,718402.819534475,2809915.0
JAM,Jamaica,2017,11.0803324099723,259.996675900277,94.3,84.7,11.0,0.864603922430534,3598998.42013139,2815764.0
JAM,Jamaica,2018,11.0803324099723,260.39676823638,95.9,85.9,8.9,0.834960795985995,5349301.55486859,2820097.0
JAM,Jamaica,2019,11.0803324099723,260.689843028624,97.6,86.7,9.2,0.817614341444202,6781947.21828507,2823271.0
JAM,Jamaica,2020,11.0803324099723,261.379409048938,99.3,87.6,11.7,0.992697411187573,10784932.835217,2830739.0
JAM,Jamaica,2021,11.0803324099723,262.020498614958,100.0,88.3,10.5,0.996352886068549,8779779.86639752,2837682.0
JAM,Jamaica,2022,11.0803324099723,262.155493998153,100.0,88.9,,0.825206957979234,,2839144.0
JPN,Japan,1990,13.0773450356555,338.667032364235,100.0,,4.3,0.505230223151951,0.0,123478000.0
JPN,Japan,1991,13.0005485463522,340.0,100.0,,4.5,0.566011959520639,0.0,123964000.0
JPN,Japan,1992,12.9292375205705,341.264399341744,100.0,,4.0,0.546995049069617,0.0,124425000.0
JPN,Japan,1993,12.8496982995063,342.372462973121,100.0,,4.2,0.500822948232725,0.0,124829000.0
JPN,Japan,1994,12.7811300054855,343.329676357652,100.0,,3.3,0.45435983265714,0.0,125178000.0
JPN,Japan,1995,12.6988480526605,344.136039495337,100.0,,3.7,0.407450098499674,0.0,125472000.0
JPN,Japan,1996,12.6255144032922,345.012345679012,100.0,,3.6,0.378425999711562,0.0,125757000.0
JPN,Japan,1997,12.5349794238683,345.835390946502,100.0,,3.8,0.359120607545977,0.0,126057000.0
JPN,Japan,1998,12.4417009602195,346.776406035665,100.0,,3.8,0.392769220153769,0.0,126400000.0
JPN,Japan,1999,12.3539094650206,347.410150891632,100.0,,3.7,0.33784433188753,0.0,126631000.0
JPN,Japan,2000,12.2743484224966,347.991769547325,100.0,100.0,3.7,0.376542354739579,0.0,126843000.0
JPN,Japan,2001,12.1920438957476,348.831275720165,100.0,100.0,3.5,0.931918478452632,0.0,127149000.0
JPN,Japan,2002,12.1234567901235,349.643347050754,100.0,100.0,3.7,1.97232884702429,0.0,127445000.0
JPN,Japan,2003,12.0631001371742,350.39231824417,100.0,100.0,4.2,2.51354683345906,0.0,127718000.0
JPN,Japan,2004,12.0137174211248,350.510288065844,100.0,100.0,4.3,2.37246627402787,0.0,127761000.0
JPN,Japan,2005,11.9615912208505,350.543209876543,100.0,100.0,4.0,1.87209150498162,0.0,127773000.0
JPN,Japan,2006,11.9149519890261,350.765432098765,100.0,100.0,4.4,1.43682612379883,0.0,127854000.0
JPN,Japan,2007,11.8683127572016,351.168724279835,100.0,100.0,4.3,1.39650678187449,0.0,128001000.0
JPN,Japan,2008,11.8189300411523,351.338820301783,100.0,100.0,4.4,1.19960155669653,0.0,128063000.0
JPN,Japan,2009,11.7805212620027,351.294924554184,100.0,100.0,4.5,0.902712614152807,0.0,128047000.0
JPN,Japan,2010,11.7475994513032,351.358024691358,100.0,100.0,4.7,0.58203689705777,0.0,128070000.0
JPN,Japan,2011,11.6707818930041,350.707818930041,100.0,100.0,4.8,0.0795947552549695,0.0,127833000.0
JPN,Japan,2012,11.6488340192044,350.148148148148,100.0,100.0,4.7,0.0199174141186887,0.0,127629000.0
JPN,Japan,2013,11.6268861454047,349.643347050754,100.0,100.0,5.0,-0.00689837779075644,0.0,127445000.0
JPN,Japan,2014,11.5829903978052,349.179698216735,100.0,100.0,5.6,-0.019502069015407,0.0,127276000.0
JPN,Japan,2015,11.5363511659808,348.809327846365,100.0,100.0,6.2,0.00161347929189155,0.0,127141000.0
JPN,Japan,2016,11.4787379972565,348.631001371742,100.0,100.0,6.4,0.0592097666767839,0.0,127076000.0
JPN,Japan,2017,11.4156378600823,348.345679012346,100.0,100.0,6.9,0.0227308990769753,0.0,126972000.0
JPN,Japan,2018,11.363511659808,347.903978052126,100.0,100.0,7.3,-0.0309237210224829,0.0,126811000.0
JPN,Japan,2019,11.3141289437586,347.415637860082,100.0,100.0,7.8,-0.054632242147625,0.0,126633000.0
JPN,Japan,2020,11.2592592592593,346.395061728395,100.0,100.0,8.5,-0.223815566100041,0.0,126261000.0
JPN,Japan,2021,11.2098765432099,344.80546776406,100.0,100.0,8.8,-0.358552905629428,0.0,125681593.0
JPN,Japan,2022,11.1550068587106,343.278433470508,100.0,100.0,,-0.331208528628743,,125124989.0
JOR,Jordan,1990,2.03082502266546,41.0461015412511,90.1188668356286,,2.8,9.60495851772039,1809959.30085877,3621908.0
JOR,Jordan,1991,1.69310970081596,44.3693223028105,93.4891651235119,,2.9,9.29627235613883,1948744.63056679,3915149.0
JOR,Jordan,1992,2.94310970081596,46.7780258386219,93.4762080825704,,2.5,6.47981538852672,1690116.98364683,4127693.0
JOR,Jordan,1993,2.59519492293744,49.2749320036265,93.4717608605831,,2.5,6.0361345829854,1366356.56403461,4348020.0
JOR,Jordan,1994,2.39120580235721,51.6931776971895,93.4850279490451,,2.3,5.21167177103796,1414759.43463715,4561406.0
JOR,Jordan,1995,2.8558476881233,53.8542157751587,93.6847271979029,,2.2,4.17659384916856,2182299.63743081,4752096.0
JOR,Jordan,1996,2.03989120580236,55.6722121486854,94.0442588285721,,2.2,3.33468334397344,2314835.37158014,4912516.0
JOR,Jordan,1997,2.11922030825023,57.1881799637353,95.6654890423809,,2.1,2.69728413517231,1954629.10147783,5046285.0
JOR,Jordan,1998,2.1532184950136,58.525430643699,94.8964577125444,,2.2,2.31931621677606,3746810.99232098,5164284.0
JOR,Jordan,1999,2.1532184950136,59.7965095194923,95.3991732441164,,2.2,2.1549501196761,1908348.75738245,5276444.0
JOR,Jordan,2000,2.1532184950136,61.0487873980054,96.7,99.1,2.1,2.07862084832877,1712863.72968963,5386945.0
JOR,Jordan,2001,2.17588395285585,62.3174750679964,96.8,99.2,2.1,2.06377538561123,2027291.0887156,5498894.0
JOR,Jordan,2002,2.20988213961922,63.6453535811423,98.8,99.2,2.1,2.11746728253682,2266910.33175676,5616066.0
JOR,Jordan,2003,2.00589301903898,65.0705802357208,97.1,99.3,2.0,2.22693736368696,3214491.56192799,5741828.0
JOR,Jordan,2004,2.36854034451496,66.6598028105168,97.9,99.3,1.8,2.42776007676465,3132315.74661183,5882061.0
JOR,Jordan,2005,2.09655485040798,68.3316749773345,97.2,99.4,1.7,2.59655232569389,3175086.58398759,6029587.0
JOR,Jordan,2006,2.1532184950136,72.839653218495,100.0,99.4,2.3,6.82580301477624,3983194.44797538,6427371.0
JOR,Jordan,2007,1.58998186763373,77.3711128739801,97.9,99.4,2.3,6.76933490086871,3784786.04163681,6827227.0
JOR,Jordan,2008,1.69424297370807,79.2142565729828,100.0,99.4,2.7,3.34919365845962,6811444.589031,6989866.0
JOR,Jordan,2009,2.26177066906961,80.4432642487047,98.3,99.5,2.8,3.36857839272215,6805910.65338781,7141753.0
JOR,Jordan,2010,2.00045055192611,82.1924194638432,100.0,99.5,3.0,3.55692721995565,8352142.74073848,7297043.0
JOR,Jordan,2011,1.97792295562064,84.2579860328903,97.7,99.5,3.0,4.0385371769017,9737756.86345933,7480424.0
JOR,Jordan,2012,2.44424419914395,85.4598670871818,99.5,99.5,2.9,3.08840802370942,11414098.878564,7587127.0
JOR,Jordan,2013,2.60193737328227,90.0181234512278,97.3,99.5,3.1,6.95055671521001,9747609.61835742,7991809.0
JOR,Jordan,2014,2.67515206127506,99.0280468574003,97.9,99.5,3.1,11.3437968145141,15760528.0912317,8791710.0
JOR,Jordan,2015,2.56701959900879,107.509900878576,98.9,99.5,3.2,10.2986645473491,14568284.577478,9544729.0
JOR,Jordan,2016,2.6724487497184,112.70969813021,99.5,99.4,4.7,5.4709305224457,11482649.7858587,10006367.0
JOR,Jordan,2017,2.10633025456184,115.276255913494,100.0,99.4,5.3,2.59742272756411,14556819.8480287,10234226.0
JOR,Jordan,2018,2.26402342870016,117.84530299617,98.9,99.4,7.2,2.56049663015575,7770289.90143402,10462306.0
JOR,Jordan,2019,2.41908237043043,120.187073450909,98.9,99.4,8.5,2.32831806097301,10594355.6790064,10671891.0
JOR,Jordan,2020,2.31997657499381,122.364439038674,98.8,99.3,10.7,2.12892347760868,9773281.08547128,10865228.0
JOR,Jordan,2021,2.24339482397459,124.629547041467,98.8,99.3,11.5,2.15636569651185,9284810.26109362,11066356.0
JOR,Jordan,2022,2.28187940626619,126.768283893056,98.8,99.2,,2.0124459019715,,11256263.0
KAZ,Kazakhstan,1990,,,,,1.4,0.872612503726971,,17154054.0
KAZ,Kazakhstan,1991,,,,,1.3,0.62969621736675,,17278600.0
KAZ,Kazakhstan,1992,12.9847760862318,6.42020409675149,,,1.2,0.17954685719579,0.0,17332625.0
KAZ,Kazakhstan,1993,12.9792199133237,6.39866911138275,,,1.3,-0.501609535800676,0.0,17274487.0
KAZ,Kazakhstan,1994,12.8469829981109,6.31320924547172,,,1.8,-1.53723803077096,0.0,17043771.0
KAZ,Kazakhstan,1995,12.8593917842723,6.19718339074712,99.8911587112477,,1.6,-2.06865486119518,0.0,16730536.0
KAZ,Kazakhstan,1996,12.2263955254288,6.08068563173686,98.2360187805538,,1.6,-2.12655349794516,0.0,16416027.0
KAZ,Kazakhstan,1997,12.0575619513279,5.94260510427084,98.3946194870872,,1.7,-2.5348242949978,0.0,16043251.0
KAZ,Kazakhstan,1998,11.9105085750269,5.79611993925251,98.566092853986,,1.5,-2.73667759311003,,15647785.0
KAZ,Kazakhstan,1999,11.874023039597,5.72503389265474,93.9431215680349,,1.8,-1.48743474188021,0.0,15455874.0
KAZ,Kazakhstan,2000,11.1713523724858,5.74178723561877,99.1,68.1,2.5,-0.0397648697241576,0.0,15501103.0
KAZ,Kazakhstan,2001,10.8751713153313,5.76936326258473,99.5,70.3,2.4,0.0451631074483196,0.0,15575550.0
KAZ,Kazakhstan,2002,10.4996481090492,5.79941363855243,99.7,72.0,2.8,0.0220963574708561,0.0,15656677.0
KAZ,Kazakhstan,2003,10.4987961625366,5.83301107530466,99.8,73.5,2.3,0.0482497565810653,0.0,15747380.0
KAZ,Kazakhstan,2004,10.5488758010149,5.87108160165944,99.9,75.5,1.9,0.121303808230208,0.0,15850159.0
KAZ,Kazakhstan,2005,10.5798051635367,5.91477460458569,100.0,76.7,2.1,0.245123696501612,0.0,15968117.0
KAZ,Kazakhstan,2006,10.5996962625477,5.9650020372634,99.7,78.3,2.1,0.415646666383385,0.0,16103716.0
KAZ,Kazakhstan,2007,10.6090306330333,6.02185946586658,100.0,79.4,1.8,0.61896695103094,0.0,16257214.0
KAZ,Kazakhstan,2008,10.5640626736304,6.08457421194948,100.0,80.6,1.1,0.840719150652481,0.0,16426525.0
KAZ,Kazakhstan,2009,10.6005111679075,6.15618253880061,100.0,81.95,1.3,1.14772971106632,0.0,16619846.0
KAZ,Kazakhstan,2010,10.6248101640923,6.23654850538949,100.0,83.0,1.4,1.46076312441649,0.0,16836810.0
KAZ,Kazakhstan,2011,10.8088306108086,6.32144386413305,99.6,84.0,1.4,1.70969330717635,0.0,17066002.0
KAZ,Kazakhstan,2012,10.8650961217913,6.4103811534615,100.0,85.3,1.3,1.93331414175105,0.0,17306106.0
KAZ,Kazakhstan,2013,10.8881357187836,6.50313071822795,100.0,86.0,1.2,2.13959303180001,0.0,17556502.0
KAZ,Kazakhstan,2014,10.9161017890877,6.5993573360003,100.0,86.6,1.3,2.32659650306526,0.0,17816285.0
KAZ,Kazakhstan,2015,10.964588657999,6.69858465755454,100.0,87.4,1.7,2.49215210825037,0.0,18084169.0
KAZ,Kazakhstan,2016,10.9798125717672,6.80208912101345,100.0,88.0,2.1,2.66224799496263,0.0,18363600.0
KAZ,Kazakhstan,2017,10.9852946623699,6.90889024706449,100.0,88.6,2.0,2.8030905478964,0.0,18651931.0
KAZ,Kazakhstan,2018,11.0190021113457,7.01290032225803,100.0,89.2,1.9,2.84287326267534,0.0,18932727.0
KAZ,Kazakhstan,2019,10.8820609697374,7.11544060451161,100.0,89.5,1.9,2.89113413798135,0.0,19209555.0
KAZ,Kazakhstan,2020,10.9468459458458,7.21640071119013,100.0,89.7,1.8,2.92716065006808,0.0,19482117.0
KAZ,Kazakhstan,2021,10.9899988887654,7.31325813979331,100.0,90.0,2.0,3.05723949739748,0.0,19743603.0
KAZ,Kazakhstan,2022,10.9899988887654,7.42105011667963,100.0,90.3,,2.13907622947007,,20034609.0
KEN,Kenya,1990,8.76761429525249,40.223233299364,,,76.5,4.15420455429952,425209126.401754,22892651.0
KEN,Kenya,1991,8.95561724707453,41.5477984327231,,,77.8,3.79911332332991,423661747.6766,23646514.0
KEN,Kenya,1992,9.29823944899322,42.8408827353551,,,78.4,3.51212921383512,441411480.628031,24382460.0
KEN,Kenya,1993,8.89060688055663,44.1318269670028,4.12953124862802,,79.1,3.34712910894813,388907957.815017,25117188.0
KEN,Kenya,1994,9.57936535825983,45.4319323892188,,,79.3,3.25467505681228,452296252.211695,25857130.0
KEN,Kenya,1995,9.554766841199,46.7402589872439,,,78.2,3.20470653479496,658899873.463791,26601751.0
KEN,Kenya,1996,8.20711951365218,48.044788628457,,,77.2,3.17346705041584,660332208.743317,27344211.0
KEN,Kenya,1997,8.45837579505921,49.3758442562463,1.10441838046646,,78.1,3.24851893721865,619805807.843875,28101768.0
KEN,Kenya,1998,8.21941877218259,50.7573830691921,6.64729225091167,,77.9,3.40933422821033,638401634.09982,28888057.0
KEN,Kenya,1999,8.95386021014162,52.2426959974699,4.72589861048926,,77.7,3.67029757104697,420300634.045427,29733408.0
KEN,Kenya,2000,8.59366763889377,53.8406894612925,6.6,0.5,76.8,5.22969394374177,418505730.178714,30642890.0
KEN,Kenya,2001,9.01008539199494,55.55604947816,8.3,0.6,78.3,8.08126107405697,404848568.043023,31619170.0
KEN,Kenya,2002,8.94507502547703,57.3317777699687,10.0,0.7,78.8,9.84861673180671,487831519.005472,32629808.0
KEN,Kenya,2003,9.04171205678743,59.1281986857364,6.9,0.7,81.6,10.5971298300691,755982657.975808,33652223.0
KEN,Kenya,2004,9.23850019327406,60.992822504129,13.4,0.8,80.3,10.6662617840932,663004719.258908,34713455.0
KEN,Kenya,2005,9.24904241487156,62.8957444565485,15.1,0.9,79.2,10.1131082131285,762730331.832009,35796484.0
KEN,Kenya,2006,9.32986611378571,64.8417050286397,16.9,1.0,77.6,9.14439701229176,759605461.291485,36904008.0
KEN,Kenya,2007,9.31229574445655,66.8312699862951,18.6,1.2,78.2,7.8458556237938,1142515905.55804,38036349.0
KEN,Kenya,2008,9.31229574445655,68.8870067118811,20.4,1.3,78.2,6.28889550218273,1303335044.14391,39206351.0
KEN,Kenya,2009,9.66370313103982,70.9999139051903,10.1,1.4,75.6,4.40310193825008,1364087392.89262,40408891.0
KEN,Kenya,2010,9.75751010296236,73.0902185753945,7.2,1.6,74.0,2.93617401354433,1175886749.46974,41598567.0
KEN,Kenya,2011,10.6727525740591,75.1281951716625,25.7,1.9,74.7,2.73779688271802,1331113244.83737,42758461.0
KEN,Kenya,2012,11.2297422426819,77.1133692940226,27.5,2.1,76.2,2.5717228924631,1553401617.60127,43888303.0
KEN,Kenya,2013,11.313002424711,79.043453280388,29.3,2.5,74.3,2.39872663926224,1603468664.51833,44986791.0
KEN,Kenya,2014,11.2280256175985,80.9140808939804,25.1,2.9,71.8,2.21549991077264,1787364704.73544,46051440.0
KEN,Kenya,2015,11.1356359407494,82.4529008736797,29.0,3.3,69.2,2.04018104498774,1893587072.24577,47088526.0
KEN,Kenya,2016,11.3273218962115,84.0057771361452,42.1,3.9,68.3,1.94412145361079,1982311460.64924,48139687.0
KEN,Kenya,2017,10.6862650555475,85.5601194522199,45.8,4.5,68.1,1.81999315235204,1894411084.83894,49197766.0
KEN,Kenya,2018,11.4004605485054,87.019449386981,51.6,5.3,68.7,1.57205418501422,1249715700.59518,50207107.0
KEN,Kenya,2019,11.4560838042891,88.4453894988127,61.7,6.2,68.1,1.31045798383375,1225216494.73958,51202827.0
KEN,Kenya,2020,11.4175064467254,89.8940686683206,62.7,7.3,69.0,2.01580298696557,1275447091.25693,52217334.0
KEN,Kenya,2021,11.4175064467254,91.6187594501618,68.2,8.5,67.7,2.16149826618772,1348734996.9067,53219166.0
KEN,Kenya,2022,11.4175064467254,93.3976149483117,65.0,9.8,,2.37850108910584,,54252461.0
KIR,Kiribati,1990,2.46913580246914,92.4135802469136,,,64.0,3.15750379162891,15849.6,74855.0
KIR,Kiribati,1991,2.46913580246914,94.2802469135802,,,63.5,2.77528872788024,18049.3733333333,76367.0
KIR,Kiribati,1992,2.46913580246914,95.8530864197531,,,63.2,2.30553530653643,24923.134690149,77641.0
KIR,Kiribati,1993,2.46913580246914,97.3345679012346,,,59.3,2.17193036732547,20505.8610725965,78841.0
KIR,Kiribati,1994,2.46913580246914,98.7913580246914,,,59.9,2.24389209904169,26447.7133004594,80021.0
KIR,Kiribati,1995,2.46913580246914,100.288888888889,,,59.1,2.4592668406574,44459.6163644005,81234.0
KIR,Kiribati,1996,2.46913580246914,102.003703703704,,,55.3,3.65261466494715,46973.7111868029,82623.0
KIR,Kiribati,1997,2.46913580246914,103.885185185185,,,57.5,5.92921202180319,41058.8420635483,84147.0
KIR,Kiribati,1998,2.46913580246914,105.749382716049,,,59.1,6.65702119738943,34315.9605797102,85657.0
KIR,Kiribati,1999,2.46913580246914,107.562962962963,,,59.8,5.96228037126352,18807.0035738947,87126.0
KIR,Kiribati,2000,2.46913580246914,109.398765432099,26.9,0.2,54.7,4.09913061386927,19896.6664621285,88613.0
KIR,Kiribati,2001,2.46913580246914,111.524691358025,29.7,0.2,56.4,2.27124479216656,23724.782748335,90335.0
KIR,Kiribati,2002,2.46913580246914,113.906172839506,33.0,0.2,53.0,2.15852932172346,27249.3271439224,92264.0
KIR,Kiribati,2003,2.46913580246914,116.265432098765,36.3,0.3,50.5,2.0787590932891,40617.5611265521,94175.0
KIR,Kiribati,2004,2.46913580246914,118.623456790123,39.6,0.3,50.5,2.0388164543318,46245.7244211079,96085.0
KIR,Kiribati,2005,2.46913580246914,121.030864197531,51.2,0.3,48.5,2.0566581805398,31308.8002319779,98035.0
KIR,Kiribati,2006,2.46913580246914,123.477777777778,50.8,0.4,48.1,2.43674631344751,37261.4053574328,100017.0
KIR,Kiribati,2007,2.46913580246914,126.00987654321,48.7,0.4,48.4,4.03701527084202,57450.0068454589,102068.0
KIR,Kiribati,2008,2.46913580246914,128.669135802469,51.5,0.5,49.7,5.01442944731461,100116.992057143,104222.0
KIR,Kiribati,2009,2.46913580246914,131.440740740741,43.0,0.5,50.4,5.14258922034307,96864.3899071249,106467.0
KIR,Kiribati,2010,2.46913580246914,134.202469135802,39.4,0.6,50.1,4.39488327568974,97322.8556257387,108704.0
KIR,Kiribati,2011,2.46913580246914,136.601234567901,60.9,0.7,50.5,3.13018987537097,132995.118058625,110647.0
KIR,Kiribati,2012,2.46913580246914,138.622222222222,64.2,0.8,48.7,2.39415923594516,111726.099246669,112284.0
KIR,Kiribati,2013,2.46913580246914,140.540740740741,68.4,0.8,46.2,2.15551245247598,102795.287057827,113838.0
KIR,Kiribati,2014,2.46913580246914,142.377777777778,77.5,0.9,48.0,2.14100719659841,158128.587160369,115326.0
KIR,Kiribati,2015,2.46913580246914,144.216049382716,93.0,1.0,47.5,2.39393934246741,124786.476535117,116815.0
KIR,Kiribati,2016,2.46913580246914,146.269135802469,,1.1,48.1,3.00372576518282,147460.495055845,118478.0
KIR,Kiribati,2017,2.46913580246914,148.487654320988,,1.3,42.5,3.80210688871009,174928.211228718,120275.0
KIR,Kiribati,2018,2.46913580246914,150.720987654321,,1.4,42.3,4.33388359166228,82586.8167486854,122084.0
KIR,Kiribati,2019,2.46913580246914,152.988888888889,90.1,1.6,42.2,4.71599291147514,76051.7780279161,123921.0
KIR,Kiribati,2020,2.46913580246914,155.677777777778,94.3,1.7,42.2,5.45160988387252,103108.7299204,126099.0
KIR,Kiribati,2021,2.46913580246914,158.49012345679,,1.8,42.2,3.86555646248358,90058.8904882861,128377.0
KIR,Kiribati,2022,2.46913580246914,161.072839506173,,1.9,41.9,3.1752780072185,,130469.0
PRK,"Korea, Dem. People's Rep.",1990,19.0017440411926,175.335412341168,,,7.2,1.77166078969237,0.0,21112137.0
PRK,"Korea, Dem. People's Rep.",1991,19.1014035379121,177.963939872104,,,7.5,1.77004886346058,0.0,21428638.0
PRK,"Korea, Dem. People's Rep.",1992,19.1014035379121,180.640403620962,,,7.7,1.74594561414477,0.0,21750911.0
PRK,"Korea, Dem. People's Rep.",1993,19.1014035379121,183.318262602774,,,8.0,1.68544845803143,0.0,22073352.0
PRK,"Korea, Dem. People's Rep.",1994,19.9318993439083,185.981023170833,,,9.0,1.62112353009948,0.0,22393975.0
PRK,"Korea, Dem. People's Rep.",1995,19.9318993439083,188.267618968524,,,9.6,1.37592328183672,0.0,22669304.0
PRK,"Korea, Dem. People's Rep.",1996,19.1014035379121,190.148210281538,,,10.2,1.13177048737164,0.0,22895746.0
PRK,"Korea, Dem. People's Rep.",1997,19.1014035379121,191.934473880907,,,9.6,1.05974811436026,0.0,23110830.0
PRK,"Korea, Dem. People's Rep.",1998,19.1014035379121,193.601561332115,,,9.9,0.979431328374196,0.0,23311564.0
PRK,"Korea, Dem. People's Rep.",1999,19.1014035379121,195.1465742048,,,9.4,0.902323470521222,0.0,23497599.0
PRK,"Korea, Dem. People's Rep.",2000,19.1014035379121,196.544390000831,,0.9,8.7,0.81698477767718,0.0,23665910.0
PRK,"Korea, Dem. People's Rep.",2001,19.1014035379121,197.785549372976,,0.9,8.6,0.731484939252325,0.0,23815358.0
PRK,"Korea, Dem. People's Rep.",2002,19.1014035379121,198.853691553858,,0.9,9.0,0.6422267826447,0.0,23943973.0
PRK,"Korea, Dem. People's Rep.",2003,19.1014035379121,200.069595548542,,0.9,9.3,0.717801427420316,0.0,24090380.0
PRK,"Korea, Dem. People's Rep.",2004,19.1014035379121,201.436284361764,,1.0,9.4,0.796455827237897,0.0,24254943.0
PRK,"Korea, Dem. People's Rep.",2005,19.5166514409102,202.611352877668,,1.0,9.2,0.707676266536555,0.0,24396433.0
PRK,"Korea, Dem. People's Rep.",2006,19.5166514409102,203.67500207624,,1.0,9.0,0.662844813534971,0.0,24524507.0
PRK,"Korea, Dem. People's Rep.",2007,19.5166514409102,204.687177144755,,1.0,10.9,0.651039521815917,0.0,24646383.0
PRK,"Korea, Dem. People's Rep.",2008,19.9318993439083,205.669113860975,,1.0,10.2,0.652243416793906,0.0,24764618.0
PRK,"Korea, Dem. People's Rep.",2009,19.9318993439083,206.613503861805,,0.9,10.4,0.663433479489914,0.0,24878332.0
PRK,"Korea, Dem. People's Rep.",2010,19.9318993439083,207.518129723445,,0.9,11.0,0.690182596294114,0.0,24987258.0
PRK,"Korea, Dem. People's Rep.",2011,19.5166514409102,208.436790964206,,0.9,14.8,0.734145706258785,0.0,25097874.0
PRK,"Korea, Dem. People's Rep.",2012,19.5166514409102,209.382343659165,,0.9,15.4,0.773654320378445,0.0,25211728.0
PRK,"Korea, Dem. People's Rep.",2013,19.5166514409102,210.360028236857,,0.9,20.8,0.805091331672714,0.0,25329451.0
PRK,"Korea, Dem. People's Rep.",2014,19.3920770700108,211.371663483099,,0.9,18.5,0.823726838720067,0.0,25451262.0
PRK,"Korea, Dem. People's Rep.",2015,19.2675026991114,212.402209118844,,0.9,22.6,0.863207540171376,0.0,25575350.0
PRK,"Korea, Dem. People's Rep.",2016,19.1844531185118,213.423519641226,,0.9,24.0,0.875768916237254,0.0,25698326.0
PRK,"Korea, Dem. People's Rep.",2017,19.0598787476123,214.414990449298,,0.9,10.2,0.872714528458982,0.0,25817709.0
PRK,"Korea, Dem. People's Rep.",2018,19.0598787476123,215.357088281704,,0.9,11.9,0.861331542128017,0.0,25931147.0
PRK,"Korea, Dem. People's Rep.",2019,19.0598787476123,216.241441740719,,0.9,10.0,0.846350987641693,0.0,26037632.0
PRK,"Korea, Dem. People's Rep.",2020,19.0598787476123,217.060975002076,,0.8,11.2,0.828375411250846,0.0,26136312.0
PRK,"Korea, Dem. People's Rep.",2021,19.0598787476123,217.860094676522,,0.9,14.7,0.83106901001091,0.0,26232534.0
PRK,"Korea, Dem. People's Rep.",2022,19.0598787476123,218.659953492235,,0.8,,0.84347365037166,,26328845.0
KOR,"Korea, Rep.",1990,20.2467343976778,444.425492432096,99.8482291747245,,1.6,3.05972399988829,0.0,42869283.0
KOR,"Korea, Rep.",1991,19.9771926187021,448.84619531412,99.8172354725825,,1.0,2.56611055510018,0.0,43295704.0
KOR,"Korea, Rep.",1992,19.6765498652291,453.534750155505,99.8220252801251,,0.8,2.40742863758838,0.0,43747962.0
KOR,"Korea, Rep.",1993,19.4381090607506,458.165332780427,99.8797266450095,,0.7,2.20590913540652,0.0,44194628.0
KOR,"Korea, Rep.",1994,19.1270993157786,462.798465685258,99.9517495251186,,0.4,1.97447302804543,0.0,44641540.0
KOR,"Korea, Rep.",1995,18.4843458428364,467.478654364503,100.0,,0.4,1.69976109583834,0.0,45092991.0
KOR,"Korea, Rep.",1996,18.0904001658719,471.953980924736,100.0,,0.6,1.39869110184313,0.0,45524681.0
KOR,"Korea, Rep.",1997,17.8519593613933,476.400373211694,100.0,,0.7,1.243259696183,0.0,45953580.0
KOR,"Korea, Rep.",1998,17.7068214804064,479.851783122538,100.0,,0.9,0.961394721917437,0.0,46286503.0
KOR,"Korea, Rep.",1999,17.6135185569148,483.274694173751,100.0,,0.8,0.939250148211626,0.0,46616677.0
KOR,"Korea, Rep.",2000,17.8104913953971,487.332687124197,100.0,100.0,0.7,1.11001832818929,0.0,47008111.0
KOR,"Korea, Rep.",2001,17.4591689063469,489.664709530701,100.0,100.0,0.7,1.14202410367106,0.0,47370164.0
KOR,"Korea, Rep.",2002,17.2951751213968,492.248538072115,100.0,100.0,0.7,1.07479789070658,0.0,47644736.0
KOR,"Korea, Rep.",2003,17.1384297520661,494.755475206612,100.0,100.0,0.8,1.05398304353988,0.0,47892330.0
KOR,"Korea, Rep.",2004,17.0729188184259,496.617630654823,100.0,100.0,0.8,0.886521077347378,0.0,48082519.0
KOR,"Korea, Rep.",2005,16.9643779039752,497.517408363449,100.0,100.0,0.9,0.563699960328383,0.0,48184561.0
KOR,"Korea, Rep.",2006,16.7113955408753,499.982369942197,100.0,100.0,0.9,0.741610331668844,0.0,48438292.0
KOR,"Korea, Rep.",2007,16.4775072224515,502.307449442839,100.0,100.0,1.0,0.683659005774206,0.0,48683638.0
KOR,"Korea, Rep.",2008,16.1356840911434,505.770780492834,100.0,100.0,1.1,0.909678447369265,0.0,49054708.0
KOR,"Korea, Rep.",2009,15.8252627240882,508.013960436843,100.0,100.0,1.2,0.623894790622177,0.0,49307835.0
KOR,"Korea, Rep.",2010,15.5041152263374,509.815967078189,100.0,100.0,1.3,0.551921053997371,0.0,49554112.0
KOR,"Korea, Rep.",2011,15.3102171005247,513.804280275749,100.0,100.0,1.4,0.760472360007677,0.0,49936638.0
KOR,"Korea, Rep.",2012,15.6427910800534,515.875583187751,100.0,100.0,1.6,0.461331912487395,0.0,50199853.0
KOR,"Korea, Rep.",2013,15.3531911399421,517.612269825303,100.0,100.0,1.9,0.355238392479359,0.0,50428893.0
KOR,"Korea, Rep.",2014,15.1493379862465,520.852499230217,100.0,100.0,2.9,0.511530789177755,0.0,50746659.0
KOR,"Korea, Rep.",2015,15.0289907127097,523.525547744882,100.0,100.0,2.7,0.414564878860474,0.0,51014947.0
KOR,"Korea, Rep.",2016,14.5760034465427,525.370072521002,100.0,100.0,2.6,0.294442177400004,0.0,51217803.0
KOR,"Korea, Rep.",2017,14.323659111886,526.734806686494,100.0,100.0,2.8,0.176819783376,0.0,51361911.0
KOR,"Korea, Rep.",2018,14.0894175553733,528.969011484824,100.0,100.0,3.2,0.324614738582841,0.0,51585058.0
KOR,"Korea, Rep.",2019,13.9754098360656,530.377274590164,100.0,100.0,3.2,0.23446131824481,0.0,51764822.0
KOR,"Korea, Rep.",2020,13.8524590163934,531.109006147541,100.0,100.0,3.6,-0.00264977014803655,0.0,51836239.0
KOR,"Korea, Rep.",2021,13.7602459016393,530.425604508197,100.0,100.0,3.6,-0.1463834679225,0.0,51769539.0
KOR,"Korea, Rep.",2022,13.5245901639344,529.43205942623,100.0,100.0,,-0.186448252283125,,51672569.0
XKX,Kosovo,1990,,,100.0,,,2.07356002642356,,1973790.0
XKX,Kosovo,1991,,,100.0,,,1.95712300126755,,2005362.0
XKX,Kosovo,1992,,,100.0,,,1.93342476849266,,2039723.0
XKX,Kosovo,1993,,,100.0,,,1.80714837643608,,2072664.0
XKX,Kosovo,1994,,,100.0,,,1.73389547845811,,2105256.0
XKX,Kosovo,1995,,,100.0,,,1.66698342914571,,2137514.0
XKX,Kosovo,1996,,,100.0,,,1.57388153865683,,2168753.0
XKX,Kosovo,1997,,,100.0,,,1.41096852785109,,2197284.0
XKX,Kosovo,1998,,,100.0,,,-5.44650032992224,,2078964.0
XKX,Kosovo,1999,,,100.0,,,-10.4340326734502,,1871524.0
XKX,Kosovo,2000,,,,,,-3.68764561734958,,1802493.0
XKX,Kosovo,2001,,,,,,1.03454529813441,,1820009.0
XKX,Kosovo,2002,,,,,,0.58627379774428,,1829462.0
XKX,Kosovo,2003,,,,,,-0.0925177944188103,,1826434.0
XKX,Kosovo,2004,,,,,,-0.118722940304827,,1822773.0
XKX,Kosovo,2005,,,,,,-0.148236776568454,,1818354.0
XKX,Kosovo,2006,,,,,,-0.17934600583956,,1813079.0
XKX,Kosovo,2007,,,,,,-0.198885165810315,,1807094.0
XKX,Kosovo,2008,,,,,,-0.18957991931627,,1800858.0
XKX,Kosovo,2009,,,,,,-0.159313353569097,,1794681.0
XKX,Kosovo,2010,,,,,,-0.115193130612005,,1788743.0
XKX,Kosovo,2011,,,,,,0.430778087775815,,1791949.0
XKX,Kosovo,2012,,,,,,1.37891807587897,,1807126.0
XKX,Kosovo,2013,,,,,,1.63565631211057,,1818119.0
XKX,Kosovo,2014,,,,,,1.1679448483359,,1812788.0
XKX,Kosovo,2015,,,,,,0.468428338741564,,1788274.0
XKX,Kosovo,2016,,,,,,1.53266256415204,,1777568.0
XKX,Kosovo,2017,,,,,,3.12732368555383,,1791019.0
XKX,Kosovo,2018,,,,,,2.89164008876934,,1797086.0
XKX,Kosovo,2019,,,,,,2.22033235029074,,1788891.0
XKX,Kosovo,2020,,,,,,2.82004853224375,,1790151.0
XKX,Kosovo,2021,,,,,,2.5474688526347,,1786079.0
XKX,Kosovo,2022,,,,,,1.74668694795023,,1768096.0
KWT,Kuwait,1990,0.224466891133558,94.5465207631874,100.0,,0.2,-27.4642315537246,267835.228571429,1684819.0
KWT,Kuwait,1991,0.224466891133558,75.8360830527497,100.0,,0.3,-22.0451170530462,303582.085714286,1351399.0
KWT,Kuwait,1992,0.224466891133558,91.7486531986532,100.0,,0.2,19.0566649659434,178986.653094025,1634961.0
KWT,Kuwait,1993,0.280583613916947,93.8356341189674,100.0,,0.1,2.26193628880391,108056.310308472,1672151.0
KWT,Kuwait,1994,0.280583613916947,93.3984848484849,100.0,,0.0,-0.448239125973816,53546.7466266867,1664361.0
KWT,Kuwait,1995,0.280583613916947,94.3609988776656,100.0,,0.1,1.05570288920623,69904.3172413793,1681513.0
KWT,Kuwait,1996,0.336700336700337,97.0957351290685,100.0,,0.1,2.95702791787701,68493.8896551724,1730246.0
KWT,Kuwait,1997,0.336700336700337,100.318911335578,100.0,,0.0,3.4464048682655,73128.1517241379,1787683.0
KWT,Kuwait,1998,0.336700336700337,103.496184062851,100.0,,0.0,3.34428475434923,118219.2,1844302.0
KWT,Kuwait,1999,0.392817059483726,106.623456790123,100.0,,0.0,3.21570176131164,105391.471550701,1900030.0
KWT,Kuwait,2000,0.561167227833894,109.691863075196,100.0,100.0,0.0,3.05594412034634,106951.493677424,1954709.0
KWT,Kuwait,2001,0.729517396184063,112.689169472503,100.0,100.0,0.0,2.93265576926817,121407.507692308,2008121.0
KWT,Kuwait,2002,0.673400673400673,115.59898989899,100.0,100.0,0.0,2.82538965350807,137466.576923077,2059974.0
KWT,Kuwait,2003,0.673400673400673,118.399607182941,100.0,100.0,0.0,2.6513089662387,199205.480000867,2109881.0
KWT,Kuwait,2004,0.617283950617284,121.061728395062,100.0,100.0,0.0,2.40535497047318,197006.360995771,2157320.0
KWT,Kuwait,2005,0.617283950617284,125.521212121212,100.0,100.0,0.0,3.67027707336391,198083.553796952,2236788.0
KWT,Kuwait,2006,0.617283950617284,132.701066217733,100.0,100.0,0.0,5.56242109286012,245455.822420024,2364733.0
KWT,Kuwait,2007,0.634118967452301,140.734399551066,100.0,100.0,0.0,5.87754467695609,229721.625115539,2507887.0
KWT,Kuwait,2008,0.634118967452301,148.789057239057,100.0,100.0,0.0,5.5655156760957,408692.70412159,2651421.0
KWT,Kuwait,2009,0.589225589225589,156.873400673401,100.0,100.0,0.0,5.2909535288797,403353.792322124,2795484.0
KWT,Kuwait,2010,0.561167227833894,165.172390572391,100.0,100.0,0.0,5.15506049102987,489143.470207303,2943372.0
KWT,Kuwait,2011,0.589225589225589,175.803254769921,100.0,100.0,0.0,6.23757792955185,568765.943156169,3132814.0
KWT,Kuwait,2012,0.561167227833894,187.267620650954,100.0,100.0,0.0,6.31732211154715,660846.793413705,3337109.0
KWT,Kuwait,2013,0.650953984287318,196.848709315376,100.0,100.0,0.0,4.98967404324728,554838.218493485,3507844.0
KWT,Kuwait,2014,0.5331088664422,205.716947250281,100.0,100.0,0.0,4.40657207759868,887691.644726246,3665876.0
KWT,Kuwait,2015,0.432098765432099,215.183726150393,100.0,100.0,0.0,4.49910219971801,826758.476877978,3834574.0
KWT,Kuwait,2016,0.448933782267116,224.696745230079,100.0,100.0,0.0,4.32594906785888,648178.770251729,4004096.0
KWT,Kuwait,2017,0.482603815937149,233.1544332211,100.0,100.0,0.0,3.69493434034851,809270.501974708,4154812.0
KWT,Kuwait,2018,0.448933782267116,242.621492704826,100.0,100.0,0.0,3.9801548230671,415869.621764244,4323515.0
KWT,Kuwait,2019,0.448933782267116,249.288215488215,100.0,100.0,0.1,2.71071332448015,565575.724833585,4442316.0
KWT,Kuwait,2020,0.448933782267116,246.928563411897,100.0,100.0,0.1,-0.951064116715736,522333.988316265,4400267.0
KWT,Kuwait,2021,0.448933782267116,244.717452300786,100.0,100.0,0.1,-0.899478872255975,490952.887761393,4360865.0
KWT,Kuwait,2022,0.448933782267116,257.555723905724,100.0,100.0,,5.11318110910574,,4589643.0
KGZ,Kyrgyz Republic,1990,,,,,7.9,1.53304465191256,,4391236.0
KGZ,Kyrgyz Republic,1991,,,,,9.0,0.939499224027095,,4463634.0
KGZ,Kyrgyz Republic,1992,6.88216892596455,23.5422314911366,,,13.0,0.245785953012128,,4515400.0
KGZ,Kyrgyz Republic,1993,7.04900938477581,23.5494108446298,,,16.2,-1.0130690842272,,4516777.0
KGZ,Kyrgyz Republic,1994,7.05943691345151,23.5405057351408,,,26.5,-1.13988091799165,,4515069.0
KGZ,Kyrgyz Republic,1995,7.06986444212722,23.7771324296142,,,35.0,-0.0794822067137265,,4560454.0
KGZ,Kyrgyz Republic,1996,7.07507820646507,24.1315849843587,,,29.5,0.506886352408266,,4628438.0
KGZ,Kyrgyz Republic,1997,7.08029197080292,24.4860323253389,99.6885462629564,,28.8,0.679782122072156,0.0,4696421.0
KGZ,Kyrgyz Republic,1998,7.09071949947862,24.8645203336809,99.4349189805484,,25.1,1.03924414575292,0.0,4769015.0
KGZ,Kyrgyz Republic,1999,7.13242961418144,25.2368196037539,99.4779770551212,,34.5,1.34607001219577,0.0,4840422.0
KGZ,Kyrgyz Republic,2000,7.06986444212722,25.5389051094891,99.5,33.3,35.2,1.17133655502607,0.0,4898362.0
KGZ,Kyrgyz Republic,2001,7.00729927007299,25.7824452554745,99.5,35.9,36.0,0.933279473160875,0.0,4945073.0
KGZ,Kyrgyz Republic,2002,7.01251303441084,26.020354535975,100.0,38.2,28.3,0.906777184011631,0.0,4990704.0
KGZ,Kyrgyz Republic,2003,7.00729927007299,26.2946193952033,99.4,40.7,30.5,1.03940072683448,0.0,5043308.0
KGZ,Kyrgyz Republic,2004,6.95516162669447,26.6147705943691,99.3,43.7,27.7,1.20236291599755,0.0,5104713.0
KGZ,Kyrgyz Republic,2005,6.69447340980188,26.9167883211679,99.3,46.6,28.0,1.12050379530945,0.0,5162640.0
KGZ,Kyrgyz Republic,2006,6.69290928050052,27.2073670490094,99.1,49.0,27.8,1.06439633234269,0.0,5218373.0
KGZ,Kyrgyz Republic,2007,6.67361835245047,27.468117831074,99.5,51.8,24.5,0.941605632376086,0.0,5268385.0
KGZ,Kyrgyz Republic,2008,6.67101147028154,27.7305995828989,99.6,54.4,22.0,0.93468679382649,0.0,5318729.0
KGZ,Kyrgyz Republic,2009,6.65276329509906,28.1003284671533,99.5,56.7,24.7,1.30137651920883,0.0,5389643.0
KGZ,Kyrgyz Republic,2010,6.65380604796663,28.5039572471324,98.9,58.8,25.6,1.38709054320399,0.0,5467059.0
KGZ,Kyrgyz Republic,2011,6.65224191866528,28.9185974973931,97.8,60.7,26.0,1.38427837836201,0.0,5546587.0
KGZ,Kyrgyz Republic,2012,6.65589155370177,29.4685922836288,99.8,62.3,22.4,1.80530685434576,0.0,5652076.0
KGZ,Kyrgyz Republic,2013,6.66684045881126,30.1206986444213,98.9,63.9,24.8,2.09254140514463,0.0,5777150.0
KGZ,Kyrgyz Republic,2014,6.67674661105318,30.7916996871741,99.7,65.0,26.6,2.09094703167201,0.0,5905848.0
KGZ,Kyrgyz Republic,2015,6.67674661105318,31.4913242961418,98.7,66.0,23.5,2.11955739103886,0.0,6040036.0
KGZ,Kyrgyz Republic,2016,6.71428571428571,32.1967570385819,99.8,66.8,22.2,2.07473145162255,0.0,6175338.0
KGZ,Kyrgyz Republic,2017,6.71428571428571,32.8816266944734,100.0,67.6,24.7,1.95212906842296,0.0,6306696.0
KGZ,Kyrgyz Republic,2018,6.71532846715329,33.5979092805005,100.0,68.3,23.4,1.99143487070684,0.0,6444079.0
KGZ,Kyrgyz Republic,2019,6.71220020855057,34.3598070907195,99.9,69.2,28.3,2.069423273233,0.0,6590211.0
KGZ,Kyrgyz Republic,2020,6.71220020855057,35.0708863399374,99.9,69.6,30.0,1.86734749493336,0.0,6726596.0
KGZ,Kyrgyz Republic,2021,6.71220020855057,35.7206673618352,99.6,70.4,27.6,1.6480667003564,0.0,6851224.0
KGZ,Kyrgyz Republic,2022,6.70690823774765,36.3671532846715,99.6,70.6,,1.64444305813084,,6975220.0
LAO,Lao PDR,1990,3.46187175043328,18.6826473136915,,,88.4,4.85188624477401,59493782.2620025,4311955.0
LAO,Lao PDR,1991,3.46187175043328,19.2162824956672,,,88.0,4.92959320744687,71864475.0927503,4435118.0
LAO,Lao PDR,1992,3.46187175043328,19.7558318890815,,,87.0,5.03205704598507,80064561.8440196,4559646.0
LAO,Lao PDR,1993,3.46187175043328,20.2992201039861,17.9675439949302,,86.7,5.16356595531156,80985660.7393505,4685060.0
LAO,Lao PDR,1994,3.56152512998267,20.8371750433276,11.4641151430092,,86.3,5.28581270966832,99372298.0856228,4809220.0
LAO,Lao PDR,1995,3.58752166377816,21.357924610052,10.1661515071985,,85.6,5.50526664736799,159637011.928779,4929409.0
LAO,Lao PDR,1996,3.57019064124783,21.8616897746967,16.8817407634259,,84.9,6.21784731203769,159708207.127421,5045678.0
LAO,Lao PDR,1997,3.7001733102253,22.3224046793761,19.4707121923206,,84.6,6.89160074371675,133456740.112623,5152011.0
LAO,Lao PDR,1998,3.73483535528596,22.7394540727903,22.0834009552285,,86.6,7.1632736034838,109498240.224423,5248266.0
LAO,Lao PDR,1999,3.7998266897747,23.1403119584055,24.7239019576492,,86.6,7.26253417029068,74391495.2462251,5340784.0
LAO,Lao PDR,2000,3.98613518197574,23.5321143847487,27.5,0.7,81.5,7.1471321367315,68902108.4258312,5431212.0
LAO,Lao PDR,2001,4.20277296360485,23.9232322357019,30.2,0.7,81.1,6.86854592384829,78742913.9513837,5521482.0
LAO,Lao PDR,2002,4.39774696707106,24.3106109185442,30.5,0.6,80.2,6.41699030757141,83378566.5863173,5610889.0
LAO,Lao PDR,2003,4.59272097053726,24.6878032928943,31.6,0.7,78.7,5.80937411049845,115069591.324197,5697945.0
LAO,Lao PDR,2004,4.78769497400347,25.0503726169844,38.3,0.6,74.0,5.07419776436336,119484998.318584,5781626.0
LAO,Lao PDR,2005,4.98266897746967,25.4312088388215,44.1,0.7,73.9,4.42548509984005,89342304.4731034,5869523.0
LAO,Lao PDR,2006,5.19930675909879,25.8370883882149,42.8,0.7,69.8,4.16801408921008,112866035.160645,5963200.0
LAO,Lao PDR,2007,5.37261698440208,26.2401906412478,38.2,0.7,70.7,4.00162176694136,164383612.665269,6056236.0
LAO,Lao PDR,2008,5.5892547660312,26.6419800693241,52.6,0.7,69.3,3.8215868644816,263695359.936989,6148969.0
LAO,Lao PDR,2009,5.89254766031196,27.0435095320624,55.0,0.8,66.4,3.64448374364209,236961728.029881,6241642.0
LAO,Lao PDR,2010,6.06585788561525,27.4445147313691,58.6,0.8,64.8,3.46522988863471,282823142.808913,6334194.0
LAO,Lao PDR,2011,6.18717504332756,27.8448440207972,57.8,0.9,63.6,3.28398064586779,392490874.003271,6426590.0
LAO,Lao PDR,2012,6.33903812824957,28.2451386481802,66.8,1.0,62.4,3.10342250778985,349519916.637454,6518978.0
LAO,Lao PDR,2013,6.49090121317158,28.6455155979203,70.6,1.1,58.6,2.92124077970751,382621817.297763,6611385.0
LAO,Lao PDR,2014,6.50953206239168,29.0432062391681,75.0,1.2,58.2,2.72694255522775,551546132.722416,6703172.0
LAO,Lao PDR,2015,6.52816291161178,29.4698656845754,85.7,1.4,53.3,2.85742086966777,401528781.741591,6801645.0
LAO,Lao PDR,2016,6.54679376083189,29.934150779896,84.1,1.6,51.7,3.66250005413246,424245530.315668,6908802.0
LAO,Lao PDR,2017,6.23570190641248,30.4079159445407,90.5,1.7,50.6,3.57446492617015,445572123.049413,7018147.0
LAO,Lao PDR,2018,5.92461005199307,30.8840771230503,89.3,1.8,50.2,3.54326907767103,291420486.224663,7128045.0
LAO,Lao PDR,2019,5.61351819757366,31.3589081455806,97.6,2.0,50.5,3.50095696138419,266224265.201624,7237636.0
LAO,Lao PDR,2020,5.30329289428076,31.8307322357019,99.0,2.3,50.6,3.45470162517781,301218595.860761,7346533.0
LAO,Lao PDR,2021,5.30329289428076,32.2928682842288,100.0,2.5,51.5,3.38932250915895,281176436.997555,7453194.0
LAO,Lao PDR,2022,5.30329289428076,32.7513301559792,100.0,2.7,49.2,3.3444962471709,,7559007.0
LTE,Late-demographic dividend,1990,9.88910080127204,74.4859714306242,,,19.5350713817325,1.51452541918333,,1844718134.0
LTE,Late-demographic dividend,1991,9.87348141648023,75.4367013132056,,,19.7148822804113,2.65889059229391,,1868272190.0
LTE,Late-demographic dividend,1992,9.40874436653338,42.5940714053283,,,20.4372203034671,2.22891320945888,,1890820460.0
LTE,Late-demographic dividend,1993,9.30962695716695,43.0283631700643,,,20.551629115011,2.14952880812909,,1912010271.0
LTE,Late-demographic dividend,1994,9.23402554717146,43.4975738626751,,,21.3029954062602,2.14314726487537,,1932650915.0
LTE,Late-demographic dividend,1995,9.14198086506976,43.9518164478378,,,20.981021904095,2.14048036997218,,1952702058.0
LTE,Late-demographic dividend,1996,9.08359886336077,44.3923101706422,,,21.6613811396229,3.49472243289255,,1972254664.0
LTE,Late-demographic dividend,1997,9.11801050951706,44.8249307244732,,,21.7285043918944,3.41437474231622,,1991505992.0
LTE,Late-demographic dividend,1998,9.10452013575547,45.2423877700228,,,21.6834506114157,3.34633278606926,,2010169496.0
LTE,Late-demographic dividend,1999,9.07956466702733,45.6283355657454,,,22.0535296369733,3.1676256973886,,2027628907.0
LTE,Late-demographic dividend,2000,9.04802474512162,46.0098979791788,91.8630251063422,29.3993804503197,21.6296317925485,3.37081557401861,,2043581322.0
LTE,Late-demographic dividend,2001,9.02769108147943,46.3489595968754,93.0102265594619,29.9268670932448,20.8661376739642,2.660030478711,,2058600486.0
LTE,Late-demographic dividend,2002,8.99053576462905,46.6640057376622,93.553057768876,30.8347581183677,20.665536308967,2.83600604314865,,2072599555.0
LTE,Late-demographic dividend,2003,8.98689101042691,46.9615796679169,93.8652082891322,31.6529318572717,19.5085643879237,2.79204105863037,,2086139068.0
LTE,Late-demographic dividend,2004,8.95624399490612,47.260206287554,94.1849839759149,32.8239771303313,18.0329223717659,2.44047713386522,,2099412663.0
LTE,Late-demographic dividend,2005,8.95555881892307,47.5540348054057,94.9748902772738,33.9768772923664,16.8127063266169,2.3918189133276,,2112603351.0
LTE,Late-demographic dividend,2006,9.00823950495039,47.750641833215,96.1354983467094,35.3069218013494,16.2710933355579,2.54854810598806,,2126122277.0
LTE,Late-demographic dividend,2007,9.00264155188372,48.0619705322459,95.4993110414506,36.7456063289342,15.5877124923454,2.76092732184252,,2139958608.0
LTE,Late-demographic dividend,2008,9.04193146517345,48.3767096734734,96.1454502575825,38.6774196530526,15.0816450798626,2.19498503133981,,2153941306.0
LTE,Late-demographic dividend,2009,9.0612070471379,48.6767234859002,97.1425168736928,40.6990162967737,15.0489853771052,2.40248427829195,,2167303374.0
LTE,Late-demographic dividend,2010,9.02294065610329,48.9508454672571,98.3713043613792,43.1238522744435,14.227913389653,1.79773621707992,,2179525352.0
LTE,Late-demographic dividend,2011,9.03249796694519,49.2573421756937,98.8690494992161,45.9880889278188,13.4939401643027,3.69005176715431,,2193171336.0
LTE,Late-demographic dividend,2012,9.00865762506824,49.6199977803342,98.9285760281892,48.8251327027986,13.5583905267186,2.28200575712577,,2209319631.0
LTE,Late-demographic dividend,2013,8.99685711221471,49.9715537391357,99.1799367132243,52.0440085372767,13.6510906148841,2.37453294526251,,2225005187.0
LTE,Late-demographic dividend,2014,8.97682414482082,50.3332211354391,99.3314741901217,55.5518487285676,13.7969449361474,2.20587109012463,,2241122152.0
LTE,Late-demographic dividend,2015,8.98690305554031,50.6711186110935,99.2630530032204,58.8987071642719,13.7947562846974,2.44786611697491,,2256126712.0
LTE,Late-demographic dividend,2016,8.97947941162036,51.0016007577816,99.5588304954404,62.3798916112606,14.1053604502349,2.33645062444612,,2270841806.0
LTE,Late-demographic dividend,2017,8.96017636058965,51.3399364854318,99.7641146447861,65.5200238923032,14.3601698499908,2.22919106750607,,2285870134.0
LTE,Late-demographic dividend,2018,8.93506591231206,51.6205889989605,99.7267522792263,68.3521161815112,14.7113402854056,2.1569585407113,,2298394042.0
LTE,Late-demographic dividend,2019,8.8698301068356,51.8561187728491,99.7868843602428,71.3053370538472,15.1930553100861,1.81474597571804,,2308878047.0
LTE,Late-demographic dividend,2020,8.8862939163673,52.0231339026125,99.8952645548586,73.6569013204956,15.8291260683112,1.2878548189716,,2316152451.0
LTE,Late-demographic dividend,2021,8.8832083117502,52.1123508775933,99.8887278883299,76.1018365237402,,1.48906482535453,,2320127638.0
LTE,Late-demographic dividend,2022,8.86661307846287,52.1949557628276,99.8892905756748,78.154220109077,,0.835042024742585,,2323799591.0
LCN,Latin America & Caribbean,1990,6.32318440493952,21.9653180325214,,,32.5735739750446,2.57866676702463,,440958144.0
LCN,Latin America & Caribbean,1991,6.30235668675376,22.3723304238667,,,31.9844254750594,2.51311953833387,,449128999.0
LCN,Latin America & Caribbean,1992,6.25228890563445,22.7766228422573,64.3677105544178,,31.6994200114385,2.43932032591757,,457245250.0
LCN,Latin America & Caribbean,1993,6.20939914529697,23.1791334601828,65.3342760862398,,31.1011774075509,2.36624122958614,,465325731.0
LCN,Latin America & Caribbean,1994,6.17770727610713,23.5777788114357,67.4374976460426,,30.7352128121832,2.30863942601196,,473328616.0
LCN,Latin America & Caribbean,1995,6.16839408851088,23.9753047217646,63.3913194169251,,30.3094212714592,2.29086788083851,,481309028.0
LCN,Latin America & Caribbean,1996,6.20004687963349,24.3701224647499,65.9446744994885,,29.3934535098306,2.28483743269795,,489235073.0
LCN,Latin America & Caribbean,1997,6.26515039169765,24.7617465159541,66.8143825712799,,28.6658995402185,2.29878131971876,,497097004.0
LCN,Latin America & Caribbean,1998,6.33738153531245,25.1887886309395,68.4108136068152,,28.6273564189189,2.30515863852395,,504952583.0
LCN,Latin America & Caribbean,1999,6.3806337988682,25.5768022886015,69.8435012828185,,29.1029641644889,2.23366503587433,,512730984.0
LCN,Latin America & Caribbean,2000,6.4178062697012,25.9529802442326,71.1242369366262,43.96633092403,28.4987826663039,2.08329373347875,,520272118.0
LCN,Latin America & Caribbean,2001,6.46235105894216,26.3171527942571,74.0066005096669,44.9846720960119,27.9199322021845,1.93554688358104,,527572583.0
LCN,Latin America & Caribbean,2002,6.48406728066934,26.6736175172998,74.4251175273558,46.1429973270578,28.526904727315,1.83299806334337,,534691591.0
LCN,Latin America & Caribbean,2003,6.63619703298843,27.0204001421728,74.9082446198302,47.1123564428958,29.0446078906691,1.73638022838103,,541643365.0
LCN,Latin America & Caribbean,2004,6.72604758834717,27.3602195415425,75.7902922261376,48.0663788605742,28.8693246970421,1.64540547871097,,548455563.0
LCN,Latin America & Caribbean,2005,6.85212744103141,27.6926786911619,76.8378502815453,48.807077707242,28.9373842994788,1.5598581267967,,555120780.0
LCN,Latin America & Caribbean,2006,6.96051924795044,28.0234967476479,79.1066404657976,49.6623706342655,28.9856660718838,1.4942854549236,,561751999.0
LCN,Latin America & Caribbean,2007,7.08078646364651,28.3523925287658,79.5781322110912,50.4965276666045,29.0767468358782,1.45927481440514,,568345245.0
LCN,Latin America & Caribbean,2008,7.05521296032343,28.6798177861617,81.9224919876128,51.3079180169792,29.1895755585886,1.43017882216416,,574908733.0
LCN,Latin America & Caribbean,2009,7.03491559529881,29.0030480416402,82.5269000706947,51.9960458209412,30.0250169872657,1.39334880410031,,581388129.0
LCN,Latin America & Caribbean,2010,7.22664526156113,29.3205404252576,83.9924700599219,52.9600231083521,29.068340737703,1.3542599340201,,587752505.0
LCN,Latin America & Caribbean,2011,7.30100569506884,29.6351277053727,85.0266785188795,53.8253047063039,28.4958595093532,1.32728907913398,,594086829.0
LCN,Latin America & Caribbean,2012,7.36034277367852,29.9513839091708,86.3620128424881,54.7928441605756,27.9411911085897,1.31221643549256,,600420316.0
LCN,Latin America & Caribbean,2013,7.39237349704821,30.2674745867114,87.3004270919339,55.6974055607492,27.7426663261076,1.29851654110289,,606683307.0
LCN,Latin America & Caribbean,2014,7.39320843677787,30.5757421465663,87.9362594491458,56.634481714829,27.7215959010541,1.27660642252196,,612849401.0
LCN,Latin America & Caribbean,2015,7.49949391937428,30.8759165980304,89.1221495529808,57.7156166468036,28.2446666189275,1.24861831061953,,618868462.0
LCN,Latin America & Caribbean,2016,7.48462789857302,31.1688358715504,93.4581981318334,58.7043290108778,28.8850327404841,1.21517520251232,,624737786.0
LCN,Latin America & Caribbean,2017,7.45652254953344,31.4524540545887,90.5588723814664,59.7059147788083,29.4068241645848,1.17106553332048,,630414986.0
LCN,Latin America & Caribbean,2018,7.46257719969531,31.7199328465571,90.5280853416719,60.6646392894101,30.252639118551,1.08550021524993,,635778081.0
LCN,Latin America & Caribbean,2019,7.4667251761171,31.9787636490052,91.3705864293127,61.6272225476773,30.6248117743588,1.07203228164444,,640962372.0
LCN,Latin America & Caribbean,2020,7.5748853008668,32.2050635539579,96.1038464505585,62.5127582115692,34.1964972995889,0.966690027939834,,645498186.0
LCN,Latin America & Caribbean,2021,7.62150104216504,32.3915533982336,96.8068548729215,63.5128657108037,,0.821757075454218,,649236072.0
LCN,Latin America & Caribbean,2022,7.60071636604311,32.5868308076724,97.0353826882991,64.3471105041943,,0.834370709526408,,653108120.0
LAC,Latin America & Caribbean (excluding high income),1990,6.62570444607654,21.891545673376,,,34.6522536872118,2.59405487205831,,392413347.0
LAC,Latin America & Caribbean (excluding high income),1991,6.60774175510773,22.2971023863466,,,33.8414243478261,2.5228777636322,,399683088.0
LAC,Latin America & Caribbean (excluding high income),1992,6.57873324707774,22.6996502299072,63.384282309586,,33.3586408854054,2.44123989117618,,406898894.0
LAC,Latin America & Caribbean (excluding high income),1993,6.53980024535783,23.1000084912766,64.2656189540131,,32.9373621720499,2.35807383068917,,414075451.0
LAC,Latin America & Caribbean (excluding high income),1994,6.50548639792118,23.4963243741104,66.5497941077912,,32.4700341047503,2.29569098176606,,421179547.0
LAC,Latin America & Caribbean (excluding high income),1995,6.50348751227788,23.891786493387,62.2603679195439,,32.1436258711839,2.28185110765855,,428268339.0
LAC,Latin America & Caribbean (excluding high income),1996,6.54625208478849,24.2840358977205,65.1572703877641,,31.1974118680121,2.28104923789635,,435299542.0
LAC,Latin America & Caribbean (excluding high income),1997,6.61794386142109,24.673606356695,65.9590388450365,,30.2834412141159,2.31091223443453,,442282724.0
LAC,Latin America & Caribbean (excluding high income),1998,6.69732530771361,25.1040247841587,67.5420754806272,,30.3047760705415,2.33640798635041,,449283157.0
LAC,Latin America & Caribbean (excluding high income),1999,6.75370946866465,25.4918243158554,69.0640973775651,,30.7228241594427,2.27333494713822,,456223550.0
LAC,Latin America & Caribbean (excluding high income),2000,6.79646666194826,25.867875695749,70.0099848738593,40.3232481534029,29.8286897904667,2.1249461873319,,462953688.0
LAC,Latin America & Caribbean (excluding high income),2001,6.84585579602206,26.2315962517176,72.9199018155525,41.4226477355759,29.3175361993804,1.9766314317686,,469463143.0
LAC,Latin America & Caribbean (excluding high income),2002,6.8759039796048,26.5871177699417,73.3059033399488,42.6436163330095,30.1399289410141,1.87350878095831,,475799008.0
LAC,Latin America & Caribbean (excluding high income),2003,7.05407257093168,26.9323626452345,74.313521569286,43.6761148167209,30.6828162403507,1.7716841887618,,481977727.0
LAC,Latin America & Caribbean (excluding high income),2004,7.15219852925588,27.2706803959196,74.7881429976587,44.6811848889106,30.3512892936746,1.67507803751302,,488032486.0
LAC,Latin America & Caribbean (excluding high income),2005,7.29615984319436,27.6044589528695,75.9593606509623,45.4839325046109,30.5136178049694,1.59057732060988,,494006571.0
LAC,Latin America & Caribbean (excluding high income),2006,7.42381986830102,27.9343857032638,78.0731048121904,46.3764952471924,30.3257324603332,1.51393207302997,,499910627.0
LAC,Latin America & Caribbean (excluding high income),2007,7.55970201932777,28.2630886152013,78.8002330586064,47.2699748911247,30.3326680623936,1.47992914781405,,505793340.0
LAC,Latin America & Caribbean (excluding high income),2008,7.50602090643052,28.5908746323007,81.3026537811817,48.1222321764111,30.4410342110117,1.45185548383049,,511659365.0
LAC,Latin America & Caribbean (excluding high income),2009,7.46394994601224,28.9150037777848,81.7913005386909,48.8523100381535,31.4816076655373,1.4158173177073,,517459947.0
LAC,Latin America & Caribbean (excluding high income),2010,7.68670800413682,29.2328158889148,83.3642709598836,49.863735430433,30.791063793122,1.37409850944143,,523147480.0
LAC,Latin America & Caribbean (excluding high income),2011,7.74807910082474,29.5492418539098,84.5142731932812,50.7790768322761,29.923684115234,1.35027425088394,,528822706.0
LAC,Latin America & Caribbean (excluding high income),2012,7.82593645378379,29.8670136274965,85.7880931860297,51.7912161972422,29.3509779416994,1.34261879776269,,534503260.0
LAC,Latin America & Caribbean (excluding high income),2013,7.85110838933909,30.1848912097394,86.7827329101497,52.7374320248895,28.8753991496002,1.32819339195479,,540118712.0
LAC,Latin America & Caribbean (excluding high income),2014,7.84482558726045,30.4949995687283,87.2823142202526,53.7236274383559,29.1503479276468,1.30879347945581,,545661592.0
LAC,Latin America & Caribbean (excluding high income),2015,7.96197381790529,30.7974052455631,88.5505911655998,54.8555842172811,29.3653339575074,1.28120612678703,,551075145.0
LAC,Latin America & Caribbean (excluding high income),2016,7.95788616085997,31.0973457581053,93.3731372036034,55.8974784891287,30.0701319995524,1.26441152394347,,556440282.0
LAC,Latin America & Caribbean (excluding high income),2017,7.92789198545496,31.4060855350308,90.0059011897532,56.9619151317697,30.6421659951186,1.28390447151233,,561957179.0
LAC,Latin America & Caribbean (excluding high income),2018,7.93975316269981,31.7276580583473,89.9228166285081,57.9893415540132,31.4749268035603,1.29885023218486,,567711159.0
LAC,Latin America & Caribbean (excluding high income),2019,7.95139043978149,32.0408546856498,90.8376742835073,59.019087062437,31.7254596724351,1.28260227861082,,573311679.0
LAC,Latin America & Caribbean (excluding high income),2020,8.07772964512557,32.3079863627087,96.0201936817868,59.9656057630404,34.931181287891,1.12444218799306,,578091505.0
LAC,Latin America & Caribbean (excluding high income),2021,8.12257392329735,32.5199516637478,96.6157325169262,61.0461851897604,,0.923733567840546,,581884231.0
LAC,Latin America & Caribbean (excluding high income),2022,8.10612437561313,32.7327006919195,96.8171748116673,61.9336682774931,,0.906026970512432,,585648822.0
TLA,Latin America & the Caribbean (IDA & IBRD countries),1990,6.18973690415362,21.3611344199189,,,32.3678811846524,2.59947803935053,,426091608.0
TLA,Latin America & the Caribbean (IDA & IBRD countries),1991,6.16707086537396,21.764561099921,,,31.7032170833947,2.54024627661385,,434138780.0
TLA,Latin America & the Caribbean (IDA & IBRD countries),1992,6.10981323969345,22.1662297755723,64.1638885955646,,31.3669679433488,2.47495613967267,,442150885.0
TLA,Latin America & the Caribbean (IDA & IBRD countries),1993,6.06489328824605,22.5663138058441,65.158180682764,,30.9743028581153,2.40758789784681,,450131381.0
TLA,Latin America & the Caribbean (IDA & IBRD countries),1994,6.03024051435144,22.9629385275289,67.2868851380428,,30.6396443730315,2.35317005640951,,458042874.0
TLA,Latin America & the Caribbean (IDA & IBRD countries),1995,6.02096775955229,23.358816071045,63.2605030812836,,30.3146251010021,2.33576281570399,,465939463.0
TLA,Latin America & the Caribbean (IDA & IBRD countries),1996,6.06280031706403,23.7516570752641,65.8330827126474,,29.3438043571292,2.32542512227959,,473775482.0
TLA,Latin America & the Caribbean (IDA & IBRD countries),1997,6.12095257630434,24.1416963117484,66.7133694279139,,28.6807131239037,2.34141824540425,,481555614.0
TLA,Latin America & the Caribbean (IDA & IBRD countries),1998,6.19542533004206,24.5673399034801,68.3200700192639,,28.6993515133428,2.35575603466835,,489346270.0
TLA,Latin America & the Caribbean (IDA & IBRD countries),1999,6.23709328192066,24.9548611538075,69.7598490176482,,29.2264893102207,2.29037315743986,,497065139.0
TLA,Latin America & the Caribbean (IDA & IBRD countries),2000,6.27952032947209,25.3309386607104,70.6817455338813,44.2999788224236,28.5774086987318,2.13397549066108,,504556065.0
TLA,Latin America & the Caribbean (IDA & IBRD countries),2001,6.3122926074409,25.695108937092,73.6902185727596,45.2066465842202,27.9857754927164,1.98264046663079,,511809816.0
TLA,Latin America & the Caribbean (IDA & IBRD countries),2002,6.33070206691413,26.0501619925308,74.1800370789169,46.2524930690199,28.6289640352186,1.88448531456016,,518881965.0
TLA,Latin America & the Caribbean (IDA & IBRD countries),2003,6.48645698610484,26.3968363338717,74.583383247952,47.0969274287167,29.1928289531382,1.78292756783332,,525787222.0
TLA,Latin America & the Caribbean (IDA & IBRD countries),2004,6.57948506674923,26.7366789597499,75.4728748129401,47.9294427443725,29.0032130411343,1.68817317134957,,532556401.0
TLA,Latin America & the Caribbean (IDA & IBRD countries),2005,6.70832806352303,27.0696545262619,76.5327500341592,48.5574234668716,29.1868140682957,1.60071594252923,,539188798.0
TLA,Latin America & the Caribbean (IDA & IBRD countries),2006,6.81970787359163,27.4018628690075,78.8429184694775,49.321389114705,29.2883960377476,1.53577534892096,,545805913.0
TLA,Latin America & the Caribbean (IDA & IBRD countries),2007,6.94415542924119,27.7328975330975,79.3137804394321,50.0694815639592,29.4162906928946,1.50151689155808,,552399650.0
TLA,Latin America & the Caribbean (IDA & IBRD countries),2008,6.92144595216243,28.0626989258994,81.7016698734919,50.8269686041789,29.5066403419618,1.47160653323285,,558968822.0
TLA,Latin America & the Caribbean (IDA & IBRD countries),2009,6.90395593622147,28.3883302401452,82.3061950669333,51.4784769982923,30.3669946466489,1.43313187171511,,565454932.0
TLA,Latin America & the Caribbean (IDA & IBRD countries),2010,7.09981672725143,28.7079897400323,83.7935485220162,52.3981445138055,29.4185691870613,1.39150618350955,,571822092.0
TLA,Latin America & the Caribbean (IDA & IBRD countries),2011,7.17775403552183,29.0267758338296,84.8387859629969,53.2509337299855,28.7713961731801,1.36644003563606,,578171855.0
TLA,Latin America & the Caribbean (IDA & IBRD countries),2012,7.24660470235443,29.3456982827995,86.1879375499862,54.2014379240233,28.2092931078232,1.35178954278262,,584524334.0
TLA,Latin America & the Caribbean (IDA & IBRD countries),2013,7.27690460901525,29.6612633119693,87.1303332402041,55.088999480921,28.0091335892334,1.33835131138944,,590809938.0
TLA,Latin America & the Caribbean (IDA & IBRD countries),2014,7.28114998680355,29.9735385054324,87.7629356679303,56.0222256984194,27.9234565266568,1.3201193016731,,597023419.0
TLA,Latin America & the Caribbean (IDA & IBRD countries),2015,7.39190527743729,30.2781963771345,88.9563884508934,57.0968291983126,28.4881357094781,1.29115721452381,,603091701.0
TLA,Latin America & the Caribbean (IDA & IBRD countries),2016,7.37819873521138,30.5756789555618,93.3738890676317,58.0917426686687,29.1484835734771,1.25693449153836,,609017063.0
TLA,Latin America & the Caribbean (IDA & IBRD countries),2017,7.35391916338595,30.8648395091605,90.388787607714,59.0908357647982,29.6408830785882,1.21549028328882,,614776664.0
TLA,Latin America & the Caribbean (IDA & IBRD countries),2018,7.3600370848082,31.1407608410961,90.337333627585,60.0613265109709,30.4953793252595,1.13693958971137,,620274430.0
TLA,Latin America & the Caribbean (IDA & IBRD countries),2019,7.36421042223376,31.4016447900623,91.1749831401808,61.0288573086688,30.8730849505438,1.09848957245078,,625467307.0
TLA,Latin America & the Caribbean (IDA & IBRD countries),2020,7.4730468770488,31.631770581189,96.0143142354421,61.9268774685968,34.4989632470857,0.997790841850067,,630051021.0
TLA,Latin America & the Caribbean (IDA & IBRD countries),2021,7.51995410864839,31.8231317642983,96.7271555450348,62.9356017969806,,0.853765619123279,,633862610.0
TLA,Latin America & the Caribbean (IDA & IBRD countries),2022,7.49903288996103,32.0247780918987,96.9624996057322,63.780043317444,,0.871000206634856,,637837815.0
LVA,Latvia,1990,,,100.0,,17.6,-0.291791392306943,,2663151.0
LVA,Latvia,1991,,,100.0,,18.7,-0.759391234482631,,2650581.0
LVA,Latvia,1992,27.1264885017758,42.0129204364665,100.0,,21.6,-1.76524841271621,0.0,2614338.0
LVA,Latvia,1993,27.1104183071657,41.1925691420123,100.0,,25.4,-2.43296965099685,0.0,2563290.0
LVA,Latvia,1994,27.480032783197,40.5088145017436,100.0,,28.3,-2.17748841702277,0.0,2520742.0
LVA,Latvia,1995,16.1023349992768,39.9353335368891,100.0,,32.4,-1.94157371892375,0.0,2485056.0
LVA,Latvia,1996,17.0344062866601,39.4880357401128,100.0,,32.0,-1.62319097364208,0.0,2457222.0
LVA,Latvia,1997,17.3397399842512,39.0963890272711,100.0,,32.9,-1.44280929144874,0.0,2432851.0
LVA,Latvia,1998,17.0183360920501,38.7294743439343,100.0,,35.4,-1.3060829712937,0.0,2410019.0
LVA,Latvia,1999,15.861282080126,38.4155109518376,100.0,,36.3,-1.06162434407705,0.0,2390482.0
LVA,Latvia,2000,15.588088771755,38.0469892490398,100.0,100.0,35.8,-1.07214691000143,0.0,2367550.0
LVA,Latvia,2001,15.3952464364343,37.5587767367863,100.0,100.0,35.4,-1.34392417190801,0.0,2337170.0
LVA,Latvia,2002,15.6362993555852,37.1249296928986,100.0,100.0,34.4,-1.21331364127007,0.0,2310173.0
LVA,Latvia,2003,15.3791762418243,36.7678821090523,100.0,100.0,34.3,-1.01346792013693,0.0,2287955.0
LVA,Latvia,2004,16.2148263615472,36.3688109663008,100.0,100.0,36.1,-1.13353429382372,0.0,2263122.0
LVA,Latvia,2005,17.5486525141819,35.9779356228004,100.0,100.0,36.3,-1.11784320254929,0.0,2238799.0
LVA,Latvia,2006,19.3645845051184,35.6494287045816,100.0,100.0,34.0,-0.94913564758322,0.0,2218357.0
LVA,Latvia,2007,19.0913911967474,35.3596509553731,100.0,100.0,33.1,-0.842494408827316,0.0,2200325.0
LVA,Latvia,2008,18.8021276937664,34.9899882687579,99.9,100.0,33.7,-1.07132218273846,0.0,2177322.0
LVA,Latvia,2009,18.7699873045463,34.4170376203256,100.0,100.0,38.4,-1.66529155683755,0.0,2141669.0
LVA,Latvia,2010,18.8503382775965,33.7081170552975,99.8,100.0,33.1,-2.08913666797325,0.0,2097555.0
LVA,Latvia,2011,18.6092853584457,33.0999244700853,99.8,100.0,35.5,-1.82135172989026,0.0,2059709.0
LVA,Latvia,2012,18.9306892506468,32.691902228936,100.0,100.0,40.4,-1.23077922718726,0.0,2034319.0
LVA,Latvia,2013,19.4127950889485,32.3436289713468,100.0,100.0,39.6,-1.05017592551677,0.0,2012647.0
LVA,Latvia,2014,19.4288652835586,32.0404647500281,100.0,100.0,40.2,-0.910374889280492,0.0,1993782.0
LVA,Latvia,2015,19.7631253314478,31.7792437366417,100.0,100.0,38.1,-0.777502744531196,0.0,1977527.0
LVA,Latvia,2016,20.6984106577531,31.4901409356067,100.0,100.0,38.5,-0.863570653417595,0.0,1959537.0
LVA,Latvia,2017,20.7305510469732,31.2123033409935,100.0,100.0,42.6,-0.827376795111087,0.0,1942248.0
LVA,Latvia,2018,20.8109020200235,30.9700612274415,100.0,100.0,41.0,-0.712446370389295,0.0,1927174.0
LVA,Latvia,2019,21.1965866906648,30.755491989008,100.0,100.0,41.5,-0.621325113241851,0.0,1913822.0
LVA,Latvia,2020,21.4366061385184,30.5391129680219,100.0,100.0,43.8,-0.620729486315703,0.0,1900449.0
LVA,Latvia,2021,21.8865498955488,30.2826610959344,100.0,100.0,44.0,-0.75558546061657,0.0,1884490.0
LVA,Latvia,2022,21.8062027960791,30.2005945685361,100.0,100.0,,-0.159755579173112,,1879383.0
LDC,Least developed countries: UN classification,1990,6.47673803696078,31.2898160104488,,,85.793807160207,4.42141262857627,,519693837.0
LDC,Least developed countries: UN classification,1991,6.55106097527421,32.0666025810882,,,86.173870947592,4.47717490553473,,532595517.0
LDC,Least developed countries: UN classification,1992,6.56311048863776,32.9281643052118,,,86.3259492641678,4.27953890920773,,546905231.0
LDC,Least developed countries: UN classification,1993,6.83098981700237,31.7610716429171,,,86.7447862460972,4.34437545707769,,562489881.0
LDC,Least developed countries: UN classification,1994,6.82512480088239,32.6384866641472,,,86.4549482646711,4.40752012166779,,578028937.0
LDC,Least developed countries: UN classification,1995,6.91412138027469,33.5182534585888,,,85.42524597215,4.25203922531358,,593609643.0
LDC,Least developed countries: UN classification,1996,7.02045279362051,34.410292951891,,,85.0475698706035,4.00746426656036,,609407699.0
LDC,Least developed countries: UN classification,1997,7.0542263751276,35.3058366719761,,,84.3297066749052,3.97674303487501,,625267815.0
LDC,Least developed countries: UN classification,1998,7.07439183408751,36.2168005709304,,,84.370798539927,4.05511112592104,,641401023.0
LDC,Least developed countries: UN classification,1999,7.13470407782355,37.1324336855008,,,84.1100241118791,4.03023683582656,,657616923.0
LDC,Least developed countries: UN classification,2000,7.17219248664666,38.0358684345252,11.3191229788749,2.16710862239486,83.8156995400155,3.97201306741737,,673630102.0
LDC,Least developed countries: UN classification,2001,7.20397899286186,38.9533356434649,,2.28925457107628,83.0408137064604,3.98062672037018,,689878805.0
LDC,Least developed countries: UN classification,2002,7.27478446656169,39.9351323751124,,2.43046567779286,82.6109209826965,4.1074688805382,,707266809.0
LDC,Least developed countries: UN classification,2003,7.47952453368963,40.9427306263312,13.7285156353225,2.55582506854521,81.4191737213528,4.16623747154174,,725111768.0
LDC,Least developed countries: UN classification,2004,7.51794704498388,41.5882276031709,13.7041052726576,2.71148150094371,80.9903617758661,4.14477607052836,,742717957.0
LDC,Least developed countries: UN classification,2005,7.67764034911502,42.5974909917262,15.2340402151334,2.8660576615825,80.759987018664,4.16075072166282,,760741611.0
LDC,Least developed countries: UN classification,2006,7.78778028875129,43.63249482813,18.5957262932462,3.05053916389554,80.1005342660568,4.16463813196719,,779230030.0
LDC,Least developed countries: UN classification,2007,7.93671283141039,44.6561647179311,16.3978337708314,3.21964848579692,78.8471069800247,3.93761457276973,,797516000.0
LDC,Least developed countries: UN classification,2008,8.07289754617395,45.7068074340997,19.3173117852167,3.42420988919123,78.1739617762925,4.17687213743916,,816268129.0
LDC,Least developed countries: UN classification,2009,8.28249497402711,46.7941114670934,23.2231382147874,3.61540440553449,77.0426428856211,3.99577869693497,,835687108.0
LDC,Least developed countries: UN classification,2010,8.50940450236905,47.8932877448061,21.3451797045896,3.86536642336764,75.9030638297872,3.86903326587729,,855348118.0
LDC,Least developed countries: UN classification,2011,8.68957583518169,49.0311506607435,22.5845975610401,4.16062301156083,75.2902390351355,3.77385067586784,,875685078.0
LDC,Least developed countries: UN classification,2012,8.89615952543329,44.0424518658881,26.9558437619406,4.45195137720878,74.1186152161421,3.71571471990011,,896684951.0
LDC,Least developed countries: UN classification,2013,9.0207665959353,45.1028650452437,26.7581773828608,4.77240373125407,73.4516390735312,3.76264504253051,,918269633.0
LDC,Least developed countries: UN classification,2014,9.11446548725019,46.1842630273641,26.8245734558793,5.13046834903712,72.8033051049145,3.80492174295287,,940284138.0
LDC,Least developed countries: UN classification,2015,9.20509133576924,47.275728089177,28.1501134407853,5.51981239946871,72.6420499355701,3.75712322130213,,962508256.0
LDC,Least developed countries: UN classification,2016,9.32580791034306,48.4015353371021,34.8989594216456,5.96116045845572,71.7069864304561,3.78042226545059,,985414939.0
LDC,Least developed countries: UN classification,2017,9.44204543907342,49.5597657740462,40.3070521111228,6.44975720307845,70.6528427025745,3.80575138747529,,1008993468.0
LDC,Least developed countries: UN classification,2018,9.5350578176499,50.7444246385833,38.4277036419931,6.95073013588514,69.6689273124056,3.79356321025318,,1033110314.0
LDC,Least developed countries: UN classification,2019,9.53941638623903,51.967591243585,41.5516481635898,7.49518822225668,69.5024909470932,3.69957463654859,,1058013514.0
LDC,Least developed countries: UN classification,2020,9.57277779800091,53.2263059749044,42.6804982903559,8.09192224909089,70.885707743194,3.63899870033612,,1083636132.0
LDC,Least developed countries: UN classification,2021,9.63641665523899,54.4807435364887,44.3157332550235,8.71772359424624,,3.57494020940392,,1109175268.0
LDC,Least developed countries: UN classification,2022,9.69174837199,55.7288546680037,44.627353150645,9.39003342516814,,3.52623930571011,,1134585604.0
LBN,Lebanon,1990,17.8885630498534,351.434506353861,,,11.3,2.51420798124736,1022971.26781775,3595175.0
LBN,Lebanon,1991,17.6930596285435,358.642424242424,,,8.5,2.53948282632868,972036.429547578,3668912.0
LBN,Lebanon,1992,17.5953079178886,366.3119257087,,,8.0,2.58295332836206,915855.506440614,3747371.0
LBN,Lebanon,1993,17.5953079178886,373.474780058651,,,5.4,2.3608837311849,640992.663452035,3820647.0
LBN,Lebanon,1994,17.5953079178886,380.234506353861,,,5.3,2.17501421302691,771134.061600956,3889799.0
LBN,Lebanon,1995,17.5953079178886,387.16862170088,,,4.4,2.14481761122221,1159985.02968222,3960735.0
LBN,Lebanon,1996,17.8885630498534,394.406744868035,,,5.0,2.14568221287891,1215168.88735632,4034781.0
LBN,Lebanon,1997,18.0840664711632,401.603616813294,,,4.4,2.05691101419772,1188368.33068732,4108405.0
LBN,Lebanon,1998,18.2795698924731,408.727370478983,,,5.5,1.96151249213554,1576231.2882091,4181281.0
LBN,Lebanon,1999,12.6099706744868,415.960606060606,,,4.3,1.91050925119298,255924.962603028,4255277.0
LBN,Lebanon,2000,12.6099706744868,423.200391006843,100.0,,4.9,1.83701680103271,277395.461224704,4329340.0
LBN,Lebanon,2001,11.7302052785924,430.295014662757,100.0,,4.6,1.83114971534572,179394.268136776,4401918.0
LBN,Lebanon,2002,12.7077223851417,436.315151515152,100.0,,5.7,1.5623725417853,95848.8528661383,4463504.0
LBN,Lebanon,2003,13.2942326490714,442.3761485826,100.0,,7.0,1.55699886428527,34681.5907485112,4525508.0
LBN,Lebanon,2004,13.3235581622678,449.587390029325,100.0,,6.1,1.79886989542505,0.0,4599279.0
LBN,Lebanon,2005,13.8514173998045,456.608211143695,98.9,,6.4,1.73594860422739,0.0,4671102.0
LBN,Lebanon,2006,13.2942326490714,464.431671554252,98.8,,6.4,1.88982441011118,0.0,4751136.0
LBN,Lebanon,2007,13.1182795698925,473.520821114369,86.7,,7.3,2.13366281401081,0.0,4844118.0
LBN,Lebanon,2008,12.0234604105572,481.461779081134,99.2,,5.1,1.86322746704686,0.0,4925354.0
LBN,Lebanon,2009,12.0234604105572,488.004594330401,96.1,,4.3,1.55456007036806,0.0,4992287.0
LBN,Lebanon,2010,11.1436950146628,492.794525904203,96.6,,5.7,1.18616726278114,0.0,5041288.0
LBN,Lebanon,2011,12.2189638318671,498.144672531769,99.2,,6.2,1.29397113275375,0.0,5096020.0
LBN,Lebanon,2012,12.9032258064516,511.802737047898,96.2,,5.6,2.92371466191657,0.0,5235742.0
LBN,Lebanon,2013,12.9032258064516,561.430694037146,96.8,,5.9,9.47852380757179,0.0,5743436.0
LBN,Lebanon,2014,12.9032258064516,620.429130009775,97.3,,4.2,10.2206965974038,0.0,6346990.0
LBN,Lebanon,2015,13.0009775171065,632.694916911046,97.8,,4.2,2.19088551132826,0.0,6472469.0
LBN,Lebanon,2016,13.3919843597263,618.089931573803,98.3,,4.0,-2.09739580882344,0.0,6323060.0
LBN,Lebanon,2017,13.4086021505376,602.163049853372,98.7,,4.0,-2.36769898899146,0.0,6160128.0
LBN,Lebanon,2018,13.4095796676442,584.957869012708,97.4,,4.7,-2.65106510457592,0.0,5984119.0
LBN,Lebanon,2019,13.2258064516129,566.431476050831,99.6,,5.1,-2.96571655621746,0.0,5794594.0
LBN,Lebanon,2020,13.1099706744868,557.419159335288,99.8,,6.3,-1.34629278132371,0.0,5702398.0
LBN,Lebanon,2021,13.8435679374389,558.956207233627,100.0,,6.8,0.537879344897987,0.0,5718122.0
LBN,Lebanon,2022,13.341642228739,561.533626588465,100.0,,,0.727529764932357,,5744489.0
LSO,Lesotho,1990,10.4413702239789,59.6079051383399,,,52.0,6.65634408713509,23254111.6810435,1809696.0
LSO,Lesotho,1991,10.5072463768116,60.6844202898551,,,52.0,6.92593493714359,24662609.2300239,1842379.0
LSO,Lesotho,1992,10.935441370224,61.7020421607378,,,51.4,6.90240893560623,25590055.1675099,1873274.0
LSO,Lesotho,1993,10.8695652173913,62.6414031620553,,,51.0,6.61718966598346,20447377.3364578,1901793.0
LSO,Lesotho,1994,10.7048748353096,63.4949604743083,,,50.8,6.13404766325104,25669565.2173913,1927707.0
LSO,Lesotho,1995,10.5401844532279,64.276581027668,,,50.8,5.52212391859966,40751637.3097235,1951437.0
LSO,Lesotho,1996,10.6060606060606,64.9676548089592,,,50.8,4.77224768176471,41900676.0416667,1972418.0
LSO,Lesotho,1997,10.7048748353096,65.4851778656126,,,50.6,4.08947318767873,40227282.3342139,1988130.0
LSO,Lesotho,1998,10.7048748353096,65.8118906455863,,,50.6,3.60545528307856,42964695.5790377,1998049.0
LSO,Lesotho,1999,10.7048748353096,65.982674571805,,,56.9,3.24039495379601,30783507.3918194,2003234.0
LSO,Lesotho,2000,10.8695652173913,66.0050395256917,2.0,8.3,56.7,2.95037565585193,30688963.414808,2003913.0
LSO,Lesotho,2001,10.8695652173913,65.9042490118577,,8.8,56.5,2.75435529993088,29832356.5251165,2000853.0
LSO,Lesotho,2002,9.88142292490119,65.7008893280632,,9.4,56.2,2.63796122008338,36071707.0278155,1994679.0
LSO,Lesotho,2003,9.88142292490119,65.3840250329381,,10.0,55.9,2.54678840591978,63312315.7219277,1985059.0
LSO,Lesotho,2004,10.2108036890646,64.9251976284585,1.4,10.8,55.4,2.44723638154076,58258864.3031332,1971129.0
LSO,Lesotho,2005,10.6389986824769,64.3305665349144,3.7,11.4,55.3,2.38445710276485,58220410.1694794,1953076.0
LSO,Lesotho,2006,9.9802371541502,64.0666337285902,2.6,12.2,55.5,3.08290179546411,55235142.9852777,1945063.0
LSO,Lesotho,2007,10.7048748353096,64.3368906455863,6.9,13.0,55.3,4.14710861034138,84985043.9069831,1953268.0
LSO,Lesotho,2008,11.7918313570487,64.7740777338603,8.6,13.7,55.0,4.63533875498338,96451728.2234964,1966541.0
LSO,Lesotho,2009,11.034255599473,65.2464756258235,8.6,14.5,54.0,4.85689114301424,102761709.667456,1980883.0
LSO,Lesotho,2010,10.6060606060606,65.7526679841897,4.4,15.5,53.0,5.02755935973921,87923287.8362143,1996251.0
LSO,Lesotho,2011,10.1449275362319,66.337582345191,10.8,16.3,42.3,5.22280800705207,100326962.68114,2014009.0
LSO,Lesotho,2012,9.26548089591568,67.0077075098814,7.2,17.4,40.8,5.38795302135873,116597593.738822,2034354.0
LSO,Lesotho,2013,8.17193675889328,67.7372859025033,14.8,18.3,46.1,5.47919481821234,120760206.546937,2056504.0
LSO,Lesotho,2014,8.96903820816864,68.5141304347826,15.6,19.4,43.2,5.52320335621989,136467621.764426,2080089.0
LSO,Lesotho,2015,7.21343873517787,69.321837944664,19.7,20.8,46.0,5.51836477681428,146573103.777905,2104611.0
LSO,Lesotho,2016,11.5942028985507,70.1720026350461,23.3,21.9,45.1,5.29264534852355,153721582.595043,2130422.0
LSO,Lesotho,2017,13.8142292490119,71.0510540184453,20.2,23.5,41.5,4.07859314428619,145272578.083993,2157110.0
LSO,Lesotho,2018,14.3181818181818,71.9236824769433,,25.1,42.5,4.0299748464488,92170499.4883696,2183603.0
LSO,Lesotho,2019,4.95388669301713,72.7735507246377,32.6,26.7,41.6,3.89236605947159,91637897.8295654,2209405.0
LSO,Lesotho,2020,11.3768115942029,73.6405467720685,35.2,28.6,43.2,3.81448253372375,101642641.103759,2235727.0
LSO,Lesotho,2021,7.42424242424242,74.4908432147563,37.7,30.3,33.6,3.69465090904227,107780147.692174,2261542.0
LSO,Lesotho,2022,8.93939393939394,75.3000658761528,37.7,32.4,34.9,3.54693670245771,,2286110.0
LBR,Liberia,1990,3.63372093023256,23.0862437707641,,,89.1,-8.97609007852951,155737552.810141,2223667.0
LBR,Liberia,1991,3.63372093023256,20.3126868770764,,,90.1,16.3487712765261,115915488.09655,1956518.0
LBR,Liberia,1992,3.63372093023256,21.5164140365449,,,89.0,3.02392552051906,135406218.021604,2072461.0
LBR,Liberia,1993,3.63372093023256,22.3746470099668,,,87.7,-2.92448432949425,117024161.382144,2155126.0
LBR,Liberia,1994,3.63372093023256,22.3206810631229,,,87.1,-9.06346601394753,98792773.1086989,2149928.0
LBR,Liberia,1995,3.63372093023256,22.5203696013289,,,87.0,-7.15152627313834,96443792.7201382,2169162.0
LBR,Liberia,1996,3.63372093023256,23.1757578903654,,,87.5,-0.706303326889302,94922807.760738,2232289.0
LBR,Liberia,1997,3.84136212624585,25.0517960963455,,,88.1,7.92181011513347,101919378.855142,2412989.0
LBR,Liberia,1998,3.94518272425249,27.7213870431894,,,88.5,10.5111868943496,123280818.771102,2670124.0
LBR,Liberia,1999,4.15282392026578,29.2948920265781,,,90.5,6.10997548436223,103681828.765123,2821684.0
LBR,Liberia,2000,4.15282392026578,30.3998857973422,,0.4,91.3,4.45108138780847,155878743.564966,2928117.0
LBR,Liberia,2001,4.15282392026578,31.3054194352159,,0.4,91.6,3.79958654676337,156190595.536065,3015338.0
LBR,Liberia,2002,4.15282392026578,32.1302117940199,,0.3,91.1,3.53774132988713,221441844.199425,3094782.0
LBR,Liberia,2003,4.15282392026578,32.3871677740864,,0.3,90.3,1.76516218190518,255622630.631104,3119532.0
LBR,Liberia,2004,4.15282392026578,32.7750415282392,,0.3,89.6,2.15030830005071,177360103.296228,3156892.0
LBR,Liberia,2005,4.15282392026578,34.2713351328904,,0.3,87.8,5.37684465252538,190263645.490025,3301015.0
LBR,Liberia,2006,4.15282392026578,36.2415593853821,,0.3,87.6,6.41784167583413,197438619.21544,3490787.0
LBR,Liberia,2007,4.15282392026578,38.0922965116279,,0.2,89.8,5.79524618664482,294317192.9539,3669050.0
LBR,Liberia,2008,4.46428571428571,39.6698816445183,,0.2,91.8,5.11985620326965,370612883.505081,3821003.0
LBR,Liberia,2009,4.87956810631229,40.9367524916943,,0.2,91.8,4.23397754411637,385296238.320205,3943028.0
LBR,Liberia,2010,4.98338870431894,42.1396387043189,1.0,0.2,88.6,3.97418778103918,358662867.027399,4058890.0
LBR,Liberia,2011,5.19102990033223,43.8245224252492,1.2,0.2,87.1,4.98988846414223,418873701.209042,4221178.0
LBR,Liberia,2012,5.19102990033223,45.4011939368771,2.8,0.1,86.2,4.59545605921178,499268674.495918,4373043.0
LBR,Liberia,2013,5.19102990033223,46.4102886212625,3.5,0.1,87.5,3.25103948734604,530226200.275405,4470239.0
LBR,Liberia,2014,5.19102990033223,47.3867628737542,4.1,0.1,91.2,3.12711715395962,596066258.669909,4564293.0
LBR,Liberia,2015,5.19102990033223,48.3744912790698,5.2,0.1,91.9,3.1001927674052,617338862.460362,4659431.0
LBR,Liberia,2016,5.19102990033223,49.3730066445183,4.1,0.1,92.8,3.07301960541848,665825264.334547,4755608.0
LBR,Liberia,2017,5.19102990033223,50.3418293189369,7.4,0.1,93.6,2.96594628026702,679131269.88063,4848925.0
LBR,Liberia,2018,5.19102990033223,51.3364410299003,7.7,0.1,94.4,2.97226501064032,480042378.328617,4944726.0
LBR,Liberia,2019,5.19102990033223,52.3642130398671,8.3,0.0,89.7,2.99136421633218,473390712.141025,5043721.0
LBR,Liberia,2020,5.19102990033223,53.462032807309,8.1,0.0,93.0,3.07747504924304,530968373.043488,5149463.0
LBR,Liberia,2021,5.19102990033223,54.60260589701,8.1,0.0,93.2,3.10731346466007,578298695.275389,5259323.0
LBR,Liberia,2022,5.19102990033223,55.7858596345515,14.9,0.0,92.8,3.13419626142124,,5373294.0
LBY,Libya,1990,1.02583629812337,2.52636427702695,,,3.1,3.36639713368824,10371170.6789245,4445239.0
LBY,Libya,1991,1.02867794991873,2.5827204837628,,,3.0,3.20233732263558,11603708.3438521,4544400.0
LBY,Libya,1992,1.03151960171408,2.63725291837639,,,2.9,3.04100170241566,10537720.9922858,4640352.0
LBY,Libya,1993,1.03151960171408,2.68993316434977,,,2.7,2.88185324553893,10596398.1970029,4733045.0
LBY,Libya,1994,1.0372029053048,2.74051001966423,,,2.4,2.71643908152525,7589647.69090256,4822037.0
LBY,Libya,1995,1.062777771463,2.78870784409562,,,2.2,2.54392078752796,12068386.9352566,4906843.0
LBY,Libya,1996,1.15257396819623,2.83448685451879,,,2.1,2.37282151359153,13397572.7214854,4987393.0
LBY,Libya,1997,1.15257396819623,2.8783881014356,,,2.1,2.22281937036344,14126308.9162562,5064639.0
LBY,Libya,1998,1.03151960171408,2.92161815019835,,,2.1,2.11510694962963,17994423.2292281,5140704.0
LBY,Libya,1999,1.03151960171408,2.96556941018675,,,2.0,2.05326733404782,15292729.350338,5218038.0
LBY,Libya,2000,1.03151960171408,3.01500448980984,99.2,,2.0,2.14623816314847,9331017.98065179,5305021.0
LBY,Libya,2001,1.03151960171408,3.07105209316071,87.3,,2.9,2.26491001446476,12494568.8035215,5403639.0
LBY,Libya,2002,1.03151960171408,3.13059663321095,79.8,,2.9,2.27034710455246,12742340.6651767,5508410.0
LBY,Libya,2003,1.03151960171408,3.19367448310354,72.2,,2.9,2.26880671384677,15578608.0854325,5619398.0
LBY,Libya,2004,0.994578128374462,3.26033679257079,64.5,,2.8,2.26045726921497,13211011.7256836,5736693.0
LBY,Libya,2005,0.994578128374462,3.32973277106516,56.9,,2.7,2.21809916651359,13173553.7183312,5858798.0
LBY,Libya,2006,0.994578128374462,3.39873546495107,49.2,,2.9,2.07856428541405,16469445.1162287,5980211.0
LBY,Libya,2007,0.994578128374462,3.46930447730657,41.4,,3.1,2.05062223603386,15872050.4115225,6104380.0
LBY,Libya,2008,0.994578128374462,3.54378417086284,33.6,,2.9,2.11435771869891,28289337.4014751,6235430.0
LBY,Libya,2009,0.994578128374462,3.61838094047308,25.6,,2.6,2.06856293217608,28203837.8565902,6366686.0
LBY,Libya,2010,0.975254896166043,3.69291917205633,17.5,,2.5,2.01991537370655,34404747.564175,6497839.0
LBY,Libya,2011,0.975254896166043,3.60503483865101,9.3,,3.2,-2.43204422147094,37928482.2953058,6343203.0
LBY,Libya,2012,0.977528217602328,3.51189970105823,0.8,,2.6,-2.64495272097969,43621571.1033359,6179328.0
LBY,Libya,2013,0.977528217602328,3.58311149504984,,,2.4,1.97604477828273,38570120.8838318,6304628.0
LBY,Libya,2014,0.977528217602328,3.65280243700058,,,2.3,1.89116554778363,56366938.8120082,6427252.0
LBY,Libya,2015,0.977528217602328,3.71223103765757,,,2.9,1.38827640741623,50151874.4532514,6531819.0
LBY,Libya,2016,0.977528217602328,3.76923855098492,,,2.8,1.52410674622512,37781282.8105894,6632126.0
LBY,Libya,2017,0.977528217602328,3.8298475737977,,,2.9,1.59596881951811,49400590.3503247,6738770.0
LBY,Libya,2018,0.977528217602328,3.89252588744786,,,2.9,1.62537833435419,31626268.1715194,6849055.0
LBY,Libya,2019,0.977528217602328,3.95048308080521,,,3.0,1.48198070217483,40813910.2835478,6951033.0
LBY,Libya,2020,0.977528217602328,4.00411414346932,,,3.2,1.35507401261597,34588771.195943,7045399.0
LBY,Libya,2021,0.977528217602328,4.05513656978528,,,3.1,1.27607198520035,32773512.130653,7135175.0
LBY,Libya,2022,0.977528217602328,4.10550768950976,,,,1.2482858925115,,7223805.0
LIE,Liechtenstein,1990,25.0,179.6375,100.0,,64.8,0.680765909159636,,28742.0
LIE,Liechtenstein,1991,25.0,182.55625,100.0,,59.8,0.96164423932416,,29209.0
LIE,Liechtenstein,1992,25.0,185.16875,100.0,,57.7,0.912137670978847,159096.004331544,29627.0
LIE,Liechtenstein,1993,25.0,188.05625,100.0,,56.1,1.08369513298774,144773.312550904,30089.0
LIE,Liechtenstein,1994,25.0,190.4375,100.0,,56.5,0.715993512209254,275430.02695167,30470.0
LIE,Liechtenstein,1995,25.0,192.35,100.0,,55.0,0.277063308050812,247127.604329748,30776.0
LIE,Liechtenstein,1996,25.0,193.95625,100.0,,51.8,-0.554896390123474,182176.331419553,31033.0
LIE,Liechtenstein,1997,25.0,195.2,100.0,,53.2,-1.48150857851406,151037.894220002,31232.0
LIE,Liechtenstein,1998,25.0,197.925,100.0,,52.6,-0.972849180656954,141129.280990972,31668.0
LIE,Liechtenstein,1999,25.0,201.38125,100.0,,52.0,-0.387716024920908,53519.8125669383,32221.0
LIE,Liechtenstein,2000,25.0,204.03125,100.0,,54.0,0.0408830749766295,232594.926042254,32645.0
LIE,Liechtenstein,2001,24.375,207.4625,100.0,,51.6,1.0369107848403,210149.512567717,33194.0
LIE,Liechtenstein,2002,21.0625,210.5875,100.0,,51.3,0.926118960803766,252810.429073751,33694.0
LIE,Liechtenstein,2003,20.25,212.99375,100.0,,50.2,0.599402394021043,271140.937105177,34079.0
LIE,Liechtenstein,2004,19.4375,215.29375,100.0,,50.3,0.576027017314073,234910.971636274,34447.0
LIE,Liechtenstein,2005,18.625,217.20625,100.0,,49.9,0.45450132581462,241664.694531282,34753.0
LIE,Liechtenstein,2006,17.8125,218.98125,100.0,,50.8,0.432815942234055,336926.082761066,35037.0
LIE,Liechtenstein,2007,17.0,220.3875,100.0,,53.4,0.33317032288772,434010.533332259,35262.0
LIE,Liechtenstein,2008,16.1875,221.70625,100.0,,53.0,0.351562862098886,555070.890532378,35473.0
LIE,Liechtenstein,2009,15.375,223.3875,100.0,,55.1,0.56381990520216,440846.02748287,35742.0
LIE,Liechtenstein,2010,14.5625,225.1375,100.0,,52.3,0.676265740302884,469642.955023972,36022.0
LIE,Liechtenstein,2011,13.75,226.95,100.0,,55.3,0.767316252788898,469122.084326875,36312.0
LIE,Liechtenstein,2012,12.9375,229.10625,100.0,,55.5,0.950939079210795,357498.846789583,36657.0
LIE,Liechtenstein,2013,12.125,231.15,100.0,,53.5,0.941981343628646,338367.728630018,36984.0
LIE,Liechtenstein,2014,11.4375,232.8,100.0,,55.0,0.803067160238321,398956.555905217,37248.0
LIE,Liechtenstein,2015,11.3125,234.3375,100.0,,55.5,0.796669336312869,121676.308313625,37494.0
LIE,Liechtenstein,2016,11.125,235.725,100.0,,55.8,0.77206265860395,129256.4606526,37716.0
LIE,Liechtenstein,2017,10.9375,237.2625,100.0,,55.3,0.893269999480643,120749.363922462,37962.0
LIE,Liechtenstein,2018,10.875,239.0375,100.0,,56.8,1.02916860365475,219405.786815905,38246.0
LIE,Liechtenstein,2019,10.8125,241.01875,100.0,,56.1,1.17858507112061,115477.695944357,38563.0
LIE,Liechtenstein,2020,10.8125,243.13125,100.0,,55.2,1.27008234014619,89964.7522837755,38901.0
LIE,Liechtenstein,2021,10.8125,244.8875,100.0,,53.6,0.942086521049646,102891.221417977,39182.0
LIE,Liechtenstein,2022,10.8125,246.83125,100.0,,56.9,0.743883717467699,,39493.0
LTU,Lithuania,1990,,,100.0,,3.1,0.339839264954841,,3697838.0
LTU,Lithuania,1991,,,100.0,,2.9,0.114820391034515,,3704134.0
LTU,Lithuania,1992,46.0274409700064,59.0318123803446,100.0,,4.6,-0.185600066067603,54675760.0111596,3700114.0
LTU,Lithuania,1993,45.1180599872368,58.7526005105297,100.0,,8.9,-0.568410256745004,68164482.7687619,3682613.0
LTU,Lithuania,1994,41.3209955328653,58.3462667517549,100.0,,9.8,-0.801217334657595,56890609.2633032,3657144.0
LTU,Lithuania,1995,45.7243139757498,57.8988832163369,100.0,,10.3,-0.885478822032953,106372326.955354,3629102.0
LTU,Lithuania,1996,45.7243139757498,57.4603222718571,100.0,,11.5,-0.880180221425817,104824638.065848,3601613.0
LTU,Lithuania,1997,45.9157626037013,57.0379227823867,100.0,,11.6,-0.857308652115176,89414094.4866851,3575137.0
LTU,Lithuania,1998,46.1072112316528,56.626212507977,100.0,,12.9,-0.839151145602965,73454435.9130637,3549331.0
LTU,Lithuania,1999,47.1123165283982,56.2258774728781,100.0,,15.0,-0.814926021259266,77937824.3268497,3524238.0
LTU,Lithuania,2000,45.9157626037013,55.8317804722399,100.0,100.0,17.2,-0.794995588260926,75745808.290742,3499536.0
LTU,Lithuania,2001,26.0210593490747,55.3736119974473,100.0,100.0,17.6,-0.896070985196904,36430043.8781862,3470818.0
LTU,Lithuania,2002,26.148691767709,54.9308710912572,100.0,100.0,17.9,-0.862393160777808,6579787.53208812,3443067.0
LTU,Lithuania,2003,24.3299298021698,54.4864869176771,100.0,100.0,18.1,-1.00537437648519,0.0,3415213.0
LTU,Lithuania,2004,25.788130185067,53.8780312699426,100.0,100.0,18.1,-1.35907097475528,0.0,3377075.0
LTU,Lithuania,2005,30.4164007657945,53.0077855775367,99.9,100.0,17.5,-1.66408363177334,0.0,3322528.0
LTU,Lithuania,2006,29.9744735162731,52.1682992980217,99.8,100.0,17.5,-1.50680494919405,0.0,3269909.0
LTU,Lithuania,2007,29.2852584556477,51.5522335673261,99.8,100.0,17.1,-1.06744502075479,0.0,3231294.0
LTU,Lithuania,2008,29.7008376545672,51.0288153171121,99.7,100.0,18.3,-0.977126381533014,0.0,3198231.0
LTU,Lithuania,2009,32.7674511368169,50.4653530115676,99.7,100.0,20.1,-1.06707712244824,0.0,3162916.0
LTU,Lithuania,2010,33.9433585959314,49.418141204627,100.0,100.0,21.5,-2.11248894972435,0.0,3097282.0
LTU,Lithuania,2011,34.8741104764336,48.3153301209433,99.7,100.0,22.7,-2.2876140899425,0.0,3028115.0
LTU,Lithuania,2012,36.0675878354661,47.6934454478731,100.0,100.0,23.9,-1.14304131488923,0.0,2989139.0
LTU,Lithuania,2013,36.5456721180694,47.2477064220183,100.0,100.0,26.3,-0.705009299027053,0.0,2961250.0
LTU,Lithuania,2014,37.51316839585,46.8835275339186,100.0,100.0,27.7,-0.601560833052568,0.0,2937253.0
LTU,Lithuania,2015,34.6671987230646,46.4662250598563,100.0,100.0,29.0,-0.779798413753511,0.0,2911109.0
LTU,Lithuania,2016,34.2070815108074,45.9328405861882,100.0,100.0,31.5,-1.22509915810133,0.0,2877325.0
LTU,Lithuania,2017,33.5834357689054,45.3798470650213,100.0,100.0,33.8,-1.34404396155367,0.0,2842639.0
LTU,Lithuania,2018,33.7697589014849,45.0135717707169,100.0,100.0,33.7,-0.76070486060873,0.0,2819200.0
LTU,Lithuania,2019,35.3225806451613,44.8912328329607,100.0,100.0,33.5,-0.140405433114721,0.0,2811089.0
LTU,Lithuania,2020,35.9214308527627,44.8797349089748,100.0,100.0,31.7,0.241305756546441,0.0,2810369.0
LTU,Lithuania,2021,36.3999361124421,44.8551349624661,100.0,100.0,33.2,1.05849535200157,0.0,2808380.0
LTU,Lithuania,2022,36.6174685323622,45.2309596830873,100.0,100.0,,0.96464514094756,,2831639.0
LMY,Low & middle income,1990,10.7446338571002,59.3719418103467,,,34.1633239895002,2.88708076947312,,4049620054.0
LMY,Low & middle income,1991,10.7864099191051,60.5181502501097,,,33.9125128300616,3.33863725871412,,4127853483.0
LMY,Low & middle income,1992,11.2507138840289,57.4419303719388,,,34.2544751116326,3.06689057683615,,4205224081.0
LMY,Low & middle income,1993,11.2494727487387,58.4167727926244,,,34.4039590348914,2.99381450397012,,4282493268.0
LMY,Low & middle income,1994,11.2341820795765,59.4612633365025,,,34.6399232599877,2.93017460509986,,4358651071.0
LMY,Low & middle income,1995,11.2639897835006,60.4990050480843,,,33.8118676113736,2.89611696381344,,4434718175.0
LMY,Low & middle income,1996,11.2692839645886,61.5439217730571,,,34.0366768631275,3.52169931081238,,4511311531.0
LMY,Low & middle income,1997,11.2911515893937,62.5873945231818,,,33.5897528213852,3.48741152298683,,4587799929.0
LMY,Low & middle income,1998,11.326192321379,63.6542187452101,,,33.7038970689876,3.43682482800906,,4664177477.0
LMY,Low & middle income,1999,11.3584404016685,64.6838334672766,,,33.9528568079312,3.35523627812414,,4739595823.0
LMY,Low & middle income,2000,11.3145639414856,65.6468523642262,64.3984772832114,16.5674669947909,33.4810769739688,3.41931188263817,,4814250279.0
LMY,Low & middle income,2001,11.3446917644059,66.6600511056875,65.138465194161,17.0677796061193,32.8988266476549,3.06039052709192,,4888551481.0
LMY,Low & middle income,2002,11.3689145446629,67.6620322628707,65.4039798257589,17.7213471279569,32.3075425991313,3.12066748103957,,4961926647.0
LMY,Low & middle income,2003,11.4418218895826,68.6499312806842,65.6462147598909,18.2766225294089,31.0365511491169,3.08295054268231,,5034824498.0
LMY,Low & middle income,2004,11.4550668763814,69.6331673529371,65.3322835812192,18.996747601873,29.0578442903701,2.93206928149448,,5108183576.0
LMY,Low & middle income,2005,11.5172073756952,70.6307184817927,66.9317441695983,19.6510031644433,27.4864034469091,2.88554636334217,,5181562375.0
LMY,Low & middle income,2006,11.5744131425934,71.5324472343485,67.5787222284208,20.4226939282792,26.6990960833523,2.90592321539821,,5255157355.0
LMY,Low & middle income,2007,11.6107462067381,72.5263740618813,67.6732116908862,21.2116483878849,25.5432067962292,2.94100430221023,,5328158709.0
LMY,Low & middle income,2008,11.6071618304457,73.5348043501038,69.6585022160022,22.2775245814844,25.062293977542,2.6754014477845,,5402245137.0
LMY,Low & middle income,2009,11.6488617727153,74.5602737370687,71.3635049921014,23.3680359059805,24.7884057872553,2.79100065620986,,5477389130.0
LMY,Low & middle income,2010,11.7049040105817,75.5920349032173,72.0670643442651,24.8119065439903,23.8188451600042,2.50248656938518,,5553257507.0
LMY,Low & middle income,2011,11.7494873015585,76.6391610851654,73.4828980031574,26.3088646160956,22.9143611457856,3.35456232835247,,5630227189.0
LMY,Low & middle income,2012,11.7064814812949,75.1561346958777,74.0688141985567,27.9899858808377,22.7325689012047,2.68701026621466,,5709148191.0
LMY,Low & middle income,2013,11.7386089861946,76.1892998616771,75.2671872662194,29.9192397689628,22.7411026554498,2.77446380592901,,5787391504.0
LMY,Low & middle income,2014,11.7375926377549,77.2146538954163,75.6725882730443,32.0158148193558,22.776570833244,2.62816100389144,,5865202078.0
LMY,Low & middle income,2015,11.7893480523579,78.2111823740089,76.1706105938244,34.2993039595644,22.8201674163747,2.64652444373495,,5941222744.0
LMY,Low & middle income,2016,11.8164546135853,79.2105438249939,78.5620356727933,36.7353468103156,23.0608461717503,2.48641650482649,,6017111688.0
LMY,Low & middle income,2017,11.8165568245279,80.2292753022611,80.5182427230458,39.1964541618604,23.0974316930161,2.40319159403314,,6093971714.0
LMY,Low & middle income,2018,11.8279335252364,81.2256919138532,81.7220576825087,41.6283081390917,23.1935827555534,2.38404836744885,,6169658713.0
LMY,Low & middle income,2019,11.7891480482543,82.1988223064499,82.4074483951438,44.1614564053927,23.6991235791253,2.21351818005812,,6243562839.0
LMY,Low & middle income,2020,11.8366385845213,83.1284089906105,82.7056114556645,46.5973186292079,24.5991935538732,1.92825579958921,,6313913801.0
LMY,Low & middle income,2021,11.8450539608355,83.9597275062232,84.3554725166931,49.0282000094467,,1.97709140376966,,6378323939.0
LMY,Low & middle income,2022,11.8524676402219,84.7510281776062,83.8543635710104,51.2878125269153,,1.55944797642147,,6437946207.0
LIC,Low income,1990,5.91033814645646,22.3137629673286,,,51.3594314637161,3.99441006705872,,245338485.0
LIC,Low income,1991,6.03910924479806,22.8228369595468,,,52.5370357206327,4.09910555721471,,250935723.0
LIC,Low income,1992,6.12822573838511,23.4487051316333,,,55.1708053185395,3.88758820739077,,257817106.0
LIC,Low income,1993,6.23834526862979,23.9626609372437,,,57.145281451861,4.05914452170459,,265888248.0
LIC,Low income,1994,6.23679790085383,24.6494252852845,,,58.92087939233,4.1631348302153,,273508544.0
LIC,Low income,1995,6.37782519552197,25.3398221331406,,,60.0427683305906,3.99110181334564,,281169146.0
LIC,Low income,1996,6.50208961115507,26.0755281661581,,,61.5234510570695,3.60335970486378,,289332496.0
LIC,Low income,1997,6.56479998089391,26.8041280864893,,,61.795345221765,3.56315364185531,,297416997.0
LIC,Low income,1998,6.61155857007158,27.5522747058834,,,62.3902539975583,3.70875963894746,,305718387.0
LIC,Low income,1999,6.62893704363939,28.3280163735565,,,62.6315246520474,3.72278099946421,,314325970.0
LIC,Low income,2000,6.66830553337527,29.0798469530297,,6.81399040441712,61.7472285948962,3.57646804787401,,322668237.0
LIC,Low income,2001,6.75170094647231,29.8550214763238,,6.9362362987525,61.3132659784757,3.56853173477261,,331269527.0
LIC,Low income,2002,6.87087881693665,30.7351452873754,,7.05734464476614,62.1967036227779,3.66895994213159,,341035328.0
LIC,Low income,2003,7.06732574183809,31.6557638735552,11.1423700825014,7.17130360984456,62.3785906735751,3.64703605488457,,351244442.0
LIC,Low income,2004,7.04337838168968,32.504046945888,11.2979172853949,7.30673075170117,61.8479533478185,3.60178375718372,,361305645.0
LIC,Low income,2005,7.18226410698886,33.4469575927404,12.3564363708376,7.48804289867342,60.0200829218299,3.60497605331645,,371788197.0
LIC,Low income,2006,7.24239588962208,34.4591668334053,13.8011576350287,7.74548903678136,59.6081079862989,3.80219481749137,,383041001.0
LIC,Low income,2007,7.34417784016781,35.4852723121333,12.3786383772295,8.03546275832396,59.7232903956893,3.90451635709357,,394448347.0
LIC,Low income,2008,7.44755787348707,36.5120470660111,13.7937818419493,8.30062531274644,58.6028597257133,3.75336124972956,,405862712.0
LIC,Low income,2009,7.63268781608067,37.5658766544479,16.4657898924126,8.46975947714651,61.1535452763445,3.71430832058154,,417577386.0
LIC,Low income,2010,7.84161313250216,38.6374380953418,17.3586036865165,8.67791237323897,61.1479791078985,3.81623667271508,,429515596.0
LIC,Low income,2011,8.02348971419032,39.7287894331356,17.0413168657634,8.7648645288117,64.057369394767,4.1492328919354,,441658754.0
LIC,Low income,2012,8.37292768505539,33.3157558620273,20.0162412210229,8.49977071716097,64.7373725804604,4.54783184275294,,453652889.0
LIC,Low income,2013,8.52817602137833,34.1555986719539,20.4672651005857,8.11920624871954,68.0536476664991,4.28474855320716,,465087882.0
LIC,Low income,2014,8.60292266352861,34.991580246717,21.8882627522973,8.11380243227252,68.4657267473558,3.44391884511184,,476470767.0
LIC,Low income,2015,8.65653376967638,35.8607769920239,17.7644237393332,8.32308071904707,72.025105390618,3.16263756563759,,488308267.0
LIC,Low income,2016,8.77383079792815,36.803838760481,23.7961794397429,8.6267942078441,72.3242852138885,3.47477466086904,,501149314.0
LIC,Low income,2017,8.88124300122991,37.8129946019888,26.9451033929486,8.93478776463444,68.0372933002885,3.723311373617,,514890519.0
LIC,Low income,2018,8.95018084025165,38.8874991570558,24.451457587368,9.24873592256289,67.4936095658543,3.90356424918171,,529522043.0
LIC,Low income,2019,8.99089563023911,40.0227778795972,27.504789845442,9.58396373079663,67.0220084162203,3.9387260173056,,544980983.0
LIC,Low income,2020,9.02551751542742,41.1731038852571,26.6474598235468,9.89239955630017,69.2018592023965,3.92009543811695,,560643073.0
LIC,Low income,2021,9.08158565759661,42.3065290218641,27.6884525869304,10.2026524174818,,3.76213343861981,,576076618.0
LIC,Low income,2022,9.14500935360302,43.4329058172616,25.4721555472909,10.5388706392757,,3.7239098129888,,591481496.0
LMC,Lower middle income,1990,17.983380020823,95.3792741760582,,,55.4967023844737,3.68366739540016,,1711634869.0
LMC,Lower middle income,1991,18.0270718908403,97.6459349422253,,,55.362620509349,3.39103109040451,,1752379727.0
LMC,Lower middle income,1992,17.6987845380611,95.8552354905711,,,55.2303575283015,3.29015967683524,,1792821112.0
LMC,Lower middle income,1993,17.7454446896996,98.0390183102303,38.0802036590711,,55.0096782744259,3.24563116632007,,1833665328.0
LMC,Lower middle income,1994,17.8426304740122,100.266744189193,33.5982453477365,,55.1123842562175,3.20349995005201,,1874637283.0
LMC,Lower middle income,1995,17.9595670066822,102.47605602781,35.0549082844782,,54.3431659241772,3.16820981094923,,1915943684.0
LMC,Lower middle income,1996,17.935066310001,104.70065372125,36.3056538156671,,53.7038953256913,3.15559217963632,,1957535877.0
LMC,Lower middle income,1997,18.0286754136509,106.941352127866,39.6723086387186,,52.6150528502812,3.138723370492,,1999429097.0
LMC,Lower middle income,1998,18.0634909761992,109.20505933169,42.3742457448418,,52.2658702756027,3.13323074629932,,2041752501.0
LMC,Lower middle income,1999,18.184769620797,111.464480011527,45.6392059476008,,51.6926699027312,3.11436819132665,,2083995762.0
LMC,Lower middle income,2000,18.1704262978638,113.762443250105,45.7324844267925,8.89760717788818,51.4714744850867,3.13076589835437,,2126559759.0
LMC,Lower middle income,2001,18.18700722764,116.058350624155,47.7258947756066,9.58385767258307,51.191160485301,3.17287007053906,,2169474338.0
LMC,Lower middle income,2002,18.1939379337787,118.312630487371,48.3238741202721,10.3346871444005,50.4847570563037,3.1682342684514,,2211549617.0
LMC,Lower middle income,2003,18.2332020893747,120.544470259537,51.3361486420461,10.9840978533473,50.3202568577194,3.1846121076451,,2253206148.0
LMC,Lower middle income,2004,18.1925104283925,122.807172210757,50.8310234060833,11.6954906165235,49.7447205050725,3.21290456487242,,2295275996.0
LMC,Lower middle income,2005,18.19920821318,125.01676326009,54.3684779793226,12.2587410904558,49.213360964534,3.19017770560951,,2336911352.0
LMC,Lower middle income,2006,18.2267307884998,127.256300362497,54.6763977189169,12.9483483988781,48.5726059587471,3.19141177085625,,2378783316.0
LMC,Lower middle income,2007,18.2353093597535,129.544273891552,57.4809705772618,13.6332271074186,47.2222569008737,3.17232804393957,,2421545203.0
LMC,Lower middle income,2008,18.3304216054871,131.817381787551,59.6316095112683,14.447125940801,46.0596291718862,3.11634417407052,,2464036877.0
LMC,Lower middle income,2009,18.4659398227759,134.101394270723,61.5223612966336,15.3599273512334,45.2119791483787,3.08553430734808,,2506795582.0
LMC,Lower middle income,2010,18.4219366617374,136.423572531615,62.3656039132948,16.6187878321419,44.0387953948346,3.03461440779248,,2550264612.0
LMC,Lower middle income,2011,18.5458892883529,138.753724323983,65.8296536663952,18.0325502484798,43.2359457667084,2.94195074350515,,2593815085.0
LMC,Lower middle income,2012,18.6268953660019,141.069100715028,66.3099813278014,19.7019011296834,43.3296988230086,2.80187751957493,,2637101332.0
LMC,Lower middle income,2013,18.675241328305,143.358154632001,69.1987154448702,21.6978169872522,43.2930444377946,2.78133598690163,,2679816109.0
LMC,Lower middle income,2014,18.6591025930188,145.677923271688,70.6888461567414,23.8350391337967,42.3759445048426,2.76208317854673,,2723061855.0
LMC,Lower middle income,2015,18.7594597267467,147.890413606845,73.7509131261646,26.3763495017117,41.5090157779437,2.64313186851588,,2765011526.0
LMC,Lower middle income,2016,18.8662589358323,150.116538465077,76.7154048389167,29.0675812318331,40.5515766783568,2.5513444525421,,2806590212.0
LMC,Lower middle income,2017,18.8942115661916,152.327884395316,79.3471322716708,31.9754621992679,39.843846096,2.49473602448072,,2847931114.0
LMC,Lower middle income,2018,18.9468137277057,154.501586622722,82.5337080677451,35.014768103502,39.7446785945484,2.44688885228094,,2888561818.0
LMC,Lower middle income,2019,18.8725476717505,156.644254270395,83.5467022547569,38.1487084750797,40.1472436736453,2.40148459940171,,2928617292.0
LMC,Lower middle income,2020,18.9087322691005,158.77157989764,85.2878250660074,41.3336658574609,41.6375575764497,2.38083964777475,,2968398856.0
LMC,Lower middle income,2021,18.8678354486203,160.795667051507,87.9689293289153,44.5515780212291,,2.30586029074282,,3006243027.0
LMC,Lower middle income,2022,18.8838243556628,162.833348484022,88.3655560858017,47.5438693880267,,2.24557716880723,,3043358377.0
LUX,Luxembourg,1990,,,100.0,,1.7,1.33931082421964,4626786.4156063,381850.0
LUX,Luxembourg,1991,,,100.0,,1.7,1.46426506602164,3428332.44562667,387000.0
LUX,Luxembourg,1992,,,100.0,,2.0,1.5443002794424,3234081.23440251,392175.0
LUX,Luxembourg,1993,,,100.0,,2.0,1.66761617348956,3645392.10273278,397475.0
LUX,Luxembourg,1994,,,100.0,,2.8,1.77172398925163,3544771.78639713,402925.0
LUX,Luxembourg,1995,,,100.0,,4.0,1.87973086657039,3815493.04953326,408625.0
LUX,Luxembourg,1996,,,100.0,,3.1,1.88158049211569,3955850.66398464,414225.0
LUX,Luxembourg,1997,,,100.0,,4.4,1.80006076559165,3149570.9144009,419450.0
LUX,Luxembourg,1998,,,100.0,,6.7,1.79755066851904,3509482.28489139,424700.0
LUX,Luxembourg,1999,,,100.0,,5.9,1.89312339000084,3819947.79927705,430475.0
LUX,Luxembourg,2000,24.0827202597826,169.472433053922,100.0,100.0,6.8,1.85740608119151,4035565.41227312,436300.0
LUX,Luxembourg,2001,24.0827202597826,171.501984882267,100.0,100.0,3.4,1.66211199219479,3983647.19363977,441525.0
LUX,Luxembourg,2002,24.0827202597826,173.30818890175,100.0,100.0,1.3,1.50165944622789,4007724.06326625,446175.0
LUX,Luxembourg,2003,24.0827202597826,175.427079853639,100.0,100.0,1.3,1.66872919053788,4356222.7965672,451630.0
LUX,Luxembourg,2004,24.0827202597826,177.938286087179,100.0,100.0,1.4,1.87519189154017,3266998.02066011,458095.0
LUX,Luxembourg,2005,23.3058583159187,180.681774041935,100.0,100.0,1.9,1.98688358626466,3556777.20547136,465158.0
LUX,Luxembourg,2006,23.3058583159187,183.586849281014,100.0,100.0,2.1,2.05746880825298,4788009.76058328,472637.0
LUX,Luxembourg,2007,23.6942892878507,186.444147510546,100.0,100.0,3.6,2.01479421599377,7173182.68965225,479993.0
LUX,Luxembourg,2008,24.0827202597826,189.806794434561,100.0,100.0,4.0,2.2688378192309,7926376.9781582,488650.0
LUX,Luxembourg,2009,23.9933811362383,193.354334501216,100.0,100.0,3.7,2.34613918834195,7125732.4205205,497783.0
LUX,Luxembourg,2010,24.063298711186,196.916246513832,100.0,100.0,3.7,2.33516468730941,9371124.74064185,506953.0
LUX,Luxembourg,2011,24.1293319764145,201.342029008025,100.0,100.0,3.8,2.75054879891022,8875476.85093386,518347.0
LUX,Luxembourg,2012,24.3002416040645,206.235870823396,100.0,100.0,4.2,2.94449696747243,7507331.79482065,530946.0
LUX,Luxembourg,2013,24.257514197152,211.05785290896,100.0,100.0,5.7,2.86947891175793,5754748.85500183,543360.0
LUX,Luxembourg,2014,24.3196631526611,216.091529874226,100.0,100.0,6.8,2.92962352217418,7482118.03737661,556319.0
LUX,Luxembourg,2015,24.3934650373282,221.251835336342,100.0,100.0,9.1,2.94584366285559,6854988.96472535,569604.0
LUX,Luxembourg,2016,24.0283399237122,226.072263698018,100.0,100.0,13.5,2.75404407302226,5818134.10620664,582014.0
LUX,Luxembourg,2017,24.097480636716,231.635372078028,100.0,100.0,15.3,3.04158091584956,5918670.4916411,596336.0
LUX,Luxembourg,2018,24.1270013905829,236.146609386046,100.0,100.0,16.0,2.55074736114593,8863501.79875305,607950.0
LUX,Luxembourg,2019,24.0667945899334,240.827591028798,100.0,100.0,16.4,2.59545052465459,5824764.67599267,620001.0
LUX,Luxembourg,2020,24.1332162861338,244.874264894386,100.0,100.0,20.8,2.30880939780833,4605407.66816575,630419.0
LUX,Luxembourg,2021,24.2660596785345,248.62068161867,100.0,100.0,20.5,2.28891879721472,3705649.04213819,640064.0
LUX,Luxembourg,2022,24.0796128120072,253.685433061691,100.0,100.0,,2.20086380957861,,653103.0
MAC,"Macao SAR, China",1990,,16747.5,,,0.8,3.07977905899762,,334950.0
MAC,"Macao SAR, China",1991,,17582.5,,,0.8,4.95080855838811,,351650.0
MAC,"Macao SAR, China",1992,,18545.0,,,0.7,5.40380963437054,,370900.0
MAC,"Macao SAR, China",1993,,19200.0,,,0.6,3.5323508767163,,384000.0
MAC,"Macao SAR, China",1994,,19840.0,100.0,,0.6,3.32606835801975,,396800.0
MAC,"Macao SAR, China",1995,,20465.0,100.0,,0.6,3.13319637503232,,409300.0
MAC,"Macao SAR, China",1996,,20755.0,100.0,,0.5,1.42958081492227,,415100.0
MAC,"Macao SAR, China",1997,,20865.0,100.0,,0.2,0.549569493826214,,417300.0
MAC,"Macao SAR, China",1998,,21115.0,100.0,,0.2,1.20913772389296,,422300.0
MAC,"Macao SAR, China",1999,,21370.0,100.0,,0.2,1.21481859369177,,427400.0
MAC,"Macao SAR, China",2000,,21530.0,100.0,,0.2,0.755783260513311,,430600.0
MAC,"Macao SAR, China",2001,,16688.4615384615,100.0,,0.9,0.767631088432971,,433900.0
MAC,"Macao SAR, China",2002,,16237.037037037,100.0,,1.4,1.03176428295007,,438400.0
MAC,"Macao SAR, China",2003,,16429.6296296296,100.0,,2.4,1.17915198424063,,443600.0
MAC,"Macao SAR, China",2004,,16239.2857142857,100.0,,2.5,2.4714605354753,,454700.0
MAC,"Macao SAR, China",2005,,16910.7142857143,100.0,,2.3,4.05140517951681,,473500.0
MAC,"Macao SAR, China",2006,,17444.0559440559,100.0,,2.8,5.22537622408588,,498900.0
MAC,"Macao SAR, China",2007,,17839.0410958904,100.0,,3.4,4.31524098841543,,520900.0
MAC,"Macao SAR, China",2008,,18517.1232876712,100.0,,4.7,3.73065116368133,,540700.0
MAC,"Macao SAR, China",2009,,18135.593220339,100.0,,3.0,-1.05978494919527,,535000.0
MAC,"Macao SAR, China",2010,,18080.8080808081,100.0,,5.5,0.373134761285818,,537000.0
MAC,"Macao SAR, China",2011,,18381.27090301,100.0,,6.4,2.31926463992749,,549600.0
MAC,"Macao SAR, China",2012,,18993.3110367893,100.0,,11.1,3.27546059752472,,567900.0
MAC,"Macao SAR, China",2013,,19534.6534653465,100.0,,16.6,4.13923548132925,,591900.0
MAC,"Macao SAR, China",2014,,20518.1518151815,100.0,,11.4,4.91199595786125,,621700.0
MAC,"Macao SAR, China",2015,,21148.0263157895,100.0,,5.4,3.35315298723492,,642900.0
MAC,"Macao SAR, China",2016,,21393.4426229508,100.0,,5.4,1.48219480492074,,652500.0
MAC,"Macao SAR, China",2017,,21051.9480519481,100.0,,3.9,-0.630334933532746,,648400.0
MAC,"Macao SAR, China",2018,,20027.3556231003,100.0,,8.4,1.60639880582531,,658900.0
MAC,"Macao SAR, China",2019,,20425.5319148936,100.0,,8.4,1.96865626033754,,672000.0
MAC,"Macao SAR, China",2020,,20832.8267477204,100.0,,11.0,1.9744268917359,,685400.0
MAC,"Macao SAR, China",2021,,20681.8181818182,100.0,,13.6,-0.424008238139362,,682500.0
MAC,"Macao SAR, China",2022,,20524.2424242424,100.0,,11.0,-0.764822083825685,,677300.0
MDG,Madagascar,1990,4.67723630360766,20.7305413213193,,,87.2,4.43038790429421,201871027.00484,12055639.0
MDG,Madagascar,1991,4.72882346872098,21.3595143928191,,,86.6,4.43582666221154,201768808.970825,12421412.0
MDG,Madagascar,1992,4.7804106338343,22.0120198094714,,,86.7,4.42780918667679,211932422.720275,12800870.0
MDG,Madagascar,1993,4.98675929428758,22.6937871857482,,,87.0,4.44423427774318,173424727.450203,13197345.0
MDG,Madagascar,1994,4.98675929428758,23.409997592599,,,86.0,4.47627202375411,191393372.092129,13613850.0
MDG,Madagascar,1995,4.98675929428758,24.1621814492554,,,86.1,4.50402104017684,296320251.346345,14051275.0
MDG,Madagascar,1996,4.98675929428758,24.9522148089555,,,85.5,4.53177380239442,300713235.913817,14510711.0
MDG,Madagascar,1997,4.98675929428758,25.7777865667022,1.18310251618643,,83.1,4.54281924005657,255066649.705383,14990814.0
MDG,Madagascar,1998,4.98675929428758,26.6350792722771,,,82.7,4.53327591914967,251537675.958039,15489364.0
MDG,Madagascar,1999,4.98675929428758,27.5140248306221,,,82.7,4.4827047593055,150192935.230614,16000506.0
MDG,Madagascar,2000,4.98675929428758,28.4010351824466,,0.8,82.2,4.38386552261145,151983715.345943,16516338.0
MDG,Madagascar,2001,5.07273790280978,29.2893678852701,4.5,0.8,84.1,4.26604909640402,151587317.734113,17032939.0
MDG,Madagascar,2002,5.07273790280978,30.1783419885133,,0.8,87.2,4.15185212036759,187595644.51704,17549913.0
MDG,Madagascar,2003,5.07273790280978,31.075857206727,7.7,0.8,84.8,4.0686000249966,332552567.118731,18071854.0
MDG,Madagascar,2004,5.07273790280978,31.9954053031606,0.9,0.7,84.3,4.03051287961766,311964347.586769,18606608.0
MDG,Madagascar,2005,5.15871651133198,32.946498951061,1.0,0.7,84.9,4.02050869673971,320220384.159902,19159707.0
MDG,Madagascar,2006,5.15871651133198,33.9287220139629,1.2,0.7,85.9,4.00610788137728,359569628.993494,19730909.0
MDG,Madagascar,2007,5.15871651133198,34.9392698696564,1.3,0.6,86.2,3.98087477533884,548488967.457895,20318583.0
MDG,Madagascar,2008,5.15871651133198,35.9800529628229,1.4,0.6,86.4,3.95908006789066,622654425.07913,20923840.0
MDG,Madagascar,2009,5.15871651133198,37.0521030367644,,0.6,87.2,3.93792963976893,661385429.527214,21547280.0
MDG,Madagascar,2010,5.15871651133198,38.1458541114971,,0.6,86.7,3.88950225367973,567764567.799748,22183340.0
MDG,Madagascar,2011,5.15645545252194,39.2273910913638,,0.6,84.5,3.79865731297877,644007625.173838,22822300.0
MDG,Madagascar,2012,5.15645545252194,40.327672118186,,0.5,83.3,3.70422372987129,741157811.720146,23462438.0
MDG,Madagascar,2013,5.15641113784806,41.4391371605363,,0.6,81.4,3.63679764938622,774431747.736294,24109290.0
MDG,Madagascar,2014,5.15641113784806,42.5650532829151,1.7,0.5,82.2,3.57738419016128,888152166.621932,24764348.0
MDG,Madagascar,2015,5.15641113784806,43.7035097971812,1.7,0.5,83.9,3.51575337604664,967443211.399848,25426702.0
MDG,Madagascar,2016,5.15641113784806,44.8606943966999,,0.5,83.8,3.46951602047804,1032527210.35827,26099952.0
MDG,Madagascar,2017,5.15641113784806,46.0439584049502,,0.5,81.9,3.43969906075462,994047920.759556,26788375.0
MDG,Madagascar,2018,5.15641113784806,47.2583808869027,16.0,0.5,84.2,3.43262310541589,646768232.42687,27494926.0
MDG,Madagascar,2019,5.15641113784806,48.5038741835682,13.0,0.5,82.5,3.88522619474041,650871222.307531,28219554.0
MDG,Madagascar,2020,5.15641113784806,49.7654795462358,6.7,0.5,84.7,3.87013474245801,732188248.610293,28953556.0
MDG,Madagascar,2021,5.15641113784806,51.0331436919904,10.9,0.5,83.6,3.84762142745941,788374626.825512,29691083.0
MDG,Madagascar,2022,5.15641113784806,52.3156772086628,10.9,0.6,83.1,3.8421861167142,,30437261.0
MWI,Malawi,1990,23.8650827322868,101.250021213407,,,84.0,7.27142469876301,165220533.49511,9545852.0
MWI,Malawi,1991,24.925753075944,104.414796351294,,,82.6,6.5108727684394,156865129.525375,9844227.0
MWI,Malawi,1992,24.3954179041154,107.499777259228,0.889517615969156,,82.7,6.32808206729259,162935096.029636,10135079.0
MWI,Malawi,1993,24.3954179041154,109.079592702588,,,81.3,4.747053681056,143992363.802992,10284024.0
MWI,Malawi,1994,22.274077216801,107.816016122189,,,82.0,1.89781291455131,161211193.466739,10164894.0
MWI,Malawi,1995,24.3954179041154,107.659280865507,,,81.7,2.60611296677042,255093299.860129,10150117.0
MWI,Malawi,1996,25.4560882477726,109.803012303776,,,81.4,4.33407325624501,241926819.448,10352228.0
MWI,Malawi,1997,25.9864234196012,112.028372931693,,,81.2,3.90632691242285,220482847.120604,10562035.0
MWI,Malawi,1998,27.577428935087,114.476834959695,,,81.9,3.51313338161771,225400751.378337,10792876.0
MWI,Malawi,1999,28.6380992787442,117.180780653373,0.621764843884561,,81.0,3.27956459765727,175520803.159923,11047804.0
MWI,Malawi,2000,29.1684344505728,120.024840899448,0.7,0.4,82.6,3.20100836115139,174901715.138403,11315942.0
MWI,Malawi,2001,30.22910479423,122.964128128978,1.3,0.5,83.1,3.12097470266371,168835908.675985,11593058.0
MWI,Malawi,2002,30.22910479423,126.012303775986,1.5,0.5,83.3,3.06823106957157,201296341.411769,11880440.0
MWI,Malawi,2003,31.8201103097157,129.206342808655,0.8,0.5,82.8,3.05887318510944,275301366.029467,12181574.0
MWI,Malawi,2004,31.8201103097157,132.591610097582,2.8,0.6,82.4,3.09630791016817,218856586.275603,12500737.0
MWI,Malawi,2005,33.9414509970301,136.19040093339,2.1,0.6,83.2,3.15966660149165,245587617.914104,12840031.0
MWI,Malawi,2006,35.0021213406873,139.994707254985,,0.6,82.8,3.22552393970417,266473773.122113,13198701.0
MWI,Malawi,2007,35.0021213406873,144.000243954179,2.6,0.6,82.2,3.29694444113219,347771495.947738,13576343.0
MWI,Malawi,2008,36.5931268561731,148.243710224862,2.8,0.6,80.4,3.40152438079919,454039267.667927,13976417.0
MWI,Malawi,2009,37.1234620280017,152.691854051761,3.1,0.6,80.0,3.46237323309805,431777182.884354,14395788.0
MWI,Malawi,2010,37.1234620280017,157.259896054306,3.9,0.6,81.2,3.44110049608203,409278880.72383,14826463.0
MWI,Malawi,2011,37.1234620280017,161.911561306746,3.0,0.6,80.2,3.39597396394666,463928194.212156,15265022.0
MWI,Malawi,2012,37.1234620280017,166.626824352991,1.8,0.6,80.2,3.33894855025274,525691416.508395,15709577.0
MWI,Malawi,2013,37.6007636826474,171.423589308443,3.8,0.6,79.8,3.29335673845668,548772941.041868,16161816.0
MWI,Malawi,2014,38.1947390750955,176.299724225711,5.3,0.6,82.8,3.24682151031395,573021990.988133,16621538.0
MWI,Malawi,2015,38.7781077641069,181.221754348748,3.4,0.6,81.0,3.18205072113662,562442622.432365,17085587.0
MWI,Malawi,2016,39.3720831565549,186.229730589733,4.9,0.6,78.9,3.14056098794322,592037038.920045,17557739.0
MWI,Malawi,2017,39.9554518455664,191.341907085278,3.7,0.6,76.9,3.10852759634947,623999378.338994,18039715.0
MWI,Malawi,2018,40.5494272380144,196.521860415783,11.7,0.5,73.2,3.03835350425563,512730019.521116,18528081.0
MWI,Malawi,2019,41.1327959270259,201.800509121765,4.1,0.5,70.9,3.37337029752981,466446250.147202,19025752.0
MWI,Malawi,2020,41.7267713194739,207.190156979211,3.5,0.5,71.5,3.60861308750451,497989415.793898,19533888.0
MWI,Malawi,2021,42.4268137462877,212.635320322444,5.6,0.5,71.1,3.76575887922325,530351177.608404,20047258.0
MWI,Malawi,2022,42.4268137462877,218.166397963513,5.6,0.5,62.9,3.93175072032932,,20568728.0
MYS,Malaysia,1990,2.83244559427789,54.2784081570537,,,8.3,6.25638745748277,6651113774.47566,17833171.0
MYS,Malaysia,1991,2.8504032871709,55.8285314259626,,,7.6,5.74853218165502,7154164849.64177,18342464.0
MYS,Malaysia,1992,2.81996651955562,57.3263491097245,,,6.9,5.32564443090885,8323388269.03471,18834572.0
MYS,Malaysia,1993,2.78618170750266,58.8119433876122,,,6.7,5.15789884212987,7898419954.13973,19322664.0
MYS,Malaysia,1994,2.82422766702176,60.3270308933191,,,6.8,5.06070391172062,7862233062.33158,19820446.0
MYS,Malaysia,1995,2.74235276213666,61.8797717242429,,,6.1,4.96250362264163,8279252047.29278,20330599.0
MYS,Malaysia,1996,2.71526403895906,63.4609252777355,,,4.9,4.83592627774749,7446850745.14972,20850087.0
MYS,Malaysia,1997,2.70491553796987,65.0592542991934,,,4.2,4.68056219502462,5891027391.7145,21375218.0
MYS,Malaysia,1998,2.66230406330848,66.6769532795617,,,4.5,4.51915285050412,4309996426.36914,21906713.0
MYS,Malaysia,1999,2.66960888753614,68.2865043372394,,,4.9,4.30853469382333,3827778485.06821,22435531.0
MYS,Malaysia,2000,2.64404200273931,69.9066078222493,97.6,95.6,4.4,4.11857803519402,3992004210.17081,22967816.0
MYS,Malaysia,2001,2.66930451985999,71.6071769898037,97.6,95.6,4.2,4.08152524339431,3571437491.57679,23526538.0
MYS,Malaysia,2002,2.94475726677827,73.3601491401613,97.7,95.6,3.5,4.05272088883183,3564567215.65961,24102477.0
MYS,Malaysia,2003,2.88004869882818,75.1167310911581,97.7,95.55,3.3,3.94409179489146,5432953693.5833,24679602.0
MYS,Malaysia,2004,2.88144879013849,76.8734500076092,97.8,95.4,3.2,3.82112666452826,3615629556.07911,25256772.0
MYS,Malaysia,2005,2.88969715416223,78.6366489118856,97.8,95.1,3.0,3.69725403553387,4808704970.52471,25836071.0
MYS,Malaysia,2006,2.70948105311216,80.4075757114594,97.8,94.8,3.1,3.56581273090479,6117037111.52934,26417909.0
MYS,Malaysia,2007,2.5177294171359,82.1743691979912,97.9,94.4,2.8,3.4110707111258,8738498291.24933,26998389.0
MYS,Malaysia,2008,2.64921625323391,83.9143478922538,98.0,94.0,3.0,3.22157107251627,9507449666.17558,27570059.0
MYS,Malaysia,2009,2.5719068634911,85.6027332217319,97.9,93.6,2.3,2.99707442771645,7100382258.9593,28124778.0
MYS,Malaysia,2010,2.60021305737331,87.2189194947497,99.0,92.8,2.0,2.74387862869148,7486988448.22624,28655776.0
MYS,Malaysia,2011,2.63460660477857,88.7598204230711,98.8,92.2,2.2,2.54121527592977,6756708750.05042,29162039.0
MYS,Malaysia,2012,2.64312889971085,90.2840693958302,99.5,91.8,2.5,2.46075428405176,7191506231.03532,29662831.0
MYS,Malaysia,2013,2.44315933647847,91.8407091766854,98.7,90.9,2.8,2.42976452098701,6824492612.32035,30174265.0
MYS,Malaysia,2014,2.47756810226754,93.4291188555775,99.0,89.9,3.0,2.3911113300604,8469379174.85448,30696137.0
MYS,Malaysia,2015,2.51197686805661,95.0625414700959,99.5,89.25,3.4,2.35956978250673,5340346360.32619,31232798.0
MYS,Malaysia,2016,2.51197686805661,96.7575254907929,99.6,88.0,4.4,2.33773644681585,4857633623.77461,31789685.0
MYS,Malaysia,2017,2.51197686805661,98.4801217470705,99.9,86.7,5.2,2.27323363905926,6431490104.53808,32355644.0
MYS,Malaysia,2018,2.51197686805661,100.170345457312,100.0,85.1,5.3,2.14258820615584,7101758439.28425,32910967.0
MYS,Malaysia,2019,2.51197686805661,101.782364936844,100.0,84.2,5.7,1.96367692651109,6536045249.56767,33440596.0
MYS,Malaysia,2020,2.51197686805661,103.148860143053,100.0,82.8,7.0,1.61839929712928,6280445749.10215,33889558.0
MYS,Malaysia,2021,2.51197686805661,104.344541165728,100.0,80.8,7.5,1.76047905071702,6355359642.27765,34282399.0
MYS,Malaysia,2022,2.51197686805661,105.601865773855,100.0,79.2,,1.8120633245528,,34695493.0
MDV,Maldives,1990,10.0,749.206666666667,,,4.5,3.19474649626354,46465.9774787038,224762.0
MDV,Maldives,1991,10.0,772.673333333333,,,4.4,2.8937380971982,48167.425980641,231802.0
MDV,Maldives,1992,10.0,795.143333333333,,,3.1,2.53236596357304,50806.265294772,238543.0
MDV,Maldives,1993,10.0,816.28,,,3.8,2.2644544782565,39403.4482758621,244884.0
MDV,Maldives,1994,10.0,836.073333333333,,,4.0,2.12542490410157,36901.9853709509,250822.0
MDV,Maldives,1995,10.0,855.496666666667,,,3.3,2.26590088755809,49018.2060606061,256649.0
MDV,Maldives,1996,10.0,874.49,,,3.2,2.79577591174393,50424.3797979798,262347.0
MDV,Maldives,1997,10.0,892.356666666667,,,2.7,3.27673370817009,43366.4242424243,267707.0
MDV,Maldives,1998,10.0,909.076666666667,,,3.0,3.56410279627475,43605.4545454546,272723.0
MDV,Maldives,1999,10.0,924.706666666667,,,2.2,3.67533974182111,44329.5757575758,277412.0
MDV,Maldives,2000,10.0,940.063333333333,77.9,15.8,2.3,3.85509138830998,46347.2727272727,282019.0
MDV,Maldives,2001,10.0,955.89,82.7,23.6,2.3,5.03988445430481,47138.1818181818,286767.0
MDV,Maldives,2002,10.0,972.053333333333,83.6,33.3,1.8,6.25769847950436,47943.1515151515,291616.0
MDV,Maldives,2003,10.0,988.303333333333,84.6,44.15,2.2,6.56393503106261,54273.5082396835,296491.0
MDV,Maldives,2004,10.0,1004.71,85.6,54.8,1.7,6.20191530555894,57472.3601807549,301413.0
MDV,Maldives,2005,10.0,1021.43,86.6,64.35,2.0,5.28850267980301,57236.3861121901,306429.0
MDV,Maldives,2006,10.0,1046.17,87.7,72.5,1.6,4.7034922818256,78894.6121161204,313851.0
MDV,Maldives,2007,10.0,1081.59666666667,89.0,79.0,1.5,4.94109210908272,136984.667427362,324479.0
MDV,Maldives,2008,10.0,1120.56666666667,90.3,84.1,1.5,4.93963181411588,126186.61614891,336170.0
MDV,Maldives,2009,10.0,1160.91666666667,99.9,87.8,1.5,4.74971280410614,124161.663136859,348275.0
MDV,Maldives,2010,13.0,1202.64,98.7,91.0,1.4,4.60519906343892,232054.425868987,360792.0
MDV,Maldives,2011,13.0,1245.58,98.7,93.2,1.3,4.49039988870871,251665.174341852,373674.0
MDV,Maldives,2012,13.0,1289.39333333333,98.9,94.8,1.2,4.39125890981467,217495.459117639,386818.0
MDV,Maldives,2013,13.0,1333.56666666667,99.0,96.2,1.3,4.29708388690824,174938.234429165,400070.0
MDV,Maldives,2014,13.0,1378.72333333333,100.0,97.1,1.2,4.29868481529749,191336.524156292,413617.0
MDV,Maldives,2015,13.0,1427.18,99.6,97.8,1.5,4.45321237779904,241190.286350452,428154.0
MDV,Maldives,2016,13.0,1477.69333333333,100.0,98.4,1.2,4.45517862607386,290479.944769531,443308.0
MDV,Maldives,2017,13.0,1527.62333333333,99.9,98.7,1.3,4.2734522155411,249637.925921011,458287.0
MDV,Maldives,2018,13.0,1576.99666666667,100.0,99.1,1.3,4.10308111774376,136975.0,473099.0
MDV,Maldives,2019,13.0,1625.77,100.0,99.3,1.3,3.94134282962192,154197.113400829,487731.0
MDV,Maldives,2020,13.0,1673.72666666667,100.0,99.5,1.6,3.77511356789507,188217.830304362,502118.0
MDV,Maldives,2021,13.0,1720.51333333333,100.0,99.7,1.4,3.59830458494913,200104.833214525,516154.0
MDV,Maldives,2022,13.0,1747.02,100.0,99.7,1.2,2.32207848209989,,524106.0
MLI,Mali,1990,1.68252485268688,7.5224596169449,,,87.2,3.19597584251541,101776858.063996,9178830.0
MLI,Mali,1991,1.69072029765856,7.67330333800474,,,87.6,3.1532420310762,101182025.815712,9362888.0
MLI,Mali,1992,1.77267474737541,7.8295511354789,,,86.9,3.15246711848766,104173871.098602,9553540.0
MLI,Mali,1993,2.50780616133553,7.99448118735607,,,86.6,3.21740600571768,91734763.4570946,9754786.0
MLI,Mali,1994,2.58976061105238,8.16842540915759,,,85.6,3.30743083646978,107939553.250413,9967031.0
MLI,Mali,1995,2.70859456314181,8.34735983740237,,,85.1,3.36891460206512,156258431.798412,10185365.0
MLI,Mali,1996,3.71253657217319,8.52922741540252,0.831307181752044,,85.4,3.42806981561704,156280995.402006,10407278.0
MLI,Mali,1997,3.71253657217319,8.72527639138167,,,84.6,3.63820058475542,146526997.31146,10646495.0
MLI,Mali,1998,3.71253657217319,8.94907596357944,,,84.8,4.01284742169602,152646009.445919,10919573.0
MLI,Mali,1999,3.71253657217319,9.20136618067678,,,84.6,4.37228243473881,103065695.184567,11227415.0
MLI,Mali,2000,3.71253657217319,9.47335251067457,,0.3,83.5,4.60565617130307,102991574.857247,11559290.0
MLI,Mali,2001,3.71253657217319,9.76254353830141,,0.3,82.1,4.78567667349428,100179836.256496,11912158.0
MLI,Mali,2002,4.01576803612552,10.0706037584311,1.7,0.3,83.6,4.95874790482483,120800295.573224,12288050.0
MLI,Mali,2003,4.86973340217507,10.3958850670797,2.5,0.35,85.8,5.09212752937525,189951235.8171,12684955.0
MLI,Mali,2004,4.01740712511986,10.7380071956007,3.2,0.4,81.5,5.20081613329354,164658121.800363,13102409.0
MLI,Mali,2005,4.59190781763496,11.0955236479565,3.8,0.4,82.3,5.27694833285725,174398444.012091,13538647.0
MLI,Mali,2006,4.65255411042543,11.4655414320721,1.5,0.4,81.7,5.31081412068887,177249383.357176,13990139.0
MLI,Mali,2007,4.7599144395545,11.8487899425499,5.0,0.4,78.9,5.33756788025191,253711539.149756,14457775.0
MLI,Mali,2008,4.94267286242307,12.2446356714938,5.5,0.4,75.0,5.3462035545638,309077599.585763,14940782.0
MLI,Mali,2009,5.12657864758767,12.6501110482794,5.7,0.4,78.7,5.32489758859847,311102612.059144,15435539.0
MLI,Mali,2010,5.13116809677181,13.0677992771618,,0.4,84.0,5.34568956930789,279006797.836754,15945198.0
MLI,Mali,2011,5.28606200673666,13.497118481548,1.4,0.4,83.6,5.37917753226324,326728940.697863,16469049.0
MLI,Mali,2012,5.4409559167015,13.8970430834542,,0.4,81.2,5.10697370029046,377814800.456123,16957033.0
MLI,Mali,2013,5.59584982666634,14.3089313959301,3.4,0.4,84.8,5.14232370982279,406295498.845941,17459615.0
MLI,Mali,2014,5.75074373663118,14.7684106573566,4.5,0.4,84.6,5.4113932085749,476651224.341751,18020267.0
MLI,Mali,2015,5.90563764659602,15.2378088658324,7.3,0.4,81.2,5.40376274744833,488477180.43747,18593022.0
MLI,Mali,2016,6.06135110105803,15.7281152935199,8.4,0.4,77.9,5.46124181744466,514491658.388949,19191289.0
MLI,Mali,2017,6.21624501102287,16.2376441373884,,0.4,77.0,5.49741731083225,525231054.298401,19813011.0
MLI,Mali,2018,6.37113892098771,16.7531531974529,25.4,0.4,77.2,5.44545861158341,403241732.043398,20442030.0
MLI,Mali,2019,6.52603283095256,17.2664953818668,15.2,0.4,74.9,5.34519711408943,374639176.693989,21068405.0
MLI,Mali,2020,6.6809267409174,17.7954548062187,16.8,0.4,72.8,5.34809264749708,403837997.756857,21713836.0
MLI,Mali,2021,6.83582065088224,18.348478515641,18.3,0.4,71.2,5.3911832288756,427706387.516641,22388630.0
MLI,Mali,2022,6.83582065088224,18.9090551471492,18.3,0.5,71.1,5.32744420492495,,23072640.0
MLT,Malta,1990,37.5,1106.78125,100.0,,0.0,1.38765103906649,,354170.0
MLT,Malta,1991,37.5,1137.015625,100.0,,0.0,3.12279685113058,,363845.0
MLT,Malta,1992,37.5,1148.80625,100.0,,0.0,1.4522680539457,,367618.0
MLT,Malta,1993,37.5,1160.3375,100.0,,0.0,1.38736433767697,,371308.0
MLT,Malta,1994,37.5,1171.240625,100.0,,0.0,1.26686702232904,,374797.0
MLT,Malta,1995,31.25,1179.434375,100.0,,0.0,0.941371269562259,,377419.0
MLT,Malta,1996,31.25,1187.203125,100.0,,0.0,0.824643057734073,,379905.0
MLT,Malta,1997,28.125,1196.221875,100.0,,0.0,0.892100815423289,,382791.0
MLT,Malta,1998,25.0,1204.021875,100.0,,0.0,0.76912906546231,,385287.0
MLT,Malta,1999,25.0,1211.18125,100.0,,0.0,0.69876826506567,,387578.0
MLT,Malta,2000,25.0,1219.021875,100.0,100.0,0.0,0.74175046484388,,390087.0
MLT,Malta,2001,28.125,1228.2125,100.0,100.0,0.0,0.840993069844095,,393028.0
MLT,Malta,2002,28.125,1237.403125,100.0,100.0,0.1,0.832087477243136,,395969.0
MLT,Malta,2003,29.0625,1245.56875,100.0,100.0,0.1,0.744238574737344,,398582.0
MLT,Malta,2004,28.125,1253.9625,100.0,100.0,0.1,0.761638658241286,,401268.0
MLT,Malta,2005,25.625,1261.98125,100.0,100.0,0.1,0.733684455465817,,403834.0
MLT,Malta,2006,25.625,1266.5875,100.0,100.0,0.2,0.471420404802011,,405308.0
MLT,Malta,2007,25.0,1271.0125,100.0,100.0,0.2,0.469208456320589,,406724.0
MLT,Malta,2008,25.0,1279.309375,100.0,100.0,0.2,0.775855731558195,,409379.0
MLT,Malta,2009,25.0,1288.990625,100.0,100.0,0.3,0.873975660812101,,412477.0
MLT,Malta,2010,28.375,1295.3375,100.0,100.0,1.2,0.595929887643802,,414508.0
MLT,Malta,2011,28.375,1300.8375,100.0,100.0,2.0,0.502782443727903,,416268.0
MLT,Malta,2012,28.125,1312.5875,100.0,100.0,2.7,0.948857180130542,,420028.0
MLT,Malta,2013,28.03125,1327.53125,100.0,100.0,3.2,1.16189083804925,,424810.0
MLT,Malta,2014,28.03125,1354.628125,100.0,100.0,4.5,2.04366062567894,,433481.0
MLT,Malta,2015,28.03125,1388.1875,100.0,100.0,6.0,2.47510149288655,,444220.0
MLT,Malta,2016,28.34375,1420.328125,100.0,100.0,9.2,2.33244802217776,,454505.0
MLT,Malta,2017,28.34375,1459.70625,100.0,100.0,7.3,2.82908000996048,,467106.0
MLT,Malta,2018,28.34375,1512.196875,100.0,100.0,7.6,3.69663169973349,,483903.0
MLT,Malta,2019,28.34375,1574.725,100.0,100.0,7.4,4.27221326001935,,503912.0
MLT,Malta,2020,24.375,1610.90625,100.0,100.0,9.2,2.53562181333535,,515490.0
MLT,Malta,2021,24.375,1619.21875,100.0,100.0,8.6,0.861229340869234,,518150.0
MLT,Malta,2022,24.375,1659.728125,100.0,100.0,,2.56074152522947,,531113.0
MHL,Marshall Islands,1990,,,,,,2.60581222403605,,44629.0
MHL,Marshall Islands,1991,2.77777777777778,253.155555555556,,,,2.26895910781706,,45568.0
MHL,Marshall Islands,1992,2.77777777777778,257.711111111111,,,19.3,1.93395847139275,,46388.0
MHL,Marshall Islands,1993,2.77777777777778,261.627777777778,,,19.0,1.63292274346015,,47093.0
MHL,Marshall Islands,1994,2.77777777777778,265.066666666667,,,19.4,1.41735395254529,,47712.0
MHL,Marshall Islands,1995,2.77777777777778,268.144444444444,,,19.4,1.2687900771667,,48266.0
MHL,Marshall Islands,1996,2.77777777777778,270.972222222222,,,19.6,1.17409823490455,,48775.0
MHL,Marshall Islands,1997,2.77777777777778,273.661111111111,,,19.7,1.14249061002158,,49259.0
MHL,Marshall Islands,1998,2.77777777777778,276.205555555556,,,19.6,1.12069367624,,49717.0
MHL,Marshall Islands,1999,2.77777777777778,278.9,25.0955932098475,,19.4,1.21667111884462,,50202.0
MHL,Marshall Islands,2000,2.77777777777778,281.7,23.6,1.6,19.6,1.36104002924023,,50706.0
MHL,Marshall Islands,2001,2.77777777777778,284.016666666667,26.5,1.5,19.1,1.3171111078228,,51123.0
MHL,Marshall Islands,2002,2.77777777777778,285.694444444444,29.5,1.6,18.6,1.20145391268136,,51425.0
MHL,Marshall Islands,2003,2.77777777777778,286.883333333333,32.6,1.7,18.6,1.11479503063842,,51639.0
MHL,Marshall Islands,2004,2.77777777777778,287.727777777778,35.8,1.6,18.4,1.0584161756233,,51791.0
MHL,Marshall Islands,2005,2.77777777777778,288.366666666667,39.1,1.6,18.4,1.02823735339344,,51906.0
MHL,Marshall Islands,2006,2.77777777777778,288.844444444444,42.5,1.6,17.0,0.988064498783726,,51992.0
MHL,Marshall Islands,2007,2.77777777777778,289.083333333333,22.4,1.6,15.2,0.903474819961796,,52035.0
MHL,Marshall Islands,2008,2.77777777777778,289.055555555556,49.8,1.6,14.8,0.78655536093075,,52030.0
MHL,Marshall Islands,2009,2.77777777777778,288.994444444444,53.6,1.6,14.0,0.727699325339848,,52019.0
MHL,Marshall Islands,2010,2.77777777777778,289.133333333333,81.1,1.5,13.7,0.730294574164286,,52044.0
MHL,Marshall Islands,2011,2.77777777777778,288.372222222222,82.6,1.5,12.3,0.339683115152409,,51907.0
MHL,Marshall Islands,2012,2.77777777777778,285.661111111111,82.3,1.3,12.0,-0.384188646353678,,51419.0
MHL,Marshall Islands,2013,2.77777777777778,281.561111111111,83.1,1.2,12.4,-0.896937770060044,,50681.0
MHL,Marshall Islands,2014,2.77777777777778,276.644444444444,84.2,1.2,12.2,-1.2281835538707,,49796.0
MHL,Marshall Islands,2015,2.77777777777778,271.111111111111,85.5,1.1,11.7,-1.50107244802237,,48800.0
MHL,Marshall Islands,2016,2.77777777777778,265.05,86.9,1.0,12.1,-1.7558006146421,,47709.0
MHL,Marshall Islands,2017,2.77777777777778,258.494444444444,90.5,1.0,12.0,-2.01248854719859,,46529.0
MHL,Marshall Islands,2018,2.77777777777778,251.583333333333,95.8,0.8,12.0,-2.2353033330215,,45285.0
MHL,Marshall Islands,2019,2.77777777777778,244.483333333333,100.0,0.8,12.1,-2.40152766563051,,44007.0
MHL,Marshall Islands,2020,2.77777777777778,237.255555555556,100.0,0.7,12.0,-2.55450135836133,,42706.0
MHL,Marshall Islands,2021,2.77777777777778,229.816666666667,100.0,0.7,12.1,-2.75841428520456,,41367.0
MHL,Marshall Islands,2022,2.77777777777778,222.65,100.0,0.6,12.2,-2.69578522782209,,40077.0
MRT,Mauritania,1990,0.388085766954497,1.89374017657902,,,47.0,2.31190851339021,0.0,1951878.0
MRT,Mauritania,1991,0.397787911128359,1.94987678276899,,,46.7,2.60297346771223,0.0,2009738.0
MRT,Mauritania,1992,0.407490055302222,2.02593868244882,,,46.4,3.43456400718681,0.0,2088135.0
MRT,Mauritania,1993,0.41816241389347,2.10956437372659,,,46.1,3.60214664597039,0.0,2174328.0
MRT,Mauritania,1994,0.436596487823809,2.18245270204715,,,45.5,2.92676621768589,0.0,2249454.0
MRT,Mauritania,1995,0.436596487823809,2.24315222664209,,,45.2,2.26978062044502,0.0,2312017.0
MRT,Mauritania,1996,0.436596487823809,2.28794799650723,,,43.9,1.52474480732645,0.0,2358188.0
MRT,Mauritania,1997,0.436596487823809,2.33948384592995,,,43.8,1.82030700670558,0.0,2411306.0
MRT,Mauritania,1998,0.436596487823809,2.40094207819928,,,46.0,2.25652729232239,0.0,2474651.0
MRT,Mauritania,1999,0.436596487823809,2.46599204424178,,,43.9,2.43251367030187,0.0,2541698.0
MRT,Mauritania,2000,0.436596487823809,2.53559813718832,3.0,13.6,44.4,2.66665622423687,0.0,2613441.0
MRT,Mauritania,2001,0.436596487823809,2.59897157271757,4.9,14.2,44.2,2.60385454155604,0.0,2678760.0
MRT,Mauritania,2002,0.436596487823809,2.65708256524692,3.7,15.15,42.1,2.95113320189588,0.0,2738655.0
MRT,Mauritania,2003,0.436596487823809,2.71858542737945,3.8,15.8,40.2,3.57367381025006,0.0,2802046.0
MRT,Mauritania,2004,0.436596487823809,2.78321917143689,3.8,16.4,38.6,4.08792971020018,0.0,2868664.0
MRT,Mauritania,2005,0.436596487823809,2.85151741534879,1.2,16.9,38.8,4.52149815724087,9591863.72624164,2939059.0
MRT,Mauritania,2006,0.436596487823809,2.92389638110022,3.8,17.2,39.1,4.8711169542429,9105450.06242641,3013660.0
MRT,Mauritania,2007,0.436596487823809,3.00093043562627,3.8,17.7,35.6,5.14587749601302,12704576.5906959,3093059.0
MRT,Mauritania,2008,0.436596487823809,3.08845347821869,4.0,18.0,35.8,5.52064773068348,14530491.3679242,3183269.0
MRT,Mauritania,2009,0.436596487823809,3.18661880275541,3.2,18.1,33.4,5.80225185284367,16119178.9403474,3284448.0
MRT,Mauritania,2010,0.436596487823809,3.28996313185214,2.1,18.6,34.0,5.82647240618461,15614911.6172942,3390965.0
MRT,Mauritania,2011,0.436596487823809,3.39847773357912,1.5,18.7,33.3,5.78223469022231,24477124.5495006,3502811.0
MRT,Mauritania,2012,0.436596487823809,3.511238963811,0.8,18.9,31.9,5.65022864652988,35929636.5305589,3619034.0
MRT,Mauritania,2013,0.436596487823809,3.62308916270496,,18.7,35.1,5.35275419208433,44919513.9648304,3734318.0
MRT,Mauritania,2014,0.436596487823809,3.7338837683128,,18.9,31.0,5.24438258947112,58763708.3475294,3848514.0
MRT,Mauritania,2015,0.436596487823809,3.84783060056272,,19.2,28.3,5.35310677510537,71346768.0489217,3965959.0
MRT,Mauritania,2016,0.436596487823809,3.96493354031241,,19.2,31.7,5.38944246670266,76830607.6266467,4086657.0
MRT,Mauritania,2017,0.436596487823809,4.08518482584651,,19.2,25.5,5.37502523222296,75132968.1463023,4210600.0
MRT,Mauritania,2018,0.436596487823809,4.20848452508004,,19.4,21.6,4.68124966581243,50155127.5168256,4337685.0
MRT,Mauritania,2019,0.436596487823809,4.33463471427185,,19.6,21.2,4.62471052992238,50732044.2907274,4467708.0
MRT,Mauritania,2020,0.436596487823809,4.46311341806539,,19.9,20.9,4.55580963458665,57641706.9396582,4600131.0
MRT,Mauritania,2021,0.436596487823809,4.59384301930727,,19.9,22.1,4.48497730741558,64324321.0548441,4734874.0
MRT,Mauritania,2022,0.436596487823809,4.73041331134181,,20.0,19.6,4.48990902237068,,4875637.0
MUS,Mauritius,1990,48.2758620689655,521.564039408867,98.2915602575158,,47.1,0.990904530820938,891258.367771265,1058775.0
MUS,Mauritius,1991,47.7832512315271,527.224630541872,98.3470808149092,,43.4,0.998863025656473,676782.901772168,1070266.0
MUS,Mauritius,1992,47.2906403940887,534.207389162562,98.4021830503044,,43.2,1.09059173224923,628921.464354198,1084441.0
MUS,Mauritius,1993,46.3054187192118,540.578325123153,98.4558275966457,,38.8,0.841135376396795,809702.393413757,1097374.0
MUS,Mauritius,1994,45.8128078817734,548.2,98.5068265448817,,35.4,0.961256963782354,671614.669516859,1112846.0
MUS,Mauritius,1995,45.320197044335,552.934482758621,98.553999286124,,38.8,0.351375133388915,477655.894357609,1122457.0
MUS,Mauritius,1996,44.8275862068966,558.618719211823,98.5962016371233,,35.6,0.470487452228002,585995.376243308,1133996.0
MUS,Mauritius,1997,44.3349753694581,565.657142857143,98.6322362578915,,36.5,0.681325969658371,533684.690565644,1148284.0
MUS,Mauritius,1998,44.8275862068966,571.635960591133,98.6609538753575,,33.5,0.489051230990475,838966.425247372,1160421.0
MUS,Mauritius,1999,43.8423645320197,578.949261083744,98.6840613137051,,21.0,0.744122929253472,852220.13616807,1175267.0
MUS,Mauritius,2000,44.3349753694581,584.666502463054,98.3,90.15,20.4,0.51853232491697,527001.188735401,1186873.0
MUS,Mauritius,2001,44.8275862068966,589.303940886699,98.7,91.5,20.1,0.360301667227693,521742.888315322,1196287.0
MUS,Mauritius,2002,43.8423645320197,593.409359605911,99.0,92.4,17.9,0.253750326768116,527201.148103334,1204621.0
MUS,Mauritius,2003,43.3497536945813,597.71921182266,98.6,93.2,18.9,0.276735888041273,599565.502794434,1213370.0
MUS,Mauritius,2004,42.8571428571429,601.479310344828,98.6,94.0,19.1,0.177526400361395,435356.349212036,1221003.0
MUS,Mauritius,2005,41.871921182266,605.051231527094,98.6,94.6,17.6,0.144565072517374,415234.684826896,1228254.0
MUS,Mauritius,2006,40.8866995073892,607.879802955665,98.6,95.1,16.4,0.0249311920181904,560029.780668204,1233996.0
MUS,Mauritius,2007,39.9014778325123,610.655172413793,98.6,95.7,15.7,0.024727185094246,662122.615967587,1239630.0
MUS,Mauritius,2008,39.4088669950739,612.867487684729,98.6,96.0,12.7,-0.0542099799205598,826583.530331706,1244121.0
MUS,Mauritius,2009,39.4088669950739,614.497044334975,98.7,96.5,12.8,-0.130699558186649,999925.643080902,1247429.0
MUS,Mauritius,2010,39.4088669950739,615.960591133005,99.3,96.8,12.8,-0.134045353568484,650840.689250864,1250400.0
MUS,Mauritius,2011,39.0585878818227,627.142714071107,99.5,97.1,12.0,-0.182916526095116,500743.046804284,1252404.0
MUS,Mauritius,2012,38.0570856284427,628.884326489735,99.1,97.3,11.4,-0.0459306177391643,391719.754628948,1255882.0
MUS,Mauritius,2013,37.5563345017526,630.409113670506,99.1,97.7,11.4,-0.0732144559625893,177503.450068787,1258927.0
MUS,Mauritius,2014,37.5563345017526,631.551326990486,99.3,97.9,10.6,-0.125464533897739,109366.340586911,1261208.0
MUS,Mauritius,2015,37.5563345017526,632.388082123185,99.5,98.1,11.5,-0.164137988516779,78251.6097811366,1262879.0
MUS,Mauritius,2016,37.5563345017526,632.822734101152,99.8,98.3,10.3,-0.216603408868185,396540.529918576,1263747.0
MUS,Mauritius,2017,37.5563345017526,633.393590385578,99.6,98.4,9.4,-0.1831999222976,397675.603503939,1264887.0
MUS,Mauritius,2018,37.5563345017526,633.739108662994,100.0,98.5,9.2,-0.205422502200271,300781.658557409,1265577.0
MUS,Mauritius,2019,37.5563345017526,633.943415122684,100.0,98.7,8.9,-0.213492307319007,286884.710836722,1265985.0
MUS,Mauritius,2020,37.5563345017526,633.957936905358,99.5,98.8,9.4,-0.227865567305752,234978.201908111,1266014.0
MUS,Mauritius,2021,37.5563345017526,634.118177265899,99.8,98.9,8.6,-0.188365605998914,245217.176486621,1266334.0
MUS,Mauritius,2022,37.5563345017526,632.209814722083,100.0,99.0,,-0.498972400619116,,1262523.0
MEX,Mexico,1990,11.1674682990818,42.6040638905322,,,14.4,2.50855104633023,0.0,82820170.0
MEX,Mexico,1991,11.5347616965457,43.432481288099,,,13.2,2.48453356682628,0.0,84430572.0
MEX,Mexico,1992,11.537848195684,44.2628714730317,79.0146324735511,,13.4,2.42295794843506,0.0,86044809.0
MEX,Mexico,1993,11.590318681036,45.0905666298002,85.8106653188079,,13.3,2.35652840225038,0.0,87653807.0
MEX,Mexico,1994,11.5995781784511,45.9164098870856,84.3841666023351,,11.9,2.29729237095205,0.0,89259205.0
MEX,Mexico,1995,11.6052367602047,46.7411481776795,86.7071459689176,,13.3,2.24473438250611,0.0,90862455.0
MEX,Mexico,1996,11.686000154325,47.559197510224,87.7470313854535,,13.1,2.18528192490717,0.0,92452702.0
MEX,Mexico,1997,11.720980477893,48.3660623987242,87.8440915677976,,12.7,2.12183599247018,0.0,94021207.0
MEX,Mexico,1998,11.7446436379537,49.1654852233854,87.2345921078742,,12.2,2.07158631992775,0.0,95575245.0
MEX,Mexico,1999,11.7893978754598,49.9579243293295,89.1986483983401,,12.8,2.02728134520753,0.0,97115707.0
MEX,Mexico,2000,11.78271046066,50.734613544587,93.8,46.8,12.2,1.98394889709936,0.0,98625552.0
MEX,Mexico,2001,11.9092569253324,51.4926304688907,90.7,48.2,11.3,1.97626306797351,0.0,100099099.0
MEX,Mexico,2002,11.9262326705934,52.2382900794774,92.9,49.6,10.7,1.95874645064604,0.0,101548624.0
MEX,Mexico,2003,12.1669796033849,52.9738496360503,91.6,50.6,10.2,1.87555257812404,0.0,102978515.0
MEX,Mexico,2004,11.9416651662851,53.7020658967566,96.1,51.3,10.2,1.73449198121998,0.0,104394131.0
MEX,Mexico,2005,11.983847321176,54.4311859872939,96.8,51.5,10.3,1.54153814055472,0.0,105811504.0
MEX,Mexico,2006,12.0183132282209,55.1730579490213,97.2,51.7,9.8,1.38432116824499,0.0,107253666.0
MEX,Mexico,2007,12.098562205818,55.9553280691376,93.3,51.7,9.5,1.41636964574503,0.0,108774360.0
MEX,Mexico,2008,11.9889914864065,56.7783574680419,96.2,51.7,9.8,1.46579008481135,0.0,110374288.0
MEX,Mexico,2009,11.905656009671,57.6145070603668,94.3,51.5,9.2,1.46891051893651,0.0,111999721.0
MEX,Mexico,2010,11.7971141233056,58.4500090022892,97.6,51.4,9.4,1.45287970100753,0.0,113623895.0
MEX,Mexico,2011,11.6854857378019,59.2831626327838,96.8,51.4,9.1,1.47065672967521,0.0,115243504.0
MEX,Mexico,2012,11.6011214280203,60.0932163893104,97.2,51.8,9.0,1.47690834295452,0.0,116818208.0
MEX,Mexico,2013,11.5697420201137,60.8778893490059,96.8,52.0,9.2,1.47593812416974,0.0,118343573.0
MEX,Mexico,2014,11.3999845675043,61.6190030607783,97.4,52.4,9.8,1.44227004611311,0.0,119784261.0
MEX,Mexico,2015,11.3418555003987,62.2815946912215,97.9,53.0,9.2,1.35010690603571,0.0,121072306.0
MEX,Mexico,2016,11.1880449600041,62.8881149206513,98.3,53.6,9.2,1.29263408673132,0.0,122251351.0
MEX,Mexico,2017,10.4205355076005,63.4790282671879,100.0,54.4,10.1,1.29639194599228,0.0,123400057.0
MEX,Mexico,2018,10.2368888088685,64.0827752771419,98.3,55.3,10.3,1.34009770164304,0.0,124573711.0
MEX,Mexico,2019,9.97968054733918,64.6945559299365,98.3,56.2,10.3,1.37072941424281,0.0,125762982.0
MEX,Mexico,2020,11.1545045911675,65.227528485815,97.7,57.2,12.3,1.23052761321089,0.0,126799054.0
MEX,Mexico,2021,11.1488039301422,65.664316469045,100.0,58.4,13.0,0.990278035419992,0.0,127648148.0
MEX,Mexico,2022,10.580191002855,66.1607124668844,100.0,59.4,,1.09116644258604,,128613117.0
FSM,"Micronesia, Fed. Sts.",1990,,,,,,1.55125211740663,,100888.0
FSM,"Micronesia, Fed. Sts.",1991,3.57142857142857,146.791428571429,,,,1.45623542801972,15222.0466666667,102754.0
FSM,"Micronesia, Fed. Sts.",1992,3.57142857142857,149.722857142857,,,0.9,1.56849889584016,21325.118602986,104806.0
FSM,"Micronesia, Fed. Sts.",1993,3.57142857142857,152.951428571429,,,1.0,1.67886352237897,15164.4851078551,107066.0
FSM,"Micronesia, Fed. Sts.",1994,3.57142857142857,155.821428571429,,,0.9,1.40054267335602,20761.969487812,109075.0
FSM,"Micronesia, Fed. Sts.",1995,3.57142857142857,157.471428571429,,,0.8,-0.0788898093771082,35243.4194980756,110230.0
FSM,"Micronesia, Fed. Sts.",1996,3.57142857142857,158.157142857143,,,0.8,-2.139235343559,37465.0401723102,110710.0
FSM,"Micronesia, Fed. Sts.",1997,3.57142857142857,158.672857142857,,,0.8,-3.0399513232605,34809.5148260338,111071.0
FSM,"Micronesia, Fed. Sts.",1998,3.57142857142857,159.11,,,0.8,-3.09239710704139,28430.5553623188,111377.0
FSM,"Micronesia, Fed. Sts.",1999,3.57142857142857,159.542857142857,,,0.6,-2.19434044416468,15569.0448854364,111680.0
FSM,"Micronesia, Fed. Sts.",2000,3.57142857142857,160.062857142857,39.1,0.7,1.3,-0.347132518157398,17411.6539980825,112044.0
FSM,"Micronesia, Fed. Sts.",2001,3.57142857142857,160.521428571429,41.6,0.7,1.4,0.287367988617875,20653.8329193345,112365.0
FSM,"Micronesia, Fed. Sts.",2002,3.57142857142857,160.64,43.4,0.8,1.6,0.0756957068872187,23604.4431767338,112448.0
FSM,"Micronesia, Fed. Sts.",2003,3.57142857142857,160.407142857143,45.3,0.9,0.9,-0.147460322039612,35031.6489873406,112285.0
FSM,"Micronesia, Fed. Sts.",2004,3.57142857142857,159.892857142857,47.1,0.8,1.0,-0.319578428821564,39687.563886631,111925.0
FSM,"Micronesia, Fed. Sts.",2005,3.57142857142857,159.16,48.9,0.9,1.4,-0.461190687310901,26741.454468734,111412.0
FSM,"Micronesia, Fed. Sts.",2006,3.57142857142857,158.184285714286,50.8,0.9,1.4,-0.624989433841667,31660.4684543903,110729.0
FSM,"Micronesia, Fed. Sts.",2007,3.57142857142857,156.971428571429,52.7,0.8,1.2,-0.800020510952191,48555.4626384209,109880.0
FSM,"Micronesia, Fed. Sts.",2008,3.57142857142857,155.622857142857,54.6,0.9,1.4,-0.905168884241544,84189.2887753245,108936.0
FSM,"Micronesia, Fed. Sts.",2009,2.85714285714286,154.224285714286,56.5,0.7,1.1,-0.954967053987578,81034.6738930954,107957.0
FSM,"Micronesia, Fed. Sts.",2010,2.85714285714286,153.628571428571,58.8,0.6,2.0,-0.428765356627004,80986.4007998997,107540.0
FSM,"Micronesia, Fed. Sts.",2011,2.85714285714286,153.854285714286,60.7,0.7,1.6,0.150068809688576,110279.943842316,107698.0
FSM,"Micronesia, Fed. Sts.",2012,2.85714285714286,154.128571428571,62.5,0.8,1.4,0.191427440894909,92295.4732907266,107890.0
FSM,"Micronesia, Fed. Sts.",2013,2.85714285714286,154.458571428571,64.2,0.7,1.4,0.236696329597171,84613.8077142659,108121.0
FSM,"Micronesia, Fed. Sts.",2014,2.85714285714286,154.851428571429,66.1,0.5,1.5,0.277507581740431,129625.153933373,108396.0
FSM,"Micronesia, Fed. Sts.",2015,2.85714285714286,155.308571428571,68.0,0.5,1.7,0.330346751260023,101884.855724099,108716.0
FSM,"Micronesia, Fed. Sts.",2016,2.85714285714286,155.821428571429,69.9,0.6,1.9,0.370340312994566,119780.352729833,109075.0
FSM,"Micronesia, Fed. Sts.",2017,2.85714285714286,156.401428571429,71.8,0.5,1.7,0.422157726785129,141284.075654601,109481.0
FSM,"Micronesia, Fed. Sts.",2018,2.85714285714286,157.012857142857,73.7,0.4,2.0,0.44481699167391,66336.9811796579,109909.0
FSM,"Micronesia, Fed. Sts.",2019,2.85714285714286,157.545714285714,75.6,0.3,2.0,0.402300560874084,60742.5079016936,110282.0
FSM,"Micronesia, Fed. Sts.",2020,2.85714285714286,158.451428571429,77.5,0.3,2.0,0.646780490606694,81898.1345463318,110916.0
FSM,"Micronesia, Fed. Sts.",2021,2.85714285714286,159.462857142857,79.4,0.3,2.1,0.714661571440741,72110.0906357255,111624.0
FSM,"Micronesia, Fed. Sts.",2022,2.85714285714286,160.162857142857,79.4,0.2,2.0,0.522715313438414,,112114.0
MEA,"Middle East, North Africa, Afghanistan & Pakistan",1990,7.22149930352097,30.3003181193643,,,11.556549657066,4.08296250509876,,383279026.0
MEA,"Middle East, North Africa, Afghanistan & Pakistan",1991,7.39606967636256,31.1677642469884,,,11.336236970082,3.3695987406404,,394251647.0
MEA,"Middle East, North Africa, Afghanistan & Pakistan",1992,7.48828241112594,32.0844120176831,,,10.897297140481,3.62734225422899,,405847278.0
MEA,"Middle East, North Africa, Afghanistan & Pakistan",1993,7.58640595255412,32.9779802298298,,,10.7492804743053,3.2211856874833,,417150344.0
MEA,"Middle East, North Africa, Afghanistan & Pakistan",1994,7.52830166111171,33.8449886002138,,,10.3448126889541,3.09069080455978,,428117445.0
MEA,"Middle East, North Africa, Afghanistan & Pakistan",1995,7.53534956709272,34.7028513695555,,,10.2127240387398,3.04107023380706,,438968860.0
MEA,"Middle East, North Africa, Afghanistan & Pakistan",1996,7.52667055882669,35.5638061530386,,,10.0557192907604,2.94593884384855,,449859387.0
MEA,"Middle East, North Africa, Afghanistan & Pakistan",1997,7.49534257859686,36.433786215271,,,9.9813177161928,3.06481279397203,,460864078.0
MEA,"Middle East, North Africa, Afghanistan & Pakistan",1998,7.51668536589994,37.3178590063055,65.6240529502642,,9.84080288573423,2.9717109544855,,472047033.0
MEA,"Middle East, North Africa, Afghanistan & Pakistan",1999,7.45380397901554,38.2177840618023,65.7925212128402,,9.5698853035405,2.95925426778638,,483430509.0
MEA,"Middle East, North Africa, Afghanistan & Pakistan",2000,7.30496890751785,39.1205813574758,74.2375287278854,40.9819151383583,9.38184318723493,2.96856633775331,,494850317.0
MEA,"Middle East, North Africa, Afghanistan & Pakistan",2001,7.37024526932588,40.0398325290766,74.9621717004452,42.6093218653552,9.24963116469611,2.97132455428567,,506478256.0
MEA,"Middle East, North Africa, Afghanistan & Pakistan",2002,7.38257731616461,40.9659534553527,75.3116096705543,43.9983921772911,9.18439815609769,2.80865753300646,,518193093.0
MEA,"Middle East, North Africa, Afghanistan & Pakistan",2003,7.43422106413222,41.9267484532594,71.7765610458488,45.0354824032802,9.25438557193234,2.81375606545852,,530338988.0
MEA,"Middle East, North Africa, Afghanistan & Pakistan",2004,7.3292729562493,42.9345571290448,72.2994086219616,45.9985495671187,9.16325173786826,2.9584149247205,,543086512.0
MEA,"Middle East, North Africa, Afghanistan & Pakistan",2005,7.2889978717988,43.972037001608,74.2019594167419,46.8672332991963,9.03795942767874,2.98092808533444,,556210211.0
MEA,"Middle East, North Africa, Afghanistan & Pakistan",2006,7.32682665519826,45.0539715429544,76.9077376116546,47.5807012866155,8.66259508825461,2.97912595549395,,569898499.0
MEA,"Middle East, North Africa, Afghanistan & Pakistan",2007,7.33480738794206,46.1484567476675,76.0418181307591,48.2557106822333,8.16463294723801,2.99516594711922,,583743828.0
MEA,"Middle East, North Africa, Afghanistan & Pakistan",2008,7.09993790946039,47.2595728449152,77.4111676515129,48.7851162721289,7.81608678497236,2.98122592755879,,597799097.0
MEA,"Middle East, North Africa, Afghanistan & Pakistan",2009,7.07576355525052,48.402001856602,78.7024528644359,49.1982916968863,7.6902671973751,2.93914763306769,,612128501.0
MEA,"Middle East, North Africa, Afghanistan & Pakistan",2010,7.07376976317714,49.4062557722331,82.0776985102549,49.6224460211893,7.59280845232692,2.47923697252991,,624828664.0
MEA,"Middle East, North Africa, Afghanistan & Pakistan",2011,7.12940136352742,50.5310468130288,82.2462248397789,49.9648792724816,7.43634228145233,2.92130237954004,,639053870.0
MEA,"Middle East, North Africa, Afghanistan & Pakistan",2012,7.15625277146083,51.6553996438614,84.2003913963922,50.3071868632986,7.19138786591317,3.16314025820559,,653273442.0
MEA,"Middle East, North Africa, Afghanistan & Pakistan",2013,7.16300548892,52.7782720181475,87.0879853422926,50.5634785939991,7.23035612797874,3.27970550222801,,667464006.0
MEA,"Middle East, North Africa, Afghanistan & Pakistan",2014,7.11892886295592,53.8266969644997,88.7022130412753,51.1157717736137,7.07122180407551,2.68704648099979,,680716578.0
MEA,"Middle East, North Africa, Afghanistan & Pakistan",2015,7.12115436758295,54.8954519831127,87.5527834579971,51.7550547423987,7.08007314623562,2.5584652296973,,694232973.0
MEA,"Middle East, North Africa, Afghanistan & Pakistan",2016,7.20810566879675,55.9068416627011,90.9403184281545,52.541173546008,7.10925108984167,2.31544322824702,,707023525.0
MEA,"Middle East, North Africa, Afghanistan & Pakistan",2017,7.30565791725273,56.8731349878273,92.7342812736466,53.2458311398253,7.14927454903901,2.01622460295759,,718887744.0
MEA,"Middle East, North Africa, Afghanistan & Pakistan",2018,7.31013981823226,57.7809296801308,93.889502946357,53.9375477727678,7.30858693459966,1.86361280383997,,730362334.0
MEA,"Middle East, North Africa, Afghanistan & Pakistan",2019,7.20234102067742,58.7580654693081,92.5713693138768,54.7194304162527,7.59670819188084,2.03766209159694,,742714463.0
MEA,"Middle East, North Africa, Afghanistan & Pakistan",2020,7.32944750636421,59.8411578819289,93.027815340131,55.5321252354564,7.54675702757893,2.26793669762509,,756405281.0
MEA,"Middle East, North Africa, Afghanistan & Pakistan",2021,7.23805152090611,60.7250479184394,93.2399423604293,56.3687947979744,,1.71772130209354,,767578451.0
MEA,"Middle East, North Africa, Afghanistan & Pakistan",2022,7.20847499920654,62.0217516719828,92.4583840915498,57.247730963597,,2.46364078256252,,782349366.0
TMN,"Middle East, North Africa, Afghanistan & Pakistan (IDA & IBRD)",1990,8.68769897316676,35.7164179015469,,,15.9971455903228,3.5595533465987,,359343952.0
TMN,"Middle East, North Africa, Afghanistan & Pakistan (IDA & IBRD)",1991,8.88839413062082,36.7300177019649,,,15.7188806969523,3.38091920310729,,369541810.0
TMN,"Middle East, North Africa, Afghanistan & Pakistan (IDA & IBRD)",1992,8.99688998044932,37.7528293822799,,,15.0807647123108,3.37822453117486,,379832349.0
TMN,"Middle East, North Africa, Afghanistan & Pakistan (IDA & IBRD)",1993,9.11826920305376,38.7742417028873,,,15.0061303859724,3.11449890551184,,390108809.0
TMN,"Middle East, North Africa, Afghanistan & Pakistan (IDA & IBRD)",1994,9.04874153043973,39.7682048458259,,,14.4957864922109,3.01864482644484,,400109102.0
TMN,"Middle East, North Africa, Afghanistan & Pakistan (IDA & IBRD)",1995,9.05821769739281,40.748573754377,,,14.2088438747128,2.96564277861275,,409972623.0
TMN,"Middle East, North Africa, Afghanistan & Pakistan (IDA & IBRD)",1996,9.04921861876965,41.723454656233,,,14.0781195718511,2.83008668861701,,419780929.0
TMN,"Middle East, North Africa, Afghanistan & Pakistan (IDA & IBRD)",1997,9.01099787993873,42.7022281018941,,,13.8604261830547,2.9472468562313,,429628398.0
TMN,"Middle East, North Africa, Afghanistan & Pakistan (IDA & IBRD)",1998,9.0394939683114,43.7032191535062,64.4682356978396,,13.7999677261396,2.87100354236619,,439699399.0
TMN,"Middle East, North Africa, Afghanistan & Pakistan (IDA & IBRD)",1999,8.96299881821245,44.7215631003983,64.6405771598292,,13.3162300840016,2.85487242535647,,449944988.0
TMN,"Middle East, North Africa, Afghanistan & Pakistan (IDA & IBRD)",2000,8.77275984665586,45.7267664443899,73.5582439967868,39.7104894347018,12.9920002860324,2.81107000983235,,460058369.0
TMN,"Middle East, North Africa, Afghanistan & Pakistan (IDA & IBRD)",2001,8.85386486274268,46.7373497544486,74.2970136890867,41.3509273434275,12.83682104729,2.77105310961117,,470225878.0
TMN,"Middle East, North Africa, Afghanistan & Pakistan (IDA & IBRD)",2002,8.86907205325896,47.755065137466,74.6546118157242,42.7530867682809,12.813688252485,2.5954318220822,,480465143.0
TMN,"Middle East, North Africa, Afghanistan & Pakistan (IDA & IBRD)",2003,8.93759368005057,48.816364935731,71.0749195551253,43.8003814284104,12.9420466347435,2.61603059933001,,491133637.0
TMN,"Middle East, North Africa, Afghanistan & Pakistan (IDA & IBRD)",2004,8.80925212855413,49.9344941068422,71.6064366282686,44.7747249108392,12.6763206832426,2.79009143643721,,502381957.0
TMN,"Middle East, North Africa, Afghanistan & Pakistan (IDA & IBRD)",2005,8.75909717100594,51.0813612608117,73.5575291302506,45.6566409898046,12.4448450201836,2.7973897101212,,513920381.0
TMN,"Middle East, North Africa, Afghanistan & Pakistan (IDA & IBRD)",2006,8.81019354171802,52.2570719459928,76.3290892957075,46.3763604631467,12.0125380030703,2.72338833436979,,525752130.0
TMN,"Middle East, North Africa, Afghanistan & Pakistan (IDA & IBRD)",2007,8.82138657713184,53.4091525700013,75.4411210338809,47.048252442141,11.414820556546,2.63635287762077,,537343609.0
TMN,"Middle East, North Africa, Afghanistan & Pakistan (IDA & IBRD)",2008,8.5265518259319,54.5766841700883,76.8318787910361,47.5723533245482,11.1606287551238,2.63646372891091,,549090016.0
TMN,"Middle East, North Africa, Afghanistan & Pakistan (IDA & IBRD)",2009,8.49726297873017,55.8091016644827,78.1530961188152,47.9879701868279,11.0799158086585,2.69065264240428,,561349152.0
TMN,"Middle East, North Africa, Afghanistan & Pakistan (IDA & IBRD)",2010,8.49914051680342,57.0281145951084,81.6285298489682,48.4577705022795,11.1975121431898,2.68004008068618,,573609877.0
TMN,"Middle East, North Africa, Afghanistan & Pakistan (IDA & IBRD)",2011,8.56991739218183,58.2363795525518,81.7945268755148,48.7827756322636,11.0593308918401,2.74042630075317,,585763053.0
TMN,"Middle East, North Africa, Afghanistan & Pakistan (IDA & IBRD)",2012,8.60546987235506,59.411911671573,83.7872117901837,49.0985070995823,11.0384456368474,2.94646784045417,,597586990.0
TMN,"Middle East, North Africa, Afghanistan & Pakistan (IDA & IBRD)",2013,8.61377875794205,60.5551600896305,86.7386904340674,49.3205535846382,11.1424728929043,3.01624418947107,,609074579.0
TMN,"Middle East, North Africa, Afghanistan & Pakistan (IDA & IBRD)",2014,8.55739379438304,61.6802231974817,88.3935397237835,49.8761205557843,11.0410170572294,2.55402575756575,,620390664.0
TMN,"Middle East, North Africa, Afghanistan & Pakistan (IDA & IBRD)",2015,8.56037430831167,62.7432255878524,87.2052392271718,50.499396957131,11.2881808687104,2.1915422359894,,631082594.0
TMN,"Middle East, North Africa, Afghanistan & Pakistan (IDA & IBRD)",2016,8.67027971961923,63.7760400764393,90.6828526841451,51.2857725123819,11.1456851493979,2.04330346019244,,641470827.0
TMN,"Middle East, North Africa, Afghanistan & Pakistan (IDA & IBRD)",2017,8.78419882810437,64.8943558936358,92.5307622419328,52.0247453959778,10.943060961286,2.05924578627237,,652312809.0
TMN,"Middle East, North Africa, Afghanistan & Pakistan (IDA & IBRD)",2018,8.79085653197166,66.0449357978312,93.710983725234,52.7763277370184,10.9557039236004,2.16042174411897,,663878345.0
TMN,"Middle East, North Africa, Afghanistan & Pakistan (IDA & IBRD)",2019,8.65641964585319,67.2314161863196,92.3738334015261,53.6048434008017,11.4771071770715,2.23406015549097,,675805691.0
TMN,"Middle East, North Africa, Afghanistan & Pakistan (IDA & IBRD)",2020,8.81656132208601,68.4175628707434,92.8415323691485,54.4314085563185,11.2025085485546,2.18932566077283,,687728758.0
TMN,"Middle East, North Africa, Afghanistan & Pakistan (IDA & IBRD)",2021,8.7025494996833,69.5921921684118,93.0647233378539,55.3231491610856,,2.13679084993768,,699536053.0
TMN,"Middle East, North Africa, Afghanistan & Pakistan (IDA & IBRD)",2022,8.68617290422397,70.7680179688465,92.2585111369201,56.1976682269611,,2.17680983073316,,711465045.0
MNA,"Middle East, North Africa, Afghanistan & Pakistan (excluding high income)",1990,8.69333121420873,35.8915670429768,,,16.0143287945227,4.37933316202495,,361322200.0
MNA,"Middle East, North Africa, Afghanistan & Pakistan (excluding high income)",1991,8.8936083559732,36.9135600796658,,,15.736118285882,3.3945790980228,,371610655.0
MNA,"Middle East, North Africa, Afghanistan & Pakistan (excluding high income)",1992,9.00184065838552,37.9451716242593,,,15.0977315458187,3.39249082604428,,381995940.0
MNA,"Middle East, North Africa, Afghanistan & Pakistan (excluding high income)",1993,9.12314729737113,38.9758156560263,,,15.0227413292101,3.13170587366743,,392371485.0
MNA,"Middle East, North Africa, Afghanistan & Pakistan (excluding high income)",1994,9.05066425616243,39.9794776026741,,,14.5122921719129,3.0375464744641,,402475400.0
MNA,"Middle East, North Africa, Afghanistan & Pakistan (excluding high income)",1995,9.06103900348166,40.9700248831584,,,14.225720179502,2.98601219326541,,412447289.0
MNA,"Middle East, North Africa, Afghanistan & Pakistan (excluding high income)",1996,9.05155338455655,41.9555804331954,,,14.0935283719079,2.85282807821701,,422368926.0
MNA,"Middle East, North Africa, Afghanistan & Pakistan (excluding high income)",1997,9.01321173531471,42.9455417426158,,,13.8701261273479,2.9700632224156,,432334916.0
MNA,"Middle East, North Africa, Afghanistan & Pakistan (excluding high income)",1998,9.04184617142062,43.9528925554159,64.6189421058441,,13.8078144416829,2.87850630361104,,442475967.0
MNA,"Middle East, North Africa, Afghanistan & Pakistan (excluding high income)",1999,8.96316197893127,44.9777659791101,64.7869964703848,,13.3239428300195,2.86743614907975,,452793419.0
MNA,"Middle East, North Africa, Afghanistan & Pakistan (excluding high income)",2000,8.77458769947502,45.9896913197014,73.6483902465676,39.7104894347018,13.0038960774325,2.82825251021545,,462980522.0
MNA,"Middle East, North Africa, Afghanistan & Pakistan (excluding high income)",2001,8.85561399814245,47.007183037732,74.379707972865,41.3509273434275,12.848024215526,2.79145810979047,,473223662.0
MNA,"Middle East, North Africa, Afghanistan & Pakistan (excluding high income)",2002,8.87109760058806,48.0319970597146,74.7276377873514,42.7530867682809,12.8397048283667,2.61910877880739,,483540516.0
MNA,"Middle East, North Africa, Afghanistan & Pakistan (excluding high income)",2003,8.93945052379789,49.1005741611585,71.1472275196004,43.8003814284104,12.9698091599557,2.63969150487841,,494288606.0
MNA,"Middle East, North Africa, Afghanistan & Pakistan (excluding high income)",2004,8.81132488447219,50.2261467352218,71.6763032928122,44.7747249108392,12.706386923975,2.81073556243023,,505618583.0
MNA,"Middle East, North Africa, Afghanistan & Pakistan (excluding high income)",2005,8.76135072177565,51.3806494391487,73.6184148680399,45.6566409898047,12.4721454152737,2.81539567670506,,517240777.0
MNA,"Middle East, North Africa, Afghanistan & Pakistan (excluding high income)",2006,8.8124487478767,52.5641919558156,76.3809319339725,46.3763604631467,12.0275723840766,2.73833245123392,,529158464.0
MNA,"Middle East, North Africa, Afghanistan & Pakistan (excluding high income)",2007,8.82344521804605,53.7243409348052,75.4866377353159,47.048252442141,11.4371725209298,2.6467052689841,,540838105.0
MNA,"Middle East, North Africa, Afghanistan & Pakistan (excluding high income)",2008,8.52889877827456,54.9008576613877,76.8799527713237,47.5723533245482,11.1816613915187,2.64450852868657,,552681993.0
MNA,"Middle East, North Africa, Afghanistan & Pakistan (excluding high income)",2009,8.49881761456222,56.142268888359,78.1985170784904,47.9879701868279,11.0947663614785,2.69588594380118,,565038251.0
MNA,"Middle East, North Africa, Afghanistan & Pakistan (excluding high income)",2010,8.49839881006201,57.3701971008675,81.6661586054879,48.4577705022795,11.2058888704594,2.68422813492227,,577396038.0
MNA,"Middle East, North Africa, Afghanistan & Pakistan (excluding high income)",2011,8.56918664717882,58.5873598896704,81.8295558810287,48.7827756322636,11.0708127254411,2.74268398514055,,589646039.0
MNA,"Middle East, North Africa, Afghanistan & Pakistan (excluding high income)",2012,8.60507419724395,59.7718279995111,83.8185993679796,49.0985070995823,11.0420215371111,2.94523969443065,,601566988.0
MNA,"Middle East, North Africa, Afghanistan & Pakistan (excluding high income)",2013,8.61474795110351,60.9240087486355,86.7647294877876,49.3205535846382,11.1442150564461,3.01291345208557,,613151287.0
MNA,"Middle East, North Africa, Afghanistan & Pakistan (excluding high income)",2014,8.55818272851945,62.058006211722,88.4169730081564,49.8761205557843,11.0400705993001,2.55465224055272,,624564062.0
MNA,"Middle East, North Africa, Afghanistan & Pakistan (excluding high income)",2015,8.56094746337985,63.1299804385823,87.2302387984106,50.499396957131,11.2870521999878,2.19498070040393,,635352686.0
MNA,"Middle East, North Africa, Afghanistan & Pakistan (excluding high income)",2016,8.67089806153475,64.1718148657434,90.7016863719616,51.2857725123819,11.1503064832308,2.04719051058624,,645837915.0
MNA,"Middle East, North Africa, Afghanistan & Pakistan (excluding high income)",2017,8.78474303731609,65.2984288331834,92.5451271270769,52.0247453959778,10.9413685116146,2.05898315478773,,656767614.0
MNA,"Middle East, North Africa, Afghanistan & Pakistan (excluding high income)",2018,8.79099273718005,66.4596824458768,93.7247125081556,52.7763277370184,10.9619732223084,2.16675220078454,,668447432.0
MNA,"Middle East, North Africa, Afghanistan & Pakistan (excluding high income)",2019,8.65623229696937,67.6570070470602,92.3892192756616,53.6048434008017,11.4865470725413,2.24096046053262,,680490997.0
MNA,"Middle East, North Africa, Afghanistan & Pakistan (excluding high income)",2020,8.81587409485807,68.8541721163342,92.855881145876,54.4314085563185,11.2181326344417,2.19623843804285,,692532027.0
MNA,"Middle East, North Africa, Afghanistan & Pakistan (excluding high income)",2021,8.7015022830678,70.0399427000988,93.0785315895443,55.3231491610856,,2.14400650549691,,704458802.0
MNA,"Middle East, North Africa, Afghanistan & Pakistan (excluding high income)",2022,8.68617290422397,71.2696960585184,92.2738213813434,56.1976682269611,,2.18322798263344,,716508657.0
MIC,Middle income,1990,11.6736726688488,66.4936551778579,,,33.4498106807556,2.83330905693419,,3804281569.0
MIC,Middle income,1991,11.6987162828045,67.7621945025588,,,33.1605967008066,3.30134569155113,,3876917760.0
MIC,Middle income,1992,12.1560099223339,63.4495416000634,,,33.4272901250319,3.02631026064204,,3947406975.0
MIC,Middle income,1993,12.1432227134696,64.5617664150974,,,33.5302530522141,2.94061392682596,,4016605020.0
MIC,Middle income,1994,12.1255804215714,65.6707518700223,,,33.7216277855824,2.86785517635454,,4085142527.0
MIC,Middle income,1995,12.1355499752306,66.7704535170084,,,32.8477373639618,2.84009040083085,,4153549029.0
MIC,Middle income,1996,12.1196233980835,67.8705275175296,,,33.0351327492736,3.51749513342327,,4221979035.0
MIC,Middle income,1997,12.1342058961357,68.9701660198839,,,32.58479096703,3.48350881184253,,4290382932.0
MIC,Middle income,1998,12.1675438513736,70.0968000357608,,,32.6664225653043,3.42278739117944,,4358459090.0
MIC,Middle income,1999,12.2024507997628,71.1717605349542,,,32.8867550839396,3.33619948716934,,4425269853.0
MIC,Middle income,2000,12.1428885552809,72.1659336065224,66.1429300654898,17.3992451002161,32.427416994662,3.41114957027946,,4491582042.0
MIC,Middle income,2001,12.1635204085448,73.2215704244172,67.4616092134254,17.9480832638381,31.8232596832642,3.03390634695985,,4557281954.0
MIC,Middle income,2002,12.1708349196134,74.245441236886,67.7574635675849,18.670353726883,31.1929588416597,3.09193134343695,,4620891319.0
MIC,Middle income,2003,12.221619240695,75.2445055750916,69.2286446824303,19.290279997475,29.8821779608537,3.05321310333577,,4683580056.0
MIC,Middle income,2004,12.2429348367011,76.2639234227209,69.0139891440144,20.0886075906635,27.9061883965044,2.89653320735639,,4746877931.0
MIC,Middle income,2005,12.2913379697045,77.2709606365211,70.5994481552172,20.8144815767107,26.3472774471576,2.84709202008241,,4809774178.0
MIC,Middle income,2006,12.3467333661412,78.141938554018,71.2561887741292,21.6668632965238,25.5681272342587,2.85760687139597,,4872116354.0
MIC,Middle income,2007,12.3714041908886,79.1301815741325,72.7029487533141,22.5383862070062,24.4576836636216,2.88855145188218,,4933710362.0
MIC,Middle income,2008,12.3487514809346,80.1353559189437,74.1088249603556,23.7177475051097,23.9771797708647,2.61608288280986,,4996382425.0
MIC,Middle income,2009,12.3649107225011,81.1560503938147,75.508005219112,24.9412162634065,23.6577944871636,2.73965307884613,,5059811744.0
MIC,Middle income,2010,12.3937354119201,82.1810998376942,76.0764802152659,26.5521837393441,22.7078906548731,2.42855709802246,,5123741911.0
MIC,Middle income,2011,12.4138525803502,83.2204744055656,77.9948752529218,28.2537218962314,21.7433504549751,3.30934268885962,,5188568435.0
MIC,Middle income,2012,12.4345389400616,84.2941858844481,78.3352572214346,30.1877652443423,21.616044304915,2.57962430336538,,5255495302.0
MIC,Middle income,2013,12.4398101740556,85.3700139100527,80.0280258599699,32.4196040218216,21.5666821075777,2.6857388891341,,5322303622.0
MIC,Middle income,2014,12.4222561928023,86.436864219297,80.867185402882,34.8119194001812,21.5627649780799,2.57964399009144,,5388731311.0
MIC,Middle income,2015,12.4735639555785,87.4606316909979,82.6502836843867,37.4102660687138,21.5560536905019,2.6156114128448,,5452914477.0
MIC,Middle income,2016,12.4809755318843,88.4723292901493,84.4428727186043,40.1803952277437,21.7814211036831,2.42674377020439,,5515962374.0
MIC,Middle income,2017,12.4577079377318,89.494121972458,86.1079652732423,42.9912791823142,21.8712431719356,2.32250639242132,,5579081195.0
MIC,Middle income,2018,12.4565118334434,90.4734833962662,88.0548478748532,45.7886800635878,21.9901982115892,2.28976546510057,,5640136670.0
MIC,Middle income,2019,12.4003629449067,91.4112200387327,88.7326161402164,48.7151535159732,22.4930680521439,2.10461078398268,,5698581856.0
MIC,Middle income,2020,12.450692676927,92.2930140596782,89.7947400484796,51.54064198666,23.3167480903784,1.80000545063833,,5753270728.0
MIC,Middle income,2021,12.4485526500186,93.0561367400262,91.7035509229972,54.3870715027805,,1.85982171892449,,5802247321.0
MIC,Middle income,2022,12.4438716542564,93.7763534351372,91.9185124920081,57.0277718386341,,1.41422471812579,,5846464711.0
MDA,Moldova,1990,,,100.0,,1.1,-0.162272188578346,,2977912.0
MDA,Moldova,1991,,,100.0,,1.6,-0.024592349758529,,2981566.0
MDA,Moldova,1992,52.814116215394,103.841049221444,100.0,,2.2,-1.14998595902713,0.0,2980965.0
MDA,Moldova,1993,52.9286798179059,103.37881682704,100.0,,2.4,-0.798685285514297,0.0,2975966.0
MDA,Moldova,1994,53.4001214329083,103.094311429266,100.0,,2.6,-0.800632599453243,0.0,2966745.0
MDA,Moldova,1995,53.8414819313696,102.659297111273,100.0,,2.8,-0.776797627089978,0.0,2953200.0
MDA,Moldova,1996,54.2666261767385,102.453957659819,100.0,,3.7,-1.59315475777749,0.0,2947293.0
MDA,Moldova,1997,54.2831105710814,102.111242480092,100.0,,3.9,-0.754927511320939,0.0,2936413.0
MDA,Moldova,1998,54.6338498936493,102.105506661565,100.0,,4.1,-9.81659154092927,0.0,2935227.0
MDA,Moldova,1999,55.0759878419453,101.980791314333,100.0,,4.9,-0.657935205481513,0.0,2930622.0
MDA,Moldova,2000,55.5656934306569,101.844482362364,98.4,38.6,5.7,-0.471010883861404,0.0,2924668.0
MDA,Moldova,2001,56.2347931873479,101.616986454017,98.5,45.1,5.6,-2.08199196512417,0.0,2918135.0
MDA,Moldova,2002,56.0523114355231,101.381934046035,98.9,51.5,5.8,-0.366985590986657,0.0,2911385.0
MDA,Moldova,2003,56.1302099178582,101.132058382973,98.6,58.0,5.9,-0.347717695398442,0.0,2903198.0
MDA,Moldova,2004,55.9610705596107,100.846989588049,99.1,63.6,4.8,-0.623072373813111,0.0,2896023.0
MDA,Moldova,2005,55.7312252964427,100.566888293243,98.0,69.2,4.3,-0.435394913462369,0.0,2888985.0
MDA,Moldova,2006,55.3359683794466,100.287778048526,98.7,73.8,5.0,-0.665119531104834,0.0,2880967.0
MDA,Moldova,2007,55.3967771359076,100.055661920841,98.8,78.0,4.4,0.310527969915893,0.0,2874299.0
MDA,Moldova,2008,55.3663727576771,99.8653879625439,98.9,81.7,4.9,-0.343723284812721,0.0,2868833.0
MDA,Moldova,2009,55.2447552447552,99.739374107982,99.0,84.7,4.8,-0.241994577929857,0.0,2865213.0
MDA,Moldova,2010,55.1902587519026,99.7787848154216,99.1,87.2,20.0,-0.214383494359405,0.0,2862354.0
MDA,Moldova,2011,55.1293759512938,99.7210931780946,99.2,89.5,20.4,0.111113888044073,0.0,2860699.0
MDA,Moldova,2012,55.203895313451,99.6732759521901,99.3,91.1,22.1,0.0237179326003504,0.0,2860324.0
MDA,Moldova,2013,55.2311435523114,99.5771842462653,99.5,92.6,23.8,0.141125244097053,0.0,2859558.0
MDA,Moldova,2014,52.5547445255474,99.5164884911377,99.6,93.8,24.3,0.450796824656937,0.0,2857815.0
MDA,Moldova,2015,52.7068126520681,98.7560678343838,99.8,94.8,24.7,-0.601781649676501,0.0,2835978.0
MDA,Moldova,2016,52.8588807785888,97.614165825121,99.9,95.6,25.3,-1.05748990526041,0.0,2803186.0
MDA,Moldova,2017,52.8428093645485,95.9093883802694,100.0,96.3,26.1,-1.13405459854328,0.0,2755189.0
MDA,Moldova,2018,51.1383505700115,94.2543946689506,100.0,96.8,25.3,-0.879875374049125,0.0,2707203.0
MDA,Moldova,2019,51.3867645404261,92.756093569939,100.0,97.3,22.0,-0.499273982958232,0.0,2664224.0
MDA,Moldova,2020,56.3181550026456,91.7473260542588,100.0,97.6,22.3,0.277172104480691,0.0,2635130.0
MDA,Moldova,2021,56.4609303739739,90.3612977338393,100.0,97.85,21.4,-0.361625462837186,0.0,2595809.0
MDA,Moldova,2022,56.7518248175182,88.05425357802,100.0,98.2,,-1.21199784880941,,2528654.0
MCO,Monaco,1990,,14976.8130241737,100.0,,,0.906660524051086,,30358.0
MCO,Monaco,1991,,15108.5347804637,100.0,,,0.875659466022369,,30625.0
MCO,Monaco,1992,,15237.7898371978,100.0,,,0.851871454058648,,30887.0
MCO,Monaco,1993,,15360.6314750863,100.0,,,0.802932259811704,,31136.0
MCO,Monaco,1994,,15478.5397138629,100.0,,,0.76466914483534,,31375.0
MCO,Monaco,1995,,15593.9812530834,100.0,,,0.743049271679595,,31609.0
MCO,Monaco,1996,,15706.4627528367,100.0,,,0.718724526282359,,31837.0
MCO,Monaco,1997,,15817.9575727676,100.0,,,0.707358191973761,,32063.0
MCO,Monaco,1998,,15918.5989146522,100.0,,,0.63423187882689,,32267.0
MCO,Monaco,1999,,15989.1465219536,100.0,,,0.442198101388203,,32410.0
MCO,Monaco,2000,,16011.3468179576,100.0,100.0,,0.138749733197593,,32455.0
MCO,Monaco,2001,,16007.400098668,100.0,100.0,,-0.0246525532048862,,32447.0
MCO,Monaco,2002,,15995.066600888,100.0,100.0,,-0.0770784234001658,,32422.0
MCO,Monaco,2003,,15971.3862851505,100.0,100.0,,-0.148157320761269,,32374.0
MCO,Monaco,2004,,15938.3325111002,100.0,100.0,,-0.207170649691514,,32307.0
MCO,Monaco,2005,,15890.4785397139,100.0,100.0,,-0.30069616717461,,32210.0
MCO,Monaco,2006,,15814.9975333004,100.0,100.0,,-0.476139508779467,,32057.0
MCO,Monaco,2007,,15706.4627528367,100.0,100.0,,-0.688643282374528,,31837.0
MCO,Monaco,2008,,15705.9694129255,100.0,100.0,,-0.00314104879645484,,31836.0
MCO,Monaco,2009,,15966.4528860385,100.0,100.0,,1.64489690019904,,32364.0
MCO,Monaco,2010,,16360.6314750863,100.0,100.0,,2.43881026756178,,33163.0
MCO,Monaco,2011,,16746.916625555,100.0,100.0,,2.33362301181285,,33946.0
MCO,Monaco,2012,,17124.3216576221,100.0,100.0,,2.22856128605207,,34711.0
MCO,Monaco,2013,,17487.4198322644,100.0,100.0,,2.09819835631417,,35447.0
MCO,Monaco,2014,,17823.3843117908,100.0,100.0,,1.90295648042493,,36128.0
MCO,Monaco,2015,,18133.6951159349,100.0,100.0,,1.7260495743784,,36757.0
MCO,Monaco,2016,,18389.7385298471,100.0,100.0,,1.40210042123736,,37276.0
MCO,Monaco,2017,,18588.061174149,100.0,100.0,,1.07266818197735,,37678.0
MCO,Monaco,2018,,18822.8909718796,100.0,100.0,,1.2554231770143,,38154.0
MCO,Monaco,2019,,18800.6906758757,100.0,100.0,,-0.118012680389237,,38109.0
MCO,Monaco,2020,,18771.583621115,100.0,100.0,,-0.15493904017385,,38050.0
MCO,Monaco,2021,,18487.0441458733,100.0,100.0,,1.24582098923186,,38527.0
MCO,Monaco,2022,,18680.9021113244,100.0,100.0,,1.04315542231896,,38931.0
MNG,Mongolia,1990,0.885657029775981,1.35624754831167,,,1.9,-1.23597848840325,0.0,2098710.0
MNG,Mongolia,1991,0.884364571505603,1.39930708804756,,,2.0,3.06999196697548,0.0,2165342.0
MNG,Mongolia,1992,0.880519508151231,1.4008890569705,,,2.4,0.0385653687772549,0.0,2167790.0
MNG,Mongolia,1993,0.874186462626383,1.3991700874709,,,2.7,-0.2097773861932,0.0,2165130.0
MNG,Mongolia,1994,0.854153359435536,1.41485083743625,,,3.0,1.02105445924053,0.0,2189395.0
MNG,Mongolia,1995,0.853668687584145,1.43782428319221,,,3.0,1.51708410379528,0.0,2224945.0
MNG,Mongolia,1996,0.853668687584145,1.4601592545626,,,3.4,1.45386169671346,0.0,2259507.0
MNG,Mongolia,1997,0.793259188026714,1.48099562056848,,,3.4,1.34179660798907,0.0,2291750.0
MNG,Mongolia,1998,0.869953661790898,1.50171308041349,,,3.7,1.33268798461583,0.0,2323809.0
MNG,Mongolia,1999,0.768911859129348,1.52304122679126,,,3.6,1.37877047007716,0.0,2356813.0
MNG,Mongolia,2000,0.759267535515794,1.54338839734181,27.0,2.2,5.7,1.46982911332094,0.0,2388299.0
MNG,Mongolia,2001,0.760191643179113,1.56242113783138,35.8,2.4,6.1,2.07703982718955,0.0,2417751.0
MNG,Mongolia,2002,0.761684321239091,1.58263236912359,36.8,2.8,6.5,2.8725422908488,0.0,2449027.0
MNG,Mongolia,2003,0.758818794270039,1.59541792198924,40.9,3.0,6.1,3.35510046797967,0.0,2480374.0
MNG,Mongolia,2004,0.755395489092875,1.6137036582467,39.0,3.4,5.8,3.50190125496465,0.0,2508412.0
MNG,Mongolia,2005,0.75474763408522,1.63171323734666,66.7,4.0,5.3,3.5947024721538,0.0,2536407.0
MNG,Mongolia,2006,0.754460264979813,1.64830525022335,41.5,4.4,4.5,3.62579526689615,0.0,2567168.0
MNG,Mongolia,2007,0.754264433191119,1.6705735718479,42.9,4.9,4.7,3.54227420665963,0.0,2601850.0
MNG,Mongolia,2008,0.768241940051912,1.69711733640935,44.4,5.5,4.7,3.41430500550442,0.0,2643201.0
MNG,Mongolia,2009,0.78051647735955,1.72788137676538,46.1,6.2,4.4,3.1363894957421,0.0,2691115.0
MNG,Mongolia,2010,0.793651844518259,1.75857916493112,41.9,6.9,4.5,2.43619451853851,0.0,2738622.0
MNG,Mongolia,2011,0.829197871601698,1.78925253897917,25.2,7.7,4.0,1.85890477704761,0.0,2786317.0
MNG,Mongolia,2012,0.847079563805484,1.82353600871754,54.0,8.6,3.0,1.94600735547123,0.0,2839705.0
MNG,Mongolia,2013,0.826493162123215,1.8616184405066,45.8,9.2,3.0,2.10431309106147,0.0,2899011.0
MNG,Mongolia,2014,0.843086554724144,1.90278211075515,60.8,10.2,3.3,2.21129829852075,0.0,2963113.0
MNG,Mongolia,2015,0.85295193068523,1.94371713207737,66.3,11.1,3.5,2.13732086115158,0.0,3026864.0
MNG,Mongolia,2016,0.849712898731961,1.98352563105577,74.1,11.9,3.4,1.9945341337406,0.0,3088856.0
MNG,Mongolia,2017,0.849470163982093,2.02209412791248,81.7,12.9,1.8,1.84978478178562,0.0,3148917.0
MNG,Mongolia,2018,0.85174489727116,2.06015649331677,94.6,13.9,2.1,1.7798203055376,0.0,3208189.0
MNG,Mongolia,2019,0.714078206694074,2.09835043390369,96.9,14.8,2.3,1.77725991491071,0.0,3267673.0
MNG,Mongolia,2020,0.720385296448686,2.13623721809195,98.5,15.7,2.9,2.1906047569779,0.0,3327204.0
MNG,Mongolia,2021,0.719629831519216,2.17253662423347,100.0,16.9,3.0,3.32489814126361,0.0,3383741.0
MNG,Mongolia,2022,0.728727263388357,2.2046394565685,100.0,17.9,,2.28502764300108,,3433748.0
MNE,Montenegro,1990,,,100.0,,,0.79988010488945,,606372.0
MNE,Montenegro,1991,,,100.0,,,1.14547164569054,,607105.0
MNE,Montenegro,1992,,,100.0,,,1.61221002358435,,608516.0
MNE,Montenegro,1993,,,100.0,,,2.04457265708698,,610170.0
MNE,Montenegro,1994,,,100.0,,,2.25402780333414,,611389.0
MNE,Montenegro,1995,,,100.0,,,2.29441868425739,,611712.0
MNE,Montenegro,1996,,,100.0,,,2.22540434742718,,611003.0
MNE,Montenegro,1997,,,100.0,,,2.11712909746502,,609520.0
MNE,Montenegro,1998,,,100.0,,,1.99979094042253,,607662.0
MNE,Montenegro,1999,,,100.0,,,1.90959723788273,,606001.0
MNE,Montenegro,2000,,,98.2,44.4,,1.82654768932773,,604950.0
MNE,Montenegro,2001,,,98.2,44.1,,2.1615776974368,,607389.0
MNE,Montenegro,2002,,,98.2,43.6,,1.86572019405577,,609828.0
MNE,Montenegro,2003,,,98.1,43.5,,1.49512863587332,,612267.0
MNE,Montenegro,2004,,,98.1,42.9,,1.00325996144069,,613353.0
MNE,Montenegro,2005,,,99.5,42.8,47.6,0.893862449191938,,614261.0
MNE,Montenegro,2006,12.9368029739777,45.7267657992565,98.1,42.3,44.8,0.815891822826716,8009940.24322283,615025.0
MNE,Montenegro,2007,12.9368029739777,45.7899628252788,98.1,42.0,42.3,0.757908955282185,9698386.57182676,615875.0
MNE,Montenegro,2008,12.8624535315985,45.8713011152416,98.1,41.6,38.8,0.708041965083478,11142516.3372669,616969.0
MNE,Montenegro,2009,12.8624535315985,45.969814126394,98.1,41.6,49.2,0.639261183155281,7290074.11171961,618294.0
MNE,Montenegro,2010,12.7881040892193,46.054126394052,98.2,41.4,49.1,0.484937590226751,15826799.0434811,619428.0
MNE,Montenegro,2011,12.8624535315985,46.1223048327138,97.6,41.3,42.8,0.32532661580609,13541205.4422661,620345.0
MNE,Montenegro,2012,12.7881040892193,46.2020817843866,98.3,41.3,45.9,0.333000973470856,5442930.52139104,621418.0
MNE,Montenegro,2013,0.579925650557621,46.2889962825279,99.9,41.4,49.3,0.344323550883245,0.0,622587.0
MNE,Montenegro,2014,0.64907063197026,46.3750185873606,94.1,41.6,46.0,0.336949612641803,0.0,623744.0
MNE,Montenegro,2015,0.646840148698885,46.4424535315985,98.6,41.7,43.0,0.291864851248783,0.0,624651.0
MNE,Montenegro,2016,0.669144981412639,46.4946468401487,98.9,42.0,43.9,0.254315292993224,0.0,625353.0
MNE,Montenegro,2017,0.684014869888476,46.5414126394052,100.0,42.3,37.8,0.237696377425616,0.0,625982.0
MNE,Montenegro,2018,0.684014869888476,46.5753159851301,100.0,42.7,40.6,0.205253176634976,955991.748213379,626438.0
MNE,Montenegro,2019,0.669144981412639,46.5987360594796,99.9,42.85,38.7,0.178149862044315,3401122.10829407,626753.0
MNE,Montenegro,2020,0.676579925650558,46.5866171003717,99.5,43.0,39.6,0.0971502270854835,8435966.06056612,626590.0
MNE,Montenegro,2021,0.661710037174721,46.4723420074349,99.4,43.9,39.6,-0.126779022573377,8058032.89217352,625053.0
MNE,Montenegro,2022,0.669144981412639,46.3636431226766,100.0,43.5,,-0.119829019083907,,623591.0
MAR,Morocco,1990,19.5092986780193,54.6169639256106,,,22.4,3.3202033639418,0.0,24375551.0
MAR,Morocco,1991,19.5317051310778,55.5657943087609,,,23.0,3.19554252644453,0.0,24799014.0
MAR,Morocco,1992,20.0179251624468,56.492198073045,13.920832141409,,21.6,2.98222150821195,0.0,25212468.0
MAR,Morocco,1993,20.1635671073269,57.3932018821421,22.6456890719688,,19.0,2.83734902366715,0.0,25614586.0
MAR,Morocco,1994,20.4436477705579,58.2586197624916,24.9365087135882,,19.0,3.02825056612214,0.0,26000822.0
MAR,Morocco,1995,19.9887967734708,59.1517566659198,20.0112760653791,,17.7,2.57255167652427,0.0,26399429.0
MAR,Morocco,1996,20.3809097019942,60.0674591082232,30.6417157031725,,19.1,2.4044777043211,0.0,26808107.0
MAR,Morocco,1997,20.1209948465158,60.975435805512,33.6074911572575,,18.8,2.25197804732645,0.0,27213337.0
MAR,Morocco,1998,20.2397490477257,61.8903159309881,36.6211401680601,,17.6,2.15445890731667,0.0,27621648.0
MAR,Morocco,1999,19.7580103069684,62.798967062514,39.6830082847103,,15.9,2.06523800410538,0.0,28027179.0
MAR,Morocco,2000,19.6437373963702,63.6868362088281,44.4,78.7,15.5,1.98245494479803,0.0,28423435.0
MAR,Morocco,2001,19.0185973560385,64.5633945776384,47.3,80.5,15.3,1.94382629330066,0.0,28814643.0
MAR,Morocco,2002,18.8259018597356,65.4226798117858,50.3,82.2,15.1,1.92422082523624,0.0,29198142.0
MAR,Morocco,2003,20.2890432444544,66.2590522070356,53.4,83.9,16.1,1.92386647561562,0.0,29571415.0
MAR,Morocco,2004,18.3956979610128,67.1140891776832,58.4,85.3,22.4,2.01327562912085,0.0,29953018.0
MAR,Morocco,2005,18.1985211740981,68.0218328478602,59.3,86.7,20.0,2.1785226728513,0.0,30358144.0
MAR,Morocco,2006,18.068563746359,68.9472955411158,93.0,88.1,18.2,2.2902723910413,0.0,30771178.0
MAR,Morocco,2007,18.0708043916648,69.8778131301815,65.4,89.5,16.6,2.34976261752052,0.0,31186468.0
MAR,Morocco,2008,18.0416760026888,70.8195541115841,68.5,90.4,14.4,2.38578276426688,0.0,31606767.0
MAR,Morocco,2009,18.0138920008963,71.7696123683621,71.7,91.5,14.2,2.38645548906932,0.0,32030778.0
MAR,Morocco,2010,17.3186197624916,72.7470669952946,92.9,92.3,13.9,2.38348915665883,0.0,32467016.0
MAR,Morocco,2011,17.4855478377773,73.745435805512,93.2,93.0,11.8,2.34202013567702,0.0,32912588.0
MAR,Morocco,2012,18.0304727761595,74.7372641720816,93.6,93.9,10.9,2.23557288580254,0.0,33355241.0
MAR,Morocco,2013,18.2119650459332,75.7059623571589,95.0,94.5,11.6,2.08131489770758,0.0,33787571.0
MAR,Morocco,2014,17.0313690342819,76.6407797445664,94.4,95.1,11.1,1.88391618807582,0.0,34204780.0
MAR,Morocco,2015,16.7987900515348,77.5433295989245,93.6,95.6,11.2,1.73078900146876,0.0,34607588.0
MAR,Morocco,2016,18.4203450593771,78.4751445216222,95.4,96.0,11.1,1.72745931470864,0.0,35023457.0
MAR,Morocco,2017,18.8634532825454,79.4227918440511,100.0,96.4,10.4,1.70809238395339,0.0,35446392.0
MAR,Morocco,2018,17.5939305399955,80.3041900067219,96.1,96.7,10.9,1.5814405867082,0.0,35839760.0
MAR,Morocco,2019,15.4581313018149,81.1357786242438,98.9,97.0,10.7,1.47339010064237,0.0,36210898.0
MAR,Morocco,2020,16.0767093883038,81.9722339233699,100.0,97.2,11.1,1.42956989517552,0.0,36584208.0
MAR,Morocco,2021,15.9842189110464,82.8017969975353,100.0,97.4,10.9,1.36699214512918,0.0,36954442.0
MAR,Morocco,2022,14.5113036074389,83.6411920233027,100.0,97.8,,1.32029045407872,,37329064.0
MOZ,Mozambique,1990,4.38719194282662,16.6516658612884,,,93.0,6.31516167758637,348546966.93322,13094537.0
MOZ,Mozambique,1991,4.45077443475165,16.9791830921437,,,94.2,6.40020036223775,348493835.143344,13352090.0
MOZ,Mozambique,1992,4.47620743152166,17.3113710928559,,,93.0,5.94147646415629,360166195.47852,13613316.0
MOZ,Mozambique,1993,4.47620743152166,17.8681960375391,,,91.8,6.69492775192712,311666556.980002,14051192.0
MOZ,Mozambique,1994,4.53978992344668,19.1177967394898,,,93.1,9.78847198415889,373948348.163426,15033853.0
MOZ,Mozambique,1995,4.64152191052672,20.2962053968819,,,92.8,8.4834246176129,563954558.661039,15960530.0
MOZ,Mozambique,1996,4.76868689437676,20.9726595284722,,,93.1,5.2244416167548,557689900.406066,16492480.0
MOZ,Mozambique,1997,4.95943437015184,21.5544418728859,,,92.6,4.08469795608724,521242180.064068,16949982.0
MOZ,Mozambique,1998,5.08659935400188,22.0509982451232,,,94.0,3.21209720644493,540011745.586601,17340464.0
MOZ,Mozambique,1999,5.02301686207686,22.5520816907856,,,94.2,3.0303348532866,354556729.581974,17734506.0
MOZ,Mozambique,2000,4.95943437015184,23.0545703095196,,0.8,93.6,2.87361986595873,351115529.630446,18129653.0
MOZ,Mozambique,2001,5.08659935400188,23.5735000890155,,0.8,93.0,2.81014502846112,273111579.442295,18537729.0
MOZ,Mozambique,2002,5.65884178132709,24.1083674559373,,0.7,93.2,2.76888887242345,253246596.188822,18958338.0
MOZ,Mozambique,2003,5.72242427325212,24.6604377018744,1.0,0.7,92.7,2.75668918107683,289743800.170626,19392475.0
MOZ,Mozambique,2004,5.84958925710216,25.2299308222488,1.0,0.6,92.9,2.76844984096725,164817936.027717,19840313.0
MOZ,Mozambique,2005,6.35824919250235,25.8203018896717,1.5,0.6,93.7,2.81627135645695,89742423.2127383,20304569.0
MOZ,Mozambique,2006,6.23108420865231,26.4338958264452,2.0,0.6,93.1,2.89432395252971,0.0,20787087.0
MOZ,Mozambique,2007,6.61257916020245,27.070417609807,1.5,0.5,87.5,2.99309405489631,0.0,21287635.0
MOZ,Mozambique,2008,6.86690912790254,27.746173605636,2.3,0.5,88.1,3.13116318162173,0.0,21819036.0
MOZ,Mozambique,2009,6.99407411175259,28.4744589129937,2.2,0.5,86.1,3.27254299195019,0.0,22391745.0
MOZ,Mozambique,2010,7.18482158752766,29.2469734733844,1.4,0.5,84.9,3.37189882421828,0.0,22999235.0
MOZ,Mozambique,2011,7.18482158752766,30.0732966250413,3.8,0.5,85.4,3.49378273315485,0.0,23649039.0
MOZ,Mozambique,2012,7.18482158752766,30.9492179353493,2.3,0.5,84.5,3.59039073376946,0.0,24337846.0
MOZ,Mozambique,2013,7.18482158752766,31.8568770823266,2.8,0.5,83.1,3.62087656055628,0.0,25051611.0
MOZ,Mozambique,2014,7.18482158752766,32.7939100689234,2.7,0.5,81.2,3.63940113980556,0.0,25788475.0
MOZ,Mozambique,2015,7.18482158752766,33.7592156463796,0.9,0.6,80.1,3.65084758237593,0.0,26547572.0
MOZ,Mozambique,2016,7.18482158752766,34.7632251583204,4.7,0.6,77.4,3.6890048225999,0.0,27337105.0
MOZ,Mozambique,2017,7.18482158752766,35.8177891095908,4.4,0.7,78.2,3.74379454289043,0.0,28166393.0
MOZ,Mozambique,2018,7.18482158752766,36.9015539561026,8.0,0.8,79.0,4.08675866507783,0.0,29018644.0
MOZ,Mozambique,2019,7.18482158752766,38.0024670006867,5.2,0.8,77.5,4.22716200555052,0.0,29884380.0
MOZ,Mozambique,2020,7.18482158752766,39.1460718736489,4.6,0.9,80.2,4.41073750658703,0.0,30783688.0
MOZ,Mozambique,2021,7.18482158752766,40.3212187492052,3.8,1.0,76.9,4.55398239701699,0.0,31707800.0
MOZ,Mozambique,2022,7.18482158752766,41.5273099519316,5.0,1.2,,4.68467154140618,,32656246.0
MMR,Myanmar,1990,14.6387367261376,60.9254995868654,,,90.9,2.13530173374961,381810474.377715,39817251.0
MMR,Myanmar,1991,14.618845059216,61.8082351501056,,,91.1,2.06317473580596,435210224.346564,40394154.0
MMR,Myanmar,1992,14.5882424947211,62.6592741071702,,,90.8,2.0040865521489,551217659.780774,40950342.0
MMR,Myanmar,1993,14.6570982648346,63.5040380083851,,,89.2,1.98514275835074,462926837.525599,41502429.0
MMR,Myanmar,1994,14.5882424947211,64.3497612999969,,,88.0,1.97584971311413,543957720.165914,42055143.0
MMR,Myanmar,1995,14.5974232640695,65.1916301986106,,,85.2,1.95718261283841,812027417.749814,42605338.0
MMR,Myanmar,1996,14.6020136487438,66.0324693209291,,,84.6,1.94113256405618,851707297.833716,43154860.0
MMR,Myanmar,1997,14.6264957003397,66.880065489488,,,85.2,1.93493141190447,728239722.799307,43708798.0
MMR,Myanmar,1998,14.6219053156655,67.720098234232,,,83.4,1.90539263515545,583295844.398223,44257793.0
MMR,Myanmar,1999,14.8269424977813,68.5309606144995,,,81.9,1.84297469910122,406411401.41242,44787724.0
MMR,Myanmar,2000,15.1620405790005,69.3007941365486,26.9,0.2,80.2,1.76321267367016,414615606.008779,45290841.0
MMR,Myanmar,2001,15.2859809652049,70.0357116626373,28.1,0.3,82.5,1.69241248380988,494022109.25584,45771139.0
MMR,Myanmar,2002,15.0901245524375,70.7418872601524,33.3,0.4,83.0,1.63015296036023,536600434.674866,46232653.0
MMR,Myanmar,2003,15.0732931419653,71.406787648805,30.4,0.5,79.9,1.54983904205818,820171874.771839,46667192.0
MMR,Myanmar,2004,15.1694163019191,72.0344831808026,31.5,0.7,80.2,1.45668963786646,795581623.479598,47068772.0
MMR,Myanmar,2005,15.3958001714216,72.6067788049467,32.7,0.8,79.6,1.36567796471719,631089196.585547,47438365.0
MMR,Myanmar,2006,15.8170994842916,73.1252161537638,33.9,1.0,81.3,1.29369192969727,775501607.290762,47785135.0
MMR,Myanmar,2007,16.1846615252785,73.6397401762762,35.1,1.3,80.5,1.25422678050281,1125025334.31823,48125043.0
MMR,Myanmar,2008,16.3689519523656,74.0701856698964,36.4,1.6,85.6,1.07441377039674,1745868941.91056,48390793.0
MMR,Myanmar,2009,16.5222715444666,74.4840945966631,37.6,2.0,85.8,1.05601367583589,1609365594.99327,48660459.0
MMR,Myanmar,2010,16.5493065548174,75.045742889508,32.5,2.6,84.6,1.22024887574851,1615156165.99288,49024382.0
MMR,Myanmar,2011,16.5102787429779,75.6475990754489,40.2,3.3,83.8,1.25171091320825,2144665199.01065,49419820.0
MMR,Myanmar,2012,16.460231187323,76.3032167189773,41.4,4.2,78.1,1.26133867847291,1897939890.74257,49837446.0
MMR,Myanmar,2013,16.4941507931647,76.9624823911313,42.7,5.3,75.6,1.23923582288471,1849767844.56644,50262658.0
MMR,Myanmar,2014,16.5615238561891,77.6040209468978,37.9,6.7,72.0,1.18880317649565,2559391893.01969,50681634.0
MMR,Myanmar,2015,16.7406748024744,78.2278679487965,47.6,8.4,70.0,1.13858298079892,1850941071.0839,51089056.0
MMR,Myanmar,2016,16.7713471613714,78.8867551089188,39.8,10.6,68.8,1.11611230691811,2070550062.22138,51495696.0
MMR,Myanmar,2017,16.9461509000383,79.5020114898506,59.9,13.3,59.5,1.08127476296187,2434509181.69175,51894938.0
MMR,Myanmar,2018,16.9760992799142,80.0861758847863,54.6,16.3,59.4,1.01960054107564,1377698635.55887,52272247.0
MMR,Myanmar,2019,16.8383637199326,80.6507017006282,57.5,19.7,58.5,0.984321179204505,1258749414.04963,52640713.0
MMR,Myanmar,2020,16.8385248287802,81.2302112859485,60.1,24.1,59.2,0.980518160556139,1527004995.27872,53016522.0
MMR,Myanmar,2021,16.8385248287802,81.7980020531049,62.8,28.4,62.9,0.953448977637289,1413973995.69765,53387102.0
MMR,Myanmar,2022,16.8385248287802,82.3644215300228,62.8,33.2,,0.935214305205939,,53756787.0
NAM,Namibia,1990,0.801661625915534,1.66320858992579,,,,6.74761120553085,12497463.5057179,1369303.0
NAM,Namibia,1991,0.801661625915534,1.71954475336759,,,42.5,4.08901641923121,12724737.2548056,1415684.0
NAM,Namibia,1992,0.801661625915534,1.77497844016082,10.7421410653722,,40.3,4.10206972757807,12967320.2172656,1461322.0
NAM,Namibia,1993,0.847817901347034,1.8325219545968,9.18226464800872,,38.0,4.48665371293925,10380062.9762186,1508697.0
NAM,Namibia,1994,0.907335203877127,1.89034726524068,11.6155478859417,,32.8,4.73205555796859,12842964.7826087,1556304.0
NAM,Namibia,1995,0.991145282950115,1.9460578896865,12.5701003305813,,32.1,4.79441271753542,20149754.5991768,1602170.0
NAM,Namibia,1996,0.991145282950115,1.99942061727945,13.5321490263266,,31.4,4.79708838664968,20629412.5396678,1646103.0
NAM,Namibia,1997,0.991145282950115,2.05184564369785,14.5045539712598,,30.6,4.82235348823693,19715142.8831098,1689264.0
NAM,Namibia,1998,0.991145282950115,2.10465935454093,15.4875548587814,,31.7,4.86260357257031,20521976.331877,1732745.0
NAM,Namibia,1999,0.991145282950115,2.15764554409746,16.4824266799682,,32.7,4.84292855107613,11792072.7084925,1776368.0
NAM,Namibia,2000,0.991145282950115,2.20899925907032,18.9,11.2,34.8,4.69762603670953,13976846.7539524,1818647.0
NAM,Namibia,2001,0.991145282950115,2.2556426046715,18.5,11.3,30.4,4.36937788812694,13606862.6298781,1857048.0
NAM,Namibia,2002,0.991145282950115,2.29563094413876,19.1,11.2,33.8,4.12841775133587,16097752.1407429,1889970.0
NAM,Namibia,2003,0.98993064412297,2.32902622405228,19.7,11.3,33.3,4.08419975282554,28595144.0383486,1917464.0
NAM,Namibia,2004,0.98993064412297,2.35892820269893,20.2,11.2,34.8,4.10012639955122,31227935.918099,1942082.0
NAM,Namibia,2005,0.988716005295825,2.38868685396397,20.8,11.3,34.6,4.16931596234701,31014138.1536593,1966582.0
NAM,Namibia,2006,0.987501366468681,2.4194245041237,21.4,11.4,35.8,4.20158118258891,29584218.9973385,1991888.0
NAM,Namibia,2007,0.971711061715799,2.45186993647439,22.4,11.3,36.5,4.18766789005505,47923215.4133853,2018600.0
NAM,Namibia,2008,0.971711061715799,2.48643369893962,22.7,11.4,32.5,4.12117053916679,62764704.2875114,2047056.0
NAM,Namibia,2009,0.971711061715799,2.52328341167754,20.7,11.5,33.4,3.99880928369892,66878083.3247218,2077394.0
NAM,Namibia,2010,0.971711061715799,2.56265835853709,24.0,11.6,31.2,3.82836470210104,55802396.0675478,2109811.0
NAM,Namibia,2011,0.971711061715799,2.60700968067145,21.6,11.5,31.6,3.68937504288967,60906128.1889284,2146325.0
NAM,Namibia,2012,0.971711061715799,2.66571196054853,25.4,11.6,31.9,3.97732737485393,72374464.6701323,2194654.0
NAM,Namibia,2013,0.971711061715799,2.73598367525416,27.3,11.7,30.7,4.27141374303958,73427890.9656962,2252508.0
NAM,Namibia,2014,0.971711061715799,2.80841380315563,26.9,11.9,30.2,4.21130728331161,86292285.5493763,2312139.0
NAM,Namibia,2015,0.971711061715799,2.88391696728978,31.3,12.1,29.3,4.17825359724814,98829332.1690311,2374300.0
NAM,Namibia,2016,0.971711061715799,2.96276281747622,31.6,12.4,29.2,4.14756688414306,103859903.543831,2439213.0
NAM,Namibia,2017,0.971711061715799,3.04492098774429,31.6,12.5,30.2,4.10839482373332,100664822.013863,2506853.0
NAM,Namibia,2018,0.971711061715799,3.13052144444849,30.2,12.6,30.9,4.06642382100675,67074535.1541079,2577327.0
NAM,Namibia,2019,0.971711061715799,3.21939292351419,31.2,12.85,30.2,4.01225493908551,78062601.6345327,2650494.0
NAM,Namibia,2020,0.971711061715799,3.31446027523716,,13.0,31.2,4.04000520067906,94570780.873139,2728762.0
NAM,Namibia,2021,0.971711061715799,3.41380072635402,33.2,13.2,30.0,3.99776707077746,106199105.639931,2810548.0
NAM,Namibia,2022,0.971711061715799,3.50989566252475,33.2,13.3,,3.7333873147849,,2889662.0
NRU,Nauru,1990,,481.1,,,0.0,2.44068500570903,,9622.0
NRU,Nauru,1991,,492.5,,,0.0,2.34193119067356,,9850.0
NRU,Nauru,1992,,501.05,,,0.0,1.72114358921943,,10021.0
NRU,Nauru,1993,,505.1,,,0.0,0.805053296966897,,10102.0
NRU,Nauru,1994,,506.85,,,0.0,0.34586723544018,,10137.0
NRU,Nauru,1995,,508.25,,,0.0,0.275835068004739,,10165.0
NRU,Nauru,1996,,509.15,,,0.0,0.176921610921852,,10183.0
NRU,Nauru,1997,,509.85,,,0.0,0.137389619256035,,10197.0
NRU,Nauru,1998,,509.9,,,0.0,0.00980632508753104,,10198.0
NRU,Nauru,1999,,509.35,,,0.0,-0.107922502503471,,10187.0
NRU,Nauru,2000,,508.4,,100.0,0.0,-0.186686372077639,,10168.0
NRU,Nauru,2001,,506.5,,100.0,0.0,-0.374421562656096,,10130.0
NRU,Nauru,2002,,504.1,,100.0,0.0,-0.474966260015287,,10082.0
NRU,Nauru,2003,,502.95,,100.0,0.0,-0.228389950823792,,10059.0
NRU,Nauru,2004,,503.0,,100.0,0.0,0.00994085193919146,,10060.0
NRU,Nauru,2005,,502.45,,100.0,0.0,-0.109403760477152,,10049.0
NRU,Nauru,2006,,501.7,,100.0,0.1,-0.149380100476041,,10034.0
NRU,Nauru,2007,,501.0,,100.0,0.1,-0.139623040534244,,10020.0
NRU,Nauru,2008,,500.45,,100.0,0.1,-0.109840741983694,,10009.0
NRU,Nauru,2009,,500.8,,100.0,0.0,0.0699126120860941,,10016.0
NRU,Nauru,2010,,502.15,,100.0,0.0,0.269206005345923,,10043.0
NRU,Nauru,2011,,504.9,,100.0,0.0,0.546151002552194,,10098.0
NRU,Nauru,2012,,513.35,,100.0,0.1,1.65974838801037,,10267.0
NRU,Nauru,2013,,525.85,,100.0,0.1,2.40581272210636,,10517.0
NRU,Nauru,2014,,537.1,,100.0,0.0,2.11682959453762,,10742.0
NRU,Nauru,2015,,547.7,100.0,100.0,0.1,1.95433948782621,,10954.0
NRU,Nauru,2016,,557.5,,100.0,0.2,1.77348115445981,,11150.0
NRU,Nauru,2017,,566.2,,100.0,0.6,1.54848693435255,,11324.0
NRU,Nauru,2018,,573.85,,100.0,0.7,1.34206654488781,,11477.0
NRU,Nauru,2019,,579.35,100.0,100.0,0.6,0.953874731639391,,11587.0
NRU,Nauru,2020,,582.15,100.0,100.0,1.3,0.482136103995375,,11643.0
NRU,Nauru,2021,,585.45,100.0,100.0,1.6,0.565263581170869,,11709.0
NRU,Nauru,2022,,590.05,100.0,100.0,1.9,0.782649677702407,,11801.0
NPL,Nepal,1990,16.2265734265734,136.535475524476,,,95.1,5.23052064324529,0.0,19524573.0
NPL,Nepal,1991,16.2517482517483,140.115384615385,,,94.2,5.8119251700406,0.0,20036500.0
NPL,Nepal,1992,16.2748251748252,144.123825174825,,,94.2,6.47778655629965,0.0,20609707.0
NPL,Nepal,1993,16.2979020979021,148.113,,,93.6,6.75357766549368,0.0,21180159.0
NPL,Nepal,1994,16.320979020979,151.870482517483,,,92.4,6.84337688412531,0.0,21717479.0
NPL,Nepal,1995,16.3440559440559,155.56251048951,,,91.7,7.00537973552719,0.0,22245439.0
NPL,Nepal,1996,16.3671328671329,159.034,10.1540889472181,,91.5,7.02913469575755,0.0,22741862.0
NPL,Nepal,1997,16.3902097902098,162.373867132867,9.43067951253751,,90.7,7.07611421575477,0.0,23219463.0
NPL,Nepal,1998,16.4132867132867,165.596902097902,13.021173371935,,90.5,7.09987401722147,0.0,23680357.0
NPL,Nepal,1999,16.4363636363636,168.707685314685,16.6279821869797,,88.0,7.0972140463039,0.0,24125199.0
NPL,Nepal,2000,16.421346355075,171.234802929892,21.3,2.6,88.3,7.0383536764459,0.0,24546509.0
NPL,Nepal,2001,16.428322288106,174.026843390303,14.7,3.1,87.8,6.96859754042475,0.0,24946748.0
NPL,Nepal,2002,16.2888036274852,176.693275200558,28.0,3.9,90.0,8.08773907526679,0.0,25328981.0
NPL,Nepal,2003,16.1492849668643,179.203055458668,31.5,4.6,89.4,9.65088986288303,0.0,25688758.0
NPL,Nepal,2004,16.0446459713987,181.490449947681,28.5,5.25,90.3,10.2269016511588,0.0,26016656.0
NPL,Nepal,2005,15.9051273107778,183.533017091036,38.6,6.0,89.5,10.0684809370206,0.0,26309458.0
NPL,Nepal,2006,15.765608650157,185.318625741193,44.1,6.8,91.2,9.39175399169321,0.0,26565425.0
NPL,Nepal,2007,15.6260899895361,186.874726194629,45.8,7.5,91.3,8.37572777810589,0.0,26788492.0
NPL,Nepal,2008,15.4865713289152,188.28069061737,49.5,8.3,90.5,7.14931967507118,0.0,26990037.0
NPL,Nepal,2009,15.3470526682944,189.557272410185,53.2,9.0,88.9,5.73450687520785,0.0,27173035.0
NPL,Nepal,2010,15.2075340076735,190.73562608999,63.2,9.9,87.3,4.1510973235054,0.0,27341952.0
NPL,Nepal,2011,15.0868503662365,191.59047087548,61.7,10.7,87.0,2.24386457415578,0.0,27464494.0
NPL,Nepal,2012,14.8592445064527,192.081723055459,70.9,11.6,84.7,1.06981932994082,0.0,27534915.0
NPL,Nepal,2013,14.6316393442623,192.465964422742,73.5,12.5,86.0,0.944227139325064,0.0,27589996.0
NPL,Nepal,2014,14.4040334844785,193.040599930241,82.1,13.4,84.0,0.970449973185209,0.0,27672370.0
NPL,Nepal,2015,14.1764276246948,194.095772584583,79.0,14.5,85.2,1.14262025692369,226940191.156648,27823629.0
NPL,Nepal,2016,13.9488217649111,195.015430763865,89.8,15.6,79.4,0.992516788067837,251955537.007354,27955462.0
NPL,Nepal,2017,13.7212166027206,195.404659923265,84.6,16.7,76.8,0.638582888667263,202426361.709466,28011258.0
NPL,Nepal,2018,13.4936107429369,195.882029996512,93.5,18.1,75.0,0.599481689574772,138771874.282888,28079689.0
NPL,Nepal,2019,13.2660048831531,198.214607603767,,19.5,78.2,1.45232104803645,151228759.471823,28414064.0
NPL,Nepal,2020,13.0383990233694,202.068880362749,,20.9,73.1,2.10403122358509,173653138.322774,28966574.0
NPL,Nepal,2021,12.8107938611789,205.61569584932,,22.3,73.7,1.79922776495663,178858443.512504,29475010.0
NPL,Nepal,2022,12.5831880013952,207.292891524241,93.7,24.1,,1.04653985385722,,29715436.0
NLD,Netherlands,1990,27.3815165876777,442.876481042654,100.0,,1.2,1.00493996554221,0.0,14951510.0
NLD,Netherlands,1991,26.4306872037915,446.380272511848,100.0,,1.1,1.10626568672291,0.0,15069798.0
NLD,Netherlands,1992,26.664691943128,449.767950236967,100.0,,1.2,0.902563388489254,0.0,15184166.0
NLD,Netherlands,1993,26.7268957345972,452.913744075829,100.0,,1.2,1.34405889847218,0.0,15290368.0
NLD,Netherlands,1994,26.7565165876777,455.65278436019,100.0,,1.2,1.53237179152592,0.0,15382838.0
NLD,Netherlands,1995,27.2215639810426,457.90894549763,100.0,,1.2,0.895858979935278,0.0,15459006.0
NLD,Netherlands,1996,27.4614928909953,460.026599526066,100.0,,1.3,2.87870350050376,0.0,15530498.0
NLD,Netherlands,1997,28.7677725118483,462.40077014218,100.0,,1.5,4.74699804669947,0.0,15610650.0
NLD,Netherlands,1998,27.5444312796209,465.260930094787,100.0,,1.6,2.18991814694197,0.0,15707209.0
NLD,Netherlands,1999,29.9585308056872,468.367535545024,100.0,,1.6,1.06653662565582,0.0,15812088.0
NLD,Netherlands,2000,30.2932464454976,471.727280805687,100.0,100.0,1.7,2.54316923411164,0.0,15925513.0
NLD,Netherlands,2001,29.8815165876777,475.30154028436,100.0,100.0,1.8,2.89950850160764,0.0,16046180.0
NLD,Netherlands,2002,30.0710900473934,478.345053317536,100.0,100.0,1.9,1.41407400769277,0.0,16148929.0
NLD,Netherlands,2003,32.3193127962085,480.607286729858,100.0,100.0,1.9,1.07955504264466,0.0,16225302.0
NLD,Netherlands,2004,33.3975118483412,482.280183649289,100.0,100.0,2.2,1.50897756837224,0.0,16281779.0
NLD,Netherlands,2005,32.9087677725119,483.408412322275,100.0,100.0,2.7,1.7466964100121,0.0,16319868.0
NLD,Netherlands,2006,31.6883886255924,484.185456161137,100.0,100.0,3.1,1.52640877995713,0.0,16346101.0
NLD,Netherlands,2007,31.3921800947867,485.23981042654,100.0,100.0,3.7,1.10625567526579,0.0,16381696.0
NLD,Netherlands,2008,31.5936018957346,487.132494075829,100.0,100.0,3.9,0.630239683062278,0.0,16445593.0
NLD,Netherlands,2009,31.2689000889416,490.079691669137,100.0,100.0,4.4,1.2211876049491,0.0,16530388.0
NLD,Netherlands,2010,30.3172250222354,492.599881411207,100.0,100.0,3.9,1.81263863698804,0.0,16615394.0
NLD,Netherlands,2011,29.8339264531435,495.049644128114,100.0,100.0,4.7,1.21421194188193,0.0,16693074.0
NLD,Netherlands,2012,29.982206405694,496.884994068802,100.0,100.0,4.9,0.968590835333657,0.0,16754962.0
NLD,Netherlands,2013,30.8222024339567,498.795844464233,100.0,100.0,5.0,1.01595043052292,0.0,16804432.0
NLD,Netherlands,2014,31.0181062629861,500.593885425942,100.0,100.0,5.6,1.09886595578282,0.0,16865008.0
NLD,Netherlands,2015,30.9474309474309,503.116216216216,100.0,100.0,5.8,0.934349246328028,0.0,16939923.0
NLD,Netherlands,2016,30.5316305316305,505.800831600832,100.0,100.0,5.6,0.865644493440718,0.0,17030314.0
NLD,Netherlands,2017,30.7989307989308,508.8,100.0,100.0,6.4,1.18739056358927,0.0,17131296.0
NLD,Netherlands,2018,30.3237303237303,511.779744579745,100.0,100.0,7.4,2.19970048875043,0.0,17231624.0
NLD,Netherlands,2019,30.0297000297,515.143272943273,100.0,100.0,8.6,2.03159162127433,0.0,17344874.0
NLD,Netherlands,2020,29.8434808434808,518.013068013068,100.0,100.0,10.7,0.94187132064814,0.0,17441500.0
NLD,Netherlands,2021,29.7891297891298,520.731927531928,100.0,100.0,12.2,0.921884889970005,0.0,17533044.0
NLD,Netherlands,2022,29.8188298188298,525.719691119691,100.0,100.0,,1.32892378872984,,17700982.0
NCL,New Caledonia,1990,0.492341356673961,9.65295404814004,99.8120243752864,,10.6,2.76287829169444,343079.716846237,176456.0
NCL,New Caledonia,1991,0.492341356673961,9.91455142231947,99.812893701513,,7.8,2.87538786815188,312100.300342068,181238.0
NCL,New Caledonia,1992,0.492341356673961,10.1789934354486,99.8250114731429,,7.0,2.82914864295531,375840.089317193,186072.0
NCL,New Caledonia,1993,0.437636761487965,10.4407549234136,99.8605332908915,,5.8,2.74344121565032,277502.7962377,190857.0
NCL,New Caledonia,1994,0.382932166301969,10.7009846827133,99.9148792008411,,5.8,2.68804653606075,354449.671976537,195614.0
NCL,New Caledonia,1995,0.382932166301969,10.9616520787746,100.0,,4.8,2.66738432653852,453494.778118251,200379.0
NCL,New Caledonia,1996,0.382932166301969,11.2163019693654,100.0,,7.1,2.60614914954522,464778.934747795,205034.0
NCL,New Caledonia,1997,0.382932166301969,11.4638949671772,100.0,,8.0,2.55961589382288,379309.560024653,209560.0
NCL,New Caledonia,1998,0.382932166301969,11.7093544857768,100.0,,8.5,2.56858384122922,554378.839397428,214047.0
NCL,New Caledonia,1999,0.382932166301969,11.9544310722101,100.0,,9.5,2.58646196967728,442745.682433385,218527.0
NCL,New Caledonia,2000,0.382932166301969,12.2044857768053,100.0,,7.5,2.64281903403244,446281.30959422,223098.0
NCL,New Caledonia,2001,0.382932166301969,12.4566192560175,100.0,,6.7,2.66902642553659,473156.466143584,227707.0
NCL,New Caledonia,2002,0.37199124726477,12.7043763676149,100.0,,5.3,2.63828074738652,503676.730871096,232236.0
NCL,New Caledonia,2003,0.37199124726477,12.9473741794311,100.0,,4.9,2.60071517539309,597630.483897883,236678.0
NCL,New Caledonia,2004,0.37199124726477,13.1757111597374,100.0,,5.2,2.47381909859576,501481.811000663,240852.0
NCL,New Caledonia,2005,0.37199124726477,13.3687636761488,100.0,,5.1,2.40769408455518,537540.932734903,244381.0
NCL,New Caledonia,2006,0.37199124726477,13.5419584245077,100.0,,4.5,2.58155906536352,630142.715899385,247547.0
NCL,New Caledonia,2007,0.37199124726477,13.7158096280088,100.0,,5.8,2.60962545496013,836111.906228536,250725.0
NCL,New Caledonia,2008,0.37199124726477,13.8853938730853,100.0,,7.8,2.29763951198216,1105782.92187951,253825.0
NCL,New Caledonia,2009,0.37199124726477,14.0727571115974,100.0,,7.0,1.84797014994767,1007671.1090393,257250.0
NCL,New Caledonia,2010,0.37199124726477,14.3097374179431,100.0,,4.8,1.73079909674741,1038398.39364073,261582.0
NCL,New Caledonia,2011,0.355579868708972,14.5811269146608,100.0,,5.9,1.91242109423031,1170654.22488674,266543.0
NCL,New Caledonia,2012,0.328446389496718,14.8595733041575,100.0,,6.2,1.91460020241886,1105943.241178,271633.0
NCL,New Caledonia,2013,0.328227571115974,15.1434354485777,100.0,,6.6,1.91759906310194,1069195.15908853,276822.0
NCL,New Caledonia,2014,0.328227571115974,15.3842450765864,100.0,,4.3,1.6167129726642,1348498.08667504,281224.0
NCL,New Caledonia,2015,0.326586433260394,15.490590809628,100.0,,5.1,0.753751755203352,1119881.39440646,283168.0
NCL,New Caledonia,2016,0.326586433260394,15.5045404814004,100.0,,3.7,0.183201966676737,1171374.68941392,283423.0
NCL,New Caledonia,2017,0.326586433260394,15.5112691466083,100.0,,5.1,0.16022434831677,1571612.8971882,283546.0
NCL,New Caledonia,2018,0.326586433260394,15.5109956236324,100.0,,4.6,0.133149154596671,1225461.75389959,283541.0
NCL,New Caledonia,2019,0.326586433260394,15.5145514223195,100.0,,5.2,0.170256634629223,1153826.05765959,283606.0
NCL,New Caledonia,2020,0.326586433260394,15.5457330415755,100.0,,6.1,0.375221196855923,1199791.07025077,284176.0
NCL,New Caledonia,2021,0.326586433260394,15.6025164113786,100.0,,8.3,0.570087421967196,1241758.09912924,285214.0
NCL,New Caledonia,2022,0.326586433260394,15.7069474835886,100.0,,9.6,0.902443949300778,,287123.0
NZL,New Zealand,1990,1.44316585013862,12.6459306520831,100.0,,28.0,1.19511658200569,0.0,3329800.0
NZL,New Zealand,1991,1.44696365500741,13.2737077968934,100.0,,27.6,5.04084623099649,0.0,3495100.0
NZL,New Zealand,1992,1.47008165280468,13.412707455091,100.0,,25.6,1.19508102411061,0.0,3531700.0
NZL,New Zealand,1993,1.48412327674604,13.5665185522768,100.0,,27.3,1.27840414351646,0.0,3572200.0
NZL,New Zealand,1994,1.48668337700809,13.7480536250047,100.0,,28.2,1.45101757401453,0.0,3620000.0
NZL,New Zealand,1995,1.49689757320269,13.9508564049979,100.0,,28.7,1.57056799115677,0.0,3673400.0
NZL,New Zealand,1996,1.50708860278759,14.1734077703088,100.0,,27.6,1.67405305766005,0.0,3732000.0
NZL,New Zealand,1997,1.5099248034636,14.3606395503399,100.0,,25.9,1.39273889450288,0.0,3781300.0
NZL,New Zealand,1998,1.52038699631613,14.488625574418,100.0,,27.3,0.958536263461291,0.0,3815000.0
NZL,New Zealand,1999,1.53087577380274,14.5649614522806,100.0,,26.4,0.589654467335166,0.0,3835100.0
NZL,New Zealand,2000,1.53385401238084,14.6507918423151,100.0,100.0,26.4,0.646465071137305,0.0,3857700.0
NZL,New Zealand,2001,1.52557821579127,14.7373817933235,100.0,100.0,24.6,0.645918884312257,0.0,3880500.0
NZL,New Zealand,2002,1.52443887433064,14.9956325244009,100.0,100.0,26.6,1.79737288831583,0.0,3948500.0
NZL,New Zealand,2003,1.57608902054612,15.2945197675743,100.0,100.0,25.9,2.03392246675827,0.0,4027200.0
NZL,New Zealand,2004,1.59507804489005,15.5235274011621,100.0,100.0,28.2,1.537229719787,0.0,4087500.0
NZL,New Zealand,2005,1.61406706923398,15.6997455470738,100.0,100.0,26.8,1.16153486718521,0.0,4133900.0
NZL,New Zealand,2006,1.51532414264555,15.8922942539212,100.0,100.0,27.0,1.22570159694795,0.0,4184600.0
NZL,New Zealand,2007,1.6368538984467,16.0411682047776,100.0,100.0,27.0,0.924836867605484,0.0,4223800.0
NZL,New Zealand,2008,1.72040560555999,16.1778891800539,100.0,100.0,26.1,0.831584175676266,0.0,4259800.0
NZL,New Zealand,2009,1.78876609319813,16.340435228438,100.0,100.0,28.5,0.973364962716548,0.0,4302600.0
NZL,New Zealand,2010,1.89510462952414,16.5231096426266,100.0,100.0,29.4,1.07629006305494,0.0,4350700.0
NZL,New Zealand,2011,1.78876609319813,16.6495765447571,100.0,100.0,30.3,0.718108261319417,0.0,4384000.0
NZL,New Zealand,2012,1.93308267821199,16.7411036420949,100.0,100.0,28.8,0.495065675354026,0.0,4408100.0
NZL,New Zealand,2013,2.07739926322586,16.8702290076336,100.0,100.0,28.3,0.687077440519911,0.0,4442100.0
NZL,New Zealand,2014,2.24070487258365,17.1527856898713,100.0,100.0,29.0,1.42698064603296,0.0,4516500.0
NZL,New Zealand,2015,1.81535072727963,17.5056017621815,100.0,100.0,29.3,1.61907852297061,0.0,4609400.0
NZL,New Zealand,2016,2.05461243401314,17.9032319319433,100.0,100.0,30.1,1.70375126840798,0.0,4714100.0
NZL,New Zealand,2017,1.86472219057385,18.2811135163875,100.0,100.0,28.4,1.4713255696799,0.0,4813600.0
NZL,New Zealand,2018,1.96916182446546,18.6115225399719,100.0,100.0,28.9,1.352687483484,0.0,4900600.0
NZL,New Zealand,2019,2.07360145835707,18.8762295393263,100.0,100.0,28.0,1.41605248528615,0.0,4970300.0
NZL,New Zealand,2020,2.00144316585014,19.2639854164293,100.0,100.0,28.7,2.04404689350328,0.0,5072400.0
NZL,New Zealand,2021,2.33944779917208,19.3103186358285,100.0,100.0,28.9,0.259367503756272,0.0,5084600.0
NZL,New Zealand,2022,2.02422999506285,19.299305001709,100.0,100.0,,-0.0274764501451303,,5081700.0
NIC,Nicaragua,1990,10.8027256107695,34.5899867043377,,,68.8,2.71116175166266,0.0,4162559.0
NIC,Nicaragua,1991,10.8027256107695,35.3966843942164,,,70.6,2.67125650113343,0.0,4259637.0
NIC,Nicaragua,1992,10.9689213893967,36.2059664284527,,,67.2,2.61832420621881,0.0,4357026.0
NIC,Nicaragua,1993,11.2182150573375,37.0095728768489,46.9414056753948,,67.7,2.54669681324336,0.0,4453732.0
NIC,Nicaragua,1994,11.2182150573375,37.8038557420642,42.9204401126761,,64.6,2.47040369443963,0.0,4549316.0
NIC,Nicaragua,1995,13.7111517367459,38.5817766328735,43.5050888734957,,64.6,2.37943819374848,0.0,4642931.0
NIC,Nicaragua,1996,13.7111517367459,39.305085590826,44.2115980584033,,63.9,2.1810646033141,0.0,4729974.0
NIC,Nicaragua,1997,14.542130629882,39.9665364799734,44.9319388938515,,62.8,1.9648901035926,0.0,4809573.0
NIC,Nicaragua,1998,14.9576200764501,40.5821422635865,42.6951497621714,,60.5,1.80383558301928,0.0,4883655.0
NIC,Nicaragua,1999,15.3731095230181,41.1668439421639,46.4236168061403,,59.4,1.69058151529519,0.0,4954018.0
NIC,Nicaragua,2000,15.9298653814193,41.7370201096892,47.5,6.2,58.4,1.6259912021866,0.0,5022633.0
NIC,Nicaragua,2001,15.8883164367625,42.2787518697025,47.9,6.5,56.7,1.53593833141004,0.0,5087825.0
NIC,Nicaragua,2002,15.9631045371448,42.7946568057171,48.9,6.7,54.7,1.46050674261321,0.0,5149909.0
NIC,Nicaragua,2003,16.0462024264584,43.3020026591325,49.6,6.8,51.5,1.43289414661771,0.0,5210963.0
NIC,Nicaragua,2004,16.1043709489779,43.8167857736413,50.3,6.9,51.2,1.44815417159132,0.0,5272912.0
NIC,Nicaragua,2005,16.1542296825661,44.391764999169,46.4,7.1,52.8,1.58723478995308,0.0,5342105.0
NIC,Nicaragua,2006,15.5226857237826,45.029541299651,51.7,7.1,53.3,1.72689609187367,0.0,5418855.0
NIC,Nicaragua,2007,14.8745221871364,45.6809290344025,52.4,7.3,52.6,1.74908094067171,0.0,5497243.0
NIC,Nicaragua,2008,14.2263586504903,46.340310786106,53.1,7.4,53.8,1.75624121961121,0.0,5576593.0
NIC,Nicaragua,2009,13.5781951138441,47.0051603789264,51.7,7.7,54.6,1.75567257914583,0.0,5656601.0
NIC,Nicaragua,2010,12.9217217882666,47.676998504238,56.6,7.8,54.4,1.75610846916118,0.0,5737450.0
NIC,Nicaragua,2011,12.4896127638358,48.355085590826,58.2,7.9,53.3,1.75283089633995,0.0,5819051.0
NIC,Nicaragua,2012,12.4896127638358,49.0384493933854,58.2,8.2,53.3,1.74540679957115,0.0,5901287.0
NIC,Nicaragua,2013,12.4896127638358,49.7244889479807,59.3,8.3,54.3,1.73071404388356,0.0,5983845.0
NIC,Nicaragua,2014,12.4896127638358,50.4112680737909,59.3,8.6,53.0,1.71042386973952,0.0,6066492.0
NIC,Nicaragua,2015,12.4896127638358,51.100357320924,61.3,9.0,50.0,1.69158904532006,0.0,6149417.0
NIC,Nicaragua,2016,12.4896127638358,51.7921389396709,62.3,9.1,49.5,1.67174824787883,0.0,6232666.0
NIC,Nicaragua,2017,12.4896127638358,52.4865464517201,63.3,9.4,48.9,1.65005524089225,0.0,6316231.0
NIC,Nicaragua,2018,12.4896127638358,53.1833139438258,64.4,9.7,51.3,1.62613415046516,0.0,6400080.0
NIC,Nicaragua,2019,12.4896127638358,53.8778211733422,65.2,9.8,50.5,1.5919991986924,0.0,6483657.0
NIC,Nicaragua,2020,12.4896127638358,54.5559830480306,65.9,9.8,52.2,1.53062925516481,0.0,6565267.0
NIC,Nicaragua,2021,12.4896127638358,55.2163952135616,66.3,10.1,50.4,1.46637119667116,0.0,6644741.0
NIC,Nicaragua,2022,12.4896127638358,55.9303141100216,66.3,10.4,,1.51576953967382,,6730654.0
NER,Niger,1990,8.7124023052025,6.54145338280572,,,91.4,3.60246273620459,0.0,8286059.0
NER,Niger,1991,9.54606457724797,6.74737506907713,,,92.1,3.54552258867954,0.0,8546900.0
NER,Niger,1992,10.2526249309229,6.9611060235257,,,92.8,3.56630908021207,0.0,8817633.0
NER,Niger,1993,10.2518354780137,7.18464435146443,,,92.0,3.61023728948757,0.0,9100789.0
NER,Niger,1994,10.2510460251046,7.41948211889161,,,92.6,3.66752860979488,0.0,9398258.0
NER,Niger,1995,11.0404989342386,7.66916317991632,0.95044150019798,,93.4,3.76254118916388,0.0,9714529.0
NER,Niger,1996,11.0404989342386,7.92993763322018,1.64365136147956,,91.9,3.43684491317335,0.0,10044852.0
NER,Niger,1997,11.0404989342386,8.19765453540696,,,93.5,3.820078423895,0.0,10383969.0
NER,Niger,1998,11.0397094813294,8.47983974105945,1.01535961099747,,93.1,3.88167035035825,0.0,10741413.0
NER,Niger,1999,11.0397094813294,8.776672455988,1.26439430496694,,93.0,3.93540467079887,0.0,11117411.0
NER,Niger,2000,11.0326044051472,9.08631088655562,,0.3,87.6,3.95953190177354,0.0,11509630.0
NER,Niger,2001,11.0286571406016,9.41078945290913,2.0,0.3,87.7,4.36036130646325,0.0,11920647.0
NER,Niger,2002,11.0207626115102,9.74906765611431,2.3,0.3,87.7,3.53148159440026,0.0,12349144.0
NER,Niger,2003,11.0918133733323,10.1026162469409,2.7,0.3,87.0,3.56228422470428,0.0,12796984.0
NER,Niger,2004,11.1352332833346,10.4727528222942,3.0,0.3,87.0,3.5982380350904,0.0,13265836.0
NER,Niger,2005,11.1494434356991,10.8598657930054,,0.3,87.5,3.62971954924472,0.0,13756192.0
NER,Niger,2006,11.1604957764269,11.2643727796637,2.0,0.3,87.4,3.6500218039751,0.0,14268581.0
NER,Niger,2007,11.7825846688245,11.6867529801847,4.1,0.3,86.2,3.66029214479531,0.0,14803610.0
NER,Niger,2008,11.7786374042788,12.1275084866188,4.5,0.3,86.1,3.66809515493972,0.0,15361915.0
NER,Niger,2009,11.7628483460962,12.5867806110366,4.9,0.3,83.2,3.67060631589823,0.0,15943675.0
NER,Niger,2010,11.9207389279229,13.0645259335281,4.8,0.3,80.7,3.66698368645726,0.0,16548835.0
NER,Niger,2011,12.3154653824899,13.5598665824584,5.5,0.3,77.2,3.65160949291123,0.0,17176283.0
NER,Niger,2012,12.5523012552301,14.0812891766006,5.2,0.3,72.7,3.67354470036037,0.0,17836769.0
NER,Niger,2013,13.2628088734507,14.6205873529644,6.6,0.3,78.7,3.7715111902714,0.0,18519898.0
NER,Niger,2014,13.2628088734507,15.1700552617036,7.3,0.3,78.1,3.86662213149463,0.0,19215909.0
NER,Niger,2015,13.2628088734507,15.741294702771,8.1,0.3,78.9,4.05596230514375,0.0,19939498.0
NER,Niger,2016,13.8154259098445,16.3304278834768,8.8,0.3,80.2,4.20199301063325,0.0,20685753.0
NER,Niger,2017,13.9733164916713,16.9222752032841,9.2,0.3,82.0,4.2524305341869,0.0,21435446.0
NER,Niger,2018,13.9733164916713,17.5164356201153,11.7,0.4,82.0,4.30282962500343,0.0,22188069.0
NER,Niger,2019,13.9733164916713,18.1161735217494,9.7,0.4,80.7,4.372270386451,0.0,22947757.0
NER,Niger,2020,13.9733164916713,18.7239385805637,9.7,0.4,81.9,4.45287264441085,0.0,23717613.0
NER,Niger,2021,13.9733164916713,19.3432857030078,9.1,0.4,79.6,4.54788563715312,0.0,24502140.0
NER,Niger,2022,13.9733164916713,19.9826107207705,7.7,0.5,,4.67862287618617,,25311973.0
NGA,Nigeria,1990,30.8244672090649,106.636060695895,4.04391372536075,,87.8,4.94890813559195,0.0,97120925.0
NGA,Nigeria,1991,31.8411893233198,109.489950261866,14.2529109017222,,86.5,4.83126427870972,0.0,99720162.0
NGA,Nigeria,1992,33.0489585735147,112.402439693885,14.9700471628511,,84.5,4.77050930953388,0.0,102372770.0
NGA,Nigeria,1993,33.0489585735147,115.421093140969,15.6931901780981,,86.3,4.77176815513546,0.0,105122069.0
NGA,Nigeria,1994,34.0371334145833,118.5103966973,16.4231206189389,,88.6,4.74277331675479,0.0,107935714.0
NGA,Nigeria,1995,36.1232803012835,121.676634056897,17.1597683755411,,88.0,4.71694989087159,0.0,110819428.0
NGA,Nigeria,1996,36.3428747104099,124.899567399014,17.9032057830542,,87.1,4.67273270276811,0.0,113754779.0
NGA,Nigeria,1997,36.452671914973,128.193497809546,18.6585470745314,,85.6,4.63892648971122,0.0,116754792.0
NGA,Nigeria,1998,37.3310495514784,131.587836665678,19.4251489051188,,87.2,4.62599052143947,0.0,119846254.0
NGA,Nigeria,1999,38.4290215971101,135.102517649901,24.3267900721401,,87.2,4.62476440510275,0.0,123047320.0
NGA,Nigeria,2000,38.4290215971101,138.764445469218,21.5,0.2,86.0,4.63895812815827,0.0,126382494.0
NGA,Nigeria,2001,39.1438013988164,142.585499083193,21.8,0.2,84.5,4.65625262124468,0.0,129862595.0
NGA,Nigeria,2002,39.1844263645048,146.548512796864,22.1,0.2,84.5,4.65624871631628,0.0,133471989.0
NGA,Nigeria,2003,39.2184634979193,150.64466769876,32.7,0.2,82.9,4.64610639678525,0.0,137202644.0
NGA,Nigeria,2004,39.2535986033796,154.876692249415,22.8,0.3,84.0,4.63422757160918,0.0,141057045.0
NGA,Nigeria,2005,39.2876357367941,159.224889928302,23.1,0.3,83.9,4.60659895850872,541841905.836231,145017253.0
NGA,Nigeria,2006,39.3227708422544,163.682745369303,23.5,0.4,85.8,4.55029614899566,0.0,149077334.0
NGA,Nigeria,2007,39.3568079756689,168.28316808854,25.3,0.4,87.1,4.43378037589133,0.0,153267261.0
NGA,Nigeria,2008,39.3919430811292,173.034919902939,25.6,0.5,85.7,4.42572856446101,0.0,157595014.0
NGA,Nigeria,2009,40.4844252665327,177.925781481603,24.6,0.6,88.1,4.40060797442349,0.0,162049464.0
NGA,Nigeria,2010,39.461115320004,182.969230431393,23.5,0.7,86.0,4.38142318333946,0.0,166642886.0
NGA,Nigeria,2011,39.4951524534185,188.170007795602,31.0,0.8,84.1,4.36285851269691,0.0,171379598.0
NGA,Nigeria,2012,39.5302875588788,193.463360672837,27.0,1.0,83.9,4.30889172724088,0.0,176200625.0
NGA,Nigeria,2013,39.5643246922933,198.787227291193,31.6,1.3,81.4,4.22469191092493,0.0,181049443.0
NGA,Nigeria,2014,39.5994597977536,204.109616039176,27.1,1.7,79.9,4.128274103326,0.0,185896915.0
NGA,Nigeria,2015,39.6334969311681,209.352391932101,25.9,2.1,81.3,3.99897790948703,0.0,190671878.0
NGA,Nigeria,2016,39.6686320366283,214.591719094832,34.0,2.7,81.1,3.91203673452783,0.0,195443700.0
NGA,Nigeria,2017,39.7026691700429,219.873929751749,22.6,3.4,81.6,3.84994080250873,0.0,200254579.0
NGA,Nigeria,2018,39.9881419019072,225.017024056568,31.0,4.2,80.8,3.70903052125504,0.0,204938755.0
NGA,Nigeria,2019,40.4844252665327,230.009377779242,25.5,5.3,80.1,3.57046212517853,0.0,209485641.0
NGA,Nigeria,2020,40.4844252665327,234.961824609945,24.6,6.5,81.8,3.48611159161786,0.0,213996181.0
NGA,Nigeria,2021,40.4844252665327,239.939047179859,26.3,7.6,80.3,3.43228281567284,0.0,218529286.0
NGA,Nigeria,2022,40.4844252665327,245.013445765671,27.0,8.7,,3.40970166456423,,223150896.0
NAC,North America,1990,12.5253219325509,15.3036003986625,100.0,,6.2019882430542,1.43042038237363,,277371697.0
NAC,North America,1991,12.5200258113226,15.508002492082,100.0,,6.45852428000841,1.65884024838545,,281076404.0
NAC,North America,1992,12.4265721888324,15.7213736090455,100.0,,6.71176059634845,1.80171045106073,,284943671.0
NAC,North America,1993,12.3531692057934,15.9265592782055,100.0,,6.25577051874498,1.80979825485864,,288662580.0
NAC,North America,1994,12.3031046636936,16.120951221886,100.0,,6.09935636868088,1.77281514278712,,292185857.0
NAC,North America,1995,12.2976810969222,16.311519799274,100.0,,6.67915757127841,1.75058963248781,,295639837.0
NAC,North America,1996,12.1360003230967,16.5004449752392,100.0,,6.73571549940529,1.71298050768999,,299064031.0
NAC,North America,1997,12.0652456737813,16.6968130724401,100.0,,6.4265356228894,1.70924122821728,,302623125.0
NAC,North America,1998,12.0167811666396,16.8869792686229,100.0,,6.41485329145745,1.60746646068096,,306069812.0
NAC,North America,1999,11.9460265173242,17.0763681236842,100.0,,7.49497472993365,1.51989448634406,,309502410.0
NAC,North America,2000,11.9403026242246,17.2615410984068,100.0,100.0,6.99794051078638,1.41711272273852,,312909691.0
NAC,North America,2001,11.9382394678071,17.4348675310152,100.0,100.0,6.29470806028373,1.29251925910564,,316051677.0
NAC,North America,2002,11.7827414648764,17.6000776497052,100.0,100.0,6.49353145956929,1.24458841254265,,319046534.0
NAC,North America,2003,11.7640558323225,17.7526765317171,100.0,100.0,6.90995667354364,1.16114835558236,,321812780.0
NAC,North America,2004,11.7475084903851,17.917832754583,100.0,100.0,7.1669590453524,1.20998560192757,,324806660.0
NAC,North America,2005,11.729639956036,18.0841751268952,100.0,100.0,7.50163259617031,1.18411893945381,,327822042.0
NAC,North America,2006,11.7160375216438,18.2602548803579,100.0,100.0,7.99064384156515,1.19538805115179,,331013939.0
NAC,North America,2007,11.0700507801269,18.4350805767394,100.0,100.0,7.94211967922515,1.14155148349579,,334183103.0
NAC,North America,2008,11.0565559200807,18.6276912619533,100.0,100.0,8.39672268148695,1.1055785561274,,337404564.0
NAC,North America,2009,11.0325192358399,18.7966631708473,100.0,100.0,8.92392050805303,0.997483575878868,,340465163.0
NAC,North America,2010,11.0094282226353,18.961333874821,100.0,100.0,8.88269795903184,0.907473063894204,,343447854.0
NAC,North America,2011,10.9865356297532,19.1156181527322,100.0,100.0,9.86206424776275,0.817115492464436,,346242415.0
NAC,North America,2012,10.6242666342922,19.27427297778,100.0,100.0,10.0055359347168,0.819183822373683,,349116140.0
NAC,North America,2013,10.6663881605012,19.4263570205461,100.0,100.0,10.3906457230113,0.764543967064176,,351870848.0
NAC,North America,2014,10.7100953378181,19.5855960648071,100.0,100.0,10.4893842157596,0.778991790322424,,354755155.0
NAC,North America,2015,10.7511221845183,19.7417224937758,100.0,100.0,10.3923884465868,0.738700142811514,,357583083.0
NAC,North America,2016,10.7902957831982,19.9042852164603,100.0,100.0,10.724670511025,0.745604811417206,,360527592.0
NAC,North America,2017,10.8174484449456,20.052778591187,100.0,100.0,11.2091690751112,0.649189667827239,,363217262.0
NAC,North America,2018,10.7655085854055,20.1879719521777,100.0,100.0,11.3114262085469,0.555963126996238,,365666028.0
NAC,North America,2019,10.6963163107026,20.3117942386777,100.0,100.0,11.5807525012806,0.469017907553596,,367908829.0
NAC,North America,2020,10.6079359571633,20.4090671793574,100.0,100.0,12.4628823400948,0.357825904804842,,369670740.0
NAC,North America,2021,10.648757416158,20.65124212109,100.0,100.0,,0.239544189698394,,370404272.0
NAC,North America,2022,10.5896710078749,20.7969661757296,100.0,100.0,,0.756539978188341,,373018004.0
MKD,North Macedonia,1990,,,100.0,,2.4,1.12853277557097,,2063689.0
MKD,North Macedonia,1991,,,100.0,,4.4,0.41403954951327,,2055994.0
MKD,North Macedonia,1992,23.8301219032639,79.9261895399135,100.0,,16.0,-0.0684535447658899,,2032523.0
MKD,North Macedonia,1993,23.9480928037751,78.9167911915061,100.0,,14.8,0.0970809450771556,0.0,2006854.0
MKD,North Macedonia,1994,23.9480928037751,78.3588674793551,100.0,,16.6,-0.0505442331563609,0.0,1992666.0
MKD,North Macedonia,1995,23.8301219032639,78.589618560755,100.0,,17.8,0.247020883320698,0.0,1998534.0
MKD,North Macedonia,1996,23.9480928037751,79.1408965788439,100.0,,14.2,0.582876749746968,0.0,2012553.0
MKD,North Macedonia,1997,23.5941801022414,78.5241447109713,100.0,,15.9,-0.938545025861633,0.0,1996869.0
MKD,North Macedonia,1998,23.0829728666929,78.9430987023201,100.0,,15.1,0.156169765306563,0.0,2007523.0
MKD,North Macedonia,1999,23.1222965001966,79.3213527329925,100.0,,17.7,-0.191570778851594,0.0,2017142.0
MKD,North Macedonia,2000,21.8246165945733,79.6834447502949,99.2,36.3,19.4,-0.317740035755735,0.0,2026350.0
MKD,North Macedonia,2001,22.3358238301219,80.0189539913488,99.2,37.0,15.2,-0.261721869426246,0.0,2034882.0
MKD,North Macedonia,2002,19.6224931183641,79.4399134880063,99.2,37.5,14.6,-1.10860420306859,0.0,2020157.0
MKD,North Macedonia,2003,18.5214313802595,79.5408965788439,99.2,38.2,17.3,0.0882327349368274,0.0,2022725.0
MKD,North Macedonia,2004,18.1281950452222,79.283759339363,98.9,38.9,18.2,-0.319271681863634,0.0,2016186.0
MKD,North Macedonia,2005,17.6169878096736,78.8568619740464,99.2,39.6,19.0,-0.525029443088389,0.0,2005330.0
MKD,North Macedonia,2006,17.26307510814,78.4226110892646,100.0,40.4,19.8,-0.520696346836198,0.0,1994287.0
MKD,North Macedonia,2007,17.0828378913991,78.5942528735632,99.3,40.8,15.7,-0.516629135249012,0.0,1982933.0
MKD,North Macedonia,2008,16.8053904082442,78.1408244153785,99.2,41.8,15.6,-0.495242615999186,0.0,1971493.0
MKD,North Macedonia,2009,16.6534496431404,77.6678033306899,99.1,42.7,18.4,-0.528495197784765,0.0,1958782.0
MKD,North Macedonia,2010,16.4155432196669,77.1727993655829,99.6,43.6,22.3,-0.479751731952829,0.0,1946298.0
MKD,North Macedonia,2011,16.4155432196669,76.8199048374306,99.6,44.9,18.6,-0.251641934007798,0.0,1937398.0
MKD,North Macedonia,2012,16.4155432196669,76.5194686756542,99.4,46.1,18.3,-0.132137435044148,0.0,1929821.0
MKD,North Macedonia,2013,16.375892149088,76.2377478191911,99.5,47.8,21.2,-0.0503290706269906,0.0,1922716.0
MKD,North Macedonia,2014,16.3362410785091,76.0331879460745,99.7,49.0,21.2,0.11411383337714,0.0,1917557.0
MKD,North Macedonia,2015,16.4155432196669,75.8298969072165,99.9,50.6,23.9,0.184737218511398,0.0,1912430.0
MKD,North Macedonia,2016,16.4948453608247,75.5873513084853,100.0,51.8,21.4,0.206925349933881,0.0,1906313.0
MKD,North Macedonia,2017,16.5344964314036,75.2837827121332,100.0,53.3,19.0,0.204382287068939,0.0,1898657.0
MKD,North Macedonia,2018,16.5741475019826,74.9028945281523,99.8,55.1,20.9,0.183816376355572,0.0,1889051.0
MKD,North Macedonia,2019,16.6137985725615,74.3957969865186,100.0,56.6,17.0,0.100001371588843,0.0,1876262.0
MKD,North Macedonia,2020,16.4948453608247,73.5973037272006,100.0,57.9,20.0,-0.207678363374453,0.0,1856124.0
MKD,North Macedonia,2021,16.5344964314036,72.8435368754956,100.0,59.7,19.5,-0.174924947685562,0.0,1837114.0
MKD,North Macedonia,2022,16.4948453608247,72.6293417922284,100.0,60.6,,0.140475532258047,,1831712.0
MNP,Northern Mariana Islands,1990,,,100.0,,,4.86526202788956,,43342.0
MNP,Northern Mariana Islands,1991,2.17391304347826,96.5065217391304,100.0,,,2.37050771636909,,44393.0
MNP,Northern Mariana Islands,1992,2.17391304347826,98.2195652173913,100.0,,0.0,1.70778360149173,,45181.0
MNP,Northern Mariana Islands,1993,2.17391304347826,99.895652173913,99.9120910007945,,0.0,1.63540746763334,,45952.0
MNP,Northern Mariana Islands,1994,2.17391304347826,101.586956521739,99.8787024816551,,0.0,1.63059526301538,,46730.0
MNP,Northern Mariana Islands,1995,2.17391304347826,104.730434782609,100.0,,0.0,3.02140630047389,,48176.0
MNP,Northern Mariana Islands,1996,2.17391304347826,112.404347826087,100.0,,0.0,7.11200096529952,,51706.0
MNP,Northern Mariana Islands,1997,2.17391304347826,123.034782608696,100.0,,0.0,9.17083152110685,,56596.0
MNP,Northern Mariana Islands,1998,2.17391304347826,133.341304347826,100.0,,0.0,8.22780083304215,,61337.0
MNP,Northern Mariana Islands,1999,2.17391304347826,143.295652173913,100.0,,0.0,7.38150883215371,,65916.0
MNP,Northern Mariana Islands,2000,2.17391304347826,148.6,100.0,,0.0,3.76978906309813,,68356.0
MNP,Northern Mariana Islands,2001,2.17391304347826,147.791304347826,100.0,,0.0,-0.440704864195003,,67984.0
MNP,Northern Mariana Islands,2002,2.17391304347826,145.169565217391,100.0,,0.0,-1.69129231772326,,66778.0
MNP,Northern Mariana Islands,2003,2.17391304347826,142.219565217391,100.0,,0.0,-1.96014142826873,,65421.0
MNP,Northern Mariana Islands,2004,2.17391304347826,138.995652173913,100.0,,0.0,-2.20649338632098,,63938.0
MNP,Northern Mariana Islands,2005,2.17391304347826,135.552173913043,100.0,,0.0,-2.4243399569462,,62354.0
MNP,Northern Mariana Islands,2006,2.17391304347826,131.917391304348,100.0,,0.0,-2.637160629762,,60682.0
MNP,Northern Mariana Islands,2007,0.543478260869565,128.132608695652,100.0,,0.0,-2.83007319188974,,58941.0
MNP,Northern Mariana Islands,2008,0.543478260869565,124.239130434783,100.0,,0.0,-3.00496192597033,,57150.0
MNP,Northern Mariana Islands,2009,0.543478260869565,120.271739130435,100.0,,0.0,-3.16567000500502,,55325.0
MNP,Northern Mariana Islands,2010,0.543478260869565,117.589130434783,100.0,,0.0,-2.1715943340987,,54091.0
MNP,Northern Mariana Islands,2011,0.543478260869565,116.539130434783,100.0,,0.0,-0.812315675815378,,53608.0
MNP,Northern Mariana Islands,2012,0.543478260869565,115.726086956522,100.0,,0.0,-0.616689519938135,,53234.0
MNP,Northern Mariana Islands,2013,0.543478260869565,114.691304347826,100.0,,0.0,-0.815739513103942,,52758.0
MNP,Northern Mariana Islands,2014,0.543478260869565,113.430434782609,100.0,,0.0,-1.02387120356229,,52178.0
MNP,Northern Mariana Islands,2015,0.543478260869565,111.986956521739,100.0,,0.0,-1.20012427348022,,51514.0
MNP,Northern Mariana Islands,2016,0.543478260869565,110.376086956522,100.0,,0.0,-1.36758292415537,,50773.0
MNP,Northern Mariana Islands,2017,0.543478260869565,108.60652173913,100.0,,0.0,-1.53523453945014,,49959.0
MNP,Northern Mariana Islands,2018,0.173913043478261,106.689130434783,100.0,,0.0,-1.70374655017948,,49077.0
MNP,Northern Mariana Islands,2019,0.173913043478261,104.628260869565,100.0,,0.0,-1.87152315460896,,48129.0
MNP,Northern Mariana Islands,2020,0.173913043478261,103.321739130435,100.0,,0.3,-1.17483358272307,,47528.0
MNP,Northern Mariana Islands,2021,0.173913043478261,102.128260869565,100.0,,0.5,-1.0611647710354,,46979.0
MNP,Northern Mariana Islands,2022,0.173913043478261,100.169565217391,100.0,,0.5,-1.83259473046593,,46078.0
NOR,Norway,1990,2.35459035603597,11.6127109548685,100.0,,59.2,0.581685219670192,0.0,4241473.0
NOR,Norway,1991,2.42851354163244,11.6681779851278,100.0,,60.8,0.867760774143586,0.0,4261732.0
NOR,Norway,1992,2.40387247976695,11.7357191357011,100.0,,61.4,1.25519096797516,0.0,4286401.0
NOR,Norway,1993,2.42303775010678,11.8057818882719,100.0,,61.1,1.35434863757067,0.0,4311991.0
NOR,Norway,1994,2.45315460349794,11.8731943577444,100.0,,60.4,1.17798128330524,0.0,4336613.0
NOR,Norway,1995,2.70230311791569,11.9349914030073,100.0,,60.0,0.884701947932871,0.0,4359184.0
NOR,Norway,1996,2.72420628401835,11.9956412699456,100.0,,57.9,0.885279930762157,0.0,4381336.0
NOR,Norway,1997,2.45589249926077,12.060860684912,100.0,,58.8,1.21709722169707,0.0,4405157.0
NOR,Norway,1998,2.4586303950236,12.1328865087448,100.0,,59.5,1.4328176442236,0.0,4431464.0
NOR,Norway,1999,2.41482406281828,12.2162526968273,100.0,,59.4,1.35866056432634,0.0,4461913.0
NOR,Norway,2000,2.40661037552978,12.2957995203207,100.0,100.0,60.2,1.03580740060554,0.0,4490967.0
NOR,Norway,2001,2.41208616705545,12.358179737381,100.0,100.0,59.6,0.849546869211291,0.0,4513751.0
NOR,Norway,2002,2.40387247976695,12.4250062971603,100.0,100.0,59.5,1.0611020024625,0.0,4538159.0
NOR,Norway,2003,2.38470720942712,12.4980971624448,100.0,100.0,56.2,1.18950430828591,0.0,4564855.0
NOR,Norway,2004,2.37923141790146,12.5721709323083,100.0,100.0,56.9,0.989388182522657,0.0,4591910.0
NOR,Norway,2005,2.36006614756163,12.6580888392417,100.0,100.0,58.6,1.01255097466458,0.0,4623291.0
NOR,Norway,2006,2.3491145645103,12.760447810231,100.0,100.0,57.0,1.14111833830031,0.0,4660677.0
NOR,Norway,2007,2.334329927391,12.89317004523,100.0,100.0,57.4,1.44306702907828,0.0,4709153.0
NOR,Norway,2008,2.31379570916976,13.0548674310872,100.0,100.0,58.5,1.68772524856756,0.0,4768212.0
NOR,Norway,2009,2.28581441447361,13.2205484552792,100.0,100.0,56.7,1.64512336857423,0.0,4828726.0
NOR,Norway,2010,2.26040674179453,13.3862623342204,100.0,100.0,56.0,1.48308645953145,0.0,4889252.0
NOR,Norway,2011,2.239598733997,13.5610386481366,100.0,100.0,56.0,1.38120747657131,0.0,4953088.0
NOR,Norway,2012,2.22289756984372,13.7403297521657,100.0,100.0,56.9,1.53884224098289,0.0,5018573.0
NOR,Norway,2013,2.21237990621023,13.9120886837683,100.0,100.0,56.6,1.81343087916212,0.0,5079623.0
NOR,Norway,2014,2.21353681650361,14.0704449094514,100.0,100.0,55.8,1.92399261307951,0.0,5137232.0
NOR,Norway,2015,2.2101904566573,14.2079384825517,100.0,100.0,56.5,1.76876684854435,0.0,5188607.0
NOR,Norway,2016,2.2049333563342,14.3354243797401,100.0,100.0,57.7,1.42379928970036,0.0,5234519.0
NOR,Norway,2017,2.19512328722102,14.452576255125,100.0,100.0,58.9,1.16205265194033,0.0,5276968.0
NOR,Norway,2018,2.1999244059292,14.5488896436123,100.0,100.0,58.9,0.995324012510003,0.0,5311916.0
NOR,Norway,2019,2.19670002793801,14.6479975020132,100.0,100.0,59.8,0.976584408637111,0.0,5347896.0
NOR,Norway,2020,2.20842746750484,14.7672152298338,100.0,100.0,60.9,0.842290056016846,0.0,5379475.0
NOR,Norway,2021,2.20715403409559,14.8470090866665,100.0,100.0,61.4,0.725996037206213,0.0,5408320.0
NOR,Norway,2022,2.20715403409559,14.9809948664452,100.0,100.0,,1.01305887314651,,5457127.0
OED,OECD members,1990,11.4148496099726,31.5031768778742,98.4986267178983,,7.21226230470798,1.25082418099903,,1107695519.0
OED,OECD members,1991,11.4073063045098,31.8079026910399,98.7757568125091,,7.33502705013867,1.32008019110192,,1118410105.0
OED,OECD members,1992,11.4052995651599,31.9399522339979,97.0402210596427,,7.4671506069542,1.31771456378701,,1129039882.0
OED,OECD members,1993,11.4633873318414,32.1135979882647,97.66082902124,,7.39950792493411,1.28691829524506,,1139203498.0
OED,OECD members,1994,11.4348770120242,32.3835565814755,97.541949935355,,7.21905538938641,1.23618257628192,,1148779736.0
OED,OECD members,1995,11.3432063420086,32.6454171772363,97.5087280058252,,7.53037720554075,1.19603837509255,,1158068699.0
OED,OECD members,1996,11.3320063666508,32.9015002131888,97.8516075189847,,7.49690665302804,1.1869445538327,,1167149370.0
OED,OECD members,1997,11.3400279014469,33.156497590904,97.8948546786762,,7.40490978151864,1.18770776125269,,1176191803.0
OED,OECD members,1998,11.3171209149064,33.4028075949945,97.9014321151095,,7.47897452988038,1.10708385315398,,1184928348.0
OED,OECD members,1999,11.3026049016046,33.6496340327763,98.0739423368373,,7.94488723313608,1.07507680069416,,1193682861.0
OED,OECD members,2000,11.3012979701424,33.8553313965611,98.768693223799,91.1745075199362,7.75334126302278,1.07111736163953,,1202226474.0
OED,OECD members,2001,11.2410418391708,34.1057122222379,98.8634990373965,91.3576241749228,7.39910129078992,1.14893764454255,,1211109104.0
OED,OECD members,2002,11.1049903719799,34.3584288622996,98.6298984614068,91.5257390350424,7.48717816862848,1.25107233817439,,1220101353.0
OED,OECD members,2003,11.0442116812349,34.6089826266917,98.5982990155545,91.6328974822537,7.76822251221727,1.27558926584506,,1229012217.0
OED,OECD members,2004,11.1111842691773,34.8594422262491,98.9368859048687,91.6615656128151,7.99792720526407,1.25418149727624,,1237896576.0
OED,OECD members,2005,11.100353499485,35.1062431900061,99.1971361808749,91.6657917329624,8.2750689008543,1.16919845969586,,1246656490.0
OED,OECD members,2006,10.989542943258,35.362843507418,99.136299542894,91.6655658616007,8.75159229776806,1.10666961112851,,1255746646.0
OED,OECD members,2007,10.5736578199747,35.6156738297013,98.7256026210088,91.658559906571,9.008152485838,1.06605683535989,,1264728255.0
OED,OECD members,2008,10.5879765181162,35.9119658727105,99.0494263840658,91.6468237760214,9.51078406141571,1.11103076810141,,1274711058.0
OED,OECD members,2009,10.6444634163364,36.1719992971992,98.809377569261,91.6306602243684,10.1205121168934,1.01615554213276,,1283973216.0
OED,OECD members,2010,10.5380693078813,36.4164204032083,99.2150319118028,91.6581666878895,10.3743144709912,0.944000353872412,,1292701737.0
OED,OECD members,2011,10.6691114727534,36.612240655594,99.0975283784834,91.7309774851356,10.9046224842115,0.748776472980846,,1299644689.0
OED,OECD members,2012,10.4926903690164,36.8396776301414,99.2111077604258,91.8615149512537,11.3823454495312,0.919123594960993,,1307733583.0
OED,OECD members,2013,10.4761556704995,37.0549984404741,99.276613668832,92.0354480191928,11.877535320146,1.05176861322902,,1315427979.0
OED,OECD members,2014,10.5126787039737,37.2805284515087,99.3173614098823,92.2368537107582,12.1275743053496,1.092089823902,,1323459714.0
OED,OECD members,2015,10.4860791975741,37.5125065390958,99.4353085871501,92.4839807218404,12.2611450949417,1.00345960704882,,1331675197.0
OED,OECD members,2016,10.4560633634849,37.7402639098425,99.5186318372456,92.6356733940941,12.432384629223,0.836052687312991,,1340142055.0
OED,OECD members,2017,10.443507009881,37.9659116421334,99.6914240642553,92.800160385352,12.7954391065077,0.677026627435256,,1348127258.0
OED,OECD members,2018,10.3960702892557,38.2000604347237,99.5066941920851,92.9652305996716,13.2024399046234,0.72263654162108,,1356470975.0
OED,OECD members,2019,10.3360036963991,38.4162625914934,99.696308583823,93.1528976750774,13.6864487000325,0.704582219948951,,1364146219.0
OED,OECD members,2020,10.3173856554313,38.5625521956701,99.6985634758042,93.3211977552388,14.8380363213872,0.486223856331251,,1369310195.0
OED,OECD members,2021,10.3676051825942,38.8255337431259,100.0,93.500644541785,,0.326182256021125,,1371785073.0
OED,OECD members,2022,10.304774565717,39.0414645392003,100.0,93.6415947980738,,0.60896726616455,,1378565677.0
OMN,Oman,1990,0.113085621970921,5.69936672051696,100.0,,0.0,6.29433742695994,187138.6,1763954.0
OMN,Oman,1991,0.113085621970921,5.98214216478191,100.0,,0.0,5.7473830936022,196379.542857143,1851473.0
OMN,Oman,1992,0.113085621970921,6.26248142164782,100.0,,0.0,5.1870138828042,173750.169851396,1938238.0
OMN,Oman,1993,0.0936995153473344,6.53206785137318,100.0,,0.0,4.50237585930364,135126.110785493,2021675.0
OMN,Oman,1994,0.0936995153473344,6.72644264943457,100.0,,0.0,2.96886883790134,161146.206896552,2081834.0
OMN,Oman,1995,0.0904684975767367,6.85146365105008,100.0,,0.0,1.82734726209483,258549.006896552,2120528.0
OMN,Oman,1996,0.0904684975767367,6.9690662358643,100.0,,0.0,1.67742348875084,274781.517241379,2156926.0
OMN,Oman,1997,0.0936995153473344,7.07825525040388,100.0,,0.0,1.52292993869788,289175.434482759,2190720.0
OMN,Oman,1998,0.10016155088853,7.180901453958,100.0,,0.0,1.40372124538232,421784.0,2222489.0
OMN,Oman,1999,0.10016155088853,7.27918901453958,100.0,,0.0,1.32216169677053,186711.545890281,2252909.0
OMN,Oman,2000,0.10016155088853,7.37360581583199,100.0,100.0,0.0,1.25310389188049,190037.065967647,2282131.0
OMN,Oman,2001,0.10016155088853,7.464352180937,100.0,100.0,0.0,1.19227266243229,219430.707692308,2310217.0
OMN,Oman,2002,0.10016155088853,7.5513408723748,100.0,100.0,0.0,1.1353876331802,252748.65,2337140.0
OMN,Oman,2003,0.10016155088853,7.63746688206785,100.0,100.0,0.0,1.12193108693279,372618.412204293,2363796.0
OMN,Oman,2004,0.0936995153473344,7.77001938610662,100.0,100.0,0.0,1.79091338469577,374925.143869366,2404821.0
OMN,Oman,2005,0.0904684975767367,7.94766397415186,100.0,100.0,0.0,2.69973395192653,383570.566374199,2459802.0
OMN,Oman,2006,0.0840064620355412,8.12534733441034,100.0,100.0,0.0,2.95177321987888,483862.18686149,2514795.0
OMN,Oman,2007,0.0904684975767367,8.30427786752827,100.0,100.0,0.0,3.10757727747471,461010.641630009,2570174.0
OMN,Oman,2008,0.0969305331179321,8.48636187399031,100.0,100.0,0.0,3.17642901371074,834969.528643523,2626529.0
OMN,Oman,2009,0.119547657512116,8.67418093699515,100.0,100.0,0.0,3.1679766726124,838946.438004804,2684659.0
OMN,Oman,2010,0.110823909531502,8.90935702746365,100.0,100.0,0.0,3.5090079039168,1035795.71307182,2757446.0
OMN,Oman,2011,0.119224555735057,9.94107592891761,100.0,100.0,0.0,11.6211511480374,1223338.53697962,3076763.0
OMN,Oman,2012,0.108885298869144,11.4607625201939,100.0,100.0,0.0,14.7916006064484,1443856.98245503,3547106.0
OMN,Oman,2013,0.121809369951535,12.3874410339257,100.0,100.0,0.0,8.30398593296801,1231339.34016879,3833913.0
OMN,Oman,2014,0.121163166397415,12.9319515347334,100.0,100.0,0.0,4.82055157496812,2029240.04291836,4002439.0
OMN,Oman,2015,0.168529886914378,13.5214701130856,100.0,100.0,0.0,4.99381692676548,1893209.71627351,4184895.0
OMN,Oman,2016,0.181292407108239,14.1870016155089,100.0,100.0,0.0,5.38467158035575,1505747.22566345,4390877.0
OMN,Oman,2017,0.223909531502423,14.6604071082391,100.0,100.0,0.0,4.00275726635581,1907137.61682741,4537396.0
OMN,Oman,2018,0.247689822294023,14.8558222940226,100.0,100.0,0.0,2.15239943028023,994206.428868772,4597877.0
OMN,Oman,2019,0.247689822294023,14.8343812600969,100.0,100.0,0.0,0.628142527409911,1371652.50919643,4591241.0
OMN,Oman,2020,0.251534733441034,14.612268174475,100.0,100.0,0.1,-0.95768120291942,1285112.19583879,4522497.0
OMN,Oman,2021,0.241227786752827,14.5409499192246,100.0,100.0,0.1,-0.356443552856967,1195255.3269661,4500424.0
OMN,Oman,2022,0.266914378029079,15.2834442649435,100.0,100.0,,4.83989450425644,,4730226.0
OSS,Other small states,1990,3.94524462633515,39.4670259400055,,,23.8860747877954,2.52040445113993,,8949306.0
OSS,Other small states,1991,4.00081145205818,40.2686920627641,,,23.4395771766311,2.31866529578294,,9131087.0
OSS,Other small states,1992,7.50007430966323,34.1879811550694,,,28.168347639485,0.74395654411158,,9201490.0
OSS,Other small states,1993,7.32953363255358,34.3648976012841,,,29.3073690109274,0.43173234755605,,9249106.0
OSS,Other small states,1994,7.07571094611034,35.5737679285793,,,30.5070840197694,0.940545323984383,,9328189.0
OSS,Other small states,1995,6.80761647617849,35.8091762292112,,,33.4118737890949,0.758186741713761,,9389918.0
OSS,Other small states,1996,6.85681162073213,36.2027869621426,,,33.2301717305152,1.09243966942585,,9493131.0
OSS,Other small states,1997,6.86482013263621,36.6821230946415,,,33.0027671022291,1.36894966167636,,9618823.0
OSS,Other small states,1998,6.84956582424749,37.1682740894131,,,33.5170586714913,1.42366563927252,,9746302.0
OSS,Other small states,1999,6.71990420294332,37.2148683743865,,,34.2259154203198,1.04954570479813,,9758520.0
OSS,Other small states,2000,6.65621746542039,37.3282002585605,51.8799354066774,39.9458306192839,34.8842401021711,1.15051417099372,,9788238.0
OSS,Other small states,2001,6.03918069109644,37.9896308838728,55.2473660560831,40.3787689004112,34.4060049627792,1.72975779458649,,9961679.0
OSS,Other small states,2002,5.80350162649063,38.6549284763615,53.3142559291855,40.8553098031236,34.8973229496228,1.72811683153263,,10136134.0
OSS,Other small states,2003,5.58727180508045,39.1637473733988,55.3045300965597,41.6930802259155,34.679399243141,1.43975191373125,,10269557.0
OSS,Other small states,2004,5.52971159677283,39.8063199993859,57.6431257657348,42.6883457531735,34.4053686635945,1.23822261508315,,10371059.0
OSS,Other small states,2005,5.86862568991855,40.2238598592144,59.82469359576,43.6382716680558,34.9750106337729,1.29281916811704,,10479844.0
OSS,Other small states,2006,5.99843788779071,38.692760266873,60.0324604744345,44.5695259642898,33.1250047938639,1.40951584105073,,10601352.0
OSS,Other small states,2007,6.04807509817948,39.1636312539235,62.9165287717633,45.4734041635452,34.3738268461259,1.52430887772201,,10730365.0
OSS,Other small states,2008,5.80755361548681,39.6464078718776,64.271552089331,46.276613371919,36.1920582047686,1.56659667261333,,10862640.0
OSS,Other small states,2009,5.81412324627356,40.1096653868053,64.6505849526386,47.0914768488877,39.4830543154762,1.4538429803984,,10989567.0
OSS,Other small states,2010,5.97719608158021,40.5582215279501,66.4394669696335,47.81873897647,40.1984612532443,1.29510152783488,,11112466.0
OSS,Other small states,2011,5.91891003997007,40.9783139566717,70.9277452056969,48.4782654059673,40.4458062116422,1.15521376133471,,11226214.0
OSS,Other small states,2012,5.86570787173076,41.4158602690223,72.4936474044331,49.1474789192108,40.7171691176471,1.22546324138175,,11346082.0
OSS,Other small states,2013,5.28205501118039,41.6913810969513,73.6858246556999,49.8238353614881,41.1903048108704,1.23466849004104,,11466589.0
OSS,Other small states,2014,5.3437926082135,42.1444543421746,76.0052166880777,50.4538956442377,41.5939404934688,1.30964815343226,,11591200.0
OSS,Other small states,2015,5.4876106677332,42.6214772665297,77.7630570514612,50.9794407665908,42.5760198652004,1.40822716938267,,11722398.0
OSS,Other small states,2016,5.50168689240971,43.0881692127593,80.3610255995561,51.4718649465159,42.1565383945673,1.40385013146144,,11851918.0
OSS,Other small states,2017,5.47978435675179,43.702265785042,86.1601280646885,51.8698941766334,41.4366535230585,1.50562529290507,,11989367.0
OSS,Other small states,2018,5.51680864839698,44.1414058010025,84.9096726693698,52.2179856896637,42.3626099950191,1.5975675442266,,12135267.0
OSS,Other small states,2019,5.50709811652929,44.6748012134527,87.4522456955098,52.5451569156471,42.3904707420726,1.61194549914318,,12281907.0
OSS,Other small states,2020,5.50988367440473,45.1674062811457,89.2754052917926,52.7367484659565,45.4042214532872,1.44343554252625,,12417333.0
OSS,Other small states,2021,5.45486435955449,45.6204722862817,91.1836017013136,53.0137545955618,,1.29368994066994,,12541889.0
OSS,Other small states,2022,5.47216422091103,46.1953342694381,91.6434863522501,53.2480552643395,,1.64393585167176,,12699005.0
PSS,Pacific island small states,1990,3.6299952236905,28.2470092268533,,,52.8208333333333,2.87696580220343,,1775607.0
PSS,Pacific island small states,1991,3.77708495713172,28.061230529595,,,51.4216129032258,2.84412677250012,,1801531.0
PSS,Pacific island small states,1992,3.65549493374903,28.4640965732087,,,47.1143250688705,2.76325477987074,,1827395.0
PSS,Pacific island small states,1993,3.56508183943882,28.8652336448598,,,47.6801075268817,2.63771866092351,,1853148.0
PSS,Pacific island small states,1994,3.4746687451286,29.252445482866,,,50.3763358778626,2.45090072966596,,1878007.0
PSS,Pacific island small states,1995,3.32190179267342,29.6227725856698,,,47.1890625,2.19616343346311,,1901782.0
PSS,Pacific island small states,1996,3.23148869836321,30.0053271028037,,,46.7028277634961,2.02463028041556,,1926342.0
PSS,Pacific island small states,1997,3.12548713951676,30.4461370716511,,,43.2370572207084,2.17209539088129,,1954642.0
PSS,Pacific island small states,1998,3.05066250974279,30.9168068535826,,,39.6826086956522,2.27010638372052,,1984859.0
PSS,Pacific island small states,1999,2.99610288386594,31.3752180685358,41.0537053171069,,44.8256476683938,2.19155490228166,,2014289.0
PSS,Pacific island small states,2000,2.86983632112237,31.8111214953271,54.6832970850153,7.04743051624188,43.3202099737533,2.08201382787374,,2042274.0
PSS,Pacific island small states,2001,2.7950116913484,32.2289252336449,56.1041355188118,7.34853181468844,38.2140664961637,1.95174436868058,,2069097.0
PSS,Pacific island small states,2002,2.68901013250195,32.6366510903427,42.3734653443575,7.67037331046413,41.8976,1.90630852588673,,2095273.0
PSS,Pacific island small states,2003,2.61418550272798,33.0310280373832,43.8783043461514,7.874892238325,37.7193798449612,1.84956534016766,,2120592.0
PSS,Pacific island small states,2004,2.52377240841777,33.4190809968847,45.1074483162316,8.26119406481899,35.0321596244131,1.82046042571989,,2145505.0
PSS,Pacific island small states,2005,2.43335931410756,33.8010747663551,47.3252118554655,8.6004809710981,37.4314960629921,1.79114961850414,,2170029.0
PSS,Pacific island small states,2006,2.3335931410756,34.1785825545171,46.1665774440234,8.95380160899035,36.3674816625917,1.81663202927967,,2194265.0
PSS,Pacific island small states,2007,2.25253312548714,34.5518691588785,68.6983952371328,9.23698491919637,34.2550368550369,1.92556019042362,,2218230.0
PSS,Pacific island small states,2008,2.16212003117693,34.902476635514,53.6432166415696,9.62095219299231,36.9616666666667,1.91170761476078,,2240739.0
PSS,Pacific island small states,2009,2.03429462197973,35.2407476635514,49.8802438783922,9.9878532785974,34.7113372093023,1.86587419017676,,2262456.0
PSS,Pacific island small states,2010,2.13561964146532,35.6604205607477,60.4618512519708,10.4191640013357,29.6785326086957,1.98340298081029,,2289399.0
PSS,Pacific island small states,2011,2.21979734996103,36.1510747663551,61.8889874948468,10.8100294764326,31.4028947368421,1.92588115351303,,2320899.0
PSS,Pacific island small states,2012,2.35074045206547,36.6343302180685,63.3594568080637,11.3469557195572,31.2037135278515,1.89085122725678,,2351924.0
PSS,Pacific island small states,2013,2.43491816056118,37.1173052959502,61.9703773862086,11.848188711973,31.0864532019704,1.90538423687244,,2382931.0
PSS,Pacific island small states,2014,2.55027279812938,37.6065109034268,67.5806929093272,12.3531987415488,31.2214953271028,1.94287815993022,,2414338.0
PSS,Pacific island small states,2015,2.65720966484801,38.0995171339564,70.8689904221609,12.8900561751649,31.3321759259259,1.98502433521431,,2445989.0
PSS,Pacific island small states,2016,2.57459080280592,38.5949221183801,71.9696460816672,13.5351373507546,28.8504854368932,2.03393181605711,,2477794.0
PSS,Pacific island small states,2017,2.49391575663026,39.1270303975058,76.0764101524215,14.0533353602285,28.9891402714932,2.05120662706943,,2509999.0
PSS,Pacific island small states,2018,2.41107644305772,39.626017147311,76.5813064460323,14.6424963462674,27.3537444933921,1.85499050079489,,2542009.0
PSS,Pacific island small states,2019,2.41638065522621,40.0414029618083,79.2326636844663,15.2617255221735,27.3889848812095,1.65024699979478,,2568656.0
PSS,Pacific island small states,2020,2.43198127925117,40.460202650039,81.8032144370647,15.8855876876949,29.425845410628,1.49774776822761,,2595522.0
PSS,Pacific island small states,2021,2.43198127925117,40.9274045206547,80.4202449672094,16.4839039442215,,1.67253080694572,,2625493.0
PSS,Pacific island small states,2022,2.43198127925117,41.4037256430242,80.3146497628118,16.9476061185468,,1.87177968731453,,2656049.0
PAK,Pakistan,1990,38.5922581984226,150.679192611042,,,57.5,4.13224025499851,127402860.72244,116155576.0
PAK,Pakistan,1991,38.6700913242009,155.744611353259,,,58.1,4.0774917957967,122356913.124503,120060406.0
PAK,Pakistan,1992,38.8127853881278,160.267289331673,,,56.0,3.61712943084346,128961471.97414,123546848.0
PAK,Pakistan,1993,39.2149232046492,164.772879047323,,,54.1,3.51230521759009,115628754.447824,127020117.0
PAK,Pakistan,1994,39.2408675799087,169.608866490245,,,54.2,3.61931108548549,98345243.1828203,130748083.0
PAK,Pakistan,1995,39.5132835201328,174.58262375467,,,53.1,3.60529583866797,116458148.192794,134582253.0
PAK,Pakistan,1996,39.6300332088003,179.738859485264,,,52.2,3.6155614484273,136933711.834363,138557092.0
PAK,Pakistan,1997,40.2656704026567,184.894930469074,,,51.9,3.52449414931195,133566930.075386,142531804.0
PAK,Pakistan,1998,40.3694479036945,190.07154939809,59.4976357161201,,51.6,3.44613961665403,134245751.363003,146522356.0
PAK,Pakistan,1999,40.3564757160648,195.316232098381,58.9596319295845,,50.2,3.37773531498271,151899559.207799,150565377.0
PAK,Pakistan,2000,40.2656704026567,200.912109537152,62.6,4.3,51.0,3.44205037794817,138808393.363705,154879127.0
PAK,Pakistan,2001,40.6029472810295,206.609208955998,63.9,4.8,51.5,3.3827115633292,137429249.889404,159270907.0
PAK,Pakistan,2002,40.4991697799917,211.735353102947,65.3,5.4,51.4,3.01207726127683,143919656.012005,163222549.0
PAK,Pakistan,2003,40.4602532171025,216.778549190536,66.7,5.9,50.1,2.8952357426091,134072370.926763,167110248.0
PAK,Pakistan,2004,39.318700705687,222.195413034454,68.0,6.4,47.9,2.99464975343955,92018448.7003408,171286000.0
PAK,Pakistan,2005,39.1370900788709,227.601198630137,69.4,7.0,48.0,2.92065745758564,97828999.5513682,175453212.0
PAK,Pakistan,2006,39.3316728933167,233.087756849315,70.8,7.6,47.0,2.89418874039467,107497859.034223,179682690.0
PAK,Pakistan,2007,39.1500622665006,239.328080894562,72.2,8.4,44.9,3.15438837356383,122682597.652667,184493231.0
PAK,Pakistan,2008,38.2160647571606,245.821804950187,73.7,9.1,46.6,3.19446559751646,50189783.7416275,189499113.0
PAK,Pakistan,2009,38.1641760066418,252.148886986301,75.2,10.0,46.4,3.06821822995951,0.0,194376534.0
PAK,Pakistan,2010,38.1252594437526,258.456630085098,82.1,11.0,47.4,3.01195335170423,0.0,199239047.0
PAK,Pakistan,2011,39.0462847654628,264.303218399751,82.9,11.9,46.8,2.7967172794014,0.0,203746065.0
PAK,Pakistan,2012,39.227895392279,269.389691002491,83.8,13.1,47.2,2.48903688358268,0.0,207667125.0
PAK,Pakistan,2013,39.5262557077626,273.809124636779,84.8,14.2,48.1,2.23733214198112,0.0,211073978.0
PAK,Pakistan,2014,39.4873391448734,277.948120330012,85.8,15.6,47.2,2.14181276581701,0.0,214264647.0
PAK,Pakistan,2015,39.4354503943545,281.873810450394,86.9,17.0,45.9,2.07934322942295,0.0,217290883.0
PAK,Pakistan,2016,40.2008094645081,285.568271326276,88.0,18.7,43.7,2.01818267622495,0.0,220138869.0
PAK,Pakistan,2017,40.486197592362,289.635179275633,89.1,20.3,42.1,2.17293585171018,0.0,223273967.0
PAK,Pakistan,2018,40.4213366542134,294.376416562889,90.1,22.1,43.4,2.47827889256294,115474882.258956,226928892.0
PAK,Pakistan,2019,39.6040888335409,299.399256693649,90.7,24.15,45.9,2.67028884110817,260242937.000536,230800899.0
PAK,Pakistan,2020,40.1229763387298,304.848674242424,91.5,26.3,42.7,2.87283470582816,434554464.159115,235001746.0
PAK,Pakistan,2021,39.2797841427978,310.65509677252,91.9,28.6,41.6,3.0143416884213,448133718.446501,239477801.0
PAK,Pakistan,2022,39.2149232046492,316.133077781237,93.0,30.7,,2.90308730661146,,243700667.0
PLW,Palau,1990,,,92.1819540100031,,,2.53903111563353,,15259.0
PLW,Palau,1991,0.652173913043478,33.9434782608696,92.3415211656578,,,2.89821511040702,,15614.0
PLW,Palau,1992,0.652173913043478,34.7586956521739,92.5027389396588,,0.0,3.05663249849266,,15989.0
PLW,Palau,1993,0.652173913043478,35.5913043478261,92.6730338238111,,0.0,3.0004437544269,,16372.0
PLW,Palau,1994,0.652173913043478,36.4565217391304,92.8564389846461,,0.0,2.89629145186153,,16770.0
PLW,Palau,1995,0.652173913043478,37.3804347826087,93.0606651306152,,0.0,2.73333559797168,,17195.0
PLW,Palau,1996,0.652173913043478,38.3782608695652,93.3870561723664,,0.0,2.43031193638218,,17654.0
PLW,Palau,1997,0.652173913043478,39.3652173913043,93.7603727005485,,0.0,1.85890670955183,,18108.0
PLW,Palau,1998,0.652173913043478,40.2695652173913,94.1605983784558,,0.0,1.42571762553272,,18524.0
PLW,Palau,1999,0.652173913043478,41.0891304347826,94.5880103529061,,0.0,1.32978650419607,,18901.0
PLW,Palau,2000,0.652173913043478,41.6913043478261,95.4,100.0,0.0,1.3123349967297,,19178.0
PLW,Palau,2001,0.652173913043478,42.0695652173913,95.6,100.0,0.0,2.2522807149554,,19352.0
PLW,Palau,2002,0.652173913043478,42.3978260869565,95.8,100.0,0.0,3.36402232710938,,19503.0
PLW,Palau,2003,0.652173913043478,42.7369565217391,96.0,100.0,0.0,3.74018292607931,,19659.0
PLW,Palau,2004,0.652173913043478,43.0869565217391,96.1,100.0,0.0,3.32849622148427,,19820.0
PLW,Palau,2005,0.652173913043478,43.0847826086957,97.0,100.0,0.0,1.46112345492419,,19819.0
PLW,Palau,2006,0.652173913043478,42.5934782608696,96.3,100.0,0.0,-0.201842696387155,,19593.0
PLW,Palau,2007,0.652173913043478,41.9608695652174,96.4,100.0,0.0,-0.594870196775131,,19302.0
PLW,Palau,2008,0.652173913043478,41.3239130434783,96.6,100.0,0.0,-0.717226302079891,,19009.0
PLW,Palau,2009,0.652173913043478,40.6717391304348,96.7,100.0,0.0,-0.895498671064957,,18709.0
PLW,Palau,2010,0.652173913043478,39.9913043478261,96.9,100.0,0.0,-1.13245422398795,,18396.0
PLW,Palau,2011,0.652173913043478,39.3,97.1,100.0,0.0,-1.35696498347147,,18078.0
PLW,Palau,2012,0.652173913043478,38.6195652173913,94.9,100.0,0.0,-1.56280073034279,,17765.0
PLW,Palau,2013,0.652173913043478,38.3652173913043,97.6,100.0,0.0,-0.72423714890755,,17648.0
PLW,Palau,2014,0.652173913043478,38.5108695652174,99.2,100.0,0.3,-0.0419433770567055,,17715.0
PLW,Palau,2015,0.652173913043478,38.6304347826087,98.3,100.0,0.4,-0.118935194346785,,17770.0
PLW,Palau,2016,0.652173913043478,38.6891304347826,100.0,100.0,0.6,-0.196202151091253,,17797.0
PLW,Palau,2017,0.652173913043478,38.7217391304348,100.0,100.0,0.6,-0.26689157575865,,17812.0
PLW,Palau,2018,0.652173913043478,38.7260869565217,100.0,100.0,0.6,-0.338147557150401,,17814.0
PLW,Palau,2019,0.652173913043478,38.6913043478261,100.0,100.0,0.9,-0.431385697801074,,17798.0
PLW,Palau,2020,0.652173913043478,38.6782608695652,100.0,100.0,0.9,-0.283889473842498,,17792.0
PLW,Palau,2021,0.652173913043478,38.6586956521739,100.0,100.0,0.9,-0.0426530183476494,,17783.0
PLW,Palau,2022,0.652173913043478,38.6065217391304,100.0,100.0,0.9,-0.0995945163066417,,17759.0
PAN,Panama,1990,6.71240247511434,33.0317863868711,40.523859320897,,43.0,3.13888862156042,0.0,2455583.0
PAN,Panama,1991,6.71240247511434,33.7404492870595,46.4085689366143,,40.7,3.33389731153511,0.0,2508265.0
PAN,Panama,1992,6.7258541834813,34.4543449018025,47.060066908774,,39.7,3.56810110994201,0.0,2561336.0
PAN,Panama,1993,6.7258541834813,35.1775490987355,47.7378572222039,,39.9,3.72220239592024,0.0,2615099.0
PAN,Panama,1994,6.7258541834813,35.9099542641916,48.4429413168637,,37.8,3.79484098416818,0.0,2669546.0
PAN,Panama,1995,6.7258541834813,36.6499461931665,49.1833288593948,,34.8,3.78704310315283,0.0,2724557.0
PAN,Panama,1996,6.7258541834813,37.3988027979553,49.9621872904785,,36.8,3.71170430452524,0.0,2780227.0
PAN,Panama,1997,6.86037126715093,38.158393866021,50.7913770595687,,36.5,3.57492814155299,0.0,2836695.0
PAN,Panama,1998,6.99488835082055,38.9280871670702,51.6731594202188,,31.4,3.37361961046317,0.0,2893914.0
PAN,Panama,1999,7.12940543449018,39.7070486951843,52.6144851966948,,33.7,3.11038742613052,0.0,2951822.0
PAN,Panama,2000,7.37153618509551,40.4946058649448,55.4,100.0,27.7,2.79543585476949,0.0,3010369.0
PAN,Panama,2001,7.37153618509551,41.2905165456013,55.3,100.0,24.0,2.61471057575401,0.0,3069537.0
PAN,Panama,2002,7.37153618509551,42.0950228679042,56.6,100.0,28.7,2.5652695065221,0.0,3129344.0
PAN,Panama,2003,7.37153618509551,42.9083535108959,71.5,100.0,27.4,2.50674245536469,0.0,3189807.0
PAN,Panama,2004,7.37153618509551,43.7335889157923,59.3,100.0,28.2,2.45132445059537,0.0,3251155.0
PAN,Panama,2005,7.37153618509551,44.5658595641646,60.7,100.0,22.8,2.38084578349203,0.0,3313026.0
PAN,Panama,2006,7.26392251815981,45.3998385794996,62.1,100.0,22.1,2.2950952183759,0.0,3375024.0
PAN,Panama,2007,7.26392251815981,46.2401129943503,63.5,100.0,22.8,2.21636013582895,0.0,3437490.0
PAN,Panama,2008,7.26392251815981,47.0896959913909,65.0,100.0,23.4,2.14035960942254,0.0,3500648.0
PAN,Panama,2009,7.26392251815981,47.9470137207425,66.5,100.0,20.4,2.05725639362596,0.0,3564381.0
PAN,Panama,2010,7.65254237288136,48.8099946193167,64.7,100.0,20.6,1.96769994728309,0.0,3628535.0
PAN,Panama,2011,7.60021522733387,49.6839521119182,69.6,100.0,19.7,1.92370554522609,0.0,3693505.0
PAN,Panama,2012,7.60021522733387,50.5684153887544,71.1,100.0,21.2,1.90748691069567,0.0,3759256.0
PAN,Panama,2013,7.60021522733387,51.4572101156847,71.2,100.0,20.7,1.87710060246702,0.0,3825329.0
PAN,Panama,2014,7.62277388019428,52.5108067997841,74.5,100.0,19.8,1.85601810982246,0.0,3892101.0
PAN,Panama,2015,7.62277388019428,53.4273475445224,76.3,100.0,22.0,1.8458223584489,0.0,3960035.0
PAN,Panama,2016,7.62277388019428,54.3589584457636,78.1,100.0,22.1,1.83306691290415,0.0,4029086.0
PAN,Panama,2017,7.62277388019428,55.298259579061,100.0,100.0,23.6,1.80556924686943,0.0,4098707.0
PAN,Panama,2018,7.61660825020221,56.1857643569695,,100.0,24.5,1.75251611446557,0.0,4167860.0
PAN,Panama,2019,7.61660825020221,57.0868158533297,,100.0,19.0,1.65648692550072,0.0,4234700.0
PAN,Panama,2020,7.61660825020221,57.87626044756,85.6,100.0,28.5,1.42406691264808,0.0,4293261.0
PAN,Panama,2021,7.61660825020221,58.5791992450795,,100.0,28.0,1.24208677159936,0.0,4345405.0
PAN,Panama,2022,7.61660825020221,59.3255998921542,100.0,100.0,,1.28420682745571,,4400773.0
PNG,Papua New Guinea,1990,0.423972088504174,8.60416243430641,,,71.7,3.07615917013518,137074925.006768,3896481.0
PNG,Papua New Guinea,1991,0.423972088504174,8.88097204434041,,,71.7,2.81766725837958,148852530.747918,4021837.0
PNG,Papua New Guinea,1992,0.423972088504174,9.20085456874089,,,71.6,2.5376672164056,165090758.894913,4166699.0
PNG,Papua New Guinea,1993,0.426180276465133,9.54129753124586,,,71.2,2.1192394121323,203416994.295466,4320872.0
PNG,Papua New Guinea,1994,0.426180276465133,9.89314136819326,,,69.4,1.73164832502999,246959361.526234,4480208.0
PNG,Papua New Guinea,1995,0.428388464426092,10.2554387669478,,,70.7,1.47547277076936,278845722.617736,4644278.0
PNG,Papua New Guinea,1996,0.430596652387051,10.6288058119507,2.58825841206037,,69.9,1.37755680529658,283835465.554017,4813361.0
PNG,Papua New Guinea,1997,0.43501302830897,11.0141831912732,,,68.7,1.45380943843455,229829960.767533,4987883.0
PNG,Papua New Guinea,1998,0.439429404230888,11.4083601996202,,,67.7,1.68134127129139,205002788.322589,5166390.0
PNG,Papua New Guinea,1999,0.448262156074725,11.812332729762,,,68.7,2.111554094775,154428453.696292,5349333.0
PNG,Papua New Guinea,2000,0.452678531996644,12.2268780638608,4.4,0.1,66.4,2.74929169087722,127437493.412542,5537064.0
PNG,Papua New Guinea,2001,0.46371947180144,12.6494612021375,4.8,0.2,63.4,3.121661119301,121377107.420345,5728435.0
PNG,Papua New Guinea,2002,0.485801351411032,13.0813121052864,5.2,0.3,62.5,3.10380371173376,147866306.089154,5924003.0
PNG,Papua New Guinea,2003,0.496842291215828,13.5229364483505,5.6,0.4,60.4,3.08841237402836,211994723.614572,6123997.0
PNG,Papua New Guinea,2004,0.507883231020624,13.9735039526565,6.0,0.5,57.5,3.0683116872367,168032228.192433,6328041.0
PNG,Papua New Guinea,2005,0.529965110630217,14.4325067349733,6.5,0.7,58.6,3.04639982941645,173601037.280584,6535905.0
PNG,Papua New Guinea,2006,0.569712493927483,14.9002340679239,5.0,1.0,58.9,3.02903768562542,247888666.744896,6747720.0
PNG,Papua New Guinea,2007,0.580753433732279,15.3763745970057,7.4,1.3,57.1,3.01129869847718,343377084.895656,6963345.0
PNG,Papua New Guinea,2008,0.651415448482975,15.8614185399461,7.9,1.6,56.9,2.99921862693439,464570494.890315,7183002.0
PNG,Papua New Guinea,2009,0.662456388287771,16.354807225191,9.3,2.1,56.0,2.98528687928918,401476591.493153,7406438.0
PNG,Papua New Guinea,2010,0.662456388287771,16.8562535883054,11.8,2.4,55.2,2.97201915518495,551745207.727502,7633523.0
PNG,Papua New Guinea,2011,0.662456388287771,17.3549132182131,9.5,2.9,54.7,2.89856657419513,567727797.646904,7859346.0
PNG,Papua New Guinea,2012,0.662456388287771,17.8452281058164,9.9,3.3,55.5,2.89661999715007,518651664.158185,8081390.0
PNG,Papua New Guinea,2013,0.662456388287771,18.3339177670803,10.3,3.6,58.3,3.03816094722398,532027975.872206,8302698.0
PNG,Papua New Guinea,2014,0.69557920770216,18.8213598021464,10.8,3.9,56.9,3.18445028429797,731791083.59863,8523441.0
PNG,Papua New Guinea,2015,0.706620147506956,19.306730556905,11.3,4.3,55.3,3.32359250675592,524400310.85877,8743246.0
PNG,Papua New Guinea,2016,0.719869275272711,19.7891577971117,5.6,4.55,54.8,3.45473297970882,536033986.519805,8961718.0
PNG,Papua New Guinea,2017,0.728702027116548,20.268325751888,12.3,4.6,54.7,3.57961195784636,680166860.65841,9178714.0
PNG,Papua New Guinea,2018,0.728702027116548,20.744850505675,10.5,5.0,53.4,3.70141322589223,556766342.694786,9394513.0
PNG,Papua New Guinea,2019,0.728702027116548,21.2185001987369,17.1,5.2,53.2,3.81511723539938,512738717.387402,9609010.0
PNG,Papua New Guinea,2020,0.728702027116548,21.6750121450338,13.6,5.4,53.6,3.85508520705718,534072848.843701,9815746.0
PNG,Papua New Guinea,2021,0.728702027116548,22.1103564015369,14.0,5.6,54.5,3.87241860392887,520635407.523364,10012896.0
PNG,Papua New Guinea,2022,0.728702027116548,22.5305149494325,14.0,5.7,54.6,3.91177338031039,,10203169.0
PRY,Paraguay,1990,5.31084822552228,10.1579335514724,,,78.5,4.63681658244505,157034916.414623,4035747.0
PRY,Paraguay,1991,5.41152781273597,10.4313214195822,,,79.2,4.43097843991208,165693856.721998,4144364.0
PRY,Paraguay,1992,5.78907626478731,10.7062673043041,,,75.7,4.18196742925089,184681617.937413,4253600.0
PRY,Paraguay,1993,5.78907626478731,10.9808608104707,,,72.6,4.00234791725569,192260387.599205,4362696.0
PRY,Paraguay,1994,6.16662471683866,11.2545104455072,,,69.9,3.93541309556868,176673407.55964,4471417.0
PRY,Paraguay,1995,6.54417316889001,11.5273244399698,56.7981138356986,,70.2,3.85263919333853,239209296.734171,4579806.0
PRY,Paraguay,1996,6.54417316889001,11.7984973571608,74.0779606768557,,70.8,3.73678780097895,217897824.509344,4687543.0
PRY,Paraguay,1997,6.54417316889001,12.0674855273093,73.6248952791577,,69.5,3.59204663363364,200716815.298383,4794412.0
PRY,Paraguay,1998,7.17342058897558,12.3333123584193,76.3670681804233,,67.4,3.41644941443325,175984569.804492,4900025.0
PRY,Paraguay,1999,7.42511955700982,12.5928391643594,77.6570857939227,,65.9,3.19426409950346,155365941.940702,5003135.0
PRY,Paraguay,2000,7.60130883463378,12.8388321167883,79.5,16.5,70.4,2.89620826562066,129104931.741445,5100868.0
PRY,Paraguay,2001,7.81525295746287,13.0573596778253,82.3,17.2,69.8,2.47498179559743,136576415.526009,5187689.0
PRY,Paraguay,2002,8.07953687389882,13.242708280896,83.7,17.8,67.7,1.9948448022341,148706740.853384,5261328.0
PRY,Paraguay,2003,8.25304102693179,13.4065844450038,85.6,18.5,67.0,1.64605479594267,164634445.915287,5326436.0
PRY,Paraguay,2004,8.42654543166373,13.5619808708784,87.5,19.5,66.8,1.47640976752404,157873219.042814,5388175.0
PRY,Paraguay,2005,8.6000495846967,13.7128039265039,89.6,20.4,68.8,1.36430735099278,169305620.460348,5448097.0
PRY,Paraguay,2006,8.77355398942864,13.8564007047571,94.3,21.7,66.5,1.25568448764049,245449094.756862,5505148.0
PRY,Paraguay,2007,8.94705814246162,13.9929171910395,93.1,23.2,68.4,1.1710547920224,294155077.303765,5559386.0
PRY,Paraguay,2008,9.12056229549459,14.1293078278379,93.4,24.7,65.8,1.15813112798496,339469965.715958,5613574.0
PRY,Paraguay,2009,9.29406670022653,14.2744424867858,94.7,26.2,65.4,1.22833850667811,338779420.889917,5671236.0
PRY,Paraguay,2010,9.4675708532595,14.4424137931034,94.4,27.8,63.6,1.41490719123021,528603941.928173,5737971.0
PRY,Paraguay,2011,9.64107500629247,14.6353536370501,96.3,29.3,62.5,1.63114365020225,497409884.024136,5814626.0
PRY,Paraguay,2012,9.81457941102441,14.842708280896,95.1,30.9,63.4,1.78772262106095,490611673.539418,5897008.0
PRY,Paraguay,2013,9.98808356405739,15.0577523282155,97.9,32.7,62.5,1.96480027507298,580148276.627181,5982445.0
PRY,Paraguay,2014,10.1615879687893,15.2776516486282,97.7,34.2,62.5,2.23141843292175,608357271.897124,6069811.0
PRY,Paraguay,2015,10.3047754845205,15.5023986911654,98.6,35.7,60.5,2.47657211995041,578251392.898172,6159103.0
PRY,Paraguay,2016,10.4479632519507,15.7289856531588,96.1,37.0,62.5,2.67051696463526,655551905.350324,6249126.0
PRY,Paraguay,2017,10.5911510193808,15.9543418071986,98.5,38.3,60.1,2.81401605074297,639321209.45618,6338660.0
PRY,Paraguay,2018,10.734338786811,16.1776541656179,99.1,39.5,59.2,2.92259978420848,579800113.002028,6427382.0
PRY,Paraguay,2019,10.8775265542411,16.3983337528316,99.4,40.4,60.1,2.99892644286582,500030865.47025,6515058.0
PRY,Paraguay,2020,11.0207143216713,16.621542914674,99.4,41.6,61.5,3.07891512994141,585577309.652785,6603739.0
PRY,Paraguay,2021,11.1639020891014,16.8240171155298,100.0,42.3,58.8,2.99365571034365,503192580.428109,6684182.0
PRY,Paraguay,2022,11.517932578424,17.0713596633508,100.0,43.3,,3.09708144905312,,6760464.0
PER,Peru,1990,3.203913359375,17.19903984375,,,39.4,2.76348327832426,98197465.7503212,22014771.0
PER,Peru,1991,3.24549359375,17.56544921875,,,39.9,2.65912474596781,107155979.09959,22483775.0
PER,Peru,1992,3.287073828125,17.926828125,23.6399346948511,,37.3,2.59515133019544,110354138.453674,22946340.0
PER,Peru,1993,3.328654140625,18.29201796875,2.76892056332457,,37.1,2.58851658112481,113687157.032333,23413783.0
PER,Peru,1994,3.370234375,18.65741640625,4.94329112557081,,35.9,2.54763159804996,127020328.559353,23881493.0
PER,Peru,1995,3.351311953125,19.02259296875,7.19244862100369,,33.3,2.48937693426078,149719254.821824,24348919.0
PER,Peru,1996,3.332389609375,19.38372734375,4.6576523999663,,31.7,2.41706248317723,124307172.392554,24811171.0
PER,Peru,1997,3.3134671875,19.74542734375,11.5429583064255,,31.7,2.37492266064338,136242450.165934,25274147.0
PER,Peru,1998,3.29454484375,20.10788671875,16.5817040125137,,39.4,2.33908694965866,138971629.886671,25738095.0
PER,Peru,1999,3.275622421875,20.45820625,18.3864207253345,,36.7,2.24535606628801,115916727.086484,26186504.0
PER,Peru,2000,3.256700078125,20.77994609375,11.1,3.7,38.6,2.08073286200842,106779342.388736,26598331.0
PER,Peru,2001,3.23777765625,21.06609453125,16.1,4.5,41.2,1.89406349164717,100601440.504255,26964601.0
PER,Peru,2002,3.2188553125,21.31891953125,19.5,5.3,40.2,1.72942988655784,101660714.426574,27288217.0
PER,Peru,2003,3.199932890625,21.5472578125,18.5,5.9,40.9,1.61559734386819,101933187.779181,27580490.0
PER,Peru,2004,3.181010546875,21.7595234375,20.9,6.8,37.8,1.54804237900827,113469382.072749,27852190.0
PER,Peru,2005,3.162088125,21.954046875,24.6,7.5,38.4,1.4788773226612,120565377.853665,28101180.0
PER,Peru,2006,3.14316578125,22.12850859375,31.1,8.3,38.7,1.40505855895647,176488763.601039,28324491.0
PER,Peru,2007,3.124243359375,22.28960859375,38.7,9.2,36.0,1.3674192256644,208256979.710918,28530699.0
PER,Peru,2008,3.105321015625,22.43675078125,45.4,10.3,33.7,1.33275888973774,219619498.549587,28719041.0
PER,Peru,2009,3.08639859375,22.57563359375,51.0,11.4,32.9,1.33253825772587,185880310.578767,28896811.0
PER,Peru,2010,3.06747625,22.72345234375,55.6,13.0,32.2,1.40472259309594,342464480.45453,29086019.0
PER,Peru,2011,3.048553828125,22.8938171875,61.3,14.9,30.6,1.53158210735258,319003830.390805,29304086.0
PER,Peru,2012,3.029631484375,23.0862234375,66.2,16.9,30.8,1.65012986836828,306946231.429473,29550366.0
PER,Peru,2013,3.0107090625,23.29524921875,69.9,19.5,28.4,1.7392122539791,365703009.668997,29817919.0
PER,Peru,2014,2.99178671875,23.5279890625,72.8,22.7,28.6,1.85285608006918,433070990.528637,30115826.0
PER,Peru,2015,2.972864296875,23.795,76.7,26.3,27.4,2.00435407291766,346833672.036888,30457600.0
PER,Peru,2016,2.953941953125,24.1144484375,78.0,30.5,27.2,2.22300340771197,430566978.709564,30866494.0
PER,Peru,2017,2.93501953125,24.47237265625,80.5,35.3,27.6,2.41942420578236,374626855.875617,31324637.0
PER,Peru,2018,2.97996171875,24.9199875,81.8,40.6,27.9,2.40973786489593,286368627.540773,31897584.0
PER,Peru,2019,2.7970515625,25.35101796875,82.9,46.4,27.1,2.21889346430251,273009045.509195,32449303.0
PER,Peru,2020,3.07442265625,25.65513984375,86.1,51.9,31.6,1.70074979308796,270990650.73083,32838579.0
PER,Peru,2021,3.35179375,25.9030328125,83.6,57.9,30.6,1.46469584459603,265103875.984735,33155882.0
PER,Peru,2022,3.06127421875,26.1526859375,85.1,63.7,,1.45628190395357,,33475438.0
PHL,Philippines,1990,18.3787772076332,210.801442130328,,,49.5,3.24748246807805,0.0,62854666.0
PHL,Philippines,1991,18.402253747862,215.924636952074,,,51.3,3.10999810277504,0.0,64382249.0
PHL,Philippines,1992,18.2278565918771,221.102475098098,,,47.7,3.10257861931543,0.0,65926125.0
PHL,Philippines,1993,18.0601670188148,226.483620082503,49.3467057912156,,44.1,3.16334256732311,0.0,67530621.0
PHL,Philippines,1994,17.8924774457524,231.476308817118,51.1707123816351,,43.1,2.96658502405626,0.0,69019291.0
PHL,Philippines,1995,17.7247878726901,236.597397457826,52.9143161486911,,37.8,3.00320393275353,0.0,70546246.0
PHL,Philippines,1996,17.5570982996277,242.11101720495,54.6597121077381,,35.8,3.14887631431594,0.0,72190242.0
PHL,Philippines,1997,17.3894087265654,247.874735888922,56.4083199093136,,33.4,3.22953945421783,0.0,73908810.0
PHL,Philippines,1998,17.221719153503,254.187289130362,54.2250582751455,,32.8,3.42442710157046,0.0,75791024.0
PHL,Philippines,1999,17.0540295804407,260.768209410739,56.1771339939245,,33.6,3.49965532912557,0.0,77753257.0
PHL,Philippines,2000,16.8829862159171,267.046976556998,61.8,19.3,33.9,3.35786860278656,0.0,79625397.0
PHL,Philippines,2001,16.7152966428547,273.003615387195,63.4,20.2,32.9,3.22059787130315,0.0,81401488.0
PHL,Philippines,2002,16.5509608612536,278.59573062347,65.0,20.8,31.8,3.07902786258862,0.0,83068889.0
PHL,Philippines,2003,16.6683435623973,284.172904718785,63.5,21.2,30.9,3.07103285400201,0.0,84731835.0
PHL,Philippines,2004,17.1714122815843,289.749149813865,84.5,21.6,30.2,3.07039664885304,0.0,86394504.0
PHL,Philippines,2005,16.7857262635409,295.187181809035,69.9,21.3,31.3,3.02530859276586,0.0,88015962.0
PHL,Philippines,2006,17.288794982728,300.194472951672,70.0,21.4,33.3,2.887201307338,0.0,89508986.0
PHL,Philippines,2007,17.7415568299963,305.447174430694,73.1,21.0,32.4,2.9610861468725,0.0,91075184.0
PHL,Philippines,2008,18.2781634637958,310.893433276319,74.6,21.1,33.9,3.65670530628117,0.0,92699095.0
PHL,Philippines,2009,18.4458530368582,316.545091726196,76.1,21.3,34.1,4.50127286526322,0.0,94384250.0
PHL,Philippines,2010,17.7750947446088,323.094627226079,78.5,21.4,32.7,4.68595970119152,0.0,96337125.0
PHL,Philippines,2011,18.2781634637958,329.505362712547,81.2,21.7,33.8,4.48654791629914,0.0,98248614.0
PHL,Philippines,2012,18.7141563537579,335.96777677164,80.7,22.4,34.1,4.55318100586888,0.0,100175512.0
PHL,Philippines,2013,18.7476942683704,342.342744072174,81.9,23.1,33.1,4.37978303251051,0.0,102076336.0
PHL,Philippines,2014,18.7476942683704,348.013314552101,84.6,24.1,32.4,3.87270283550819,0.0,103767130.0
PHL,Philippines,2015,18.7476942683704,353.197813327967,83.2,25.6,30.8,3.28495158710741,0.0,105312992.0
PHL,Philippines,2016,18.7476942683704,357.969342992253,87.9,26.9,28.6,2.81005513857261,0.0,106735719.0
PHL,Philippines,2017,18.7476942683704,362.61090317604,90.0,28.4,27.8,2.60792065123199,0.0,108119693.0
PHL,Philippines,2018,18.7476942683704,367.123744843546,91.3,30.0,27.6,2.38580381257533,0.0,109465287.0
PHL,Philippines,2019,18.7476942683704,371.615799711574,93.0,31.7,26.9,2.16429864598989,0.0,110804683.0
PHL,Philippines,2020,18.7476942683704,375.897186168964,94.7,33.6,29.1,1.87260618104074,0.0,112081264.0
PHL,Philippines,2021,18.7476942683704,379.317000368917,96.5,35.6,28.0,1.53691434301961,0.0,113100950.0
PHL,Philippines,2022,18.7476942683704,382.21262367106,91.1,37.6,,1.38263877188686,,113964338.0
POL,Poland,1990,46.9750889679715,124.427118090698,100.0,,2.5,0.51471454132948,0.0,38110782.0
POL,Poland,1991,46.8836723366744,124.86921871429,100.0,,2.1,0.468768527085765,0.0,38246193.0
POL,Poland,1992,46.8085801038232,125.252757190898,100.0,,2.3,0.412253514411672,0.0,38363667.0
POL,Poland,1993,46.7041039537693,125.571869796598,100.0,,6.1,0.351221863264983,0.0,38461408.0
POL,Poland,1994,46.6877795553234,125.837121682066,100.0,,6.2,0.298704635241778,0.0,38542652.0
POL,Poland,1995,46.3939403832969,126.008025074276,100.0,,6.3,0.214038356540494,0.0,38594998.0
POL,Poland,1996,45.7213751673251,126.103921120507,100.0,,5.9,0.144737126761598,0.0,38624370.0
POL,Poland,1997,45.7279049267035,126.186489927846,100.0,,6.0,0.124162960769384,0.0,38649660.0
POL,Poland,1998,45.8944137908518,126.23161383003,100.0,,6.5,0.0842224596913717,0.0,38663481.0
POL,Poland,1999,45.9433869861896,126.221133566228,100.0,,6.4,0.0296255798700184,0.0,38660271.0
POL,Poland,2000,45.6854614907441,124.909820758105,100.0,100.0,6.9,-1.01723820308627,0.0,38258629.0
POL,Poland,2001,44.350125697868,124.875366482745,100.0,100.0,7.3,-0.0116291043974393,0.0,38248076.0
POL,Poland,2002,42.4760847562767,124.81753893369,100.0,100.0,7.5,-0.042459617157727,0.0,38230364.0
POL,Poland,2003,41.101750261233,124.753689916405,100.0,100.0,7.3,-0.116109626486412,0.0,38204570.0
POL,Poland,2004,41.1647569614468,124.644083178272,100.0,100.0,7.3,-0.176227166941624,0.0,38182222.0
POL,Poland,2005,39.6337283321908,124.589315444129,100.0,100.0,7.2,-0.215720547117648,0.0,38165445.0
POL,Poland,2006,40.3760773047793,124.514452206843,100.0,100.0,7.2,-0.274369388388624,0.0,38141267.0
POL,Poland,2007,38.5968921389397,124.44685296422,100.0,100.0,7.3,-0.289631766939547,0.0,38120560.0
POL,Poland,2008,39.3176624224616,124.471952334313,99.9,100.0,8.0,-0.231008167182952,0.0,38125759.0
POL,Poland,2009,39.3953245396369,124.564460624265,100.0,100.0,8.8,-0.171047321923282,0.0,38151603.0
POL,Poland,2010,35.3565365025467,124.209200731357,100.0,100.0,9.5,-0.503287245985122,0.0,38042794.0
POL,Poland,2011,36.2407340887568,124.296296901022,100.0,100.0,10.4,-0.130086713196889,0.0,38063255.0
POL,Poland,2012,35.6769642740513,124.300058781268,100.0,100.0,10.9,-0.167572715424519,0.0,38063164.0
POL,Poland,2013,35.2437869436008,124.229110740995,100.0,100.0,11.4,-0.226815215718197,0.0,38040196.0
POL,Poland,2014,35.6902576831379,124.144273163722,100.0,100.0,11.6,-0.239044404502838,0.0,38011735.0
POL,Poland,2015,35.5563538979065,124.061569613639,100.0,100.0,11.9,-0.228464542925777,0.0,37986412.0
POL,Poland,2016,35.291812273425,124.008253045495,100.0,100.0,11.3,-0.202319828133992,0.0,37970087.0
POL,Poland,2017,35.6216728175316,124.0237303635,100.0,100.0,11.1,-0.144250430522004,0.0,37974826.0
POL,Poland,2018,35.9571479896789,124.031583760656,100.0,100.0,15.1,-0.154206156660708,0.0,37974750.0
POL,Poland,2019,36.1144686550586,124.025595374212,100.0,100.0,15.6,-0.175592886007763,0.0,37965475.0
POL,Poland,2020,36.4224349132721,122.548420605625,100.0,100.0,16.1,-1.33985088278536,0.0,37515748.0
POL,Poland,2021,36.1940542306436,120.815285854296,100.0,100.0,15.2,-1.5413629098982,0.0,36981559.0
POL,Poland,2022,36.4761998105133,120.297131562612,100.0,100.0,,-0.396461965674168,,36821749.0
PRT,Portugal,1990,25.6174863387978,109.106207650273,100.0,,27.0,1.11778248556006,192503670.784342,9983218.0
PRT,Portugal,1991,25.2349726775956,108.855027322404,100.0,,25.8,1.07526885458629,158771921.153714,9960235.0
PRT,Portugal,1992,24.8633879781421,108.770426229508,100.0,,22.4,1.23073099903616,160341979.726734,9952494.0
PRT,Portugal,1993,24.4808743169399,108.903551912568,100.0,,24.4,1.45228768626251,181718316.889526,9964675.0
PRT,Portugal,1994,24.0437158469945,109.196994535519,100.0,,25.0,1.60898043420553,166425070.263316,9991525.0
PRT,Portugal,1995,23.5300546448087,109.575693989071,100.0,,23.7,1.68726709974668,172839369.931467,10026176.0
PRT,Portugal,1996,21.8579234972678,109.988469945355,100.0,,25.4,1.70993283438607,175420684.572241,10063945.0
PRT,Portugal,1997,20.568306010929,110.48062295082,100.0,,24.6,1.76539356960885,139996080.950545,10108977.0
PRT,Portugal,1998,19.655737704918,111.040393442623,100.0,,22.4,1.80187921590446,131256859.717862,10160196.0
PRT,Portugal,1999,18.7431693989071,111.67025136612,100.0,,19.0,1.8325979941393,134328046.97987,10217828.0
PRT,Portugal,2000,19.1286338797814,112.457901639344,100.0,100.0,20.1,1.93362426964024,176735317.20906,10289898.0
PRT,Portugal,2001,17.7984699453552,113.253792349727,100.0,100.0,20.8,1.91616878942885,139516890.109281,10362722.0
PRT,Portugal,2002,17.8814207650273,113.87574863388,100.0,100.0,18.3,1.8490261784529,153357298.65801,10419631.0
PRT,Portugal,2003,16.9881967213115,114.304054644809,100.0,100.0,22.1,1.79433821508459,184888155.228713,10458821.0
PRT,Portugal,2004,16.2046994535519,114.577715846995,100.0,100.0,19.9,1.69636322418515,166063051.503888,10483861.0
PRT,Portugal,2005,14.2720017492074,114.828140373893,100.0,100.0,18.1,1.61712832710842,169463947.895664,10503330.0
PRT,Portugal,2006,13.5753799059801,115.035399584563,100.0,100.0,22.3,1.52587715179438,206982986.548688,10522288.0
PRT,Portugal,2007,12.5532961626763,115.261440909588,100.0,100.0,23.1,1.39855667294968,267707764.156175,10542964.0
PRT,Portugal,2008,13.3400021865092,115.427757734776,100.0,100.0,23.2,1.14819224810253,292651620.587906,10558177.0
PRT,Portugal,2009,13.1125668741129,115.386472322306,100.0,100.0,24.9,0.847470512859498,257824023.367568,10568247.0
PRT,Portugal,2010,12.5294246096735,115.439458456163,100.0,100.0,27.8,0.492638138708452,243295946.205671,10573100.0
PRT,Portugal,2011,12.3023255813953,115.269789278305,100.0,100.0,27.2,-0.0453343813282783,0.0,10557560.0
PRT,Portugal,2012,12.2701168249809,114.803406485424,100.0,100.0,25.5,-0.405561487670235,0.0,10514844.0
PRT,Portugal,2013,12.4284429268207,114.156128691384,100.0,100.0,30.2,-0.549549931408628,0.0,10457295.0
PRT,Portugal,2014,11.9875859117783,113.541770372117,100.0,100.0,30.5,-0.540964957183729,0.0,10401062.0
PRT,Portugal,2015,11.6800719606662,113.072519583956,100.0,100.0,27.2,-0.417371860338225,0.0,10358076.0
PRT,Portugal,2016,10.7223794178522,112.716384151187,100.0,100.0,29.0,-0.320647256286859,0.0,10325452.0
PRT,Portugal,2017,10.567606128883,112.441815784188,100.0,100.0,24.4,-0.251456778353515,0.0,10300300.0
PRT,Portugal,2018,10.4845216886304,112.261935951514,100.0,100.0,27.5,-0.170524598256827,0.0,10283822.0
PRT,Portugal,2019,10.891940012401,112.288582794065,100.0,100.0,28.2,0.0100220692411571,0.0,10286263.0
PRT,Portugal,2020,10.6206312714507,112.406676011074,100.0,100.0,31.3,0.0876582342410479,218711672.882097,10297081.0
PRT,Portugal,2021,10.564565921734,113.113510527741,100.0,100.0,32.3,0.611907811837652,230658078.521693,10361831.0
PRT,Portugal,2022,10.1801483752085,113.904957775507,100.0,100.0,,0.747651385024544,,10434332.0
PST,Post-demographic dividend,1990,11.2550776886231,31.861569793968,99.9919827078414,,6.33660305156423,0.969789003200745,,964371624.0
PST,Post-demographic dividend,1991,11.237390975594,32.0902069868786,99.9908943455001,,6.49893579420106,1.03321360589168,,971291914.0
PST,Post-demographic dividend,1992,12.21566213928,31.309074296891,99.9913657103992,,6.63265059915931,1.03513272385203,,978087877.0
PST,Post-demographic dividend,1993,12.2541093648177,31.4333744281652,99.9939862037354,,6.50343586324313,1.00232999477176,,984398082.0
PST,Post-demographic dividend,1994,12.2247769698098,31.6131952719457,99.9970525847149,,6.39081681625634,0.934870811568393,,990028770.0
PST,Post-demographic dividend,1995,12.169827738975,31.7827018365592,99.999055030001,,6.67730116013849,0.87768411214504,,995338472.0
PST,Post-demographic dividend,1996,12.1591945696141,31.9583257414365,99.9990785433298,,6.69588195046661,0.904188485889154,,1000836719.0
PST,Post-demographic dividend,1997,12.1706429590199,32.126558747193,99.9991020221132,,6.67169308827303,0.885527321224277,,1006102041.0
PST,Post-demographic dividend,1998,12.1074975081879,32.2858373214015,99.9991283116097,,6.76351967447876,0.803696565603121,,1011086034.0
PST,Post-demographic dividend,1999,12.0989691601587,32.4424694650241,99.9991573063416,,7.25532236811895,0.753693766811371,,1015990094.0
PST,Post-demographic dividend,2000,12.0918242508819,32.5689395361271,99.2279145896236,97.2002891576273,7.10318257512277,0.789176172825189,,1021150563.0
PST,Post-demographic dividend,2001,12.0405639507206,32.7272460656988,99.2513666036534,97.2879569206657,6.74933608767742,0.84221095879614,,1026105872.0
PST,Post-demographic dividend,2002,11.9112400474889,32.8954365361495,99.2391151101211,97.3990773067375,6.81403486435157,0.974464953508552,,1031302538.0
PST,Post-demographic dividend,2003,11.8625258002763,33.060680813435,99.3214012511074,97.498760823693,7.12597928148982,1.02941758953648,,1036498631.0
PST,Post-demographic dividend,2004,11.9372451989124,33.2330619956973,99.3605856833849,97.576409542393,7.35660986404122,1.05173350146466,,1041890752.0
PST,Post-demographic dividend,2005,11.9355282461606,33.4006633038553,99.4390919500037,97.6733371134029,7.64178402819778,0.976282718985415,,1047140108.0
PST,Post-demographic dividend,2006,11.8352970059115,33.583929023974,99.4399430657779,97.7832094809948,8.13944321805613,0.94009470633428,,1052866351.0
PST,Post-demographic dividend,2007,11.4003281639336,33.7842145724004,99.4969466135792,97.8700830113188,8.4238448802232,0.939372797589281,,1059147302.0
PST,Post-demographic dividend,2008,11.4292286331581,34.0064110801065,99.5204079084949,97.9340166370207,8.91292216843766,0.922198305371265,,1065603711.0
PST,Post-demographic dividend,2009,11.5057011957773,34.1814486335812,99.5670008945296,97.9985282723402,9.54731401320155,0.778498164814759,,1071118156.0
PST,Post-demographic dividend,2010,11.4326613275278,34.3423113476795,99.6082554579443,98.0685260859154,9.8170711241403,0.680685028517996,,1076208648.0
PST,Post-demographic dividend,2011,11.6022294007668,34.446033030752,99.6539487554755,98.1348972395328,10.3374053454359,0.439439555612104,,1079468050.0
PST,Post-demographic dividend,2012,11.408702309697,34.5965883996007,99.6748449685202,98.1682183225276,10.855740352061,0.56383594258525,,1084193277.0
PST,Post-demographic dividend,2013,11.4144629085681,34.7339388086336,99.7209919220869,98.2225474315804,11.3357713927499,0.533736243241132,,1088424167.0
PST,Post-demographic dividend,2014,11.453958071521,34.8801632606231,99.7660592932119,98.2531423611223,11.6687849102506,0.549258220313758,,1093025476.0
PST,Post-demographic dividend,2015,11.4283741509749,35.0358978994957,99.8021806635894,98.2861967181104,11.8425604176608,0.570619971153792,,1097890139.0
PST,Post-demographic dividend,2016,11.4090032149836,35.1866090006505,99.8524710616902,98.3189780548,12.0622071586832,0.599413042755264,,1102966925.0
PST,Post-demographic dividend,2017,11.4429778115354,35.3206844345793,99.9006475104207,98.3566107640139,12.4846381438532,0.45518087864109,,1107161559.0
PST,Post-demographic dividend,2018,11.3950691338886,35.4548360427958,99.9402169386379,98.3705355978583,12.8576178839564,0.460513267885051,,1111377470.0
PST,Post-demographic dividend,2019,11.3461184572179,35.5671793502924,99.9810985767212,98.4025494928904,13.2726556995631,0.394970902777246,,1114898817.0
PST,Post-demographic dividend,2020,11.3006858447017,35.6353658740269,99.9915591192036,98.4158351785595,14.4278548426441,0.23570982803798,,1117007476.0
PST,Post-demographic dividend,2021,11.3498798358603,35.823844767363,99.9959513098324,98.4411480042049,,0.0585454214289332,,1116582773.0
PST,Post-demographic dividend,2022,11.3074052954496,35.851172647342,99.9967810311219,98.5120285062354,,0.215831976591795,,1117394729.0
PRE,Pre-demographic dividend,1990,7.07461547301831,23.8819429483842,,,78.2040910575174,4.23104279347522,,422471117.0
PRE,Pre-demographic dividend,1991,7.23107864276395,24.4834571614294,,,79.6114488473848,4.21193186160988,,433111892.0
PRE,Pre-demographic dividend,1992,7.37154405649164,25.1787714186917,,,77.7903871081782,4.21837120338046,,445411988.0
PRE,Pre-demographic dividend,1993,7.45177035487813,25.8293351558298,,,78.4579539197218,4.47530878216638,,459529211.0
PRE,Pre-demographic dividend,1994,7.51106053679671,26.7001967457556,,,79.1869329770026,4.58022289101081,,475022693.0
PRE,Pre-demographic dividend,1995,7.69052396267525,27.5487124627922,,,79.3193081563145,4.32001649107626,,490118620.0
PRE,Pre-demographic dividend,1996,7.76420345792062,28.2937536721556,,,78.9738225047206,3.95142801097991,,503373634.0
PRE,Pre-demographic dividend,1997,7.77470487434054,29.0444807399884,,,78.3647221209438,3.91659843251908,,516729805.0
PRE,Pre-demographic dividend,1998,7.82989185363078,29.8718892454553,,,79.2542556317962,4.08987693359608,,531450214.0
PRE,Pre-demographic dividend,1999,7.94994315940195,30.73973689253,,,79.1426120655608,4.13536828286455,,546890075.0
PRE,Pre-demographic dividend,2000,7.95842107301447,31.6130979511473,12.6953144398332,1.9811469822014,78.3300233770905,4.16286217146717,,562428025.0
PRE,Pre-demographic dividend,2001,8.03497393426478,32.521387662659,13.3315408746624,2.1897491439468,77.5561547357465,4.29617525554482,,578587390.0
PRE,Pre-demographic dividend,2002,8.12985293503489,33.5065579014446,13.4128586629037,2.41480669976444,77.7336427408946,4.44001134139023,,596114535.0
PRE,Pre-demographic dividend,2003,8.28763065960219,34.5269969092767,14.4343803192365,2.63214452934892,78.5384429771645,4.48239419873307,,614269146.0
PRE,Pre-demographic dividend,2004,8.3014974996896,35.5087697844872,12.9789913366011,2.87538470336652,77.9349317672905,4.46822528138236,,632445407.0
PRE,Pre-demographic dividend,2005,8.43419443856527,36.5684346004201,14.1699768128171,3.11786322836724,78.0809457508779,4.47793762141857,,651320620.0
PRE,Pre-demographic dividend,2006,8.50615242426566,37.6301036036731,14.6874607548252,3.32996306314356,78.1089116230743,4.30138498485242,,670229212.0
PRE,Pre-demographic dividend,2007,8.62265876593705,38.6683549423594,13.9976412863241,3.48385927765227,77.9827883948906,4.07104945897575,,688722596.0
PRE,Pre-demographic dividend,2008,8.72928964542835,39.7953364841007,15.1610433286068,3.71734273703534,77.0470225009081,4.24806434385545,,708796270.0
PRE,Pre-demographic dividend,2009,8.96510633381946,41.009318212179,17.1545654632035,4.00025535469602,77.5774660421546,4.32241294174994,,730293963.0
PRE,Pre-demographic dividend,2010,9.12193607780602,42.2291584604966,16.0498138268065,4.26091189738529,75.7135622523074,4.20251835886993,,752046672.0
PRE,Pre-demographic dividend,2011,9.32738517117069,43.4930692276075,18.9355118530142,4.57305733562276,74.6528191627611,4.21464357713065,,774567417.0
PRE,Pre-demographic dividend,2012,9.46848684152696,39.2932362628661,20.8542270373881,4.89846928270058,73.1865442433771,4.26763347091423,,798002725.0
PRE,Pre-demographic dividend,2013,9.63347593512164,40.482103410421,21.2384584559523,5.26959201394768,72.2325804041222,4.27932745686809,,822138419.0
PRE,Pre-demographic dividend,2014,9.73889963763286,41.6777917953588,22.3421711532557,5.65620887361732,72.7170196904253,4.18511977101397,,846420736.0
PRE,Pre-demographic dividend,2015,9.83544190522294,42.8676680117645,19.5248453201085,6.02218708463202,73.339891666412,4.02897619456663,,870587800.0
PRE,Pre-demographic dividend,2016,9.947757471914,44.0815584681259,26.345850904032,6.4745330469697,72.8428194718611,3.94062773958903,,895239872.0
PRE,Pre-demographic dividend,2017,10.0446655232948,45.3287624097443,25.6144804266979,6.93822313058073,72.7571519329351,3.93238856045056,,920568701.0
PRE,Pre-demographic dividend,2018,10.1710779370715,46.5966013671188,28.1344880634354,7.43421844111637,71.906862473446,3.86427666317094,,946317177.0
PRE,Pre-demographic dividend,2019,10.2329040257455,47.8761105936639,28.5615421789061,7.99926472415844,71.4398709500275,3.71497137257045,,972302503.0
PRE,Pre-demographic dividend,2020,10.2439396037415,49.1722883716943,28.1054416740418,8.57660625322887,73.3285283869645,3.71166919047738,,998624261.0
PRE,Pre-demographic dividend,2021,10.3092452026858,50.4690763570164,29.5686759975527,9.13709225445083,,3.67444533841862,,1024960313.0
PRE,Pre-demographic dividend,2022,10.3608814640691,51.7611956981529,29.1657841362383,9.73617418030861,,3.62009466062743,,1051201551.0
PRI,Puerto Rico (US),1990,7.32807215332582,398.759864712514,99.7652157061994,,1.8,3.05245263526356,,3537000.0
PRI,Puerto Rico (US),1991,6.20067643742954,401.59075535513,99.8998462690734,,1.8,2.74910337555263,,3562110.0
PRI,Puerto Rico (US),1992,5.86245772266065,404.191206313416,99.9794902741936,,1.8,2.54553298462921,,3585176.0
PRI,Puerto Rico (US),1993,3.60766629086809,407.609582863585,100.0,,0.8,2.58080752437419,,3615497.0
PRI,Puerto Rico (US),1994,3.72040586245772,411.413416009019,100.0,,0.2,2.48705683115155,,3649237.0
PRI,Puerto Rico (US),1995,3.72040586245772,415.231454340474,100.0,,0.5,2.28309931338021,,3683103.0
PRI,Puerto Rico (US),1996,3.72040586245772,419.916009019166,100.0,,0.7,2.26414975932311,,3724655.0
PRI,Puerto Rico (US),1997,4.17136414881623,423.836527621195,100.0,,0.5,1.83592904327501,,3759430.0
PRI,Puerto Rico (US),1998,5.80608793686584,426.279706877114,100.0,,0.5,1.2264512248419,,3781101.0
PRI,Puerto Rico (US),1999,6.15558060879369,428.419503945885,100.0,,0.7,0.876830509029115,,3800081.0
PRI,Puerto Rico (US),2000,6.73055242390079,429.605975197294,100.0,,0.6,0.362813351310894,,3810605.0
PRI,Puerto Rico (US),2001,7.31679819616685,430.52694475761,100.0,,0.5,0.186519186587916,,3818774.0
PRI,Puerto Rico (US),2002,7.6662908680947,431.082412626832,100.0,,0.5,0.0700353270159537,,3823701.0
PRI,Puerto Rico (US),2003,6.89966178128523,431.352311161218,100.0,,0.5,-0.0189948349871443,,3826095.0
PRI,Puerto Rico (US),2004,6.24577226606539,431.440586245772,100.0,,0.5,-0.0756268939299931,,3826878.0
PRI,Puerto Rico (US),2005,5.70462232243517,430.818714768884,100.0,,0.6,-0.246642210852533,,3821362.0
PRI,Puerto Rico (US),2006,4.9379932356257,428.998196166855,100.0,,0.5,-0.523947771858037,,3805214.0
PRI,Puerto Rico (US),2007,4.16009019165727,426.493235625705,100.0,,0.5,-0.675888053845401,,3782995.0
PRI,Puerto Rico (US),2008,4.62232243517475,423.998421645998,100.0,,0.5,-0.658461937407291,,3760866.0
PRI,Puerto Rico (US),2009,5.08455467869222,421.69222096956,100.0,,0.5,-0.590380932817657,,3740410.0
PRI,Puerto Rico (US),2010,5.5467869222097,419.894588500564,100.0,,0.4,-0.438268591837543,,3724465.0
PRI,Puerto Rico (US),2011,5.89627959413754,416.399549041714,100.0,,0.7,-0.834857232940996,,3693464.0
PRI,Puerto Rico (US),2012,6.2119503945885,412.744644870349,100.0,,0.5,-0.878147985003911,,3661045.0
PRI,Puerto Rico (US),2013,6.11048478015784,409.405524239008,100.0,,1.4,-0.805077140570467,,3631427.0
PRI,Puerto Rico (US),2014,6.00901916572717,404.173280721533,100.0,,1.6,-1.27400423278533,,3585017.0
PRI,Puerto Rico (US),2015,5.90755355129651,398.55321307779,100.0,,1.9,-1.38171957291809,,3535167.0
PRI,Puerto Rico (US),2016,5.80608793686584,392.382412626832,100.0,,1.9,-1.53423347598131,,3480432.0
PRI,Puerto Rico (US),2017,5.70462232243517,384.536302142052,100.0,,2.3,-1.98477552569242,,3410837.0
PRI,Puerto Rico (US),2018,5.65952649379932,370.990980834273,100.0,,1.4,-3.54077721362279,,3290690.0
PRI,Puerto Rico (US),2019,5.65952649379932,372.34396843292,100.0,,2.4,0.420775581146763,,3302691.0
PRI,Puerto Rico (US),2020,5.65952649379932,369.965050732807,100.0,,2.5,-0.577504586599323,,3281590.0
PRI,Puerto Rico (US),2021,5.65952649379932,367.836640360767,100.0,,2.6,-0.530760915469508,,3262711.0
PRI,Puerto Rico (US),2022,5.65952649379932,363.03686583991,100.0,,2.5,-1.25390809529129,,3220137.0
QAT,Qatar,1990,0.861326442721792,37.9134366925065,100.0,,0.2,3.95746888621546,33883.4571428571,440175.0
QAT,Qatar,1991,0.775193798449612,39.1776916451335,100.0,,0.2,3.83009415421178,36329.9619047619,454853.0
QAT,Qatar,1992,1.03359173126615,40.4527993109388,100.0,,0.1,3.70398599046811,40859.6228377564,469657.0
QAT,Qatar,1993,1.11972437553833,41.7351421188631,100.0,,0.0,3.57583380667641,30236.3983749576,484545.0
QAT,Qatar,1994,1.11972437553833,43.0197243755383,100.0,,0.0,3.44285883054795,22571.2743628186,499459.0
QAT,Qatar,1995,1.11972437553833,44.3001722652885,100.0,,0.1,3.30290529435651,34983.6413793103,514325.0
QAT,Qatar,1996,1.11972437553833,45.5658053402239,100.0,,0.1,3.14736665296739,34819.9310344828,529019.0
QAT,Qatar,1997,1.11972437553833,47.4160206718346,100.0,,0.1,4.27112838082202,34568.0689655172,550500.0
QAT,Qatar,1998,1.11972437553833,50.0034453057709,100.0,,0.1,5.56383089525553,75275.2,580540.0
QAT,Qatar,1999,1.11972437553833,52.7562446167097,100.0,,0.1,5.57232324233271,32551.8554305661,612500.0
QAT,Qatar,2000,1.11972437553833,55.5546080964686,100.0,100.0,0.1,5.35867277289813,32216.1219206903,644989.0
QAT,Qatar,2001,1.14556416881998,58.3914728682171,100.0,100.0,0.1,5.1601013903843,36110.4615384615,677925.0
QAT,Qatar,2002,1.09388458225668,61.2579672695952,100.0,100.0,0.1,4.97365239556618,40387.3990384615,711205.0
QAT,Qatar,2003,1.13695090439276,64.1414298018949,100.0,100.0,0.0,4.79469287544282,57800.167353303,744682.0
QAT,Qatar,2004,1.05081826012059,66.6091300602929,100.0,100.0,0.0,3.99813508267381,56458.920580117,773332.0
QAT,Qatar,2005,1.03359173126615,71.0945736434109,100.0,100.0,0.0,6.77870783079504,56072.2671303269,825408.0
QAT,Qatar,2006,1.09388458225668,83.7925064599483,100.0,100.0,0.1,16.7216607391686,68846.8406239106,972831.0
QAT,Qatar,2007,1.1541774332472,104.099483204134,100.0,100.0,0.1,21.9905034241579,63841.5639547628,1208595.0
QAT,Qatar,2008,1.21447028423773,122.905943152455,100.0,100.0,0.1,16.8758222491981,112547.576907956,1426938.0
QAT,Qatar,2009,1.28337639965547,138.579069767442,100.0,100.0,0.1,12.226117023917,110058.313929147,1608903.0
QAT,Qatar,2010,1.32041343669251,139.262015503876,100.0,100.0,0.1,0.651270713194427,132238.286849481,1616832.0
QAT,Qatar,2011,1.38501291989664,139.94496124031,100.0,100.0,0.1,0.614425488375246,152399.675865765,1624761.0
QAT,Qatar,2012,1.41774332472007,148.358139534884,100.0,100.0,0.0,5.9522539337755,175505.289266399,1722438.0
QAT,Qatar,2013,1.47286821705426,165.066838931955,100.0,100.0,0.0,10.7661861802881,146035.865056795,1916426.0
QAT,Qatar,2014,1.61009573542211,187.271105308964,100.0,100.0,0.0,11.6483548746707,234811.73272447,2151745.0
QAT,Qatar,2015,1.61009573542211,204.051958224543,100.0,100.0,0.0,8.61871847333123,213774.391365995,2344557.0
QAT,Qatar,2016,1.59268929503916,215.588598781549,100.0,100.0,0.1,5.54751684276332,165776.277720608,2477113.0
QAT,Qatar,2017,1.65361183637946,221.568320278503,100.0,100.0,0.1,2.78184583442529,204717.597326342,2545820.0
QAT,Qatar,2018,1.82767624020888,224.606962576153,100.0,100.0,0.0,1.40710486277,104053.845793802,2580734.0
QAT,Qatar,2019,1.82767624020888,229.648128807659,100.0,100.0,0.1,2.26361928281393,139970.686062667,2638657.0
QAT,Qatar,2020,1.82767624020888,243.180852915579,100.0,100.0,0.0,5.76869559034389,127863.398375365,2794148.0
QAT,Qatar,2021,1.82767624020888,218.007832898172,100.0,100.0,0.0,-10.8854787483228,118806.690570386,2504910.0
QAT,Qatar,2022,1.82767624020888,231.273542210618,100.0,100.0,,5.94791001418218,,2657333.0
ROU,Romania,1990,41.2034009156311,101.163440156965,100.0,,3.4,0.521582956489555,0.0,23201835.0
ROU,Romania,1991,41.0659809988669,100.240368691711,100.0,,5.0,-0.686449397698365,0.0,23001155.0
ROU,Romania,1992,40.7783491676109,99.3388128649874,100.0,,5.6,-0.902774840735542,0.0,22794284.0
ROU,Romania,1993,40.7086202388216,99.2036956332258,100.0,,7.2,-0.278677469052061,0.0,22763280.0
ROU,Romania,1994,40.6910374275631,99.0379983442987,100.0,,7.6,-0.413283966335473,0.0,22730211.0
ROU,Romania,1995,40.6858686653013,98.8464421107674,100.0,,8.6,-0.557963246784295,0.0,22684270.0
ROU,Romania,1996,40.6805507145347,98.5491634715929,100.0,,11.9,-0.699039756410837,0.0,22619004.0
ROU,Romania,1997,40.7179889339084,98.2615692937742,100.0,,15.8,-0.721214834565829,0.0,22553978.0
ROU,Romania,1998,40.6158804825994,98.0327714621717,100.0,,16.3,-0.629315970834473,0.0,22507344.0
ROU,Romania,1999,40.6445993031359,97.8747386759582,100.0,,17.7,-0.534365554002878,0.0,22472040.0
ROU,Romania,2000,40.8384484785164,97.701323407775,93.4,100.0,16.4,-0.427447301372239,0.0,22442971.0
ROU,Romania,2001,40.7949153280223,96.3474380740934,93.7,100.0,13.4,-1.57936752827019,0.0,22131970.0
ROU,Romania,2002,40.7882716317919,94.5338495671466,94.0,100.0,14.4,-1.86509303791211,0.0,21730496.0
ROU,Romania,2003,40.7784300934986,93.8218134377039,94.3,100.0,15.7,-0.615705429360667,0.0,21574326.0
ROU,Romania,2004,38.7608695652174,93.2684695652174,94.5,100.0,17.3,-0.351890130581183,0.0,21451748.0
ROU,Romania,2005,39.0686146621445,92.7023436820593,94.8,100.0,18.5,-0.321321270418233,0.0,21319685.0
ROU,Romania,2006,38.8685972693278,92.1547960692234,95.1,100.0,17.4,-0.24983198410017,0.0,21193760.0
ROU,Romania,2007,37.7354386880682,90.8390186610988,95.4,100.0,18.2,-1.11989203457548,0.0,20882982.0
ROU,Romania,2008,37.9338842975207,89.3339495432797,95.8,100.0,20.4,-1.32550009721903,0.0,20537875.0
ROU,Romania,2009,38.2030774580544,88.5311962096844,96.1,100.0,22.1,-0.539410726827592,0.0,20367487.0
ROU,Romania,2010,39.7565746576831,88.0107411432297,96.0,100.0,24.1,-0.377960084313367,0.0,20246871.0
ROU,Romania,2011,39.0798105747925,87.5332493374462,96.3,100.0,21.1,-0.386053262354062,0.0,20147528.0
ROU,Romania,2012,38.2488479262673,87.201265107382,96.7,100.0,21.5,-0.453667076611491,0.0,20058035.0
ROU,Romania,2013,38.0211276789984,86.8742903099596,97.1,100.0,23.1,-0.456857744571863,0.0,19983693.0
ROU,Romania,2014,38.1519471488178,86.5306806328234,97.6,100.0,24.3,-0.529504028137237,0.0,19908979.0
ROU,Romania,2015,38.1519471488178,86.1248956884562,98.2,100.0,23.7,-0.692374452871572,0.0,19815616.0
ROU,Romania,2016,37.3000695410292,85.6322453059805,98.6,100.0,24.4,-0.861494741296069,0.0,19702267.0
ROU,Romania,2017,37.1305632823366,85.1387126216968,100.0,100.0,23.4,-0.9295931039634,0.0,19588715.0
ROU,Romania,2018,37.7520862308762,84.6399947844228,99.9,100.0,23.0,-1.0011500806521,0.0,19473970.0
ROU,Romania,2019,38.9690542420028,84.1952712100139,100.0,100.0,23.5,-1.00096783243341,0.0,19371648.0
ROU,Romania,2020,36.8697844228095,83.7328320584145,100.0,100.0,24.1,-1.0838830121159,0.0,19265250.0
ROU,Romania,2021,37.3261474269819,83.1104789638387,100.0,100.0,23.6,-1.47053244927971,0.0,19122059.0
ROU,Romania,2022,35.6875869262865,82.7907771210014,100.0,100.0,,-0.516969816394979,,19048502.0
RUS,Russian Federation,1990,,,100.0,,3.8,0.379937509223526,,147969406.0
RUS,Russian Federation,1991,,,100.0,,3.8,0.28383555977791,,148394216.0
RUS,Russian Federation,1992,8.05420394815115,9.06276083819658,100.0,,4.0,-0.34793751289112,0.0,148538197.0
RUS,Russian Federation,1993,7.90532021496163,9.0599991578269,100.0,,4.0,-0.494883417292229,0.0,148458777.0
RUS,Russian Federation,1994,7.83953439677975,9.05957648127472,100.0,,3.9,-0.178074094455716,0.0,148407912.0
RUS,Russian Federation,1995,7.78465269458884,9.05924682416698,100.0,,3.9,-0.0474622235600261,0.0,148375787.0
RUS,Russian Federation,1996,7.69473121194581,9.04631156749681,100.0,,3.7,0.0285650263531047,0.0,148160129.0
RUS,Russian Federation,1997,7.78244849239711,9.03098613133561,100.0,,3.8,-0.092345375655011,0.0,147915361.0
RUS,Russian Federation,1998,7.69975520868307,9.01459493446796,100.0,,3.6,-0.0622148542618237,0.0,147670784.0
RUS,Russian Federation,1999,7.62576951779021,8.9828041719473,100.0,,3.8,-0.618366574352442,0.0,147214776.0
RUS,Russian Federation,2000,7.59241917938337,8.94901570933758,96.1,100.0,3.5,-0.158518547385237,0.0,146596869.0
RUS,Russian Federation,2001,7.56145744558754,8.91163375342787,96.4,100.0,3.6,-0.32413893880667,0.0,145976482.0
RUS,Russian Federation,2002,7.5371132547949,8.87046146313948,96.6,100.0,3.5,-0.374139083048127,0.0,145306497.0
RUS,Russian Federation,2003,7.48178680396411,8.83027865243716,96.8,100.0,3.3,-0.299944177220899,0.0,144648618.0
RUS,Russian Federation,2004,7.4564608396317,8.79465803239439,97.0,100.0,3.5,-0.537856482113236,0.0,144067316.0
RUS,Russian Federation,2005,7.4341066295351,8.76108889416588,97.2,100.0,3.6,-0.579704931131405,0.0,143518814.0
RUS,Russian Federation,2006,7.42312431385527,8.73439418381291,97.4,100.0,3.5,-0.214706733456985,0.0,143049637.0
RUS,Russian Federation,2007,7.42312431385527,8.71946397976766,97.6,100.0,3.7,0.0221745532374991,0.0,142805114.0
RUS,Russian Federation,2008,7.42809828740168,8.71609568861449,97.8,100.0,3.3,0.0876537538872122,0.0,142742366.0
RUS,Russian Federation,2009,7.42809828740168,8.71872024385612,98.0,100.0,3.6,0.0935349649488752,0.0,142785348.0
RUS,Russian Federation,2010,7.42809828740168,8.72263552192818,100.0,100.0,3.3,0.236150756779433,0.0,142849468.0
RUS,Russian Federation,2011,7.42809828740168,8.73293828429975,99.6,100.0,3.2,0.367299951595695,0.0,143018195.0
RUS,Russian Federation,2012,7.42809828740168,8.75493589434367,100.0,100.0,3.2,0.412807805363494,0.0,143378447.0
RUS,Russian Federation,2013,7.42809828740168,8.78102091547408,100.0,100.0,3.6,0.437509651578485,0.0,143805638.0
RUS,Russian Federation,2014,7.42809828740168,8.80737424184231,100.0,100.0,3.3,0.436395492452819,0.0,144237223.0
RUS,Russian Federation,2015,7.42809828740168,8.8320122221157,96.6,100.0,3.2,0.411745480856223,0.0,144640716.0
RUS,Russian Federation,2016,7.42809828740168,8.85489473873823,100.0,100.0,3.4,0.385757419294273,0.0,145015460.0
RUS,Russian Federation,2017,7.42809828740168,8.87185768709161,100.0,100.0,3.2,0.311953191766694,0.0,145293260.0
RUS,Russian Federation,2018,7.42809828740168,8.87825976514438,100.0,100.0,3.2,0.185227645677902,0.0,145398106.0
RUS,Russian Federation,2019,7.42809828740168,8.88162945666663,100.0,100.0,3.2,0.142519224434736,0.0,145453291.0
RUS,Russian Federation,2020,7.42809828740168,8.86891988517952,100.0,100.0,3.7,-0.0481880641867905,0.0,145245148.0
RUS,Russian Federation,2021,7.42809828740168,8.83848757424343,100.0,100.0,3.5,-0.265484886158326,0.0,144746762.0
RUS,Russian Federation,2022,7.42809828740168,8.80735653394086,100.0,100.0,,-0.215408008986696,,144236933.0
RWA,Rwanda,1990,35.6708552898257,298.958532630726,,,80.1,4.05148776958706,110825141.505324,7375307.0
RWA,Rwanda,1991,35.6708552898257,305.106039724362,,,81.8,3.68880167693895,111501387.238801,7526966.0
RWA,Rwanda,1992,35.6708552898257,311.441670044589,,,81.6,7.5066942891943,115494981.605183,7683266.0
RWA,Rwanda,1993,34.4548034049453,323.515687069315,,,81.3,16.0323498527063,91227967.8006775,7981132.0
RWA,Rwanda,1994,28.3745439805432,275.328415079043,,,78.5,-0.489847843472127,114406114.486414,6792352.0
RWA,Rwanda,1995,28.3745439805432,230.000729631131,,,88.4,-1.60498435353048,150101156.00595,5674118.0
RWA,Rwanda,1996,30.4012971220105,271.940170247264,,,89.2,32.2985213582187,161209678.578186,6708764.0
RWA,Rwanda,1997,32.4280502634779,314.359059586542,,,91.1,28.3966647841992,194682118.646101,7755238.0
RWA,Rwanda,1998,33.2387515200649,327.591447101743,,,90.8,15.988480468802,204664160.304839,8081681.0
RWA,Rwanda,1999,35.1033644102148,330.276124847994,,,90.8,10.4523331246106,132554058.766438,8147912.0
RWA,Rwanda,2000,40.5350628293474,332.952209160924,,0.1,86.8,8.08083176249647,96406578.7452462,8213931.0
RWA,Rwanda,2001,44.5885691122821,335.917875962708,,0.1,86.9,5.64063580854919,97850468.5126908,8287094.0
RWA,Rwanda,2002,45.2371301175517,340.501824077827,,0.1,87.1,3.32479230086688,117029662.449746,8400180.0
RWA,Rwanda,2003,45.3587353060397,348.069517632752,0.6,0.1,87.3,2.29795473519903,179269496.061821,8586875.0
RWA,Rwanda,2004,45.4398054316984,357.391325496555,1.8,0.1,87.6,2.68595662077977,153923682.305123,8816844.0
RWA,Rwanda,2005,45.5614106201865,367.025861370085,0.7,0.1,89.2,2.6908450571903,161047786.07597,9054528.0
RWA,Rwanda,2006,45.6830158086745,376.945520875557,4.0,0.1,90.6,2.68934981041493,162690607.127164,9299246.0
RWA,Rwanda,2007,45.8046209971625,387.107134171058,5.2,0.1,90.3,2.67823997031345,231629938.096428,9549933.0
RWA,Rwanda,2008,45.8856911228212,397.416659910823,1.5,0.1,90.6,2.64612716711945,392548191.804428,9804269.0
RWA,Rwanda,2009,46.9396027563843,407.800243210377,7.6,0.1,90.5,2.60046889100869,367490779.552183,10060432.0
RWA,Rwanda,2010,47.9935143899473,418.222659100122,2.6,0.2,90.5,2.5524228691024,343463777.68392,10317553.0
RWA,Rwanda,2011,49.0474260235103,428.606931495744,1.1,0.2,89.7,2.49280230256125,387179214.797425,10573733.0
RWA,Rwanda,2012,50.060802594244,438.990717470612,7.3,0.2,88.8,2.44497953015304,436406816.236307,10829901.0
RWA,Rwanda,2013,51.1147142278071,449.669233887313,5.8,0.2,88.5,3.18655194284357,452318001.896176,11093340.0
RWA,Rwanda,2014,52.1686258613701,460.671139035266,9.2,0.3,88.0,4.89218676859769,471029934.488301,11364757.0
RWA,Rwanda,2015,52.2091609241994,471.829023104986,12.5,0.3,86.3,6.27772586874097,460244249.063571,11640022.0
RWA,Rwanda,2016,52.2091609241994,483.144831779489,19.0,0.4,85.5,7.33433249429036,480923792.254383,11919183.0
RWA,Rwanda,2017,52.2496959870288,494.611268747467,23.6,0.4,84.5,8.06916696962031,502468411.666877,12202060.0
RWA,Rwanda,2018,50.060802594244,506.201702472639,28.0,0.5,82.8,8.51166548585975,409651603.632442,12487996.0
RWA,Rwanda,2019,48.3177948925821,517.880137819214,38.3,0.5,81.8,8.70483012072618,370631875.317566,12776103.0
RWA,Rwanda,2020,49.2338873125253,529.624523713012,34.9,0.6,81.7,8.69819879632089,393152102.065189,13065837.0
RWA,Rwanda,2021,51.4146736927442,541.35630320227,38.2,0.7,79.4,8.52382771076354,415762301.848239,13355260.0
RWA,Rwanda,2022,50.2005391163356,553.345358735306,38.2,0.8,79.9,8.41216905490219,,13651030.0
WSM,Samoa,1990,6.71378091872792,59.7321554770318,,,64.0,1.01828963451101,2718563.08158791,169042.0
WSM,Samoa,1991,6.71378091872792,59.8473498233216,73.8819044183384,,61.8,0.907398806740899,2941127.87236658,169368.0
WSM,Samoa,1992,6.00706713780919,60.1876325088339,77.430973090742,,60.6,1.10412312972868,3318502.70268981,170331.0
WSM,Samoa,1993,6.00706713780919,60.6975265017668,78.3658504639317,,59.2,1.36527454760516,3481604.03264831,171774.0
WSM,Samoa,1994,6.00706713780919,61.186925795053,75.2197021127811,,60.0,1.32534836072059,3794357.62929232,173159.0
WSM,Samoa,1995,6.00706713780919,61.6858657243816,80.2407426538531,,58.6,1.32395584343466,4552408.05354414,174571.0
WSM,Samoa,1996,6.00706713780919,62.2159010600707,81.1808712088695,,58.2,1.33812155117554,4627226.70917725,176071.0
WSM,Samoa,1997,6.00706713780919,62.7374558303887,82.1231409035882,,59.1,1.27386939149663,3697200.39161298,177547.0
WSM,Samoa,1998,6.00706713780919,63.2173144876325,83.06693319734,,58.0,1.13763355982031,3481465.79484936,178905.0
WSM,Samoa,1999,5.75971731448763,63.7014134275618,84.0124695850263,,57.9,1.0666156843292,2761403.12984201,180275.0
WSM,Samoa,2000,4.9469964664311,64.1996466431095,85.2,7.2,59.7,0.987687235035718,1219515.39172666,181685.0
WSM,Samoa,2001,4.9469964664311,64.7229681978799,86.0,8.1,52.4,0.913453491335154,1467330.47756648,183166.0
WSM,Samoa,2002,4.59363957597173,65.1840989399293,86.8,9.1,49.6,0.564847284031573,1599877.49702558,184471.0
WSM,Samoa,2003,4.59363957597173,65.5229681978799,87.6,10.3,52.4,-0.22506099746853,1861075.21417711,185430.0
WSM,Samoa,2004,4.24028268551237,65.8123674911661,88.4,11.2,48.8,-0.725613242841683,1644560.09565233,186249.0
WSM,Samoa,2005,3.886925795053,66.069964664311,89.2,12.4,48.9,-0.979945436648355,1484234.64248247,186978.0
WSM,Samoa,2006,3.67491166077739,66.3282685512367,95.8,13.4,46.0,-0.928615151947339,1296458.65438624,187709.0
WSM,Samoa,2007,3.53356890459364,66.6971731448763,90.9,14.5,43.2,-0.70664460683795,1896141.88603942,188753.0
WSM,Samoa,2008,3.18021201413428,67.1756183745583,98.1,15.6,45.0,-0.698782547991635,3003188.50474113,190107.0
WSM,Samoa,2009,2.79151943462898,67.6724381625442,97.4,16.8,43.2,-0.740054094351183,2785429.78170656,191513.0
WSM,Samoa,2010,4.24028268551237,68.2060070671378,95.8,17.85,41.9,-0.588696672817733,2793069.52993941,193023.0
WSM,Samoa,2011,5.65371024734982,68.8031802120141,96.2,18.9,40.6,-0.20660353867531,3565368.31363425,194713.0
WSM,Samoa,2012,7.06713780918728,69.4339222614841,96.2,20.1,40.2,0.201378332278472,3065563.23696121,196498.0
WSM,Samoa,2013,8.48056537102473,70.0593639575972,96.4,21.4,42.6,0.422359580830143,2827712.21729972,198268.0
WSM,Samoa,2014,9.89399293286219,70.6844522968198,97.5,22.6,41.4,0.50604112191919,4097991.39707933,200037.0
WSM,Samoa,2015,11.469964664311,71.3010600706714,97.8,23.9,37.1,0.462276303263378,3173375.62228972,201782.0
WSM,Samoa,2016,9.10247349823322,71.9077738515901,98.7,25.2,36.8,0.285593185509885,3590327.96115164,203499.0
WSM,Samoa,2017,6.85611510791367,73.8902877697842,96.1,26.2,35.8,0.092449929543142,4269116.95543166,205415.0
WSM,Samoa,2018,4.44244604316547,74.6697841726619,99.8,27.5,36.6,-0.231285277721216,2325029.78211392,207582.0
WSM,Samoa,2019,4.06115107913669,75.4604316546763,99.0,28.6,34.2,-0.614211329900257,2120401.36554453,209780.0
WSM,Samoa,2020,4.06115107913669,76.2388489208633,100.0,29.9,35.6,-0.965034996531743,2620970.34012543,211944.0
WSM,Samoa,2021,4.06115107913669,76.8989208633094,97.9,30.9,36.0,-1.85723015748974,2365083.12332653,213779.0
WSM,Samoa,2022,4.06115107913669,77.4320143884892,97.9,31.9,35.9,0.311058780327843,,215261.0
SMR,San Marino,1990,16.6666666666667,391.25,100.0,,,1.45067491394865,,23475.0
SMR,San Marino,1991,16.6666666666667,396.616666666667,100.0,,,1.55512508964869,,23797.0
SMR,San Marino,1992,16.6666666666667,402.083333333333,100.0,,,1.65900728298243,,24125.0
SMR,San Marino,1993,16.6666666666667,407.866666666667,100.0,,,1.79322314588219,,24472.0
SMR,San Marino,1994,16.6666666666667,413.716666666667,100.0,,,1.84077407163549,,24823.0
SMR,San Marino,1995,16.6666666666667,419.3,100.0,,,1.78159999271963,,25158.0
SMR,San Marino,1996,16.6666666666667,424.7,100.0,,,1.7291990528963,,25482.0
SMR,San Marino,1997,16.6666666666667,430.0,100.0,,,1.66642469265584,,25800.0
SMR,San Marino,1998,16.6666666666667,435.416666666667,100.0,,,1.64321488782578,,26125.0
SMR,San Marino,1999,16.6666666666667,440.983333333333,100.0,,,1.5964501142917,,26459.0
SMR,San Marino,2000,16.6666666666667,446.65,100.0,100.0,,1.51964593166187,,26799.0
SMR,San Marino,2001,16.6666666666667,452.383333333333,100.0,100.0,,1.41061666931089,,27143.0
SMR,San Marino,2002,16.6666666666667,458.183333333333,100.0,100.0,,1.32519380953177,,27491.0
SMR,San Marino,2003,16.6666666666667,464.05,100.0,100.0,,1.32696806635651,,27843.0
SMR,San Marino,2004,16.6666666666667,490.95,100.0,100.0,,5.8653805449799,,29457.0
SMR,San Marino,2005,16.6666666666667,497.266666666667,100.0,100.0,,1.73246461300421,,29836.0
SMR,San Marino,2006,16.6666666666667,503.066666666667,100.0,100.0,,1.75517002196815,,30184.0
SMR,San Marino,2007,16.6666666666667,520.183333333333,100.0,100.0,,3.98388403546371,,31211.0
SMR,San Marino,2008,16.6666666666667,527.7,100.0,100.0,,2.0290311318069,,31662.0
SMR,San Marino,2009,16.6666666666667,551.1,100.0,100.0,,4.80424970821358,,33066.0
SMR,San Marino,2010,16.6666666666667,554.5,100.0,100.0,,0.858240909624293,,33270.0
SMR,San Marino,2011,16.6666666666667,543.666666666667,100.0,100.0,,-1.94781915885654,,32620.0
SMR,San Marino,2012,16.6666666666667,557.816666666667,100.0,100.0,,2.56823939110504,,33469.0
SMR,San Marino,2013,16.6666666666667,550.683333333333,100.0,100.0,,-1.28522541451626,,33041.0
SMR,San Marino,2014,16.6666666666667,544.25,100.0,100.0,,-1.17572798605125,,32655.0
SMR,San Marino,2015,33.0833333333333,548.283333333333,100.0,100.0,,0.738404951263499,,32897.0
SMR,San Marino,2016,33.0833333333333,551.683333333333,100.0,100.0,,0.617940921458467,,33101.0
SMR,San Marino,2017,33.0833333333333,563.75,100.0,100.0,,2.16366061444133,,33825.0
SMR,San Marino,2018,33.0833333333333,575.366666666667,100.0,100.0,,2.04030282579077,,34522.0
SMR,San Marino,2019,33.0833333333333,577.716666666667,100.0,100.0,,0.407866118643148,,34663.0
SMR,San Marino,2020,33.0833333333333,579.5,100.0,100.0,,0.30851403883154,,34770.0
SMR,San Marino,2021,33.0833333333333,570.866666666667,100.0,100.0,,-1.49804359144153,,34252.0
SMR,San Marino,2022,33.0833333333333,562.583333333333,100.0,100.0,,-1.45063945080637,,33755.0
STP,Sao Tome and Principe,1990,2.08333333333333,128.104166666667,,,50.9,5.23663861302011,2199208.93399426,122980.0
STP,Sao Tome and Principe,1991,2.08333333333333,130.934375,,,50.9,4.62689801120482,2161170.26874724,125697.0
STP,Sao Tome and Principe,1992,2.08333333333333,133.447916666667,,,54.2,4.06835176589847,2233361.35821109,128110.0
STP,Sao Tome and Principe,1993,2.08333333333333,135.903125,,,54.5,3.83878087940307,1956115.54699221,130467.0
STP,Sao Tome and Principe,1994,3.125,138.2625,,,53.4,3.62252830320617,2257427.48002355,132732.0
STP,Sao Tome and Principe,1995,4.16666666666667,140.515625,,,53.9,3.43628336523486,3254514.86756624,134895.0
STP,Sao Tome and Principe,1996,4.16666666666667,142.66875,,,55.6,3.28662432884286,3209014.53452825,136962.0
STP,Sao Tome and Principe,1997,5.20833333333333,144.710416666667,,,56.1,3.1605405150852,3012910.15586261,138922.0
STP,Sao Tome and Principe,1998,5.20833333333333,146.615625,,,55.1,3.04563414119876,3334281.70030081,140751.0
STP,Sao Tome and Principe,1999,6.25,148.377083333333,,,56.7,2.95561031170054,2317624.10409963,142442.0
STP,Sao Tome and Principe,2000,6.25,150.01875,40.1,0.0,54.7,2.90353488580294,2320892.7156873,144018.0
STP,Sao Tome and Principe,2001,6.25,152.473958333333,36.5,0.0,55.5,3.48467313301681,2262220.34229216,146375.0
STP,Sao Tome and Principe,2002,6.25,156.16875,37.4,0.1,55.3,4.46058781732521,2729181.4120356,149922.0
STP,Sao Tome and Principe,2003,6.25,160.222916666667,38.4,0.1,51.8,4.93959647135819,4089864.17661736,153814.0
STP,Sao Tome and Principe,2004,6.25,164.276041666667,39.4,0.1,48.9,5.06154189246628,3504497.88286188,157705.0
STP,Sao Tome and Principe,2005,6.25,168.373958333333,40.4,0.1,47.9,5.09185364143527,3745876.54288737,161639.0
STP,Sao Tome and Principe,2006,6.25,172.539583333333,41.4,0.1,47.3,5.02645908668235,3833326.02836028,165638.0
STP,Sao Tome and Principe,2007,6.25,176.770833333333,42.5,0.2,47.7,4.86039046953005,5401285.42992595,169700.0
STP,Sao Tome and Principe,2008,6.25,181.034375,43.7,0.2,46.0,4.58552859516798,6615232.07172523,173793.0
STP,Sao Tome and Principe,2009,6.25,185.263541666667,34.1,0.2,45.4,4.19197701224462,6590976.91406951,177853.0
STP,Sao Tome and Principe,2010,6.25,189.377083333333,46.2,0.3,38.2,3.6816471189837,7815785.03328066,181802.0
STP,Sao Tome and Principe,2011,4.16666666666667,193.384375,47.5,0.3,42.4,3.10388401197439,8848027.38699675,185649.0
STP,Sao Tome and Principe,2012,4.16666666666667,197.332291666667,42.8,0.4,40.1,2.47873110609636,9569500.74747477,189439.0
STP,Sao Tome and Principe,2013,4.16666666666667,201.195833333333,50.4,0.4,42.8,2.08384707801428,10035581.2887235,193148.0
STP,Sao Tome and Principe,2014,4.16666666666667,204.965625,52.4,0.5,38.4,2.04961966603569,10559532.265194,196767.0
STP,Sao Tome and Principe,2015,4.16666666666667,208.636458333333,53.8,0.5,39.2,1.9691949537029,10786942.4105977,200291.0
STP,Sao Tome and Principe,2016,4.16666666666667,212.176041666667,58.6,0.6,38.1,1.87592193871202,11316065.8957328,203689.0
STP,Sao Tome and Principe,2017,4.16666666666667,215.59375,76.2,0.7,39.2,1.78996975166943,11840851.5519501,206970.0
STP,Sao Tome and Principe,2018,4.16666666666667,218.944791666667,55.7,0.7,40.6,1.73603425393872,9634117.62397283,210187.0
STP,Sao Tome and Principe,2019,4.16666666666667,222.283333333333,68.2,0.7,38.6,1.70502961358324,8747890.27177346,213392.0
STP,Sao Tome and Principe,2020,4.16666666666667,226.494791666667,71.0,0.8,41.6,2.06923715017051,9357405.24547638,217435.0
STP,Sao Tome and Principe,2021,4.16666666666667,231.209375,73.7,0.9,40.8,2.25090533676363,9924242.75493671,221961.0
STP,Sao Tome and Principe,2022,4.16666666666667,235.734375,73.7,1.0,42.5,2.22850083786605,,226305.0
SAU,Saudi Arabia,1990,1.57697156334169,4.94987230716987,100.0,,0.0,5.80122736479573,1507921.59047619,10640691.0
SAU,Saudi Arabia,1991,1.66489121687313,5.19179230493699,100.0,,0.0,5.4940788762643,1547167.07619048,11160744.0
SAU,Saudi Arabia,1992,1.69791923486642,5.43644711563063,100.0,,0.0,5.16130574488112,1375678.9857533,11686676.0
SAU,Saudi Arabia,1993,1.70815326861082,5.68261563295173,100.0,,0.0,4.8675822065585,1026292.8415378,12215862.0
SAU,Saudi Arabia,1994,1.70383092445888,5.93110634556611,100.0,,0.0,4.66846498385671,1183070.94452774,12750040.0
SAU,Saudi Arabia,1995,1.69950862682526,6.18193553489108,100.0,,0.0,4.4874121756748,1806707.36551724,13289245.0
SAU,Saudi Arabia,1996,1.69518628267332,6.43395512841386,100.0,,0.0,4.30501029417994,1852873.68275862,13831009.0
SAU,Saudi Arabia,1997,1.6908639850397,6.68698416981053,100.0,,0.0,4.13736344266529,1949702.05517241,14374943.0
SAU,Saudi Arabia,1998,1.68654164088776,6.94155203773567,100.0,,0.0,3.99388187566631,2802096.0,14922185.0
SAU,Saudi Arabia,1999,1.68221934325414,7.19735171117696,100.0,,0.0,3.86081347169192,1261354.61581602,15472075.0
SAU,Saudi Arabia,2000,1.6778969991022,7.52560694797855,100.0,100.0,0.0,4.69292894694761,1282233.24391583,16177722.0
SAU,Saudi Arabia,2001,1.67357470146858,7.92737417953286,100.0,100.0,0.0,5.43180210903215,1470984.30769231,17041397.0
SAU,Saudi Arabia,2002,1.66925235731664,8.33185715149626,100.0,100.0,0.0,5.21143299195641,1683341.51826923,17910910.0
SAU,Saudi Arabia,2003,1.66493005968302,8.73929124664486,100.0,100.0,0.0,5.0199550998406,2465295.22398178,18786767.0
SAU,Saudi Arabia,2004,1.66060771553108,9.1499146388549,100.0,100.0,0.0,4.85538715845566,2464073.16642339,19669480.0
SAU,Saudi Arabia,2005,1.65628541789746,9.56411854732543,100.0,100.0,0.0,4.70355008519536,2503921.62770326,20559890.0
SAU,Saudi Arabia,2006,1.65196307374552,9.9824365373612,100.0,100.0,0.0,4.5562625287995,3141106.65611185,21459144.0
SAU,Saudi Arabia,2007,1.64764072959357,10.4053668203322,100.0,100.0,0.0,4.42265161870453,2976199.66808711,22368313.0
SAU,Saudi Arabia,2008,1.64331843195996,10.8331326842475,100.0,100.0,0.0,4.2999854317169,5360394.81837688,23287877.0
SAU,Saudi Arabia,2009,1.63899608780801,11.2656494657369,100.0,100.0,0.0,4.18436597790186,5355754.81288209,24217654.0
SAU,Saudi Arabia,2010,1.6346737901744,11.1543929589848,100.0,100.0,0.0,-0.730542307285643,6575453.14280412,23978487.0
SAU,Saudi Arabia,2011,1.63035144602245,11.6723187994548,100.0,100.0,0.0,4.75192586578209,7735052.39970119,25091867.0
SAU,Saudi Arabia,2012,1.62602914838884,12.1733184784783,100.0,100.0,0.0,4.4173573894565,9092770.75441034,26168861.0
SAU,Saudi Arabia,2013,1.62170680423689,12.8502267768841,100.0,100.0,0.0,5.62477081446307,7723373.38392214,27624004.0
SAU,Saudi Arabia,2014,1.61738450660328,13.1690025073383,100.0,100.0,0.0,2.66213572357898,12677158.9637243,28309273.0
SAU,Saudi Arabia,2015,1.61306216245133,13.8700845238151,100.0,100.0,0.0,5.39685181030722,11779920.5566371,29816382.0
SAU,Saudi Arabia,2016,1.60873986481772,14.399377584675,100.0,100.0,0.0,3.95321083599584,9338967.75157536,30954198.0
SAU,Saudi Arabia,2017,1.60441752066577,14.4101498355577,100.0,100.0,0.0,0.280951636777265,11790181.6242122,30977355.0
SAU,Saudi Arabia,2018,1.60009522303216,14.0468072140634,100.0,100.0,0.0,-2.34971628714086,6126485.42416128,30196281.0
SAU,Saudi Arabia,2019,1.59577287888021,13.9851787932213,100.0,100.0,0.0,-0.237893478845003,8425200.711232,30063799.0
SAU,Saudi Arabia,2020,1.59577287888021,14.6777023663877,100.0,100.0,0.1,5.03257353185149,7868251.30683335,31552510.0
SAU,Saudi Arabia,2021,1.59577287888021,14.320382473752,100.0,100.0,0.1,-2.26763551328465,7477772.66566748,30784383.0
SAU,Saudi Arabia,2022,1.59577287888021,14.9673785522564,100.0,100.0,,4.61320861357201,,32175224.0
SEN,Senegal,1990,16.0598348309354,40.1003635797019,,,55.5,3.41212325378717,0.0,7720523.0
SEN,Senegal,1991,15.4417493377655,41.2563496597933,,,55.3,3.33771619854824,0.0,7943085.0
SEN,Senegal,1992,15.8105230353711,42.4266088401807,,,53.7,3.25459490351266,0.0,8168395.0
SEN,Senegal,1993,16.0078948735262,43.610284111567,4.87466167299289,,55.1,3.18029598248044,0.0,8396288.0
SEN,Senegal,1994,16.5065184646549,44.793424401392,2.07164054676155,,54.8,3.08565528104381,0.0,8624078.0
SEN,Senegal,1995,15.9819248948216,45.9569989092609,3.91607759069201,,53.2,2.96248664844295,0.0,8848101.0
SEN,Senegal,1996,16.7090842985509,47.0940320988937,5.7664919620875,,52.5,2.84010587152889,0.0,9067014.0
SEN,Senegal,1997,15.2599594868332,48.2184334908845,7.84425287953184,,50.7,2.76239127624609,0.0,9283495.0
SEN,Senegal,1998,13.9458785643796,49.3582922142004,9.49389437250895,,48.0,2.75463935071453,0.0,9502952.0
SEN,Senegal,1999,17.6959434893263,50.5421856334078,11.6195222574929,,45.9,2.81221869600002,0.0,9730887.0
SEN,Senegal,2000,17.2544538513478,51.775099984418,12.8,6.9,47.5,2.88407851293906,0.0,9968260.0
SEN,Senegal,2001,16.0961928011219,53.0459772502987,15.3,7.3,45.8,2.93901710779535,0.0,10212942.0
SEN,Senegal,2002,15.8416870098167,54.3614709395938,11.3,7.7,43.8,3.01515890743062,0.0,10466214.0
SEN,Senegal,2003,15.2287955123877,55.6857424816912,18.6,7.9,43.7,3.01507438361922,0.0,10721176.0
SEN,Senegal,2004,15.5144652781385,57.0077598296369,8.7,8.0,39.9,2.98712103341008,0.0,10975704.0
SEN,Senegal,2005,16.2364306861268,58.3569937152652,23.3,8.0,40.3,3.01184993147925,0.0,11235472.0
SEN,Senegal,2006,14.7405599127409,59.7314392562198,25.4,7.85,43.4,3.0386102149415,0.0,11500094.0
SEN,Senegal,2007,14.802887861632,61.1351166052044,24.5,7.6,40.0,3.07746243001232,0.0,11770344.0
SEN,Senegal,2008,18.802264582143,62.5822417285618,26.1,7.2,39.8,3.14379957341358,0.0,12048959.0
SEN,Senegal,2009,18.802264582143,64.0803459201163,30.6,7.0,51.3,3.22499710274526,0.0,12337389.0
SEN,Senegal,2010,18.802264582143,65.6282813068093,34.9,6.7,49.5,3.30650702463761,0.0,12635413.0
SEN,Senegal,2011,17.1401859450475,67.3084558250662,31.7,6.5,48.0,3.51254283884555,0.0,12958897.0
SEN,Senegal,2012,17.1401859450475,69.1346543395834,32.5,6.3,49.6,3.73117471947222,0.0,13310495.0
SEN,Senegal,2013,17.1401859450475,71.2140913104451,31.8,6.2,42.7,4.0885427494987,0.0,13710849.0
SEN,Senegal,2014,17.1401859450475,73.5059575131148,41.0,6.2,42.5,4.40810828928847,0.0,14152102.0
SEN,Senegal,2015,18.9840544330754,75.7976990598868,38.1,6.1,39.1,4.53448110243958,0.0,14593331.0
SEN,Senegal,2016,18.7503246247338,78.0892380408248,44.5,6.1,36.7,4.65122615097993,0.0,15034521.0
SEN,Senegal,2017,18.9321144756661,80.3770944787825,35.4,6.3,36.8,4.73738398703341,0.0,15475002.0
SEN,Senegal,2018,19.1139043265985,82.6598348309354,41.4,6.6,34.2,4.796373610501,0.0,15914498.0
SEN,Senegal,2019,19.2956941775308,84.9370072196541,47.8,6.9,36.2,4.8304347822934,0.0,16352922.0
SEN,Senegal,2020,19.4774840284631,87.2031319794318,38.6,7.3,38.7,4.83501162675689,0.0,16789219.0
SEN,Senegal,2021,19.893003687737,89.4451098530099,43.4,7.7,35.4,4.80370767293112,0.0,17220867.0
SEN,Senegal,2022,19.893003687737,91.6797538046019,43.4,8.2,,4.77205195281825,,17651103.0
SRB,Serbia,1990,,,100.0,,14.5,0.888976442870665,,7897937.0
SRB,Serbia,1991,,,100.0,,17.2,-3.01590330238329,,7595636.0
SRB,Serbia,1992,,,100.0,,17.8,1.05913354463306,,7604063.0
SRB,Serbia,1993,,,100.0,,19.2,1.13772078129663,,7614328.0
SRB,Serbia,1994,,,100.0,,20.9,1.14732511532751,,7622711.0
SRB,Serbia,1995,,,100.0,,23.3,1.12670489545963,,7628264.0
SRB,Serbia,1996,,,100.0,,18.0,0.97366115828025,,7622185.0
SRB,Serbia,1997,,,100.0,,15.2,0.725700484366613,,7598538.0
SRB,Serbia,1998,,,100.0,,15.5,0.597641890902071,,7567745.0
SRB,Serbia,1999,,,100.0,,22.1,0.593874714550585,,7540401.0
SRB,Serbia,2000,,,100.0,30.6,22.1,0.57385695413455,,7516346.0
SRB,Serbia,2001,,,100.0,31.9,19.6,0.644845563258133,,7503433.0
SRB,Serbia,2002,,,100.0,33.2,18.0,0.691757306397593,,7500031.0
SRB,Serbia,2003,,,99.9,34.3,15.7,0.473687619458973,,7480591.0
SRB,Serbia,2004,,,99.8,35.6,14.6,0.530361720002887,,7463157.0
SRB,Serbia,2005,,,99.6,37.0,16.1,0.45814579695286,,7440769.0
SRB,Serbia,2006,29.6787102675509,84.742385090327,99.7,38.4,15.3,0.33148708728334,9744115.14329374,7411569.0
SRB,Serbia,2007,29.9199634118454,84.3994854790761,99.7,39.5,14.0,0.257266241353083,838490.633834239,7381579.0
SRB,Serbia,2008,30.4196203978962,84.0409558655385,99.6,41.2,15.5,0.147722500028735,0.0,7350222.0
SRB,Serbia,2009,29.8845186370912,83.7046306883147,99.6,42.6,20.7,0.0562112912659308,0.0,7320807.0
SRB,Serbia,2010,30.3487308483878,83.3688085982163,99.5,44.1,20.5,-0.0877718210886263,48320831.2824084,7291436.0
SRB,Serbia,2011,30.1795106334324,82.740898696547,99.6,45.7,17.4,-0.613988533977234,14437783.8040867,7236519.0
SRB,Serbia,2012,29.2945346444089,82.3404642122113,99.6,47.1,19.5,-0.633433722847429,0.0,7201497.0
SRB,Serbia,2013,29.6169677566888,81.9409215641436,99.9,49.3,20.0,-0.0421019479481374,0.0,7166553.0
SRB,Serbia,2014,29.7930482506289,81.5434141321747,99.5,50.8,23.2,-0.0396842636267663,0.0,7131787.0
SRB,Serbia,2015,29.6249714155042,81.1271781385776,99.9,53.2,21.2,-0.0770253811868713,0.0,7095383.0
SRB,Serbia,2016,29.7050080036588,80.7034301394923,99.9,55.3,20.9,-0.114523241574928,0.0,7058322.0
SRB,Serbia,2017,29.6707066087354,80.275074319689,100.0,57.1,20.0,-0.142422406693231,0.0,7020858.0
SRB,Serbia,2018,29.5335010290418,79.8376857992225,100.0,59.7,21.0,-0.180561581783355,0.0,6982604.0
SRB,Serbia,2019,29.4877658358107,79.4104161902584,99.7,61.8,21.4,-0.198834648400159,0.0,6945235.0
SRB,Serbia,2020,30.9668212629326,82.0445475086217,100.0,64.3,26.0,-0.38152770126292,0.0,6899126.0
SRB,Serbia,2021,31.0976334879296,81.2739445831847,100.0,66.6,27.2,-0.714143222262138,0.0,6834326.0
SRB,Serbia,2022,30.9192531811155,79.2537638244738,100.0,68.6,,-1.64497990270082,,6664449.0
SYC,Seychelles,1990,2.17391304347826,151.102173913043,,,4.2,0.135405648852879,457499.557203151,69507.0
SYC,Seychelles,1991,2.17391304347826,153.128260869565,,,3.5,0.861114804986781,417466.622815288,70439.0
SYC,Seychelles,1992,2.17391304347826,153.832608695652,,,3.3,-0.125483346151136,474917.604447344,70763.0
SYC,Seychelles,1993,2.17391304347826,157.071739130435,,,3.1,1.38901190736281,481355.28577811,72253.0
SYC,Seychelles,1994,2.17391304347826,161.315217391304,81.3051281349631,,2.8,1.88846324148524,496161.160399556,74205.0
SYC,Seychelles,1995,2.17391304347826,163.704347826087,85.5084110027475,,3.0,-0.299994564717005,605167.511640212,75304.0
SYC,Seychelles,1996,2.17391304347826,166.123913043478,86.1666082810887,,2.3,-1.57695026168941,560506.335404835,76417.0
SYC,Seychelles,1997,2.17391304347826,168.084782608696,84.9802673137764,,2.1,-1.20799255766164,498948.971829902,77319.0
SYC,Seychelles,1998,2.17391304347826,171.404347826087,87.5086747413272,,1.9,0.997572360400083,499804.840159482,78846.0
SYC,Seychelles,1999,2.17391304347826,174.804347826087,88.1962329164559,,1.8,1.24738165180995,463730.66110949,80410.0
SYC,Seychelles,2000,2.17391304347826,176.371739130435,89.5,100.0,1.5,0.335704440452808,656935.678240475,81131.0
SYC,Seychelles,2001,2.17391304347826,176.526086956522,90.0,100.0,1.3,-0.330005135766431,627652.668599023,81202.0
SYC,Seychelles,2002,2.17391304347826,182.00652173913,93.4,100.0,1.1,2.77370148108795,731244.938549704,83723.0
SYC,Seychelles,2003,2.17391304347826,179.958695652174,91.0,100.0,1.1,-1.33930573364381,835455.961857857,82781.0
SYC,Seychelles,2004,2.17391304347826,179.29347826087,91.5,100.0,1.0,-0.560556952966921,550365.600112985,82475.0
SYC,Seychelles,2005,2.17391304347826,180.126086956522,92.1,100.0,0.9,0.296162795629041,835921.125844382,82858.0
SYC,Seychelles,2006,2.17391304347826,183.913043478261,99.2,100.0,0.9,1.9329797856169,1044956.32252753,84600.0
SYC,Seychelles,2007,2.17391304347826,184.854347826087,93.1,100.0,1.0,0.388756882725038,1123610.84434165,85033.0
SYC,Seychelles,2008,2.17391304347826,189.034782608696,93.7,100.0,0.9,2.14254047576637,1726004.71823249,86956.0
SYC,Seychelles,2009,2.17391304347826,189.778260869565,94.3,100.0,0.8,0.333432237712598,1363933.54093704,87298.0
SYC,Seychelles,2010,1.95652173913044,195.152173913043,94.4,100.0,0.7,2.76666619873931,1425360.10119316,89770.0
SYC,Seychelles,2011,0.293478260869565,190.089130434783,96.4,100.0,0.8,-2.59500615068571,1596402.44379288,87441.0
SYC,Seychelles,2012,0.304347826086957,191.963043478261,96.7,100.0,0.8,1.10071337716096,1742656.48407382,88303.0
SYC,Seychelles,2013,0.326086956521739,195.541304347826,96.2,100.0,1.5,2.05673566857558,1817987.78318662,89949.0
SYC,Seychelles,2014,0.326086956521739,198.60652173913,100.0,100.0,1.4,1.84208964893578,1699112.38581101,91359.0
SYC,Seychelles,2015,0.326086956521739,203.084782608696,100.0,100.0,1.4,2.5942803823661,1417048.87413329,93419.0
SYC,Seychelles,2016,0.326086956521739,205.819565217391,100.0,100.0,1.2,1.77017559712726,1475820.82184472,94677.0
SYC,Seychelles,2017,0.326086956521739,208.354347826087,100.0,100.0,1.2,1.72019677124936,1836398.79757299,95843.0
SYC,Seychelles,2018,0.326086956521739,210.352173913043,100.0,100.0,1.2,1.50697403750786,1987353.21572697,96762.0
SYC,Seychelles,2019,0.326086956521739,212.228260869565,100.0,100.0,1.2,1.49624047880296,1642175.16210601,97625.0
SYC,Seychelles,2020,0.326086956521739,214.047826086957,100.0,100.0,1.3,1.5062891643526,1658301.70820965,98462.0
SYC,Seychelles,2021,0.326086956521739,215.778260869565,100.0,100.0,1.7,1.50200812004348,1754733.00317922,99258.0
SYC,Seychelles,2022,0.326086956521739,260.604347826087,100.0,100.0,1.9,,,119878.0
SLE,Sierra Leone,1990,6.73316708229426,58.1439179828207,,,92.3,4.66588996274539,94504866.82451,4196828.0
SLE,Sierra Leone,1991,6.73316708229426,58.8288584095317,,,91.8,1.83891880629733,90877420.4515249,4246267.0
SLE,Sierra Leone,1992,6.73316708229426,57.7218897201441,,,92.5,-1.2658379057924,91234817.8088233,4166366.0
SLE,Sierra Leone,1993,6.73316708229426,57.593931837074,,,93.0,0.38531635164285,72789336.9863773,4157130.0
SLE,Sierra Leone,1994,6.71931282903851,57.8152535328346,,,92.7,0.971795339891556,85340233.9226078,4173105.0
SLE,Sierra Leone,1995,6.71931282903851,57.89940426711,,,93.8,0.721797136369353,133918664.088024,4179179.0
SLE,Sierra Leone,1996,6.71931282903851,58.1769188140759,,,94.3,1.04968881856849,132806941.651482,4199210.0
SLE,Sierra Leone,1997,6.70545857578276,58.9320587420338,,,94.5,1.86332496547475,132829675.437911,4253716.0
SLE,Sierra Leone,1998,6.70545857578276,59.5148933222499,,,94.6,1.56657712055514,141469808.353846,4295785.0
SLE,Sierra Leone,1999,6.70545857578276,59.8232612912164,,,95.0,1.114630243727,87013513.7912737,4318043.0
SLE,Sierra Leone,2000,6.78858409531726,61.2858270989194,,0.3,93.3,3.03497083220683,88232121.1594145,4423611.0
SLE,Sierra Leone,2001,9.44195067885841,65.0140759213078,,0.3,91.2,6.55318123016343,85052539.4657184,4692716.0
SLE,Sierra Leone,2002,12.6084788029925,68.8755195344971,,0.3,88.0,6.4513495307338,102374690.201375,4971435.0
SLE,Sierra Leone,2003,17.1331393737878,71.7329869770019,,0.4,86.5,4.78659405360703,173505023.280595,5177687.0
SLE,Sierra Leone,2004,19.9186755333888,74.199459684123,9.7,0.4,86.5,4.14987351553168,157664119.080133,5355717.0
SLE,Sierra Leone,2005,20.3937378775284,76.2221113881962,,0.4,88.1,3.50535503914596,162197794.839084,5501712.0
SLE,Sierra Leone,2006,23.412025491826,77.9227763923524,,0.4,84.4,3.07624958228152,154491476.755636,5624466.0
SLE,Sierra Leone,2007,17.7849819894708,79.65297866445,0.6,0.3,86.3,3.11174558035671,227024709.054115,5749352.0
SLE,Sierra Leone,2008,19.0112219451372,81.6669714602383,,0.3,86.0,3.4529563504353,256868700.914822,5894722.0
SLE,Sierra Leone,2009,20.2406483790524,83.8964533111665,1.0,0.3,86.1,3.68402442323883,260559846.059713,6055646.0
SLE,Sierra Leone,2010,21.8949847603214,86.2110556940981,,0.3,84.9,3.7413902895405,218638784.169349,6222714.0
SLE,Sierra Leone,2011,22.8959545580493,88.4905929620393,,0.2,81.0,3.65364754265154,250356524.495934,6387251.0
SLE,Sierra Leone,2012,20.3886118038238,90.7603214186755,1.5,0.2,79.1,3.59534718936525,291249675.337378,6551080.0
SLE,Sierra Leone,2013,21.9402881684677,93.0181629260183,,0.2,74.6,3.53401051171368,303542722.420345,6714051.0
SLE,Sierra Leone,2014,21.9451371571072,95.2671792740371,1.8,0.1,73.0,3.47508947100445,341180542.358183,6876385.0
SLE,Sierra Leone,2015,21.9451371571072,97.5014546965918,1.9,0.1,74.0,3.40268207799514,364323058.451231,7037655.0
SLE,Sierra Leone,2016,21.9451371571072,99.8244389027431,1.6,0.1,73.6,3.48255460179657,384792910.03303,7205328.0
SLE,Sierra Leone,2017,21.9451371571072,102.234677195899,5.4,0.1,74.6,3.54630874641835,370303341.578658,7379299.0
SLE,Sierra Leone,2018,21.9451371571072,104.662829038515,6.4,0.0,75.9,3.51625356318864,279304884.130827,7554563.0
SLE,Sierra Leone,2019,21.9451371571072,107.120961485176,1.5,0.0,75.4,3.50104449063537,271320858.31131,7731991.0
SLE,Sierra Leone,2020,21.9451371571072,109.622582432807,4.7,0.0,75.1,3.49831252762627,298232917.183692,7912558.0
SLE,Sierra Leone,2021,21.9451371571072,112.144666112497,4.9,0.0,71.1,3.47439057205295,318893050.362317,8094602.0
SLE,Sierra Leone,2022,21.9451371571072,114.66898032696,5.0,0.0,71.6,3.43529012572599,,8276807.0
SGP,Singapore,1990,1.49253731343284,4547.95820895522,100.0,,0.2,3.88909360745296,332662.2,3047132.0
SGP,Singapore,1991,1.49253731343284,4679.22835820895,100.0,,0.5,2.84548286486563,330946.026666667,3135083.0
SGP,Singapore,1992,1.49253731343284,4821.93731343284,100.0,,0.5,3.00425639462047,532267.310063768,3230698.0
SGP,Singapore,1993,1.49253731343284,4945.47910447761,100.0,,0.5,2.5298067473268,407229.208046038,3313471.0
SGP,Singapore,1994,1.49253731343284,5103.05671641791,100.0,,0.5,3.13658693183625,542345.350418612,3419048.0
SGP,Singapore,1995,1.49253731343284,5260.45671641791,100.0,,0.4,3.03781348481124,834193.819136654,3524506.0
SGP,Singapore,1996,1.49253731343284,5478.66268656716,100.0,,0.5,4.06431846839029,801006.940760035,3670704.0
SGP,Singapore,1997,1.49253731343284,5665.72835820895,100.0,,0.4,3.35744219516066,728160.940132107,3796038.0
SGP,Singapore,1998,1.49253731343284,5861.51194029851,100.0,,0.4,3.39721227677287,608625.634782609,3927213.0
SGP,Singapore,1999,1.49253731343284,5908.54179104478,100.0,,0.4,0.799148451003949,320776.011001665,3958723.0
SGP,Singapore,2000,1.49253731343284,6011.77164179105,100.0,100.0,0.3,1.73204223254257,313235.821093001,4027887.0
SGP,Singapore,2001,1.49253731343284,6176.13731343284,100.0,100.0,0.6,2.6973558432636,361316.138082748,4138012.0
SGP,Singapore,2002,1.48148148148148,6186.59259259259,100.0,100.0,0.6,0.912639805776796,401602.918791946,4175950.0
SGP,Singapore,2003,0.873362445414847,5989.55749636099,100.0,100.0,0.6,-1.4745328419194,579737.881305307,4114826.0
SGP,Singapore,2004,1.01596516690856,6047.40783744557,100.0,100.0,0.5,1.2519166730553,639188.977962188,4166664.0
SGP,Singapore,2005,0.957910014513788,6191.23657474601,100.0,100.0,0.5,2.35051128857175,419166.382546417,4265762.0
SGP,Singapore,2006,0.936599423631124,6342.02449567723,100.0,100.0,0.5,3.1293891560754,481004.598518182,4401365.0
SGP,Singapore,2007,1.00719424460432,6602.30071942446,100.0,100.0,0.5,4.16600286360931,715021.368737209,4588599.0
SGP,Singapore,2008,0.857142857142857,6913.42285714286,100.0,100.0,0.5,5.32151708302625,1201794.98668593,4839396.0
SGP,Singapore,2009,0.857142857142857,7125.10428571429,100.0,100.0,0.5,3.01594991475788,1121350.13823638,4987573.0
SGP,Singapore,2010,0.911680911680912,7231.81196581197,100.0,100.0,0.5,1.77183287926401,1086854.72988376,5076732.0
SGP,Singapore,2011,0.894886363636364,7363.19318181818,100.0,100.0,0.5,2.08490245606007,1436178.02471546,5183688.0
SGP,Singapore,2012,0.892351274787535,7524.69830028329,100.0,100.0,0.5,2.4533903303102,1166757.56805522,5312437.0
SGP,Singapore,2013,0.806223479490806,7636.72135785007,100.0,100.0,0.6,1.61930809858873,1038242.38910787,5399162.0
SGP,Singapore,2014,0.78984485190409,7714.7023977433,100.0,100.0,0.6,1.29844017799226,1544271.69594673,5469724.0
SGP,Singapore,2015,0.78984485190409,7806.77291960508,100.0,100.0,0.7,1.18637693749822,1178847.25280465,5535002.0
SGP,Singapore,2016,0.78984485190409,7908.72073342736,100.0,100.0,0.7,1.29743609938602,1351000.36763884,5607283.0
SGP,Singapore,2017,0.786516853932584,7882.37780898876,100.0,100.0,0.7,0.0885954699924485,1554284.5353758,5612253.0
SGP,Singapore,2018,0.784313725490196,7897.30532212885,100.0,100.0,0.8,0.469704298714121,711648.667778339,5638676.0
SGP,Singapore,2019,0.782122905027933,7965.87849162011,100.0,100.0,0.9,1.14428330688929,635548.275680525,5703569.0
SGP,Singapore,2020,0.779944289693593,7918.95125348189,100.0,100.0,0.9,-0.311904961250821,835865.700421146,5685807.0
SGP,Singapore,2021,0.779944289693593,7595.49582172702,100.0,100.0,1.1,-4.17033630017526,718503.053747016,5453566.0
SGP,Singapore,2022,0.779944289693593,7851.00557103064,100.0,100.0,,3.30862052439523,,5637022.0
SXM,Sint Maarten (Dutch part),1990,,,,,,6.98052078388536,,28061.0
SXM,Sint Maarten (Dutch part),1991,,,,,,6.8348828682187,,30046.0
SXM,Sint Maarten (Dutch part),1992,,,,,,4.93827304900289,,31567.0
SXM,Sint Maarten (Dutch part),1993,,,,,,1.44358017700241,,32026.0
SXM,Sint Maarten (Dutch part),1994,,,,,,-0.340928969794629,,31917.0
SXM,Sint Maarten (Dutch part),1995,,,,,,-0.455338443145306,,31772.0
SXM,Sint Maarten (Dutch part),1996,,,,,,-0.549157132022842,,31598.0
SXM,Sint Maarten (Dutch part),1997,,,,,,-0.615855411464812,,31404.0
SXM,Sint Maarten (Dutch part),1998,,,,,,-0.674156266717121,,31193.0
SXM,Sint Maarten (Dutch part),1999,,,,,,-0.694871703790685,,30977.0
SXM,Sint Maarten (Dutch part),2000,,,,,,-0.660731148699809,,30773.0
SXM,Sint Maarten (Dutch part),2001,,,,,,-0.152848043546464,,30726.0
SXM,Sint Maarten (Dutch part),2002,,,,,,0.758684701305817,,30960.0
SXM,Sint Maarten (Dutch part),2003,,,,,,1.1784296790245,,31327.0
SXM,Sint Maarten (Dutch part),2004,,,,,,1.15208281910581,,31690.0
SXM,Sint Maarten (Dutch part),2005,,,,,,1.15143945524833,,32057.0
SXM,Sint Maarten (Dutch part),2006,,,,,,1.1506678870148,,32428.0
SXM,Sint Maarten (Dutch part),2007,,,,,,1.11318403688442,,32791.0
SXM,Sint Maarten (Dutch part),2008,,,,,,1.07377881990499,,33145.0
SXM,Sint Maarten (Dutch part),2009,,,,,,1.03848703265675,,33491.0
SXM,Sint Maarten (Dutch part),2010,,,100.0,,,0.900652591853574,,33794.0
SXM,Sint Maarten (Dutch part),2011,,1007.85294117647,100.0,,,1.38995199936431,,34267.0
SXM,Sint Maarten (Dutch part),2012,,1030.08823529412,100.0,,0.0,2.18221965906343,,35023.0
SXM,Sint Maarten (Dutch part),2013,,1054.52941176471,100.0,,0.0,2.34501483099113,,35854.0
SXM,Sint Maarten (Dutch part),2014,,1078.58823529412,100.0,,0.0,2.25583842596276,,36672.0
SXM,Sint Maarten (Dutch part),2015,,1102.08823529412,100.0,,0.0,2.15537793742833,,37471.0
SXM,Sint Maarten (Dutch part),2016,,1124.97058823529,100.0,,0.0,2.05501156733828,,38249.0
SXM,Sint Maarten (Dutch part),2017,,1146.94117647059,100.0,,0.0,1.93416606270848,,38996.0
SXM,Sint Maarten (Dutch part),2018,,1168.0,100.0,,0.0,1.81943322551715,,39712.0
SXM,Sint Maarten (Dutch part),2019,,1187.79411764706,100.0,,0.0,1.6805019872063,,40385.0
SXM,Sint Maarten (Dutch part),2020,,1206.11764705882,100.0,,0.0,1.53087407274557,,41008.0
SXM,Sint Maarten (Dutch part),2021,,1222.67647058824,100.0,,0.0,1.36356391629724,,41571.0
SXM,Sint Maarten (Dutch part),2022,,1239.38235294118,100.0,,0.0,1.35708688873829,,42139.0
SVK,Slovak Republic,1990,,,100.0,,2.2,0.71961503979848,,5299187.0
SVK,Slovak Republic,1991,,,100.0,,2.1,0.130987399613597,,5303294.0
SVK,Slovak Republic,1992,,,100.0,,2.3,-0.00275411570256344,,5305016.0
SVK,Slovak Republic,1993,32.4740124740125,110.713201663202,100.0,,4.1,0.306634117587281,0.0,5325305.0
SVK,Slovak Republic,1994,32.4532224532225,111.150332640333,100.0,,4.7,0.285280037611772,0.0,5346331.0
SVK,Slovak Republic,1995,32.3700623700624,111.476070686071,100.0,,4.2,0.155576337767491,0.0,5361999.0
SVK,Slovak Republic,1996,32.2869022869023,111.712286902287,100.0,,3.9,0.0516623925250872,0.0,5373361.0
SVK,Slovak Republic,1997,32.2245322245322,111.918731808732,100.0,,3.9,0.00707721655014487,0.0,5383291.0
SVK,Slovak Republic,1998,32.1621621621622,112.06893970894,100.0,,3.6,-0.0555778547096969,0.0,5390516.0
SVK,Slovak Republic,1999,31.995841995842,112.183367983368,100.0,,3.8,-0.0943357284871281,0.0,5396020.0
SVK,Slovak Republic,2000,31.7671517671518,112.031600831601,100.0,100.0,3.7,-0.333010976801324,0.0,5388720.0
SVK,Slovak Republic,2001,29.97920997921,111.826756756757,100.0,100.0,6.0,-0.377540572231472,0.0,5378867.0
SVK,Slovak Republic,2002,29.3139293139293,111.786112266112,100.0,100.0,5.5,-0.24951454700324,0.0,5376912.0
SVK,Slovak Republic,2003,29.3701933070048,111.689336936188,100.0,100.0,5.3,-0.314924771903284,0.0,5373374.0
SVK,Slovak Republic,2004,28.960498960499,111.689812889813,100.0,100.0,6.2,-0.297399132324784,0.0,5372280.0
SVK,Slovak Republic,2005,28.9189189189189,111.700769230769,100.0,100.0,6.3,-0.288210345411247,0.0,5372807.0
SVK,Slovak Republic,2006,28.6486486486486,111.705904365904,100.0,100.0,6.6,-0.307266922151052,0.0,5373054.0
SVK,Slovak Republic,2007,28.6278586278586,111.738503118503,100.0,100.0,8.2,-0.289326048315074,0.0,5374622.0
SVK,Slovak Republic,2008,28.7318087318087,111.834365904366,100.0,100.0,7.6,-0.232173427903046,0.0,5379233.0
SVK,Slovak Republic,2009,28.7377833229362,112.006778956124,100.0,100.0,10.0,-0.176723463677131,0.0,5386406.0
SVK,Slovak Republic,2010,28.9451248674388,112.108876920838,100.0,100.0,10.3,-0.201337917101142,0.0,5391428.0
SVK,Slovak Republic,2011,28.9302944601564,112.260522375645,100.0,100.0,10.4,-0.143278440121142,0.0,5398384.0
SVK,Slovak Republic,2012,28.9531691898187,112.451734320413,100.0,100.0,10.5,-0.0879668527626074,0.0,5407579.0
SVK,Slovak Republic,2013,28.3147562801531,112.572637664282,100.0,100.0,10.7,-0.147227174761791,0.0,5413393.0
SVK,Slovak Republic,2014,28.2695507487521,112.700686356073,100.0,100.0,12.2,-0.153526984107411,0.0,5418649.0
SVK,Slovak Republic,2015,28.0770350650971,112.803148787488,100.0,100.0,13.4,-0.151264565140252,0.0,5423801.0
SVK,Slovak Republic,2016,28.0158069883527,112.953369384359,100.0,100.0,13.1,-0.112939183747614,0.0,5430798.0
SVK,Slovak Republic,2017,27.932612312812,113.128785357737,100.0,100.0,12.4,-0.0820276118766918,0.0,5439232.0
SVK,Slovak Republic,2018,28.0366056572379,113.285586522463,100.0,100.0,12.4,-0.0939018587082026,0.0,5446771.0
SVK,Slovak Republic,2019,28.0574043261231,113.43899750416,100.0,100.0,17.6,-0.0920661602068446,0.0,5454147.0
SVK,Slovak Republic,2020,27.9950083194676,113.536335274542,100.0,100.0,17.6,-0.136452192519956,0.0,5458827.0
SVK,Slovak Republic,2021,27.5790349417637,113.295486688852,100.0,100.0,17.9,-0.321426792975625,0.0,5447247.0
SVK,Slovak Republic,2022,27.5166389351082,112.973211314476,100.0,100.0,,-0.284625106800357,,5431752.0
SVN,Slovenia,1990,,,100.0,,12.3,0.72536147809342,,1998161.0
SVN,Slovenia,1991,,,100.0,,13.1,-0.0482930686072701,,1999429.0
SVN,Slovenia,1992,9.9304865938431,99.1309831181728,100.0,,13.9,0.122171945230699,32619115.9584709,1996498.0
SVN,Slovenia,1993,9.9304865938431,98.8950347567031,100.0,,12.4,-0.843896918578242,21981454.3373132,1991746.0
SVN,Slovenia,1994,9.73187686196624,98.780685203575,100.0,,12.3,-0.477114160009028,33820291.3211266,1989443.0
SVN,Slovenia,1995,9.73187686196624,98.8019860973188,100.0,,11.5,0.0761070101246859,36647609.1218543,1989872.0
SVN,Slovenia,1996,9.48361469712016,98.7402184707051,100.0,,11.1,0.0804502052644837,38877479.7639673,1988628.0
SVN,Slovenia,1997,8.58987090367428,98.6075471698113,100.0,,10.2,0.0658929188956431,36724172.9437372,1985956.0
SVN,Slovenia,1998,8.54021847070507,98.3927010923535,100.0,,11.1,0.00869582166316233,28198827.5773807,1981629.0
SVN,Slovenia,1999,8.49056603773585,98.4630089374379,100.0,,10.9,0.293913413872592,29415058.4280555,1983045.0
SVN,Slovenia,2000,8.58987090367428,98.7549652432969,100.0,100.0,18.0,0.483745880722465,30144958.1177334,1988925.0
SVN,Slovenia,2001,8.58987090367428,98.9106256206554,100.0,100.0,18.7,0.280267576377183,29883409.1296717,1992060.0
SVN,Slovenia,2002,8.3416087388282,99.0332671300894,100.0,100.0,16.3,0.152874932744228,26541014.9955287,1994530.0
SVN,Slovenia,2003,8.58987090367428,99.0929990069513,100.0,100.0,16.9,0.0227087154063224,35827937.8703929,1995733.0
SVN,Slovenia,2004,8.73882820258193,99.156504468719,100.0,100.0,17.8,-0.0205363543558786,34276817.6392673,1997012.0
SVN,Slovenia,2005,8.73882820258193,99.3284011916584,100.0,100.0,18.6,0.0475826164608358,35622492.2269971,2000474.0
SVN,Slovenia,2006,8.83813306852036,99.6458788480636,100.0,100.0,17.4,0.15798554986834,48494557.5599677,2006868.0
SVN,Slovenia,2007,8.68917576961271,100.204667328699,100.0,100.0,18.4,0.368156081840451,52932504.2611158,2018122.0
SVN,Slovenia,2008,9.10395012458925,100.332370372576,100.0,100.0,17.6,-0.0575487019304227,60598190.8558481,2021316.0
SVN,Slovenia,2009,9.14582692174051,101.245371243634,100.0,100.0,19.6,0.669284547449647,50898503.3056537,2039669.0
SVN,Slovenia,2010,9.16252196443994,101.685826607499,100.0,100.0,20.1,0.187955503652498,48983665.4708258,2048583.0
SVN,Slovenia,2011,9.15069989079718,101.898292465005,100.0,100.0,19.1,-0.138202608666205,69977539.108156,2052843.0
SVN,Slovenia,2012,9.1185712087443,102.114049151928,100.0,100.0,20.2,-0.159980278171107,66935289.3700584,2057159.0
SVN,Slovenia,2013,9.1837140019861,102.281678252234,100.0,100.0,22.5,0.706313592344915,69810736.2211549,2059953.0
SVN,Slovenia,2014,9.13803376365442,102.382323733863,100.0,100.0,22.9,1.95289384273537,110688306.170013,2061980.0
SVN,Slovenia,2015,9.14678343411476,102.446109241111,100.0,100.0,21.4,5.19410633160764,98347302.6767229,2063531.0
SVN,Slovenia,2016,9.14804885314269,102.52417833383,100.0,100.0,21.0,0.0472201728292508,99755642.3956917,2065042.0
SVN,Slovenia,2017,9.1369096389431,102.610871929328,100.0,100.0,19.7,3.00002448886577,107420671.870702,2066388.0
SVN,Slovenia,2018,9.02743290757037,102.992292564709,100.0,100.0,20.6,0.265245183478896,115918129.160363,2073894.0
SVN,Slovenia,2019,8.90576269839693,103.711934605987,100.0,100.0,20.9,1.16804966210413,106691041.696857,2088385.0
SVN,Slovenia,2020,8.89434059712759,104.408881428657,100.0,100.0,22.7,0.547177432077788,95829106.857868,2102419.0
SVN,Slovenia,2021,8.88987107923959,104.689964442502,100.0,100.0,23.4,0.124706220617074,90607192.8060913,2108079.0
SVN,Slovenia,2022,8.89185753163425,104.888460698039,100.0,100.0,,0.249374658336782,,2112076.0
SST,Small states,1990,2.4816172369839,20.89666108114,,,23.6492794434322,2.11827148940879,,14379862.0
SST,Small states,1991,2.52546688423526,21.1903882396515,,,22.5904537815126,1.97749641468886,,14610383.0
SST,Small states,1992,3.89219621432059,20.1338702016328,,,25.8424070930013,0.965277518963214,,14735408.0
SST,Small states,1993,3.82941684381252,20.2732416413857,,,26.7999609069586,0.739401119944092,,14837410.0
SST,Small states,1994,3.69556054190806,20.6497423313909,,,27.3390033720495,1.04901441953561,,14970002.0
SST,Small states,1995,3.58679581410702,20.8119814175518,,,28.7000931098696,0.93276720163181,,15087617.0
SST,Small states,1996,3.59887571035624,21.0341213013706,,,28.4565566458519,1.13809148200671,,15248657.0
SST,Small states,1997,3.58929740532955,21.2913547071978,,,27.8021445866482,1.31637064771666,,15435138.0
SST,Small states,1998,3.57971896235254,21.5529139368927,,,27.4042516418942,1.34951297733752,,15624755.0
SST,Small states,1999,3.53179046653159,21.6540011022299,,,28.0925963661063,1.0925425683275,,15698038.0
SST,Small states,2000,3.50278875551989,21.7763587407941,58.8810234268432,47.1848030733301,28.0068348770361,1.13908976507258,,15786741.0
SST,Small states,2001,3.27139998240582,22.0951703045544,62.2249861573785,47.4993376215769,27.0383106856084,1.49576112704853,,16017863.0
SST,Small states,2002,3.16830515097829,22.4156619874063,58.527993724438,47.838026129702,27.882881773399,1.48412001342923,,16250203.0
SST,Small states,2003,3.09983585152688,22.6790406564129,60.1058788353105,48.4174761874716,27.2502846868445,1.27350282628228,,16441139.0
SST,Small states,2004,3.05819353097204,22.9474936600401,61.8738916398709,49.1542004947166,26.9271026682135,1.09850617727286,,16597133.0
SST,Small states,2005,3.1640218606454,23.0888082733534,63.5020476049285,49.6902792059194,27.2333608360836,0.710021765257514,,16699341.0
SST,Small states,2006,3.25314493776898,22.8969574840419,63.8904782044229,50.3604734406781,26.6335847609307,1.15355221331155,,16868546.0
SST,Small states,2007,3.26099110286959,23.139797458615,69.8099772772046,51.0235025678161,26.8431092436975,1.2565994519795,,17047450.0
SST,Small states,2008,3.16503168920835,23.3853399685667,68.1942457099738,51.6307770172881,28.4953543493719,1.28965149904155,,17228345.0
SST,Small states,2009,3.17806338210901,23.6168770741806,67.6634099972813,52.2352151153278,30.2776979308636,1.19606846844867,,17398922.0
SST,Small states,2010,3.24550239286995,23.8561525796908,70.9391223212073,52.7818073787899,29.7265690627625,1.14946834504236,,17575200.0
SST,Small states,2011,3.23578533945164,24.0920849210761,74.2127407601766,53.2478499101963,30.2495982731742,1.10058311044224,,17748220.0
SST,Small states,2012,3.22197248367813,24.3340222188766,75.477029152991,53.7210190751559,30.1846016646849,1.16342107245903,,17926451.0
SST,Small states,2013,3.02573111770449,24.5433988583401,76.0641399863949,54.2121967933767,30.3387854927225,1.17512334071286,,18107202.0
SST,Small states,2014,3.06487915395671,24.7939970826117,78.4852844584634,54.666662661608,30.1999766218586,1.22812289561573,,18292084.0
SST,Small states,2015,3.13999648182779,25.0522020897752,80.2282491194669,55.0671563075436,31.1755146888735,1.2914883026168,,18482578.0
SST,Small states,2016,3.13679104203175,25.30673344668,82.2079246317143,55.4620296033679,31.3734949541816,1.28996273807524,,18671045.0
SST,Small states,2017,3.11799152749324,25.5970204103524,86.564332669832,55.7798794475441,31.1677364093193,1.34829759600387,,18865506.0
SST,Small states,2018,3.12643715688308,25.8745222195669,85.8628274580042,56.1165162716662,32.2826634877384,1.43759432212316,,19084934.0
SST,Small states,2019,3.12599026926619,26.157554001711,87.8962693865757,56.4371244613152,31.6559924886778,1.41681399471082,,19293697.0
SST,Small states,2020,3.13380781969538,26.399502296387,89.6931464562111,56.6174084807867,34.2609139465875,1.2300041268836,,19472157.0
SST,Small states,2021,3.11329952868949,26.6359353738561,90.7682817756348,56.8574005028662,,1.14689209053533,,19646549.0
SST,Small states,2022,3.10883712905915,26.9157002086878,91.0372734610046,57.0413039267762,,1.39641385887092,,19852364.0
SLB,Solomon Islands,1990,0.392997499106824,11.8411932833155,,,60.2,4.48750881129986,0.0,331435.0
SLB,Solomon Islands,1991,0.392997499106824,12.2092890317971,,,59.0,4.33042323984932,0.0,341738.0
SLB,Solomon Islands,1992,0.392997499106824,12.5832440157199,,,57.7,4.21504169123385,0.0,352205.0
SLB,Solomon Islands,1993,0.392997499106824,12.9631654162201,,,56.1,4.13721689973509,0.0,362839.0
SLB,Solomon Islands,1994,0.392997499106824,13.3503036798857,,,54.5,4.10442949602139,0.0,373675.0
SLB,Solomon Islands,1995,0.428724544480171,13.7453733476242,,,54.1,4.10805418634547,0.0,384733.0
SLB,Solomon Islands,1996,0.428724544480171,14.148231511254,,,52.5,4.14397482410025,0.0,396009.0
SLB,Solomon Islands,1997,0.428724544480171,14.5578420864595,,,53.1,4.20172342951398,0.0,407474.0
SLB,Solomon Islands,1998,0.464451589853519,14.9721686316542,,,52.5,4.27074711942272,0.0,419071.0
SLB,Solomon Islands,1999,0.500178635226867,15.3804930332262,8.47495609330614,,55.3,4.30766005578496,0.0,430500.0
SLB,Solomon Islands,2000,0.500178635226867,15.7366559485531,,3.4,55.3,4.0591420389651,0.0,440469.0
SLB,Solomon Islands,2001,0.535905680600214,16.0459092533048,,3.3,54.1,3.89246578386724,0.0,449125.0
SLB,Solomon Islands,2002,0.535905680600214,16.3512325830654,0.6,3.2,52.8,3.98400603640839,0.0,457671.0
SLB,Solomon Islands,2003,0.571632725973562,16.6543051089675,3.7,3.2,51.5,4.07079611104741,0.0,466154.0
SLB,Solomon Islands,2004,0.60735977134691,16.9564487316899,6.8,3.0,49.9,4.15231261016615,0.0,474611.0
SLB,Solomon Islands,2005,0.643086816720257,17.2590210789568,10.0,2.9,49.7,4.22697093261703,9687095.65979125,483080.0
SLB,Solomon Islands,2006,0.60735977134691,17.5632011432655,3.9,2.8,48.9,4.29241551896621,0.0,491594.0
SLB,Solomon Islands,2007,0.643086816720257,17.8690961057521,,2.6,47.4,4.34793583818825,0.0,500156.0
SLB,Solomon Islands,2008,0.678813862093605,18.1775634155055,19.6,2.4,46.7,4.39206667086861,0.0,508790.0
SLB,Solomon Islands,2009,0.678813862093605,18.5116470167917,9.0,2.2,45.8,4.54917408061821,0.0,518141.0
SLB,Solomon Islands,2010,0.714540907466953,19.0413719185423,27.9,2.1,45.1,5.62383310224247,0.0,532968.0
SLB,Solomon Islands,2011,0.714540907466953,19.7550911039657,32.2,2.0,43.6,6.66200751063264,0.0,552945.0
SLB,Solomon Islands,2012,0.785994998213648,20.4932475884244,36.5,1.9,43.8,6.81299163271394,0.0,573606.0
SLB,Solomon Islands,2013,0.785994998213648,21.2556270096463,40.4,1.7,41.8,6.92731953606464,0.0,594945.0
SLB,Solomon Islands,2014,0.821722043586995,22.0403001071811,45.5,1.7,45.9,6.99946585215072,0.0,616908.0
SLB,Solomon Islands,2015,0.821722043586995,22.8444087173991,51.5,1.5,48.6,7.03037616272345,0.0,639415.0
SLB,Solomon Islands,2016,0.821722043586995,23.6648445873526,54.9,1.4,48.7,7.0235063637779,0.0,662379.0
SLB,Solomon Islands,2017,0.821722043586995,24.497034655234,60.5,1.3,49.0,6.97754099979295,0.0,685672.0
SLB,Solomon Islands,2018,0.821722043586995,25.3340836012862,63.6,1.3,48.6,6.88871455056124,0.0,709101.0
SLB,Solomon Islands,2019,0.821722043586995,26.014540907467,67.6,1.2,48.4,6.31125709209336,0.0,728147.0
SLB,Solomon Islands,2020,0.821722043586995,26.5987138263666,71.5,1.1,49.0,4.96043314432042,0.0,744498.0
SLB,Solomon Islands,2021,0.821722043586995,27.2451232583065,75.4,1.0,49.1,4.71498991991128,0.0,762591.0
SLB,Solomon Islands,2022,0.821722043586995,27.9051804215791,75.4,0.9,50.1,4.67597473193667,,781066.0
SOM,"Somalia, Fed. Rep.",1990,1.62910064717697,11.2902269901489,,,86.3,0.597264250236888,123677009.009781,7082811.0
SOM,"Somalia, Fed. Rep.",1991,1.62910064717697,10.8613511014761,,,87.6,-2.81258946208191,127117375.92108,6813760.0
SOM,"Somalia, Fed. Rep.",1992,1.63069467912137,10.3534080402971,,,88.8,-3.71359645548164,137565897.169707,6495107.0
SOM,"Somalia, Fed. Rep.",1993,1.63228871106577,10.6503634392833,,,89.4,3.92326196053128,111260171.614574,6681399.0
SOM,"Somalia, Fed. Rep.",1994,1.64185290273217,11.2009388848153,,,89.9,6.15876379147211,137625357.32315,7026797.0
SOM,"Somalia, Fed. Rep.",1995,1.64982306245417,11.6125338731788,,,90.6,4.75350780516904,216673313.146836,7285007.0
SOM,"Somalia, Fed. Rep.",1996,1.65619919023177,12.0420728791405,,,91.0,4.80638711035774,225137865.065143,7554474.0
SOM,"Somalia, Fed. Rep.",1997,1.66257531800937,12.4725427997577,,,91.7,4.71890652155676,220395504.093072,7824525.0
SOM,"Somalia, Fed. Rep.",1998,1.66257531800937,12.9999952179042,,,92.5,5.3836501565558,237496813.468281,8155417.0
SOM,"Somalia, Fed. Rep.",1999,1.66257531800937,13.5366133197309,,,92.9,5.32433838026828,144661039.480273,8492059.0
SOM,"Somalia, Fed. Rep.",2000,1.66257531800937,14.089190869385,,0.3,93.3,5.3203948169309,148367488.996828,8838713.0
SOM,"Somalia, Fed. Rep.",2001,1.66576338189817,14.6626916823413,,0.3,93.3,5.35140307573523,150141141.042335,9198493.0
SOM,"Somalia, Fed. Rep.",2002,1.69604998884178,15.2231054930341,,0.3,92.6,5.15644507478285,186302165.046804,9550063.0
SOM,"Somalia, Fed. Rep.",2003,1.72633659578538,15.7955128000765,,0.3,92.8,5.10735863543154,338102537.925593,9909157.0
SOM,"Somalia, Fed. Rep.",2004,1.80125609717219,16.3882392323142,2.4,0.3,93.0,5.09555499505899,315368820.216455,10280998.0
SOM,"Somalia, Fed. Rep.",2005,1.75343513884018,16.9672394554787,4.7,0.3,93.3,4.90732325182871,326100079.832382,10644228.0
SOM,"Somalia, Fed. Rep.",2006,1.67373354162017,17.4953007938279,1.7,0.4,93.5,4.55004400905228,325956140.195253,10975502.0
SOM,"Somalia, Fed. Rep.",2007,1.59403194440017,18.0485574010903,10.8,0.3,93.0,4.67337830251643,494548445.370784,11322582.0
SOM,"Somalia, Fed. Rep.",2008,1.75343513884018,18.5913284662225,12.7,0.4,93.4,4.62079234116725,602416598.41949,11663084.0
SOM,"Somalia, Fed. Rep.",2009,1.75343513884018,19.0665364873912,14.7,0.4,93.6,4.30077395177791,659369674.046225,11961201.0
SOM,"Somalia, Fed. Rep.",2010,1.75343513884018,19.5456307584404,43.2,0.4,93.6,4.39664848613677,582157545.166058,12261756.0
SOM,"Somalia, Fed. Rep.",2011,1.59403194440017,19.6844294959671,41.7,0.4,93.7,2.77767895000315,683293346.37326,12348830.0
SOM,"Somalia, Fed. Rep.",2012,1.59403194440017,19.8634871042816,40.7,0.4,93.9,3.14521815361626,789929955.353286,12461160.0
SOM,"Somalia, Fed. Rep.",2013,1.75343513884018,20.5145439474607,39.7,0.4,94.4,5.64655106192206,815290217.883179,12869594.0
SOM,"Somalia, Fed. Rep.",2014,1.75343513884018,21.2635747760385,38.9,0.4,94.6,6.19879002173791,919182634.296269,13339491.0
SOM,"Somalia, Fed. Rep.",2015,1.75343513884018,22.0087400771511,38.1,0.4,94.5,6.94838996215944,1007044021.51687,13806963.0
SOM,"Somalia, Fed. Rep.",2016,1.75343513884018,22.8723499218924,37.3,0.5,94.8,8.48431400189763,1081645268.15742,14348740.0
SOM,"Somalia, Fed. Rep.",2017,1.75343513884018,23.7775831287659,38.4,0.5,94.9,9.01714107055024,1048729855.33894,14916629.0
SOM,"Somalia, Fed. Rep.",2018,1.75343513884018,24.6317578984283,35.3,0.4,94.9,8.73952874616474,687246941.489723,15452487.0
SOM,"Somalia, Fed. Rep.",2019,1.75343513884018,25.5538798737527,,0.4,95.0,5.02332250549881,695867125.386013,16030971.0
SOM,"Somalia, Fed. Rep.",2020,1.75343513884018,26.5425303663085,32.3,0.4,95.5,5.03563898684214,788467253.088022,16651191.0
SOM,"Somalia, Fed. Rep.",2021,1.75343513884018,27.5312127395033,30.6,0.4,95.4,4.83552720152968,857058700.821533,17271431.0
SOM,"Somalia, Fed. Rep.",2022,1.75343513884018,28.3767924889215,30.6,0.4,95.4,4.1433803756959,,17801897.0
ZAF,South Africa,1990,10.5515666603467,33.5888252314338,,,16.6,3.90878314161761,0.0,40746268.0
ZAF,South Africa,1991,10.6340007748807,34.3650495841199,,,17.5,3.11252533328675,0.0,41687898.0
ZAF,South Africa,1992,10.850802496105,34.9879308212911,,,18.4,2.33020668513395,0.0,42443509.0
ZAF,South Africa,1993,11.0676042173293,35.6916271669868,,,18.6,2.39479381941769,0.0,43297156.0
ZAF,South Africa,1994,11.0873884048174,36.2744223429424,,,18.6,1.97880437739765,0.0,44004139.0
ZAF,South Africa,1995,11.1286054620844,36.7174356395651,,,18.1,1.61323611536427,0.0,44541554.0
ZAF,South Africa,1996,11.2522566338854,37.1967603392988,23.7916102466752,,17.4,1.81856158208052,0.0,45123018.0
ZAF,South Africa,1997,11.2934736911523,37.6450535409574,49.6544141692749,,17.1,1.99573149263605,0.0,45666838.0
ZAF,South Africa,1998,11.2934736911523,38.1042461812396,40.4060402668527,,17.3,2.4129200982093,0.0,46223880.0
ZAF,South Africa,1999,11.3429341598727,38.5217378760026,52.8789748424114,,17.7,2.51502290178518,0.0,46730335.0
ZAF,South Africa,2000,11.3857998994304,38.8756967743531,54.9,30.2,16.2,2.37958049360922,0.0,47159719.0
ZAF,South Africa,2001,11.2811085739723,39.2112703921391,49.4,32.3,15.0,2.17054019783816,0.0,47566800.0
ZAF,South Africa,2002,11.2934736911523,39.584379559637,64.3,34.8,13.3,2.11719451581064,0.0,48019415.0
ZAF,South Africa,2003,11.2110395766184,39.9808324196886,66.3,37.6,11.8,2.20313387477921,0.0,48500348.0
ZAF,South Africa,2004,10.9637372330165,40.3856440989539,73.2,40.0,11.0,2.24231194345346,0.0,48991421.0
ZAF,South Africa,2005,10.8606945898491,40.796670486114,73.4,43.1,9.7,2.23432772818096,0.0,49490033.0
ZAF,South Africa,2006,10.3866984312788,41.2156369271859,72.9,45.7,9.3,2.19076196352699,0.0,49998277.0
ZAF,South Africa,2007,10.3866984312788,41.6527908069476,75.9,48.9,8.7,2.13370315008132,0.0,50528584.0
ZAF,South Africa,2008,10.5515666603467,42.1358670832337,75.3,51.5,9.7,2.10508046433246,0.0,51114599.0
ZAF,South Africa,2009,10.4361588999992,42.6419441261572,76.7,54.0,9.2,1.98402740142049,0.0,51728516.0
ZAF,South Africa,2010,10.331467574541,43.1493549530538,76.9,56.0,9.4,1.77644102111011,0.0,52344051.0
ZAF,South Africa,2011,9.91929700187126,43.6861279872062,78.6,57.8,9.0,1.58810792630001,0.0,52995205.0
ZAF,South Africa,2012,9.89209374407505,44.3351828800831,82.6,59.6,8.3,1.65129324023432,0.0,53782567.0
ZAF,South Africa,2013,9.89209374407505,45.0739771987239,82.4,61.2,7.8,1.79667637726867,0.0,54678791.0
ZAF,South Africa,2014,9.89209374407505,45.8291124318888,84.1,62.25,7.6,1.79272657639382,0.0,55594838.0
ZAF,South Africa,2015,9.89209374407505,46.7595454582925,82.1,63.4,7.6,2.12766676013557,0.0,56723537.0
ZAF,South Africa,2016,9.89209374407505,47.2014038529705,77.9,64.5,7.8,1.04403234165514,0.0,57259551.0
ZAF,South Africa,2017,9.89209374407505,47.5110354549127,79.1,65.35,7.9,0.742317413298805,0.0,57635162.0
ZAF,South Africa,2018,9.89209374407505,48.3171083761304,79.7,66.4,8.0,1.7550496718782,0.0,58613001.0
ZAF,South Africa,2019,9.89209374407505,49.1207453692636,80.4,67.2,8.7,1.70568579598025,0.0,59587885.0
ZAF,South Africa,2020,9.89209374407505,49.9240625180325,95.5,68.2,9.8,1.6609247061112,0.0,60562381.0
ZAF,South Africa,2021,9.89209374407505,50.6991261983859,93.4,68.7,9.7,1.56117901568083,0.0,61502603.0
ZAF,South Africa,2022,9.89209374407505,51.4210899438624,93.4,69.4,,1.45537677352059,,62378410.0
SAS,South Asia,1990,52.5233955078122,301.927574116689,,,55.6363722930754,3.04188246739339,,1013297018.0
SAS,South Asia,1991,52.4216700788685,308.41164085739,,,54.6966064824886,3.02775570215845,,1035058149.0
SAS,South Asia,1992,52.0501964635664,314.971775216003,,,54.1525020316944,2.99444570118098,,1057074570.0
SAS,South Asia,1993,51.9775822660457,321.58119009217,39.5803384393815,,54.0745773556611,2.9385753980746,,1079256381.0
SAS,South Asia,1994,52.0406249906693,328.829386683865,32.9241937450199,,52.9489181705338,2.87380881657801,,1101305517.0
SAS,South Asia,1995,51.8597742127154,335.46089299737,34.7094836201833,,51.8197161177282,2.84761891039554,,1123515559.0
SAS,South Asia,1996,51.5839745369748,342.173926077207,36.1339792308437,,51.2621451760216,2.84392218386582,,1145998648.0
SAS,South Asia,1997,51.7676916967487,348.930002955956,37.6157360897892,,50.0797835122965,2.84060368158551,,1168625898.0
SAS,South Asia,1998,51.7307571726726,355.731697704207,40.0768307388465,,50.1520740240766,2.84924063224048,,1191405930.0
SAS,South Asia,1999,51.6015609837661,362.556636121785,43.8688253436735,,49.2871539285803,2.86301547963019,,1214263809.0
SAS,South Asia,2000,51.5614177553799,369.362022618166,45.2711362901904,5.91770619017259,49.1786444751449,2.88784184170369,,1237185482.0
SAS,South Asia,2001,51.3676586495975,376.217803147914,47.2753060764815,6.465285878225,49.1670993642818,2.92606799725004,,1260149056.0
SAS,South Asia,2002,51.3849745635195,382.915998710263,48.3047209482436,7.10273766777995,47.9380788404799,2.94911209234891,,1282584796.0
SAS,South Asia,2003,51.1870357543767,389.41334579283,51.899055660489,7.6584878842311,47.6673480035601,2.97694442282967,,1304347790.0
SAS,South Asia,2004,51.1330151378338,396.061871291822,50.4761168883182,8.30752024954084,46.9997926724521,3.01723027231497,,1325950587.0
SAS,South Asia,2005,51.1091191118325,402.315400660187,55.9959155561047,8.77323081328239,46.222419891066,2.99518905048716,,1346886384.0
SAS,South Asia,2006,50.8406771297408,408.379305503822,55.5908853081955,9.4221020349709,45.2453053396588,2.95410423980552,,1367187349.0
SAS,South Asia,2007,50.6050025733033,414.28225328772,60.0472461056035,10.0680352329277,43.5322600697748,2.90081147298899,,1386949456.0
SAS,South Asia,2008,50.6359777970074,419.986744874377,63.0944228607208,10.8903596232519,41.4480675621599,2.82130941926089,,1406047164.0
SAS,South Asia,2009,50.6046142628808,425.75854200787,63.5804133159791,11.7961551929043,39.4741030953443,2.78828799749222,,1425370200.0
SAS,South Asia,2010,50.3218944052533,431.612115524143,65.4697208890479,13.234421141365,38.1566630116378,2.74110588005475,,1444967010.0
SAS,South Asia,2011,50.3037632955248,437.408578434374,69.5079419297212,14.86026283116,36.8092713088936,2.5736717755287,,1464372623.0
SAS,South Asia,2012,50.1622906670785,443.137785083324,70.573074261638,16.8354345754043,36.3851888844937,2.32615885268362,,1483553073.0
SAS,South Asia,2013,50.0805581335053,448.546924775609,73.8912785854177,19.3267001464762,36.6107558472827,2.24201431644496,,1501661991.0
SAS,South Asia,2014,50.071409749041,453.976476752004,76.2262841749626,21.923296502683,35.5096522398152,2.19576588639905,,1519839246.0
SAS,South Asia,2015,50.0778396603546,459.325034807082,81.4025363045187,25.2214267667169,34.8834168535168,2.12736936572499,,1537370078.0
SAS,South Asia,2016,50.0514852644734,464.622057592857,83.4714021385025,28.7824144333224,34.2074772429003,2.10847414946902,,1555111864.0
SAS,South Asia,2017,49.9150452324093,469.82322835622,87.6922741949142,32.7074063699282,33.5888874710393,2.05308105651664,,1572520427.0
SAS,South Asia,2018,49.7918503179252,474.800737015142,92.6372386562574,36.8904897491481,33.8834998158718,1.97808862359914,,1589164714.0
SAS,South Asia,2019,49.7748762347,479.655227185199,93.3714324437154,41.2459520354026,34.4293579877468,1.94369746277274,,1605412986.0
SAS,South Asia,2020,49.4981451205703,484.334799417988,95.2834463102927,45.6855982318591,36.8864659122341,1.89311400545014,,1621073417.0
SAS,South Asia,2021,49.4803316094066,488.431572059838,99.225480726567,50.2221417003245,,1.74068009052754,,1634785356.0
SAS,South Asia,2022,49.4694596968638,492.382623595388,99.2490901230102,54.4097451738551,,1.68578298116521,,1648009565.0
TSA,South Asia (IDA & IBRD),1990,52.5233955078122,301.927574116689,,,55.6363722930754,3.04188246739339,,1013297018.0
TSA,South Asia (IDA & IBRD),1991,52.4216700788685,308.41164085739,,,54.6966064824886,3.02775570215845,,1035058149.0
TSA,South Asia (IDA & IBRD),1992,52.0501964635664,314.971775216003,,,54.1525020316944,2.99444570118098,,1057074570.0
TSA,South Asia (IDA & IBRD),1993,51.9775822660457,321.58119009217,39.5803384393815,,54.0745773556611,2.9385753980746,,1079256381.0
TSA,South Asia (IDA & IBRD),1994,52.0406249906693,328.829386683865,32.9241937450199,,52.9489181705338,2.87380881657801,,1101305517.0
TSA,South Asia (IDA & IBRD),1995,51.8597742127154,335.46089299737,34.7094836201833,,51.8197161177282,2.84761891039554,,1123515559.0
TSA,South Asia (IDA & IBRD),1996,51.5839745369748,342.173926077207,36.1339792308437,,51.2621451760216,2.84392218386582,,1145998648.0
TSA,South Asia (IDA & IBRD),1997,51.7676916967487,348.930002955956,37.6157360897892,,50.0797835122965,2.84060368158551,,1168625898.0
TSA,South Asia (IDA & IBRD),1998,51.7307571726726,355.731697704207,40.0768307388465,,50.1520740240766,2.84924063224048,,1191405930.0
TSA,South Asia (IDA & IBRD),1999,51.6015609837661,362.556636121785,43.8688253436735,,49.2871539285803,2.86301547963019,,1214263809.0
TSA,South Asia (IDA & IBRD),2000,51.5614177553799,369.362022618166,45.2711362901904,5.91770619017259,49.1786444751449,2.88784184170369,,1237185482.0
TSA,South Asia (IDA & IBRD),2001,51.3676586495976,376.217803147914,47.2753060764815,6.465285878225,49.1670993642818,2.92606799725004,,1260149056.0
TSA,South Asia (IDA & IBRD),2002,51.3849745635195,382.915998710263,48.3047209482436,7.10273766777995,47.9380788404799,2.94911209234891,,1282584796.0
TSA,South Asia (IDA & IBRD),2003,51.1870357543767,389.41334579283,51.899055660489,7.6584878842311,47.6673480035601,2.97694442282967,,1304347790.0
TSA,South Asia (IDA & IBRD),2004,51.1330151378338,396.061871291822,50.4761168883182,8.30752024954084,46.9997926724521,3.01723027231497,,1325950587.0
TSA,South Asia (IDA & IBRD),2005,51.1091191118325,402.315400660187,55.9959155561047,8.77323081328239,46.222419891066,2.99518905048716,,1346886384.0
TSA,South Asia (IDA & IBRD),2006,50.8406771297408,408.379305503822,55.5908853081955,9.4221020349709,45.2453053396588,2.95410423980552,,1367187349.0
TSA,South Asia (IDA & IBRD),2007,50.6050025733033,414.28225328772,60.0472461056035,10.0680352329277,43.5322600697748,2.90081147298899,,1386949456.0
TSA,South Asia (IDA & IBRD),2008,50.6359777970074,419.986744874377,63.0944228607208,10.8903596232519,41.4480675621599,2.82130941926089,,1406047164.0
TSA,South Asia (IDA & IBRD),2009,50.6046142628808,425.75854200787,63.5804133159791,11.7961551929043,39.4741030953443,2.78828799749222,,1425370200.0
TSA,South Asia (IDA & IBRD),2010,50.3218944052533,431.612115524143,65.4697208890479,13.234421141365,38.1566630116378,2.74110588005475,,1444967010.0
TSA,South Asia (IDA & IBRD),2011,50.3037632955248,437.408578434374,69.5079419297212,14.86026283116,36.8092713088936,2.5736717755287,,1464372623.0
TSA,South Asia (IDA & IBRD),2012,50.1622906670785,443.137785083324,70.573074261638,16.8354345754043,36.3851888844937,2.32615885268362,,1483553073.0
TSA,South Asia (IDA & IBRD),2013,50.0805581335053,448.546924775609,73.8912785854177,19.3267001464762,36.6107558472827,2.24201431644496,,1501661991.0
TSA,South Asia (IDA & IBRD),2014,50.071409749041,453.976476752004,76.2262841749626,21.923296502683,35.5096522398152,2.19576588639905,,1519839246.0
TSA,South Asia (IDA & IBRD),2015,50.0778396603546,459.325034807082,81.4025363045187,25.2214267667169,34.8834168535168,2.12736936572499,,1537370078.0
TSA,South Asia (IDA & IBRD),2016,50.0514852644734,464.622057592857,83.4714021385025,28.7824144333224,34.2074772429003,2.10847414946902,,1555111864.0
TSA,South Asia (IDA & IBRD),2017,49.9150452324093,469.82322835622,87.6922741949142,32.7074063699282,33.5888874710393,2.05308105651664,,1572520427.0
TSA,South Asia (IDA & IBRD),2018,49.7918503179252,474.800737015142,92.6372386562574,36.8904897491481,33.8834998158718,1.97808862359914,,1589164714.0
TSA,South Asia (IDA & IBRD),2019,49.7748762347,479.655227185199,93.3714324437154,41.2459520354026,34.4293579877468,1.94369746277274,,1605412986.0
TSA,South Asia (IDA & IBRD),2020,49.4981451205703,484.334799417988,95.2834463102927,45.6855982318591,36.8864659122341,1.89311400545014,,1621073417.0
TSA,South Asia (IDA & IBRD),2021,49.4803316094066,488.431572059838,99.225480726567,50.2221417003245,,1.74068009052754,,1634785356.0
TSA,South Asia (IDA & IBRD),2022,49.4694596968638,492.382623595388,99.2490901230102,54.4097451738551,,1.68578298116521,,1648009565.0
SSD,South Sudan,1990,,,,,,6.42497050404096,,4737633.0
SSD,South Sudan,1991,,,,,,7.06223143224752,,4836677.0
SSD,South Sudan,1992,,,,,,5.35890932801677,,4909749.0
SSD,South Sudan,1993,,,,,,3.52510500562823,,4956002.0
SSD,South Sudan,1994,,,,,,4.31823051446211,,5071184.0
SSD,South Sudan,1995,,,,,,4.99121070345313,,5225836.0
SSD,South Sudan,1996,,,,,,4.38148983532163,,5356925.0
SSD,South Sudan,1997,,,,,,4.61032176949431,,5509136.0
SSD,South Sudan,1998,,,,,,3.69572050134265,,5620068.0
SSD,South Sudan,1999,,,,,,4.24573250350846,,5771628.0
SSD,South Sudan,2000,,,,0.1,,5.87408985368194,,6032267.0
SSD,South Sudan,2001,,,,0.1,,5.79541033179039,,6308391.0
SSD,South Sudan,2002,,,,0.1,,5.6426951217891,,6596806.0
SSD,South Sudan,2003,,,,0.1,,5.55392621081632,,6903127.0
SSD,South Sudan,2004,,,,0.1,,5.51631795909323,,7233041.0
SSD,South Sudan,2005,,,,0.1,,5.48921140124183,,7590143.0
SSD,South Sudan,2006,,,,0.0,,5.44668853112263,,7976526.0
SSD,South Sudan,2007,,,,0.0,,5.32031623502286,,8388788.0
SSD,South Sudan,2008,,,,0.0,,5.17057314838136,,8817647.0
SSD,South Sudan,2009,,,,0.0,,6.25322629660286,,9243556.0
SSD,South Sudan,2010,,,1.0,0.0,,6.68159147094712,,9745953.0
SSD,South Sudan,2011,,,1.0,0.0,,6.80764063569239,209424527.083092,10288109.0
SSD,South Sudan,2012,4.20728957321222,17.0212523539,1.6,0.0,30.6,5.84816154168047,244965480.055942,10756240.0
SSD,South Sudan,2013,4.14037156014115,17.6701137784248,2.1,0.0,30.1,5.1439036595208,255385674.690268,11166275.0
SSD,South Sudan,2014,4.07503600082288,17.7789834317092,2.6,0.0,29.4,2.02066544861271,290607002.663391,11235073.0
SSD,South Sudan,2015,4.01603025651575,17.5772015887836,3.2,0.0,27.5,0.268542615222738,317764609.829476,11107561.0
SSD,South Sudan,2016,3.96018941971421,17.1381355529885,3.7,0.0,28.7,-1.1165126094413,335060756.954876,10830102.0
SSD,South Sudan,2017,3.90434858291266,16.234636747741,2.9,0.0,35.1,-3.99994474319557,317294525.977109,10259154.0
SSD,South Sudan,2018,3.79266690930958,16.0191429430475,4.8,0.0,31.5,0.0822314011650619,201350281.943775,10122977.0
SSD,South Sudan,2019,3.789502001804,16.4945231275616,5.1,0.0,31.4,4.34515152173449,201334725.038242,10423384.0
SSD,South Sudan,2020,3.789502001804,16.9298292532401,5.4,0.0,32.8,4.02752942560842,222924641.315863,10698467.0
SSD,South Sudan,2021,3.789502001804,17.1945943379805,5.7,0.0,32.4,2.97618035682215,236213063.116022,10865780.0
SSD,South Sudan,2022,3.789502001804,17.4405029038026,5.7,0.0,,2.84575091838396,,11021177.0
ESP,Spain,1990,30.7043889155855,77.8218044209515,100.0,,10.6,0.396811229486988,0.0,38867322.0
ESP,Spain,1991,30.5502162421913,78.0201345506968,100.0,,9.9,0.512441512175481,0.0,38966376.0
ESP,Spain,1992,30.4360884190293,78.403181563351,100.0,,8.2,0.713961370542362,0.0,39157685.0
ESP,Spain,1993,29.9975973089861,78.8107920871376,100.0,,9.1,0.711489762845054,0.0,39361262.0
ESP,Spain,1994,29.6452026269422,79.1869053339741,100.0,,9.2,0.645879277575606,0.0,39549108.0
ESP,Spain,1995,28.1214960756047,79.5371816434406,100.0,,8.3,0.594847218302937,0.0,39724050.0
ESP,Spain,1996,28.9324042928079,79.8691574563511,100.0,,10.1,0.560518608008914,0.0,39889852.0
ESP,Spain,1997,28.6020342783918,80.2046071600192,100.0,,9.2,0.560417543707279,0.0,40057389.0
ESP,Spain,1998,27.3986865289124,80.5372196860484,100.0,,8.9,0.559177433450513,0.0,40223509.0
ESP,Spain,1999,26.9561909338459,80.8643180362005,100.0,,7.7,0.561382842891172,0.0,40386875.0
ESP,Spain,2000,26.8537074148297,81.2983246492986,100.0,100.0,7.9,0.620575499168624,0.0,40567864.0
ESP,Spain,2001,26.2055684827088,81.9433763941266,100.0,100.0,8.9,0.891644440407828,0.0,40850412.0
ESP,Spain,2002,25.8676659185636,83.0225192369349,100.0,100.0,7.4,1.64521608132802,0.0,41431558.0
ESP,Spain,2003,26.0751988141263,84.5088139260031,100.0,100.0,8.9,2.09032213500936,0.0,42187645.0
ESP,Spain,2004,26.0927921791738,85.9848050803317,100.0,100.0,8.0,2.04515940347168,0.0,42921895.0
ESP,Spain,2005,25.8730890220201,87.4654972049129,100.0,100.0,7.3,2.0340441315603,0.0,43653155.0
ESP,Spain,2006,25.4920036875225,88.9761493446631,100.0,100.0,8.5,2.04737058878604,0.0,44397319.0
ESP,Spain,2007,25.2168860571818,90.6149005229308,100.0,100.0,9.0,2.20791670377737,0.0,45226803.0
ESP,Spain,2008,25.0360866078589,92.1293223736969,100.0,100.0,9.7,1.93964780583209,0.0,45954106.0
ESP,Spain,2009,25.0611639193037,92.9750651746681,100.0,100.0,12.2,1.20536847774198,0.0,46362946.0
ESP,Spain,2010,25.0554988900222,93.1519309613808,100.0,100.0,14.4,0.743336144037304,0.0,46576897.0
ESP,Spain,2011,24.8639673521645,93.5078358806114,100.0,100.0,14.7,0.586344690751714,0.0,46742697.0
ESP,Spain,2012,25.1294456328342,93.5068371284061,100.0,100.0,15.8,0.255570003702746,0.0,46773055.0
ESP,Spain,2013,24.3517722556526,93.169262909578,100.0,100.0,16.9,-0.183959209085648,0.0,46604197.0
ESP,Spain,2014,24.5456908098599,92.8824553687451,100.0,100.0,17.3,-0.138977335776509,0.0,46460733.0
ESP,Spain,2015,24.5731005621812,92.907597351004,100.0,100.0,16.3,0.0761470636066789,0.0,46422303.0
ESP,Spain,2016,24.6958948202833,92.9973717081295,100.0,100.0,16.7,0.223572706593592,0.0,46458139.0
ESP,Spain,2017,24.529740774323,93.2268622784207,100.0,100.0,15.2,0.375011440683515,0.0,46571232.0
ESP,Spain,2018,23.7873681820378,93.638281089712,100.0,100.0,16.9,0.566879348329503,0.0,46782011.0
ESP,Spain,2019,23.6449621650246,94.3181087826492,100.0,100.0,16.7,0.813398442437862,0.0,47118501.0
ESP,Spain,2020,23.2994560606836,94.802910688937,100.0,100.0,19.3,0.586068440110494,0.0,47359424.0
ESP,Spain,2021,23.112437562789,94.9382927184248,100.0,100.0,19.0,0.289728913503661,0.0,47443821.0
ESP,Spain,2022,23.3945131872425,95.626963633201,100.0,100.0,,0.932021198321377,,47786102.0
LKA,Sri Lanka,1990,14.1811513315261,260.763163769734,,,78.1,-1.96544261478288,26441286.0131968,16352458.0
LKA,Sri Lanka,1991,14.219422739595,262.722915005581,,,78.0,-1.92224976768542,38565898.4835597,16475354.0
LKA,Sri Lanka,1992,14.2337745176208,266.931653643757,,,75.3,-1.10808652378889,38925052.3121604,16739284.0
LKA,Sri Lanka,1993,13.9563068091214,271.502439802264,,,74.2,-0.979377549166639,36388017.2460207,17025918.0
LKA,Sri Lanka,1994,14.1253388614256,275.486732578536,,,70.6,-1.14867625890664,32466810.6941272,17275773.0
LKA,Sri Lanka,1995,14.1524477754744,280.084005740711,,,69.9,-0.821998026691638,40806463.8158921,17564068.0
LKA,Sri Lanka,1996,14.0487960452878,285.520937649498,,,64.4,-0.364190945015352,39770759.7729041,17905018.0
LKA,Sri Lanka,1997,14.0248764152448,290.993461967788,,,65.9,-0.13194622934761,22697916.0995855,18248200.0
LKA,Sri Lanka,1998,14.0360389092649,296.539674693031,,,64.2,0.182897681278933,21028268.8433687,18596003.0
LKA,Sri Lanka,1999,14.1237442194227,302.100637856801,,,63.2,0.548556195684398,23748182.4351281,18944731.0
LKA,Sri Lanka,2000,14.3581565938447,307.655142720459,66.2,10.1,64.2,0.977754120438553,22170731.8879344,19293054.0
LKA,Sri Lanka,2001,14.3629405198533,312.55560516664,58.7,10.7,62.9,1.26695925776299,22652100.6085192,19600362.0
LKA,Sri Lanka,2002,14.6770849944188,315.830840376336,78.3,11.2,62.1,1.29483208712039,25431168.7960022,19805752.0
LKA,Sri Lanka,2003,15.1490990272684,318.1553340775,71.5,11.9,61.3,1.51648118507654,28831326.9410003,19951521.0
LKA,Sri Lanka,2004,14.3517780258332,320.325386700686,73.2,12.4,61.6,1.94395419204096,24321368.6921318,20087605.0
LKA,Sri Lanka,2005,17.5410620315739,322.381183224366,75.0,12.7,60.1,2.33037410519253,24848306.5569626,20216524.0
LKA,Sri Lanka,2006,16.7437410301387,324.548094402807,79.3,13.0,62.2,2.72968297164999,36955080.01401,20352411.0
LKA,Sri Lanka,2007,15.9464200287036,326.782730027109,76.6,13.2,60.2,3.05727215385538,48917955.0754612,20492545.0
LKA,Sri Lanka,2008,19.1357040344443,328.964726518896,80.3,13.6,61.6,3.29121764712928,45693410.6515094,20629378.0
LKA,Sri Lanka,2009,19.1357040344443,330.990830808484,85.2,13.9,63.5,3.44031503551668,42452923.9805302,20756435.0
LKA,Sri Lanka,2010,19.1357040344443,332.946723010684,83.0,14.3,61.9,3.56549669365583,74046974.9217622,20879089.0
LKA,Sri Lanka,2011,20.7303460373146,335.019103811194,85.7,15.0,56.4,3.70037598430375,73445660.5320891,21009048.0
LKA,Sri Lanka,2012,20.7303460373146,337.577069047999,84.7,15.85,52.9,3.38849879593792,63226573.0558139,21169458.0
LKA,Sri Lanka,2013,20.7303460373146,328.257056290863,88.5,16.4,56.9,-1.87010791587877,56852870.638649,20585000.0
LKA,Sri Lanka,2014,20.7303460373146,331.334715356403,91.3,17.4,54.2,1.92151846149998,57947143.8008305,20778000.0
LKA,Sri Lanka,2015,21.0039907582441,338.810527846445,93.2,18.2,51.3,1.88673728324595,65177888.2534843,20970000.0
LKA,Sri Lanka,2016,21.1655599179229,342.672030762768,97.2,19.1,45.1,2.07852539042592,70245689.2453305,21209000.0
LKA,Sri Lanka,2017,21.3303604607952,346.614318258931,96.9,20.3,45.8,2.06716658294475,55258328.4642491,21453000.0
LKA,Sri Lanka,2018,22.1712142764774,350.284495021337,99.5,21.2,47.9,1.90747071619883,39689498.5773739,21670000.0
LKA,Sri Lanka,2019,22.1706061653805,352.431694638296,99.7,22.2,46.1,1.49046087067776,42617946.0354593,21803000.0
LKA,Sri Lanka,2020,22.1791141286777,354.332363401229,100.0,23.3,49.3,1.38644327243949,47826248.1135501,21919000.0
LKA,Sri Lanka,2021,22.1791141286777,358.163595215002,100.0,24.3,48.8,1.90830472835626,48443461.4794406,22156000.0
LKA,Sri Lanka,2022,22.1791141286777,358.567733591982,100.0,25.3,,0.922343015691205,,22181000.0
KNA,St. Kitts and Nevis,1990,30.7692307692308,155.507692307692,87.1571260061179,,39.9,-1.28420651683955,,40432.0
KNA,St. Kitts and Nevis,1991,30.7692307692308,155.223076923077,87.6959615025481,,33.9,-0.637560811456513,,40358.0
KNA,St. Kitts and Nevis,1992,30.7692307692308,156.596153846154,88.2423722100353,,33.6,0.408793196673133,,40715.0
KNA,St. Kitts and Nevis,1993,30.7692307692308,158.623076923077,88.786480080367,,38.6,0.75579682413544,,41242.0
KNA,St. Kitts and Nevis,1994,26.9230769230769,160.676923076923,89.3288672179421,,41.1,0.728974529326916,,41776.0
KNA,St. Kitts and Nevis,1995,26.9230769230769,162.792307692308,89.8703681508405,,36.5,0.71669784012823,,42326.0
KNA,St. Kitts and Nevis,1996,23.0769230769231,164.911538461538,90.4113387972348,,30.4,0.69074057998109,,42877.0
KNA,St. Kitts and Nevis,1997,23.0769230769231,167.030769230769,90.9520645448711,,33.9,0.672189911898227,,43428.0
KNA,St. Kitts and Nevis,1998,23.0769230769231,169.223076923077,91.4932337818849,,32.0,0.701998753486365,,43998.0
KNA,St. Kitts and Nevis,1999,26.9230769230769,171.542307692308,92.0343306937823,,27.2,0.778798853673236,,44601.0
KNA,St. Kitts and Nevis,2000,26.9230769230769,174.030769230769,93.4,100.0,26.4,0.880764501290842,,45248.0
KNA,St. Kitts and Nevis,2001,26.9230769230769,176.003846153846,90.7,100.0,26.0,0.61195174327853,,45761.0
KNA,St. Kitts and Nevis,2002,26.9230769230769,177.0,94.2,100.0,24.3,0.0737191334528356,,46020.0
KNA,St. Kitts and Nevis,2003,26.9230769230769,177.6,94.5,100.0,26.3,-0.140783719160052,,46176.0
KNA,St. Kitts and Nevis,2004,26.9230769230769,178.134615384615,94.8,100.0,22.0,-0.174578705455626,,46315.0
KNA,St. Kitts and Nevis,2005,15.2692307692308,178.603846153846,95.2,100.0,25.3,-0.195082635613767,,46437.0
KNA,St. Kitts and Nevis,2006,15.3076923076923,179.111538461538,95.5,100.0,0.0,-0.168480681428013,,46569.0
KNA,St. Kitts and Nevis,2007,15.3461538461538,179.638461538462,95.9,100.0,0.0,-0.148498171061848,,46706.0
KNA,St. Kitts and Nevis,2008,15.3846153846154,180.134615384615,96.3,100.0,0.0,-0.14871901612145,,46835.0
KNA,St. Kitts and Nevis,2009,15.3846153846154,180.446153846154,96.7,100.0,0.0,-0.243836479523615,,46916.0
KNA,St. Kitts and Nevis,2010,17.3076923076923,180.176923076923,99.9,100.0,1.0,-0.550815713804449,,46846.0
KNA,St. Kitts and Nevis,2011,19.2307692307692,180.330769230769,100.0,100.0,0.9,-0.252620214227957,,46886.0
KNA,St. Kitts and Nevis,2012,19.2307692307692,180.896153846154,100.0,100.0,1.3,0.327600620590072,,47033.0
KNA,St. Kitts and Nevis,2013,19.2307692307692,181.034615384615,100.0,100.0,1.4,0.108962146438523,,47069.0
KNA,St. Kitts and Nevis,2014,19.2307692307692,181.111538461538,100.0,100.0,1.6,0.0884444048537452,,47089.0
KNA,St. Kitts and Nevis,2015,19.2307692307692,181.103846153846,100.0,100.0,1.6,0.0679809679477701,,47087.0
KNA,St. Kitts and Nevis,2016,19.2307692307692,181.057692307692,100.0,100.0,1.7,0.0679347852214409,,47075.0
KNA,St. Kitts and Nevis,2017,19.2307692307692,180.961538461538,100.0,100.0,1.3,0.0678886652007737,,47050.0
KNA,St. Kitts and Nevis,2018,19.2307692307692,180.8,100.0,100.0,1.3,0.0474946577438976,,47008.0
KNA,St. Kitts and Nevis,2019,19.2307692307692,180.584615384615,100.0,100.0,1.3,0.0474721110268122,,46952.0
KNA,St. Kitts and Nevis,2020,19.2307692307692,180.269230769231,100.0,100.0,1.6,0.0135593220546667,,46870.0
KNA,St. Kitts and Nevis,2021,19.2307692307692,179.857692307692,100.0,100.0,1.6,-0.0135593220546714,,46763.0
KNA,St. Kitts and Nevis,2022,19.2307692307692,179.65,100.0,100.0,1.5,0.12196776142717,,46709.0
LCA,St. Lucia,1990,4.75409836065574,225.995081967213,,,43.1,1.39468136031162,89296.8,137857.0
LCA,St. Lucia,1991,4.59016393442623,228.72131147541,,,41.2,1.31492569484445,107290.610526316,139520.0
LCA,St. Lucia,1992,4.42622950819672,232.159016393443,,,36.7,1.38155658494412,101229.600984769,141617.0
LCA,St. Lucia,1993,4.42622950819672,235.616393442623,,,33.8,1.19989559591572,75992.1815116524,143726.0
LCA,St. Lucia,1994,4.0983606557377,239.16393442623,,,30.8,1.06189035222299,93117.4483318341,145890.0
LCA,St. Lucia,1995,3.27868852459016,242.96393442623,,,29.7,1.00215917499841,122136.995186023,148208.0
LCA,St. Lucia,1996,3.11475409836066,246.616393442623,,,27.4,0.785836023450675,90616.3398092187,150436.0
LCA,St. Lucia,1997,3.11475409836066,250.113114754098,,,27.7,0.585921295388047,126009.205854581,152569.0
LCA,St. Lucia,1998,3.27868852459016,253.568852459016,,,25.1,0.439471065829627,109677.529195275,154677.0
LCA,St. Lucia,1999,3.27868852459016,256.888524590164,,,24.0,0.274541563527218,94285.9948954769,156702.0
LCA,St. Lucia,2000,3.27868852459016,260.026229508197,82.4,95.9,24.0,0.104173753108214,96820.078257212,158616.0
LCA,St. Lucia,2001,3.27868852459016,262.683606557377,87.6,96.1,22.2,-0.201651799931404,97288.6645768025,160237.0
LCA,St. Lucia,2002,3.27868852459016,264.985245901639,84.9,96.4,21.7,-1.25067244009662,87873.1767487685,161641.0
LCA,St. Lucia,2003,3.27868852459016,267.173770491803,86.2,96.3,20.0,-2.67657013229721,94323.291229836,162976.0
LCA,St. Lucia,2004,3.27868852459016,269.244262295082,87.4,96.4,18.4,-3.81296189473656,98522.1015757785,164239.0
LCA,St. Lucia,2005,3.60655737704918,271.229508196721,88.6,96.6,18.4,-4.65748630045959,97049.3829631371,165450.0
LCA,St. Lucia,2006,3.77049180327869,273.17868852459,89.8,96.6,16.9,-5.14419440408624,139560.040229999,166639.0
LCA,St. Lucia,2007,4.37704918032787,275.013114754098,91.0,96.5,16.3,-5.24362874882032,143984.772012325,167758.0
LCA,St. Lucia,2008,4.37704918032787,276.734426229508,92.1,96.7,15.5,-4.81395085433287,153002.146805392,168808.0
LCA,St. Lucia,2009,4.37704918032787,278.473770491803,93.2,96.6,15.1,-3.69910817905561,139171.328450046,169869.0
LCA,St. Lucia,2010,4.37704918032787,280.173770491803,94.1,96.4,13.2,-1.8879413616399,318076.95624327,170906.0
LCA,St. Lucia,2011,4.37704918032787,281.640983606557,95.5,96.4,12.9,0.315567177839393,270822.258585717,171801.0
LCA,St. Lucia,2012,4.37704918032787,282.929508196721,95.6,96.1,12.4,1.23995702074478,264268.150083191,172587.0
LCA,St. Lucia,2013,4.37704918032787,284.211475409836,97.7,96.0,12.1,2.0848523317254,352796.290918215,173369.0
LCA,St. Lucia,2014,4.37704918032787,285.472131147541,98.7,95.6,11.7,2.87193063396943,445083.137756157,174138.0
LCA,St. Lucia,2015,4.37704918032787,286.729508196721,99.7,95.3,11.5,3.63200493739292,337278.667835214,174905.0
LCA,St. Lucia,2016,4.37704918032787,287.944262295082,100.0,94.7,11.2,4.32031422581189,452141.765518818,175646.0
LCA,St. Lucia,2017,4.37704918032787,289.085245901639,100.0,94.3,10.2,4.93851763704147,376739.755066768,176342.0
LCA,St. Lucia,2018,4.37704918032787,290.191803278688,100.0,93.9,10.2,5.49272832258364,247217.610996052,177017.0
LCA,St. Lucia,2019,4.37704918032787,291.247540983607,100.0,93.1,10.0,5.96863796826045,220521.658879685,177661.0
LCA,St. Lucia,2020,4.37704918032787,292.213114754098,100.0,92.7,10.0,6.35166198479078,293503.204594785,178250.0
LCA,St. Lucia,2021,4.37704918032787,292.659016393443,100.0,92.3,9.7,6.51455823945375,227129.626197087,178522.0
LCA,St. Lucia,2022,4.37704918032787,293.083606557377,100.0,91.7,9.7,5.9949641577817,,178781.0
MAF,St. Martin (French part),1990,,,,,,6.48031064017155,,28224.0
MAF,St. Martin (French part),1991,,,,,,2.02027073175195,,28800.0
MAF,St. Martin (French part),1992,,,,,,0.970965282762913,,29081.0
MAF,St. Martin (French part),1993,,,,,,0.688795280176105,,29282.0
MAF,St. Martin (French part),1994,,,,,,0.446376071270989,,29413.0
MAF,St. Martin (French part),1995,,,,,,0.193604326560294,,29470.0
MAF,St. Martin (French part),1996,,,,,,-0.0916605906688667,,29443.0
MAF,St. Martin (French part),1997,,,,,,-0.408399982270362,,29323.0
MAF,St. Martin (French part),1998,,,,,,-0.739349594205661,,29107.0
MAF,St. Martin (French part),1999,,,,,,0.606259670624174,,29284.0
MAF,St. Martin (French part),2000,,,,,,2.40227476547467,,29996.0
MAF,St. Martin (French part),2001,,,,,,2.65480483944633,,30803.0
MAF,St. Martin (French part),2002,,,,,,2.56716070268805,,31604.0
MAF,St. Martin (French part),2003,,,,,,2.47203950414337,,32395.0
MAF,St. Martin (French part),2004,,,,,,2.36719103264538,,33171.0
MAF,St. Martin (French part),2005,,,,,,2.25646319439153,,33928.0
MAF,St. Martin (French part),2006,,,,,,2.12879470457641,,34658.0
MAF,St. Martin (French part),2007,,,,,,1.94019944267035,,35337.0
MAF,St. Martin (French part),2008,,,,,,1.7421017059346,,35958.0
MAF,St. Martin (French part),2009,,,,,,1.50154629037256,,36502.0
MAF,St. Martin (French part),2010,,,100.0,,,0.965137402578689,,36856.0
MAF,St. Martin (French part),2011,,741.38,100.0,,,0.57626131737988,,37069.0
MAF,St. Martin (French part),2012,,745.52,100.0,,,0.556864711599445,,37276.0
MAF,St. Martin (French part),2013,,748.38,100.0,,,0.38289088882727,,37419.0
MAF,St. Martin (French part),2014,,749.0,100.0,,,0.082811315154676,,37450.0
MAF,St. Martin (French part),2015,,747.38,100.0,,,-0.216522625657602,,37369.0
MAF,St. Martin (French part),2016,,743.5,100.0,,,-0.520499136043373,,37175.0
MAF,St. Martin (French part),2017,,736.74,100.0,,,-0.913371749973348,,36837.0
MAF,St. Martin (French part),2018,,720.24,100.0,,,-2.26505586002549,,36012.0
MAF,St. Martin (French part),2019,,685.34,100.0,,,-4.96694243141292,,34267.0
MAF,St. Martin (French part),2020,,635.72,100.0,,,-7.51568506574733,,31786.0
MAF,St. Martin (French part),2021,,599.22,100.0,,,-5.91294053455205,,29961.0
MAF,St. Martin (French part),2022,,577.4,100.0,,,-3.70935422542636,,28870.0
VCT,St. Vincent and the Grenadines,1990,7.8974358974359,286.697435897436,,,15.4,0.580838119334898,68913.9428571428,111812.0
VCT,St. Vincent and the Grenadines,1991,7.61538461538462,287.748717948718,56.8838745754464,,11.6,0.482144336065265,81026.0210526316,112222.0
VCT,St. Vincent and the Grenadines,1992,7.33333333333333,288.484615384615,60.233395579953,,13.2,0.405072048997848,74774.7830329855,112509.0
VCT,St. Vincent and the Grenadines,1993,7.05128205128205,289.064102564103,61.9366819340052,,12.3,0.391358349863416,57305.4367512529,112735.0
VCT,St. Vincent and the Grenadines,1994,6.76923076923077,289.533333333333,63.6547768256025,,10.5,0.385821554081612,65125.4092433783,112918.0
VCT,St. Vincent and the Grenadines,1995,6.48717948717949,289.864102564103,65.3887713431267,,9.1,0.364357473017778,83944.1843819462,113047.0
VCT,St. Vincent and the Grenadines,1996,6.20512820512821,290.048717948718,67.1409093785034,,9.0,0.333164067136682,61000.3170638106,113119.0
VCT,St. Vincent and the Grenadines,1997,5.92307692307692,290.105128205128,68.9138392921728,,8.8,0.300291567918981,86651.3067721752,113141.0
VCT,St. Vincent and the Grenadines,1998,5.64102564102564,290.205128205128,70.7087132362425,,7.2,0.321167580441706,73251.295256481,113180.0
VCT,St. Vincent and the Grenadines,1999,5.35897435897436,290.682051282051,72.5261210276992,,6.5,0.45027329413332,61399.1391570085,113366.0
VCT,St. Vincent and the Grenadines,2000,5.12820512820513,291.141025641026,74.5,98.3,8.5,0.434522562154739,59764.97295096,113545.0
VCT,St. Vincent and the Grenadines,2001,5.12820512820513,291.028205128205,78.8,98.2,6.2,0.221449309057144,59955.8089655175,113501.0
VCT,St. Vincent and the Grenadines,2002,5.12820512820513,290.633333333333,78.0,98.1,6.1,0.117384683041001,54093.0584039409,113347.0
VCT,St. Vincent and the Grenadines,2003,5.12820512820513,290.105128205128,79.7,98.1,5.6,0.0723185958711542,58013.2114654585,113141.0
VCT,St. Vincent and the Grenadines,2004,5.12820512820513,289.320512820513,81.5,98.0,5.9,-0.0156320222293055,60574.2896148417,112835.0
VCT,St. Vincent and the Grenadines,2005,5.12820512820513,288.333333333333,83.3,97.8,5.8,-0.0860198289634969,59668.0492408384,112450.0
VCT,St. Vincent and the Grenadines,2006,5.12820512820513,287.215384615385,85.1,97.8,5.3,-0.131127026059342,86312.3180160855,112014.0
VCT,St. Vincent and the Grenadines,2007,5.12820512820513,285.976923076923,86.6,97.8,4.7,-0.174449987888452,89583.5433096705,111531.0
VCT,St. Vincent and the Grenadines,2008,5.12820512820513,284.687179487179,88.8,97.6,5.3,-0.190478118249321,95789.1099946527,111028.0
VCT,St. Vincent and the Grenadines,2009,5.12820512820513,283.353846153846,90.7,97.5,4.1,-0.208567062993511,87667.4419899665,110508.0
VCT,St. Vincent and the Grenadines,2010,5.12820512820513,281.946153846154,92.7,97.5,5.1,-0.236639826461053,201615.581350747,109959.0
VCT,St. Vincent and the Grenadines,2011,5.12820512820513,280.382051282051,94.7,97.4,6.1,-0.292629123719834,174162.503310983,109349.0
VCT,St. Vincent and the Grenadines,2012,5.12820512820513,278.810256410256,96.7,97.1,5.0,-0.297459913544301,172409.655401223,108736.0
VCT,St. Vincent and the Grenadines,2013,5.12820512820513,277.269230769231,98.7,97.0,5.4,-0.284404682509448,233459.328236701,108135.0
VCT,St. Vincent and the Grenadines,2014,5.12820512820513,275.730769230769,100.0,96.8,3.3,-0.285215850291261,298706.9443611,107535.0
VCT,St. Vincent and the Grenadines,2015,5.12820512820513,274.25641025641,100.0,96.4,4.3,-0.264000153331365,229528.157716649,106960.0
VCT,St. Vincent and the Grenadines,2016,5.12820512820513,272.689743589744,100.0,96.3,4.1,-0.300848619381355,314318.463957329,106349.0
VCT,St. Vincent and the Grenadines,2017,5.12820512820513,270.930769230769,100.0,96.1,5.3,-0.376329923622582,268289.757113369,105663.0
VCT,St. Vincent and the Grenadines,2018,5.12820512820513,269.041025641026,100.0,95.7,4.9,-0.4263364812129,180090.905596652,104926.0
VCT,St. Vincent and the Grenadines,2019,5.12820512820513,267.094871794872,100.0,95.3,5.4,-0.45256751589319,164294.995708123,104167.0
VCT,St. Vincent and the Grenadines,2020,5.12820512820513,265.451282051282,100.0,95.2,5.2,-0.344346642608358,223671.43715979,103526.0
VCT,St. Vincent and the Grenadines,2021,5.12820512820513,263.694871794872,100.0,94.5,5.0,-0.388556492045861,174770.769394375,102841.0
VCT,St. Vincent and the Grenadines,2022,5.12820512820513,261.65641025641,100.0,94.5,5.1,-0.5012129961845,,102046.0
SSF,Sub-Saharan Africa,1990,6.63031370145694,25.8840412780467,,,70.7235942692161,4.62401749371227,,521314712.0
SSF,Sub-Saharan Africa,1991,6.75450318218748,26.5944027601053,,,71.4000074927214,4.50272434697882,,535621670.0
SSF,Sub-Saharan Africa,1992,6.88127483721642,27.3219165407464,,,72.052987934556,4.14298141216052,,550274082.0
SSF,Sub-Saharan Africa,1993,7.10930846760459,26.6258824575095,,,72.973559128037,4.11793030820089,,565570780.0
SSF,Sub-Saharan Africa,1994,7.19802221050401,27.3429321554318,,,73.6882287927643,4.10727374193346,,580801913.0
SSF,Sub-Saharan Africa,1995,7.37448858692917,28.0764216430082,,,73.3062196050858,3.99557905387969,,596382250.0
SSF,Sub-Saharan Africa,1996,7.46327492865227,28.8377521980552,,,72.4116833248631,3.86073484041285,,612553970.0
SSF,Sub-Saharan Africa,1997,7.50647739594832,29.6051147968605,,,71.5890002468978,3.85495612397019,,628853819.0
SSF,Sub-Saharan Africa,1998,7.54800929939099,30.4030744031782,,,72.2743605643929,3.99107478997808,,645803591.0
SSF,Sub-Saharan Africa,1999,7.67587919736518,31.2247550548832,,,72.8010318142734,4.00652820550204,,663257231.0
SSF,Sub-Saharan Africa,2000,7.70923756358517,32.0659370659859,11.713350910611,2.59598689607877,72.6431059468747,4.01779930972802,,681125107.0
SSF,Sub-Saharan Africa,2001,7.76222680991089,32.9351587662032,13.9021212730315,2.70577178399268,72.5205626381098,4.08593875940925,,699588585.0
SSF,Sub-Saharan Africa,2002,7.83885300637797,33.8331022200947,,2.84154410693204,72.0035422141919,4.12394121925512,,718662153.0
SSF,Sub-Saharan Africa,2003,8.01246108129171,34.7583701557021,14.0576123509799,2.98041619217971,71.3143236451567,4.16041135960646,,738316131.0
SSF,Sub-Saharan Africa,2004,8.0384431705346,35.4677033765066,13.1534174340987,3.12679111781388,70.8052521152658,4.21069653617261,,758653144.0
SSF,Sub-Saharan Africa,2005,8.1650262286483,36.4499544276781,12.8347106599324,3.30168661903129,70.5237330831511,4.20635616422953,,779665113.0
SSF,Sub-Saharan Africa,2006,8.22840553866265,37.4599840891478,14.5537161159645,3.47123737917098,70.6146202545352,4.19400724775543,,801269368.0
SSF,Sub-Saharan Africa,2007,8.34559141708821,38.5022334196632,14.1885927416168,3.63968314007658,70.1100750427751,4.02433523461677,,823564883.0
SSF,Sub-Saharan Africa,2008,8.48815301776336,39.5818703722332,15.2248861738579,3.81932768594048,69.9762964238958,4.2011496738183,,846656872.0
SSF,Sub-Saharan Africa,2009,8.70621173090381,40.6893543903356,16.8105832768996,4.00782602212588,70.0369831155563,4.02410588949625,,870347292.0
SSF,Sub-Saharan Africa,2010,8.83887790259847,41.8249568816647,16.8232461984389,4.19437302204177,70.5522525849335,3.94385406343341,,894666657.0
SSF,Sub-Saharan Africa,2011,9.0170027216363,42.9867084755922,18.2250138735795,4.4095494299591,69.9549214765695,3.91568702684343,,919528126.0
SSF,Sub-Saharan Africa,2012,9.16712392760951,39.5535383299947,19.0804670346716,4.64208905093247,68.9684304535012,3.88990963011339,,944970310.0
SSF,Sub-Saharan Africa,2013,9.29027739784188,40.6528738701164,20.2902403340355,4.92233255666842,67.8510971013982,3.92779708922539,,971232906.0
SSF,Sub-Saharan Africa,2014,9.36172136489701,41.7717146368414,19.3410282712257,5.19392079042473,67.6303707658131,3.93829381686391,,997961037.0
SSF,Sub-Saharan Africa,2015,9.44130811422277,42.9139005765658,18.4918973117563,5.48644620353847,68.0255515815612,3.91346227013469,,1025251114.0
SSF,Sub-Saharan Africa,2016,9.55463105699351,44.068009585861,25.3302139983482,5.82536578077808,67.9625238161754,3.81532583909235,,1052824144.0
SSF,Sub-Saharan Africa,2017,9.6428324614297,45.2449451429594,24.5616798709726,6.1638742484096,67.8175544668556,3.79819894172747,,1080941647.0
SSF,Sub-Saharan Africa,2018,9.75890577852664,46.4610849355483,27.3009589075874,6.5615612583591,67.6660713231228,3.82705205273941,,1109997000.0
SSF,Sub-Saharan Africa,2019,9.79299856206026,47.6882621146341,28.0889864566498,7.00743698564109,68.1693850218034,3.69293733556113,,1139315618.0
SSF,Sub-Saharan Africa,2020,9.81573810035285,48.9314926208051,28.8179880486692,7.4745099547858,70.2701133853785,3.67014454182449,,1169015451.0
SSF,Sub-Saharan Africa,2021,9.87217865002495,50.1870490616922,30.4082418878284,7.91261228547235,,3.66985500831342,,1199011925.0
SSF,Sub-Saharan Africa,2022,9.91839436393268,51.4509903312293,30.7278188877659,8.39057406145499,,3.66853005255171,,1229208573.0
TSS,Sub-Saharan Africa (IDA & IBRD countries),1990,6.63031370145694,25.8840412780467,,,70.7235942692161,4.62401749371227,,521314712.0
TSS,Sub-Saharan Africa (IDA & IBRD countries),1991,6.75450318218748,26.5944027601053,,,71.4000074927214,4.50272434697882,,535621670.0
TSS,Sub-Saharan Africa (IDA & IBRD countries),1992,6.88127483721642,27.3219165407464,,,72.052987934556,4.14298141216052,,550274082.0
TSS,Sub-Saharan Africa (IDA & IBRD countries),1993,7.10930846760459,26.6258824575095,,,72.973559128037,4.11793030820089,,565570780.0
TSS,Sub-Saharan Africa (IDA & IBRD countries),1994,7.19802221050401,27.3429321554318,,,73.6882287927643,4.10727374193346,,580801913.0
TSS,Sub-Saharan Africa (IDA & IBRD countries),1995,7.37448858692917,28.0764216430082,,,73.3062196050858,3.99557905387969,,596382250.0
TSS,Sub-Saharan Africa (IDA & IBRD countries),1996,7.46327492865227,28.8377521980552,,,72.4116833248631,3.86073484041285,,612553970.0
TSS,Sub-Saharan Africa (IDA & IBRD countries),1997,7.50647739594832,29.6051147968605,,,71.5890002468978,3.85495612397019,,628853819.0
TSS,Sub-Saharan Africa (IDA & IBRD countries),1998,7.54800929939099,30.4030744031782,,,72.2743605643929,3.99107478997808,,645803591.0
TSS,Sub-Saharan Africa (IDA & IBRD countries),1999,7.67587919736518,31.2247550548832,,,72.8010318142734,4.00652820550204,,663257231.0
TSS,Sub-Saharan Africa (IDA & IBRD countries),2000,7.70923756358517,32.0659370659859,11.713350910611,2.59598689607877,72.6431059468747,4.01779930972802,,681125107.0
TSS,Sub-Saharan Africa (IDA & IBRD countries),2001,7.76222680991089,32.9351587662032,13.9021212730315,2.70577178399268,72.5205626381098,4.08593875940925,,699588585.0
TSS,Sub-Saharan Africa (IDA & IBRD countries),2002,7.83885300637797,33.8331022200947,,2.84154410693204,72.0035422141919,4.12394121925512,,718662153.0
TSS,Sub-Saharan Africa (IDA & IBRD countries),2003,8.01246108129171,34.7583701557021,14.0576123509799,2.98041619217971,71.3143236451567,4.16041135960646,,738316131.0
TSS,Sub-Saharan Africa (IDA & IBRD countries),2004,8.0384431705346,35.4677033765066,13.1534174340987,3.12679111781388,70.8052521152658,4.21069653617261,,758653144.0
TSS,Sub-Saharan Africa (IDA & IBRD countries),2005,8.1650262286483,36.4499544276781,12.8347106599324,3.30168661903129,70.5237330831511,4.20635616422953,,779665113.0
TSS,Sub-Saharan Africa (IDA & IBRD countries),2006,8.22840553866265,37.4599840891478,14.5537161159645,3.47123737917098,70.6146202545352,4.19400724775543,,801269368.0
TSS,Sub-Saharan Africa (IDA & IBRD countries),2007,8.34559141708821,38.5022334196632,14.1885927416168,3.63968314007658,70.1100750427751,4.02433523461677,,823564883.0
TSS,Sub-Saharan Africa (IDA & IBRD countries),2008,8.48815301776336,39.5818703722332,15.2248861738579,3.81932768594048,69.9762964238958,4.2011496738183,,846656872.0
TSS,Sub-Saharan Africa (IDA & IBRD countries),2009,8.70621173090381,40.6893543903356,16.8105832768996,4.00782602212588,70.0369831155563,4.02410588949625,,870347292.0
TSS,Sub-Saharan Africa (IDA & IBRD countries),2010,8.83887790259847,41.8249568816647,16.8232461984389,4.19437302204177,70.5522525849335,3.94385406343341,,894666657.0
TSS,Sub-Saharan Africa (IDA & IBRD countries),2011,9.0170027216363,42.9867084755922,18.2250138735795,4.4095494299591,69.9549214765695,3.91568702684343,,919528126.0
TSS,Sub-Saharan Africa (IDA & IBRD countries),2012,9.16712392760951,39.5535383299947,19.0804670346716,4.64208905093247,68.9684304535012,3.88990963011339,,944970310.0
TSS,Sub-Saharan Africa (IDA & IBRD countries),2013,9.29027739784188,40.6528738701164,20.2902403340355,4.92233255666842,67.8510971013982,3.92779708922539,,971232906.0
TSS,Sub-Saharan Africa (IDA & IBRD countries),2014,9.36172136489701,41.7717146368414,19.3410282712257,5.19392079042473,67.6303707658131,3.93829381686391,,997961037.0
TSS,Sub-Saharan Africa (IDA & IBRD countries),2015,9.44130811422277,42.9139005765658,18.4918973117563,5.48644620353847,68.0255515815612,3.91346227013469,,1025251114.0
TSS,Sub-Saharan Africa (IDA & IBRD countries),2016,9.55463105699351,44.068009585861,25.3302139983482,5.82536578077808,67.9625238161754,3.81532583909235,,1052824144.0
TSS,Sub-Saharan Africa (IDA & IBRD countries),2017,9.6428324614297,45.2449451429594,24.5616798709726,6.1638742484096,67.8175544668556,3.79819894172747,,1080941647.0
TSS,Sub-Saharan Africa (IDA & IBRD countries),2018,9.75890577852664,46.4610849355483,27.3009589075874,6.5615612583591,67.6660713231228,3.82705205273941,,1109997000.0
TSS,Sub-Saharan Africa (IDA & IBRD countries),2019,9.79299856206026,47.6882621146341,28.0889864566499,7.00743698564109,68.1693850218034,3.69293733556113,,1139315618.0
TSS,Sub-Saharan Africa (IDA & IBRD countries),2020,9.81573810035285,48.9314926208051,28.8179880486692,7.4745099547858,70.2701133853785,3.67014454182449,,1169015451.0
TSS,Sub-Saharan Africa (IDA & IBRD countries),2021,9.87217865002495,50.1870490616922,30.4082418878284,7.91261228547235,,3.66985500831342,,1199011925.0
TSS,Sub-Saharan Africa (IDA & IBRD countries),2022,9.91839436393268,51.4509903312293,30.7278188877659,8.390574061455,,3.66853005255171,,1229208573.0
SSA,Sub-Saharan Africa (excluding high income),1990,6.63041548652773,23.5172330034299,,,68.6281445390841,4.57241066004537,,473635450.0
SSA,Sub-Saharan Africa (excluding high income),1991,6.75460780377053,24.1229244032663,,,69.3159487911603,4.42230864543735,,485834033.0
SSA,Sub-Saharan Africa (excluding high income),1992,6.8813823542891,24.7443534935646,,,69.904237162278,4.05709972139224,,498349572.0
SSA,Sub-Saharan Africa (excluding high income),1993,6.96660647180705,25.2848861546932,,,70.8868482419797,4.06829153895733,,511789636.0
SSA,Sub-Saharan Africa (excluding high income),1994,7.06306464855791,25.9432829448408,,,71.6727713477934,4.06744081857953,,525116200.0
SSA,Sub-Saharan Africa (excluding high income),1995,7.24785809012441,26.6178275594141,,,71.2847123258534,3.96880320591492,,538769611.0
SSA,Sub-Saharan Africa (excluding high income),1996,7.34167518776681,27.3213676781962,,,70.3448821479811,3.81522895999631,,553009918.0
SSA,Sub-Saharan Africa (excluding high income),1997,7.3883469787037,28.0309221448361,,,69.4514591633466,3.81919984694319,,567371961.0
SSA,Sub-Saharan Africa (excluding high income),1998,7.43237634672042,28.7714641683231,,,70.1775504003607,3.96447695836929,,582361221.0
SSA,Sub-Saharan Africa (excluding high income),1999,7.56706059123466,29.5343262619689,15.2723747020449,,70.7351289782245,3.98420098022664,,597802260.0
SSA,Sub-Saharan Africa (excluding high income),2000,7.60251242395915,30.3164158802774,13.7032519092918,2.88442580434309,70.5400343332986,3.99759628024163,,613632482.0
SSA,Sub-Saharan Africa (excluding high income),2001,7.65861484829922,31.1260198950335,13.89098530754,3.01303571177589,70.4524235346665,4.07389755242088,,630019621.0
SSA,Sub-Saharan Africa (excluding high income),2002,7.73947313490669,31.9621124640957,14.9044741908402,3.17143447887937,69.9053903195362,4.10820285351013,,646942913.0
SSA,Sub-Saharan Africa (excluding high income),2003,7.86855202954844,32.8246110319728,16.2591476108257,3.34897423624124,69.1935368446526,4.15051902384509,,664400687.0
SSA,Sub-Saharan Africa (excluding high income),2004,7.87610414088619,33.6852264232482,14.8995750185501,3.52081955409199,68.6608003736634,4.20392432911382,,682493463.0
SSA,Sub-Saharan Africa (excluding high income),2005,7.98708807699939,34.6091652199142,15.0251921829536,3.72557286199173,68.3182126979773,4.19859083629306,,701214785.0
SSA,Sub-Saharan Africa (excluding high income),2006,8.0257234896219,35.560119851213,15.9863835346067,3.92434346453105,68.4180768896989,4.18549891880129,,720481278.0
SSA,Sub-Saharan Africa (excluding high income),2007,8.11776088237449,36.5420247228887,15.1495881939366,4.12428018284585,67.8663224633458,4.11219577772815,,740376633.0
SSA,Sub-Saharan Africa (excluding high income),2008,8.28956275503228,37.5611608597165,16.170074380125,4.33202806874947,67.7239994269514,4.06057295995827,,761026248.0
SSA,Sub-Saharan Africa (excluding high income),2009,8.50290174059929,38.6087722789402,17.9187361988784,4.56736844266301,67.7883988057594,3.97956681562311,,782252358.0
SSA,Sub-Saharan Africa (excluding high income),2010,8.61251331022724,39.6826589484956,17.5642686408103,4.78508620079522,68.3351794871795,3.9011364130787,,804038373.0
SSA,Sub-Saharan Africa (excluding high income),2011,8.76960195624122,40.7804102708655,19.8252050965687,5.03662627113227,67.7396369252933,3.86562778936879,,826290715.0
SSA,Sub-Saharan Africa (excluding high income),2012,8.94763097619525,37.302868745376,19.6384705802484,5.30823893702113,66.674351242875,3.84939652389612,,849083240.0
SSA,Sub-Saharan Africa (excluding high income),2013,9.07139671829583,38.340658178631,20.7394857167139,5.61840146220272,65.5633636661379,3.87653163524182,,872704206.0
SSA,Sub-Saharan Africa (excluding high income),2014,9.14087877140908,39.3972674043535,20.6247450149295,5.9502405700901,65.3661479603073,3.8909812507364,,896754068.0
SSA,Sub-Saharan Africa (excluding high income),2015,9.21892238434615,40.4751402687706,18.9674844809491,6.29097686977861,65.7662775656608,3.86275716256298,,921290560.0
SSA,Sub-Saharan Africa (excluding high income),2016,9.33238246482051,41.5612196237525,24.1078757614551,6.68623006686147,65.7628766382921,3.76043198590549,,946011305.0
SSA,Sub-Saharan Africa (excluding high income),2017,9.4195437380492,42.6669406215545,23.4097311010811,7.0818273055347,65.5572534348578,3.74136560119223,,971179323.0
SSA,Sub-Saharan Africa (excluding high income),2018,9.53180953213599,43.8116831200619,26.4397790704601,7.54556446923723,65.4505889650284,3.76390722104042,,997236086.0
SSA,Sub-Saharan Africa (excluding high income),2019,9.56737774659261,44.9646949255304,26.7037753526144,8.06559495379511,66.056261685499,3.62750411764235,,1023480610.0
SSA,Sub-Saharan Africa (excluding high income),2020,9.59110880940541,46.1298310381034,27.0266233670101,8.61309382231428,68.169313816785,3.62644906780423,,1049999318.0
SSA,Sub-Saharan Africa (excluding high income),2021,9.63997755314406,47.3061257586537,28.3089390167167,9.1265136809666,,3.60351637932423,,1076774079.0
SSA,Sub-Saharan Africa (excluding high income),2022,9.68985637258747,48.4892611584016,28.70075103901,9.68292643567799,,3.56766651657639,,1103704408.0
SDN,Sudan,1990,,,19.4548132165178,,73.3,6.66783719597917,,22021481.0
SDN,Sudan,1991,,,11.2197237237857,,76.2,5.57825374880646,,22470676.0
SDN,Sudan,1992,,,10.8343538444816,,77.4,4.26905592605745,,22927355.0
SDN,Sudan,1993,,,10.6143440942736,,85.6,3.00285813558865,,23445592.0
SDN,Sudan,1994,,,11.1582587189977,,79.5,2.70823749091271,,24043948.0
SDN,Sudan,1995,,,11.7032773021867,,81.5,2.77045916888531,,24672143.0
SDN,Sudan,1996,,,12.2514904189297,,83.6,2.41745139729195,,25231528.0
SDN,Sudan,1997,,,12.8018831488452,,80.5,2.38727934581023,,25799821.0
SDN,Sudan,1998,,,13.3557695871224,,81.9,2.66755793553205,,26458999.0
SDN,Sudan,1999,,,13.9135440471703,,80.8,2.63627798987577,,27130613.0
SDN,Sudan,2000,,,4.4,5.3,80.4,2.61239544476986,,27816745.0
SDN,Sudan,2001,,,13.8,6.2,79.4,2.58570658197329,,28516770.0
SDN,Sudan,2002,,,14.2,7.3,76.8,2.55192423013811,,29228727.0
SDN,Sudan,2003,,,14.5,8.5,77.0,2.32922693880353,,29896035.0
SDN,Sudan,2004,,,14.9,10.0,75.4,2.24353215983513,,30556637.0
SDN,Sudan,2005,,,15.2,11.7,72.3,2.32779644306611,,31262444.0
SDN,Sudan,2006,,,15.6,13.6,69.2,2.33892505775764,,31992435.0
SDN,Sudan,2007,,,16.0,15.5,65.6,2.40093303698303,,32764135.0
SDN,Sudan,2008,,,7.3,17.6,63.5,2.60795756268239,,33623980.0
SDN,Sudan,2009,,,14.7,20.3,63.1,3.06673784875108,,34569113.0
SDN,Sudan,2010,,,18.2,22.9,61.3,2.84443319477669,,35414399.0
SDN,Sudan,2011,,,21.0,25.8,63.7,2.60512159961958,0.0,36140806.0
SDN,Sudan,2012,10.6299571734475,19.7661552462527,23.8,28.7,63.7,2.85807507300211,0.0,36923178.0
SDN,Sudan,2013,10.6209635974304,20.2279705567452,26.7,32.0,64.3,3.16253432893222,0.0,37785849.0
SDN,Sudan,2014,10.6119700214133,20.7833608137045,28.9,35.1,63.7,3.708759578136,0.0,38823318.0
SDN,Sudan,2015,10.7495074946467,21.4263549250535,32.7,38.2,61.9,4.01658140537589,0.0,40024431.0
SDN,Sudan,2016,10.9127408993576,22.0877366167024,35.8,41.7,58.9,3.32349685003827,0.0,41259892.0
SDN,Sudan,2017,11.0759743040685,22.8663308351178,38.8,44.8,59.4,3.75353063948541,0.0,42714306.0
SDN,Sudan,2018,11.2392933618844,23.6780492505353,41.7,48.0,59.8,3.76448298669123,0.0,44230596.0
SDN,Sudan,2019,11.2392933618844,24.3833913276231,44.4,51.6,59.4,3.19887727909066,0.0,45548175.0
SDN,Sudan,2020,11.2392933618844,25.0477682012848,46.9,54.7,62.6,2.93936647448266,0.0,46789231.0
SDN,Sudan,2021,11.2392933618844,25.7317580299786,49.4,57.8,61.0,2.93317038435042,0.0,48066924.0
SDN,Sudan,2022,11.2392933618844,26.4364807280514,49.4,60.7,,2.92918678796511,,49383346.0
SUR,Suriname,1990,0.355123348980151,2.56992799282227,,,,1.05337369400505,3679688.36259797,412493.0
SUR,Suriname,1991,0.355123348980151,2.58562818298771,,,,0.667235786885714,3331293.32252258,415013.0
SUR,Suriname,1992,0.355123348980151,2.60167726626794,,,,0.676507677381126,4376419.26866672,417589.0
SUR,Suriname,1993,0.355123348980151,2.61266116914955,,,,0.478127517341856,3887027.12936258,419352.0
SUR,Suriname,1994,0.355123348980151,2.63149516711388,,,,0.773448793811666,3721592.77412414,422375.0
SUR,Suriname,1995,0.355123348980151,2.67654599056082,,,,1.75008302900988,4873818.65260066,429606.0
SUR,Suriname,1996,0.355123348980151,2.73401367075368,,,,2.17405506673091,9311158.23634226,438830.0
SUR,Suriname,1997,0.355123348980151,2.79156234399104,,,,2.12913376278311,6235960.40634582,448067.0
SUR,Suriname,1998,0.355123348980151,2.84974650111605,,,,2.10508271323776,4507273.6581081,457406.0
SUR,Suriname,1999,0.355123348980151,2.908996028288,99.62406,,,2.09509062815346,2824129.6220844,466916.0
SUR,Suriname,2000,0.355123348980151,2.96959751627976,90.6,55.2,23.6,2.09393794423669,3657921.46793496,476643.0
SUR,Suriname,2001,0.355123348980151,3.03138274876811,90.4,57.5,24.1,2.08549693225626,3720303.05620849,486560.0
SUR,Suriname,2002,0.28036053866854,3.09362901858672,90.1,59.3,27.8,2.05224684043223,4211323.05610932,496551.0
SUR,Suriname,2003,0.342662880594883,3.15507781842867,89.9,61.6,24.6,1.97932185831967,5250958.69440824,506414.0
SUR,Suriname,2004,0.330202412209614,3.20186064698116,89.6,64.0,22.6,1.47669182624034,5008739.08945089,513923.0
SUR,Suriname,2005,0.305281475439077,3.23544160927946,89.3,66.1,18.9,1.026170615078,5978498.36473214,519313.0
SUR,Suriname,2006,0.305281475439077,3.27085426043039,81.8,67.9,22.1,1.0354546694732,9048909.89228029,524997.0
SUR,Suriname,2007,0.286590772861175,3.30835404003586,88.8,70.1,24.6,1.05988836681096,9893428.3409643,531016.0
SUR,Suriname,2008,0.292821007053809,3.34716216882178,88.6,71.9,26.2,1.06750576674643,12890218.1222325,537245.0
SUR,Suriname,2009,0.361353583172785,3.3865559396218,88.4,73.8,26.5,1.06231619581721,14060040.587313,543568.0
SUR,Suriname,2010,0.342662880594883,3.42614907791599,79.4,75.8,22.1,1.05388681114277,22380152.2791572,549923.0
SUR,Suriname,2011,0.361353583172785,3.46568614410245,88.0,77.7,21.2,1.04750065040998,30936216.6210501,556269.0
SUR,Suriname,2012,0.32397217801698,3.50533535450438,87.9,79.3,15.8,1.05567328497715,35685099.5558712,562633.0
SUR,Suriname,2013,0.373814051558054,3.54512786029273,87.7,81.3,17.6,1.06108863008374,35736754.6440021,569020.0
SUR,Suriname,2014,0.404965222521225,3.58470853811854,87.3,82.8,12.8,1.04469899646554,39644481.8425118,575373.0
SUR,Suriname,2015,0.404965222521225,3.62367242275927,88.2,84.4,11.6,1.01779258659746,50135100.4227813,581627.0
SUR,Suriname,2016,0.404965222521225,3.66186375836012,90.4,85.8,11.1,0.987475970125921,49755042.9852784,587757.0
SUR,Suriname,2017,0.386274519943322,3.69897103321145,92.3,87.3,15.5,0.950815503836035,78416622.6679711,593713.0
SUR,Suriname,2018,0.386274519943322,3.73510639152873,94.3,88.4,18.3,0.918635972496712,105461682.542812,599513.0
SUR,Suriname,2019,0.386274519943322,3.77407650640365,95.4,89.5,14.9,0.989048728184593,87482486.9281761,605768.0
SUR,Suriname,2020,0.373814051558054,3.81487831013121,96.5,90.5,14.6,1.03182791850901,46595135.0343291,612317.0
SUR,Suriname,2021,0.361353583172785,3.84963678669192,97.5,91.5,14.5,0.872279367069452,49209989.5095381,617896.0
SUR,Suriname,2022,0.311511709631712,3.88245766041872,97.0,92.3,,0.717276410125369,,623164.0
SWE,Sweden,1990,6.97452273863805,21.0115414726333,100.0,,34.1,0.875526341559946,0.0,8558835.0
SWE,Sweden,1991,6.84195525258157,21.1552544473323,100.0,,32.5,0.790557219158688,0.0,8617375.0
SWE,Sweden,1992,6.78794627678078,21.2797009473911,100.0,,33.2,0.721565549813376,0.0,8668067.0
SWE,Sweden,1993,6.81740571812666,21.4036613666677,100.0,,34.4,0.723081614466619,0.0,8718561.0
SWE,Sweden,1994,6.81740571812666,21.556320191722,100.0,,31.4,0.835239632953057,0.0,8780745.0
SWE,Sweden,1995,6.78549132333529,21.669724311183,100.0,,33.9,0.606700302050014,0.0,8826939.0
SWE,Sweden,1996,6.89596422838236,21.7042385016732,100.0,,31.4,0.202729846315835,0.0,8840998.0
SWE,Sweden,1997,6.86404983359098,21.7166703859211,100.0,,35.5,0.0881049433809642,0.0,8846062.0
SWE,Sweden,1998,6.82722553190863,21.7287291172454,100.0,,35.5,0.0812474167016187,0.0,8850974.0
SWE,Sweden,1999,6.73639225442548,21.7456682960193,100.0,,34.6,0.106166757110855,0.0,8857874.0
SWE,Sweden,2000,6.38116049086303,21.7806145583158,100.0,100.0,39.8,0.198893498491736,0.0,8872109.0
SWE,Sweden,2001,6.57632928977951,21.8391676529442,100.0,100.0,37.4,0.319294115667657,0.0,8895960.0
SWE,Sweden,2002,6.5166739210541,21.9103563929565,100.0,100.0,35.9,0.386713006495347,0.0,8924958.0
SWE,Sweden,2003,6.48500502160727,21.9920351490414,100.0,100.0,34.6,0.444770995256101,0.0,8958229.0
SWE,Sweden,2004,6.49507033073378,22.0786999155742,100.0,100.0,35.5,0.47835539179379,0.0,8993531.0
SWE,Sweden,2005,6.59670540337708,22.1671788927031,100.0,100.0,39.3,0.498308734260474,0.0,9029572.0
SWE,Sweden,2006,6.49457934004468,22.2922170365422,100.0,100.0,40.1,0.68727228130455,0.0,9080505.0
SWE,Sweden,2007,6.45996449646327,22.4581399750626,100.0,100.0,41.8,0.90170246275023,0.0,9148092.0
SWE,Sweden,2008,6.41896677392358,22.6337796193202,100.0,100.0,43.2,0.96923156272926,0.0,9219637.0
SWE,Sweden,2009,6.45088116871496,22.8274214371936,100.0,100.0,45.7,1.06685248785247,0.0,9298515.0
SWE,Sweden,2010,6.428541092361,23.0228627359425,100.0,100.0,44.7,1.08693368634056,0.0,9378126.0
SWE,Sweden,2011,6.39294426740138,23.1973780115221,100.0,100.0,45.4,1.02102006784234,0.0,9449213.0
SWE,Sweden,2012,6.36765824691283,23.3696200002111,100.0,100.0,48.3,1.04972189782459,0.0,9519374.0
SWE,Sweden,2013,6.35494158806519,23.5684835040631,100.0,100.0,47.3,1.1969953090168,0.0,9600379.0
SWE,Sweden,2014,6.33557200538028,23.8034986523533,100.0,100.0,48.6,1.37717820431422,0.0,9696110.0
SWE,Sweden,2015,6.32242261090945,24.0582617728817,100.0,100.0,51.9,1.47334920683876,0.0,9799186.0
SWE,Sweden,2016,6.29882882509526,24.362449750883,100.0,100.0,50.9,1.69896335342089,0.0,9923085.0
SWE,Sweden,2017,6.27312362868792,24.6929419766692,100.0,100.0,51.8,1.61992094622639,0.0,10057698.0
SWE,Sweden,2018,6.24091234149935,24.9814588688378,100.0,100.0,51.6,1.43222878427888,0.0,10175214.0
SWE,Sweden,2019,6.23649577686113,25.2378879395011,100.0,100.0,52.9,1.28212451768993,0.0,10278887.0
SWE,Sweden,2020,6.23404046356315,25.4209438224317,100.0,100.0,57.8,0.988642012430427,0.0,10353442.0
SWE,Sweden,2021,6.22421921037124,25.5740792575133,100.0,100.0,57.9,0.863775743315115,0.0,10415811.0
SWE,Sweden,2022,6.20703201728541,25.7487256923983,100.0,100.0,,0.940742830784127,,10486941.0
CHE,Switzerland,1990,10.1972538324133,169.887250637313,100.0,,16.8,1.97266515953816,0.0,6715519.0
CHE,Switzerland,1991,10.3100076272441,172.023521762943,100.0,,17.1,2.08957993314022,0.0,6799978.0
CHE,Switzerland,1992,10.2730269573834,173.930259050029,100.0,,17.0,1.93473464547868,0.0,6875364.0
CHE,Switzerland,1993,10.3684715545424,175.521148630479,100.0,,18.0,1.74526986337745,0.0,6938265.0
CHE,Switzerland,1994,10.6045344765782,176.925563862413,100.0,,18.3,1.6109190516314,0.0,6993795.0
CHE,Switzerland,1995,10.6793226454964,178.111454004043,100.0,,17.6,1.43874827602139,0.0,7040687.0
CHE,Switzerland,1996,10.6327634265686,178.905301988284,100.0,,16.7,1.14716929764489,0.0,7071850.0
CHE,Switzerland,1997,10.4955071866015,179.342310215106,100.0,,17.4,0.860201106680504,0.0,7088906.0
CHE,Switzerland,1998,10.4424657590738,179.881535754967,100.0,,17.1,0.809341675214187,0.0,7110001.0
CHE,Switzerland,1999,10.370238432579,180.747049953447,100.0,,18.4,0.861293323606298,0.0,7143991.0
CHE,Switzerland,2000,10.3239253548407,181.771231711013,100.0,100.0,18.2,0.788960419597938,46074159.1187584,7184250.0
CHE,Switzerland,2001,10.342633891296,182.930725796739,100.0,100.0,18.7,0.733484702944804,10286908.7760877,7229854.0
CHE,Switzerland,2002,10.3133388944079,184.325482117304,100.0,100.0,18.2,0.815385027370858,114549.438548877,7284753.0
CHE,Switzerland,2003,10.2800570153019,185.703856614881,100.0,100.0,18.0,0.785956939728788,8551541.03320097,7339001.0
CHE,Switzerland,2004,10.2679582478105,186.990617655533,100.0,100.0,18.1,0.720448910177642,8531999.01993229,7389625.0
CHE,Switzerland,2005,10.2590651678865,188.198156410317,100.0,100.0,18.7,0.666404437076328,11781572.2438681,7437115.0
CHE,Switzerland,2006,10.2782741629424,189.388794405946,100.0,100.0,18.1,0.649978814350276,16942412.8613961,7483934.0
CHE,Switzerland,2007,10.2715246000129,191.094854564163,100.0,100.0,19.3,0.916544227871043,15892924.964513,7551117.0
CHE,Switzerland,2008,10.2618001093373,193.541360670795,100.0,100.0,19.6,1.29768909531756,4356088.68845649,7647675.0
CHE,Switzerland,2009,10.2549907596896,195.977767173332,100.0,100.0,20.0,1.28461013390536,0.0,7743831.0
CHE,Switzerland,2010,10.2180826799129,198.032658685794,100.0,100.0,20.6,1.0885075863757,0.0,7824909.0
CHE,Switzerland,2011,10.2005698127986,200.249864435738,100.0,100.0,20.6,1.16880614347861,1500522.74670291,7912398.0
CHE,Switzerland,2012,10.1998738207009,202.390548012367,100.0,100.0,21.9,1.19976938479998,2201369.37369179,7996861.0
CHE,Switzerland,2013,10.1970928512126,204.734336607627,100.0,100.0,21.8,1.63663900845104,8302309.74280353,8089346.0
CHE,Switzerland,2014,10.1096765142539,207.250751433234,100.0,100.0,22.2,2.06407361513105,17482072.8096891,8188649.0
CHE,Switzerland,2015,10.0834340878299,209.626620751132,100.0,100.0,23.9,2.28801875626482,12925343.4956606,8282396.0
CHE,Switzerland,2016,10.0910917161209,211.931572125581,100.0,100.0,24.1,2.49498706086045,11070634.8170299,8373338.0
CHE,Switzerland,2017,10.0781505673427,213.918480127503,100.0,100.0,25.0,2.53743050638578,10395242.8483647,8451840.0
CHE,Switzerland,2018,10.0770090734841,215.500094533915,100.0,100.0,24.2,2.49181868216515,21822286.2221619,8514329.0
CHE,Switzerland,2019,10.0935999653755,217.042781721823,100.0,100.0,24.8,2.5713770284745,8220991.29983416,8575280.0
CHE,Switzerland,2020,10.1201023649171,218.63446962171,100.0,100.0,26.4,2.64636277763181,9259970.01157292,8638167.0
CHE,Switzerland,2021,10.009321778007,220.31454103721,100.0,100.0,27.7,2.99801654408171,13678334.7347617,8704546.0
CHE,Switzerland,2022,10.0380287033819,222.150599739861,100.0,100.0,,1.68136719136955,,8777088.0
SYR,Syrian Arab Republic,1990,26.5806943084122,68.447099793231,,,2.4,3.62973414404957,1197557.84497669,12579208.0
SYR,Syrian Arab Republic,1991,26.1399499401458,70.6323919904233,,,2.1,3.55908324244434,2141871.5699455,12980821.0
SYR,Syrian Arab Republic,1992,25.9331809772554,72.8347535096311,,,2.2,3.51371226538278,1858602.49284773,13385571.0
SYR,Syrian Arab Republic,1993,25.960387419741,75.0663075416259,,,2.2,3.49556470747869,1351027.02093169,13795686.0
SYR,Syrian Arab Republic,1994,26.1834802481228,77.3129992382196,,,2.0,3.46845129781456,637504.796329113,14208583.0
SYR,Syrian Arab Republic,1995,26.1127434976602,79.5342311459354,,,1.8,3.40707355673752,1039691.7774854,14616801.0
SYR,Syrian Arab Republic,1996,25.7862661878333,81.7178365436936,,,1.6,3.34627430229011,1272532.10306934,15018104.0
SYR,Syrian Arab Republic,1997,25.960387419741,83.8912939384046,,,1.7,3.31468170429336,1245297.64573654,15417542.0
SYR,Syrian Arab Republic,1998,25.6230275329198,86.0834312765263,,,1.6,3.30960276808207,1265488.66516344,15820413.0
SYR,Syrian Arab Republic,1999,25.5794972249429,88.3015616497987,,,1.8,3.30326550235327,2120468.27062708,16228061.0
SYR,Syrian Arab Republic,2000,24.7143323539014,90.5315485907063,87.1,97.5,2.0,3.27130848500293,1013082.2920754,16637888.0
SYR,Syrian Arab Republic,2001,25.2203721841332,92.7812493198389,86.4,97.6,2.1,3.23926252971792,1460440.89474169,17051338.0
SYR,Syrian Arab Republic,2002,24.9918380672543,95.0502339754054,72.2,97.8,1.6,3.19778794217636,1324209.93597334,17468332.0
SYR,Syrian Arab Republic,2003,25.1920039217822,97.4415599978212,84.8,97.9,1.9,3.14997896281472,1535932.1132414,17889296.0
SYR,Syrian Arab Republic,2004,25.9138203410143,99.8903687966443,84.0,98.1,2.6,3.21709801430925,1042780.2405765,18336875.0
SYR,Syrian Arab Republic,2005,25.4671242577763,102.490009260772,83.1,98.0,2.1,3.17061397844263,1032485.12531459,18814091.0
SYR,Syrian Arab Republic,2006,25.4315743614878,106.937983989544,99.2,97.9,1.8,4.72051145165918,1350027.99195876,19637022.0
SYR,Syrian Arab Republic,2007,25.7895883249837,113.723181224134,81.5,97.8,1.5,6.57928939970074,1410964.74360653,20884125.0
SYR,Syrian Arab Republic,2008,25.5881071661947,117.820540187323,80.8,97.7,1.2,4.08594724610225,2473036.9627706,21636564.0
SYR,Syrian Arab Republic,2009,25.430189501198,119.674194075365,80.2,97.4,0.9,2.37027140004479,2514277.32630298,21976969.0
SYR,Syrian Arab Republic,2010,25.5241518270435,122.433267984534,83.6,97.2,1.4,3.47835881189303,3077149.00030857,22482421.0
SYR,Syrian Arab Republic,2011,25.3880084953439,124.58801938681,81.2,96.85,1.6,6.62495176179717,3051191.42614174,22878098.0
SYR,Syrian Arab Republic,2012,25.4043456951478,123.943598540543,80.0,96.5,2.0,10.1864869993333,3465848.48609167,22759763.0
SYR,Syrian Arab Republic,2013,25.3880084953439,117.99225072156,79.8,96.1,3.1,6.63356206643399,3429504.90087498,21666917.0
SYR,Syrian Arab Republic,2014,25.3825627620759,110.404939280074,79.8,95.8,2.7,-2.70398241221137,4081628.58916355,20273659.0
SYR,Syrian Arab Republic,2015,25.4043456951478,105.781288460491,79.1,95.3,0.6,-4.60377443417053,3501145.21433919,19424618.0
SYR,Syrian Arab Republic,2016,25.4021674018407,104.524500353973,78.4,94.8,1.3,-1.9889501945102,2369897.28752378,19193834.0
SYR,Syrian Arab Republic,2017,25.4231334749224,104.692414093558,77.7,94.1,1.1,-0.660432012557686,3837402.65800674,19224668.0
SYR,Syrian Arab Republic,2018,25.3897674671895,106.615721831945,69.5,93.5,0.9,1.17669383547274,3558688.30401153,19577845.0
SYR,Syrian Arab Republic,2019,25.367058759462,110.839917224854,76.2,92.8,1.0,3.56591766368194,4148109.67378833,20353534.0
SYR,Syrian Arab Republic,2020,25.3804770462343,114.629575777378,75.4,91.9,1.1,2.80173587524243,3245152.66036364,21049429.0
SYR,Syrian Arab Republic,2021,24.6694140391004,117.784888090181,74.5,91.2,1.1,2.16905024496172,3074370.12730597,21628839.0
SYR,Syrian Arab Republic,2022,23.955780645864,122.323002777324,75.0,90.1,,3.23115373657189,,22462173.0
TJK,Tajikistan,1990,,,,,29.6,1.07311775103695,,5398768.0
TJK,Tajikistan,1991,,,,,31.0,0.744383041287449,,5541205.0
TJK,Tajikistan,1992,6.144612746499,40.3643898256645,,,37.4,-0.257513647329095,,5649400.0
TJK,Tajikistan,1993,6.20891683338097,40.9044941411832,,,44.0,-1.08552633461435,,5724993.0
TJK,Tajikistan,1994,6.07316376107459,41.6216633323807,,,57.2,-0.782755419811415,,5825368.0
TJK,Tajikistan,1995,6.03029436981995,42.5020291511861,,,60.6,-0.404480224329731,,5948584.0
TJK,Tajikistan,1996,5.79451271791941,43.344691340383,,,62.7,-0.368362732892189,,6066523.0
TJK,Tajikistan,1997,5.79451271791941,43.8684552729351,,,56.8,-0.808958513735755,,6139829.0
TJK,Tajikistan,1998,5.60160045727351,44.1297299228351,,,55.8,-0.929770036653049,,6176397.0
TJK,Tajikistan,1999,5.60160045727351,44.3581737639326,95.9328799309966,,59.7,-0.351972955854112,,6208370.0
TJK,Tajikistan,2000,5.60160045727351,44.903793941126,98.0,20.6,62.4,1.07975091844687,,6284735.0
TJK,Tajikistan,2001,5.59445555873107,45.780058588168,98.2,24.4,64.1,1.92882569058128,,6407377.0
TJK,Tajikistan,2002,5.58016576164618,46.6681123178051,98.8,28.65,64.2,1.91800490952148,,6531669.0
TJK,Tajikistan,2003,5.58731066018863,47.5748428122321,100.0,32.8,64.6,1.92233058194332,,6658575.0
TJK,Tajikistan,2004,5.55873106601886,48.517769362675,98.2,37.1,61.4,1.96130709616573,0.0,6790547.0
TJK,Tajikistan,2005,5.40868819662761,49.4764218348099,99.2,40.95,63.7,1.95547834134167,486988.99469273,6924720.0
TJK,Tajikistan,2006,5.26579022577879,50.425593026579,98.3,45.1,61.6,1.89890826953314,0.0,7057566.0
TJK,Tajikistan,2007,5.33009431266076,51.4038082309231,98.3,48.8,53.8,1.91912064659734,0.0,7194477.0
TJK,Tajikistan,2008,5.29436981994856,52.4321448985424,98.4,52.2,54.6,1.97722721494353,0.0,7338403.0
TJK,Tajikistan,2009,5.36867676478994,53.5169334095456,98.9,55.8,60.6,2.0425115736393,0.0,7490230.0
TJK,Tajikistan,2010,5.33652472134896,54.6737710774507,98.6,58.9,61.8,2.13196331965188,0.0,7652141.0
TJK,Tajikistan,2011,5.31008859674193,55.9072949414118,98.7,61.7,60.0,2.04919188402493,0.0,7824785.0
TJK,Tajikistan,2012,5.2772220634467,57.2598170905973,98.8,64.2,55.8,2.12954032598335,0.0,8014084.0
TJK,Tajikistan,2013,5.49728493855387,58.7076593312375,98.9,66.9,55.1,2.79234822491599,0.0,8216724.0
TJK,Tajikistan,2014,5.76571123888577,60.7089475883735,99.0,68.8,45.9,2.79269892785818,48569236.5028046,8425552.0
TJK,Tajikistan,2015,5.97161178759277,62.2799913538439,97.8,70.9,48.1,2.23902133029357,49609452.1067543,8643840.0
TJK,Tajikistan,2016,6.16759132502342,63.8780243533396,99.2,73.2,43.7,2.12867023399042,42698699.2239639,8865631.0
TJK,Tajikistan,2017,6.0371784710714,65.4654225808776,99.3,74.7,44.2,2.07969283267712,51681691.8178072,9085946.0
TJK,Tajikistan,2018,6.0479861661503,67.060544707832,99.3,76.5,41.6,2.25778191588409,61893561.7231239,9307333.0
TJK,Tajikistan,2019,6.08257079040277,68.6646444268319,99.6,78.3,40.1,1.96739384148484,63013423.0076898,9529966.0
TJK,Tajikistan,2020,6.0479861661503,70.2450464730888,99.7,79.8,38.8,2.51431873780364,62450519.1598895,9749310.0
TJK,Tajikistan,2021,6.03789898407666,71.8128683622739,99.8,81.05,34.9,2.23261236586738,67816501.1272543,9966908.0
TJK,Tajikistan,2022,6.04366308811874,73.3642337344189,100.0,82.6,,2.12418551812488,,10182222.0
TZA,Tanzania,1990,10.160307067058,29.4764134116053,,,93.3,4.51702624757232,0.0,26110207.0
TZA,Tanzania,1991,10.1636938360804,30.2330503499661,,,93.6,4.30445394527667,0.0,26780436.0
TZA,Tanzania,1992,9.93452246556785,30.9975028223075,2.64826052829766,,93.7,4.15684001285917,0.0,27457588.0
TZA,Tanzania,1993,10.0474147663129,31.9854278618198,,,94.1,4.71638566826108,0.0,28332692.0
TZA,Tanzania,1994,10.0474147663129,33.2381530819598,,,95.2,5.36752868719448,0.0,29442356.0
TZA,Tanzania,1995,10.0474147663129,34.3006288101151,,,93.3,4.64482348987815,0.0,30383497.0
TZA,Tanzania,1996,10.160307067058,34.9353827048995,2.50879709356004,,92.1,3.3287975644903,0.0,30945762.0
TZA,Tanzania,1997,10.0564461503725,35.6492312034319,,,92.7,3.53764173904154,0.0,31578089.0
TZA,Tanzania,1998,9.84985324000903,36.6002009482953,0.853170550879861,,93.1,4.18875207785531,0.0,32420458.0
TZA,Tanzania,1999,9.82163016482276,37.5935086927072,2.57321178552214,,94.2,4.2952553294747,0.0,33300330.0
TZA,Tanzania,2000,9.70873786407767,38.6770591555656,1.7,0.2,93.6,4.53902099424793,0.0,34260139.0
TZA,Tanzania,2001,9.62971325355611,39.7361695642357,2.5,0.2,93.1,4.4961603877111,0.0,35198299.0
TZA,Tanzania,2002,9.70873786407767,40.7781711447279,3.2,0.2,92.4,4.49256487059464,0.0,36121304.0
TZA,Tanzania,2003,9.64100248363062,41.8712519756153,3.2,0.3,92.4,4.74848610694339,0.0,37089555.0
TZA,Tanzania,2004,10.2699254910815,43.022881011515,2.6,0.3,91.3,5.07889855144145,0.0,38109668.0
TZA,Tanzania,2005,10.8988484985324,44.2335470760894,4.9,0.3,90.3,5.32887971561333,0.0,39182076.0
TZA,Tanzania,2006,11.5277715059833,45.489841950779,5.5,0.3,89.9,5.46808506988817,0.0,40294902.0
TZA,Tanzania,2007,12.1566945134342,46.7775028223075,6.0,0.3,90.6,5.50485226068867,0.0,41435512.0
TZA,Tanzania,2008,12.7858433054866,48.0590742831339,1.0,0.4,90.3,5.40112902994469,0.0,42570728.0
TZA,Tanzania,2009,12.9906299390382,49.2594061864981,,0.4,91.0,5.09497136237819,0.0,43633982.0
TZA,Tanzania,2010,13.1954165725897,50.5288868819147,2.5,0.4,89.4,5.0529399549445,0.0,44758488.0
TZA,Tanzania,2011,13.4002032061413,51.9636114247008,2.6,0.5,87.6,5.14415698651668,0.0,46029367.0
TZA,Tanzania,2012,13.6049898396929,53.4818920749605,2.3,0.6,85.2,5.01236870675833,0.0,47374260.0
TZA,Tanzania,2013,13.8097764732445,55.1186814179273,1.7,0.6,84.5,4.97778617806947,0.0,48824128.0
TZA,Tanzania,2014,14.0145631067961,56.8429803567397,10.0,0.8,84.7,4.96394591748451,0.0,50351512.0
TZA,Tanzania,2015,14.2193497403477,58.7276608715286,11.3,0.9,82.8,5.07866064291693,0.0,52020962.0
TZA,Tanzania,2016,14.4241363738993,60.7631666290359,17.3,1.0,81.7,5.15937190855639,0.0,53824013.0
TZA,Tanzania,2017,14.6289230074509,62.8278279521337,16.0,1.2,82.0,5.0305164124357,0.0,55652890.0
TZA,Tanzania,2018,14.8337096410025,64.842114472793,18.1,1.3,81.3,4.78345775460118,0.0,57437145.0
TZA,Tanzania,2019,15.0384962745541,66.8038959132987,19.0,1.5,80.4,4.54852679259264,0.0,59174891.0
TZA,Tanzania,2020,15.2432829081057,68.8335944908557,22.0,1.7,80.8,4.50255101559597,0.0,60972798.0
TZA,Tanzania,2021,15.2432829081057,70.9306976744186,23.3,1.9,78.3,4.45351868596443,0.0,62830412.0
TZA,Tanzania,2022,15.2432829081057,73.0546635809438,36.0,2.2,,4.31939931544978,,64711821.0
THA,Thailand,1990,34.2422047798939,107.143081680988,,,33.5,3.25422572670683,0.0,54738329.0
THA,Thailand,1991,34.2735226761142,108.902961498561,,,33.0,4.51011333645978,0.0,55637434.0
THA,Thailand,1992,33.7411184403688,110.647759791736,,,31.7,5.97752305294499,0.0,56528834.0
THA,Thailand,1993,33.4416410577619,112.368999197479,,,26.4,6.92975092819566,0.0,57408198.0
THA,Thailand,1994,33.4279394781656,114.037961204956,,,23.8,7.44622886312909,0.0,58260854.0
THA,Thailand,1995,33.3927068449177,115.67701853628,,,22.6,7.6348215910868,0.0,59098232.0
THA,Thailand,1996,33.713715281176,117.285646616689,,,21.0,7.54218410158392,0.0,59920064.0
THA,Thailand,1997,34.0914874043336,118.860388733387,,,21.1,7.2267155971907,0.0,60724584.0
THA,Thailand,1998,34.4281547887021,120.422458846327,,,21.5,6.75816363958985,0.0,61522630.0
THA,Thailand,1999,34.4829611070876,121.942185206209,,,21.1,6.13007485612926,0.0,62299043.0
THA,Thailand,2000,34.5964884808863,123.329513202451,74.0,47.5,21.8,5.37019799578665,0.0,63007815.0
THA,Thailand,2001,34.7198026972538,124.58873925894,85.9,48.9,19.9,5.00415244369506,0.0,63651141.0
THA,Thailand,2002,34.8039695433459,125.793100275989,86.6,50.9,19.9,4.94504771097881,0.0,64266437.0
THA,Thailand,2003,34.880306915383,126.970905674411,87.4,52.0,20.2,4.82812572112516,0.0,64868166.0
THA,Thailand,2004,35.0603848186498,128.1137759596,88.1,54.0,19.9,4.65897095213515,0.0,65452047.0
THA,Thailand,2005,35.1347648221731,129.220419268336,88.9,55.25,20.1,4.45022824443505,0.0,66017420.0
THA,Thailand,2006,35.1406369277144,130.297494568302,98.8,56.8,20.5,4.21365376919,0.0,66567687.0
THA,Thailand,2007,35.1249779796042,131.344113214195,90.6,58.1,21.6,3.9477661246727,0.0,67102394.0
THA,Thailand,2008,34.9155395486308,132.356926148486,91.5,59.6,22.6,3.65401247060574,0.0,67619830.0
THA,Thailand,2009,34.3459453111237,133.338057116013,98.9,61.2,22.8,3.33880904832821,0.0,68121080.0
THA,Thailand,2010,35.2414414061735,134.235250249564,99.5,62.5,22.8,2.97584762605635,0.0,68579447.0
THA,Thailand,2011,35.0384622912956,135.072536162383,99.0,64.0,23.0,2.43027274329167,0.0,69007208.0
THA,Thailand,2012,34.0251326117168,135.912031944254,98.8,65.4,23.6,1.88087335113663,0.0,69436098.0
THA,Thailand,2013,33.9491189884319,136.712626984282,99.0,67.1,23.2,1.59290449299765,0.0,69845114.0
THA,Thailand,2014,33.3369218422752,137.439305917125,99.2,69.0,24.4,1.57575157421195,0.0,70216367.0
THA,Thailand,2015,33.1065395682045,138.07433106931,99.5,70.5,22.6,1.82960967707757,0.0,70540795.0
THA,Thailand,2016,33.0188494587876,138.698821664155,99.9,72.0,22.4,2.40848086634849,0.0,70859841.0
THA,Thailand,2017,32.8127385542876,139.286709467791,99.9,73.5,22.2,3.2056963868025,0.0,71160187.0
THA,Thailand,2018,32.7604699641802,139.709289670966,99.7,74.6,23.7,10.6249435934454,0.0,71376079.0
THA,Thailand,2019,32.5479594433244,139.995441288731,99.9,76.1,23.9,2.63388512236266,0.0,71522271.0
THA,Thailand,2020,32.9299843410519,140.228785061364,100.0,77.4,20.9,2.48059318189253,0.0,71641484.0
THA,Thailand,2021,31.6905791853432,140.396821233534,100.0,78.9,19.0,2.31934361435892,0.0,71727332.0
THA,Thailand,2022,31.0307502593513,140.412474309538,100.0,80.1,,2.09762633697923,,71735329.0
TLS,Timor-Leste,1990,7.39744451916611,51.1328177538668,,,,3.79824400978382,,760345.0
TLS,Timor-Leste,1991,8.06993947545393,52.3388029589778,,,,3.93599311865288,,778278.0
TLS,Timor-Leste,1992,8.06993947545393,53.7537323470074,,,,4.16477514407603,,799318.0
TLS,Timor-Leste,1993,8.40618695359785,55.2412239408204,,,,4.14407063100311,2149396.73315351,821437.0
TLS,Timor-Leste,1994,8.74243443174176,56.7917283120377,,,,4.12122303852237,2731292.39991894,844493.0
TLS,Timor-Leste,1995,8.74243443174176,58.3823806321453,,,,4.07556319303541,4303793.26626137,868146.0
TLS,Timor-Leste,1996,8.74243443174176,60.0055144586416,,,,4.03663219454829,4223449.31519068,892282.0
TLS,Timor-Leste,1997,8.54068594485541,61.6801613987895,,,,4.04634215426938,3583227.05763685,917184.0
TLS,Timor-Leste,1998,8.40618695359785,63.3846671149966,,,,4.03740135261463,2876110.33855073,942530.0
TLS,Timor-Leste,1999,8.06993947545393,56.1329522528581,,,,-10.8033227030397,1524675.89455127,834697.0
TLS,Timor-Leste,2000,8.06993947545393,50.1067921990585,1.2,0.0,,-9.95866574000393,1481663.8315628,745088.0
TLS,Timor-Leste,2001,8.04303967720242,54.6233355749832,10.7,0.1,,10.0946044173603,1669162.95122014,812249.0
TLS,Timor-Leste,2002,8.01613987895091,59.122999327505,7.9,0.1,48.2,9.46082895677929,1811038.08016406,879159.0
TLS,Timor-Leste,2003,7.98924008069939,61.6595830531271,12.1,0.2,47.9,5.83960242360796,2550814.75824541,916878.0
TLS,Timor-Leste,2004,7.96234028244788,62.4797579018157,14.6,0.2,44.0,3.05960637666147,2742843.71701454,929074.0
TLS,Timor-Leste,2005,7.93544048419637,63.7734364492266,18.0,0.3,43.6,4.37826424388097,1753493.96552438,948311.0
TLS,Timor-Leste,2006,7.90854068594486,65.6756556825824,21.4,0.4,41.9,5.97882404542201,1961169.43614143,976597.0
TLS,Timor-Leste,2007,7.88164088769334,67.5782784129119,19.9,0.6,41.9,6.04704832740094,2840088.37321873,1004889.0
TLS,Timor-Leste,2008,7.85474108944183,69.4303295225286,28.4,0.7,39.7,5.54322961506032,4647938.46683467,1032429.0
TLS,Timor-Leste,2009,7.82784129119032,71.2025554808339,31.9,1.0,36.9,4.55830345717051,4220808.53378334,1058782.0
TLS,Timor-Leste,2010,7.8009414929388,72.9441156691325,20.6,1.2,34.8,3.22663692405928,3979633.29658984,1084679.0
TLS,Timor-Leste,2011,7.77404169468729,74.660860793544,39.0,1.4,32.8,2.30421115417969,5129264.49627171,1110207.0
TLS,Timor-Leste,2012,7.74714189643578,76.3204438466712,42.6,1.8,25.6,2.13157925008185,4062583.24319369,1134885.0
TLS,Timor-Leste,2013,7.72024209818426,77.9216543375925,46.2,2.2,22.6,1.97542016122377,3522778.17075951,1158695.0
TLS,Timor-Leste,2014,7.69334229993275,79.4823806321453,49.8,2.6,18.1,1.85671683558361,5103625.33031225,1181903.0
TLS,Timor-Leste,2015,7.66644250168124,81.0444519166106,55.6,3.0,18.0,1.80402891909614,3792719.44513106,1205131.0
TLS,Timor-Leste,2016,7.63954270342972,82.6033624747814,67.2,3.5,12.7,1.70821349161255,4233058.60768524,1228312.0
TLS,Timor-Leste,2017,7.61264290517821,84.1763954270343,70.9,4.0,13.2,1.59330188013373,4731100.0963268,1251703.0
TLS,Timor-Leste,2018,7.5857431069267,85.8075991930061,78.8,4.7,12.7,1.53884292355643,2105270.2365489,1275959.0
TLS,Timor-Leste,2019,7.49831876260928,87.4878950907868,86.5,5.2,11.7,1.48120516086694,1826186.85673064,1300945.0
TLS,Timor-Leste,2020,7.49831876260928,89.1763954270343,94.2,5.7,11.4,1.38462318628328,2331453.02098275,1326053.0
TLS,Timor-Leste,2021,7.49831876260928,90.7961667787492,100.0,6.2,12.1,1.2143132058872,1945293.02729534,1350139.0
TLS,Timor-Leste,2022,7.49831876260928,92.0843981170141,100.0,6.7,11.4,0.68729321452991,,1369295.0
TGO,Togo,1990,38.0584666298952,73.5201507630079,,,78.7,4.42123107996899,76209685.7764672,3998761.0
TGO,Togo,1991,38.4261812833241,75.6675859533002,,,82.1,4.36617130337665,78050349.6890155,4115560.0
TGO,Togo,1992,38.7938959367531,77.8381503952933,,,85.8,4.30695239130861,82570127.3446458,4233617.0
TGO,Togo,1993,39.161610590182,77.3571060856775,,,91.5,0.849085330610079,72204329.4207156,4207453.0
TGO,Togo,1994,39.529325243611,77.6418459275602,,,81.6,1.82550650772767,87144285.2934149,4222940.0
TGO,Togo,1995,39.8970398970399,81.0963780106637,,,81.5,5.7992181313314,132656730.178862,4410832.0
TGO,Togo,1996,40.2647545504688,84.1673101673102,,,73.1,5.14964576859749,132706586.440649,4577860.0
TGO,Togo,1997,40.6324692038978,86.873138444567,,,79.6,4.58286689524108,129793902.066981,4725030.0
TGO,Togo,1998,41.0001838573267,89.3714469571612,3.10279958670469,,77.8,4.23874292551846,133996953.274974,4860913.0
TGO,Togo,1999,41.3678985107557,91.9336091193234,3.13197689466699,,73.1,4.21402687949768,87681142.7150037,5000269.0
TGO,Togo,2000,41.7356131641846,94.5033462033462,6.4,0.0,77.1,4.12751506610214,87484375.7634939,5140037.0
TGO,Togo,2001,42.1033278176135,97.0285346571061,5.4,0.0,82.0,3.98997942912653,83977748.4638698,5277382.0
TGO,Togo,2002,42.4710424710425,99.5270086412944,6.5,0.1,78.7,3.87702814914121,103217592.286614,5413274.0
TGO,Togo,2003,42.8387571244714,102.08065820923,7.6,0.1,74.8,3.84895915650918,179787346.597949,5552167.0
TGO,Togo,2004,43.2064717779004,104.734473248759,8.7,0.1,76.1,3.86238661666317,129888080.064875,5696508.0
TGO,Togo,2005,43.5741864313293,107.457823129252,9.8,0.2,77.2,3.8425310295383,132508560.54112,5844631.0
TGO,Togo,2006,43.9419010847582,110.510535024821,7.4,0.2,79.7,4.05587078383148,125475507.704409,6010668.0
TGO,Togo,2007,44.3096157381872,113.777238462953,11.8,0.3,79.9,4.14635297483843,179198541.11262,6188344.0
TGO,Togo,2008,44.6773303916161,117.095274866703,12.9,0.4,76.5,4.08579698600107,203556802.837351,6368812.0
TGO,Togo,2009,45.045045045045,120.46083838941,13.9,0.4,63.4,4.0225189477561,203134406.087961,6551865.0
TGO,Togo,2010,45.2289023717595,123.783599926457,9.3,0.5,65.8,3.88629218322784,172162805.493304,6732590.0
TGO,Togo,2011,45.2289023717595,127.164441993013,16.3,0.6,69.1,3.84009005271648,187851884.608558,6916474.0
TGO,Togo,2012,48.7221915793344,130.55223386652,15.8,0.7,72.7,3.76058234424393,214461190.952793,7100736.0
TGO,Togo,2013,48.7221915793344,133.948189005332,17.1,0.7,76.2,3.68671936339368,211644666.585939,7285442.0
TGO,Togo,2014,48.7221915793344,137.386468100754,21.1,0.7,81.4,3.64099121985515,221101579.008142,7472450.0
TGO,Togo,2015,48.7221915793344,140.893454679169,19.8,0.8,81.0,3.61504008495315,213246490.646556,7663195.0
TGO,Togo,2016,48.7221915793344,144.480400808972,21.0,0.9,80.7,3.59666200940563,250403445.026704,7858289.0
TGO,Togo,2017,48.7221915793344,148.136422136422,19.5,1.0,78.4,3.57012670039299,271599382.08986,8057140.0
TGO,Togo,2018,48.7221915793344,151.843684500827,26.3,1.0,76.7,3.53163940622582,193380908.478154,8258778.0
TGO,Togo,2019,48.7221915793344,155.599705828277,23.9,1.0,78.6,3.49227196039078,201979680.720221,8463068.0
TGO,Togo,2020,48.7221915793344,159.399154256297,24.3,1.1,76.2,3.45043592861379,236937966.417285,8669720.0
TGO,Togo,2021,48.7221915793344,163.235502849789,24.7,1.1,75.1,3.40556415114619,251014752.135581,8878379.0
TGO,Togo,2022,48.7221915793344,167.121492921493,25.0,1.2,,3.3466485973779,,9089738.0
TON,Tonga,1990,22.2222222222222,138.472222222222,,,1.4,1.02606911288215,89808.6652220816,99700.0
TON,Tonga,1991,22.2222222222222,138.743055555556,,,1.3,0.876942188151239,93784.8862875086,99895.0
TON,Tonga,1992,22.2222222222222,138.919444444444,,,1.6,0.749401312527974,101257.506990579,100022.0
TON,Tonga,1993,22.2222222222222,139.031944444444,,,1.4,0.637904174296753,108440.046077132,100103.0
TON,Tonga,1994,22.2222222222222,139.119444444444,75.447018033592,,1.2,0.541672578417977,114439.025759112,100166.0
TON,Tonga,1995,22.2222222222222,139.201388888889,77.6986529216515,,1.2,0.451349334398292,138495.014359411,100225.0
TON,Tonga,1996,22.2222222222222,139.270833333333,78.6292575166609,,1.5,0.336090755246399,141186.974808692,100275.0
TON,Tonga,1997,20.8333333333333,139.825,79.5615483665546,,1.3,0.59953259777126,104803.451630074,100674.0
TON,Tonga,1998,20.8333333333333,140.816666666667,80.495119142253,,1.2,0.862557640091144,104928.134451858,101388.0
TON,Tonga,1999,20.8333333333333,141.730555555556,81.4290171613995,,1.0,0.778513641995471,58605.6856797753,102046.0
TON,Tonga,2000,20.8333333333333,142.606944444444,82.4,21.6,2.5,0.7344389957132,57359.3519353366,102677.0
TON,Tonga,2001,20.8333333333333,143.455555555556,83.2,24.6,2.7,0.695486375218649,60644.5347198188,103288.0
TON,Tonga,2002,20.8333333333333,144.269444444444,84.1,27.5,2.5,0.6614777531223,65178.056024964,103874.0
TON,Tonga,2003,20.8333333333333,145.088888888889,84.9,30.3,2.0,0.665421461345494,84282.8430917446,104464.0
TON,Tonga,2004,20.8333333333333,145.931944444444,85.8,33.1,2.1,0.689843081027935,72435.2787083046,105071.0
TON,Tonga,2005,20.8333333333333,146.765277777778,86.6,36.1,2.1,0.689205222369736,62872.3494235517,105671.0
TON,Tonga,2006,22.2222222222222,147.573611111111,90.7,38.9,1.9,0.692608187342026,106843.773345145,106253.0
TON,Tonga,2007,22.2222222222222,148.230555555556,88.4,41.5,2.2,0.631376551023597,143766.511835893,106726.0
TON,Tonga,2008,22.2222222222222,148.638888888889,89.3,44.5,2.0,0.555221703929297,191602.957881739,107020.0
TON,Tonga,2009,23.6111111111111,148.893055555556,90.3,47.2,1.8,0.480308320108844,171620.125891108,107203.0
TON,Tonga,2010,23.6111111111111,149.166666666667,91.2,50.7,1.0,0.454165953361665,177946.528706004,107400.0
TON,Tonga,2011,23.6111111111111,149.402777777778,90.6,53.6,1.1,0.313523423800545,198316.105376509,107570.0
TON,Tonga,2012,25.0,149.25,91.3,56.8,1.1,-0.111009804049505,187665.991429281,107460.0
TON,Tonga,2013,25.0,148.719444444444,94.1,60.2,1.6,-0.532973976619164,180793.168865381,107078.0
TON,Tonga,2014,26.3888888888889,148.068055555556,95.0,63.7,1.7,-0.756593749455972,229422.343079066,106609.0
TON,Tonga,2015,27.7777777777778,147.354166666667,100.0,67.2,1.9,-0.912289861724122,184150.041083754,106095.0
TON,Tonga,2016,27.7777777777778,146.561111111111,96.5,70.8,2.0,-1.03944683970874,190866.982663997,105524.0
TON,Tonga,2017,27.7777777777778,146.327777777778,97.8,73.8,2.0,-0.839407471616381,249021.121365935,105356.0
TON,Tonga,2018,27.7777777777778,146.620833333333,98.8,76.9,1.8,-0.975779536262219,195353.961265843,105567.0
TON,Tonga,2019,27.7777777777778,146.7625,97.9,79.8,1.8,-1.5601334081974,182056.873207202,105669.0
TON,Tonga,2020,27.7777777777778,146.811111111111,99.8,82.2,1.9,-2.01637859581212,189288.280625422,105704.0
TON,Tonga,2021,27.7777777777778,146.513888888889,100.0,84.55,1.8,-3.06946312753698,191223.328747421,105490.0
TON,Tonga,2022,27.7777777777778,145.891666666667,100.0,86.7,2.3,-0.94987048693744,,105042.0
TTO,Trinidad and Tobago,1990,7.01754385964912,244.095126705653,,,1.2,1.20302290628493,1957181.57571014,1252208.0
TTO,Trinidad and Tobago,1991,7.79727095516569,246.037231968811,,,1.3,1.11150116851997,1826615.30773232,1262171.0
TTO,Trinidad and Tobago,1992,7.79727095516569,247.889668615984,,,1.3,1.03577984214662,2424603.65625301,1271674.0
TTO,Trinidad and Tobago,1993,7.79727095516569,249.60350877193,,,1.3,0.941292912181002,2370336.15580899,1280466.0
TTO,Trinidad and Tobago,1994,7.79727095516569,251.138596491228,,,1.3,0.831766221547205,3019456.85701074,1288341.0
TTO,Trinidad and Tobago,1995,7.79727095516569,252.469590643275,,,1.2,0.713655776309763,5164342.67818408,1295169.0
TTO,Trinidad and Tobago,1996,7.79727095516569,253.592202729045,,,1.0,0.594843327658075,2697428.64742503,1300928.0
TTO,Trinidad and Tobago,1997,6.82261208576998,254.548927875244,,,0.9,0.493608231899986,2583519.39285729,1305836.0
TTO,Trinidad and Tobago,1998,6.82261208576998,255.404483430799,,,0.9,0.418158170971801,1213399.27657942,1310225.0
TTO,Trinidad and Tobago,1999,6.82261208576998,256.278362573099,,,0.9,0.389761499055807,1153500.41214379,1314708.0
TTO,Trinidad and Tobago,2000,6.82261208576998,257.265886939571,80.2,100.0,0.8,0.397054584111291,1595533.53692974,1319774.0
TTO,Trinidad and Tobago,2001,5.84795321637427,258.395126705653,91.8,100.0,0.7,0.387657392205752,1591104.60922053,1325567.0
TTO,Trinidad and Tobago,2002,5.84795321637427,259.65126705653,92.3,100.0,0.7,0.357522352128312,1685617.41847033,1332011.0
TTO,Trinidad and Tobago,2003,5.84795321637427,260.956920077973,92.8,100.0,0.6,0.30263749860429,1891614.56395442,1338709.0
TTO,Trinidad and Tobago,2004,5.0682261208577,262.25730994152,93.3,100.0,0.6,0.231661989734987,1525647.28197139,1345380.0
TTO,Trinidad and Tobago,2005,4.87329434697856,252.338011695906,89.3,100.0,0.5,-4.18232517651543,1926036.4290864,1294494.0
TTO,Trinidad and Tobago,2006,4.87329434697856,253.010526315789,100.0,100.0,0.6,-0.116661865503435,2640612.88469208,1297944.0
TTO,Trinidad and Tobago,2007,4.87329434697856,254.032748538012,100.0,100.0,0.4,-0.0308627969589916,3247456.6373643,1303188.0
TTO,Trinidad and Tobago,2008,4.87329434697856,255.085185185185,100.0,100.0,0.5,-0.0666458510382312,3192951.32480615,1308587.0
TTO,Trinidad and Tobago,2009,4.87329434697856,255.381286549708,100.0,100.0,0.5,-0.405020447538665,3212650.17640955,1310106.0
TTO,Trinidad and Tobago,2010,4.87329434697856,256.86432748538,100.0,100.0,0.4,0.022170086750589,5860584.78563252,1317714.0
TTO,Trinidad and Tobago,2011,4.87329434697856,258.873099415205,100.0,100.0,0.4,0.474215138899369,5642145.53559549,1328019.0
TTO,Trinidad and Tobago,2012,4.87329434697856,260.271734892788,100.0,100.0,0.4,0.53894297347004,5535430.40552532,1335194.0
TTO,Trinidad and Tobago,2013,4.87329434697856,261.317153996101,100.0,100.0,0.4,0.401133801724778,6138385.33764623,1340557.0
TTO,Trinidad and Tobago,2014,4.87329434697856,262.250097465887,100.0,100.0,0.3,0.357086030280375,13228533.0047003,1345343.0
TTO,Trinidad and Tobago,2015,4.87329434697856,263.09298245614,100.0,100.0,0.4,0.322159419192211,14598836.6927198,1349667.0
TTO,Trinidad and Tobago,2016,4.87329434697856,263.917153996101,100.0,100.0,0.4,0.314824791652329,14351051.3487276,1353895.0
TTO,Trinidad and Tobago,2017,4.87329434697856,264.450877192982,100.0,100.0,0.4,0.204960160630728,15471683.7265361,1356633.0
TTO,Trinidad and Tobago,2018,4.87329434697856,264.949902534113,100.0,100.0,0.5,0.192536737032745,16408635.3288021,1359193.0
TTO,Trinidad and Tobago,2019,4.87329434697856,265.884015594542,100.0,100.0,0.4,0.357053749414271,13786885.4460816,1363985.0
TTO,Trinidad and Tobago,2020,4.87329434697856,266.418128654971,100.0,100.0,0.5,0.207219343640683,14791080.4682083,1366725.0
TTO,Trinidad and Tobago,2021,4.87329434697856,266.580506822612,100.0,100.0,0.5,0.0690229884794052,13282239.0719703,1367558.0
TTO,Trinidad and Tobago,2022,4.87329434697856,266.238791423002,100.0,100.0,,-0.118548192053148,,1365805.0
TUN,Tunisia,1990,18.7242533470649,53.5820610195675,,,14.5,3.77446970509195,27076295.4129148,8324509.0
TUN,Tunisia,1991,18.7178166838311,54.7233972708548,,,14.8,3.6863204863579,29067244.6378781,8501827.0
TUN,Tunisia,1992,18.7178166838311,55.8864057672503,,,14.2,3.52527790533063,23670358.2780703,8682512.0
TUN,Tunisia,1993,19.2263130792997,57.0153836251287,,,13.9,3.21017784983037,22407972.6547394,8857910.0
TUN,Tunisia,1994,18.2157569515963,58.0487126673532,66.2887795086333,,14.2,2.74932303218334,19185112.3661255,9018448.0
TUN,Tunisia,1995,18.2929969104016,58.9679325437693,70.821527662192,,14.4,2.36898748543227,29319005.6638039,9161258.0
TUN,Tunisia,1996,18.312306900103,59.8251287332647,74.9412991978345,,14.4,2.17892988269219,30909642.1806962,9294432.0
TUN,Tunisia,1997,18.312306900103,60.6415422245108,78.911073569339,,14.4,2.03318082606488,31182510.6044729,9421270.0
TUN,Tunisia,1998,18.5311534500515,61.4164971678682,81.9126247410442,,14.5,1.89817840879614,40916815.5666767,9541667.0
TUN,Tunisia,1999,18.7242533470649,62.1521820288363,84.4631206306756,,14.5,1.77800958723332,27898458.2184248,9655963.0
TUN,Tunisia,2000,18.4346035015448,62.8535980947477,86.8,87.9,14.2,1.67649763678922,19888282.9177975,9764935.0
TUN,Tunisia,2001,17.8553038105046,63.5277870751802,93.6,90.2,14.2,1.5960643492688,19708691.998711,9869677.0
TUN,Tunisia,2002,17.8359938208033,64.1832839855819,94.4,92.2,14.6,1.53821784182097,15478329.4420178,9971515.0
TUN,Tunisia,2003,17.9582904222451,64.8277033985582,96.0,93.7,14.1,1.50076136231339,13550054.5886592,10071632.0
TUN,Tunisia,2004,17.9647270854789,65.4361676107106,97.7,95.0,13.9,1.43088995699215,6514188.13370157,10166163.0
TUN,Tunisia,2005,17.5720906282183,66.0110195674562,98.3,96.0,14.2,1.34609171042769,1576165.09012303,10255472.0
TUN,Tunisia,2006,17.7845005149331,66.5963568486097,98.8,96.9,14.3,1.32163362778631,8152444.54507172,10346410.0
TUN,Tunisia,2007,17.5914006179197,67.209719361483,98.8,97.5,14.3,1.34174836666726,13493455.0714633,10441702.0
TUN,Tunisia,2008,18.2479402677652,67.8593910916581,98.8,98.0,14.6,1.36785369011834,33616493.1016533,10542635.0
TUN,Tunisia,2009,17.4240473738414,68.554846807415,99.1,98.4,16.1,1.42538775967832,42620499.8259824,10650681.0
TUN,Tunisia,2010,18.1707003089598,69.2969876416066,98.6,98.8,12.6,1.51563288935018,62546834.9088685,10765980.0
TUN,Tunisia,2011,18.2736869207003,70.069741246138,98.9,99.0,13.2,1.54502961487725,70367215.8193426,10886035.0
TUN,Tunisia,2012,18.3316168898043,70.865390061792,98.5,99.2,13.0,1.56258606032696,125957662.782881,11009647.0
TUN,Tunisia,2013,18.3638002059732,71.713188722966,99.1,99.3,13.2,1.61990289382526,110615833.930846,11141361.0
TUN,Tunisia,2014,16.6580844490216,72.5687950566426,99.4,99.4,12.9,1.55941979874374,171730302.783045,11274288.0
TUN,Tunisia,2015,16.5422245108136,73.3925334706488,99.9,99.5,12.5,1.31794524076676,156730479.237721,11402264.0
TUN,Tunisia,2016,16.5010298661174,74.2061920700309,100.0,99.6,12.4,1.36963095769181,120008005.751878,11528674.0
TUN,Tunisia,2017,16.7797373841401,74.9903321318229,100.0,99.7,11.8,1.3818494298919,155651389.061289,11650498.0
TUN,Tunisia,2018,16.5396498455201,75.7306513903193,99.6,99.7,11.9,1.36347309717087,87176206.2418008,11765514.0
TUN,Tunisia,2019,16.5396498455201,76.4358972708548,100.0,99.7,12.2,1.32313412663936,112894075.901771,11875081.0
TUN,Tunisia,2020,18.2241246138002,77.0729724510814,99.7,99.8,12.9,1.24136570609364,102330441.866213,11974057.0
TUN,Tunisia,2021,18.2241246138002,77.5529222451081,99.7,99.8,11.6,1.04740567976755,95069135.4886144,12048622.0
TUN,Tunisia,2022,18.2241246138002,78.0080715756952,99.7,99.8,,1.02711501663029,,12119334.0
TUR,Turkiye,1990,32.0244792952458,72.7825422605668,,,24.4,3.85438912472454,0.0,56015628.0
TUR,Turkiye,1991,32.0491664825955,74.0744084819978,,,24.0,3.54170823548384,0.0,57009887.0
TUR,Turkiye,1992,31.8516689837974,75.3480477632109,,,24.0,3.31619724430794,0.0,57990118.0
TUR,Turkiye,1993,31.8087912373478,76.6591310110053,,,23.6,3.21003097448063,0.0,58999167.0
TUR,Turkiye,1994,32.0998401829451,78.0035029819524,,,24.0,3.1321711399518,0.0,60033836.0
TUR,Turkiye,1995,32.0335745747957,79.2907020256487,,,21.9,2.97212828707065,0.0,61024503.0
TUR,Turkiye,1996,31.8516689837974,80.4946974520224,,,21.0,2.8154386216104,0.0,61951134.0
TUR,Turkiye,1997,31.5697153177501,81.6664709016021,,,20.7,2.75621193645,0.0,62852966.0
TUR,Turkiye,1998,31.7542195600483,82.8117186180372,,,21.5,2.73428603629897,0.0,63734383.0
TUR,Turkiye,1999,31.5463274560503,83.9259423359277,,,20.5,2.7354654962709,0.0,64591923.0
TUR,Turkiye,2000,30.9577329366059,85.0096293023921,100.0,78.5,17.3,2.77502091673666,0.0,65425961.0
TUR,Turkiye,2001,30.9252497953562,86.0739939971155,100.0,79.3,18.1,2.76166162638566,0.0,66245128.0
TUR,Turkiye,2002,31.1760196458038,87.1182191442641,100.0,80.0,17.5,2.64239765345105,0.0,67048795.0
TUR,Turkiye,2003,30.3678390915115,88.1355066720372,100.0,80.7,16.3,2.54414385831574,0.0,67831730.0
TUR,Turkiye,2004,31.0162025908553,89.1241466678794,100.0,81.0,16.8,2.49321573574968,0.0,68592617.0
TUR,Turkiye,2005,30.9629302392059,90.0816717123813,100.0,81.5,15.3,2.48618270581088,0.0,69329557.0
TUR,Turkiye,2006,29.8598027623663,91.0117186180372,100.0,82.0,14.2,2.52719789511974,0.0,70045349.0
TUR,Turkiye,2007,28.5578784610787,91.1582344763068,100.0,82.3,12.5,1.78335947556582,0.0,70158112.0
TUR,Turkiye,2008,28.0069643854839,92.3192677000637,99.9,82.6,12.5,3.04747187294258,0.0,71051678.0
TUR,Turkiye,2009,27.7419019528865,93.6023881605447,99.9,82.9,13.1,3.35499375595573,0.0,72039206.0
TUR,Turkiye,2010,27.784779699336,95.0354715902447,100.0,83.1,14.2,3.71648828413169,0.0,73142150.0
TUR,Turkiye,2011,26.6868495250965,96.4406649948677,100.0,83.5,12.7,3.82733961841471,0.0,74223629.0
TUR,Turkiye,2012,26.736223899796,97.6778802801346,100.0,83.6,13.0,5.10991859183633,0.0,75175827.0
TUR,Turkiye,2013,26.732325922846,98.9405610488157,100.0,83.7,13.8,7.51485625556567,0.0,76147624.0
TUR,Turkiye,2014,26.8947416290945,100.284401595572,100.0,83.6,11.5,7.61873724681312,0.0,77181884.0
TUR,Turkiye,2015,26.8310746722451,101.631276067721,100.0,83.75,13.3,5.56638687943926,0.0,78218479.0
TUR,Turkiye,2016,26.4828553980484,103.007889505347,100.0,83.8,13.2,2.35546247467611,0.0,79277962.0
TUR,Turkiye,2017,25.9839143484532,104.352348531112,100.0,83.8,11.4,1.21721539362836,0.0,80312698.0
TUR,Turkiye,2018,25.6265997947065,105.774468250978,100.0,83.8,11.8,1.50516857000879,0.0,81407204.0
TUR,Turkiye,2019,25.4407962267583,107.297584553617,100.0,83.9,14.1,1.9909704896297,0.0,82579440.0
TUR,Turkiye,2020,25.4485921806582,108.343853540013,100.0,83.9,13.7,1.27276011133045,0.0,83384680.0
TUR,Turkiye,2021,25.8318932474046,109.334768655068,100.0,84.1,12.0,1.18656449306975,,84147318.0
TUR,Turkiye,2022,26.2632693632005,110.416580694619,100.0,84.15,,0.829617003400882,,84979913.0
TKM,Turkmenistan,1990,,,,,0.0,2.39649518258166,,3760562.0
TKM,Turkmenistan,1991,,,,,0.0,2.26608653046074,,3855894.0
TKM,Turkmenistan,1992,2.35630753516481,8.39420551997106,,,0.0,2.07163308377891,,3944689.0
TKM,Turkmenistan,1993,2.48735364841572,8.58086736322431,,,0.0,2.0441671776436,,4032407.0
TKM,Turkmenistan,1994,2.61839997446428,8.76016002383334,,,0.0,1.98055513517549,,4116662.0
TKM,Turkmenistan,1995,2.74944630051284,8.91878152065201,,,0.0,1.83056672884876,,4191203.0
TKM,Turkmenistan,1996,2.8804926265614,9.07330666269444,,,0.0,2.01075538395039,,4263819.0
TKM,Turkmenistan,1997,3.01153895260996,9.22845955780648,,,0.0,2.23195521277373,,4336730.0
TKM,Turkmenistan,1998,3.14258527865852,9.3854552805737,,,0.1,2.37225924061667,20169.8057627344,4410507.0
TKM,Turkmenistan,1999,3.27363160470708,9.55923222607622,,,0.1,2.586177619942,21538.9501250515,4492170.0
TKM,Turkmenistan,2000,3.40467793075564,9.75182899580789,99.5,98.7,0.1,2.73191201481015,18397.0293319768,4582677.0
TKM,Turkmenistan,2001,3.40467793075564,9.94916051326793,99.6,98.9,0.1,2.64782085674413,17319.2354749187,4675409.0
TKM,Turkmenistan,2002,3.54307173408806,10.1493094716234,99.6,99.1,0.1,2.46703377359924,27589.5509488338,4769465.0
TKM,Turkmenistan,2003,3.77887132126061,10.3501904538974,99.5,99.2,0.1,2.19042916354009,34005.5182279725,4863865.0
TKM,Turkmenistan,2004,3.84873151320409,10.5507054242121,99.5,99.4,0.1,1.99914431612437,36835.7247533786,4958093.0
TKM,Turkmenistan,2005,4.25701146979337,10.7510842040304,99.5,99.4,0.1,1.95695609525547,35994.8387381583,5052257.0
TKM,Turkmenistan,2006,4.31848211435746,10.9529185197795,99.8,99.6,0.1,1.93072565737429,138030.562767653,5147105.0
TKM,Turkmenistan,2007,3.94551869427362,11.1592066903581,99.5,99.6,0.1,1.93206562313591,162137.949874703,5244046.0
TKM,Turkmenistan,2008,3.94601536399038,11.3740961419786,99.5,99.7,0.1,1.96888369545097,181410.021754143,5345029.0
TKM,Turkmenistan,2009,3.83575106930819,11.6008597025089,99.6,99.7,0.1,2.03109653194363,196323.203050886,5451592.0
TKM,Turkmenistan,2010,3.82031643010661,11.8408188453599,100.0,99.8,0.1,2.09989119199872,157520.661182027,5564356.0
TKM,Turkmenistan,2011,3.77508522545911,12.0941778562765,99.7,99.8,0.1,2.16523966141496,221633.622016165,5683417.0
TKM,Turkmenistan,2012,3.83139361181453,12.3604494286383,99.8,99.8,0.0,2.22153803833471,,5808546.0
TKM,Turkmenistan,2013,3.96733556061541,12.6387781158896,99.9,99.8,0.1,2.26626673311203,,5939341.0
TKM,Turkmenistan,2014,3.56549230736493,12.9280594982231,100.0,99.8,0.1,2.2982806480962,,6075283.0
TKM,Turkmenistan,2015,3.6617577085949,13.2270125337816,100.0,99.9,0.1,2.31720215889594,,6215770.0
TKM,Turkmenistan,2016,3.85346902730194,13.5340178324431,100.0,99.9,0.1,2.32148105985779,,6360041.0
TKM,Turkmenistan,2017,3.85627114676654,13.8468729385228,100.0,99.9,0.1,2.30825458682393,,6507061.0
TKM,Turkmenistan,2018,3.54886515012874,14.1627987147022,100.0,99.9,0.1,2.27486044647844,218859.836361824,6655524.0
TKM,Turkmenistan,2019,3.36731002489732,14.4786329878918,99.9,99.9,0.1,2.22054224818463,222882.792189056,6803944.0
TKM,Turkmenistan,2020,3.41710467516439,14.7892494626859,100.0,99.9,0.1,2.1337817684305,220954.285168021,6949912.0
TKM,Turkmenistan,2021,3.39539931479156,15.0917008916222,100.0,99.9,0.1,2.03177741163203,240007.436039264,7092043.0
TKM,Turkmenistan,2022,3.42689336709723,15.3856808460835,100.0,99.9,,1.93149596983823,,7230193.0
TCA,Turks and Caicos Islands,1990,1.05263157894737,12.3031578947368,56.6418975604167,,0.8,6.3786981596527,4325.14285714286,11688.0
TCA,Turks and Caicos Islands,1991,1.05263157894737,12.9526315789474,63.9897826510626,,0.5,6.8486414145156,4903.83157894737,12305.0
TCA,Turks and Caicos Islands,1992,1.05263157894737,13.6526315789474,63.6777732784282,,0.3,6.87206086226405,3383.62593473635,12970.0
TCA,Turks and Caicos Islands,1993,1.05263157894737,14.3663157894737,63.4153928079111,,0.5,6.60860289881495,4588.96294908225,13648.0
TCA,Turks and Caicos Islands,1994,1.05263157894737,15.0989473684211,63.2214277931774,,0.5,6.38398547399555,5943.44309845078,14344.0
TCA,Turks and Caicos Islands,1995,1.05263157894737,15.8442105263158,63.1171486146988,,0.5,6.14171893362378,7793.04373575413,15052.0
TCA,Turks and Caicos Islands,1996,1.05263157894737,16.5947368421053,63.1257800417762,,0.6,5.86440077642147,6052.54098413493,15765.0
TCA,Turks and Caicos Islands,1997,1.05263157894737,17.3494736842105,63.2278234031507,,0.5,5.59857599902128,8241.25499854048,16482.0
TCA,Turks and Caicos Islands,1998,1.05263157894737,18.1178947368421,63.4221512167133,,0.5,5.39972300191535,7891.94783080054,17212.0
TCA,Turks and Caicos Islands,1999,1.05263157894737,18.9042105263158,63.759660558811,,0.5,5.24929664578853,7053.09296026272,17959.0
TCA,Turks and Caicos Islands,2000,1.05263157894737,19.7157894736842,72.7,,0.4,5.12003100553435,6741.02858594047,18730.0
TCA,Turks and Caicos Islands,2001,1.05263157894737,20.6063157894737,66.9,,0.4,5.266476641247,6996.15423197492,19576.0
TCA,Turks and Caicos Islands,2002,1.05263157894737,21.6810526315789,67.5,,0.4,5.87601102522319,6518.01458128079,20597.0
TCA,Turks and Caicos Islands,2003,1.05263157894737,22.8705263157895,68.2,,0.4,6.10362619425525,7226.81848766278,21727.0
TCA,Turks and Caicos Islands,2004,1.05263157894737,24.0589473684211,69.0,,0.4,5.79251764878111,7807.17984616714,22856.0
TCA,Turks and Caicos Islands,2005,1.05263157894737,25.2505263157895,70.0,,0.4,5.52271123705625,7942.68617939384,23988.0
TCA,Turks and Caicos Islands,2006,1.05263157894737,26.4452631578947,71.0,,0.3,5.27410058468948,11924.8890281044,25123.0
TCA,Turks and Caicos Islands,2007,1.05263157894737,27.6526315789474,72.2,,0.3,5.06970484690769,12847.5990223545,26270.0
TCA,Turks and Caicos Islands,2008,1.05263157894737,28.8705263157895,73.5,,0.3,4.86577954306619,14242.221112204,27427.0
TCA,Turks and Caicos Islands,2009,1.05263157894737,30.0926315789474,100.0,,0.3,4.65163127609071,13529.9548905884,28588.0
TCA,Turks and Caicos Islands,2010,1.05263157894737,31.3042105263158,100.0,,0.3,4.40020029141325,32292.0767759666,29739.0
TCA,Turks and Caicos Islands,2011,1.05263157894737,32.4694736842105,100.0,,0.4,4.04692143633826,28214.0859776356,30846.0
TCA,Turks and Caicos Islands,2012,1.05263157894737,33.8178947368421,100.0,,0.4,4.40368876683105,28285.7456403659,32127.0
TCA,Turks and Caicos Islands,2013,1.05263157894737,35.4242105263158,100.0,,0.4,4.94949127880866,38762.9342426596,33653.0
TCA,Turks and Caicos Islands,2014,1.05263157894737,36.8947368421053,100.0,,0.4,4.37398641426809,50214.276899536,35050.0
TCA,Turks and Caicos Islands,2015,1.05263157894737,38.5315789473684,100.0,,0.4,4.64067445061666,39108.2321074596,36605.0
TCA,Turks and Caicos Islands,2016,1.05263157894737,40.3315789473684,100.0,,0.4,4.86343954149131,53708.3433674603,38315.0
TCA,Turks and Caicos Islands,2017,1.05263157894737,42.0136842105263,100.0,,0.3,4.3779154093523,45883.7153630107,39913.0
TCA,Turks and Caicos Islands,2018,1.05263157894737,43.7463157894737,100.0,,0.4,4.3267627016442,30866.3859477738,41559.0
TCA,Turks and Caicos Islands,2019,1.05263157894737,45.4378947368421,100.0,,0.5,4.07503352817129,28218.8578656124,43166.0
TCA,Turks and Caicos Islands,2020,1.05263157894737,46.7221052631579,100.0,,0.5,3.06092498183627,38523.4875426553,44386.0
TCA,Turks and Caicos Islands,2021,1.05263157894737,47.6242105263158,100.0,,0.8,2.18075688163624,30821.3480225693,45243.0
TCA,Turks and Caicos Islands,2022,1.05263157894737,48.26,100.0,,0.8,1.58861998965256,,45847.0
TUV,Tuvalu,1990,,293.266666666667,,,0.0,4.21361336497036,,8798.0
TUV,Tuvalu,1991,,297.6,,,0.0,3.71246232468859,,8928.0
TUV,Tuvalu,1992,,301.266666666667,,,0.0,3.04536856583092,,9038.0
TUV,Tuvalu,1993,,304.2,,,0.0,2.51236273756265,,9126.0
TUV,Tuvalu,1994,,306.9,,,0.0,2.24670521731064,,9207.0
TUV,Tuvalu,1995,,309.333333333333,,,0.0,2.02231361180431,,9280.0
TUV,Tuvalu,1996,,311.4,,,0.0,1.78576174000065,,9342.0
TUV,Tuvalu,1997,,313.333333333333,,,0.0,1.70611011370378,,9400.0
TUV,Tuvalu,1998,,315.033333333333,,,0.0,1.606171410156,,9451.0
TUV,Tuvalu,1999,,316.533333333333,,,0.0,1.58078082329824,,9496.0
TUV,Tuvalu,2000,,318.133333333333,93.4,6.6,0.0,1.67134809737405,,9544.0
TUV,Tuvalu,2001,,319.533333333333,93.6,7.8,0.0,1.68915223662912,,9586.0
TUV,Tuvalu,2002,,320.766666666667,94.0,9.1,0.0,1.79457485391986,,9623.0
TUV,Tuvalu,2003,,323.166666666667,93.9,10.5,0.0,2.35098161701462,,9695.0
TUV,Tuvalu,2004,,327.2,94.1,12.3,0.0,3.12124524975142,,9816.0
TUV,Tuvalu,2005,,331.333333333333,94.2,14.25,0.0,3.3326068640057,,9940.0
TUV,Tuvalu,2006,,335.2,94.4,16.2,0.0,3.38269017667534,,10056.0
TUV,Tuvalu,2007,,339.4,94.7,18.15,0.0,3.48130301370754,,10182.0
TUV,Tuvalu,2008,,344.033333333333,94.7,20.5,0.2,3.58447931952543,,10321.0
TUV,Tuvalu,2009,,348.7,94.9,22.8,0.2,3.47814138873731,,10461.0
TUV,Tuvalu,2010,,353.8,95.1,25.2,0.4,3.42970337410023,,10614.0
TUV,Tuvalu,2011,,359.333333333333,95.2,27.4,0.2,3.33251975843041,,10780.0
TUV,Tuvalu,2012,,364.466666666667,96.2,29.7,0.3,2.93611043762785,,10934.0
TUV,Tuvalu,2013,,366.7,95.7,31.8,0.7,1.89481029162518,,11001.0
TUV,Tuvalu,2014,,366.133333333333,96.0,34.0,0.7,1.00440266853337,,10984.0
TUV,Tuvalu,2015,,365.433333333333,96.3,35.9,3.0,0.855171191586742,,10963.0
TUV,Tuvalu,2016,,364.333333333333,93.8,37.4,7.3,0.648150417199611,,10930.0
TUV,Tuvalu,2017,,362.3,97.0,38.9,7.0,0.2304679517467,,10869.0
TUV,Tuvalu,2018,,358.366666666667,97.4,39.7,6.4,-0.0767636485073648,,10751.0
TUV,Tuvalu,2019,,352.7,99.5,40.7,6.3,-0.477254389054174,,10581.0
TUV,Tuvalu,2020,,346.633333333333,98.4,42.1,5.0,-0.634726180813691,,10399.0
TUV,Tuvalu,2021,,339.8,99.1,42.8,5.0,-0.889172069999464,,10194.0
TUV,Tuvalu,2022,,333.066666666667,99.1,42.8,5.2,-0.881340297259467,,9992.0
UGA,Uganda,1990,25.0237725839548,87.9330213703018,,,96.6,6.2415007015873,680555897.102518,17569897.0
UGA,Uganda,1991,25.1238676742906,90.8658275361594,1.97801908193011,,96.6,5.73916877223715,684345734.107955,18155901.0
UGA,Uganda,1992,25.2239627646264,94.0144737500626,,,96.7,5.48878418018559,721093756.693715,18785032.0
UGA,Uganda,1993,25.2239627646264,97.3182573444773,,,96.8,5.24867659173158,627963206.059113,19445161.0
UGA,Uganda,1994,25.3240578549622,100.639612632,,,97.3,4.95822352535005,758319070.898703,20108801.0
UGA,Uganda,1995,25.3240578549622,103.426590260748,1.87703039726314,,96.5,4.22023610375532,1122929238.59231,20665667.0
UGA,Uganda,1996,25.3240578549622,106.258695760973,,,96.3,4.15033138992701,1123233141.41753,21231550.0
UGA,Uganda,1997,25.3240578549622,109.384144937691,,,95.9,4.37774118238234,1056385413.24169,21856046.0
UGA,Uganda,1998,25.424152945298,112.686081777689,,,95.4,4.54837286606024,1105698363.5227,22515806.0
UGA,Uganda,1999,25.5242480356338,116.396982133026,0.525055022127252,,95.5,4.97124993250339,747641054.067014,23257281.0
UGA,Uganda,2000,26.525198938992,120.11485911616,1.6,0.3,95.3,5.08851303786041,746135287.064933,24000150.0
UGA,Uganda,2001,27.0256743906711,123.846033732045,2.3,0.3,95.5,5.26714025611309,727983365.363993,24745676.0
UGA,Uganda,2002,28.0266252940293,127.785746459136,2.0,0.3,95.6,5.63255861653801,880321376.729386,25532870.0
UGA,Uganda,2003,29.2778139232271,131.885911616035,4.1,0.3,95.6,6.28530421495584,1379856433.53123,26352124.0
UGA,Uganda,2004,29.7782893749062,135.901681597518,4.9,0.3,95.3,7.13576569956508,1204386484.89021,27154515.0
UGA,Uganda,2005,29.7782893749062,139.949396927081,0.7,0.35,94.5,7.9046619953349,1283141048.70226,27963289.0
UGA,Uganda,2006,30.5290025524248,144.106916570742,2.1,0.4,94.2,8.52824032334294,1313510067.62598,28794003.0
UGA,Uganda,2007,31.2797157299434,148.408137730844,7.4,0.4,94.1,8.98787916843253,1913944704.12583,29653430.0
UGA,Uganda,2008,32.2806666333016,152.842965817527,8.3,0.4,94.1,9.27612330758762,2360977800.93909,30539553.0
UGA,Uganda,2009,33.0313798108203,157.405290025524,1.9,0.4,94.3,9.42249975155462,2377674592.44743,31451151.0
UGA,Uganda,2010,33.6624775583483,161.534021543986,3.5,0.4,93.6,9.46454823390025,2160401906.36122,32390802.0
UGA,Uganda,2011,34.1611809295831,166.340230400958,4.5,0.4,93.3,9.40457658331693,2551746100.33259,33354543.0
UGA,Uganda,2012,34.4105326152005,171.241960901656,11.7,0.4,93.4,9.26077647359218,2910074651.18943,34337438.0
UGA,Uganda,2013,34.4105326152005,176.227019748654,2.8,0.4,93.1,9.05799084106093,3042787639.00817,35337042.0
UGA,Uganda,2014,34.4105326152005,181.505779972073,11.9,0.4,92.4,9.16295881110634,3335771669.30332,36395539.0
UGA,Uganda,2015,34.4105326152005,187.170586475165,9.0,0.5,91.7,6.26213151601533,3471869571.827,37531446.0
UGA,Uganda,2016,34.4105326152005,193.49267903451,17.7,0.5,91.4,6.154275977826,3687362655.14447,38799152.0
UGA,Uganda,2017,34.4105326152005,200.365988430082,23.0,0.5,91.3,6.24870216914578,3714425458.90639,40177388.0
UGA,Uganda,2018,34.4105326152005,207.290200478755,32.5,0.5,90.5,6.06508171801397,2762209380.18473,41565831.0
UGA,Uganda,2019,34.4105326152005,214.440639337722,31.8,0.6,90.5,5.97104151085438,2612004100.29583,42999637.0
UGA,Uganda,2020,34.4105326152005,221.709315778975,32.8,0.7,91.6,5.82745827664575,2843900244.17367,44457152.0
UGA,Uganda,2021,34.4105326152005,228.959355675244,35.9,0.7,91.0,5.62825572631813,3029812615.62373,45910930.0
UGA,Uganda,2022,34.4105326152005,235.950124675843,35.9,0.8,90.9,5.33658316141316,,47312719.0
UKR,Ukraine,1990,,,100.0,,0.7,0.745206058258938,,52054092.0
UKR,Ukraine,1991,,,100.0,,0.7,0.638898490947198,,52170961.0
UKR,Ukraine,1992,57.58522482092,90.3144403210494,100.0,,0.6,0.541721179210566,,52323671.0
UKR,Ukraine,1993,57.5368947958919,90.3601035643393,100.0,,0.9,0.135427927670802,,52350126.0
UKR,Ukraine,1994,57.4626736860274,89.8869388107362,100.0,,1.1,-0.526571015792151,,52075998.0
UKR,Ukraine,1995,57.4540433244153,89.1784568913437,100.0,,1.0,-0.903199464264787,0.0,51665539.0
UKR,Ukraine,1996,57.2866143091396,88.4199689306982,100.0,,0.9,-1.0334901390564,0.0,51226109.0
UKR,Ukraine,1997,57.1001984983171,87.6618365409511,100.0,,1.0,-0.993444629732295,0.0,50786885.0
UKR,Ukraine,1998,56.7152843704151,86.9590592905843,100.0,,1.6,-0.91616775888607,0.0,50379731.0
UKR,Ukraine,1999,56.3907827737982,86.262960214033,100.0,,1.4,-0.912590783536455,0.0,49976446.0
UKR,Ukraine,2000,56.2078191076206,85.5383792180892,98.3,84.6,1.2,-0.958141105497537,0.0,49556660.0
UKR,Ukraine,2001,56.161215154915,84.7619832570985,98.5,84.7,1.2,-1.10318549832447,0.0,49106855.0
UKR,Ukraine,2002,56.1742672696517,84.0219577450202,98.7,85.3,1.0,-0.890078067384368,0.0,48677281.0
UKR,Ukraine,2003,56.0637967342148,83.3968584941485,98.8,85.7,1.0,-0.520441318205232,0.0,48315136.0
UKR,Ukraine,2004,56.0672489384472,82.81752856699,99.0,85.8,1.2,-0.434282312507023,0.0,47979507.0
UKR,Ukraine,2005,56.0115986054058,82.131858193241,99.8,86.1,1.3,-0.50469151974489,0.0,47585556.0
UKR,Ukraine,2006,56.0031759182546,81.6050365921016,99.3,86.6,1.8,-0.32933535033185,0.0,47278694.0
UKR,Ukraine,2007,55.9853624013947,81.236597448777,99.6,86.9,2.4,-0.192132560414635,0.0,47062798.0
UKR,Ukraine,2008,56.0553752675551,80.8174670303114,99.6,86.95,2.7,-0.277426357374188,0.0,46819175.0
UKR,Ukraine,2009,56.0622799143824,80.480099081682,99.8,87.2,3.0,-0.199275607265797,0.0,46623731.0
UKR,Ukraine,2010,56.0605537526755,80.190573430919,99.9,87.4,2.9,-0.196719207447298,0.0,46456003.0
UKR,Ukraine,2011,56.0985293102258,79.9348425740523,100.0,87.8,2.7,-0.194146912926158,0.0,46307853.0
UKR,Ukraine,2012,56.1313263826555,79.7660291376096,99.8,87.7,2.9,-0.0648896265787346,0.0,46210056.0
UKR,Ukraine,2013,56.5784022647242,79.6222640336947,100.0,87.9,3.5,-0.0229748081893953,0.0,46126770.0
UKR,Ukraine,2014,56.569248562896,79.3598715669181,100.0,87.9,3.5,-0.157276650655011,0.0,45972380.0
UKR,Ukraine,2015,56.5778798183984,79.0362271055948,100.0,87.9,4.2,-0.259177309860707,0.0,45784896.0
UKR,Ukraine,2016,56.5796060694989,78.7461064406429,100.0,88.0,5.5,-0.293318398194282,0.0,45616832.0
UKR,Ukraine,2017,56.5734507163818,78.432661833247,100.0,88.1,6.5,-0.320440524062044,0.0,45436041.0
UKR,Ukraine,2018,56.7638936831205,78.0271090783569,100.0,87.9,6.9,-0.425399417245174,0.0,45208907.0
UKR,Ukraine,2019,56.8243010010356,77.5931273731446,100.0,88.0,7.4,-0.504430684634938,0.0,44957458.0
UKR,Ukraine,2020,56.8243010010356,77.1142802899551,100.0,87.8,8.7,-0.574138130818796,0.0,44680014.0
UKR,Ukraine,2021,56.8243010010356,76.4560579910252,100.0,87.9,8.9,-0.830148716273566,0.0,44298640.0
UKR,Ukraine,2022,56.8243010010356,70.8470245081118,100.0,88.0,,-7.58942035857226,,41048766.0
ARE,United Arab Emirates,1990,0.492818924246691,26.7279639538158,100.0,,0.0,5.69086389284512,147360.714285714,1898220.0
ARE,United Arab Emirates,1991,0.492818924246691,28.2543790481554,100.0,,0.0,5.38601802064918,153128.380952381,2006626.0
ARE,United Arab Emirates,1992,0.535060546324979,29.7765418192059,100.0,,0.2,5.10394052998056,134804.497767619,2114730.0
ARE,United Arab Emirates,1993,0.563221627710504,31.2882709096029,100.0,,0.1,4.83817878583854,99540.3140198464,2222093.0
ARE,United Arab Emirates,1994,0.591382709096029,32.7821458744016,100.0,,0.1,4.58386910622216,105549.865067466,2328188.0
ARE,United Arab Emirates,1995,0.605463249788792,34.2813573641228,100.0,,0.1,4.43175058846349,159932.413793103,2434662.0
ARE,United Arab Emirates,1996,0.64770487186708,36.5751056040552,100.0,,0.1,6.49090280871094,165548.937931034,2597564.0
ARE,United Arab Emirates,1997,0.633624331174317,39.6706561531963,100.0,,0.1,8.2687585749974,170095.048275862,2817410.0
ARE,United Arab Emirates,1998,0.506899464939454,42.81077161363,100.0,,0.1,7.88981397079852,261518.4,3040421.0
ARE,United Arab Emirates,1999,0.605463249788792,45.9871726274289,100.0,,0.1,7.54421923770333,113618.781763595,3266009.0
ARE,United Arab Emirates,2000,0.844832441565756,49.1914249507181,100.0,100.0,0.1,7.22474680969541,112523.080619803,3493575.0
ARE,United Arab Emirates,2001,0.999718389186145,52.4301605181639,100.0,100.0,0.1,6.95453633917395,126665.0,3723590.0
ARE,United Arab Emirates,2002,1.0560405519572,55.7142495071811,100.0,100.0,0.1,6.72987320666338,142239.233653846,3956826.0
ARE,United Arab Emirates,2003,0.901154604336806,59.0320613911574,100.0,100.0,0.1,6.50244253655715,204413.710134423,4192457.0
ARE,United Arab Emirates,2004,0.887074063644044,62.3622500704027,100.0,100.0,0.1,6.25677205903748,200485.554996671,4428967.0
ARE,United Arab Emirates,2005,0.957476767107857,65.6827654181921,100.0,100.0,0.1,6.0910302496929,199908.286403544,4664790.0
ARE,United Arab Emirates,2006,0.712475359053788,70.5308363841172,100.0,100.0,0.1,7.54208266572102,246172.230751178,5009100.0
ARE,United Arab Emirates,2007,0.627992114897212,79.1979019994368,100.0,100.0,0.1,11.8315899247186,228944.515094221,5624635.0
ARE,United Arab Emirates,2008,0.72655589974655,88.7449169248099,100.0,100.0,0.1,11.6317928708509,404756.991309471,6302664.0
ARE,United Arab Emirates,2009,0.702618980568854,94.439003097719,100.0,100.0,0.1,6.46474974604993,396972.953525503,6707058.0
ARE,United Arab Emirates,2010,0.712475359053788,96.7310335116868,100.0,100.0,0.1,2.63965830603282,478407.081966308,6869838.0
ARE,United Arab Emirates,2011,0.635032385243593,100.035736412278,100.0,100.0,0.1,3.5966196748183,552475.468313375,7104538.0
ARE,United Arab Emirates,2012,0.522388059701493,104.075584342439,100.0,100.0,0.1,4.19183969536165,637557.65292305,7391448.0
ARE,United Arab Emirates,2013,0.528020275978598,108.322036046184,100.0,100.0,0.1,4.22747498230438,531647.85003493,7693031.0
ARE,United Arab Emirates,2014,0.619543790481555,113.481272880879,100.0,100.0,0.1,4.87668142403339,856703.136401257,8059440.0
ARE,United Arab Emirates,2015,0.620951844550831,119.75833568009,100.0,100.0,0.1,5.60289742796394,781474.366250858,8505237.0
ARE,United Arab Emirates,2016,0.626584060827936,125.8109687412,100.0,100.0,0.1,5.14482180041568,607576.533481877,8935095.0
ARE,United Arab Emirates,2017,0.626584060827936,129.867994931005,100.0,100.0,0.2,3.38335539098649,752231.171418365,9223225.0
ARE,United Arab Emirates,2018,0.595606871303858,131.606603773585,100.0,100.0,0.3,1.53452882748354,383327.371320522,9346701.0
ARE,United Arab Emirates,2019,0.702618980568854,133.001760067587,100.0,100.0,0.7,1.25423845353851,516966.429087144,9445785.0
ARE,United Arab Emirates,2020,0.689946493945367,132.371698113208,100.0,100.0,0.9,-0.280169766220414,473459.755056198,9401038.0
ARE,United Arab Emirates,2021,0.708251196845959,134.823317375387,100.0,100.0,1.0,2.02470774513955,441285.316904182,9575152.0
ARE,United Arab Emirates,2022,0.709433962264151,141.861123627147,100.0,100.0,,5.27274036687264,,10074977.0
GBR,United Kingdom,1990,27.3632869011698,236.628719050965,100.0,,0.7,0.255971782316434,0.0,57247586.0
GBR,United Kingdom,1991,27.1442152688794,237.361621130079,100.0,,0.6,0.300142076576223,0.0,57424897.0
GBR,United Kingdom,1992,27.0904807175629,238.0043896995,100.0,,0.8,0.338098693572314,0.0,57580402.0
GBR,United Kingdom,1993,25.1767040052908,238.575678915389,100.0,,0.8,0.393001004731019,0.0,57718614.0
GBR,United Kingdom,1994,24.4326871409085,239.183834166908,100.0,,1.0,0.474873646297948,0.0,57865745.0
GBR,United Kingdom,1995,24.5360228165172,239.817426528335,100.0,,1.1,0.53401901362836,0.0,58019030.0
GBR,United Kingdom,1996,25.2056379944612,240.428843053776,100.0,,0.9,0.55552974325818,0.0,58166950.0
GBR,United Kingdom,1997,26.3216632910346,241.048873641136,100.0,,1.0,0.572306679432741,0.0,58316954.0
GBR,United Kingdom,1998,25.8463191832348,241.752329186128,100.0,,1.0,0.602628082906897,0.0,58487141.0
GBR,United Kingdom,1999,24.4574877030546,242.559690819659,100.0,,0.9,0.623933319391744,0.0,58682466.0
GBR,United Kingdom,2000,24.2880171950564,243.427908899268,100.0,100.0,1.0,0.610158698892371,0.0,58892514.0
GBR,United Kingdom,2001,23.3579961145786,244.366854048692,100.0,100.0,0.8,0.584828554947195,0.0,59119673.0
GBR,United Kingdom,2002,23.9160087628653,245.40354234696,100.0,100.0,1.0,0.586705379663413,0.0,59370479.0
GBR,United Kingdom,2003,23.3910635307734,246.548906708552,100.0,100.0,0.9,0.613511072598202,0.0,59647577.0
GBR,United Kingdom,2004,24.0524118546687,247.955627660894,100.0,100.0,1.1,0.704917189320298,0.0,59987905.0
GBR,United Kingdom,2005,23.6804034224776,249.663977183483,100.0,100.0,1.4,0.815060119138735,0.0,60401206.0
GBR,United Kingdom,2006,25.1891042863638,251.50589013351,100.0,100.0,1.6,0.860324502564589,0.0,60846820.0
GBR,United Kingdom,2007,25.1519034431447,253.471925763651,100.0,100.0,1.8,0.905092832933231,0.0,61322463.0
GBR,United Kingdom,2008,24.821229281197,255.474703426611,100.0,100.0,2.4,0.918919312636611,0.0,61806995.0
GBR,United Kingdom,2009,25.0031000702683,257.414417393461,100.0,100.0,3.0,0.898017639610317,0.0,62276270.0
GBR,United Kingdom,2010,24.6765593353449,259.440189310958,100.0,100.0,3.2,0.939508385587818,0.0,62766365.0
GBR,United Kingdom,2011,25.0568346215848,261.475674781962,100.0,100.0,4.0,0.955196984295187,0.0,63258810.0
GBR,United Kingdom,2012,25.6768486752366,263.344769148101,100.0,100.0,4.2,0.902643792088861,0.0,63711000.0
GBR,United Kingdom,2013,25.8975736783367,265.113875914521,100.0,100.0,5.2,0.874529228587881,0.0,64139000.0
GBR,United Kingdom,2014,25.7657173562601,267.102054313231,100.0,100.0,6.6,0.965659929680164,0.0,64620000.0
GBR,United Kingdom,2015,24.8460298433431,269.036498160625,100.0,100.0,7.7,0.952631258647078,0.0,65088000.0
GBR,United Kingdom,2016,24.9080746496921,271.18174678626,100.0,100.0,7.7,1.03666656488559,0.0,65607000.0
GBR,United Kingdom,2017,25.1431380977969,272.665647088001,100.0,100.0,8.8,0.798556090757597,0.0,65966000.0
GBR,United Kingdom,2018,24.9567536064151,274.000744016864,100.0,100.0,10.2,0.750672419193121,0.0,66289000.0
GBR,United Kingdom,2019,25.1543768858761,275.414376059191,100.0,100.0,11.4,0.785164433740315,,66631000.0
GBR,United Kingdom,2020,24.7117025585913,275.881453312942,100.0,100.0,13.6,0.447347439874678,,66744000.0
GBR,United Kingdom,2021,24.8410870913074,276.873475798785,100.0,100.0,12.2,0.4658072904809,,66984000.0
GBR,United Kingdom,2022,24.9704873310462,279.436200553879,100.0,100.0,,1.02581981197175,,67604000.0
USA,United States,1990,20.2696812738564,27.2545136128993,100.0,,4.2,1.41862467470232,0.0,249623000.0
USA,United States,1991,20.2646151964852,27.6211491261017,100.0,,4.5,1.7002460790984,0.0,252981000.0
USA,United States,1992,20.085293526776,28.0068916121481,100.0,,4.8,1.85086060777855,0.0,256514000.0
USA,United States,1993,19.9457143605824,28.3786587123429,100.0,,4.3,1.8515267141951,0.0,259919000.0
USA,United States,1994,19.8523194773206,28.7288076375484,100.0,,4.1,1.80229502907771,0.0,263126000.0
USA,United States,1995,19.8472533999493,29.0729515141457,100.0,,4.7,1.78471478603507,0.0,266278000.0
USA,United States,1996,19.532872727908,29.4131648134723,100.0,,4.8,1.75060675609951,0.0,269394000.0
USA,United States,1997,19.3952588503498,29.7694279699879,100.0,,4.5,1.76033278118873,0.0,272657000.0
USA,United States,1998,19.301754784386,30.1184850681737,100.0,,4.5,1.66769018630261,0.0,275854000.0
USA,United States,1999,19.1641409068278,30.4663411566379,100.0,,5.7,1.57275421291495,0.0,279040000.0
USA,United States,2000,19.1528849848067,30.7973013298523,100.0,100.0,5.4,1.4443639032964,0.0,282162411.0
USA,United States,2001,19.151313261849,31.1036283879362,100.0,100.0,4.7,1.28590084492375,0.0,284968955.0
USA,United States,2002,18.8799945862876,31.3935499327652,100.0,100.0,4.8,1.22679002674936,0.0,287625193.0
USA,United States,2003,18.6342900833013,31.6645346171981,100.0,100.0,5.3,1.14974831150741,0.0,290107933.0
USA,United States,2004,18.3928163529042,31.9589450682826,100.0,100.0,5.5,1.19932029456479,0.0,292805298.0
USA,United States,2005,18.1487285416157,32.2548765979183,100.0,100.0,5.8,1.1714934968182,0.0,295516599.0
USA,United States,2006,17.9130815374943,32.5673998463204,100.0,100.0,6.4,1.18241590005963,0.0,298379912.0
USA,United States,2007,17.6588154011386,32.8786113609374,100.0,100.0,6.3,1.13007654717056,0.0,301231207.0
USA,United States,2008,17.5380978571007,33.2436868537795,100.0,100.0,6.8,1.07823824914161,0.0,304093966.0
USA,United States,2009,17.3860510613922,33.5363992251367,100.0,100.0,7.3,0.954849287571703,0.0,306771529.0
USA,United States,2010,17.2358768155392,33.8213646033526,100.0,100.0,7.4,0.864392511989343,0.0,309378227.0
USA,United States,2011,17.0864234286826,34.0904277927547,100.0,100.0,8.4,0.787414238049866,0.0,311839461.0
USA,United States,2012,16.9341433431503,34.3636893244215,100.0,100.0,8.5,0.783503603106941,0.0,314339099.0
USA,United States,2013,16.9903285735213,34.6246572257533,100.0,100.0,8.9,0.728223178197271,0.0,316726282.0
USA,United States,2014,17.0496535963146,34.9013776562134,100.0,100.0,9.0,0.750556344326545,0.0,319257560.0
USA,United States,2015,17.103561900514,35.1809713558577,100.0,100.0,8.9,0.731619330427075,0.0,321815121.0
USA,United States,2016,17.154019176992,35.4584505795077,100.0,100.0,9.3,0.694814117563349,0.0,324353340.0
USA,United States,2017,17.2100806566223,35.7049975840182,100.0,100.0,9.7,0.573829589091971,0.0,326608609.0
USA,United States,2018,17.0873260438462,35.9149986553586,100.0,100.0,9.9,0.435313708393269,0.0,328529577.0
USA,United States,2019,16.9548167680067,36.1004771837305,100.0,100.0,10.2,0.328117138669072,0.0,330226227.0
USA,United States,2020,16.8248090718476,36.248222996211,100.0,100.0,11.0,0.242275902012485,0.0,331577720.0
USA,United States,2021,16.6944952784501,36.3052926398919,100.0,100.0,10.9,0.16984763362711,0.0,332099760.0
USA,United States,2022,16.5679749153313,36.5149212564854,100.0,100.0,,0.607013468343226,,334017321.0
UMC,Upper middle income,1990,8.790056644508,53.2925722222526,,,25.8664420124684,2.33793096722035,,2092646700.0
UMC,Upper middle income,1991,8.80647821446381,54.1044876597937,,,25.5158581831627,3.24870919369584,,2124538033.0
UMC,Upper middle income,1992,9.77335834114006,49.5194380141007,,,25.7813755695169,2.87102127683097,,2154585863.0
UMC,Upper middle income,1993,9.73501915536432,50.1710511088853,,,25.8637190350348,2.76028184599963,,2182939692.0
UMC,Upper middle income,1994,9.66892450492553,50.8046251363401,,,25.945418877971,2.66840042067803,,2210505244.0
UMC,Upper middle income,1995,9.63292788292772,51.427509365572,,,25.1072846158651,2.64407214230042,,2237605345.0
UMC,Upper middle income,1996,9.62068428832586,52.0443590342482,,,25.3426322711519,3.7336373995877,,2264443158.0
UMC,Upper middle income,1997,9.60130794174455,52.6536725646383,,,24.9883015153966,3.68827014289841,,2290953835.0
UMC,Upper middle income,1998,9.63234212325932,53.2806285124268,,,25.0646471530717,3.59388301462448,,2316706589.0
UMC,Upper middle income,1999,9.63008692412645,53.8461268432703,,,25.3293313451035,3.4667452167696,,2341274091.0
UMC,Upper middle income,2000,9.55548551397525,54.3100750437118,90.3741644175913,27.5304399077603,24.7576902058413,3.57549654364716,,2365022283.0
UMC,Upper middle income,2001,9.57785896004325,54.8333281717879,91.2652973573463,28.1567465422038,23.9539036010756,2.95254407352061,,2387807616.0
UMC,Upper middle income,2002,9.58535224843284,55.3291325811476,91.9807295482894,29.1084214824893,23.3936017651862,3.04718020370387,,2409341702.0
UMC,Upper middle income,2003,9.64158387557802,55.8027988964265,92.1042565936849,29.9591782214417,21.9360208050356,2.97602136586455,,2430373908.0
UMC,Upper middle income,2004,9.68974866173553,56.2904823499657,92.8236473022524,31.1193807714523,19.972600701939,2.71001511827123,,2451601935.0
UMC,Upper middle income,2005,9.75568743628905,56.7785358695044,92.3308703610219,32.3124737771496,18.430436768434,2.64376038241533,,2472862826.0
UMC,Upper middle income,2006,9.82904518976814,57.112241742896,94.075647509192,33.6634925174226,17.7588234927998,2.65870523946729,,2493333038.0
UMC,Upper middle income,2007,9.86060016965459,57.5439152398892,94.0984720002076,35.1252339673963,16.7774713255611,2.71862376889124,,2512165159.0
UMC,Upper middle income,2008,9.78752166628482,58.0061759712362,95.0122680494238,37.1009460689203,16.4144187151124,2.31463602933417,,2532345548.0
UMC,Upper middle income,2009,9.75232336739159,58.4837702603424,95.6731174063538,39.109807945209,16.110203195669,2.52981305982403,,2553016162.0
UMC,Upper middle income,2010,9.81226350020499,58.9527241335299,96.6250215107097,41.5223969011137,15.363151286548,2.05804480260994,,2573477299.0
UMC,Upper middle income,2011,9.7879454237523,59.4396222811177,96.969323048355,44.2860343776842,14.378550940055,3.53437892241627,,2594753350.0
UMC,Upper middle income,2012,9.78278475272618,59.9814680244093,97.5413061667842,47.0307774851323,14.2589863945024,2.44364831608606,,2618393970.0
UMC,Upper middle income,2013,9.76952746260886,60.5369880313736,97.7813350686797,50.1053020954191,14.1934413509233,2.62710190456343,,2642487513.0
UMC,Upper middle income,2014,9.75147333302393,61.0682907097663,97.9943872308514,53.397781145514,14.3687879721054,2.46748871669377,,2665669456.0
UMC,Upper middle income,2015,9.78120485385656,61.5775169432308,98.1762757634308,56.6645379334509,14.5429189160572,2.59866439002794,,2687902951.0
UMC,Upper middle income,2016,9.74608487816055,62.0694204456148,98.1798492689475,60.1224465575501,14.9096847055022,2.34992060845625,,2709372162.0
UMC,Upper middle income,2017,9.7004685971127,62.5777070078512,98.4855736179086,63.2858887641027,15.1318149947337,2.21606215254906,,2731150081.0
UMC,Upper middle income,2018,9.67624029451761,63.045577325264,98.5041877993472,66.2013531541855,15.3128112264645,2.19239822267334,,2751574852.0
UMC,Upper middle income,2019,9.62784811526921,63.4671118119566,98.6931430505888,69.2534572590363,15.8640951439244,1.91996379485655,,2769964564.0
UMC,Upper middle income,2020,9.68403124470227,63.8132323683068,98.5906971293871,71.7795507503242,16.5853427587953,1.43615765557149,,2784871872.0
UMC,Upper middle income,2021,9.69944419219606,64.0461688697748,99.1963084876589,74.4210013386829,,1.57806676160829,,2796004294.0
UMC,Upper middle income,2022,9.68671619507004,64.2108039852195,99.2072330049522,76.6690562977113,,0.88355680514067,,2803106334.0
URY,Uruguay,1990,7.09061821506114,17.7374185807336,,,44.8,1.00039333015383,56392320.0056553,3104403.0
URY,Uruguay,1991,7.16489544052108,17.8399840018284,,,43.7,0.972977031309068,61380225.3977956,3122354.0
URY,Uruguay,1992,7.23917266598103,17.9391041023883,77.2005902678541,,43.3,0.92653628699914,67587387.1434589,3139702.0
URY,Uruguay,1993,7.31344989144098,18.0341960918752,73.2686698192808,,42.7,0.871021957610842,66354845.0641161,3156345.0
URY,Uruguay,1994,7.38772711690093,18.1284081819221,73.5476591596717,,42.2,0.827164180959596,65632144.7465443,3172834.0
URY,Uruguay,1995,7.46200434236087,18.2232887669981,73.9571549138308,,41.0,0.78581368137264,86554971.2623732,3189440.0
URY,Uruguay,1996,7.53628156782082,18.3197577419723,62.0482294524734,,37.5,0.743283552830992,78256466.231805,3206324.0
URY,Uruguay,1997,7.61627242600846,18.4170094846303,73.9576901943799,,37.7,0.698922119942381,88744989.2606723,3223345.0
URY,Uruguay,1998,7.69626328419609,18.508056222146,74.7242211245104,,36.9,0.628978441589801,81095713.924207,3239280.0
URY,Uruguay,1999,7.77625414238373,18.5922466003885,76.9679349981963,,33.3,0.568440877675657,68810039.4806634,3254015.0
URY,Uruguay,2000,7.84481773511599,18.6619014969718,78.1,100.0,38.7,0.479395975223141,39898847.6247873,3266206.0
URY,Uruguay,2001,7.86767226602674,18.707867672266,80.3,100.0,41.6,0.354351518608265,10955466.5672622,3274251.0
URY,Uruguay,2002,7.89052679693749,18.734241800937,80.9,100.0,43.2,0.264133657645678,0.0,3278867.0
URY,Uruguay,2003,7.91338132784825,18.7474917152325,81.6,100.0,43.8,0.220771591166144,0.0,3281186.0
URY,Uruguay,2004,7.936235858759,18.7587018626443,82.2,100.0,39.3,0.250515837580007,0.0,3283148.0
URY,Uruguay,2005,7.95337675694206,18.773688721289,82.8,100.0,41.3,0.384764813562929,0.0,3285771.0
URY,Uruguay,2006,7.97623128785282,18.7950291395269,86.6,100.0,37.6,0.550606917045368,0.0,3289506.0
URY,Uruguay,2007,8.43332190606788,18.8272940235402,88.2,100.0,43.2,0.68466729750515,0.0,3295153.0
URY,Uruguay,2008,10.4330933607588,18.8674265798194,88.0,100.0,44.1,0.748727802729695,0.0,3302177.0
URY,Uruguay,2009,12.5414238372757,18.9126442692264,92.6,100.0,44.6,0.745221872731879,0.0,3310091.0
URY,Uruguay,2010,11.6158153353902,18.9611472974517,94.2,100.0,53.3,0.680631344514392,0.0,3318580.0
URY,Uruguay,2011,13.4384641755228,19.0082561992915,94.6,100.0,49.7,0.534326370435143,0.0,3326825.0
URY,Uruguay,2012,12.3414466918067,19.0572563135642,100.0,100.0,47.9,0.423244517665497,0.0,3335401.0
URY,Uruguay,2013,13.1853502456862,19.1140269683465,100.0,100.0,51.9,0.428013742277378,0.0,3345337.0
URY,Uruguay,2014,13.9189806879214,19.1768597874529,100.0,100.0,56.7,0.43911318221981,0.0,3356334.0
URY,Uruguay,2015,13.8761284424637,19.2436121586104,100.0,100.0,59.4,0.442439754144479,0.0,3368017.0
URY,Uruguay,2016,12.7202605416524,19.3079819449206,100.0,100.0,60.3,0.416486331904323,0.0,3379283.0
URY,Uruguay,2017,12.4780025139984,19.3602902525426,100.0,100.0,60.8,0.344403692816463,0.0,3388438.0
URY,Uruguay,2018,12.2945949034396,19.3951205576506,100.0,100.0,60.8,0.248422878529212,0.0,3394534.0
URY,Uruguay,2019,11.9317792252314,19.4103873842989,100.0,100.0,59.3,0.135002357558378,0.0,3397206.0
URY,Uruguay,2020,11.5666780939321,19.4204548051651,100.0,100.0,61.2,0.106174663113162,0.0,3398968.0
URY,Uruguay,2021,11.6043880699349,19.4074677179751,100.0,100.0,57.8,-0.0145264045414992,0.0,3396695.0
URY,Uruguay,2022,12.0871328990972,19.3744314935436,100.0,100.0,,-0.120085546438888,,3390913.0
UZB,Uzbekistan,1990,,,,,1.3,2.79654406047675,,20464956.0
UZB,Uzbekistan,1991,,,,,1.2,3.16864989145236,,20962910.0
UZB,Uzbekistan,1992,10.5171603196991,50.5056182416549,,,1.4,3.53861520996656,,21485090.0
UZB,Uzbekistan,1993,10.5101081335214,51.6877174424071,,,1.6,3.65191998300486,,21987955.0
UZB,Uzbekistan,1994,10.5030559473437,52.8051034320639,,,1.6,3.68423337234803,,22463291.0
UZB,Uzbekistan,1995,10.519511048425,53.8730347907851,,,1.5,3.70316580315626,,22917589.0
UZB,Uzbekistan,1996,10.5218617771509,54.8941725434885,99.2830513335245,,1.7,3.68475168591456,,23351981.0
UZB,Uzbekistan,1997,10.5242125058768,55.8508697696286,99.0158555986669,,1.4,3.59437019780603,,23758960.0
UZB,Uzbekistan,1998,10.5265632346027,56.7346708979784,99.101657729826,,1.2,3.45264504772385,0.0,24134929.0
UZB,Uzbekistan,1999,10.5289139633286,57.5364551010813,99.1964889120685,,1.5,3.26151403654953,0.0,24476008.0
UZB,Uzbekistan,2000,10.2760542704116,56.8556053811659,99.4,71.5,0.7,3.05905419336131,0.0,24787054.0
UZB,Uzbekistan,2001,10.2796212988431,57.5582699220712,99.4,71.6,0.8,2.9153362677705,0.0,25090283.0
UZB,Uzbekistan,2002,10.2865034376283,58.2687291671924,99.5,72.3,1.0,2.79670582532881,0.0,25399980.0
UZB,Uzbekistan,2003,10.1978310394905,58.9874184689718,99.3,72.3,1.4,2.62761293901122,0.0,25711259.0
UZB,Uzbekistan,2004,10.1089128674117,59.7204791523748,99.2,73.0,1.0,2.44909817089643,0.0,26029350.0
UZB,Uzbekistan,2005,10.0195251107608,60.4727210570633,99.2,73.1,1.6,2.25128950418496,0.0,26356975.0
UZB,Uzbekistan,2006,9.93002179648962,61.2574119536538,99.2,73.3,0.8,2.04187425149311,0.0,26699043.0
UZB,Uzbekistan,2007,9.83751697309993,62.1032147968733,99.2,73.4,0.9,1.87661215219405,0.0,27076008.0
UZB,Uzbekistan,2008,9.74844426298321,63.0661816146635,99.2,73.3,0.8,1.70030411874163,0.0,27494774.0
UZB,Uzbekistan,2009,9.65947539253805,64.0891121586439,99.2,73.8,1.2,1.24833928737432,0.0,27939328.0
UZB,Uzbekistan,2010,9.57117818175144,65.1205023262643,99.2,73.5,1.3,1.04357118908823,0.0,28385506.0
UZB,Uzbekistan,2011,9.48351227257812,66.1372206631804,99.3,73.9,0.9,1.54456497984643,0.0,28823196.0
UZB,Uzbekistan,2012,9.39421753097751,67.1452569986232,99.4,73.4,1.3,1.5036175807704,0.0,29261903.0
UZB,Uzbekistan,2013,9.30496180491017,68.207469669955,99.6,73.75,1.2,1.16053028853496,0.0,29724065.0
UZB,Uzbekistan,2014,9.27972023157996,69.3523563008704,99.7,73.6,1.4,1.19246201687132,0.0,30222994.0
UZB,Uzbekistan,2015,9.17158420335906,69.7897094870631,99.8,73.6,1.7,1.27921460824022,0.0,30749346.0
UZB,Uzbekistan,2016,9.15883438381628,71.0059170523229,99.9,73.1,1.6,1.72065539789091,0.0,31284568.0
UZB,Uzbekistan,2017,9.1386964692638,72.2198017195203,99.9,73.4,1.7,1.73689721012727,0.0,31819178.0
UZB,Uzbekistan,2018,9.12373719605889,73.4780871882284,100.0,73.1,1.5,1.53500705122047,0.0,32373490.0
UZB,Uzbekistan,2019,9.15549704350195,74.8253929702307,100.0,72.4,1.6,1.83052681601385,0.0,32964701.0
UZB,Uzbekistan,2020,9.12969476909111,76.2200658118688,100.0,71.8,1.0,2.21367285811154,0.0,33586372.0
UZB,Uzbekistan,2021,9.11397403399046,77.7112512566577,99.8,71.5,1.0,2.25278286044501,0.0,34243696.0
UZB,Uzbekistan,2022,9.14213483656037,79.2892236957962,100.0,71.55,,2.12332551488887,,34938955.0
VUT,Vanuatu,1990,1.64068908941756,12.1462674323216,,,27.6,4.2831918725234,1529137.0121904,148063.0
VUT,Vanuatu,1991,1.64068908941756,12.4522559474979,,,31.9,4.15559078219174,1628559.21561759,151793.0
VUT,Vanuatu,1992,1.64068908941756,12.7652173913043,,,37.3,4.05278031404269,1772468.23079923,155608.0
VUT,Vanuatu,1993,1.64068908941756,13.0814602132896,,,40.3,3.94272617649762,1925690.11200017,159463.0
VUT,Vanuatu,1994,1.64068908941756,13.3973748974569,4.24851072954145,,43.5,3.82383436015629,2033650.29010994,163314.0
VUT,Vanuatu,1995,1.64068908941756,13.7109926168991,,,45.4,3.70663697370637,2340772.49931196,167137.0
VUT,Vanuatu,1996,1.64068908941756,14.0205906480722,,,44.3,3.59695665531545,2374383.12595802,170911.0
VUT,Vanuatu,1997,1.64068908941756,14.3253486464315,1.16437370874822,,46.7,3.49684018568832,1884356.12170296,174626.0
VUT,Vanuatu,1998,1.64068908941756,14.6278096800656,3.02101556005673,,49.3,3.43456894317544,1698844.82935321,178313.0
VUT,Vanuatu,1999,1.64068908941756,14.9342083675144,3.33059627538822,,50.5,3.43626099899915,2224706.24210635,182048.0
VUT,Vanuatu,2000,1.64068908941756,15.2814602132896,6.8,2.5,49.5,3.64236470095908,2183237.72887813,186281.0
VUT,Vanuatu,2001,1.64068908941756,15.6711238720263,8.6,2.7,51.3,3.78917953577526,1949086.67412294,191031.0
VUT,Vanuatu,2002,1.64068908941756,16.0675143560295,10.4,2.8,53.3,3.70833613500101,2097191.26737005,195863.0
VUT,Vanuatu,2003,1.64068908941756,16.4680885972108,12.3,2.9,52.7,3.64004964375199,2869275.79683271,200746.0
VUT,Vanuatu,2004,1.64068908941756,16.8753896636587,14.1,3.1,55.4,3.614903896625,2464018.24193851,205711.0
VUT,Vanuatu,2005,1.64068908941756,17.2895816242822,16.0,3.2,54.9,3.6188124740088,2246621.76362811,210760.0
VUT,Vanuatu,2006,1.64068908941756,17.7131255127153,9.2,3.3,55.3,3.65959938592122,2880266.02052878,215923.0
VUT,Vanuatu,2007,1.64068908941756,18.1522559474979,17.8,3.4,51.6,3.75664923130978,4047235.22900834,221276.0
VUT,Vanuatu,2008,1.64068908941756,18.6132895816243,21.7,3.5,52.1,3.90836857777968,5762608.81241707,226896.0
VUT,Vanuatu,2009,1.64068908941756,19.0919606234619,17.6,3.5,38.7,4.02353640761792,5166437.56485169,232731.0
VUT,Vanuatu,2010,1.64068908941756,19.5445447087777,31.7,3.7,38.1,4.2060412799186,5583013.68540262,238248.0
VUT,Vanuatu,2011,1.64068908941756,19.9732567678425,27.9,3.8,35.8,2.34551436667443,6502821.26385516,243474.0
VUT,Vanuatu,2012,1.64068908941756,20.4169811320755,30.0,4.0,39.0,2.32738135103806,5991592.35983461,248883.0
VUT,Vanuatu,2013,1.64068908941756,20.8762920426579,13.8,4.25,40.9,2.31399942756522,5703589.3664844,254482.0
VUT,Vanuatu,2014,1.64068908941756,21.3486464315012,36.2,4.4,31.5,2.2956801058664,7625807.60614572,260240.0
VUT,Vanuatu,2015,1.64068908941756,21.829450369155,39.9,4.8,35.6,2.2577634892911,5960140.41155561,266101.0
VUT,Vanuatu,2016,1.64068908941756,22.3205086136177,46.6,5.0,33.1,2.23599917644853,6374650.3533555,272087.0
VUT,Vanuatu,2017,1.64068908941756,22.8471698113208,53.0,5.4,35.7,1.92500839157296,7941617.43894185,278507.0
VUT,Vanuatu,2018,1.64068908941756,23.4010664479081,50.9,5.8,29.7,0.390704632684087,5561431.79844456,285259.0
VUT,Vanuatu,2019,1.64068908941756,23.9528301886792,54.3,6.3,31.6,-0.895084494796701,5129590.7759337,291985.0
VUT,Vanuatu,2020,1.64068908941756,24.5166529942576,57.5,6.85,26.0,-2.39497083835586,5645927.05211293,298858.0
VUT,Vanuatu,2021,1.64068908941756,25.0917145200984,60.7,7.6,24.6,1.56382762826172,5432636.63087366,305868.0
VUT,Vanuatu,2022,1.64068908941756,25.6805578342904,60.7,8.2,25.0,2.3381498199341,,313046.0
VEN,"Venezuela, RB",1990,3.21070234113712,22.4783288929199,,,12.0,2.94361055813357,0.0,19827010.0
VEN,"Venezuela, RB",1991,3.22430701207415,23.0201190408707,,,13.2,2.8984866699492,0.0,20304896.0
VEN,"Venezuela, RB",1992,2.94881242559946,23.5598299416133,85.7920054399949,,14.2,2.86970077201396,0.0,20780948.0
VEN,"Venezuela, RB",1993,2.94654498044329,24.0967292103622,90.5958557563391,,13.2,2.82788125485657,0.0,21254520.0
VEN,"Venezuela, RB",1994,2.93974264497477,24.6303361487444,90.5267747081296,,13.8,2.77048510941688,0.0,21725188.0
VEN,"Venezuela, RB",1995,2.93974264497477,25.1616359616802,94.6949943288534,,13.2,2.70367836677076,0.0,22193821.0
VEN,"Venezuela, RB",1996,2.93974264497477,25.6925491752168,90.5297469482926,,12.9,2.6309090516935,0.0,22662113.0
VEN,"Venezuela, RB",1997,2.93974264497477,26.2249135536534,92.209364056285,,13.9,2.55143450569032,0.0,23131685.0
VEN,"Venezuela, RB",1998,2.93974264497477,26.7573686298963,92.3986895888197,,13.7,2.45290545195387,0.0,23601337.0
VEN,"Venezuela, RB",1999,2.93974264497477,27.2848398616858,94.7896844920653,,15.0,2.3222136436984,0.0,24066593.0
VEN,"Venezuela, RB",2000,2.94201009013094,27.8064826257015,91.9,78.1,15.3,2.17598248491815,0.0,24526708.0
VEN,"Venezuela, RB",2001,2.9454112578652,28.3203015702058,99.2,77.35,14.0,2.00459289427043,0.0,24979922.0
VEN,"Venezuela, RB",2002,2.9454112578652,28.8369945014455,99.8,77.5,12.8,1.90145106095909,0.0,25435671.0
VEN,"Venezuela, RB",2003,2.94767870302137,29.3551419987529,67.3,77.2,13.4,1.85645895934157,0.0,25892703.0
VEN,"Venezuela, RB",2004,3.00436483192563,29.8632027662831,95.6,77.4,14.6,1.78513360380693,0.0,26340838.0
VEN,"Venezuela, RB",2005,3.01003344481605,30.3676707669633,93.0,77.2,14.2,1.73735351585254,0.0,26785804.0
VEN,"Venezuela, RB",2006,3.01003344481605,30.8652411994785,97.2,78.1,15.6,1.67980635170462,0.0,27224686.0
VEN,"Venezuela, RB",2007,3.01456833512839,31.346707102772,93.1,78.1,16.6,1.59424645942576,0.0,27649363.0
VEN,"Venezuela, RB",2008,3.06105096082988,31.8051085539369,93.2,78.7,16.4,1.48933968700352,0.0,28053696.0
VEN,"Venezuela, RB",2009,2.94767870302137,32.2411405249136,93.3,79.0,16.2,1.38978108798722,0.0,28438298.0
VEN,"Venezuela, RB",2010,2.94767870302137,32.6660631483476,93.4,79.7,13.8,1.32745204152664,0.0,28813101.0
VEN,"Venezuela, RB",2011,2.94767870302137,33.0879337906014,90.8,80.0,14.8,1.28915206299406,0.0,29185212.0
VEN,"Venezuela, RB",2012,2.94767870302137,33.5058398049997,94.1,80.5,13.8,1.29142384217913,0.0,29553826.0
VEN,"Venezuela, RB",2013,2.94767870302137,33.9121342327532,94.7,80.9,15.4,1.24863564842799,0.0,29912198.0
VEN,"Venezuela, RB",2014,2.94767870302137,34.2997324414716,100.0,81.2,12.1,1.17888524729233,0.0,30254079.0
VEN,"Venezuela, RB",2015,2.94767870302137,34.662402358143,100.0,81.9,15.4,1.09407053870059,0.0,30573972.0
VEN,"Venezuela, RB",2016,2.94767870302137,34.8797913950456,94.9,82.2,14.6,0.667307730836811,0.0,30765720.0
VEN,"Venezuela, RB",2017,2.94767870302137,34.6525967915651,93.2,82.5,14.3,-0.61155561314555,0.0,30565323.0
VEN,"Venezuela, RB",2018,2.94767870302137,33.7935400487501,99.0,82.7,14.6,-2.46853556898518,0.0,29807592.0
VEN,"Venezuela, RB",2019,2.94767870302137,32.8077750694405,98.7,83.1,15.8,-2.91882846055459,0.0,28938098.0
VEN,"Venezuela, RB",2020,2.94767870302137,32.2476923076923,99.3,83.4,31.2,-1.68050569212668,0.0,28444077.0
VEN,"Venezuela, RB",2021,2.94767870302137,32.0138608922397,99.9,83.2,33.7,-0.686543169918842,0.0,28237826.0
VEN,"Venezuela, RB",2022,2.94767870302137,31.9857343688,100.0,83.45,,-0.0468905599823064,,28213017.0
VNM,Viet Nam,1990,16.4029616885311,201.249046053642,,,75.9,2.72388870866605,0.0,65504552.0
VNM,Viet Nam,1991,16.4920581277459,205.510998801806,,,75.5,3.47433818921358,0.0,66891775.0
VNM,Viet Nam,1992,16.9160342867676,209.715619527482,,,74.5,3.98929456884619,0.0,68260337.0
VNM,Viet Nam,1993,16.9467571968417,213.789621800977,,,70.6,4.31886231724906,0.0,69586384.0
VNM,Viet Nam,1994,16.7869980644567,217.685308304403,,,67.8,4.4832199018797,0.0,70854391.0
VNM,Viet Nam,1995,16.599588313005,221.358382746014,,,64.9,4.49573530744294,0.0,72049940.0
VNM,Viet Nam,1996,17.063504255123,224.757894251744,,,62.6,4.36697840501306,0.0,73156447.0
VNM,Viet Nam,1997,17.4137454299671,228.046603582291,72.3781526090116,,60.5,4.20438174013576,0.0,74226889.0
VNM,Viet Nam,1998,17.7056130756705,231.342468278595,82.2703123770582,,59.2,3.99577973146258,0.0,75299660.0
VNM,Viet Nam,1999,18.4337460444253,234.377252757381,83.2338242443129,,59.3,3.61507192848713,0.0,76287452.0
VNM,Viet Nam,2000,19.9318459461197,248.035784093101,84.7,4.4,57.7,3.39581132286771,0.0,77154011.0
VNM,Viet Nam,2001,21.3732360410171,250.632810440708,85.5,5.7,56.1,3.41034144637006,0.0,77969361.0
VNM,Viet Nam,2002,21.2526163258735,253.6539172436,85.6,7.6,52.2,3.42108090106931,0.0,78772224.0
VNM,Viet Nam,2003,21.2242396878124,256.599403360531,87.1,9.7,50.8,3.39881984095249,0.0,79563777.0
VNM,Viet Nam,2004,20.8646434676041,259.099464637017,88.0,12.2,45.8,3.33889208469533,0.0,80338971.0
VNM,Viet Nam,2005,20.3236829403172,259.203077001761,94.8,15.1,44.1,3.23897014139341,0.0,81088313.0
VNM,Viet Nam,2006,20.2944420467079,262.689291708627,94.8,18.2,44.2,3.54798566946169,0.0,82167897.0
VNM,Viet Nam,2007,20.1869732977559,267.577137683246,90.6,21.8,41.9,3.88392022435259,0.0,83633375.0
VNM,Viet Nam,2008,20.0852323588839,272.308076932914,91.6,26.1,39.3,3.8121097980197,0.0,85175788.0
VNM,Viet Nam,2009,20.1431120148867,276.440290060813,94.6,31.15,37.0,3.3219726496492,0.0,86460018.0
VNM,Viet Nam,2010,20.5474729806508,279.147229120251,96.4,37.0,34.6,2.78509907779886,0.0,87455152.0
VNM,Viet Nam,2011,20.5487672527164,282.390144405715,98.5,43.9,36.3,2.62585841969135,0.0,88468314.0
VNM,Viet Nam,2012,20.4216208283752,285.558644407367,97.0,50.9,37.9,2.53840240642015,0.0,89510356.0
VNM,Viet Nam,2013,20.5196472555451,289.364162813695,97.8,58.05,37.4,2.49269980122556,0.0,90573104.0
VNM,Viet Nam,2014,20.4533923049676,292.559228518274,98.9,66.1,36.7,2.52048355679202,0.0,91679578.0
VNM,Viet Nam,2015,22.3458196519913,296.1974772084,98.9,73.3,27.8,2.58618883560289,0.0,92823254.0
VNM,Viet Nam,2016,22.3302179094857,299.948999160782,98.8,79.3,26.8,2.69033256754995,0.0,94000117.0
VNM,Viet Nam,2017,22.2981273312636,303.688787280275,100.0,84.9,28.3,2.79982090581249,0.0,95176977.0
VNM,Viet Nam,2018,22.1807809743195,307.046632570694,100.0,89.3,24.3,2.82681090808417,0.0,96237319.0
VNM,Viet Nam,2019,21.6444553630966,310.034412897339,99.1,92.5,20.4,2.96038644426744,0.0,97173776.0
VNM,Viet Nam,2020,21.6540269088055,312.923153250018,99.7,95.0,18.9,3.6251116340205,0.0,98079191.0
VNM,Viet Nam,2021,21.6740633444895,315.653937574379,100.0,96.8,24.2,3.86918418992208,0.0,98935098.0
VNM,Viet Nam,2022,21.5455493907711,318.032648542413,100.0,97.9,,3.1599357541504,,99680655.0
VIR,Virgin Islands (U.S.),1990,11.4285714285714,297.037142857143,100.0,,0.5,7.92207707934499,,103963.0
VIR,Virgin Islands (U.S.),1991,11.4285714285714,299.448571428571,100.0,,0.5,5.51793529284257,,104807.0
VIR,Virgin Islands (U.S.),1992,11.4285714285714,302.034285714286,100.0,,0.5,5.18389151481215,,105712.0
VIR,Virgin Islands (U.S.),1993,11.4285714285714,304.508571428571,100.0,,0.5,4.73412939292332,,106578.0
VIR,Virgin Islands (U.S.),1994,8.57142857142857,306.622857142857,100.0,,0.5,4.18708212416139,,107318.0
VIR,Virgin Islands (U.S.),1995,8.57142857142857,308.051428571429,100.0,,0.5,3.52016926294616,,107818.0
VIR,Virgin Islands (U.S.),1996,8.57142857142857,308.842857142857,100.0,,0.5,2.85186975580198,,108095.0
VIR,Virgin Islands (U.S.),1997,8.57142857142857,309.591428571429,100.0,,0.5,2.35885782786298,,108357.0
VIR,Virgin Islands (U.S.),1998,8.57142857142857,310.105714285714,100.0,,0.5,1.78111633852371,,108537.0
VIR,Virgin Islands (U.S.),1999,5.71428571428571,310.282857142857,100.0,,0.5,1.14004311017508,,108599.0
VIR,Virgin Islands (U.S.),2000,5.71428571428571,310.405714285714,100.0,,0.5,0.588043515252851,,108642.0
VIR,Virgin Islands (U.S.),2001,5.71428571428571,310.14,100.0,,0.6,0.246149084105546,,108549.0
VIR,Virgin Islands (U.S.),2002,5.71428571428571,310.025714285714,100.0,,0.6,0.272241007238859,,108509.0
VIR,Virgin Islands (U.S.),2003,5.71428571428571,310.014285714286,100.0,,0.6,0.273473728901165,,108505.0
VIR,Virgin Islands (U.S.),2004,5.71428571428571,309.902857142857,100.0,,0.6,0.208797129060232,,108466.0
VIR,Virgin Islands (U.S.),2005,5.71428571428571,309.865714285714,100.0,,0.7,0.204434730738082,,108453.0
VIR,Virgin Islands (U.S.),2006,2.85714285714286,309.625714285714,100.0,,0.7,0.111868909169247,,108369.0
VIR,Virgin Islands (U.S.),2007,2.85714285714286,309.534285714286,100.0,,0.7,0.133294148913368,,108337.0
VIR,Virgin Islands (U.S.),2008,2.85714285714286,309.705714285714,100.0,,0.7,0.193743516869666,,108397.0
VIR,Virgin Islands (U.S.),2009,2.85714285714286,309.725714285714,100.0,,0.8,0.123096177092694,,108404.0
VIR,Virgin Islands (U.S.),2010,2.85714285714286,309.591428571429,100.0,,0.7,0.0527091540671072,,108357.0
VIR,Virgin Islands (U.S.),2011,2.85714285714286,309.4,100.0,,1.2,0.025368576275931,,108290.0
VIR,Virgin Islands (U.S.),2012,2.85714285714286,309.108571428571,100.0,,2.0,-0.00975638312139427,,108188.0
VIR,Virgin Islands (U.S.),2013,2.85714285714286,308.688571428571,100.0,,2.9,-0.0566058006780035,,108041.0
VIR,Virgin Islands (U.S.),2014,2.85714285714286,308.234285714286,100.0,,4.2,-0.0742216526904721,,107882.0
VIR,Virgin Islands (U.S.),2015,2.85714285714286,307.748571428571,100.0,,5.6,-0.0928546012635426,,107712.0
VIR,Virgin Islands (U.S.),2016,2.85714285714286,307.188571428571,100.0,,5.7,-0.126224961352359,,107516.0
VIR,Virgin Islands (U.S.),2017,2.85714285714286,306.517142857143,100.0,,5.3,-0.174432892481883,,107281.0
VIR,Virgin Islands (U.S.),2018,2.57142857142857,305.717142857143,100.0,,5.8,-0.228791482320302,,107001.0
VIR,Virgin Islands (U.S.),2019,2.57142857142857,304.768571428571,100.0,,6.2,-0.291410494186058,,106669.0
VIR,Virgin Islands (U.S.),2020,2.57142857142857,303.685714285714,100.0,,5.9,-0.343693858516581,,106290.0
VIR,Virgin Islands (U.S.),2021,2.57142857142857,302.485714285714,100.0,,5.9,-0.329989151173117,,105870.0
VIR,Virgin Islands (U.S.),2022,2.57142857142857,301.18,100.0,,5.9,-0.372917689291462,,105413.0
PSE,West Bank and Gaza,1990,18.1063122923588,328.612624584718,,,22.1,,,1978248.0
PSE,West Bank and Gaza,1991,17.6079734219269,343.66196013289,,,22.0,5.04031656239072,,2068845.0
PSE,West Bank and Gaza,1992,17.2757475083056,359.40049833887,,,21.5,5.08261939791085,,2163591.0
PSE,West Bank and Gaza,1993,17.2757475083056,375.859800664452,,,21.3,5.13261560166723,,2262676.0
PSE,West Bank and Gaza,1994,12.2640531561462,393.072757475083,,,21.0,5.18995375149169,,2366298.0
PSE,West Bank and Gaza,1995,13.776196013289,411.074086378738,,,21.0,5.2544009640507,,2474666.0
PSE,West Bank and Gaza,1996,12.9535714285714,429.899833887043,,,20.2,5.32549433188251,,2587997.0
PSE,West Bank and Gaza,1997,12.7131561461794,449.587707641196,92.7752780570434,,17.2,5.3903763035954,,2706518.0
PSE,West Bank and Gaza,1998,12.9730066445183,461.223920265781,94.9529709556602,,16.4,3.66163594288627,,2776568.0
PSE,West Bank and Gaza,1999,9.23584717607974,473.161295681063,95.2748804096496,,15.9,4.16511427663897,,2848431.0
PSE,West Bank and Gaza,2000,11.8294186046512,485.407475083056,99.2,,17.5,4.57590486138478,,2922153.0
PSE,West Bank and Gaza,2001,11.7788870431894,497.970764119601,99.1,,17.1,4.82758722473513,,2997784.0
PSE,West Bank and Gaza,2002,12.2563289036545,510.859302325581,97.9,,21.8,4.93040910795049,,3075373.0
PSE,West Bank and Gaza,2003,12.0426744186046,524.08122923588,97.5,,21.7,4.89673272536818,,3154969.0
PSE,West Bank and Gaza,2004,12.2753820598007,537.645514950166,99.0,,23.1,4.73880671850933,,3236626.0
PSE,West Bank and Gaza,2005,12.5275581395349,551.560797342193,99.1,,22.8,4.46693091095877,,3320396.0
PSE,West Bank and Gaza,2006,12.5814451827243,565.836212624585,99.4,,18.1,4.08839490467447,,3406334.0
PSE,West Bank and Gaza,2007,12.2639368770764,580.481063122924,96.5,,20.5,3.57125833176524,,3494496.0
PSE,West Bank and Gaza,2008,12.4512292358804,596.673920265781,99.5,,20.1,3.35705331320282,,3591977.0
PSE,West Bank and Gaza,2009,11.0963455149502,612.807142857143,99.9,,16.5,3.15666902637475,,3689099.0
PSE,West Bank and Gaza,2010,7.25913621262459,628.930398671096,99.9,,14.1,3.05143838297723,,3786161.0
PSE,West Bank and Gaza,2011,7.34823920265781,645.014285714286,99.0,,15.4,2.94007432170378,,3882986.0
PSE,West Bank and Gaza,2012,7.94397009966777,661.129235880399,99.3,,12.2,2.83791123109886,,3979998.0
PSE,West Bank and Gaza,2013,10.2340697674419,677.194019933555,99.6,,11.7,2.72125036897349,,4076708.0
PSE,West Bank and Gaza,2014,9.87632890365449,693.255481727575,100.0,,10.8,2.60957728827628,,4173398.0
PSE,West Bank and Gaza,2015,9.51857142857143,709.317607973422,99.6,,11.0,2.49589582238209,,4270092.0
PSE,West Bank and Gaza,2016,9.70401993355482,725.429900332226,100.0,,12.3,2.38626411336117,,4367088.0
PSE,West Bank and Gaza,2017,9.69343853820598,740.000830564784,99.6,,10.5,2.03610998705706,,4454805.0
PSE,West Bank and Gaza,2018,9.0184219269103,758.984551495017,100.0,,12.7,2.71661772968065,,4569087.0
PSE,West Bank and Gaza,2019,8.34340531561462,778.290033222591,100.0,,13.9,2.83685982447208,,4685306.0
PSE,West Bank and Gaza,2020,7.66837209302326,797.885215946844,100.0,,15.0,2.789634533529,,4803269.0
PSE,West Bank and Gaza,2021,6.95435684647303,817.05377593361,100.0,,15.4,2.75962526241986,,4922749.0
PSE,West Bank and Gaza,2022,6.95435684647303,837.114024896266,100.0,,15.4,2.72760238070745,,5043612.0
WLD,World,1990,10.6595327634789,50.8461345966514,,,16.6761728451138,2.13242839550469,,5299246757.0
WLD,World,1991,10.681557131978,51.701533413007,,,16.8275092292776,2.44795498307034,,5388496229.0
WLD,World,1992,10.6194422566107,43.5189034254345,,,17.1858871999502,2.28430702463384,,5477123966.0
WLD,World,1993,10.6116875569904,43.7899745109207,,,17.2074395489013,2.2246006857615,,5564778621.0
WLD,World,1994,10.5844188115383,44.4714208665441,,,17.3572712155107,2.19454500776519,,5650853178.0
WLD,World,1995,10.5728580336515,45.1465408424128,,,17.4243468135946,2.17584487231993,,5736505517.0
WLD,World,1996,10.5612999126282,45.824387346104,,,17.4450890685685,2.59270374540418,,5822614627.0
WLD,World,1997,10.5884806465222,46.474686438144,,,17.4743432804444,2.57071394646657,,5908466558.0
WLD,World,1998,10.5841233318348,47.1574447719605,,,17.6182879337665,2.53293936651371,,5994040064.0
WLD,World,1999,10.5904052505827,47.8186177087944,,,17.8778259194218,2.46403771312991,,6078404337.0
WLD,World,2000,10.5610312319094,48.4403366874438,66.4999384986897,23.78169833831,17.5262813966932,2.53883302951437,,6161884811.0
WLD,World,2001,10.5578318999749,49.0950719465217,68.3486397732619,24.1454033732147,17.2141012541802,2.32974333638751,,6245112906.0
WLD,World,2002,10.5313784035859,49.74405681699,68.5542017565616,24.6352660097376,17.2206557859887,2.40736278769285,,6327557399.0
WLD,World,2003,10.5587426050116,50.3873940548433,67.3722825226925,25.0288669710609,17.067470633117,2.40842504764002,,6409750441.0
WLD,World,2004,10.5792594140353,50.9812849046914,67.0772607208229,25.5763182004024,16.7834791518651,2.31951166627409,,6492769815.0
WLD,World,2005,10.6135429629015,51.6324527440478,68.3968133278029,26.077454857752,16.6370993331808,2.27476487008662,,6575841506.0
WLD,World,2006,10.6267702290482,52.2521307537334,69.0536511076338,26.7000523895895,16.7290772224366,2.30640701958425,,6659977025.0
WLD,World,2007,10.5397124822282,52.9152833498651,69.0951057327924,27.3494209125515,16.5374660334277,2.3443108264309,,6744489399.0
WLD,World,2008,10.5476713609917,53.5968813081381,70.8755467588355,28.2507432984656,16.6569817886533,2.18494709071276,,6830513541.0
WLD,World,2009,10.5968765378835,54.2729530877478,72.4219272078463,29.1832064266508,17.0654993607187,2.21782133506796,,6916589116.0
WLD,World,2010,10.6087313399178,54.9363760941037,73.0581904585649,30.4217246542196,16.7414815095897,1.96560658572877,,7001266876.0
WLD,World,2011,10.685570245656,55.6095936956326,74.2031391331721,31.7578000185475,16.6987205578704,2.55921704108155,,7087120034.0
WLD,World,2012,10.6322354922421,55.2308498493572,74.8591359600517,33.2392888879881,16.8962150785112,2.13142066010165,,7176929184.0
WLD,World,2013,10.6506134817674,55.9162381350838,75.9359765191123,34.9489452899078,17.1692464159295,2.20133788702828,,7265892332.0
WLD,World,2014,10.6627787739558,56.5950830182581,76.1282191477941,36.80043446549,17.3299951573821,2.09237768876953,,7354068030.0
WLD,World,2015,10.6884871419911,57.2677024052238,76.5875946922566,38.8287048772989,17.4035082673572,2.13813160729023,,7441677465.0
WLD,World,2016,10.6973835164741,57.9344044255455,79.1577083035216,40.9831482885475,17.6281084915531,2.02297839438771,,7528879985.0
WLD,World,2017,10.707616493436,58.5967120693699,80.8494957682474,43.157324954836,17.8541835016377,1.90195631930978,,7614523410.0
WLD,World,2018,10.705072321931,59.2328051474011,81.9292141325548,45.3019647316125,18.1052270747944,1.85936054555143,,7697233736.0
WLD,World,2019,10.6719685610569,59.8544799078542,82.6071615160973,47.5317518394736,18.5751641385934,1.73812277189811,,7778008621.0
WLD,World,2020,10.6857226203166,60.4468430446648,82.9392150439591,49.6666414597145,19.7355641050053,1.52033812074234,,7854748424.0
WLD,World,2021,10.7051823683226,61.0288760939611,84.4699686301226,51.7861858581885,,1.47832087945717,,7920514854.0
WLD,World,2022,10.6934147369696,61.591254360527,84.0140939435731,53.7662852512752,,1.32933928012061,,7989545217.0
YEM,"Yemen, Rep.",1990,2.88463359660587,26.3042634998201,,,1.8,7.94969848251303,2195769.71428571,13887862.0
YEM,"Yemen, Rep.",1991,2.8941038316571,27.3314790613103,,,1.4,7.71911106580271,2374491.32380952,14430201.0
YEM,"Yemen, Rep.",1992,2.60999678012008,28.3908062958123,30.7704468883827,,1.3,7.42826958900981,2178312.5137394,14989494.0
YEM,"Yemen, Rep.",1993,3.0721442506203,29.4787847794382,25.8951904860915,,1.5,7.0847673697592,1660803.73829546,15563914.0
YEM,"Yemen, Rep.",1994,3.08161448567153,30.587243593386,26.93787919263,,1.4,6.65983839250304,1996614.45277361,16149147.0
YEM,"Yemen, Rep.",1995,3.09297876773301,31.7064568062579,28.0406666148087,,1.2,6.26974572814218,3119676.92413793,16740058.0
YEM,"Yemen, Rep.",1996,3.11949542587647,32.7919711347236,29.1963538905913,,1.2,5.85817238100424,3255065.37931034,17313177.0
YEM,"Yemen, Rep.",1997,3.0437335454666,33.8540750421425,27.0815793448585,,1.1,5.54458292964375,3383880.23448276,17873936.0
YEM,"Yemen, Rep.",1998,2.96228952402599,34.9376157736235,31.5388622478998,,1.1,5.37677642818402,4901388.8,18446013.0
YEM,"Yemen, Rep.",1999,2.93009072485179,36.0426160577306,32.7253593273838,,1.0,5.21297102310662,2158712.18033069,19029420.0
YEM,"Yemen, Rep.",2000,2.9263026308313,37.1690455897115,34.0,40.9,0.9,5.05264781965825,2167577.0767481,19624141.0
YEM,"Yemen, Rep.",2001,2.7766729170218,38.3092732541622,35.1,41.7,0.9,4.87558887262579,2496099.86153846,20226147.0
YEM,"Yemen, Rep.",2002,2.68007651949921,39.4626323465348,36.3,42.5,0.9,4.70142417707306,2867654.75192308,20835086.0
YEM,"Yemen, Rep.",2003,2.37134685682899,40.6393904956721,37.4,43.0,0.8,4.55674995004702,4216752.16607851,21456379.0
YEM,"Yemen, Rep.",2004,2.509612288577,41.8492849972536,32.9,43.5,0.8,4.43144224937652,4232235.54934269,22095167.0
YEM,"Yemen, Rep.",2005,2.43763850218762,43.1654923575203,40.1,43.8,0.7,4.49881062677343,4319142.07980474,22790085.0
YEM,"Yemen, Rep.",2006,2.6024205920791,44.5917059681421,39.4,44.25,0.8,4.57815392807586,5452297.24508152,23543083.0
YEM,"Yemen, Rep.",2007,2.58537416898687,46.0595905070364,42.1,44.3,0.8,4.50041020014542,5198734.32905816,24318082.0
YEM,"Yemen, Rep.",2008,2.35808852775726,47.5631967725439,43.4,44.7,0.7,4.40586141469149,9424996.47112637,25111941.0
YEM,"Yemen, Rep.",2009,2.217929048999,49.1083281247041,44.7,44.1,0.7,4.3202151518606,9478066.71362696,25927724.0
YEM,"Yemen, Rep.",2010,2.44521469022861,50.6740667083357,42.5,43.9,0.8,4.18946288013571,11713957.6505121,26754387.0
YEM,"Yemen, Rep.",2011,2.19898857889653,52.2433035967953,44.0,43.7,0.9,4.02609339921662,13889045.7045664,27582897.0
YEM,"Yemen, Rep.",2012,2.28043260033714,53.8546640907627,29.4,43.0,1.1,3.93732776571737,16457438.4748382,28433647.0
YEM,"Yemen, Rep.",2013,2.2747504593064,55.5201090971078,64.0,41.9,0.8,3.8103581508055,14091465.8688864,29312952.0
YEM,"Yemen, Rep.",2014,2.1849726310207,57.2500501922458,50.6,40.9,0.8,4.39492402913764,23317515.2128556,30226309.0
YEM,"Yemen, Rep.",2015,2.15466787885675,59.0173286360967,53.7,39.5,2.0,4.67669791308374,21844345.445895,31159379.0
YEM,"Yemen, Rep.",2016,2.07549671382844,60.8159743924844,55.6,37.8,2.6,4.72512277862931,17474470.9588934,32109010.0
YEM,"Yemen, Rep.",2017,2.20277667291702,62.6757599863629,71.4,36.4,3.0,4.83904918680246,22435044.9443631,33090921.0
YEM,"Yemen, Rep.",2018,2.21035286095801,64.5589370608179,,34.6,2.9,4.8843592705626,11907671.1116555,34085182.0
YEM,"Yemen, Rep.",2019,2.19330643786579,66.5026573479554,60.7,32.7,3.0,4.98080932762029,,35111408.0
YEM,"Yemen, Rep.",2020,2.19330643786579,68.4411292308275,62.1,30.8,3.5,5.12739938506347,,36134863.0
YEM,"Yemen, Rep.",2021,2.19330643786579,70.3453415913783,63.4,29.0,3.7,3.76954642067347,,37140230.0
YEM,"Yemen, Rep.",2022,2.19330643786579,72.395924010834,65.0,27.0,,3.56991787922358,,38222876.0
ZMB,Zambia,1990,3.88894120179179,10.4738683598111,,,83.0,2.34149812272143,169677264.539012,7786169.0
ZMB,Zambia,1991,3.70599550706897,10.7368272373855,,,82.3,2.19891416118047,169622874.385371,7981650.0
ZMB,Zambia,1992,3.73828004143182,10.9991794347516,6.67226875555072,,82.7,2.01487207995238,177609910.103739,8176680.0
ZMB,Zambia,1993,3.7396252303636,11.2645058448459,,,85.2,1.87614985071145,161507545.074112,8373921.0
ZMB,Zambia,1994,3.83378845558859,11.5367021348148,0.572324599248719,,86.9,1.78591523648949,196935447.675655,8576269.0
ZMB,Zambia,1995,3.82571732199788,11.8185111448903,1.29155598900718,,87.1,1.73122682949424,272482066.090221,8785763.0
ZMB,Zambia,1996,3.82571732199788,12.1121524368097,1.80335801462763,,89.6,1.35757489167538,263908949.5801,9004053.0
ZMB,Zambia,1997,3.82571732199788,12.4255949098051,2.75654799307165,,87.0,0.940268180922427,247258460.414067,9237063.0
ZMB,Zambia,1998,3.82571732199788,12.755630288274,2.88768282232819,,87.8,0.860144441217489,257983829.480179,9482408.0
ZMB,Zambia,1999,3.82571732199788,13.1021469215351,4.25715558615297,,89.8,1.16770963818904,174983456.559617,9740005.0
ZMB,Zambia,2000,3.82571732199788,13.475606343911,2.1,1.4,90.0,1.98184385161573,304346196.467831,10017631.0
ZMB,Zambia,2001,3.66160427232005,13.8893245806373,5.8,1.5,89.8,3.05488942781847,254771533.20601,10325185.0
ZMB,Zambia,2002,3.47327782187008,14.3235031410162,2.2,1.6,89.6,3.59498474839254,302019778.550329,10647949.0
ZMB,Zambia,2003,3.86607298995144,14.7750104252142,1.9,1.7,89.3,3.97375119821,494528735.806382,10983595.0
ZMB,Zambia,2004,3.84993072277001,15.2520184559921,4.7,1.9,89.4,4.31898880250062,448676113.519252,11338198.0
ZMB,Zambia,2005,3.66833021697897,15.7640256123973,6.7,1.9,88.9,4.63356691720477,473827840.298345,11718819.0
ZMB,Zambia,2006,4.05305425146962,16.3165404431052,7.0,2.0,89.7,4.88824832694096,446443983.766028,12129553.0
ZMB,Zambia,2007,3.96696215983535,16.9024132689436,0.6,2.1,90.7,5.00792941691569,563850077.134798,12565085.0
ZMB,Zambia,2008,4.10551661980925,17.5161409219925,7.4,2.2,89.8,5.01296748942977,556965480.066886,13021324.0
ZMB,Zambia,2009,4.77542070783842,18.1471219682804,7.6,2.2,89.2,4.88461585757125,434340556.098879,13490389.0
ZMB,Zambia,2010,4.5736423680706,18.7863624746096,4.0,2.3,89.2,4.63266848847021,252479937.51059,13965594.0
ZMB,Zambia,2011,4.84268015442769,19.4215633785765,8.1,2.3,87.9,4.35251891315956,0.0,14437796.0
ZMB,Zambia,2012,5.11171794078478,20.0616486635548,8.2,2.3,85.4,4.23205158418099,0.0,14913629.0
ZMB,Zambia,2013,4.97719904760624,20.7145603249976,8.4,2.3,85.3,4.17506739839671,0.0,15398997.0
ZMB,Zambia,2014,4.97719904760624,21.3822018052435,4.2,2.3,84.6,4.12770061741767,0.0,15895315.0
ZMB,Zambia,2015,4.97719904760624,22.0598730141648,4.7,2.3,84.0,4.05894924629252,0.0,16399089.0
ZMB,Zambia,2016,4.97719904760624,22.7530946071376,9.9,2.3,84.0,4.01636109626793,0.0,16914423.0
ZMB,Zambia,2017,5.11171794078478,23.4618706197285,14.0,2.3,83.5,3.97347057455809,0.0,17441320.0
ZMB,Zambia,2018,5.11171794078478,24.1778460834824,12.4,2.3,83.8,3.89574458509516,0.0,17973569.0
ZMB,Zambia,2019,5.11171794078478,24.9046113076582,14.2,2.3,86.1,3.83532154719952,0.0,18513839.0
ZMB,Zambia,2020,5.11171794078478,25.6384872005273,14.0,2.3,85.4,3.76197608004315,0.0,19059395.0
ZMB,Zambia,2021,5.11171794078478,26.3705551594721,14.5,2.3,83.0,3.65740022017216,0.0,19603607.0
ZMB,Zambia,2022,5.11171794078478,27.1095091405588,14.5,2.4,,3.58198236627561,,20152938.0
ZWE,Zimbabwe,1990,7.74795683081298,26.2046814010598,,,64.0,5.05099072607889,149436536.069085,10137281.0
ZWE,Zimbabwe,1991,7.89631976218172,26.8962543621559,,,63.7,4.4913740306542,145006847.078302,10404816.0
ZWE,Zimbabwe,1992,7.23818405066563,27.6662789194778,3.0640699844598,,64.4,4.17921280624846,147256601.352497,10702700.0
ZWE,Zimbabwe,1993,7.4946260824609,28.0736409461031,6.81137772522481,,64.4,2.46387840262832,127776182.096615,10860288.0
ZWE,Zimbabwe,1994,8.18371177458963,28.1068838050924,4.23310749673117,,68.5,1.04225167815221,175052891.546841,10873148.0
ZWE,Zimbabwe,1995,8.12312214036448,28.3691327387876,7.02126705731805,,67.1,1.78535377368364,254852651.568809,10974599.0
ZWE,Zimbabwe,1996,8.59130076256947,28.8441514799018,7.12563619406345,,66.7,2.44309852487903,265469660.061405,11158360.0
ZWE,Zimbabwe,1997,8.41771927103529,29.3907897117746,7.23135784697343,,67.4,2.57914945386628,254348265.631888,11369827.0
ZWE,Zimbabwe,1998,8.36629985782603,29.9710404549567,7.33813858843812,,67.8,2.56918586349377,258977477.335961,11594297.0
ZWE,Zimbabwe,1999,8.92994855887295,30.4600180948688,13.8849303894306,,64.4,2.13817463922131,167039144.755066,11783458.0
ZWE,Zimbabwe,2000,9.56712343285511,30.74073930464,7.3,5.2,69.5,1.33611142265047,159429351.840371,11892055.0
ZWE,Zimbabwe,2001,9.30593253198914,30.947139718237,7.6,5.0,72.3,0.979709622880163,157085535.751778,11971901.0
ZWE,Zimbabwe,2002,9.43518159493344,31.2463564689156,7.2,4.8,74.7,1.15667809410731,190313274.663529,12087653.0
ZWE,Zimbabwe,2003,9.43518159493344,31.6203257076386,8.8,4.6,78.0,1.3037697499499,282377211.695579,12232323.0
ZWE,Zimbabwe,2004,9.82292878376632,31.9656094093318,9.8,4.5,81.8,1.17029678831479,253627284.594425,12365896.0
ZWE,Zimbabwe,2005,10.0814269096549,32.2694377665762,10.7,4.5,80.3,1.00867069668733,252451497.075715,12483432.0
ZWE,Zimbabwe,2006,10.5984231614321,32.6649735039421,9.4,4.5,78.7,1.26666851060534,246677382.742538,12636445.0
ZWE,Zimbabwe,2007,10.3399250355435,33.0982499676877,12.7,4.5,78.0,1.35917507370883,372577186.197124,12804058.0
ZWE,Zimbabwe,2008,10.986170350265,33.4991572961096,13.8,4.5,81.6,1.24577441707486,423687116.157589,12959149.0
ZWE,Zimbabwe,2009,10.5984231614321,33.9738658394727,19.6,4.6,82.6,1.45651507207656,448672709.935165,13142790.0
ZWE,Zimbabwe,2010,10.3399250355435,34.5264262634096,15.8,4.8,81.2,1.67758251948591,383690641.622945,13356548.0
ZWE,Zimbabwe,2011,10.8569212873207,35.1439162466072,14.1,4.8,77.2,1.85901770475087,436803862.714907,13595424.0
ZWE,Zimbabwe,2012,10.4786387488691,35.7189789324027,23.8,5.1,77.0,1.73427283796274,509849054.028946,13817887.0
ZWE,Zimbabwe,2013,10.4708240920253,36.2254310456249,18.9,5.3,79.3,1.73902435675705,533438321.659532,14013808.0
ZWE,Zimbabwe,2014,10.4630096936797,36.7257567532635,7.7,5.4,80.8,2.16144370479207,603765234.12542,14207359.0
ZWE,Zimbabwe,2015,10.455195036836,37.2211787514541,10.9,5.7,80.8,2.53432185710755,651182608.603721,14399013.0
ZWE,Zimbabwe,2016,10.4473803799922,37.7414863642239,21.9,5.9,81.7,2.92184647428744,685813944.466353,14600294.0
ZWE,Zimbabwe,2017,10.4395659816466,38.2899883675843,24.2,6.1,82.0,3.25023111096025,655853487.370783,14812482.0
ZWE,Zimbabwe,2018,10.4317513248029,38.8637766576192,26.4,6.4,79.7,3.50447549716329,436479507.629545,15034452.0
ZWE,Zimbabwe,2019,10.4239369264573,39.4762000775494,28.3,6.5,81.0,3.72924700896215,435782762.096414,15271368.0
ZWE,Zimbabwe,2020,10.4161222696135,40.13671448882,37.1,6.8,84.1,3.91648125219672,487068344.410182,15526888.0
ZWE,Zimbabwe,2021,10.4083078712679,40.8354917926845,31.6,7.1,82.4,4.02165487352737,516326002.520786,15797210.0
ZWE,Zimbabwe,2022,10.4004932144242,41.5382086079876,33.7,7.2,,3.89060935046696,,16069056.0
