Area,Year,Forest_Area,Agri_Area,Cattle_Head
Afghanistan,1990,1209.44,38040.0,6604566.640000001
Albania,1990,788.8,1121.0,2730281.38
Algeria,1990,1714.96,38676.0,6527042.42
Angola,1990,77533.29,44456.0,8353030.0
Antigua and Barbuda,1990,10.11,9.0,55503.83
Argentina,1990,55989.62,127565.0,172308305.37
Australia,1990,134574.65,464437.0,88394537.42
Austria,1990,3775.67,3023.9,12938162.69
Bahamas,1990,509.86,11.0,4310.2
Bahrain,1990,1.37,10.0,80615.76
Bangladesh,1990,1985.31,10386.0,61110745.4
Barbados,1990,6.3,19.0,107790.56
Belgium-Luxembourg,1990,763.2,1443.0,15474922.0
Belize,1990,1579.83,126.0,158948.65
Benin,1990,6980.12,2261.296,2877208.4
Bhutan,1990,2506.72,454.0,1225926.65
Bolivia (Plurinational State of),1990,61774.24,35455.0,13715383.51
Botswana,1990,15727.9,26021.0,6662790.6
Brazil,1990,618443.26,234900.0,424798200.78
Brunei Darussalam,1990,413.0,13.0,55498.88
Bulgaria,1990,3327.0,6159.0,8355498.55
Burkina Faso,1990,8299.11,9950.8133,10390973.879999999
Burundi,1990,276.48,2082.0,1246221.07
Cabo Verde,1990,33.5,68.0,57111.22
Cambodia,1990,11004.79,4455.0,6198901.23
Cameroon,1990,22500.0,9170.0,11911813.3
Canada,1990,360777.29,61403.0,46247960.6
Central African Republic,1990,46434.91,4955.481,6555183.13
Chad,1990,6730.08,48300.0,17866877.439999998
Chile,1990,16810.95,15899.0,13437576.0
China,1990,157140.59,506592.0,217003047.41
"China, mainland",1990,157140.59,505694.0,215571885.22
Colombia,1990,65102.8,45083.0,73523867.77
Comoros,1990,47.16,114.0,137802.31
Congo,1990,22255.0,10517.337,189765.64
Cook Islands,1990,14.91,6.0,807.14
Costa Rica,1990,2758.74,2198.6,6964305.3
Cuba,1990,2312.0,6741.0,14986296.6
Cyprus,1990,161.11,160.6,277952.4
Czechoslovakia,1990,4741.96,6736.0,25740070.0
Democratic People's Republic of Korea,1990,7455.43,2504.465,3091555.89
Democratic Republic of the Congo,1990,160540.18,25960.0,3672606.56
Denmark,1990,531.44,2788.0,13385810.870000001
Djibouti,1990,5.6,1299.0,501145.86
Dominica,1990,58.83,18.0,52908.65
Dominican Republic,1990,2132.15,2617.1667,6535629.3
Ecuador,1990,14632.21,7846.0,13712395.04
Egypt,1990,3.91,2648.0,14588404.33
El Salvador,1990,735.51,1270.8,3675316.71
Equatorial Guinea,1990,2699.15,103.85,10988.52
Eswatini,1990,485.57,1238.0,1848139.57
Ethiopia PDR,1990,30188.81,56312.0,73647367.5
Faroe Islands,1990,0.08,96.532,6885.21
Fiji,1990,939.69,410.0,876426.3200000001
Finland,1990,21875.33,2393.0,8223976.84
France,1990,14436.0,30592.8,103601346.61
French Guiana,1990,8125.0,21.0,43070.84
French Polynesia,1990,144.43,35.9372,24244.940000000002
Gabon,1990,23774.23,2005.38,96226.75
Gambia,1990,414.73,582.0,802244.56
Germany,1990,11300.0,18032.0,110345025.56
Ghana,1990,5806.16,12628.0,3184178.19
Greece,1990,3708.9,9222.0,3848397.33
Grenada,1990,17.7,13.0,12816.39
Guadeloupe,1990,73.17,53.0,207989.03999999998
Guatemala,1990,4852.41,4285.0,6246343.73
Guinea,1990,7202.21,14050.109,3803562.24
Guinea-Bissau,1990,2257.39,578.67,1028025.51
Guyana,1990,18602.15,711.2756,425905.6
Haiti,1990,369.2,1597.0,2912973.0
Honduras,1990,7644.21,3320.0,6997689.38
Hungary,1990,1813.9,6474.0,8410411.39
Iceland,1990,17.93,1901.0,389876.99
India,1990,63938.0,181413.0,580848991.24
Indonesia,1990,116334.5,45083.0,30180149.6
Iran (Islamic Republic of),1990,10751.0,61500.0,29106325.0
Iraq,1990,803.5,9237.8,5481672.8
Ireland,1990,461.64,4537.4,25684272.15
Israel,1990,132.0,579.0,2233349.64
Italy,1990,7589.75,16840.0,52645280.47
Jamaica,1990,521.28,476.0,1156484.02
Japan,1990,24950.0,5832.0,25400361.38
Jordan,1990,70.7,1040.2,261737.94
Kenya,1990,3740.6,26747.2626,42433553.0
Kuwait,1990,3.45,141.0,112521.5
Lao People's Democratic Republic,1990,14399.28,1660.0,3154098.8
Lebanon,1990,137.92,605.0,551443.72
Lesotho,1990,34.52,2321.0,1417938.78
Liberia,1990,8008.76,1063.76,115926.0
Libya,1990,217.0,15455.0,1197488.0
Madagascar,1990,13677.14,36325.0,27404049.6
Malawi,1990,3501.76,4218.0,2148808.56
Malaysia,1990,20618.5,6756.6,2037012.22
Mali,1990,13998.36,32128.0,13159314.8
Malta,1990,0.35,13.0,100982.94
Martinique,1990,47.84,39.0,133786.32
Mauritania,1990,927.15,39656.0,3585167.6
Mauritius,1990,41.07,110.617,133764.41
Mexico,1990,71803.93,105151.0,94884877.36
Mongolia,1990,14352.0,125656.0,8624919.0
Morocco,1990,5700.99,30343.0,13143599.59
Mozambique,1990,41588.91,35260.0,2675504.12
Myanmar,1990,39218.48,10428.0,23708014.79
Namibia,1990,8769.17,38662.0,5201532.92
Nepal,1990,5748.11,4144.4,18506860.52
Netherlands (Kingdom of the),1990,345.33,2018.0,32589194.97
New Caledonia,1990,831.13,232.0,312207.67
New Zealand,1990,9372.27,13917.0,37795211.06
Nicaragua,1990,7098.9,4025.0,8508583.92
Niger,1990,1945.0,33047.0,8896819.01
Nigeria,1990,21570.86,58714.0,35750643.9
Niue,1990,18.93,4.8,584.98
Norway,1990,12216.87,976.0,5722254.3
Oman,1990,1.6,1080.0,420383.07
Pakistan,1990,3461.01,35206.0,67810930.86
Palestine,1990,9.08,501.0,186808.0
Panama,1990,4956.04,2124.0,4273507.28
Papua New Guinea,1990,34614.36,928.0,258681.2
Paraguay,1990,25679.68,14253.4372,21301311.53
Peru,1990,77037.89,22669.1091,13165410.719999999
Philippines,1990,7778.81,11140.0,8151700.0
Poland,1990,8882.0,18793.0,58802515.0
Portugal,1990,3438.42,3963.0,6871840.47
Puerto Rico,1990,303.83,435.0,2173580.83
Qatar,1990,1.4,61.0,42777.3
Republic of Korea,1990,6551.0,2179.0,8677131.17
Romania,1990,6371.0,14769.0,27061058.27
Rwanda,1990,436.85,1878.0,1955180.42
Saint Kitts and Nevis,1990,11.0,12.0,11010.93
Saint Lucia,1990,27.06,20.9,39405.7
Saint Vincent and the Grenadines,1990,28.52,10.58,20397.27
Samoa,1990,176.58,54.0,74772.93
Sao Tome and Principe,1990,59.07,29.0,10339.56
Saudi Arabia,1990,2768.05,123481.0,1271082.0
Senegal,1990,9193.36,8869.0,6870960.0
Seychelles,1990,34.13,4.0,8876.380000000001
Sierra Leone,1990,3126.7,2825.0,992462.3200000001
Singapore,1990,14.83,2.0,6465.13
Solomon Islands,1990,2539.71,68.0,43540.62
Somalia,1990,8283.5,44042.0,11200478.08
South Africa,1990,19816.56,95600.0,41387725.370000005
Spain,1990,13904.66,30472.0,26716108.78
Sri Lanka,1990,2369.94,2339.0,5647852.8
Sudan (former),1990,35179.5,122910.0,55648665.01
Suriname,1990,14866.25,88.0,272103.58
Sweden,1990,28063.0,3413.0,10039787.219999999
Switzerland,1990,1153.5,1605.0303,11744602.25
Syrian Arab Republic,1990,450.99,13495.0,3896137.4299999997
Thailand,1990,20235.0,21383.0,20434666.39
Timor-Leste,1990,1100.57,318.0,210252.97999999998
Togo,1990,1298.06,3160.0,698223.8
Tonga,1990,8.73,32.0,27377.98
Trinidad and Tobago,1990,240.9,77.0,150570.63
Tunisia,1990,643.98,9191.0,2722908.0
Uganda,1990,4548.03,11962.0,13756380.94
United Arab Emirates,1990,314.77,285.0,220412.29
United Kingdom of Great Britain and Northern Ireland,1990,2778.0,18203.0,57647513.64
United Republic of Tanzania,1990,58165.0,31189.99,37493671.46
United States of America,1990,302450.0,426948.0,422516644.78
Uruguay,1990,879.44,14917.0,25783237.47
USSR,1990,850240.49,556220.0,570124705.0
Vanuatu,1990,990.89,152.0,326243.66000000003
Venezuela (Bolivarian Republic of),1990,50483.58,21860.0,36982657.61
Viet Nam,1990,9375.96,6726.0,11146060.0
Yemen,1990,549.0,23626.0,4481517.02
Yugoslav SFR,1990,9099.0,14084.0,26687126.0
Zambia,1990,47412.0,20811.0,7546165.6
Zimbabwe,1990,16715.38,13044.6111,16179094.280000001
World,1990,4343527.62,4777977.816,4535266832.17
Africa,1990,779535.63,1057696.493,533068621.07
Eastern Africa,1990,228749.62,285481.5007,238546915.81
Middle Africa,1990,362525.91,145497.048,48665701.89
Northern Africa,1990,44065.79,224227.0,93827261.35
Southern Africa,1990,44833.72,163842.0,56517332.24
Western Africa,1990,99360.59,238648.9443,95512021.78999999
Americas,1990,1799820.13,1165732.6685,1438498035.83
Northern America,1990,663230.19,488591.1,468764334.38
Central America,1990,101429.57,122500.4,131708326.31
Caribbean,1990,6733.3,12183.3467,28558735.29
South America,1990,1028427.07,542457.8219,809467267.81
Asia,1990,568104.41,1298198.065,1209686272.49
Eastern Asia,1990,210449.02,642763.465,262796150.85
Southern Asia,1990,91973.25,333490.4,770861388.11
South-eastern Asia,1990,240493.72,107964.6,105281352.00999999
Western Asia,1990,25188.42,213979.6,70747831.53
Europe,1990,1011651.74,775967.7623,1225881971.87
Eastern Europe,1990,875376.35,609151.0,698493200.21
Northern Europe,1990,65947.92,34356.032,121098833.22
Southern Europe,1990,38548.57,75739.0,119598785.35
Western Europe,1990,31778.9,56721.7303,286691902.08
Oceania,1990,184415.71,480382.8272,128132666.93
Australia and New Zealand,1990,143947.41,478355.0,126189562.47
Melanesia,1990,39915.78,1790.0,1816384.48
Micronesia,1990,156.52,94.66,0.0
Polynesia,1990,396.0,143.1672,127066.98
European Union (27),1990,130748.7,175106.7,525368024.5
Least Developed Countries (LDCs),1990,676419.73,737359.5193,453384685.07
Land Locked Developing Countries (LLDCs),1990,292215.42,431619.7427,182760024.72
Small Island Developing States (SIDS),1990,85697.28,16319.2765,32949742.05
Low Income Food Deficit Countries (LIFDCs),1990,561434.9,722941.195,428769390.26
Net Food Importing Developing Countries (NFIDCs),1990,907820.69,1117305.8307,711134734.13
Afghanistan,1991,1209.44,38030.0,6938042.640000001
Albania,1991,786.85,1127.0,2796833.46
Algeria,1991,1714.286,38622.0,6232164.55
Angola,1991,77381.269,44483.0,8487546.0
Antigua and Barbuda,1991,10.044,9.0,58590.57
Argentina,1991,55734.88,127660.0,172714429.55
Australia,1991,134407.914,462782.0,91385295.8
Austria,1991,3781.917,3036.9,13135242.47
Bahamas,1991,509.86,11.0,4411.39
Bahrain,1991,1.37,10.0,76037.91
Bangladesh,1991,1978.812,10320.0,61187926.0
Barbados,1991,6.3,19.0,107997.8
Belgium-Luxembourg,1991,762.28,1423.0,16449532.0
Belize,1991,1572.24,130.0,144731.64
Benin,1991,6849.535,2268.311,3116457.7
Bhutan,1991,2516.648,504.0,817972.01
Bolivia (Plurinational State of),1991,61505.413,35796.0,14081376.19
Botswana,1991,15727.9,25901.0,5360608.65
Brazil,1991,612670.971,233480.2,446503176.43
Brunei Darussalam,1991,411.4,13.0,60637.7
Bulgaria,1991,3331.8,6161.0,7649796.26
Burkina Faso,1991,8106.996,10076.6438,10808218.26
Burundi,1991,268.226,2077.0,1269931.3599999999
Cabo Verde,1991,33.94,68.0,48420.44
Cambodia,1991,10982.411,4510.0,6427635.68
Cameroon,1991,22409.749,9150.0,11944561.65
Canada,1991,360730.063,61533.2464,45309156.68
Central African Republic,1991,46399.918,5005.6,6901207.88
Chad,1991,6692.346,48350.0,18781509.78
Chile,1991,16872.314,15789.0,13385733.879999999
China,1991,159126.586,512271.0,229973370.82999998
"China, mainland",1991,159126.586,511379.0,228568295.44
Colombia,1991,64849.554,44884.0,72912685.37
Comoros,1991,46.722,115.0,142414.84
Congo,1991,22243.0,10519.955,169337.55
Cook Islands,1991,14.976,6.0,703.31
Costa Rica,1991,2767.771,2203.618,7147484.6
Cuba,1991,2350.7,6755.0,13820600.2
Cyprus,1991,162.16,159.2,296113.85
Czechoslovakia,1991,4744.433,6723.0,22393238.0
Democratic People's Republic of Korea,1991,7455.43,2525.703,2684502.94
Democratic Republic of the Congo,1991,159865.193,25980.0,3296723.3200000003
Denmark,1991,535.456,2770.0,13445578.86
Djibouti,1991,5.6,1336.5,517460.69
Dominica,1991,58.802,18.0,52421.64
Dominican Republic,1991,2135.515,2607.25,6678782.529999999
Ecuador,1991,14542.039,7914.0,14022152.92
Egypt,1991,3.91,2643.0,17112116.0
El Salvador,1991,732.54,1283.7,3716339.9699999997
Equatorial Guinea,1991,2690.793,103.85,11109.29
Eswatini,1991,484.07,1227.0,1940629.13
Ethiopia PDR,1991,30110.02,56158.0,73642087.0
Faroe Islands,1991,0.08,96.532,6761.84
Fiji,1991,946.368,424.0,852611.29
Finland,1991,21932.361,2424.8,7830331.24
France,1991,14521.2,30484.9,101581599.52
French Guiana,1991,8120.444,21.0,41822.0
French Polynesia,1991,144.842,35.6656,22318.059999999998
Gabon,1991,23766.969,2011.542,111024.41
Gambia,1991,409.044,582.0,886979.71
Germany,1991,11305.4,17136.0,106835682.52
Ghana,1991,5841.88,12720.0,3350868.1799999997
Greece,1991,3708.9,9164.0,3757302.96
Grenada,1991,17.7,12.0,13002.39
Guadeloupe,1991,73.08,53.0,199666.0
Guatemala,1991,4789.835,4285.0,5996710.29
Guinea,1991,7135.213,13980.633,4128023.99
Guinea-Bissau,1991,2252.363,582.45,1038027.53
Guyana,1991,18598.357,711.2756,506573.11
Haiti,1991,370.7,1596.0,3161340.0
Honduras,1991,7592.736,3342.0,6943659.0600000005
Hungary,1991,1824.627,6460.0,8190581.76
Iceland,1991,19.359,1901.0,392943.33999999997
India,1991,64303.3,181586.0,542898000.0
Indonesia,1991,113896.91,41524.0,30758382.6
Iran (Islamic Republic of),1991,10751.0,62997.0,27201061.0
Iraq,1991,804.912,9628.1,3637464.59
Ireland,1991,478.512,4444.8,26413209.990000002
Israel,1991,134.1,578.0,2242392.91
Italy,1991,7667.7,16054.0,51393340.61
Jamaica,1991,521.253,476.0,1208754.58
Japan,1991,24942.6,5784.0,25964533.990000002
Jordan,1991,70.7,1010.4,364732.2
Kenya,1991,3748.161,26862.5135,40404570.0
Kuwait,1991,3.604,141.0,22161.55
Lao People's Democratic Republic,1991,14364.356,1662.0,3337981.67
Lebanon,1991,138.017,606.0,520631.32
Lesotho,1991,34.52,2323.0,1344497.67
Liberia,1991,8008.76,1094.02,120792.77
Libya,1991,216.667,15460.0,1284817.2
Madagascar,1991,13610.862,36350.0,24227778.57
Malawi,1991,3459.754,4320.0,2107241.18
Malaysia,1991,20525.785,6794.5,1846573.42
Mali,1991,13897.814,32143.0,13218042.83
Malta,1991,0.35,13.0,113682.83
Martinique,1991,47.93,36.0,134251.0
Mauritania,1991,929.778,39666.0,3763751.88
Mauritius,1991,41.156,109.4894,123970.81
Mexico,1991,71582.903,106154.0,97577172.83
Micronesia (Federated States of),1991,63.608,5.5,35696.630000000005
Mongolia,1991,14343.19,126130.0,9598337.0
Morocco,1991,5700.758,30355.0,12937576.75
Mozambique,1991,41321.881,35479.0,2201294.12
Myanmar,1991,38783.443,10416.0,23909102.83
Namibia,1991,8698.161,38662.0,5554558.79
Nepal,1991,5764.851,4147.0,16499641.0
Netherlands (Kingdom of the),1991,346.747,1969.5,34046852.19
New Caledonia,1991,831.802,229.0,327935.37
New Zealand,1991,9420.087,13758.5833,38902625.98
Nicaragua,1991,6999.58,4060.0,6725875.0
Niger,1991,1883.31,34105.0,9314446.0
Nigeria,1991,21443.977,59435.0,36186683.99
Niue,1991,18.92,4.8,597.04
Norway,1991,12215.031,1010.0,5599763.26
Oman,1991,1.6,1080.0,479822.47
Pakistan,1991,3446.6,35270.0,68509315.61
Palestine,1991,9.08,499.0,0.0
Panama,1991,4939.514,2134.0,4252780.46
Papua New Guinea,1991,34592.446,933.0,259581.26
Paraguay,1991,25302.683,14427.2424,20769633.85
Peru,1991,76738.553,22589.2818,12743388.79
Philippines,1991,7731.855,11157.0,8057129.0
Poland,1991,8899.7,18753.0,53817298.69
Portugal,1991,3429.435,3920.0,7139439.99
Puerto Rico,1991,316.362,420.0,2105168.9299999997
Qatar,1991,1.4,61.0,41293.74
Republic of Korea,1991,6543.5,2161.0,8861014.46
Romania,1991,6370.5,14798.0,25954564.45
Rwanda,1991,434.088,1875.0,2006464.08
Saint Kitts and Nevis,1991,11.0,12.0,10610.93
Saint Lucia,1991,27.26,19.8,39802.4
Saint Vincent and the Grenadines,1991,28.522,10.22,19465.83
Samoa,1991,176.099,54.0,77969.14
Sao Tome and Principe,1991,59.017,30.0,11320.529999999999
Saudi Arabia,1991,2768.05,123672.0,1277068.0
Senegal,1991,9177.815,8709.0,7067640.75
Seychelles,1991,33.913,4.0,9382.6
Sierra Leone,1991,3106.973,2825.0,930654.26
Singapore,1991,15.048,1.2,6583.66
Solomon Islands,1991,2538.973,69.0,44913.65
Somalia,1991,8206.75,44042.0,9802696.17
South Africa,1991,19904.128,96005.0,43378061.91
Spain,1991,14223.587,30371.0,27599117.57
Sri Lanka,1991,2356.06,2342.0,5006098.84
Sudan (former),1991,35006.36,122965.0,57407384.0
Suriname,1991,14869.823,89.0,279539.62
Sweden,1991,28073.0,3358.0,9477947.33
Switzerland,1991,1157.768,1600.914,11908549.379999999
Syrian Arab Republic,1991,451.968,13512.0,3906563.08
Thailand,1991,20228.0,21516.0,22373961.189999998
Timor-Leste,1991,1099.17,330.0,235036.33000000002
Togo,1991,1295.1,3185.0,667963.8300000001
Tonga,1991,8.73,32.0,27053.989999999998
Trinidad and Tobago,1991,240.475,81.0,148467.61
Tunisia,1991,646.366,9210.0,2906404.54
Uganda,1991,4433.311,12032.0,14480387.27
United Arab Emirates,1991,314.79,310.0,230717.97999999998
United Kingdom of Great Britain and Northern Ireland,1991,2795.6,18143.0,57087842.519999996
United Republic of Tanzania,1991,57762.0,31561.99,37799310.54
United States of America,1991,302558.6,426948.0,419676608.1
Uruguay,1991,925.125,14921.0,25104679.009999998
USSR,1991,850463.492,555420.0,545822929.0
Vanuatu,1991,988.506,154.0,347849.99
Venezuela (Bolivarian Republic of),1991,50358.38,21857.0,36665151.8
Viet Nam,1991,9616.774,6751.0,11173581.81
Yemen,1991,549.0,23631.0,4301227.390000001
Yugoslav SFR,1991,9118.74,13971.0,25294930.0
Zambia,1991,47376.2,20826.0,8126434.45
Zimbabwe,1991,16609.661,13231.2051,23451057.14
World,1991,4332832.888,4781469.6599,4496489071.52
Africa,1991,776257.77,1060552.4638,543621064.56
Eastern Africa,1991,227555.361,286461.218,240393455.84
Middle Africa,1991,361508.254,145633.947,49713225.39
Northern Africa,1991,43887.206,224259.0,97879568.06
Southern Africa,1991,44848.779,164118.0,57577561.129999995
Western Africa,1991,98458.17,240080.2988,98057897.15
Americas,1991,1792146.007,1165812.9342,1454977222.9
Northern America,1991,663291.54,488721.6464,464985487.78
Central America,1991,100977.119,123592.318,132503506.83
Caribbean,1991,6788.812,12169.97,27760702.810000002
South America,1991,1021088.536,541328.9998,829728125.49
Asia,1991,567627.607,1303715.103,1179479326.51
Eastern Asia,1991,212411.306,648871.703,277080881.21000004
Southern Asia,1991,92330.431,335204.0,729057414.11
South-eastern Asia,1991,237655.152,104674.7,108185159.91
Western Asia,1991,25230.718,214964.7,65156324.29
Europe,1991,1012522.323,772813.846,1186128957.04
Eastern Europe,1991,875634.552,608315.0,663827344.16
Northern Europe,1991,66053.029,34196.632,120252828.39
Southern Europe,1991,38954.212,74644.0,118093432.42
Western Europe,1991,31880.53,55658.214,283956098.07
Oceania,1991,184279.181,478575.3129,132283259.52000001
Australia and New Zealand,1991,143828.491,476541.5833,130287731.78999999
Melanesia,1991,39898.095,1809.0,1832248.5699999998
Micronesia,1991,156.691,81.7,35696.630000000005
Polynesia,1991,395.904,143.0296,127999.54000000001
European Union (27),1991,131355.632,172901.1,515122723.11
Least Developed Countries (LDCs),1991,673169.994,739278.1478,453652419.15999997
Land Locked Developing Countries (LLDCs),1991,290814.695,434188.6913,191150829.04
Small Island Developing States (SIDS),1991,85852.48,16367.8145,32300544.64
Low Income Food Deficit Countries (LIFDCs),1991,558575.209,725146.0244,430664929.2
Net Food Importing Developing Countries (NFIDCs),1991,903822.624,1119331.5856,710139980.11
Afghanistan,1992,1209.44,38030.0,7248042.640000001
Albania,1992,784.9,1127.0,2907697.0300000003
Algeria,1992,1713.612,38865.0,6542143.12
Angola,1992,77229.248,44511.0,8501612.0
Antigua and Barbuda,1992,9.978,9.0,57891.67
Argentina,1992,55480.14,127755.0,170140382.02
Armenia,1992,334.312,1170.0,2789924.2800000003
Australia,1992,134241.178,466004.0,93575157.92
Austria,1992,3788.164,3013.0,12945906.01
Azerbaijan,1992,953.236,4446.2,6581784.45
Bahamas,1992,509.86,11.0,4127.37
Bahrain,1992,1.37,10.0,82673.48999999999
Bangladesh,1992,1972.314,9549.0,61789364.8
Barbados,1992,6.3,19.0,103252.34
Belarus,1992,7878.6,9391.0,33007393.97
Belgium-Luxembourg,1992,761.36,1471.0,16092087.0
Belize,1992,1564.65,136.0,176973.75
Benin,1992,6718.95,2290.166,3265492.9
Bhutan,1992,2526.576,504.0,757491.37
Bolivia (Plurinational State of),1992,61236.586,35831.0,14452467.65
Bosnia and Herzegovina,1992,2190.33,2200.0,2627309.0
Botswana,1992,15727.9,25851.0,5163006.49
Brazil,1992,606898.682,232060.4,450178771.08000004
Brunei Darussalam,1992,409.8,13.0,49856.29
Bulgaria,1992,3336.6,6154.0,7460082.59
Burkina Faso,1992,7914.882,10202.4743,11023747.06
Burundi,1992,259.972,2082.0,1236418.46
Cabo Verde,1992,34.38,69.0,51983.69
Cambodia,1992,10960.032,4515.0,7019190.95
Cameroon,1992,22319.498,9160.0,11947087.92
Canada,1992,360682.836,61465.0,46622188.4
Central African Republic,1992,46364.926,4979.5,6922556.33
Chad,1992,6654.612,48370.0,19761471.41
Chile,1992,16933.678,15556.0,13118270.92
China,1992,161112.582,515198.0,239125720.01999998
"China, mainland",1992,161112.582,514314.0,237703113.89
Colombia,1992,64596.308,44983.0,71563037.21000001
Comoros,1992,46.284,115.0,143641.19
Congo,1992,22231.0,10519.564,166132.14
Cook Islands,1992,15.042,5.0,441.32
Costa Rica,1992,2776.802,2160.0,6820238.4
Croatia,1992,1857.0,2404.0,2941545.11
Cuba,1992,2389.4,6775.0,13213958.9
Cyprus,1992,163.21,159.6,300525.99
Czechoslovakia,1992,4746.906,6730.0,20336663.0
Democratic People's Republic of Korea,1992,7455.43,2527.967,2740906.4699999997
Democratic Republic of the Congo,1992,159190.206,26000.0,3302645.96
Denmark,1992,539.472,2756.0,13197167.280000001
Djibouti,1992,5.6,1371.5,516795.64
Dominica,1992,58.774,18.0,51517.22
Dominican Republic,1992,2138.88,2597.3333,6630835.68
Ecuador,1992,14451.868,7953.0,14438048.27
Egypt,1992,3.91,2996.28,17329733.0
El Salvador,1992,729.57,1301.5,3706597.4
Equatorial Guinea,1992,2682.436,104.85,11230.060000000001
Estonia,1992,2212.498,1374.0,3766582.4
Eswatini,1992,482.57,1223.0,1988559.9
Ethiopia PDR,1992,30031.23,56105.0,76086930.0
Faroe Islands,1992,0.08,96.532,6778.48
Fiji,1992,953.046,418.2,830625.34
Finland,1992,21989.392,2406.5,7575624.0
France,1992,14606.4,30384.3,99428486.35
French Guiana,1992,8115.888,21.0,35075.0
French Polynesia,1992,145.254,35.3939,20295.02
Gabon,1992,23759.708,2017.704,118711.70999999999
Gambia,1992,403.358,548.0,897054.56
Georgia,1992,3032.06,3229.0,3962514.24
Germany,1992,11310.8,16951.0,94548732.91
Ghana,1992,5877.6,12720.0,3246326.52
Greece,1992,3708.9,9167.0,3645052.58
Grenada,1992,17.7,12.0,13181.26
Guadeloupe,1992,72.99,53.0,193597.0
Guatemala,1992,4727.26,4285.0,6056850.8100000005
Guinea,1992,7068.216,14020.098,4473652.37
Guinea-Bissau,1992,2247.336,582.45,1063741.4
Guyana,1992,18594.564,711.2756,536610.6
Haiti,1992,372.2,1575.0,3712076.0
Honduras,1992,7541.262,3355.0,6875966.32
Hungary,1992,1835.354,6136.0,7553173.5600000005
Iceland,1992,20.788,1901.0,400482.4
India,1992,64668.6,181305.0,549227000.0
Indonesia,1992,111459.32,41356.0,32613525.0
Iran (Islamic Republic of),1992,10751.0,63787.0,29791829.0
Iraq,1992,806.324,9542.0,4303318.0
Ireland,1992,495.384,4416.2,26544301.0
Israel,1992,136.2,577.0,2295842.56
Italy,1992,7745.65,15978.0,51313168.120000005
Jamaica,1992,521.226,476.0,1311952.75
Japan,1992,24935.2,5736.0,26692315.990000002
Jordan,1992,70.7,1120.7,372260.87
Kazakhstan,1992,3161.178,221463.0,41112736.14
Kenya,1992,3755.722,27065.7645,39834141.0
Kuwait,1992,3.758,141.0,28635.98
Kyrgyzstan,1992,1145.316,10088.0,5790712.41
Lao People's Democratic Republic,1992,14329.432,1664.0,3601921.5300000003
Latvia,1992,3186.6,2530.0,7381403.890000001
Lebanon,1992,138.114,606.0,1179396.92
Lesotho,1992,34.52,2336.0,1693539.3399999999
Liberia,1992,8008.76,1123.9202,118555.48999999999
Libya,1992,216.334,15465.0,1100769.2
Lithuania,1992,1960.0,3389.0,12145326.93
Madagascar,1992,13544.584,36370.0,24291266.04
Malawi,1992,3417.748,4270.0,2133608.39
Malaysia,1992,20433.07,6806.5,1885498.27
Mali,1992,13797.268,32253.0,13406919.85
Malta,1992,0.35,13.0,132610.09
Martinique,1992,48.02,35.0,130404.0
Mauritania,1992,932.406,39678.0,3316294.2199999997
Mauritius,1992,41.242,109.0,133725.2
Mexico,1992,71361.876,106177.0,96456099.7
Micronesia (Federated States of),1992,63.636,5.5,35692.4
Mongolia,1992,14334.38,123590.0,9195601.0
Morocco,1992,5700.526,30616.0,13045999.06
Mozambique,1992,41054.852,35698.0,2301494.12
Myanmar,1992,38348.406,10398.0,24187169.52
Namibia,1992,8627.152,38662.0,5583530.9399999995
Nepal,1992,5781.592,4158.2,16504065.0
Netherlands (Kingdom of the),1992,348.164,1963.8,34705574.629999995
New Caledonia,1992,832.474,230.0,333877.0
New Zealand,1992,9467.904,13601.2539,39478446.68
Nicaragua,1992,6900.26,4120.0,7410858.74
Niger,1992,1821.62,35000.0,10131842.99
Nigeria,1992,21317.094,60596.0,35245209.0
Niue,1992,18.91,4.8,607.0699999999999
North Macedonia,1992,921.11,1307.0,1094463.29
Norway,1992,12213.192,1003.0,5678192.41
Oman,1992,1.6,1083.0,527750.74
Pakistan,1992,3432.19,35380.0,69225741.85
Palestine,1992,9.08,497.0,0.0
Panama,1992,4922.988,2150.0,4252534.66
Papua New Guinea,1992,34570.532,942.0,254502.52000000002
Paraguay,1992,24925.686,14742.1216,21669736.92
Peru,1992,76439.216,22509.4545,12244897.780000001
Philippines,1992,7684.9,11115.0,8138922.0
Poland,1992,8917.4,18743.0,49250048.24
Portugal,1992,3420.45,3878.0,7138692.38
Puerto Rico,1992,328.894,410.0,1722976.77
Qatar,1992,1.4,64.0,45974.2
Republic of Korea,1992,6536.0,2136.0,9485868.8
Republic of Moldova,1992,329.2,2560.0,4597066.76
Romania,1992,6370.0,14790.0,21212868.66
Russian Federation,1992,811802.106,221631.0,261951503.79
Rwanda,1992,431.326,1835.0,1872900.1600000001
Saint Kitts and Nevis,1992,11.0,12.0,10126.09
Saint Lucia,1992,27.46,19.7,39927.4
Saint Vincent and the Grenadines,1992,28.524,9.86,19897.27
Samoa,1992,175.618,52.0,74629.73999999999
Sao Tome and Principe,1992,58.964,30.0,11538.23
Saudi Arabia,1992,2768.05,123746.0,1372403.0
Senegal,1992,9162.27,8780.0,7173274.0
Serbia and Montenegro,1992,2973.04,6188.0,10619605.0
Seychelles,1992,33.696,4.0,8914.880000000001
Sierra Leone,1992,3087.246,2815.0,997119.22
Singapore,1992,15.266,1.2,7061.34
Slovenia,1992,1197.0,564.0,2396196.2800000003
Solomon Islands,1992,2538.236,71.0,44916.4
Somalia,1992,8130.0,44043.0,9169470.64
South Africa,1992,19991.696,96473.0,43620304.0
Spain,1992,14542.514,30279.0,27329914.32
Sri Lanka,1992,2342.18,2344.0,5355901.640000001
Sudan (former),1992,34833.22,124015.0,65061726.0
Suriname,1992,14873.396,89.0,286729.1
Sweden,1992,28083.0,3344.0,9417530.45
Switzerland,1992,1162.036,1596.1788,11651297.86
Syrian Arab Republic,1992,452.946,13613.0,3717300.76
Tajikistan,1992,408.4,4489.0,5258938.65
Thailand,1992,20221.0,21374.0,24827758.96
Timor-Leste,1992,1097.77,330.0,253173.11
Togo,1992,1292.14,3205.0,654633.56
Tonga,1992,8.73,32.0,26245.61
Trinidad and Tobago,1992,240.05,81.0,124158.28
Tunisia,1992,648.752,9355.0,2881120.0
Turkmenistan,1992,2330.0,35350.0,3472333.39
Uganda,1992,4318.592,12052.0,14742793.780000001
Ukraine,1992,9321.2,41929.0,112278929.92
United Arab Emirates,1992,314.81,339.0,242098.46
United Kingdom of Great Britain and Northern Ireland,1992,2813.2,18070.0,57669429.22
United Republic of Tanzania,1992,57359.0,31933.99,38201354.08
United States of America,1992,302667.2,425429.0,423871797.68
Uruguay,1992,970.81,14925.0,26825582.41
Uzbekistan,1992,2631.788,27724.0,22688254.46
Vanuatu,1992,986.122,157.0,361589.67000000004
Venezuela (Bolivarian Republic of),1992,50233.18,21607.0,37554596.730000004
Viet Nam,1992,9857.588,7025.0,11306882.629999999
Yemen,1992,549.0,23481.0,4387234.95
Zambia,1992,47340.4,21065.0,8177612.43
Zimbabwe,1992,16503.942,13102.8041,26382451.439999998
World,1992,4322138.156,4820557.1589,4498526403.03
Africa,1992,772979.91,1066384.3902,558664320.3
Eastern Africa,1992,226361.102,287292.5786,245317814.44
Middle Africa,1992,360490.598,145692.618,50741811.769999996
Northern Africa,1992,43708.622,226316.28,105960628.37
Southern Africa,1992,44863.838,164545.0,58048162.66
Western Africa,1992,97555.75,242537.9135,98596550.08
Americas,1992,1784471.884,1162919.0451,1462627061.58
Northern America,1992,663352.89,487134.7,470493706.08
Central America,1992,100524.668,123684.5,131754882.78999999
Caribbean,1992,6844.324,12147.5933,27337149.009999998
South America,1992,1013750.002,539952.2517,833041934.7
Asia,1992,581147.094,1611693.367,1299259664.58
Central Asia,1992,9676.682,299114.0,78322289.05
Eastern Asia,1992,214373.592,649187.967,287239450.27
Southern Asia,1992,92687.612,335065.2,739898785.3
South-eastern Asia,1992,234816.584,104597.7,113889523.6
Western Asia,1992,29592.624,223728.5,79910257.35
Europe,1992,999396.616,497914.4108,1042941012.87
Eastern Europe,1992,854537.366,328064.0,517646111.45
Northern Europe,1992,73517.236,41335.132,143780692.46
Southern Europe,1992,39359.854,73129.0,112144197.2
Western Europe,1992,31982.16,55386.2788,269370738.75
Oceania,1992,184142.652,481645.9458,135035114.69
Australia and New Zealand,1992,143709.572,479606.2539,133053411.6
Melanesia,1992,39880.41,1818.2,1824858.9300000002
Micronesia,1992,156.862,81.7,35692.4
Polynesia,1992,395.808,139.7919,121576.76000000001
European Union (27),1992,142375.662,182264.4,518417016.74
Least Developed Countries (LDCs),1992,669920.258,741492.2985,469393738.72
Land Locked Developing Countries (LLDCs),1992,301628.51,741738.3001,291448732.97
Small Island Developing States (SIDS),1992,85876.23,16357.9108,31991204.58
Low Income Food Deficit Countries (LIFDCs),1992,559901.022,770386.8982,481238355.33
Net Food Importing Developing Countries (NFIDCs),1992,899824.558,1119865.3999,725966227.4
Afghanistan,1993,1209.44,37934.0,7857775.47
Albania,1993,782.95,1126.0,3137229.9699999997
Algeria,1993,1712.938,38862.0,6597327.77
Angola,1993,77077.227,44510.0,8241384.74
Antigua and Barbuda,1993,9.912,9.0,58606.66
Argentina,1993,55225.4,127850.0,171578165.34
Armenia,1993,334.103,1181.0,2605520.75
Australia,1993,134074.442,460097.0,93684400.91
Austria,1993,3794.411,2999.0,12293476.6
Azerbaijan,1993,957.484,4456.6,6179132.21
Bahamas,1993,509.86,11.0,3604.1
Bahrain,1993,1.37,10.0,80565.66
Bangladesh,1993,1965.816,9446.0,62267898.6
Barbados,1993,6.3,19.0,93491.2
Belarus,1993,7927.9,9354.0,30901577.259999998
Belgium-Luxembourg,1993,760.44,1483.0,15931963.0
Belize,1993,1557.06,143.0,146327.05
Benin,1993,6588.365,2325.838,3259738.89
Bhutan,1993,2536.504,505.0,753998.37
Bolivia (Plurinational State of),1993,60967.759,36213.0,14644553.98
Bosnia and Herzegovina,1993,2180.495,2190.0,2544464.01
Botswana,1993,15727.9,25951.0,4779890.9
Brazil,1993,601126.393,230640.6,454727109.0
Brunei Darussalam,1993,408.2,13.0,44938.47
Bulgaria,1993,3341.4,6121.0,6130588.18
Burkina Faso,1993,7722.768,10328.3048,11243364.02
Burundi,1993,251.718,2077.0,1200112.06
Cabo Verde,1993,34.82,69.0,52954.770000000004
Cambodia,1993,10937.653,4522.222,7251214.07
Cameroon,1993,22229.247,9160.0,11956517.85
Canada,1993,360635.609,61397.0,45568234.54
Central African Republic,1993,46329.934,4982.3,6903394.45
Chad,1993,6616.878,48400.0,20737745.09
Chile,1993,16995.042,15477.0,14013547.74
China,1993,163098.578,519106.0,255197369.97
"China, mainland",1993,163098.578,518223.0,253780936.78
Colombia,1993,64343.062,44903.0,72973604.94
Comoros,1993,45.846,118.0,146150.75
Congo,1993,22219.0,10524.796,174693.3
Cook Islands,1993,15.108,5.0,622.64
Costa Rica,1993,2785.833,2113.0,7019616.4
Croatia,1993,1860.5,2272.0,2752767.65
Cuba,1993,2428.1,6730.0,12475895.379999999
Cyprus,1993,164.26,158.7,318198.9
Czechia,1993,2847.22,4282.0,12908472.42
Democratic People's Republic of Korea,1993,7455.43,2518.595,2791915.29
Democratic Republic of the Congo,1993,158515.219,26000.0,3009061.04
Denmark,1993,543.488,2739.0,13022652.16
Djibouti,1993,5.6,1401.5,547126.9199999999
Dominica,1993,58.746,18.0,52252.83
Dominican Republic,1993,2142.245,2587.4167,6691019.41
Ecuador,1993,14361.697,7975.0,14857522.49
Egypt,1993,3.91,3015.18,17987445.33
El Salvador,1993,726.6,1296.4,3640571.17
Equatorial Guinea,1993,2674.079,102.85,11350.83
Eritrea,1993,1633.37,7400.0,3086698.2800000003
Estonia,1993,2215.797,1320.0,3533807.1799999997
Eswatini,1993,481.07,1222.0,1662547.8599999999
Ethiopia,1993,28319.07,30540.0,72522684.62
Faroe Islands,1993,0.08,96.532,7202.91
Fiji,1993,959.724,412.4,895484.34
Finland,1993,22046.423,2383.7,7301085.26
France,1993,14691.6,30291.3,95716410.49000001
French Guiana,1993,8111.332,23.0,26624.0
French Polynesia,1993,145.666,35.1223,20504.16
Gabon,1993,23752.447,2023.866,120298.39
Gambia,1993,397.672,547.0,904010.39
Georgia,1993,3032.89,3128.0,3783481.81
Germany,1993,11316.2,17162.0,89124316.5
Ghana,1993,5913.32,12800.0,3275276.85
Greece,1993,3708.9,9160.0,3615777.3499999996
Grenada,1993,17.7,12.0,13353.08
Guadeloupe,1993,72.9,53.0,177777.0
Guatemala,1993,4664.685,4482.0,6550695.25
Guinea,1993,7001.219,14029.605,4848314.92
Guinea-Bissau,1993,2242.309,602.45,1090293.2
Guyana,1993,18590.771,711.2756,509229.92000000004
Haiti,1993,373.7,1575.0,3576538.4
Honduras,1993,7489.788,3548.0,6243156.88
Hungary,1993,1846.081,6130.0,6561303.4
Iceland,1993,22.217,1900.0,382531.33
India,1993,65033.9,181382.0,549637000.0
Indonesia,1993,109021.73,42016.0,32625745.060000002
Iran (Islamic Republic of),1993,10751.0,64152.0,30220492.0
Iraq,1993,807.736,9872.7,5082162.0
Ireland,1993,512.256,4407.3,26100204.990000002
Israel,1993,138.3,577.0,2381531.44
Italy,1993,7823.6,15910.0,49206420.58
Jamaica,1993,521.199,503.0,1329492.02
Japan,1993,24927.8,5686.0,26910853.310000002
Jordan,1993,70.7,1090.0,350004.98
Kazakhstan,1993,3160.647,221747.0,42636607.019999996
Kenya,1993,3763.283,26842.0155,39649727.0
Kuwait,1993,3.912,142.0,53300.08
Kyrgyzstan,1993,1149.764,10120.0,5482530.41
Lao People's Democratic Republic,1993,14294.508,1665.0,3709381.13
Latvia,1993,3193.4,2514.0,6866841.890000001
Lebanon,1993,138.211,606.0,1202895.88
Lesotho,1993,34.52,2334.0,1602943.96
Liberia,1993,8008.76,1153.9884,118966.87
Libya,1993,216.001,15465.0,1021007.2
Lithuania,1993,1967.5,3333.0,9921687.51
Madagascar,1993,13478.306,36490.0,24340353.5
Malawi,1993,3375.742,4270.0,2083480.0
Malaysia,1993,20340.355,6891.4,1994732.56
Mali,1993,13696.722,33160.0,13571926.54
Malta,1993,0.35,13.0,130293.51000000001
Martinique,1993,48.11,31.0,114265.0
Mauritania,1993,935.034,39690.0,3158189.06
Mauritius,1993,41.328,107.0,118221.09
Mexico,1993,71140.849,106180.0,97842016.5
Micronesia (Federated States of),1993,63.664,5.5,35700.75
Mongolia,1993,14325.57,119124.0,8591260.0
Morocco,1993,5700.294,30711.0,11816255.69
Mozambique,1993,40787.823,35917.0,2422691.1799999997
Myanmar,1993,37913.369,10446.0,24359643.98
Namibia,1993,8556.143,38700.0,5354828.88
Nepal,1993,5798.333,4169.4,16506861.0
Netherlands (Kingdom of the),1993,349.581,1966.9,33011036.41
New Caledonia,1993,833.146,230.0,336838.45999999996
New Zealand,1993,9515.721,13443.5345,41002166.14
Nicaragua,1993,6800.94,4190.0,8220338.05
Niger,1993,1759.93,35000.0,10743204.0
Nigeria,1993,21190.211,60957.0,37842049.41
Niue,1993,18.9,4.8,607.09
North Macedonia,1993,925.665,1297.0,1136869.5
Norway,1993,12211.353,1013.0,5624617.79
Oman,1993,1.6,1072.0,574100.41
Pakistan,1993,3417.78,35750.0,70032039.89
Palestine,1993,9.08,497.0,0.0
Panama,1993,4906.462,2150.0,4351375.0
Papua New Guinea,1993,34548.618,971.0,252832.0
Paraguay,1993,24548.689,14891.7089,22937946.310000002
Peru,1993,76139.879,22429.6273,12089714.5
Philippines,1993,7637.945,11065.0,8688372.0
Poland,1993,8935.1,18715.0,46646467.24
Portugal,1993,3411.465,3959.0,6789947.07
Puerto Rico,1993,341.426,311.0,1673198.24
Qatar,1993,1.4,65.0,47889.38
Republic of Korea,1993,6528.5,2118.0,10748065.46
Republic of Moldova,1993,331.1,2557.0,3972545.6
Romania,1993,6369.5,14793.0,19311966.57
Russian Federation,1993,811882.514,218795.0,253813500.48000002
Rwanda,1993,428.564,1755.0,1731529.07
Saint Kitts and Nevis,1993,11.0,12.0,9556.43
Saint Lucia,1993,27.66,19.7,40279.1
Saint Vincent and the Grenadines,1993,28.526,9.5,20137.27
Samoa,1993,175.137,52.0,77937.86
Sao Tome and Principe,1993,58.911,30.0,11705.8
Saudi Arabia,1993,2768.05,130785.0,1463797.0
Senegal,1993,9146.725,8818.0,7410878.0
Serbia and Montenegro,1993,2990.06,6205.0,10928505.0
Seychelles,1993,33.479,4.0,8390.06
Sierra Leone,1993,3067.519,2811.0,1024018.13
Singapore,1993,15.484,1.2,6685.860000000001
Slovakia,1993,1902.159,2446.0,6034780.41
Slovenia,1993,1201.5,560.0,2704122.8
Solomon Islands,1993,2537.499,71.0,44919.15
Somalia,1993,8053.25,44044.0,11521252.55
South Africa,1993,20079.264,96936.0,42692715.82
Spain,1993,14861.441,30033.0,26186798.38
Sri Lanka,1993,2328.3,2320.0,5504040.88
Sudan (former),1993,34660.08,126733.0,71087879.0
Suriname,1993,14876.969,89.0,282731.77
Sweden,1993,28093.0,3356.0,9775651.23
Switzerland,1993,1166.304,1591.4576,11354652.27
Syrian Arab Republic,1993,453.924,13642.0,3555439.45
Tajikistan,1993,408.6,4543.0,4403057.1
Thailand,1993,20214.0,21245.0,25667503.8
Timor-Leste,1993,1096.37,335.0,277001.77
Togo,1993,1289.18,3230.0,653364.55
Tonga,1993,8.73,32.0,25617.57
Trinidad and Tobago,1993,239.625,81.0,128695.37
Tunisia,1993,651.138,9422.0,2994188.31
Turkmenistan,1993,2330.0,35450.0,4312478.25
Uganda,1993,4203.873,12082.0,15279174.8
Ukraine,1993,9344.8,41890.0,104838516.6
United Arab Emirates,1993,314.83,355.0,264656.72
United Kingdom of Great Britain and Northern Ireland,1993,2830.8,17534.0,56216889.33
United Republic of Tanzania,1993,56956.0,32305.99,38617641.620000005
United States of America,1993,302775.8,422948.0,428030891.90999997
Uruguay,1993,1016.495,14930.0,28154849.11
Uzbekistan,1993,2672.997,27647.0,24867283.740000002
Vanuatu,1993,983.738,159.0,390806.99
Venezuela (Bolivarian Republic of),1993,50107.98,21603.0,37602715.46
Viet Nam,1993,10098.402,7087.0,11881801.0
Yemen,1993,549.0,23725.0,4493586.73
Zambia,1993,47304.6,21202.0,7696444.29
Zimbabwe,1993,16398.223,13334.0093,18479102.59
World,1993,4311443.424,4804597.5367,4498287794.110001
Africa,1993,769702.05,1055084.213,561080724.61
Eastern Africa,1993,225166.843,269961.0348,239540325.39
Middle Africa,1993,359472.942,145733.812,51164960.489999995
Northern Africa,1993,43530.038,229212.18,111503245.28999999
Southern Africa,1993,44878.897,165143.0,56092127.4
Western Africa,1993,96653.33,245034.1862,102780692.03
Americas,1993,1776797.761,1159641.9283,1478462528.83
Northern America,1993,663414.24,484586.0,473598842.45
Central America,1993,100072.217,124102.4,134012829.32
Caribbean,1993,6899.836,12016.3167,26455436.5
South America,1993,1006411.468,538937.2117,844396041.5799999
Asia,1993,580720.486,1620288.817,1325548723.8
Central Asia,1993,9722.008,299507.0,81701251.50999999
Eastern Asia,1993,216335.878,648552.595,304238517.03999996
Southern Asia,1993,93044.793,335666.4,742779447.22
South-eastern Asia,1993,231978.016,105286.822,116505583.7
Western Asia,1993,29639.791,231276.0,80324567.33
Europe,1993,1000217.004,493978.3896,996430046.76
Eastern Europe,1993,854727.774,325083.0,491117988.13
Northern Europe,1993,73639.944,40645.732,138751110.6
Southern Europe,1993,39765.496,72749.0,109131167.78
Western Europe,1993,32083.79,55500.6576,257430498.26999998
Oceania,1993,184006.123,475604.1888,136766538.08
Australia and New Zealand,1993,143590.653,473541.5345,134686375.04
Melanesia,1993,39862.725,1843.4,1920233.95
Micronesia,1993,157.033,79.7,35700.75
Polynesia,1993,395.712,139.5543,124651.33
European Union (27),1993,147757.572,188507.9,511891119.65
Least Developed Countries (LDCs),1993,666670.522,728215.5982,481155316.56
Land Locked Developing Countries (LLDCs),1993,328602.675,770138.323,360830914.03999996
Small Island Developing States (SIDS),1993,85899.98,16282.5965,31183455.59
Low Income Food Deficit Countries (LIFDCs),1993,557087.188,757099.292,486340489.69
Net Food Importing Developing Countries (NFIDCs),1993,895826.492,1103470.3036,735043217.79
Afghanistan,1994,1209.44,37813.0,8730874.72
Albania,1994,781.0,1126.0,3817644.84
Algeria,1994,1712.264,39640.0,6568236.7
Angola,1994,76925.206,44510.0,7973281.0
Antigua and Barbuda,1994,9.846,9.0,58613.7
Argentina,1994,54970.66,127948.0,173359436.38
Armenia,1994,333.894,1200.0,2578898.18
Australia,1994,133907.706,469143.0,97157103.38
Austria,1994,3800.658,2994.1,11978103.46
Azerbaijan,1994,961.732,4486.0,5924521.05
Bahamas,1994,509.86,10.0,3247.65
Bahrain,1994,1.37,10.0,77312.27
Bangladesh,1994,1959.318,9358.0,63561497.0
Barbados,1994,6.3,19.0,93027.66
Belarus,1994,7977.2,9346.0,28674511.85
Belgium-Luxembourg,1994,759.52,1492.0,15680962.0
Belize,1994,1549.47,143.0,154722.11
Benin,1994,6457.78,2387.057,3636552.7800000003
Bhutan,1994,2546.432,509.0,751247.37
Bolivia (Plurinational State of),1994,60698.932,36351.0,15017314.66
Bosnia and Herzegovina,1994,2170.66,2180.0,2275606.0
Botswana,1994,15727.9,25996.0,5072948.83
Brazil,1994,595354.104,229220.8,459276764.98
Brunei Darussalam,1994,406.6,13.0,55031.75
Bulgaria,1994,3346.2,6159.0,5089133.51
Burkina Faso,1994,7530.654,10454.1353,11467825.98
Burundi,1994,243.464,2073.0,1059110.4100000001
Cabo Verde,1994,35.26,69.0,53926.41
Cambodia,1994,10915.274,4564.551,7438931.7
Cameroon,1994,22138.996,9160.0,11955403.92
Canada,1994,360588.382,61329.0,46296568.68
Central African Republic,1994,46294.942,4977.5,7049107.45
Chad,1994,6579.144,48420.0,21860713.939999998
Chile,1994,17056.406,15450.0,14784454.52
China,1994,165084.574,523713.0,280683822.2
"China, mainland",1994,165084.574,522833.0,279258588.56
Colombia,1994,64089.816,44865.0,74992980.47
Comoros,1994,45.408,120.0,148567.13
Congo,1994,22207.0,10513.869,176346.74
Cook Islands,1994,15.174,5.0,665.3
Costa Rica,1994,2794.864,2095.0,6583911.2
Croatia,1994,1864.0,2312.0,2500534.27
Cuba,1994,2466.8,6686.0,12263651.94
Cyprus,1994,165.31,143.4,340629.70999999996
Czechia,1994,2849.8,4284.0,11567783.73
Democratic People's Republic of Korea,1994,7455.43,2631.406,2832520.59
Democratic Republic of the Congo,1994,157840.232,26000.0,2768409.96
Denmark,1994,547.504,2691.0,12690960.780000001
Djibouti,1994,5.6,1401.5,585842.03
Dominica,1994,58.718,18.0,52076.869999999995
Dominican Republic,1994,2145.61,2577.5,6722758.29
Ecuador,1994,14271.526,8129.0,15247917.129999999
Egypt,1994,3.91,3012.66,16915157.33
El Salvador,1994,723.63,1294.3,3831192.17
Equatorial Guinea,1994,2665.722,102.85,11350.83
Eritrea,1994,1627.39,7406.0,3140729.0
Estonia,1994,2219.096,1101.0,2754891.71
Eswatini,1994,479.57,1222.0,1694518.53
Ethiopia,1994,28246.26,30472.0,73190618.05
Faroe Islands,1994,0.08,96.532,7802.49
Fiji,1994,966.402,406.6,928984.4299999999
Finland,1994,22103.454,2411.9,7285442.5
France,1994,14776.8,30204.9,94815591.21
French Guiana,1994,8106.776,23.0,25496.0
French Polynesia,1994,146.078,34.8506,19996.1
Gabon,1994,23745.186,2030.028,121381.14
Gambia,1994,391.986,557.0,910775.9
Georgia,1994,3033.72,3097.0,3895764.95
Germany,1994,11321.6,17308.0,86139765.64
Ghana,1994,5949.04,12900.0,3322783.6100000003
Greece,1994,3708.9,9170.0,3543740.15
Grenada,1994,17.7,12.0,13521.05
Guadeloupe,1994,72.81,52.0,186598.0
Guatemala,1994,4602.11,4512.0,6500515.88
Guinea,1994,6934.222,14052.845,5258679.51
Guinea-Bissau,1994,2237.282,612.45,1114929.98
Guyana,1994,18586.978,711.2756,472506.8
Haiti,1994,375.2,1595.0,3502225.12
Honduras,1994,7438.314,3520.0,7143613.84
Hungary,1994,1856.808,6122.0,5696672.97
Iceland,1994,23.646,1900.0,388217.52
India,1994,65399.2,181291.0,550287760.0
Indonesia,1994,106584.14,41971.0,33239628.759999998
Iran (Islamic Republic of),1994,10751.0,64157.0,31281692.0
Iraq,1994,809.148,9323.5,4789156.01
Ireland,1994,529.128,4393.6,25461442.009999998
Israel,1994,140.4,579.0,2532331.93
Italy,1994,7901.55,15702.0,48461636.75
Jamaica,1994,521.172,500.0,1243920.52
Japan,1994,24920.4,5625.0,26682809.42
Jordan,1994,70.7,1072.0,389012.67
Kazakhstan,1994,3160.116,221651.0,43676586.1
Kenya,1994,3770.844,27242.2664,40224884.2
Kuwait,1994,4.066,142.0,86072.98999999999
Kyrgyzstan,1994,1154.212,10329.0,5077457.43
Lao People's Democratic Republic,1994,14259.584,1690.0,3880101.33
Latvia,1994,3200.2,2540.0,4325464.67
Lebanon,1994,138.308,607.0,1100696.6
Lesotho,1994,34.52,2329.0,1442909.46
Liberia,1994,8008.76,1184.0682,118974.85
Libya,1994,215.668,15475.0,902100.2
Lithuania,1994,1975.0,3126.0,8670941.07
Madagascar,1994,13412.028,36480.0,24387353.5
Malawi,1994,3333.736,4070.0,1915582.0
Malaysia,1994,20247.64,6990.9,2163719.48
Mali,1994,13596.176,35270.0,13724250.79
Malta,1994,0.35,13.0,123556.05
Martinique,1994,48.2,34.0,111331.0
Mauritania,1994,937.662,39710.0,2925853.6
Mauritius,1994,41.414,105.4894,119701.64
Mexico,1994,70919.822,106190.0,100236523.72
Micronesia (Federated States of),1994,63.692,5.5,35692.54
Mongolia,1994,14316.76,118469.0,8478520.0
Morocco,1994,5700.062,30964.0,10502142.57
Mozambique,1994,40520.794,36136.0,2301494.12
Myanmar,1994,37478.332,10421.0,24473890.79
Namibia,1994,8485.134,38750.0,5252276.47
Nepal,1994,5815.074,4180.6,17284681.0
Netherlands (Kingdom of the),1994,350.998,1950.4,32590106.33
New Caledonia,1994,833.818,231.0,318018.29000000004
New Zealand,1994,9563.538,13285.7919,43083836.29
Nicaragua,1994,6701.62,4220.0,8346466.2
Niger,1994,1698.24,35000.0,11317573.99
Nigeria,1994,21063.328,61918.0,39385587.46
Niue,1994,18.89,4.8,607.11
North Macedonia,1994,930.22,1296.0,1101817.94
Norway,1994,12209.514,1030.0,5607580.5
Oman,1994,1.6,1072.0,631513.3200000001
Pakistan,1994,3403.37,35790.0,70787952.35
Palestine,1994,9.08,466.8296,263839.14
Panama,1994,4889.936,2135.0,4336254.37
Papua New Guinea,1994,34526.704,978.0,254141.64
Paraguay,1994,24171.692,15190.4891,22736499.65
Peru,1994,75840.542,22349.8,12080906.25
Philippines,1994,7590.99,11015.0,8877334.0
Poland,1994,8952.8,18707.0,44679276.46
Portugal,1994,3402.48,3952.0,6364672.640000001
Puerto Rico,1994,353.958,309.0,1643919.45
Qatar,1994,1.4,65.0,51452.08
Republic of Korea,1994,6521.0,2096.0,11447162.35
Republic of Moldova,1994,333.0,2557.0,4362375.37
Romania,1994,6369.0,14798.0,20433966.77
Russian Federation,1994,811962.922,217711.0,242577592.43
Rwanda,1994,425.802,1550.0,1562040.6600000001
Saint Kitts and Nevis,1994,11.0,10.0,9556.43
Saint Lucia,1994,27.86,19.5,40520.8
Saint Vincent and the Grenadines,1994,28.528,9.14,20197.27
Samoa,1994,174.656,51.0,81285.33
Sao Tome and Principe,1994,58.858,31.0,11838.86
Saudi Arabia,1994,2768.05,137780.7083,1560022.0
Senegal,1994,9131.18,8915.0,7557175.0
Serbia and Montenegro,1994,3007.08,6202.0,10233805.0
Seychelles,1994,33.262,4.0,7852.27
Sierra Leone,1994,3047.792,2810.0,1049731.1400000001
Singapore,1994,15.702,1.2,4339.28
Slovakia,1994,1902.052,2446.0,5018190.05
Slovenia,1994,1206.0,549.0,2587782.66
Solomon Islands,1994,2536.762,72.0,44205.66
Somalia,1994,7976.5,44050.0,13512365.32
South Africa,1994,20166.832,97265.0,39805348.629999995
Spain,1994,15180.368,30183.0,25756254.68
Sri Lanka,1994,2314.42,2323.0,5565248.88
Sudan (former),1994,34486.94,128115.0,74636502.0
Suriname,1994,14880.542,89.0,272057.77
Sweden,1994,28103.0,3356.0,9857947.55
Switzerland,1994,1170.572,1586.7503,11129423.7
Syrian Arab Republic,1994,454.902,13786.0,3661847.08
Tajikistan,1994,408.8,4470.0,4273405.18
Thailand,1994,20207.0,21338.0,25865197.060000002
Timor-Leste,1994,1094.97,340.0,344984.97
Togo,1994,1286.22,3250.0,691049.11
Tonga,1994,8.73,32.0,25526.36
Trinidad and Tobago,1994,239.2,81.0,132469.02000000002
Tunisia,1994,653.524,9283.0,3181581.9299999997
Turkmenistan,1994,2330.0,35450.0,4601764.21
Uganda,1994,4089.154,12102.0,14454719.969999999
Ukraine,1994,9368.4,41861.0,106393628.78999999
United Arab Emirates,1994,314.85,372.0,309321.27
United Kingdom of Great Britain and Northern Ireland,1994,2848.4,17409.0,57375754.45
United Republic of Tanzania,1994,56553.0,32677.99,38868343.54
United States of America,1994,302884.4,421139.0,436646545.99
Uruguay,1994,1062.18,14934.0,29836146.630000003
Uzbekistan,1994,2714.206,27640.0,25881807.32
Vanuatu,1994,981.354,160.0,400105.33999999997
Venezuela (Bolivarian Republic of),1994,49982.78,21606.0,37799877.57
Viet Nam,1994,10339.216,7140.0,12138998.309999999
Yemen,1994,549.0,23730.0,4510094.3
Zambia,1994,47268.8,21473.0,7110970.28
Zimbabwe,1994,16292.504,13736.2838,19009096.15
World,1994,4300748.692,4826861.7525,4539995290.42
Africa,1994,766424.19,1062077.5621,565772517.15
Eastern Africa,1994,223972.584,271170.0496,241693890.28
Middle Africa,1994,358455.286,145745.247,51926676.83
Northern Africa,1994,43351.454,231493.66,112704858.72
Southern Africa,1994,44893.956,165562.0,53267210.95
Western Africa,1994,95750.91,248106.6055,106180492.39
Americas,1994,1769123.638,1156870.8046,1502068969.73
Northern America,1994,663475.59,482709.3,482942820.66999996
Central America,1994,99619.766,124109.3,137131926.47
Caribbean,1994,6955.348,11974.84,26094836.8
South America,1994,999072.934,538077.3646,855900020.81
Asia,1994,580293.878,1631070.0949,1361793543.25
Central Asia,1994,9767.334,299540.0,83510299.23
Eastern Asia,1994,218298.164,652534.406,330123904.55
Southern Asia,1994,93401.974,335429.6,748250290.31
South-eastern Asia,1994,229139.448,105484.651,118480729.45
Western Asia,1994,29686.958,238081.4379,81428936.71000001
Europe,1994,1001037.392,492347.8823,968012765.51
Eastern Europe,1994,854918.182,323991.0,474491495.92
Northern Europe,1994,73762.652,40104.732,134424394.24
Southern Europe,1994,40171.138,72709.0,106764996.00999999
Western Europe,1994,32185.42,55543.1503,252332599.34
Oceania,1994,183869.594,484495.4086,142348252.78
Australia and New Zealand,1994,143471.734,482429.7919,140240739.67000002
Melanesia,1994,39845.04,1847.6,1944803.35
Micronesia,1994,157.204,79.7,35692.54
Polynesia,1994,395.616,138.3166,127441.2
European Union (27),1994,148392.576,188109.3,494409596.32
Least Developed Countries (LDCs),1994,663420.786,732399.6965,491520130.92
Land Locked Developing Countries (LLDCs),1994,327184.96,772427.0081,366285424.03
Small Island Developing States (SIDS),1994,85923.73,16260.5715,30905890.1
Low Income Food Deficit Countries (LIFDCs),1994,554273.354,762259.4707,497545264.96
Net Food Importing Developing Countries (NFIDCs),1994,891828.426,1106976.4303,745830630.1700001
Afghanistan,1995,1209.44,37763.0,9854639.620000001
Albania,1995,779.05,1127.0,4103784.52
Algeria,1995,1711.59,39649.0,6513230.7
Angola,1995,76773.185,44490.0,7948908.34
Antigua and Barbuda,1995,9.78,9.0,56860.44
Argentina,1995,54715.92,128045.0,171639553.74
Armenia,1995,333.685,1244.0,2598794.13
Australia,1995,133740.97,463388.0,97187678.77
Austria,1995,3806.905,2981.1,11095938.16
Azerbaijan,1995,965.98,4489.1,5984953.48
Bahamas,1995,509.86,10.0,3659.62
Bahrain,1995,1.37,10.0,68059.32
Bangladesh,1995,1952.82,9374.0,64567143.4
Barbados,1995,6.3,19.0,93892.2
Belarus,1995,8026.5,9339.0,25649791.85
Belgium-Luxembourg,1995,758.6,1495.0,15844402.0
Belize,1995,1541.88,146.0,119203.51000000001
Benin,1995,6327.195,2514.613,3107258.79
Bhutan,1995,2556.36,565.0,830082.74
Bolivia (Plurinational State of),1995,60430.105,36600.0,15351838.940000001
Bosnia and Herzegovina,1995,2160.825,2175.0,1831222.0
Botswana,1995,15727.9,25946.0,6134882.970000001
Brazil,1995,589581.815,227805.0,464948220.08000004
Brunei Darussalam,1995,405.0,12.0,39951.8
Bulgaria,1995,3351.0,6164.0,4519734.6
Burkina Faso,1995,7338.54,10579.9657,11696593.06
Burundi,1995,235.21,2037.0,1030855.9199999999
Cabo Verde,1995,35.7,70.0,53265.08
Cambodia,1995,10892.895,4563.146,7849603.68
Cameroon,1995,22048.745,9160.0,11846333.58
Canada,1995,360541.155,61261.0,48241462.18
Central African Republic,1995,46259.95,4968.0,7212150.09
Chad,1995,6541.41,48450.0,22984587.04
Chile,1995,17117.77,15330.0,15518792.92
China,1995,167070.57,523714.0,311846684.07
"China, mainland",1995,167070.57,522833.0,310533428.89
Colombia,1995,63836.57,44513.0,76102698.55
Comoros,1995,44.97,122.0,150482.97999999998
Congo,1995,22195.0,10517.687,180192.41999999998
Cook Islands,1995,15.24,5.0,523.97
Costa Rica,1995,2803.895,2048.0,6152076.1
Croatia,1995,1867.5,2332.0,2400637.76
Cuba,1995,2505.5,6684.0,12361593.719999999
Cyprus,1995,166.36,143.1,371108.11
Czechia,1995,2852.38,4280.0,11158596.15
Democratic People's Republic of Korea,1995,7455.43,2620.809,3070644.11
Democratic Republic of the Congo,1995,157165.245,25800.0,2662915.55
Denmark,1995,551.52,2726.0,12770459.940000001
Djibouti,1995,5.6,1451.6,645304.91
Dominica,1995,58.69,17.0,51112.64
Dominican Republic,1995,2148.975,2567.5833,6632337.49
Ecuador,1995,14181.355,8108.0,15519161.74
Egypt,1995,3.91,3283.0,17290616.0
El Salvador,1995,720.66,1290.2,3523784.7800000003
Equatorial Guinea,1995,2657.365,102.85,11471.6
Eritrea,1995,1621.41,7407.0,3193997.58
Estonia,1995,2222.395,991.0,2535719.3200000003
Eswatini,1995,478.07,1222.0,1748819.6
Ethiopia,1995,28173.45,30500.0,73495962.46000001
Faroe Islands,1995,0.08,96.524,7880.05
Fiji,1995,973.08,400.8,963826.35
Finland,1995,22160.485,2244.0,6869054.74
France,1995,14862.0,30150.2,95292480.68
French Guiana,1995,8102.22,24.0,24357.0
French Polynesia,1995,146.49,34.579,20499.8
Gabon,1995,23737.925,2036.19,127001.44
Gambia,1995,386.3,557.0,917583.7
Georgia,1995,3034.55,3048.0,4216558.62
Germany,1995,11327.0,17343.0,86610166.82
Ghana,1995,5984.76,13100.0,3406063.39
Greece,1995,3708.9,9164.0,3584758.58
Grenada,1995,17.7,11.0,13590.21
Guadeloupe,1995,72.72,53.0,187420.0
Guatemala,1995,4539.535,4512.0,6578082.63
Guinea,1995,6867.225,14042.68,5856780.5600000005
Guinea-Bissau,1995,2232.255,620.895,1142525.72
Guyana,1995,18583.185,713.2756,445995.4
Haiti,1995,376.7,1590.0,3406889.92
Honduras,1995,7386.84,3480.0,6646781.4
Hungary,1995,1867.535,6179.0,5229141.51
Iceland,1995,25.075,1899.0,376738.13
India,1995,65764.5,180945.0,550556850.0
Indonesia,1995,104146.55,42978.0,33741978.2
Iran (Islamic Republic of),1995,10751.0,64208.0,32055535.0
Iraq,1995,810.56,9065.3,4166076.84
Ireland,1995,546.0,4388.7,25973403.0
Israel,1995,142.5,573.0,2605026.76
Italy,1995,7979.5,15333.0,48261270.28
Jamaica,1995,521.145,497.0,1263625.6400000001
Japan,1995,24913.0,5562.0,26361941.79
Jordan,1995,70.7,1114.0,350675.47
Kazakhstan,1995,3159.585,217186.5,38003430.05
Kenya,1995,3778.405,27236.5174,40294852.0
Kuwait,1995,4.22,142.0,94213.92
Kyrgyzstan,1995,1158.66,10537.0,4761212.86
Lao People's Democratic Republic,1995,14224.66,1700.0,4096453.0300000003
Latvia,1995,3207.0,1832.0,3289754.33
Lebanon,1995,138.405,609.0,867502.92
Lesotho,1995,34.52,2324.0,1450384.78
Liberia,1995,8008.76,1214.5122,118982.83
Libya,1995,215.335,15515.0,1016925.2
Lithuania,1995,1982.5,3410.0,7331373.16
Madagascar,1995,13345.75,36480.0,24441440.96
Malawi,1995,3291.73,4280.0,1910960.0
Malaysia,1995,20154.925,6966.0,2173050.0
Mali,1995,13495.63,35419.0,13873793.71
Malta,1995,0.35,11.0,106824.67000000001
Martinique,1995,48.29,32.0,110640.0
Mauritania,1995,940.29,39710.0,2964282.66
Mauritius,1995,41.5,103.4681,114380.5
Mexico,1995,70698.795,106195.0,101187558.17
Micronesia (Federated States of),1995,63.72,5.5,35593.2
Mongolia,1995,14307.95,118469.0,9450162.0
Morocco,1995,5699.83,30749.0,10423678.59
Mozambique,1995,40253.765,36355.0,2180297.06
Myanmar,1995,37043.295,10450.0,24846616.09
Namibia,1995,8414.125,38820.0,5255830.17
Nepal,1995,5831.815,4191.8,18009354.0
Netherlands (Kingdom of the),1995,352.415,1964.7,32556383.11
New Caledonia,1995,834.49,233.0,311502.66000000003
New Zealand,1995,9611.355,13128.0648,44369558.82
Nicaragua,1995,6602.3,4553.0,7228655.859999999
Niger,1995,1636.55,36000.0,11298557.99
Nigeria,1995,20936.445,64079.0,39760331.94
Niue,1995,18.88,4.8,607.14
North Macedonia,1995,934.775,1287.0,1159923.56
Norway,1995,12207.675,1127.0,5524617.2
Oman,1995,1.6,1071.0,674553.53
Pakistan,1995,3388.96,36026.0,71878274.8
Palestine,1995,9.08,474.9327,295611.27
Panama,1995,4873.41,2132.0,4364980.21
Papua New Guinea,1995,34504.79,994.0,249878.96
Paraguay,1995,23794.695,15481.5533,24249825.11
Peru,1995,75541.205,22444.4794,13108817.36
Philippines,1995,7544.035,11015.0,9408066.280000001
Poland,1995,8970.5,18622.0,40857191.15
Portugal,1995,3393.495,3924.0,6583652.75
Puerto Rico,1995,366.49,309.0,1515777.8599999999
Qatar,1995,1.4,65.0,53280.43
Republic of Korea,1995,6513.5,2048.0,11950746.17
Republic of Moldova,1995,334.9,2556.0,4095814.44
Romania,1995,6368.5,14797.0,19418113.68
Russian Federation,1995,812043.33,216400.0,226493122.21
Rwanda,1995,423.04,1550.0,1558578.32
Saint Kitts and Nevis,1995,11.0,10.0,9556.43
Saint Lucia,1995,28.06,18.0,39704.0
Saint Vincent and the Grenadines,1995,28.53,8.78,20217.27
Samoa,1995,174.175,51.0,81202.33
Sao Tome and Principe,1995,58.805,28.0,11922.630000000001
Saudi Arabia,1995,2768.05,144783.4167,1626886.0
Senegal,1995,9115.635,8815.0,7645497.0
Serbia and Montenegro,1995,3024.1,6209.0,11135014.0
Seychelles,1995,33.045,4.0,7231.13
Sierra Leone,1995,3028.065,2810.0,1002128.23
Singapore,1995,15.92,1.2,2515.71
Slovakia,1995,1901.945,2446.0,4609602.4399999995
Slovenia,1995,1210.5,538.0,2594599.49
Solomon Islands,1995,2536.025,73.0,44920.45
Somalia,1995,7899.75,44056.0,14131537.49
South Africa,1995,20254.4,97520.0,38126114.54
Spain,1995,15499.295,29719.0,26640993.810000002
Sri Lanka,1995,2300.54,2326.0,5587397.32
Sudan (former),1995,34313.8,129644.0,77577005.0
Suriname,1995,14884.115,89.0,280748.47
Sweden,1995,28113.0,3267.0,9632475.77
Switzerland,1995,1174.84,1582.057,11255001.58
Syrian Arab Republic,1995,455.88,13789.0,4084279.49
Tajikistan,1995,409.0,4582.0,4085084.77
Thailand,1995,20200.0,21431.0,23328180.53
Timor-Leste,1995,1093.57,340.0,361885.54000000004
Togo,1995,1283.26,3270.0,633492.87
Tonga,1995,8.73,33.0,25037.36
Trinidad and Tobago,1995,238.775,76.0,132729.15
Tunisia,1995,655.91,9348.0,3208091.54
Turkmenistan,1995,2330.0,35500.0,4822064.21
Uganda,1995,3974.435,12122.0,14812215.82
Ukraine,1995,9392.0,41853.0,98638804.0
United Arab Emirates,1995,314.87,383.0,366166.17
United Kingdom of Great Britain and Northern Ireland,1995,2866.0,17379.0,57680329.67
United Republic of Tanzania,1995,56150.0,33049.99,44666064.69
United States of America,1995,302993.0,420139.0,448160433.23
Uruguay,1995,1107.865,14938.0,29363759.17
Uzbekistan,1995,2755.415,27643.0,26526268.25
Vanuatu,1995,978.97,165.0,398490.27
Venezuela (Bolivarian Republic of),1995,49857.58,21616.0,37995301.13
Viet Nam,1995,10580.03,7079.0,12573313.92
Yemen,1995,549.0,23736.0,4600520.6
Zambia,1995,47233.0,21653.0,6662298.34
Zimbabwe,1995,16186.785,13842.5446,19747595.79
World,1995,4290053.96,4826370.4837,4570728330.3
Africa,1995,763146.33,1069457.8831,578124115.51
Eastern Africa,1995,222778.325,272318.6401,249140929.94
Middle Africa,1995,357437.63,145552.727,52984358.67
Northern Africa,1995,43172.87,233192.0,116028712.02
Southern Africa,1995,44909.015,165832.0,52715261.07
Western Africa,1995,94848.49,252562.5159,107255485.82
Americas,1995,1761449.515,1154861.2715,1522644325.28
Northern America,1995,663536.94,481641.7,496401599.40999997
Central America,1995,99167.315,124356.2,135799844.65
Caribbean,1995,7010.86,11944.0633,25896786.61
South America,1995,991734.4,536919.3082,864546737.61
Asia,1995,579867.27,1634037.3044,1392562270.35
Central Asia,1995,9812.66,295448.5,78197320.15
Eastern Asia,1995,220260.45,652413.809,362679237.15
Southern Asia,1995,93759.155,335406.8,753338611.88
South-eastern Asia,1995,226300.88,106535.346,118420198.8
Western Asia,1995,29734.125,244232.8494,79927520.36
Europe,1995,1001857.78,489412.381,933710969.11
Eastern Europe,1995,855108.59,322636.0,440668358.0
Northern Europe,1995,73885.36,39410.324,131989720.32
Southern Europe,1995,40576.78,71843.0,108400615.41
Western Europe,1995,32287.05,55523.057,252652997.35
Oceania,1995,183733.065,478601.6437,143687408.07
Australia and New Zealand,1995,143352.815,476517.0648,141557039.59
Melanesia,1995,39827.355,1865.8,1967972.7
Micronesia,1995,157.375,79.7,35593.2
Polynesia,1995,395.52,139.079,127233.59
European Union (27),1995,149027.58,186444.8,486131927.0
Least Developed Countries (LDCs),1995,660171.05,736141.2019,506618178.39
Land Locked Developing Countries (LLDCs),1995,325767.245,770688.4636,369493756.07
Small Island Developing States (SIDS),1995,85947.48,16260.281,30715487.78
Low Income Food Deficit Countries (LIFDCs),1995,551459.52,766489.014,511419721.74
Net Food Importing Developing Countries (NFIDCs),1995,887830.36,1111973.2701,765143847.38
Afghanistan,1996,1209.44,37757.0,11714053.58
Albania,1996,777.1,1131.0,4299619.38
Algeria,1996,1710.916,39636.0,6586996.08
Angola,1996,76621.164,44447.0,8805318.0
Antigua and Barbuda,1996,9.714,9.0,53015.6
Argentina,1996,54461.18,128142.0,168566547.57
Armenia,1996,333.476,1306.0,2758461.58
Australia,1996,133574.234,465230.0,97658360.94
Austria,1996,3813.152,2973.3,11602256.719999999
Azerbaijan,1996,970.228,4526.2,6210318.68
Bahamas,1996,509.86,10.0,3466.05
Bahrain,1996,1.37,10.0,75312.27
Bangladesh,1996,1946.322,9327.0,62093563.0
Barbados,1996,6.3,19.0,94686.54000000001
Belarus,1996,8075.8,9333.0,23823505.64
Belgium-Luxembourg,1996,757.68,1501.0,15850849.0
Belize,1996,1534.29,147.0,119503.69
Benin,1996,6196.61,2704.835,3591835.94
Bhutan,1996,2566.288,570.0,799073.9099999999
Bolivia (Plurinational State of),1996,60161.278,36684.0,15937717.71
Bosnia and Herzegovina,1996,2150.99,2170.0,1517512.99
Botswana,1996,15727.9,25946.0,5519553.55
Brazil,1996,583809.526,227908.7,460821569.78999996
Brunei Darussalam,1996,403.4,12.0,50305.55
Bulgaria,1996,3355.8,6164.0,4590716.54
Burkina Faso,1996,7146.426,10705.7962,11930644.04
Burundi,1996,226.956,1993.0,996762.47
Cabo Verde,1996,36.14,70.0,71313.75
Cambodia,1996,10870.516,4575.664,7823374.32
Cameroon,1996,21958.494,9160.0,11790528.15
Canada,1996,360493.928,61192.0,51132797.0
Central African Republic,1996,46224.958,4973.5,7479075.62
Chad,1996,6503.676,48430.0,24217833.560000002
Chile,1996,17179.134,15232.0,15795810.11
China,1996,169056.566,523752.0,338999183.69
"China, mainland",1996,169056.566,522872.0,337797625.0
Colombia,1996,63583.324,44920.0,78524571.85
Comoros,1996,44.532,124.0,153795.8
Congo,1996,22183.0,10521.998,183691.28999999998
Cook Islands,1996,15.306,4.9,422.64
Costa Rica,1996,2812.926,1995.0,6131665.1
Croatia,1996,1871.0,1935.0,2281441.2800000003
Cuba,1996,2544.2,6615.0,12358047.2
Cyprus,1996,167.41,143.2,370688.05
Czechia,1996,2854.96,4280.0,10907021.19
Democratic People's Republic of Korea,1996,7455.43,2524.222,1954405.8900000001
Democratic Republic of the Congo,1996,156490.258,25800.0,2535948.88
Denmark,1996,555.536,2716.0,12746541.75
Djibouti,1996,5.6,1481.6,692841.37
Dominica,1996,58.662,17.0,53022.35
Dominican Republic,1996,2152.34,2557.6667,6921233.99
Ecuador,1996,14091.184,7987.0,16193050.620000001
Egypt,1996,3.91,3176.46,17901629.53
El Salvador,1996,717.69,1246.1,3882549.74
Equatorial Guinea,1996,2649.008,103.85,11471.6
Eritrea,1996,1615.43,7338.0,3894711.86
Estonia,1996,2225.694,1005.0,2282552.27
Eswatini,1996,476.57,1222.0,1659315.23
Ethiopia,1996,28100.64,30500.0,77331201.09
Faroe Islands,1996,0.08,96.501,7650.86
Fiji,1996,979.758,395.0,959340.54
Finland,1996,22217.516,2218.0,6811579.26
France,1996,14947.2,30096.3,95456451.22
French Guiana,1996,8097.664,24.0,26952.0
French Polynesia,1996,146.902,34.3073,19612.16
Gabon,1996,23730.664,2042.352,117603.0
Gambia,1996,380.614,557.0,924439.94
Georgia,1996,3035.38,3035.0,4416512.76
Germany,1996,11332.4,17337.0,87615207.12
Ghana,1996,6020.48,13300.0,3537422.8200000003
Greece,1996,3708.9,9172.0,3573993.24
Grenada,1996,17.7,11.0,13846.619999999999
Guadeloupe,1996,72.63,50.0,224855.0
Guatemala,1996,4476.96,4512.0,6618084.71
Guinea,1996,6800.228,14053.609,6159736.05
Guinea-Bissau,1996,2227.228,629.34,1171053.45
Guyana,1996,18579.392,714.2756,448201.2
Haiti,1996,378.2,1590.0,3517814.0
Honduras,1996,7335.366,3480.0,6808539.25
Hungary,1996,1878.262,6184.0,5062692.28
Iceland,1996,26.504,1897.0,381527.86
India,1996,66129.8,180589.0,551470870.0
Indonesia,1996,101708.96,42968.0,35106619.46
Iran (Islamic Republic of),1996,10751.0,64427.0,34689702.09
Iraq,1996,811.972,9070.3,3979436.12
Ireland,1996,562.872,4341.8,26745466.0
Israel,1996,144.6,564.0,2635523.94
Italy,1996,8057.45,15349.0,48333138.75
Jamaica,1996,521.118,494.0,1190117.62
Japan,1996,24905.6,5500.0,25928290.869999997
Jordan,1996,70.7,1051.0,330913.24
Kazakhstan,1996,3159.054,215473.6,32451982.87
Kenya,1996,3785.966,26477.7684,37631305.0
Kuwait,1996,4.374,143.0,99106.55
Kyrgyzstan,1996,1163.108,10641.0,4766332.95
Lao People's Democratic Republic,1996,14189.736,1700.0,4183614.6799999997
Latvia,1996,3213.8,1874.0,3030953.44
Lebanon,1996,138.502,618.0,999842.8400000001
Lesotho,1996,34.52,2326.0,1346665.15
Liberia,1996,8008.76,1245.2218,118990.81
Libya,1996,215.002,15666.0,844968.0
Lithuania,1996,1990.0,3411.0,6806430.45
Madagascar,1996,13279.472,36596.0,24481208.43
Malawi,1996,3249.724,4380.0,1970359.0
Malaysia,1996,20062.21,6961.1,2141032.91
Mali,1996,13395.084,36650.0,14029677.4
Malta,1996,0.35,11.0,120367.48999999999
Martinique,1996,48.38,33.0,112833.0
Mauritania,1996,942.918,39710.0,3009805.34
Mauritius,1996,41.586,101.3191,105640.76999999999
Mexico,1996,70477.768,106310.0,97403543.74000001
Micronesia (Federated States of),1996,63.748,5.5,35593.2
Mongolia,1996,14299.14,118469.0,10695116.0
Morocco,1996,5699.598,30966.0,9697428.23
Mozambique,1996,39986.736,36574.0,2241494.12
Myanmar,1996,36608.258,10504.0,25620917.48
Namibia,1996,8343.116,38820.0,5163754.37
Nepal,1996,5848.556,4203.0,18400600.0
Netherlands (Kingdom of the),1996,353.832,1950.6,32123178.3
New Caledonia,1996,835.162,235.0,318395.87
New Zealand,1996,9659.172,12970.3315,47478815.019999996
Nicaragua,1996,6502.98,4654.0,7032505.45
Niger,1996,1574.86,36000.0,13022503.01
Nigeria,1996,20809.562,64240.0,41107975.480000004
Niue,1996,18.87,4.8,607.16
North Macedonia,1996,939.33,1290.0,1093383.5
Norway,1996,12205.836,1132.0,5541510.3
Oman,1996,1.6,1071.0,727723.97
Pakistan,1996,3374.55,36172.0,82704965.59
Palestine,1996,9.08,469.9805,303141.51
Panama,1996,4856.884,2132.0,4437471.88
Papua New Guinea,1996,34482.876,1016.0,247871.86
Paraguay,1996,23417.698,15629.3585,24406996.54
Peru,1996,75241.868,22539.1587,13441303.09
Philippines,1996,7497.08,11105.0,10004397.5
Poland,1996,8988.2,18474.0,40684005.92
Portugal,1996,3384.51,3730.0,6631060.5
Puerto Rico,1996,379.022,309.0,1459866.63
Qatar,1996,1.4,66.0,55943.01
Republic of Korea,1996,6506.0,2008.0,12795197.76
Republic of Moldova,1996,336.8,2556.0,3714773.9699999997
Romania,1996,6368.0,14782.0,18629423.14
Russian Federation,1996,812123.738,216111.0,203379080.42000002
Rwanda,1996,420.278,1601.0,1722814.93
Saint Kitts and Nevis,1996,11.0,9.0,9556.43
Saint Lucia,1996,28.26,17.4,38475.5
Saint Vincent and the Grenadines,1996,28.532,8.42,20217.27
Samoa,1996,173.694,51.0,81174.24
Sao Tome and Principe,1996,58.752,28.0,12157.27
Saudi Arabia,1996,2768.05,151783.125,1495257.0
Senegal,1996,9100.09,8907.0,7800034.0
Serbia and Montenegro,1996,3041.12,6188.0,11174929.0
Seychelles,1996,32.828,4.0,6794.639999999999
Sierra Leone,1996,3008.338,2810.0,841578.3200000001
Singapore,1996,16.138,1.2,1873.23
Slovakia,1996,1901.838,2444.0,4617296.0
Slovenia,1996,1215.0,525.0,2341228.06
Solomon Islands,1996,2535.288,73.0,44927.4
Somalia,1996,7823.0,44061.0,14780372.76
South Africa,1996,20341.968,97890.0,39323777.629999995
Spain,1996,15818.222,30139.0,28013447.03
Sri Lanka,1996,2286.66,2327.0,5354565.2
Sudan (former),1996,34140.66,130539.0,81584865.0
Suriname,1996,14887.688,89.0,265729.03
Sweden,1996,28123.0,3297.0,9518204.44
Switzerland,1996,1179.108,1578.3105,11489061.120000001
Syrian Arab Republic,1996,456.858,13790.0,4440797.0
Tajikistan,1996,409.2,4585.0,3785773.06
Thailand,1996,20193.0,21524.0,21477871.73
Timor-Leste,1996,1092.17,342.0,385244.20999999996
Togo,1996,1280.3,3290.0,698006.84
Tonga,1996,8.73,33.0,34134.34
Trinidad and Tobago,1996,238.35,76.0,138755.97999999998
Tunisia,1996,658.296,9324.0,3404904.9299999997
Turkmenistan,1996,2330.0,35500.0,4947365.5600000005
Uganda,1996,3859.716,12172.0,15002224.01
Ukraine,1996,9415.6,41840.0,91334055.39
United Arab Emirates,1996,314.89,387.0,307756.04000000004
United Kingdom of Great Britain and Northern Ireland,1996,2883.6,17494.0,51962873.78
United Republic of Tanzania,1996,55747.0,33421.99,38509365.69
United States of America,1996,303101.6,416306.0,454597648.77
Uruguay,1996,1153.55,14941.0,31274247.759999998
Uzbekistan,1996,2796.624,27640.0,24918790.3
Vanuatu,1996,976.586,167.0,388983.56
Venezuela (Bolivarian Republic of),1996,49732.38,21626.0,39006869.04
Viet Nam,1996,10820.844,7682.0,12929904.0
Yemen,1996,549.0,23755.0,4666161.35
Zambia,1996,47197.2,21834.0,6117133.7
Zimbabwe,1996,16081.066,14112.3606,23858232.1
World,1996,4279359.228,4834237.4844,4590951958.1
Africa,1996,759868.47,1073482.0292,589564823.13
Eastern Africa,1996,221584.066,272840.5581,249595024.75
Middle Africa,1996,356419.974,145506.7,55152398.370000005
Northern Africa,1996,42994.286,234311.46,120019970.75
Southern Africa,1996,44924.074,166204.0,53012201.91
Western Africa,1996,93946.07,254619.311,111785849.34
Americas,1996,1753775.392,1151640.7794,1529076343.47
Northern America,1996,663598.29,477740.0,505730154.77
Central America,1996,98714.864,124476.1,132432580.58
Caribbean,1996,7066.372,11858.1867,26206983.78
South America,1996,984395.866,537566.4927,864707274.31
Asia,1996,579440.662,1640000.5915,1428958101.99
Central Asia,1996,9857.986,293839.6,70869511.74
Eastern Asia,1996,222222.736,652253.222,390371240.21000004
Southern Asia,1996,94116.336,335380.0,767226728.37
South-eastern Asia,1996,223462.312,107374.964,119723767.09
Western Asia,1996,29781.292,251152.8055,80767467.59
Europe,1996,1002678.168,488808.3115,896087139.6
Eastern Europe,1996,855298.998,322168.0,406740957.47
Northern Europe,1996,74008.068,39532.801,125833240.43
Southern Europe,1996,40982.422,71664.0,109378039.22
Western Europe,1996,32388.68,55443.5105,254135640.47
Oceania,1996,183596.536,480305.7728,147266310.91
Australia and New Zealand,1996,143233.896,478201.3315,145136989.96
Melanesia,1996,39809.67,1886.0,1958842.22
Micronesia,1996,157.546,79.7,35593.2
Polynesia,1996,395.424,138.7413,135323.56
European Union (27),1996,149662.584,186053.2,486740281.45
Least Developed Countries (LDCs),1996,656921.314,739748.556,515619420.86
Land Locked Developing Countries (LLDCs),1996,324349.53,771375.8153,376983831.71000004
Small Island Developing States (SIDS),1996,85971.23,16206.5627,31075751.8
Low Income Food Deficit Countries (LIFDCs),1996,548645.686,769531.641,520214378.85
Net Food Importing Developing Countries (NFIDCs),1996,883832.294,1114964.7099,784617982.39
Afghanistan,1997,1209.44,37795.0,12846987.55
Albania,1997,775.15,1135.0,3926130.83
Algeria,1997,1710.242,39690.0,6511529.23
Angola,1997,76469.143,44450.0,9454360.0
Antigua and Barbuda,1997,9.648,9.0,51190.4
Argentina,1997,54206.44,128235.0,166894325.06
Armenia,1997,333.267,1332.0,2799944.82
Australia,1997,133407.498,462233.0,100882369.8
Austria,1997,3819.399,2964.6,11395770.11
Azerbaijan,1997,974.476,4588.7,6695209.47
Bahamas,1997,509.86,10.0,3466.4700000000003
Bahrain,1997,1.37,10.0,73516.62
Bangladesh,1997,1939.824,9365.0,63105907.0
Barbados,1997,6.3,19.0,83192.34
Belarus,1997,8125.1,9306.0,23163899.71
Belgium-Luxembourg,1997,756.76,1510.0,15394371.0
Belize,1997,1526.7,148.0,129465.32
Benin,1997,6066.025,2889.869,3716269.9699999997
Bhutan,1997,2576.216,572.0,795539.64
Bolivia (Plurinational State of),1997,59892.451,36874.0,16184626.8
Bosnia and Herzegovina,1997,2141.155,2165.0,1834120.3599999999
Botswana,1997,15727.9,25901.0,5296135.45
Brazil,1997,578037.237,228012.4,472359535.81
Brunei Darussalam,1997,401.8,12.0,56890.2
Bulgaria,1997,3360.6,6203.0,4069275.5
Burkina Faso,1997,6954.312,10831.6267,12169200.129999999
Burundi,1997,218.702,1952.0,1004893.9
Cabo Verde,1997,36.58,72.0,69738.25
Cambodia,1997,10848.137,4574.96,7974405.859999999
Cameroon,1997,21868.243,9160.0,12058196.95
Canada,1997,360446.701,61215.0,51939417.84
Central African Republic,1997,46189.966,4973.9,7646748.38
Chad,1997,6465.942,48630.0,25545941.6
Chile,1997,17240.498,15222.0,16463868.23
China,1997,171042.562,523744.25,323189160.72
"China, mainland",1997,171042.562,522872.25,322075962.44
Colombia,1997,63330.078,45082.0,78426567.58
Comoros,1997,44.094,126.0,152466.86
Congo,1997,22171.0,10535.013,192952.01
Cook Islands,1997,15.372,4.8,528.64
Costa Rica,1997,2821.957,1953.0,5863693.6
Croatia,1997,1874.5,1941.0,2364436.51
Cuba,1997,2582.9,6687.0,12365520.4
Cyprus,1997,168.46,142.2,370419.73
Czechia,1997,2857.54,4280.0,10041471.25
Democratic People's Republic of Korea,1997,7455.43,2524.674,1728625.9
Democratic Republic of the Congo,1997,155815.271,25700.0,2635101.04
Denmark,1997,559.552,2688.0,12446398.25
Djibouti,1997,5.6,1501.6,704480.15
Dominica,1997,58.634,17.0,53030.44
Dominican Republic,1997,2155.705,2547.75,7175582.49
Ecuador,1997,14001.013,8012.0,17003331.17
Egypt,1997,3.91,3244.92,18418335.33
El Salvador,1997,714.72,1241.0,3882917.56
Equatorial Guinea,1997,2640.651,104.85,11592.369999999999
Eritrea,1997,1609.45,7360.0,4690338.859999999
Estonia,1997,2228.993,1023.0,2210468.23
Eswatini,1997,475.07,1223.0,1700928.6600000001
Ethiopia,1997,28027.83,30492.0,80637098.18
Faroe Islands,1997,0.08,96.501,7732.43
Fiji,1997,986.436,389.2,987255.3
Finland,1997,22274.547,2150.0,6919776.76
France,1997,15032.4,30039.6,94646196.26
French Guiana,1997,8093.108,24.0,28464.0
French Polynesia,1997,147.314,34.0357,21337.190000000002
Gabon,1997,23723.403,2048.514,110166.12
Gambia,1997,374.928,557.0,931338.47
Georgia,1997,3036.21,3037.0,4572802.34
Germany,1997,11337.8,17327.0,87077937.52
Ghana,1997,6056.2,13582.695,3560830.11
Greece,1997,3708.9,8985.0,3578991.19
Grenada,1997,17.7,11.0,14008.95
Guadeloupe,1997,72.54,50.0,237454.0
Guatemala,1997,4414.385,4574.43,6720612.41
Guinea,1997,6733.231,14055.253,6477519.46
Guinea-Bissau,1997,2222.201,637.785,1199965.17
Guyana,1997,18575.599,714.2756,428800.8
Haiti,1997,379.7,1690.0,3589484.14
Honduras,1997,7283.892,3395.0,6589651.6
Hungary,1997,1888.989,6195.0,4972261.86
Iceland,1997,27.933,1895.0,386785.52
India,1997,66495.1,180981.0,550101000.0
Indonesia,1997,99271.37,42968.0,34788095.78
Iran (Islamic Republic of),1997,10751.0,63832.0,35453800.11
Iraq,1997,813.384,8647.5,4721050.0
Ireland,1997,579.744,4355.64,27763641.0
Israel,1997,146.7,563.0,2628865.98
Italy,1997,8135.4,15345.0,48252528.739999995
Jamaica,1997,521.091,489.0,1131896.3900000001
Japan,1997,24898.2,5437.0,25506198.75
Jordan,1997,70.7,1061.0,365662.42
Kazakhstan,1997,3158.523,215691.8,27387491.88
Kenya,1997,3793.527,26629.0193,37747020.4
Kuwait,1997,4.528,143.0,88630.5
Kyrgyzstan,1997,1167.556,10661.0,5085726.07
Lao People's Democratic Republic,1997,14154.812,1756.0,4303425.92
Latvia,1997,3220.6,1772.0,2942400.58
Lebanon,1997,138.599,622.0,1249965.4
Lesotho,1997,34.52,2329.0,1503114.01
Liberia,1997,8008.76,1275.476,118998.79000000001
Libya,1997,214.669,15666.0,906486.0
Lithuania,1997,1997.5,3417.0,7002395.41
Madagascar,1997,13213.194,37490.0,24517528.43
Malawi,1997,3207.718,4430.0,1559580.8
Malaysia,1997,19969.495,6958.7,2160102.38
Mali,1997,13294.538,37650.0,14200207.940000001
Malta,1997,0.35,10.0,127007.51000000001
Martinique,1997,48.47,33.0,103289.0
Mauritania,1997,945.546,39710.0,3561757.88
Mauritius,1997,41.672,99.8085,100523.85
Mexico,1997,70256.741,106310.0,98188725.43
Micronesia (Federated States of),1997,63.776,5.5,35593.2
Mongolia,1997,14290.33,128891.0,11132724.0
Morocco,1997,5699.366,30895.0,10840566.57
Mozambique,1997,39719.707,36793.0,2140297.06
Myanmar,1997,36173.221,10519.0,26232753.38
Namibia,1997,8272.107,38820.0,4943846.95
Nepal,1997,5865.297,4214.2,18538453.0
Netherlands (Kingdom of the),1997,355.249,1963.3,32059439.7
New Caledonia,1997,835.834,238.0,314074.18
New Zealand,1997,9706.989,12812.6617,48667487.17
Nicaragua,1997,6403.66,4808.0,7685548.08
Niger,1997,1513.17,36000.0,13564861.01
Nigeria,1997,20682.679,64400.0,40882337.0
Niue,1997,18.86,4.8,607.18
North Macedonia,1997,943.885,1283.0,1135751.99
Norway,1997,12203.997,1038.0,5599950.49
Oman,1997,1.6,1070.0,778590.04
Pakistan,1997,3360.14,36669.0,85330652.22
Palestine,1997,9.08,468.5332,314993.62
Panama,1997,4840.358,2140.0,4389018.04
Papua New Guinea,1997,34460.962,1023.0,245107.7
Paraguay,1997,23040.701,15777.6477,24903691.67
Peru,1997,74942.531,22633.838,13581622.8
Philippines,1997,7450.125,11335.0,10703864.530000001
Poland,1997,9005.9,18457.0,41051527.46
Portugal,1997,3375.525,3582.0,6975336.12
Puerto Rico,1997,391.554,291.0,1530297.51
Qatar,1997,1.4,66.0,60397.79
Republic of Korea,1997,6498.5,1983.0,13725105.719999999
Republic of Moldova,1997,338.7,2556.0,2991746.05
Romania,1997,6367.5,14798.0,18589450.87
Russian Federation,1997,812204.146,217989.0,184284536.69
Rwanda,1997,417.516,1651.0,1933671.47
Saint Kitts and Nevis,1997,11.0,9.0,9756.43
Saint Lucia,1997,28.46,17.0,38547.2
Saint Vincent and the Grenadines,1997,28.534,8.06,20257.27
Samoa,1997,173.213,51.0,82814.81
Sao Tome and Principe,1997,58.699,27.0,12302.55
Saudi Arabia,1997,2768.05,158780.8334,1540436.0
Senegal,1997,9084.545,8628.0,7828282.0
Serbia and Montenegro,1997,3058.14,6183.0,11122096.0
Seychelles,1997,32.611,4.0,6032.91
Sierra Leone,1997,2988.611,2809.0,724806.76
Singapore,1997,16.356,1.2,1804.2
Slovakia,1997,1901.731,2445.0,4644741.1899999995
Slovenia,1997,1219.5,495.0,2299024.98
Solomon Islands,1997,2534.551,73.0,44930.16
Somalia,1997,7746.25,44066.0,15415711.07
South Africa,1997,20429.536,97945.0,40107693.730000004
Spain,1997,16137.149,30059.0,29083911.04
Sri Lanka,1997,2272.78,2328.0,5209459.84
Sudan (former),1997,33967.52,130832.0,84978409.0
Suriname,1997,14891.261,88.0,266672.63
Sweden,1997,28133.0,3259.0,9776709.67
Switzerland,1997,1183.376,1575.2201,11165127.06
Syrian Arab Republic,1997,457.836,13804.0,4692405.12
Tajikistan,1997,409.4,4562.0,3547410.05
Thailand,1997,20186.0,21617.0,19334935.54
Timor-Leste,1997,1090.77,343.0,406585.04000000004
Togo,1997,1277.34,3330.0,805564.63
Tonga,1997,8.73,31.0,25618.309999999998
Trinidad and Tobago,1997,237.925,71.0,134298.32
Tunisia,1997,660.682,9347.0,3532419.54
Turkmenistan,1997,2330.0,35500.0,4435793.68
Uganda,1997,3744.997,12172.0,15369779.6
Ukraine,1997,9439.2,41854.0,82564282.34
United Arab Emirates,1997,314.91,395.0,328034.5
United Kingdom of Great Britain and Northern Ireland,1997,2901.2,17585.0,50596589.89
United Republic of Tanzania,1997,55344.0,33703.0,38813397.379999995
United States of America,1997,303210.2,414885.0,449947415.8
Uruguay,1997,1199.235,14945.0,32290298.27
Uzbekistan,1997,2837.833,27637.0,25206540.42
Vanuatu,1997,974.202,168.0,391402.81
Venezuela (Bolivarian Republic of),1997,49607.18,21636.0,39853997.83
Viet Nam,1997,11061.658,7844.0,13183883.99
Yemen,1997,549.0,23720.0,4688222.8
Zambia,1997,47161.4,22007.0,7218845.24
Zimbabwe,1997,15975.347,14127.5101,23705608.130000003
World,1997,4268664.496,4853605.046,4578655091.07
Africa,1997,756590.61,1077137.3677,606004993.9300001
Eastern Africa,1997,220389.807,274674.458,255825975.26999998
Middle Africa,1997,355402.318,145629.277,57666184.0
Northern Africa,1997,42815.702,234678.92,125186628.68
Southern Africa,1997,44939.133,166218.0,53550861.769999996
Western Africa,1997,93043.65,255936.7127,113776080.22
Americas,1997,1746101.269,1151289.7013,1540556309.09
Northern America,1997,663659.64,476342.3,501886532.64
Central America,1997,98262.413,124569.43,133448378.03999999
Caribbean,1997,7121.884,11991.51,26538506.73
South America,1997,977057.332,538386.4613,878683522.6700001
Asia,1997,579014.054,1658017.5506,1415940955.51
Central Asia,1997,9903.312,294051.8,65662253.11
Eastern Asia,1997,224185.022,662579.924,375280862.09000003
Southern Asia,1997,94473.517,335764.2,771381130.36
South-eastern Asia,1997,220623.744,107928.86,119145352.8
Western Asia,1997,29828.459,257692.7666,84471980.15
Europe,1997,1003498.556,490006.4611,864456403.08
Eastern Europe,1997,855489.406,324083.0,376371510.94
Northern Europe,1997,74130.776,39329.741,125650800.22
Southern Europe,1997,41388.064,71207.0,110697294.28
Western Europe,1997,32490.31,55386.7201,251737522.64
Oceania,1997,183460.007,477153.9653,151697197.46
Australia and New Zealand,1997,143114.977,475046.6617,149549674.97
Melanesia,1997,39791.985,1891.2,1982086.15
Micronesia,1997,157.717,79.7,35593.2
Polynesia,1997,395.328,136.4037,130268.15
European Union (27),1997,150297.588,185406.34,486050069.41999996
Least Developed Countries (LDCs),1997,653671.578,743148.6697,532958755.59000003
Land Locked Developing Countries (LLDCs),1997,322931.815,784061.3845,381043220.45
Small Island Developing States (SIDS),1997,85994.98,16353.6828,31458607.84
Low Income Food Deficit Countries (LIFDCs),1997,545831.852,772968.3262,535162677.96
Net Food Importing Developing Countries (NFIDCs),1997,879834.228,1129254.5876,807537459.73
Afghanistan,1998,1209.44,37868.0,13580109.81
Albania,1998,773.2,1139.0,3815090.1
Algeria,1998,1709.568,39826.0,6739572.62
Angola,1998,76317.122,44513.0,10370081.0
Antigua and Barbuda,1998,9.582,9.0,49564.17
Argentina,1998,53951.7,128330.0,157046649.36
Armenia,1998,333.058,1328.0,2737960.4699999997
Australia,1998,133240.762,463881.0,105057922.95
Austria,1998,3825.646,2959.9,11049323.84
Azerbaijan,1998,978.724,4682.1,6946138.97
Bahamas,1998,509.86,10.0,3466.88
Bahrain,1998,1.37,10.0,78651.3
Bangladesh,1998,1933.326,9434.0,63165470.0
Barbados,1998,6.3,19.0,81087.2
Belarus,1998,8174.4,9307.0,23458431.12
Belgium-Luxembourg,1998,755.84,1518.0,14917345.0
Belize,1998,1519.11,148.0,139471.32
Benin,1998,5935.44,3040.82,3913678.29
Bhutan,1998,2586.144,572.0,791342.55
Bolivia (Plurinational State of),1998,59623.624,36982.0,16589393.1
Bosnia and Herzegovina,1998,2131.32,2160.0,2074141.0
Botswana,1998,15727.9,25831.0,5557907.5600000005
Brazil,1998,572264.948,228116.1,483936109.06
Brunei Darussalam,1998,400.2,12.0,67592.8
Bulgaria,1998,3365.4,5645.0,4226987.85
Burkina Faso,1998,6762.198,10957.4572,12412422.629999999
Burundi,1998,210.448,1913.0,1014495.19
Cabo Verde,1998,37.02,72.0,73246.65
Cambodia,1998,10825.758,4630.0,7648636.82
Cameroon,1998,21777.992,9160.0,12332383.65
Canada,1998,360399.474,61239.0,52494778.36
Central African Republic,1998,46154.974,4969.0,7820152.029999999
Chad,1998,6428.208,48630.0,26884740.82
Chile,1998,17301.862,15219.0,16465059.35
China,1998,173028.558,523738.5,356347838.6
"China, mainland",1998,173028.558,522872.5,355198648.11
Colombia,1998,63076.832,45543.0,79240369.65
Comoros,1998,43.656,126.0,156227.98
Congo,1998,22159.0,10535.577,185033.8
Cook Islands,1998,15.438,4.7,859.22
Costa Rica,1998,2830.988,1915.0,5829157.91
Croatia,1998,1878.0,2048.0,2326308.66
Cuba,1998,2621.6,6674.0,12556819.66
Cyprus,1998,169.51,144.2,341165.43
Czechia,1998,2860.12,4284.0,9411827.4
Democratic People's Republic of Korea,1998,7455.43,2525.1,1797379.4100000001
Democratic Republic of the Congo,1998,155140.284,25700.0,2163583.56
Denmark,1998,563.568,2672.0,12145834.73
Djibouti,1998,5.6,1501.6,731182.6799999999
Dominica,1998,58.606,17.0,53037.54
Dominican Republic,1998,2159.07,2537.8333,7378232.16
Ecuador,1998,13910.842,8027.0,16816731.67
Egypt,1998,3.91,3259.62,18213475.0
El Salvador,1998,711.75,1269.8,3617807.81
Equatorial Guinea,1998,2632.294,102.85,11592.369999999999
Eritrea,1998,1603.47,7467.0,4946306.14
Estonia,1998,2232.292,1043.0,2119652.2199999997
Eswatini,1998,473.57,1223.0,1662266.63
Ethiopia,1998,27955.02,30449.0,86992735.64
Faroe Islands,1998,0.08,96.493,7313.62
Fiji,1998,993.114,383.4,978334.8300000001
Finland,1998,22331.578,2192.0,6733628.01
France,1998,15117.6,29980.0,92901621.31
French Guiana,1998,8088.552,24.0,27027.0
French Polynesia,1998,147.726,33.764,24611.97
Gabon,1998,23716.142,2054.676,113063.70999999999
Gambia,1998,369.242,567.0,938524.39
Georgia,1998,3037.04,3045.0,4423593.41
Germany,1998,11343.2,17373.0,83979738.56
Ghana,1998,6091.92,12985.2107,3586838.0700000003
Greece,1998,3708.9,8782.0,3614645.26
Grenada,1998,17.7,11.0,14141.73
Guadeloupe,1998,72.45,51.0,238013.0
Guatemala,1998,4351.81,4636.86,6646669.93
Guinea,1998,6666.234,14065.631,6812620.7
Guinea-Bissau,1998,2217.174,646.23,1227014.76
Guyana,1998,18571.806,714.2756,413778.8
Haiti,1998,381.2,1690.0,3737220.2199999997
Honduras,1998,7232.418,3395.0,6255173.09
Hungary,1998,1899.716,6193.0,4943794.97
Iceland,1998,29.362,1891.0,384896.2
India,1998,66860.4,180874.0,548138016.0
Indonesia,1998,96833.78,43118.0,34403278.22
Iran (Islamic Republic of),1998,10751.0,64787.0,36334199.1
Iraq,1998,814.796,8638.9,4854832.0
Ireland,1998,596.616,4369.48,28547088.990000002
Israel,1998,148.8,562.0,2652162.07
Italy,1998,8213.35,15484.0,47434595.79
Jamaica,1998,521.064,484.0,1121229.48
Japan,1998,24890.8,5376.0,25265349.509999998
Jordan,1998,70.7,1066.0,375242.51
Kazakhstan,1998,3157.992,215329.8,23551541.740000002
Kenya,1998,3801.088,26501.2703,39976870.0
Kuwait,1998,4.682,143.0,85942.91
Kyrgyzstan,1998,1172.004,10690.0,5274286.06
Lao People's Democratic Republic,1998,14119.888,1765.0,4003934.05
Latvia,1998,3227.4,1749.0,2909156.1799999997
Lebanon,1998,138.696,626.0,977586.3200000001
Lesotho,1998,34.52,2329.0,1265051.69
Liberia,1998,8008.76,1306.7416,119005.78
Libya,1998,214.336,15450.0,966590.0
Lithuania,1998,2005.0,3425.0,7068320.15
Madagascar,1998,13146.916,38490.0,24556615.9
Malawi,1998,3165.712,4580.0,1841963.49
Malaysia,1998,19876.78,6944.7,2205715.49
Mali,1998,13193.992,37650.0,14393106.23
Malta,1998,0.35,9.0,120241.65
Martinique,1998,48.56,34.0,104664.0
Mauritania,1998,948.174,39710.0,3691827.0
Mauritius,1998,41.758,100.6809,115811.75
Mexico,1998,70035.714,106325.0,100379758.66
Micronesia (Federated States of),1998,63.804,5.5,35593.2
Mongolia,1998,14281.52,129132.0,11720632.0
Morocco,1998,5699.134,30976.0,10336129.94
Mozambique,1998,39452.678,37012.0,2080297.06
Myanmar,1998,35738.184,10513.0,26876228.1
Namibia,1998,8201.098,38820.0,5387251.83
Nepal,1998,5882.038,4225.4,18661470.0
Netherlands (Kingdom of the),1998,356.666,1915.8,31495147.92
New Caledonia,1998,836.506,240.0,286894.81
New Zealand,1998,9754.806,12654.9997,49018167.1
Nicaragua,1998,6304.34,4913.0,7319415.49
Niger,1998,1451.48,36000.0,14378271.01
Nigeria,1998,20555.796,65211.0,41004938.99
Niue,1998,18.85,4.8,607.22
North Macedonia,1998,948.44,1291.0,1112700.6099999999
Norway,1998,12202.158,1047.0,5645980.5
Oman,1998,1.6,1071.0,826128.05
Pakistan,1998,3345.73,36760.0,87125823.65
Palestine,1998,9.08,470.0975,325269.85
Panama,1998,4823.832,2149.0,4508442.6899999995
Papua New Guinea,1998,34439.048,1064.0,245078.6
Paraguay,1998,22663.704,16173.3719,25105190.0
Peru,1998,74643.194,22728.5174,13986532.64
Philippines,1998,7403.17,11285.0,11136148.4
Poland,1998,9023.6,18443.0,40554551.15
Portugal,1998,3366.54,3722.5,6770230.88
Puerto Rico,1998,404.086,272.5,1517820.0
Qatar,1998,1.4,66.0,57978.94
Republic of Korea,1998,6491.0,1969.0,13727886.18
Republic of Moldova,1998,340.6,2556.0,2530709.45
Romania,1998,6367.0,14747.0,18766953.1
Russian Federation,1998,812284.554,217287.0,170724943.42000002
Rwanda,1998,414.754,1671.0,2223802.0
Saint Kitts and Nevis,1998,11.0,9.0,10326.09
Saint Lucia,1998,28.66,15.5,39063.6
Saint Vincent and the Grenadines,1998,28.536,7.7,20345.29
Samoa,1998,172.732,51.0,85023.72
Sao Tome and Principe,1998,58.646,31.0,12447.83
Saudi Arabia,1998,2768.05,166773.5417,1702925.48
Senegal,1998,9069.0,8390.0,7825406.5
Serbia and Montenegro,1998,3075.16,6181.0,11285430.0
Seychelles,1998,32.394,4.0,5595.68
Sierra Leone,1998,2968.884,2809.0,725113.95
Singapore,1998,16.574,1.2,1148.1100000000001
Slovakia,1998,1901.624,2443.0,4328410.16
Slovenia,1998,1224.0,490.0,2242567.88
Solomon Islands,1998,2533.814,74.0,44932.91
Somalia,1998,7669.5,44067.0,14707762.45
South Africa,1998,20517.104,97988.0,40429667.46
Spain,1998,16456.076,29958.0,30154972.65
Sri Lanka,1998,2258.9,2329.0,3783883.6
Sudan (former),1998,33794.38,131102.0,88731510.0
Suriname,1998,14894.834,88.0,295042.47
Sweden,1998,28143.0,3231.0,9521131.67
Switzerland,1998,1187.644,1572.1444,11019232.18
Syrian Arab Republic,1998,458.814,13754.0,5070291.0600000005
Tajikistan,1998,409.6,4547.0,3426186.85
Thailand,1998,20179.0,21709.0,17068607.06
Timor-Leste,1998,1089.37,341.0,470426.23
Togo,1998,1274.38,3350.0,800801.5
Tonga,1998,8.73,31.0,25618.489999999998
Trinidad and Tobago,1998,237.5,66.0,123337.59
Tunisia,1998,663.068,9420.0,3704918.46
Turkmenistan,1998,2330.0,35500.0,4889052.46
Uganda,1998,3630.278,12242.0,15979917.719999999
Ukraine,1998,9462.8,41611.0,70536221.18
United Arab Emirates,1998,314.93,398.0,367721.75
United Kingdom of Great Britain and Northern Ireland,1998,2918.8,17518.0,50314583.33
United Republic of Tanzania,1998,54941.0,33800.0,39782033.92
United States of America,1998,303318.8,414588.0,442641285.88
Uruguay,1998,1244.92,14950.0,31330591.310000002
Uzbekistan,1998,2879.042,27334.0,25824057.96
Vanuatu,1998,971.818,172.0,387421.33999999997
Venezuela (Bolivarian Republic of),1998,49481.98,21636.0,40048412.980000004
Viet Nam,1998,11302.472,8055.0,13377650.99
Yemen,1998,549.0,23680.0,4920925.0
Zambia,1998,47125.6,22174.0,7431754.65
Zimbabwe,1998,15869.628,14308.0183,25280582.52
World,1998,4257969.764,4867036.2785,4595816271.9
Africa,1998,753312.75,1079765.898,626745745.49
Eastern Africa,1998,219195.548,276478.5895,267936985.78
Middle Africa,1998,354384.662,145696.103,59891903.75
Northern Africa,1998,42637.118,235037.62,128691067.02
Southern Africa,1998,44954.192,166191.0,54301314.16
Western Africa,1998,92141.23,256362.5855,115925116.78999999
Americas,1998,1738427.146,1152423.3582,1538173964.1100001
Northern America,1998,663720.99,476069.6,495135750.24
Central America,1998,97809.962,124751.66,134694641.89
Caribbean,1998,7177.396,11940.2333,27045616.619999997
South America,1998,969718.798,539661.8649,881298588.36
Asia,1998,578587.446,1667749.5392,1443522140.27
Central Asia,1998,9948.638,293400.8,62964492.06
Eastern Asia,1998,226147.308,662740.6,408858126.7
Southern Asia,1998,94830.698,336857.4,771579644.71
South-eastern Asia,1998,217785.176,108373.9,117257944.28
Western Asia,1998,29875.626,266376.8392,82862549.53999999
Europe,1998,1004318.944,488415.3174,831186026.6800001
Eastern Europe,1998,855679.814,322516.0,349481221.81
Northern Europe,1998,74253.484,39284.973,125395551.59
Southern Europe,1998,41793.706,71288.5,110948894.46000001
Western Europe,1998,32591.94,55325.8444,245361081.82999998
Oceania,1998,183323.478,478682.1658,156189153.34
Australia and New Zealand,1998,142996.058,476536.9997,154075909.05
Melanesia,1998,39774.3,1933.4,1941987.48
Micronesia,1998,157.888,75.7,35593.2
Polynesia,1998,395.232,136.066,136082.62
European Union (27),1998,150932.592,184820.88,478619531.4
Least Developed Countries (LDCs),1998,650421.842,745515.8798,550034595.5699999
Land Locked Developing Countries (LLDCs),1998,321514.1,784902.1474,391879519.86
Small Island Developing States (SIDS),1998,86018.73,16351.5858,32067254.47
Low Income Food Deficit Countries (LIFDCs),1998,543018.018,774802.2454,555778102.91
Net Food Importing Developing Countries (NFIDCs),1998,875836.162,1132119.9727,828383699.4
Afghanistan,1999,1209.44,37764.0,14520536.49
Albania,1999,771.25,1145.0,3959578.39
Algeria,1999,1708.894,39731.0,7749813.2
Angola,1999,76165.101,44567.0,10337458.36
Antigua and Barbuda,1999,9.516,9.0,50340.87
Argentina,1999,53696.96,128412.0,163679455.48000002
Armenia,1999,332.849,1323.0,2706998.33
Australia,1999,133074.026,453693.0,104521078.48
Austria,1999,3831.893,2955.2,11051452.42
Azerbaijan,1999,982.972,4692.4,7261599.1899999995
Bahamas,1999,509.86,10.0,3297.37
Bahrain,1999,1.37,10.0,82561.05
Bangladesh,1999,1926.828,9486.0,64468770.0
Barbados,1999,6.3,18.0,76396.95999999999
Belarus,1999,8223.7,9281.0,22566297.25
Belgium-Luxembourg,1999,754.92,1521.0,14832835.0
Belize,1999,1511.52,150.0,150806.37
Benin,1999,5804.855,3105.996,4032252.59
Bhutan,1999,2596.072,572.0,856053.12
Bolivia (Plurinational State of),1999,59354.797,37069.0,17081705.62
Bosnia and Herzegovina,1999,2121.485,2105.0,2106582.0
Botswana,1999,15727.9,25841.0,5809144.48
Brazil,1999,566492.659,228219.8,497613834.02
Brunei Darussalam,1999,398.6,12.0,128592.3
Bulgaria,1999,3370.2,5679.0,4623818.49
Burkina Faso,1999,6570.084,11083.2877,12660749.09
Burundi,1999,202.194,1887.0,988359.23
Cabo Verde,1999,37.46,72.0,72184.33
Cambodia,1999,10803.379,4640.0,7916579.52
Cameroon,1999,21687.741,9160.0,13950724.48
Canada,1999,360352.247,61263.0,52951588.74
Central African Republic,1999,46119.982,4968.4,7963039.57
Chad,1999,6390.474,48630.0,28285249.22
Chile,1999,17363.226,15060.0,15855955.18
China,1999,175014.554,523734.75,368336736.81
"China, mainland",1999,175014.554,522872.75,367199448.0
Colombia,1999,62823.586,45668.0,75755248.24000001
Comoros,1999,43.218,127.0,158091.6
Congo,1999,22147.0,10543.665,213154.05
Cook Islands,1999,15.504,4.6,615.21
Costa Rica,1999,2840.019,1888.0,5727337.6
Croatia,1999,1881.5,2032.0,2317981.3200000003
Cuba,1999,2660.3,6660.0,12152294.6
Cyprus,1999,170.56,144.2,335100.57
Czechia,1999,2862.7,4282.0,8861137.17
Democratic People's Republic of Korea,1999,7455.43,2526.623,1835984.71
Democratic Republic of the Congo,1999,154465.297,25600.0,2095076.0
Denmark,1999,567.584,2644.0,11822810.32
Djibouti,1999,5.6,1551.6,785610.86
Dominica,1999,58.578,19.0,53468.51
Dominican Republic,1999,2162.435,2524.9167,6586384.220000001
Ecuador,1999,13820.671,8075.0,17051575.52
Egypt,1999,3.91,3483.0,18846164.0
El Salvador,1999,708.78,1295.7,3781205.69
Equatorial Guinea,1999,2623.937,102.85,11713.14
Eritrea,1999,1597.49,7467.0,5112194.720000001
Estonia,1999,2235.591,1001.0,2045635.42
Eswatini,1999,472.07,1223.0,1655487.9
Ethiopia,1999,27882.21,30557.0,86973237.46000001
Faroe Islands,1999,0.08,96.493,7445.45
Fiji,1999,999.792,377.6,927585.5900000001
Finland,1999,22388.609,2201.4,6548006.0
France,1999,15202.8,29929.1,92316208.45
French Guiana,1999,8083.996,23.0,27799.0
French Polynesia,1999,148.138,33.4924,24653.7
Gabon,1999,23708.881,2060.838,116561.04000000001
Gambia,1999,363.556,567.0,945519.85
Georgia,1999,3037.87,2999.0,4625935.27
Germany,1999,11348.6,17152.0,83009518.66
Ghana,1999,6127.64,13059.5504,3638447.79
Greece,1999,3708.9,8670.0,3600350.37
Grenada,1999,17.7,12.0,14292.2
Guadeloupe,1999,72.36,50.0,198513.0
Guatemala,1999,4289.235,4699.29,7133547.41
Guinea,1999,6599.237,14060.856,7164618.390000001
Guinea-Bissau,1999,2212.147,654.675,1256545.4
Guyana,1999,18568.013,714.2756,385827.4
Haiti,1999,382.7,1690.0,3730849.0
Honduras,1999,7180.944,3337.0,5681040.98
Hungary,1999,1910.443,6186.0,5111932.6899999995
Iceland,1999,30.791,1889.0,386682.12
India,1999,67225.7,181021.0,547000000.0
Indonesia,1999,94396.19,44118.0,32798702.9
Iran (Islamic Republic of),1999,10751.0,63687.0,34019943.53
Iraq,1999,816.208,8480.1,4929010.2
Ireland,1999,613.488,4383.32,29624332.0
Israel,1999,150.9,559.0,2697409.36
Italy,1999,8291.3,15799.0,47895074.269999996
Jamaica,1999,521.037,482.0,1122174.29
Japan,1999,24883.4,5321.0,25124917.12
Jordan,1999,70.7,1067.0,421012.89
Kazakhstan,1999,3157.461,215075.3,21664424.81
Kenya,1999,3808.649,26927.5213,42998762.0
Kuwait,1999,4.836,144.0,91984.17
Kyrgyzstan,1999,1176.452,10726.0,5419598.1899999995
Lao People's Democratic Republic,1999,14084.964,1773.0,3706517.67
Latvia,1999,3234.2,1617.0,2783267.2199999997
Lebanon,1999,138.793,582.5,1433033.36
Lesotho,1999,34.52,2329.0,1875080.43
Liberia,1999,8008.76,1336.74,119013.77
Libya,1999,214.003,15450.0,886370.0
Lithuania,1999,2012.5,3496.0,6116994.41
Madagascar,1999,13080.638,39500.0,24595703.36
Malawi,1999,3123.706,4680.0,1834603.2
Malaysia,1999,19784.065,6947.1,2196053.3200000003
Mali,1999,13093.446,37650.0,14615665.19
Malta,1999,0.35,9.0,125371.91
Martinique,1999,48.65,34.0,102914.0
Mauritania,1999,950.802,39710.0,3888672.55
Mauritius,1999,41.844,98.4255,121457.95
Mexico,1999,69814.687,106326.0,100511760.75999999
Micronesia (Federated States of),1999,63.832,5.5,35593.2
Mongolia,1999,14272.71,130282.0,12412199.0
Morocco,1999,5698.902,30693.0,10536862.81
Mozambique,1999,39185.649,37231.0,1959100.0
Myanmar,1999,35303.147,10609.0,27311225.41
Namibia,1999,8130.089,38820.0,5732682.71
Nepal,1999,5898.779,4236.6,18689130.0
Netherlands (Kingdom of the),1999,358.083,1972.6,31141818.0
New Caledonia,1999,837.178,243.0,321287.83999999997
New Zealand,1999,9802.623,12497.3449,47155333.6
Nicaragua,1999,6205.02,5018.0,8972915.43
Niger,1999,1389.79,37000.0,15245422.99
Nigeria,1999,20428.913,65360.0,41132814.0
Niue,1999,18.84,4.8,607.23
North Macedonia,1999,952.995,1282.0,1126663.96
Norway,1999,12200.319,1038.0,5749773.6
Oman,1999,1.6,1071.0,867729.5700000001
Pakistan,1999,3331.32,36756.0,89175305.28
Palestine,1999,9.08,447.5998,335872.85
Panama,1999,4807.306,2157.0,4412249.6
Papua New Guinea,1999,34417.134,1081.0,247078.6
Paraguay,1999,22286.707,16428.7561,24468719.7
Peru,1999,74343.857,22823.1967,15099609.620000001
Philippines,1999,7356.215,11235.0,11359245.33
Poland,1999,9041.3,18435.0,38248849.08
Portugal,1999,3357.555,3863.0,6996942.9
Puerto Rico,1999,416.618,259.9,1556385.15
Qatar,1999,1.4,66.0,64133.3
Republic of Korea,1999,6483.5,1954.0,12281752.030000001
Republic of Moldova,1999,342.5,2557.0,2420319.13
Romania,1999,6366.5,14781.0,18425709.21
Russian Federation,1999,812364.962,216790.0,152888315.36
Rwanda,1999,411.992,1717.0,2525336.54
Saint Kitts and Nevis,1999,11.0,10.0,10895.76
Saint Lucia,1999,28.86,15.4,39164.6
Saint Vincent and the Grenadines,1999,28.538,7.34,20274.27
Samoa,1999,172.251,50.8,87028.05
Sao Tome and Principe,1999,58.593,35.0,12612.11
Saudi Arabia,1999,2768.05,173807.2501,1717711.78
Senegal,1999,9053.455,9112.0,7822192.88
Serbia and Montenegro,1999,3092.18,5600.0,9841535.0
Seychelles,1999,32.177,4.0,5112.24
Sierra Leone,1999,2949.157,2804.0,569559.53
Singapore,1999,16.792,1.2,1219.4
Slovakia,1999,1901.517,2443.0,3730729.13
Slovenia,1999,1228.5,500.0,2247600.06
Solomon Islands,1999,2533.077,76.0,44935.67
Somalia,1999,7592.75,44067.0,14116598.29
South Africa,1999,20604.672,98058.0,41216839.730000004
Spain,1999,16775.003,29778.0,30551990.65
Sri Lanka,1999,2245.02,2345.0,3777578.48
Sudan (former),1999,33621.24,131352.0,93469020.0
Suriname,1999,14898.407,88.0,318265.27
Sweden,1999,28153.0,3194.0,9413364.219999999
Switzerland,1999,1191.912,1568.8881,10910776.86
Syrian Arab Republic,1999,459.792,13767.0,5331645.93
Tajikistan,1999,409.8,4568.0,3422569.73
Thailand,1999,20172.0,21802.0,15694058.3
Timor-Leste,1999,1087.97,337.0,320726.0
Togo,1999,1271.42,3370.0,839373.75
Tonga,1999,8.73,31.0,27957.98
Trinidad and Tobago,1999,237.075,67.0,127892.92
Tunisia,1999,665.454,9526.0,3935035.15
Turkmenistan,1999,2330.0,35540.0,5406595.79
Uganda,1999,3515.559,12262.0,16466632.780000001
Ukraine,1999,9486.4,41453.0,67204961.16
United Arab Emirates,1999,314.95,516.0,376746.67
United Kingdom of Great Britain and Northern Ireland,1999,2936.4,17219.0,50332134.89
United Republic of Tanzania,1999,54538.0,33900.0,48444132.0
United States of America,1999,303427.4,413887.0,445967115.19
Uruguay,1999,1290.605,14954.0,31206728.310000002
Uzbekistan,1999,2920.251,27331.0,25218822.0
Vanuatu,1999,969.434,173.0,392791.66000000003
Venezuela (Bolivarian Republic of),1999,49356.78,21633.0,40066554.2
Viet Nam,1999,11543.286,8413.0,13624597.99
Yemen,1999,549.0,23668.0,5063165.66
Zambia,1999,47089.8,22354.0,7867125.27
Zimbabwe,1999,15763.909,14699.3668,26641723.509999998
World,1999,4247275.032,4868829.326,4623132205.91
Africa,1999,750034.89,1084916.1537,654455867.45
Eastern Africa,1999,218001.289,279099.9336,281715923.99
Middle Africa,1999,353367.006,145667.753,62984408.97
Northern Africa,1999,42458.534,235239.0,135422369.16
Southern Africa,1999,44969.251,166271.0,56288455.24
Western Africa,1999,91238.81,258638.467,118045360.09
Americas,1999,1730753.023,1152462.0751,1559739135.0
Northern America,1999,663782.34,475392.9,498918383.93
Central America,1999,97357.511,124870.99,136369611.82999998
Caribbean,1999,7232.908,11899.2567,25842761.689999998
South America,1999,962380.264,540298.9284,898609012.56
Asia,1999,578160.838,1676467.6229,1452216321.1100001
Central Asia,1999,9993.964,293240.3,61131347.53
Eastern Asia,1999,228109.594,663818.373,419990609.65999997
Southern Asia,1999,95187.879,335875.6,772506645.9
South-eastern Asia,1999,214946.608,109887.3,115055929.14
Western Asia,1999,29922.793,273646.0499,83532428.86
Europe,1999,1005139.332,486630.3011,802937015.54
Eastern Europe,1999,855870.222,321887.0,324080449.65999997
Northern Europe,1999,74376.192,38830.513,124828424.64
Southern Europe,1999,42199.348,70807.0,110767617.83
Western Europe,1999,32693.57,55105.7881,243261251.39999998
Oceania,1999,183186.949,468353.1733,153784627.82999998
Australia and New Zealand,1999,142877.139,466191.3449,151676238.07999998
Melanesia,1999,39756.615,1950.6,1933003.37
Micronesia,1999,158.059,75.7,35593.2
Polynesia,1999,395.136,135.5284,140222.16999999998
European Union (27),1999,151567.596,184667.82,473773045.93
Least Developed Countries (LDCs),1999,647172.106,749552.1547,570790962.38
Land Locked Developing Countries (LLDCs),1999,320096.385,788101.1106,397784921.56
Small Island Developing States (SIDS),1999,86042.48,16336.4612,30752173.48
Low Income Food Deficit Countries (LIFDCs),1999,540204.184,779389.7308,582037612.65
Net Food Importing Developing Countries (NFIDCs),1999,871838.096,1137930.6549,856220952.87
Afghanistan,2000,1209.44,37794.0,12092063.02
Albania,2000,769.3,1144.0,4120605.4299999997
Algeria,2000,1708.22,40021.0,8111821.0
Angola,2000,76013.08,44523.0,10732895.04
Antigua and Barbuda,2000,9.45,9.0,49204.490000000005
Argentina,2000,53442.22,128510.0,163354463.89
Armenia,2000,332.64,1323.0,2740750.06
Australia,2000,132907.29,455469.0,105406309.03
Austria,2000,3838.14,2940.2,11106205.280000001
Azerbaijan,2000,987.22,4740.4,7551584.37
Bahamas,2000,509.86,11.0,3172.76
Bahrain,2000,1.37,9.9,80312.59
Bangladesh,2000,1920.33,9400.0,65180070.0
Barbados,2000,6.3,18.0,75352.68
Belarus,2000,8273.0,9252.0,20271048.07
Belgium,2000,667.3,1389.6,14068291.41
Belize,2000,1503.93,149.0,139225.49
Benin,2000,5674.27,3191.876,4218116.59
Bhutan,2000,2606.0,578.0,790357.7
Bolivia (Plurinational State of),2000,59085.97,37143.0,18240841.83
Bosnia and Herzegovina,2000,2111.65,2130.0,2279424.99
Botswana,2000,15727.9,25951.0,5877079.04
Brazil,2000,560720.37,228323.5,511991361.67
Brunei Darussalam,2000,397.0,12.0,98764.4
Bulgaria,2000,3375.0,5582.0,4637309.91
Burkina Faso,2000,6377.97,11211.1181,12913967.84
Burundi,2000,193.94,1867.0,917839.69
Cabo Verde,2000,37.9,72.0,70891.11
Cambodia,2000,10781.0,4770.0,8796307.19
Cameroon,2000,21597.49,9160.0,14892966.690000001
Canada,2000,360305.02,61287.0,52474792.519999996
Central African Republic,2000,46084.99,4971.4,8244596.79
Chad,2000,6352.74,48630.0,29765977.82
Chile,2000,17424.59,15110.0,15205842.79
China,2000,177000.55,523731.0,382239869.49
"China, mainland",2000,177000.55,522873.0,381108950.0
Colombia,2000,62570.34,44859.0,76826154.08
Comoros,2000,42.78,128.0,161994.01
Congo,2000,22135.0,10539.942,222834.95
Cook Islands,2000,15.57,4.5,619.08
Costa Rica,2000,2849.05,1840.0,5578457.4
Croatia,2000,1885.0,1169.0,2347459.21
Cuba,2000,2699.0,6554.0,11516247.32
Cyprus,2000,171.61,141.5,353492.24
Czechia,2000,2865.28,4280.0,8096697.890000001
Democratic People's Republic of Korea,2000,7455.43,2529.18,1848085.5899999999
Democratic Republic of the Congo,2000,153790.31,25600.0,2022552.3399999999
Denmark,2000,571.6,2647.0,11776165.69
Djibouti,2000,5.6,1601.6,853741.9199999999
Dominica,2000,58.55,21.0,53475.61
Dominican Republic,2000,2165.8,2515.0,6226487.97
Ecuador,2000,13730.5,8066.0,15841559.91
Egypt,2000,3.91,3291.0,19875902.0
El Salvador,2000,705.81,1286.7,3651924.7
Equatorial Guinea,2000,2615.58,102.85,11713.14
Eritrea,2000,1591.51,7530.0,5231699.71
Estonia,2000,2238.89,986.0,1750970.48
Eswatini,2000,470.57,1223.0,1643255.56
Ethiopia,2000,27809.4,30534.0,82658358.91
Faroe Islands,2000,0.08,96.493,7823.1
Fiji,2000,1006.47,371.8,936990.54
Finland,2000,22445.64,2218.0,6516421.24
France,2000,15288.0,29807.4,93868987.06
French Guiana,2000,8079.44,23.0,27855.0
French Polynesia,2000,148.55,33.2208,29602.39
Gabon,2000,23701.62,2067.0,125449.95999999999
Gambia,2000,357.87,506.0,952561.5900000001
Georgia,2000,3038.7,3000.0,4726741.53
Germany,2000,11354.0,17068.0,81078335.93
Ghana,2000,6163.36,12765.5201,3733166.8
Greece,2000,3708.9,8529.0,3649261.4299999997
Grenada,2000,17.7,12.0,14330.99
Guadeloupe,2000,72.27,49.0,198220.0
Guatemala,2000,4226.66,4761.72,7112758.0
Guinea,2000,6532.24,14064.057,7620138.66
Guinea-Bissau,2000,2207.12,663.12,1290743.92
Guyana,2000,18564.22,715.2756,362338.5
Haiti,2000,384.2,1690.0,4177533.4
Honduras,2000,7129.47,2935.0,5875085.32
Hungary,2000,1921.17,5854.0,5503561.76
Iceland,2000,32.22,1889.0,377341.58
India,2000,67591.0,180975.0,543529000.0
Indonesia,2000,91958.6,44618.0,32492928.0
Iran (Islamic Republic of),2000,10751.0,62884.0,33102689.0
Iraq,2000,817.62,8495.2,5055723.0
Ireland,2000,630.36,4396.16,28734009.0
Israel,2000,153.0,566.0,2911129.87
Italy,2000,8369.25,15637.0,48091329.239999995
Jamaica,2000,521.01,479.0,1112807.37
Japan,2000,24876.0,5258.0,24740081.130000003
Jordan,2000,70.7,1069.0,455745.45999999996
Kazakhstan,2000,3156.93,215393.3,21298277.32
Kenya,2000,3816.21,26730.7723,41639876.18
Kuwait,2000,4.99,148.0,93406.32
Kyrgyzstan,2000,1180.9,10714.0,5678644.59
Lao People's Democratic Republic,2000,14050.04,1806.0,3995928.67
Latvia,2000,3241.0,1588.0,2541678.84
Lebanon,2000,138.89,595.0,1574463.2000000002
Lesotho,2000,34.52,2334.0,1809909.38
Liberia,2000,8008.76,1367.1162,119021.77
Libya,2000,213.67,15450.0,628492.88
Lithuania,2000,2020.0,3418.0,6325259.1
Luxembourg,2000,86.7,128.0,833233.74
Madagascar,2000,13014.36,40500.0,24634790.82
Malawi,2000,3081.7,4730.0,2000260.0
Malaysia,2000,19691.35,6938.7,2181409.2
Mali,2000,12992.9,38665.0,14822854.780000001
Malta,2000,0.35,9.0,121488.15
Martinique,2000,48.74,33.0,101140.0
Mauritania,2000,953.43,39710.0,4213593.34
Mauritius,2000,41.93,99.6809,127716.42
Mexico,2000,69593.66,106330.0,102193921.92
Micronesia (Federated States of),2000,63.86,5.5,35593.2
Mongolia,2000,14263.9,130470.0,12662958.0
Morocco,2000,5698.67,30652.0,11233384.43
Mozambique,2000,38918.62,37450.0,1898102.94
Myanmar,2000,34868.11,10812.0,28209677.64
Namibia,2000,8059.08,38820.0,6488929.05
Nepal,2000,5915.52,4249.1,18750412.0
Netherlands (Kingdom of the),2000,359.5,1959.6,30412321.11
New Caledonia,2000,837.85,245.0,313432.79000000004
New Zealand,2000,9850.44,12339.7124,48498233.54
Nicaragua,2000,6105.7,5141.0,9388833.0
Niger,2000,1328.1,37000.0,12865731.6
Nigeria,2000,20302.03,65508.0,41151930.0
Niue,2000,18.83,4.8,607.26
North Macedonia,2000,957.55,1235.0,1128097.65
Norway,2000,12198.48,1042.0,5525624.21
Oman,2000,1.6,1173.0,793103.24
Pakistan,2000,3316.91,36698.0,90881476.72
Palestine,2000,9.08,468.2131,377931.78
Panama,2000,4790.78,2230.0,4337779.38
Papua New Guinea,2000,34395.22,1088.0,251504.4
Paraguay,2000,21909.71,16635.3333,24938827.009999998
Peru,2000,74044.52,22917.8761,15115395.04
Philippines,2000,7309.26,11234.0,11488682.379999999
Poland,2000,9059.0,18413.0,35434054.46
Portugal,2000,3348.57,3956.38,7035076.34
Puerto Rico,2000,429.15,247.2,1569465.94
Qatar,2000,1.4,66.0,67094.68
Republic of Korea,2000,6476.0,1973.0,11156053.9
Republic of Moldova,2000,344.4,2544.0,2139033.04
Romania,2000,6366.0,14857.0,17921350.5
Russian Federation,2000,812445.37,217162.0,152240361.73
Rwanda,2000,409.23,1826.0,2457440.65
Saint Kitts and Nevis,2000,11.0,9.5,11848.27
Saint Lucia,2000,29.06,14.2,30392.86
Saint Vincent and the Grenadines,2000,28.54,7.0,19625.83
Samoa,2000,171.77,48.0,87354.98
Sao Tome and Principe,2000,58.54,36.0,12948.68
Saudi Arabia,2000,2768.05,173799.9584,1853169.4
Senegal,2000,9037.91,9027.0,7994741.9399999995
Serbia and Montenegro,2000,3109.2,5587.0,9255052.0
Seychelles,2000,31.96,4.0,4711.66
Sierra Leone,2000,2929.43,2810.0,568983.3
Singapore,2000,17.01,1.2,1243.11
Slovakia,2000,1901.41,2440.0,3418086.9299999997
Slovenia,2000,1233.0,518.0,2302520.2199999997
Solomon Islands,2000,2532.34,76.0,44938.43
Somalia,2000,7516.0,44067.0,14185267.45
South Africa,2000,20692.24,98125.0,42207584.91
Spain,2000,17093.93,29766.0,30737041.85
Sri Lanka,2000,2231.14,2350.0,3804527.96
Sudan (former),2000,33448.1,131575.0,98288714.0
Suriname,2000,14901.98,88.0,286972.15
Sweden,2000,28163.0,2974.1,9432256.77
Switzerland,2000,1196.18,1565.8165,10469650.870000001
Syrian Arab Republic,2000,460.77,13711.0,5364217.34
Tajikistan,2000,410.0,4573.0,3423422.8
Thailand,2000,20165.0,21895.0,13144266.3
Timor-Leste,2000,1086.57,337.0,393892.67000000004
Togo,2000,1268.46,3400.0,834044.28
Tonga,2000,8.73,30.0,30989.48
Trinidad and Tobago,2000,236.65,67.0,113760.78
Tunisia,2000,667.84,9551.0,4120589.0
Turkmenistan,2000,2330.0,35500.0,6101769.48
Uganda,2000,3400.84,12512.0,16785904.46
Ukraine,2000,9510.0,41406.0,62757228.269999996
United Arab Emirates,2000,314.97,547.0,512166.06
United Kingdom of Great Britain and Northern Ireland,2000,2954.0,16964.0,49713206.67
United Republic of Tanzania,2000,54135.0,34000.0,46175361.85
United States of America,2000,303536.0,414399.0,446549609.3
Uruguay,2000,1336.29,14958.0,31092714.740000002
Uzbekistan,2000,2961.46,27328.0,25930498.32
Vanuatu,2000,967.05,175.0,368467.88
Venezuela (Bolivarian Republic of),2000,49231.58,21635.0,41649985.51
Viet Nam,2000,11784.1,8780.0,13666362.690000001
Yemen,2000,549.0,23669.0,5389381.83
Zambia,2000,47054.0,22526.0,7229032.73
Zimbabwe,2000,15658.19,15117.3584,27161383.07
World,2000,4236580.3,4873348.154,4642228090.68
Africa,2000,746757.03,1088649.0449,658013995.8
Eastern Africa,2000,216807.03,281293.4315,274244498.45
Middle Africa,2000,352349.35,145630.192,66030722.4
Northern Africa,2000,42279.95,235544.0,142258013.31
Southern Africa,2000,44984.31,166453.0,58025924.94
Western Africa,2000,90336.39,259728.4214,117455463.71000001
Americas,2000,1723078.9,1152484.405,1577502449.4099998
Northern America,2000,663843.69,475929.2,499024073.82
Central America,2000,96905.06,124673.42,138276727.22
Caribbean,2000,7288.42,11766.6,25270261.259999998
South America,2000,955041.73,540115.185,914932036.13
Asia,2000,577734.23,1677611.6515,1462693971.26
Central Asia,2000,10039.29,293508.3,62431964.51
Eastern Asia,2000,230071.88,663961.18,432646063.11
Southern Asia,2000,95545.06,334937.1,768129915.38
South-eastern Asia,2000,212108.04,111203.9,114467662.22999999
Western Asia,2000,29969.96,274001.1715,85019019.03999999
Europe,2000,1005959.72,484630.4495,788015742.19
Eastern Europe,2000,856060.63,321790.0,312417020.57
Northern Europe,2000,74498.9,38270.453,122698740.7
Southern Europe,2000,42604.99,69704.38,111065355.52
Western Europe,2000,32795.2,54865.6165,241835349.39
Oceania,2000,183050.42,469972.6031,156002708.03
Australia and New Zealand,2000,142758.22,467809.7124,153904357.57999998
Melanesia,2000,39738.93,1955.8,1914656.05
Micronesia,2000,158.23,75.7,35593.2
Polynesia,2000,395.04,131.3907,148528.18
European Union (27),2000,152202.6,182671.94,468086693.82
Least Developed Countries (LDCs),2000,643922.37,753195.3873,571506299.64
Land Locked Developing Countries (LLDCs),2000,318678.67,791124.0098,394612232.12
Small Island Developing States (SIDS),2000,86066.23,16217.5672,30219439.4
Low Income Food Deficit Countries (LIFDCs),2000,537390.35,782852.0399,581620326.84
Net Food Importing Developing Countries (NFIDCs),2000,867840.03,1141068.7305,860949434.47
Afghanistan,2001,1209.44,37795.0,9445508.3
Albania,2001,770.577,1139.0,4090579.16
Algeria,2001,1707.545,40109.0,7911753.38
Angola,2001,75503.05,44415.0,10637227.469999999
Antigua and Barbuda,2001,9.383,9.0,51070.5
Argentina,2001,53070.743,128606.0,159730117.86
Armenia,2001,332.605,1328.0,2680451.79
Australia,2001,132733.675,455700.0,105957069.4
Austria,2001,3840.49,2916.1,11375177.86
Azerbaijan,2001,991.747,4745.6,7900299.84
Bahamas,2001,509.86,11.0,3201.29
Bahrain,2001,1.37,9.79,72972.43
Bangladesh,2001,1917.121,9403.0,65457230.0
Barbados,2001,6.3,18.0,64184.4
Belarus,2001,8308.7,9128.0,20812690.88
Belgium,2001,669.557,1386.8,14248846.43
Belize,2001,1496.34,149.0,157603.21
Benin,2001,5533.265,3259.529,4373944.47
Bhutan,2001,2615.929,579.0,727856.9099999999
Bolivia (Plurinational State of),2001,58927.348,37156.0,17627996.39
Bosnia and Herzegovina,2001,2110.751,2126.0,2139193.01
Botswana,2001,15727.9,25801.0,5701330.0600000005
Brazil,2001,557157.077,228427.2,535842322.43
Brunei Darussalam,2001,395.3,13.0,94600.3
Bulgaria,2001,3411.2,5498.0,3593227.35
Burkina Faso,2001,6243.66,11340.9486,13172253.26
Burundi,2001,193.94,1851.0,979524.24
Cabo Verde,2001,38.34,74.0,69442.48999999999
Cambodia,2001,10761.823,4890.0,8533073.14
Cameroon,2001,21527.789,9160.0,14749485.25
Canada,2001,360817.628,61308.1608,53093076.38
Central African Republic,2001,46049.998,4970.6,8429739.57
Chad,2001,6270.47,48730.0,31323348.45
Chile,2001,17485.953,15150.0,14919887.49
China,2001,179361.533,524322.8444,380019768.08
"China, mainland",2001,179361.533,523466.8444,378935978.0
Colombia,2001,62456.48,41745.0,76328157.71000001
Comoros,2001,42.232,130.0,171229.78
Congo,2001,22123.0,10540.394,229401.41
Cook Islands,2001,15.572,4.4,618.96
Costa Rica,2001,2852.22,1833.0,5263574.4
Croatia,2001,1888.5,1178.0,2347786.19
Cuba,2001,2750.035,6656.0,11361905.76
Cyprus,2001,171.733,140.0,335699.70999999996
Czechia,2001,2866.753,4278.0,7994662.38
Democratic People's Republic of Korea,2001,7465.648,2532.37,1873002.35
Democratic Republic of the Congo,2001,153115.323,25550.0,1950541.26
Denmark,2001,573.074,2676.0,11646840.01
Djibouti,2001,5.6,1681.6,856276.25
Dominica,2001,58.531,22.0,53483.72
Dominican Republic,2001,2167.848,2515.0,6551703.46
Ecuador,2001,13660.287,7785.0,16457165.1
Egypt,2001,3.927,3338.0,20366055.0
El Salvador,2001,702.84,1277.7,4014128.19
Equatorial Guinea,2001,2607.28,102.85,11833.91
Eritrea,2001,1585.531,7532.0,4877340.640000001
Estonia,2001,2248.603,890.0,1681209.28
Eswatini,2001,469.07,1224.0,1326558.5
Ethiopia,2001,27736.6,30559.0,88287493.36
Faroe Islands,2001,0.08,96.493,8023.87
Fiji,2001,1012.534,366.0,957854.4099999999
Finland,2001,22425.276,2222.0,6475112.75
France,2001,15401.1,29713.3,94937878.82
French Guiana,2001,8075.146,23.0,26368.0
French Polynesia,2001,148.641,32.9491,23184.11
Gabon,2001,23699.784,2072.059,128394.64
Gambia,2001,352.083,484.0,861284.44
Georgia,2001,3044.88,3003.0,5261663.48
Germany,2001,11359.5,17034.0,81026603.85
Ghana,2001,6199.08,12898.0308,3762860.63
Greece,2001,3710.09,8438.0,3681022.25
Grenada,2001,17.7,13.0,14508.89
Guadeloupe,2001,72.198,48.0,194531.0
Guatemala,2001,4179.579,4824.15,7348341.0
Guinea,2001,6465.243,14062.496,8012277.85
Guinea-Bissau,2001,2202.724,671.565,1293843.63
Guyana,2001,18559.779,717.2756,350707.54000000004
Haiti,2001,383.8,1670.0,4205557.0
Honduras,2001,7090.992,2936.0,6067600.49
Hungary,2001,1933.692,5865.0,5185030.1
Iceland,2001,33.872,1889.0,371277.4
India,2001,67781.5,180487.0,543117000.0
Indonesia,2001,92393.26,45441.0,33008334.28
Iran (Islamic Republic of),2001,10751.0,63823.0,33371700.0
Iraq,2001,816.288,8486.1,5575999.8
Ireland,2001,639.362,4410.0,29018196.0
Israel,2001,153.1,561.0,2920556.6399999997
Italy,2001,8435.129,15502.0,44187672.480000004
Jamaica,2001,524.754,479.0,1106240.3
Japan,2001,24885.0,5213.0,23658965.28
Jordan,2001,70.7,1022.0,590818.53
Kazakhstan,2001,3149.455,214485.6,21704166.77
Kenya,2001,3822.436,26839.0,37664002.24
Kuwait,2001,5.03,151.0,86530.34
Kyrgyzstan,2001,1185.494,10776.0,5705214.1
Lao People's Democratic Republic,2001,14011.095,1841.0,4178133.0
Latvia,2001,3254.112,1581.0,2382333.8
Lebanon,2001,138.988,598.0,1256047.49
Lesotho,2001,34.52,2334.0,1883595.9
Liberia,2001,7969.862,1397.293,119029.77
Libya,2001,213.337,15450.0,582195.33
Lithuania,2001,2035.0,2896.0,5384710.890000001
Luxembourg,2001,86.9,128.0,884134.11
Madagascar,2001,12907.55,40843.0,20928432.07
Malawi,2001,3039.7,4830.0,2015917.28
Malaysia,2001,19616.98,6947.0,2283330.39
Mali,2001,12892.354,39309.0,15110319.219999999
Malta,2001,0.35,10.0,119759.66
Martinique,2001,48.895,33.0,96771.0
Mauritania,2001,956.057,39710.0,4346139.45
Mauritius,2001,41.573,102.0,80986.9
Mexico,2001,69449.859,106550.0,103158368.53999999
Micronesia (Federated States of),2001,63.887,5.5,35593.2
Mongolia,2001,14255.9,130129.5,9631827.0
Morocco,2001,5698.373,30370.0,11095729.06
Mozambique,2001,38651.591,37671.586,1761303.88
Myanmar,2001,34525.399,10939.0,28946816.43
Namibia,2001,8058.435,38820.0,6399850.26
Nepal,2001,5932.261,4259.0,18784676.0
Netherlands (Kingdom of the),2001,360.898,1922.7,27711669.45
New Caledonia,2001,837.967,248.0,315159.73
New Zealand,2001,9850.208,12182.0813,49166100.86
Nicaragua,2001,6006.38,5175.0,9486198.68
Niger,2001,1315.68,38000.0,13603486.4
Nigeria,2001,20175.147,65571.0404,42380126.3
Niue,2001,18.824,4.8,607.3
North Macedonia,2001,957.838,1242.0,1096589.68
Norway,2001,12193.561,1047.0,5317173.9
Oman,2001,1.6,1173.6,829039.85
Pakistan,2001,3301.702,36972.0,92863870.15
Palestine,2001,9.17,464.9089,353970.65
Panama,2001,4779.365,2240.4,4671850.17
Papua New Guinea,2001,34373.302,1093.0,261982.0
Paraguay,2001,21532.714,16882.9935,25241194.29
Peru,2001,73745.183,23012.5554,15506217.46
Philippines,2001,7262.306,11184.0,11430886.030000001
Poland,2001,9086.0,17788.0,34271291.85
Portugal,2001,3338.901,3853.82,6835360.51
Puerto Rico,2001,435.38,234.7,1536137.97
Qatar,2001,1.4,66.3,43084.3
Republic of Korea,2001,6467.1,1945.0,9723365.1
Republic of Moldova,2001,347.41,2539.0,2058620.6600000001
Romania,2001,6380.9,14798.0,17783747.14
Russian Federation,2001,813351.026,216861.0,148803294.84
Rwanda,2001,409.931,1897.0,2753231.59
Saint Kitts and Nevis,2001,11.0,9.3,11707.86
Saint Lucia,2001,29.26,13.9,30370.0
Saint Vincent and the Grenadines,2001,28.541,7.0,19096.66
Samoa,2001,171.289,48.0,87040.5
Sao Tome and Principe,2001,58.486,36.0,13001.029999999999
Saudi Arabia,2001,2768.05,173788.6668,1915225.3599999999
Senegal,2001,9022.365,8799.0,8197095.9399999995
Serbia and Montenegro,2001,3168.979,5592.0,8730269.0
Seychelles,2001,31.743,4.0,4011.7
Sierra Leone,2001,2909.703,3001.52,430358.74
Singapore,2001,17.083,1.2,1257.81
Slovakia,2001,1903.06,2255.0,3283638.4
Slovenia,2001,1234.4,510.0,2398462.41
Solomon Islands,2001,2531.602,77.0,44517.369999999995
Somalia,2001,7439.25,44071.0,14566291.83
South Africa,2001,20779.808,98013.0,40373138.0
Spain,2001,17241.156,29520.0,31417309.2
Sri Lanka,2001,2223.622,2351.0,3783952.88
Sudan (former),2001,33276.16,132093.0,102799999.0
Suriname,2001,14897.984,86.0,243710.88
Sweden,2001,28154.0,3053.9,9219302.0
Switzerland,2001,1200.034,1562.7446,10674213.01
Syrian Arab Republic,2001,465.891,13723.0,4719666.14
Tajikistan,2001,410.0,4573.0,3565681.1
Thailand,2001,20158.0,21988.0,13486966.21
Timor-Leste,2001,1085.17,336.6,481432.43
Togo,2001,1265.501,3420.0,891145.96
Tonga,2001,8.73,30.0,30861.11
Trinidad and Tobago,2001,236.226,60.0,113584.17
Tunisia,2001,671.399,9499.0,4179101.77
Turkmenistan,2001,2330.0,35500.0,7033057.1899999995
Uganda,2001,3350.693,12612.0,17330601.54
Ukraine,2001,9513.8,41385.0,55605503.66
United Arab Emirates,2001,315.428,562.0,403381.70999999996
United Kingdom of Great Britain and Northern Ireland,2001,2964.5,16953.0,47634881.33
United Republic of Tanzania,2001,53732.0,34100.0,46415577.69
United States of America,2001,304054.4,414944.0,439888944.3
Uruguay,2001,1372.254,14962.0,29493962.39
Uzbekistan,2001,3000.274,27325.0,25888113.82
Vanuatu,2001,964.665,177.0,334389.33
Venezuela (Bolivarian Republic of),2001,49146.627,21638.0,41926907.47
Viet Nam,2001,11944.496,9483.0,13144297.08
Yemen,2001,549.0,23595.0,5737687.24
Zambia,2001,47018.2,22555.0,7453162.0
Zimbabwe,2001,15552.471,15196.1166,27037872.35
World,2001,4233021.685,4874032.2678,4639825263.48
Africa,2001,743370.851,1091451.4144,664143071.11
Eastern Africa,2001,215646.665,282543.3226,273313982.34000003
Middle Africa,2001,350955.18,145576.903,67471761.99
Northern Africa,2001,42110.05,235863.0,146933945.54
Southern Africa,2001,45069.733,166192.0,55683668.7
Western Africa,2001,89589.223,261276.1888,120740383.56
Americas,2001,1718870.569,1150633.0353,1592251188.33
Northern America,2001,664874.676,476495.6608,492981688.68
Central America,2001,96557.575,124985.25,140166386.69
Caribbean,2001,7350.743,11829.6,25411348.97
South America,2001,950087.575,537322.5245,933692416.98
Asia,2001,580496.414,1679931.0801,1459793573.18
Central Asia,2001,10075.223,292659.6,63895567.01
Eastern Asia,2001,232435.181,664142.7144,424905938.81
Southern Asia,2001,95736.295,335679.0,767551100.23
South-eastern Asia,2001,212170.912,113063.8,115587401.11
Western Asia,2001,30078.803,274385.9657,87854217.03999999
Europe,2001,1007426.527,481966.2076,766425186.56
Eastern Europe,2001,857102.541,320395.0,299390078.27
Northern Europe,2001,74525.07,37766.093,119137001.22
Southern Europe,2001,42875.04,69134.57,107041991.56
Western Europe,2001,32923.876,54670.5446,240856850.52
Oceania,2001,182857.324,470050.5304,157213032.28
Australia and New Zealand,2001,142584.373,467883.0813,155122975.26
Melanesia,2001,39720.07,1961.0,1913221.85
Micronesia,2001,158.355,75.7,35593.2
Polynesia,2001,394.526,130.7491,141669.97999999998
European Union (27),2001,152649.736,180463.62,459420537.9
Least Developed Countries (LDCs),2001,640458.133,756758.4376,581653936.8299999
Land Locked Developing Countries (LLDCs),2001,317494.697,792366.3588,399673125.53999996
Small Island Developing States (SIDS),2001,86086.784,16300.4897,30366760.41
Low Income Food Deficit Countries (LIFDCs),2001,534656.356,786424.4182,585984364.26
Net Food Importing Developing Countries (NFIDCs),2001,863873.981,1143897.218,867318361.64
Afghanistan,2002,1209.44,37790.0,15166802.64
Albania,2002,771.854,1140.0,4176142.73
Algeria,2002,1706.87,39855.0,7625417.62
Angola,2002,74993.02,44438.0,10453544.77
Antigua and Barbuda,2002,9.316,9.0,51266.229999999996
Argentina,2002,52699.266,128710.0,164458126.28
Armenia,2002,332.57,1391.0,2906527.11
Australia,2002,132560.06,447000.0,108084731.47
Austria,2002,3842.84,2902.2,11229883.24
Azerbaijan,2002,996.274,4744.9,8207002.71
Bahamas,2002,509.86,11.0,3304.1
Bahrain,2002,1.37,9.69,109755.41
Bangladesh,2002,1913.912,9353.0,66000830.0
Barbados,2002,6.3,17.0,58879.76
Belarus,2002,8344.4,9025.0,20443888.68
Belgium,2002,671.814,1389.1,13970275.27
Belize,2002,1488.75,152.0,159663.75
Benin,2002,5392.26,3367.339,4505511.48
Bhutan,2002,2625.858,580.0,723019.47
Bolivia (Plurinational State of),2002,58768.726,37311.0,18055352.21
Bosnia and Herzegovina,2002,2109.852,2123.0,2107432.99
Botswana,2002,15727.9,25846.0,4658564.52
Brazil,2002,553593.784,228530.9,560135064.63
Brunei Darussalam,2002,393.6,13.0,96925.0
Bulgaria,2002,3447.4,5325.0,3634248.12
Burkina Faso,2002,6109.35,11468.7791,13435700.91
Burundi,2002,193.94,1834.0,888723.94
Cabo Verde,2002,38.78,75.0,69768.19
Cambodia,2002,10742.646,5000.0,8477380.83
Cameroon,2002,21458.088,9160.0,14209167.2
Canada,2002,361330.236,62091.0,53400577.74
Central African Republic,2002,46015.006,4971.5,8629071.95
Chad,2002,6188.2,48730.0,32965523.82
Chile,2002,17547.316,15565.0,14480456.33
China,2002,181722.516,524914.6889,376598833.39
"China, mainland",2002,181722.516,524060.6889,375528798.0
Colombia,2002,62342.62,41607.0,76579741.50999999
Comoros,2002,41.684,131.0,182146.74
Congo,2002,22111.0,10539.829,236315.96000000002
Cook Islands,2002,15.574,3.3,615.83
Costa Rica,2002,2855.39,1826.0,5017420.6
Croatia,2002,1892.0,1181.0,2422859.51
Cuba,2002,2801.07,6654.0,11005654.219999999
Cyprus,2002,171.856,140.0,346834.95999999996
Czechia,2002,2868.226,3652.06,7973625.9
Democratic People's Republic of Korea,2002,7475.866,2533.573,1873415.32
Democratic Republic of the Congo,2002,152440.336,25550.0,1870918.72
Denmark,2002,574.548,2665.0,11509418.75
Djibouti,2002,5.6,1701.6,856293.21
Dominica,2002,58.512,22.0,53490.83
Dominican Republic,2002,2169.896,2515.0,6780730.84
Ecuador,2002,13590.074,7490.0,17083912.36
Egypt,2002,3.944,3424.0,20482292.67
El Salvador,2002,699.87,1263.7,4365435.27
Equatorial Guinea,2002,2598.98,102.85,11833.91
Eritrea,2002,1579.552,7532.0,4830554.29
Estonia,2002,2258.316,698.2,1654087.08
Eswatini,2002,467.57,1224.0,1463267.87
Ethiopia,2002,27663.8,30498.0,101357570.18
Faroe Islands,2002,0.08,96.539,8123.73
Fiji,2002,1018.598,360.2,893008.78
Finland,2002,22404.912,2236.0,6407015.74
France,2002,15514.2,29610.7,94757272.06
French Guiana,2002,8070.852,23.0,26749.0
French Polynesia,2002,148.732,34.6775,17339.08
Gabon,2002,23697.948,2077.118,121697.81
Gambia,2002,346.296,491.0,871917.72
Georgia,2002,3051.06,3004.0,5564595.14
Germany,2002,11365.0,16967.0,79537087.32
Ghana,2002,6234.8,13050.4795,3796384.11
Greece,2002,3711.28,8343.0,3730351.25
Grenada,2002,17.7,13.0,14681.77
Guadeloupe,2002,72.126,47.0,235886.0
Guatemala,2002,4132.498,4886.58,7544913.0
Guinea,2002,6398.246,14097.619,8401679.24
Guinea-Bissau,2002,2198.328,680.01,1296143.63
Guyana,2002,18555.338,717.7067,316437.39
Haiti,2002,383.4,1670.0,4290106.0
Honduras,2002,7052.514,3028.0,6664780.88
Hungary,2002,1946.214,5849.0,5138856.18
Iceland,2002,35.524,1887.0,366518.86
India,2002,67972.0,180560.0,540630000.0
Indonesia,2002,92827.92,46041.0,33046892.4
Iran (Islamic Republic of),2002,10751.0,64044.0,31674427.29
Iraq,2002,814.956,8684.1,5427841.0
Ireland,2002,648.364,4373.0,28372603.0
Israel,2002,153.2,563.0,3041126.87
Italy,2002,8501.008,15273.0,45802211.09
Jamaica,2002,528.498,474.0,1116310.76
Japan,2002,24894.0,5175.0,24386599.54
Jordan,2002,70.7,1025.0,560317.39
Kazakhstan,2002,3141.98,213468.9,22636895.42
Kenya,2002,3828.662,26818.0,38629097.2
Kuwait,2002,5.07,151.0,104983.98000000001
Kyrgyzstan,2002,1190.088,10776.0,5782082.74
Lao People's Democratic Republic,2002,13972.15,1876.0,4229928.33
Latvia,2002,3267.224,1595.0,2240085.15
Lebanon,2002,139.086,616.0,1521229.2
Lesotho,2002,34.52,2304.0,1660037.43
Liberia,2002,7930.964,1427.5723,119037.77
Libya,2002,213.004,15450.0,665538.8
Lithuania,2002,2050.0,2885.0,5256861.23
Luxembourg,2002,87.1,128.0,863488.5800000001
Madagascar,2002,12800.74,40843.0,18958661.4
Malawi,2002,2997.7,4830.0,2398197.24
Malaysia,2002,19542.61,7037.5,2138167.32
Mali,2002,12791.808,39684.0,16716381.27
Malta,2002,0.35,10.0,116727.89
Martinique,2002,49.05,33.0,88039.0
Mauritania,2002,958.684,39710.0,4362013.45
Mauritius,2002,41.216,100.0,82053.93
Mexico,2002,69306.058,106550.0,105038093.5
Micronesia (Federated States of),2002,63.914,5.5,35593.2
Mongolia,2002,14247.9,130118.0,7153936.0
Morocco,2002,5698.076,30283.0,11557947.17
Mozambique,2002,38384.562,37893.172,1986354.15
Myanmar,2002,34182.688,10925.0,29816947.6
Namibia,2002,8057.79,38820.0,5876116.640000001
Nepal,2002,5949.002,4241.0,18863124.0
Netherlands (Kingdom of the),2002,362.296,1940.1,27926760.55
New Caledonia,2002,838.084,250.0,317062.42
New Zealand,2002,9849.976,12024.4045,51373362.43
Nicaragua,2002,5907.06,5199.0,9701458.14
Niger,2002,1303.26,38000.0,14401425.8
Nigeria,2002,20048.264,65705.7273,43833874.5
Niue,2002,18.818,4.8,607.3299999999999
North Macedonia,2002,958.126,1334.0,1079611.89
Norway,2002,12188.642,1046.0,5240458.55
Oman,2002,1.6,1273.4,846529.04
Pakistan,2002,3286.494,36884.0,94892973.19
Palestine,2002,9.26,468.7831,310823.06
Panama,2002,4767.95,2237.8,4644536.9
Papua New Guinea,2002,34351.384,1103.0,264026.0
Paraguay,2002,21155.718,17134.8798,24111237.11
Peru,2002,73445.846,23107.2348,16020471.629999999
Philippines,2002,7215.352,11135.0,11594617.0
Poland,2002,9113.0,16899.0,33845080.31
Portugal,2002,3329.232,3877.72,7107419.49
Puerto Rico,2002,441.61,222.0,1484367.69
Qatar,2002,1.4,65.7,49404.3
Republic of Korea,2002,6458.2,1919.0,9501340.65
Republic of Moldova,2002,350.42,2534.0,2152470.85
Romania,2002,6395.8,14818.0,17107190.259999998
Russian Federation,2002,814256.682,216651.0,149723370.69
Rwanda,2002,410.632,1888.0,2749141.06
Saint Kitts and Nevis,2002,11.0,8.1,11707.86
Saint Lucia,2002,29.46,13.1,31393.4
Saint Vincent and the Grenadines,2002,28.542,7.0,18332.93
Samoa,2002,170.808,47.0,94587.32
Sao Tome and Principe,2002,58.432,36.0,13501.74
Saudi Arabia,2002,2768.05,173781.3751,2036478.38
Senegal,2002,9006.82,8750.0,7823105.1
Serbia and Montenegro,2002,3228.758,5586.0,8525450.0
Seychelles,2002,31.526,4.0,4512.45
Sierra Leone,2002,2889.976,3230.08,429055.1
Singapore,2002,17.156,1.2,1286.88
Slovakia,2002,1904.71,2237.0,3341128.23
Slovenia,2002,1235.8,505.0,2478942.81
Solomon Islands,2002,2530.864,79.0,45791.61
Somalia,2002,7362.5,44090.0,14673134.45
South Africa,2002,20867.376,98028.0,41610251.629999995
Spain,2002,17388.382,29419.0,32217789.68
Sri Lanka,2002,2216.104,2356.0,3702490.2
Sudan (former),2002,33104.22,132614.0,103521001.0
Suriname,2002,14893.988,74.0,138692.03
Sweden,2002,28145.0,3139.9,9162206.780000001
Switzerland,2002,1203.888,1559.7256,10665056.1
Syrian Arab Republic,2002,471.012,13759.0,5137917.05
Tajikistan,2002,410.0,4571.0,3698392.01
Thailand,2002,20151.0,22081.0,13772763.370000001
Timor-Leste,2002,1083.77,336.2,496443.35
Togo,2002,1262.542,3440.0,901043.0
Tonga,2002,8.73,30.0,30862.309999999998
Trinidad and Tobago,2002,235.802,60.0,117306.34
Tunisia,2002,674.958,9763.0,4194711.6899999995
Turkmenistan,2002,2330.0,35350.0,7806490.77
Uganda,2002,3300.546,12812.0,18795901.78
Ukraine,2002,9517.6,41396.0,57398723.93
United Arab Emirates,2002,315.886,566.0,436432.58999999997
United Kingdom of Great Britain and Northern Ireland,2002,2975.0,16976.0,47793426.22
United Republic of Tanzania,2002,53329.0,34200.0,47738445.0
United States of America,2002,304572.8,413064.0,442122976.64
Uruguay,2002,1408.218,14923.0,31990539.369999997
Uzbekistan,2002,3039.088,27046.0,25854319.88
Vanuatu,2002,962.28,178.0,325517.0
Venezuela (Bolivarian Republic of),2002,49061.674,21638.0,42539378.89
Viet Nam,2002,12104.892,9455.0,13476095.58
Yemen,2002,549.0,23656.0,5912170.77
Zambia,2002,46982.4,22616.0,7262557.5600000005
Zimbabwe,2002,15446.752,15427.1169,24328399.310000002
World,2002,4229463.07,4865637.7619,4703038426.3
Africa,2002,739984.672,1094082.074,682641685.04
Eastern Africa,2002,214486.3,283286.9089,285854495.88
Middle Africa,2002,349561.01,145605.297,68510365.87
Northern Africa,2002,41940.15,236393.0,148045877.94
Southern Africa,2002,45155.156,166222.0,55267433.09
Western Africa,2002,88842.056,262574.8681,124964183.25999999
Americas,2002,1714662.238,1150310.3012,1629950142.84
Northern America,2002,665905.662,475398.8,495523217.38
Central America,2002,96210.09,125143.08,143134986.01
Caribbean,2002,7413.066,11804.9,25358730.7
South America,2002,945133.42,537963.5212,965933855.76
Asia,2002,583258.598,1680688.0101,1461490164.9099998
Central Asia,2002,10111.156,291211.9,65777476.82
Eastern Asia,2002,234798.482,664660.2619,419513100.90999997
Southern Asia,2002,95927.53,335820.0,771652950.8
South-eastern Asia,2002,212233.784,113900.9,117145593.66
Western Asia,2002,30187.646,275094.9482,87401713.72
Europe,2002,1008893.334,479355.6646,767476031.72
Eastern Europe,2002,858144.452,318386.06,300756966.14
Northern Europe,2002,74551.24,37650.439,118008698.14
Southern Europe,2002,43145.09,68815.57,109762934.32
Western Europe,2002,33052.552,54503.5956,238948169.12
Oceania,2002,182664.228,461201.712,161481187.78
Australia and New Zealand,2002,142410.526,459025.4045,159457908.9
Melanesia,2002,39701.21,1970.2,1844739.82
Micronesia,2002,158.48,75.7,35593.2
Polynesia,2002,394.012,130.4075,143370.88
European Union (27),2002,153096.872,178057.98,458144190.45
Least Developed Countries (LDCs),2002,636993.896,758820.5714,608348281.01
Land Locked Developing Countries (LLDCs),2002,316310.724,792400.0758,420133015.78999996
Small Island Developing States (SIDS),2002,86107.338,16286.1241,30140722.65
Low Income Food Deficit Countries (LIFDCs),2002,531922.362,788289.5903,610158736.5799999
Net Food Importing Developing Countries (NFIDCs),2002,859907.932,1146442.0862,895419678.9200001
Afghanistan,2003,1209.44,37884.0,14969068.68
Albania,2003,773.131,1121.0,4210249.87
Algeria,2003,1706.195,39905.7,7854421.54
Angola,2003,74482.99,44499.0,10243208.59
Antigua and Barbuda,2003,9.249,9.0,52602.31
Argentina,2003,52327.789,129103.3,175723481.6
Armenia,2003,332.535,1444.0,2991604.94
Australia,2003,132386.445,439500.0,103960195.91
Austria,2003,3845.19,2885.23,10942874.54
Azerbaijan,2003,1000.801,4754.6,8636996.42
Bahamas,2003,509.86,11.0,3546.38
Bahrain,2003,1.37,9.58,80332.59
Bangladesh,2003,1910.703,9328.0,66605070.0
Barbados,2003,6.3,17.0,54567.64
Belarus,2003,8380.1,8986.0,19781793.77
Belgium,2003,674.071,1392.2,13278502.09
Belize,2003,1481.16,152.0,169115.18
Benin,2003,5251.255,3470.997,4594005.76
Bhutan,2003,2635.787,583.0,738490.11
Bolivia (Plurinational State of),2003,58610.104,36647.0,18519799.11
Bosnia and Herzegovina,2003,2108.953,2169.0,2277094.0
Botswana,2003,15727.9,25796.0,4746055.3100000005
Brazil,2003,550030.491,228634.6,585570191.06
Brunei Darussalam,2003,391.9,13.0,99373.5
Bulgaria,2003,3483.6,5326.0,3801620.6399999997
Burkina Faso,2003,5975.04,11596.6096,19678279.95
Burundi,2003,193.94,1833.0,954326.71
Cabo Verde,2003,39.22,75.0,67293.42
Cambodia,2003,10723.469,5100.0,8637358.8
Cameroon,2003,21388.387,9160.0,14616762.61
Canada,2003,361842.844,61946.0,51194822.38
Central African Republic,2003,45980.014,4957.3,8819290.29
Chad,2003,6105.93,48830.0,34694341.67
Chile,2003,17608.679,15425.0,14246931.379999999
China,2003,184083.499,525505.5333,387161664.74
"China, mainland",2003,184083.499,524654.5333,386106834.0
Colombia,2003,62228.76,42051.0,76700379.58
Comoros,2003,41.136,132.0,152607.16
Congo,2003,22099.0,10540.163,255796.37
Cook Islands,2003,15.576,2.7,494.99
Costa Rica,2003,2858.56,1829.0,5006637.2
Croatia,2003,1895.5,1196.0,2399954.4699999997
Cuba,2003,2852.105,6638.0,10748933.2
Cyprus,2003,171.979,154.0,377069.57
Czechia,2003,2869.699,3668.42,7769974.88
Democratic People's Republic of Korea,2003,7486.084,2534.325,1896405.8900000001
Democratic Republic of the Congo,2003,151765.349,25550.0,1869204.83
Denmark,2003,576.022,2658.0,11296811.33
Djibouti,2003,5.6,1701.7,856310.1799999999
Dominica,2003,58.493,22.0,53498.94
Dominican Republic,2003,2171.944,2368.6794,6670933.55
Ecuador,2003,13519.861,7250.0,17004746.810000002
Egypt,2003,3.961,3409.0,21423549.33
El Salvador,2003,696.9,1254.7,3943315.37
Equatorial Guinea,2003,2590.68,102.85,11954.68
Eritrea,2003,1573.573,7567.0,5085085.53
Estonia,2003,2268.029,828.7,1559631.03
Eswatini,2003,466.07,1224.0,1632492.8
Ethiopia,2003,27591.0,31607.0,97483045.5
Faroe Islands,2003,0.08,96.539,8134.13
Fiji,2003,1024.662,354.4,861928.94
Finland,2003,22384.548,2246.0,6320787.51
France,2003,15627.3,29534.6,92284928.38
French Guiana,2003,8066.558,23.0,25852.0
French Polynesia,2003,148.823,34.4058,22545.78
Gabon,2003,23696.112,2082.177,128131.3
Gambia,2003,340.509,471.0,1037283.84
Georgia,2003,3057.24,3006.0,5673139.47
Germany,2003,11370.5,17001.0,77623397.38
Ghana,2003,6270.52,12591.1292,3801159.81
Greece,2003,3712.47,8252.0,3719630.52
Grenada,2003,17.7,12.0,14859.21
Guadeloupe,2003,72.054,46.0,209977.0
Guatemala,2003,4085.417,4949.0,7197486.0
Guinea,2003,6331.249,14114.626,8891141.61
Guinea-Bissau,2003,2193.932,688.455,1331831.7
Guyana,2003,18550.897,718.1378,322760.81
Haiti,2003,383.0,1670.0,4328289.0
Honduras,2003,7014.036,3153.0,7580859.99
Hungary,2003,1958.736,5865.0,4578559.49
Iceland,2003,37.176,1885.0,361248.92
India,2003,68162.5,180249.0,539059984.0
Indonesia,2003,93262.58,46541.0,32030622.48
Iran (Islamic Republic of),2003,10751.0,64265.0,33149060.84
Iraq,2003,813.624,8684.9,4251729.4399999995
Ireland,2003,657.366,4370.0,28685821.0
Israel,2003,153.3,551.0,3172443.59
Italy,2003,8566.887,14907.0,44667932.24
Jamaica,2003,532.242,474.0,1183342.76
Japan,2003,24903.0,5140.0,24257776.28
Jordan,2003,70.7,1005.0,561636.06
Kazakhstan,2003,3134.505,213001.4,23730784.42
Kenya,2003,3834.888,26874.0,40488466.6
Kuwait,2003,5.11,151.0,120308.95
Kyrgyzstan,2003,1194.682,10840.0,5872492.95
Lao People's Democratic Republic,2003,13933.205,1911.0,4309860.67
Latvia,2003,3280.336,1582.0,2324873.38
Lebanon,2003,139.184,627.0,1541495.3
Lesotho,2003,34.52,2304.0,1730319.1099999999
Liberia,2003,7892.066,1457.8479,119044.77
Libya,2003,212.671,15450.0,643003.4
Lithuania,2003,2065.0,2541.0,5170686.48
Luxembourg,2003,87.3,128.0,843038.63
Madagascar,2003,12693.93,40843.0,19253492.45
Malawi,2003,2955.7,4980.0,2491137.12
Malaysia,2003,19468.24,7116.24,2185952.0700000003
Mali,2003,12691.262,40726.0,17315886.55
Malta,2003,0.35,10.4,109797.69
Martinique,2003,49.205,32.0,86071.0
Mauritania,2003,961.311,39710.0,4457356.55
Mauritius,2003,40.859,99.0,79960.70999999999
Mexico,2003,69162.257,106550.0,105651608.41
Micronesia (Federated States of),2003,63.941,5.5,35593.2
Mongolia,2003,14239.9,114271.4,6791732.0
Morocco,2003,5697.779,30876.0,11522569.69
Mozambique,2003,38117.533,38114.758,2243019.62
Myanmar,2003,33839.977,10982.0,30649775.58
Namibia,2003,8057.145,38820.0,5918020.140000001
Nepal,2003,5965.743,4227.0,18979325.0
Netherlands (Kingdom of the),2003,363.694,1913.7,28012226.63
New Caledonia,2003,838.201,243.6,314330.43
New Zealand,2003,9849.744,11858.0,53615993.72
Nicaragua,2003,5807.74,5217.0,10184139.030000001
Niger,2003,1290.84,38412.0,15198345.0
Nigeria,2003,19921.381,65839.9125,42276001.1
Niue,2003,18.812,4.8,608.38
North Macedonia,2003,958.414,1301.0,1191048.18
Norway,2003,12183.723,1040.0,5210372.1
Oman,2003,1.6,1373.0,910399.0
Pakistan,2003,3271.286,36842.0,97022765.02
Palestine,2003,9.35,465.4969,306991.15
Panama,2003,4756.535,2235.2,4491843.6
Papua New Guinea,2003,34329.466,1108.0,268073.9
Paraguay,2003,20778.722,17360.2402,25752342.689999998
Peru,2003,73146.509,23201.9141,16292268.67
Philippines,2003,7168.398,11240.0,11490308.280000001
Poland,2003,9140.0,16169.0,33969926.92
Portugal,2003,3319.563,3813.68,6906410.91
Puerto Rico,2003,447.84,215.6,1496757.12
Qatar,2003,1.4,66.2,42157.96
Republic of Korea,2003,6449.3,1902.0,9182652.44
Republic of Moldova,2003,353.43,2528.0,2167461.77
Romania,2003,6410.7,14800.0,17000397.310000002
Russian Federation,2003,815162.338,216277.0,148905222.1
Rwanda,2003,411.333,1886.0,3274608.36
Saint Kitts and Nevis,2003,11.0,8.1,11707.86
Saint Lucia,2003,29.66,12.4,31387.11
Saint Vincent and the Grenadines,2003,28.543,7.0,16563.86
Samoa,2003,170.327,45.0,89966.29000000001
Sao Tome and Principe,2003,58.378,36.0,14051.33
Saudi Arabia,2003,2768.05,173777.0835,2094774.85
Senegal,2003,8991.275,8632.0,7911591.1
Serbia and Montenegro,2003,3288.537,5595.0,8247240.0
Seychelles,2003,31.309,4.0,4068.45
Sierra Leone,2003,2870.249,3566.67,481743.63
Singapore,2003,17.229,0.8,1267.17
Slovakia,2003,1906.36,2236.0,3152933.4699999997
Slovenia,2003,1237.2,510.0,2459569.15
Solomon Islands,2003,2530.126,83.0,46009.55
Somalia,2003,7285.75,44109.0,14712020.22
South Africa,2003,20954.944,97928.0,41445424.730000004
Spain,2003,17535.608,29153.0,32668041.35
Sri Lanka,2003,2208.586,2385.9,3806519.2
Sudan (former),2003,32932.28,134530.0,109580921.0
Suriname,2003,14889.992,80.5,132250.37
Sweden,2003,28136.0,3128.7,8974437.0
Switzerland,2003,1207.742,1556.6689,10502163.08
Syrian Arab Republic,2003,476.133,13813.0,5318692.6
Tajikistan,2003,410.0,4596.0,3857455.23
Thailand,2003,20144.0,22174.0,14268019.46
Timor-Leste,2003,1082.37,333.8,445892.67000000004
Togo,2003,1259.583,3460.0,883006.4
Tonga,2003,8.73,30.0,30862.510000000002
Trinidad and Tobago,2003,235.378,60.0,109496.56
Tunisia,2003,678.517,9784.0,3825190.54
Turkmenistan,2003,2330.0,35190.0,8558422.48
Uganda,2003,3250.399,13112.0,20439719.57
Ukraine,2003,9521.4,41355.0,58793771.29
United Arab Emirates,2003,316.344,554.0,636606.08
United Kingdom of Great Britain and Northern Ireland,2003,2985.5,16956.0,48225890.33
United Republic of Tanzania,2003,52926.0,34270.0,49038127.65
United States of America,2003,305091.2,413022.72,440355848.19
Uruguay,2003,1444.182,14927.0,33317353.34
Uzbekistan,2003,3077.902,26865.0,27226234.41
Vanuatu,2003,959.895,180.0,350483.32999999996
Venezuela (Bolivarian Republic of),2003,48976.721,21540.0,43012554.55
Viet Nam,2003,12265.288,9537.0,14424242.899999999
Yemen,2003,549.0,23495.0,6545031.02
Zambia,2003,46946.6,22909.0,6978457.37
Zimbabwe,2003,15341.033,15609.9177,23272420.66
World,2003,4225904.455,4846777.8578,4767687351.01
Africa,2003,736598.493,1100756.8338,699961412.47
Eastern Africa,2003,213325.935,285719.3957,286944102.84000003
Middle Africa,2003,348166.84,145757.49,70651541.65
Northern Africa,2003,41770.25,238958.7,154848639.49
Southern Africa,2003,45240.579,166072.0,55471522.09
Western Africa,2003,88094.889,264249.2481,132046279.38
Americas,2003,1710453.907,1150278.9916,1667461840.77
Northern America,2003,666936.648,475212.82,491550329.57
Central America,2003,95862.605,125339.9,144223682.77
Caribbean,2003,7475.389,11632.4794,25069856.47
South America,2003,940179.265,538093.7921,1006618632.95
Asia,2003,586020.782,1665145.2587,1480273563.9099998
Central Asia,2003,10147.089,290492.4,69244673.47
Eastern Asia,2003,237161.783,649353.2583,429289257.33000004
Southern Asia,2003,96118.765,335775.9,774329585.84
South-eastern Asia,2003,212296.656,114948.84,118540762.62
Western Asia,2003,30296.489,274574.8604,88869952.66
Europe,2003,1010360.141,477065.5079,760396155.96
Eastern Europe,2003,859186.363,317210.42,299919926.64
Northern Europe,2003,74577.41,37385.109,118136555.19
Southern Europe,2003,43415.14,68051.94,108854939.39
Western Europe,2003,33181.228,54418.0389,233485477.74
Oceania,2003,182471.132,453531.2658,159595164.91
Australia and New Zealand,2003,142236.679,451359.0,157576004.63
Melanesia,2003,39682.35,1969.0,1840164.15
Micronesia,2003,158.605,75.7,35593.2
Polynesia,2003,393.498,127.5658,143836.95
European Union (27),2003,153544.008,176269.63,450893550.98
Least Developed Countries (LDCs),2003,633529.659,765126.4635,627322965.09
Land Locked Developing Countries (LLDCs),2003,315126.751,779186.4675,432997250.99
Small Island Developing States (SIDS),2003,86127.892,16122.238,29808183.73
Low Income Food Deficit Countries (LIFDCs),2003,529188.368,794292.6692,631539462.02
Net Food Importing Developing Countries (NFIDCs),2003,855941.883,1137467.735,919905091.4200001
Afghanistan,2004,1209.44,37928.0,14416347.74
Albania,2004,774.408,1122.0,4134700.6799999997
Algeria,2004,1705.52,41145.0,8371892.08
Angola,2004,73972.96,44310.0,9699714.66
Antigua and Barbuda,2004,9.182,9.0,53625.29
Argentina,2004,51956.312,129496.6,186581296.2
Armenia,2004,332.5,1505.0,3124343.7
Australia,2004,132212.83,394906.0,105038546.87
Austria,2004,3847.54,2867.4,10742756.16
Azerbaijan,2004,1005.328,4754.9,8886410.03
Bahamas,2004,509.86,11.0,3767.52
Bahrain,2004,1.37,9.48,65612.55
Bangladesh,2004,1907.494,9323.0,66783470.0
Barbados,2004,6.3,16.0,46149.34
Belarus,2004,8415.8,8957.0,20205136.32
Belgium,2004,676.328,1391.3,12805968.69
Belize,2004,1473.57,152.0,178403.34
Benin,2004,5110.25,3459.245,4695857.51
Bhutan,2004,2645.716,584.0,754071.6599999999
Bolivia (Plurinational State of),2004,58451.482,36617.0,18995641.09
Bosnia and Herzegovina,2004,2108.054,2169.4,2388563.86
Botswana,2004,15727.9,25827.0,4886981.37
Brazil,2004,546467.198,228738.3,610189200.19
Brunei Darussalam,2004,390.2,13.0,83768.2
Bulgaria,2004,3519.8,5330.0,4112397.33
Burkina Faso,2004,5840.73,11739.44,20071786.39
Burundi,2004,193.94,1848.0,962055.84
Cabo Verde,2004,39.66,76.0,68638.19
Cambodia,2004,10704.292,5230.0,8781297.57
Cameroon,2004,21318.686,9210.0,14948855.93
Canada,2004,362355.452,61801.0,57561000.120000005
Central African Republic,2004,45945.022,4954.0,9207774.879999999
Chad,2004,6023.66,48830.0,36508612.76
Chile,2004,17670.042,15935.0,14792840.45
China,2004,186444.482,526091.3778,398322914.26
"China, mainland",2004,186444.482,525248.3778,397301493.0
Colombia,2004,62114.9,42391.0,78407586.93
Comoros,2004,40.588,133.0,160249.21
Congo,2004,22087.0,10543.281,381242.53
Cook Islands,2004,15.578,2.6,626.79
Costa Rica,2004,2861.73,1822.0,4912955.3
Croatia,2004,1899.0,1176.0,2530533.32
Cuba,2004,2903.14,6528.0,10536724.0
Cyprus,2004,172.102,156.0,364469.47
Czechia,2004,2871.172,3631.39,7443306.41
Democratic People's Republic of Korea,2004,7496.302,2538.878,1861919.13
Democratic Republic of the Congo,2004,151090.362,25550.0,1865645.06
Denmark,2004,577.496,2646.0,11067517.05
Djibouti,2004,5.6,1701.7,769648.36
Dominica,2004,58.474,22.0,53506.05
Dominican Republic,2004,2173.992,2322.8812,7317292.13
Ecuador,2004,13449.648,7527.0,17451650.89
Egypt,2004,3.978,3478.0,21679242.67
El Salvador,2004,693.93,1280.7,3881787.67
Equatorial Guinea,2004,2582.38,102.85,11954.68
Eritrea,2004,1567.594,7500.0,5180132.57
Estonia,2004,2277.742,770.4,1641804.78
Eswatini,2004,464.57,1224.0,1691671.24
Ethiopia,2004,27518.2,33101.0,96795499.18
Faroe Islands,2004,0.08,96.539,7961.6900000000005
Fiji,2004,1030.726,348.6,849915.75
Finland,2004,22364.184,2253.0,6144840.75
France,2004,15740.4,29458.4,90264843.32
French Guiana,2004,8062.264,23.0,29591.0
French Polynesia,2004,148.914,34.1342,25210.64
Gabon,2004,23694.276,2087.236,133381.21
Gambia,2004,334.722,478.0,1068736.65
Georgia,2004,3063.42,2492.0,5759104.05
Germany,2004,11376.0,17013.0,77092203.81
Ghana,2004,6306.24,11869.5739,3793036.87
Greece,2004,3713.66,8080.0,3811157.16
Grenada,2004,17.7,12.0,15045.42
Guadeloupe,2004,71.982,45.0,200363.0
Guatemala,2004,4038.336,4723.0,7493638.0
Guinea,2004,6264.252,14119.941,9375202.1
Guinea-Bissau,2004,2189.536,696.9,1333031.7
Guyana,2004,18546.456,718.5689,322978.49
Haiti,2004,382.6,1670.0,4341103.640000001
Honduras,2004,6975.558,3140.0,7851789.140000001
Hungary,2004,1971.258,5864.0,4336356.859999999
Iceland,2004,38.828,1884.0,356533.64
India,2004,68353.0,180375.0,550235000.0
Indonesia,2004,93697.24,46632.6306,31893255.02
Iran (Islamic Republic of),2004,10751.0,64486.0,34551859.6
Iraq,2004,812.292,8629.5,4671723.2
Ireland,2004,666.368,4305.0,28475198.990000002
Israel,2004,153.4,513.5,3078972.66
Italy,2004,8632.766,14883.0,44099989.769999996
Jamaica,2004,535.986,472.0,1025426.8300000001
Japan,2004,24912.0,5110.0,24148045.28
Jordan,2004,70.7,1037.0,735303.77
Kazakhstan,2004,3127.03,212670.5,25266124.68
Kenya,2004,3841.114,26992.0,41987514.6
Kuwait,2004,5.15,150.0,107357.89
Kyrgyzstan,2004,1199.276,10770.0,5863012.24
Lao People's Democratic Republic,2004,13894.26,1946.0,4414287.0
Latvia,2004,3293.448,1642.0,2286123.95
Lebanon,2004,139.282,638.3,1462926.83
Lesotho,2004,34.52,2314.0,1715754.3399999999
Liberia,2004,7853.168,1488.104,119052.78
Libya,2004,212.338,15385.0,651292.94
Lithuania,2004,2080.0,2604.3,5318869.140000001
Luxembourg,2004,87.5,128.0,831778.52
Madagascar,2004,12587.12,40843.0,19496695.29
Malawi,2004,2913.7,4980.0,2491378.36
Malaysia,2004,19393.87,7131.7,2265535.51
Mali,2004,12590.716,39691.0,17880907.02
Malta,2004,0.35,10.0,105857.85
Martinique,2004,49.36,30.0,89907.0
Mauritania,2004,963.938,39710.0,4043526.66
Mauritius,2004,40.502,98.0,86731.64
Mexico,2004,69018.456,106570.0,107229892.59
Micronesia (Federated States of),2004,63.968,5.5,35593.2
Mongolia,2004,14231.9,114152.7,6528350.0
Morocco,2004,5697.482,30041.0,11644282.43
Mozambique,2004,37850.504,38336.344,2533291.25
Myanmar,2004,33497.266,11082.0,31261580.939999998
Namibia,2004,8056.5,38820.0,5712701.26
Nepal,2004,5982.484,4218.0,19142247.0
Netherlands (Kingdom of the),2004,365.092,1949.4,28267271.08
New Caledonia,2004,838.318,236.6,313115.66000000003
New Zealand,2004,9849.512,11890.0,56179009.29
Nicaragua,2004,5708.42,5225.0,10276351.8
Niger,2004,1278.42,38472.0,16176189.0
Nigeria,2004,19794.498,65960.7441,43921655.0
Niue,2004,18.806,4.8,608.43
North Macedonia,2004,958.702,1262.0,1099917.96
Norway,2004,12178.804,1040.0,5177577.8
Oman,2004,1.6,1472.0,932084.28
Pakistan,2004,3256.078,36045.0,99152867.06
Palestine,2004,9.44,465.8978,285481.3
Panama,2004,4745.12,2232.6,4514011.33
Papua New Guinea,2004,34307.548,1123.0,270970.06
Paraguay,2004,20401.726,17575.1027,24413898.53
Peru,2004,72847.172,23296.5935,16505233.96
Philippines,2004,7121.444,11470.0,11764522.24
Poland,2004,9167.0,16327.0,33512905.08
Portugal,2004,3309.894,3869.61,7119240.23
Puerto Rico,2004,454.07,209.0,1429467.4100000001
Qatar,2004,1.4,65.2,48154.66
Republic of Korea,2004,6440.4,1893.0,9360416.06
Republic of Moldova,2004,356.44,2522.0,2091388.1
Romania,2004,6425.6,14130.0,16779054.490000002
Russian Federation,2004,816067.994,215980.0,142013383.42000002
Rwanda,2004,412.034,1883.0,3294701.7
Saint Kitts and Nevis,2004,11.0,8.03,11707.86
Saint Lucia,2004,29.86,11.1,32655.28
Saint Vincent and the Grenadines,2004,28.544,7.0,16563.86
Samoa,2004,169.846,43.0,93215.51000000001
Sao Tome and Principe,2004,58.324,35.0,12147.09
Saudi Arabia,2004,2768.05,173778.7918,2130389.32
Senegal,2004,8975.73,8687.0,7987726.6
Serbia and Montenegro,2004,3348.316,5591.0,8026909.0
Seychelles,2004,31.092,4.0,3508.2200000000003
Sierra Leone,2004,2850.522,3772.73,556364.76
Singapore,2004,17.302,0.8,1306.59
Slovakia,2004,1908.01,1934.0,2909295.41
Slovenia,2004,1238.6,492.0,2343464.8
Solomon Islands,2004,2529.388,83.0,47983.99
Somalia,2004,7209.0,44157.0,14887936.59
South Africa,2004,21042.512,97608.0,42123984.09
Spain,2004,17682.834,29071.0,32643515.68
Sri Lanka,2004,2201.068,2288.4,3840863.6
Sudan (former),2004,32760.34,134497.0,110569921.0
Suriname,2004,14885.996,77.5,137665.83000000002
Sweden,2004,28127.0,3153.2,9068014.219999999
Switzerland,2004,1211.596,1553.5559,10333141.32
Syrian Arab Republic,2004,481.254,13905.0,5763538.8
Tajikistan,2004,410.0,4650.0,4138703.48
Thailand,2004,20137.0,22267.0,15070922.7
Timor-Leste,2004,1080.97,333.4,400545.0
Togo,2004,1256.624,3480.0,907047.2
Tonga,2004,8.73,30.0,30862.71
Trinidad and Tobago,2004,234.954,55.0,109421.57
Tunisia,2004,682.076,9830.0,3647480.31
Turkmenistan,2004,2330.0,35050.0,8728778.5
Uganda,2004,3200.252,13262.0,21032945.939999998
Ukraine,2004,9525.2,41354.0,51750974.13
United Arab Emirates,2004,316.802,554.0,614311.15
United Kingdom of Great Britain and Northern Ireland,2004,2996.0,17051.0,48084734.78
United Republic of Tanzania,2004,52523.0,34757.1,49355914.620000005
United States of America,2004,305609.6,412981.44,425901961.61
Uruguay,2004,1480.146,14829.0,35532878.95
Uzbekistan,2004,3116.716,26684.0,30387730.28
Vanuatu,2004,957.51,181.0,350799.53
Venezuela (Bolivarian Republic of),2004,48891.768,21590.0,42082445.21
Viet Nam,2004,12425.684,9795.6,15813224.41
Yemen,2004,549.0,23557.0,6649666.9
Zambia,2004,46910.8,22897.0,6803315.07
Zimbabwe,2004,15235.314,15957.417,22555016.29
World,2004,4222345.84,4805045.0843,4829387670.25
Africa,2004,733212.314,1103187.973,710146434.65
Eastern Africa,2004,212165.57,288517.581,288542500.73
Middle Africa,2004,346772.67,145622.367,72768147.77
Northern Africa,2004,41600.35,239380.0,156563104.42000002
Southern Africa,2004,45326.002,165793.0,56130283.28
Western Africa,2004,87347.722,263875.025,136143075.42000002
Americas,2004,1706245.576,1151576.9163,1700520085.8200002
Northern America,2004,667967.634,475026.84,483462621.73
Central America,2004,95515.12,125145.3,146337541.17000002
Caribbean,2004,7537.712,11457.7112,25279972.189999998
South America,2004,935225.11,539947.065,1045440622.73
Asia,2004,588782.966,1665664.556,1514070656.94
Central Asia,2004,10183.022,289824.5,74383644.2
Eastern Asia,2004,239525.084,649785.9558,440220657.73
Southern Asia,2004,96310.0,335258.4,788876030.6700001
South-eastern Asia,2004,212359.528,115902.1306,121748259.19
Western Asia,2004,30405.332,274893.5696,88842742.16
Europe,2004,1011826.948,475645.5149,741416761.45
Eastern Europe,2004,860228.274,316029.39,285152487.52
Northern Europe,2004,74603.58,37498.739,117626991.78
Southern Europe,2004,43685.19,67749.82,108301747.24000001
Western Europe,2004,33309.904,54367.5659,230336285.9
Oceania,2004,182278.036,408970.1242,163234526.42
Australia and New Zealand,2004,142062.832,406797.0,161217364.16
Melanesia,2004,39663.49,1972.2,1832115.98
Micronesia,2004,158.73,75.7,35593.2
Polynesia,2004,392.984,125.2242,149885.08000000002
European Union (27),2004,153991.144,175135.4,446112406.26
Least Developed Countries (LDCs),2004,630065.422,767089.604,633791750.91
Land Locked Developing Countries (LLDCs),2004,313942.778,779869.0597,440321196.39
Small Island Developing States (SIDS),2004,86148.446,15952.8043,30000370.71
Low Income Food Deficit Countries (LIFDCs),2004,526454.374,796623.38,642993373.41
Net Food Importing Developing Countries (NFIDCs),2004,851975.834,1138610.5918,930077466.54
Afghanistan,2005,1209.44,37917.0,14832661.7
Albania,2005,775.685,1077.0,4146354.24
Algeria,2005,1704.845,41211.0,8257180.15
Angola,2005,73462.93,44183.0,10742672.64
Antigua and Barbuda,2005,9.115,9.0,53633.020000000004
Argentina,2005,51584.835,129920.9,187499479.38
Armenia,2005,332.465,1605.0,3201077.18
Australia,2005,132039.215,410230.0,104250044.95
Austria,2005,3849.89,2856.8,10633286.51
Azerbaijan,2005,1009.855,4758.6,9214310.94
Bahamas,2005,509.86,11.0,3867.52
Bahrain,2005,1.37,9.37,69108.45
Bangladesh,2005,1904.285,9311.0,67080770.0
Barbados,2005,6.3,16.0,39933.14
Belarus,2005,8451.5,8949.0,21525398.71
Belgium,2005,678.585,1383.0,12576730.870000001
Belize,2005,1465.98,152.0,155981.35
Benin,2005,4969.245,3473.552,4696052.51
Bhutan,2005,2655.645,593.0,857161.54
Bolivia (Plurinational State of),2005,58292.86,36962.0,19414819.97
Bosnia and Herzegovina,2005,2107.155,2157.0,2520826.35
Botswana,2005,15727.9,25815.0,5037995.24
Brazil,2005,542903.905,228842.0,630053709.81
Brunei Darussalam,2005,388.5,13.0,64518.15
Bulgaria,2005,3556.0,5265.0,3882745.35
Burkina Faso,2005,5706.42,11881.2705,20477196.2
Burundi,2005,193.94,1819.0,1043907.02
Cabo Verde,2005,40.1,76.0,78314.20999999999
Cambodia,2005,10685.115,5356.0,9193955.3
Cameroon,2005,21248.985,9213.0,15198023.59
Canada,2005,362868.06,61656.0,58297565.84
Central African Republic,2005,45910.03,4951.9,9409860.25
Chad,2005,5941.39,48930.0,38420879.16
Chile,2005,17731.405,15885.0,14759028.11
China,2005,188805.465,526682.2222,403769033.21000004
"China, mainland",2005,188805.465,525842.2222,402765981.0
Colombia,2005,62001.04,42557.0,81124927.09
Comoros,2005,40.04,133.0,157088.03
Congo,2005,22075.0,10545.654,507070.41000000003
Cook Islands,2005,15.58,2.5,638.9
Costa Rica,2005,2864.9,1805.0,5108686.3
Croatia,2005,1902.5,1211.0,2657569.5300000003
Cuba,2005,2954.175,6637.0,9893083.2
Cyprus,2005,172.225,167.0,362539.11
Czechia,2005,2872.645,3605.49,7284721.53
Democratic People's Republic of Korea,2005,7506.52,2590.496,1858664.71
Democratic Republic of the Congo,2005,150415.375,25550.0,1862127.8599999999
Denmark,2005,578.97,2707.0,10588014.06
Djibouti,2005,5.6,1701.7,829345.69
Dominica,2005,58.455,22.0,53514.17
Dominican Republic,2005,2176.04,2332.9288,6804597.890000001
Ecuador,2005,13379.435,7500.0,16990187.96
Egypt,2005,3.995,3523.0,22668691.33
El Salvador,2005,690.96,1218.6,3952822.73
Equatorial Guinea,2005,2574.08,102.98,11954.68
Eritrea,2005,1561.615,7522.0,5281171.53
Estonia,2005,2287.455,881.9,1591717.45
Eswatini,2005,463.07,1224.0,1681955.5
Ethiopia,2005,27445.4,33591.0,99445707.72999999
Faroe Islands,2005,0.08,96.539,7277.28
Fiji,2005,1036.79,342.8,866396.1799999999
Finland,2005,22343.82,2273.8,6005633.25
France,2005,15853.5,29390.4,89600576.18
French Guiana,2005,8057.97,23.0,33850.0
French Polynesia,2005,149.005,33.8625,19262.0
Gabon,2005,23692.44,2092.295,137583.24
Gambia,2005,328.935,485.0,1073944.08
Georgia,2005,3069.6,2520.0,5663668.37
Germany,2005,11381.5,17031.0,75307633.22
Ghana,2005,6341.96,12119.5796,3900096.6799999997
Greece,2005,3714.85,8005.0,3714773.29
Grenada,2005,17.7,9.0,15233.58
Guadeloupe,2005,71.91,44.0,200968.0
Guatemala,2005,3991.255,4562.0,7677967.0
Guinea,2005,6197.255,14129.417,9885545.45
Guinea-Bissau,2005,2185.14,705.345,1357874.43
Guyana,2005,18542.015,719.0,323214.93
Haiti,2005,382.2,1770.0,4363408.0
Honduras,2005,6937.08,3150.0,8122529.34
Hungary,2005,1983.78,5863.0,4246974.45
Iceland,2005,40.48,1882.0,350260.2
India,2005,68543.5,180126.0,561945984.0
Indonesia,2005,94131.9,46824.2612,31569125.759999998
Iran (Islamic Republic of),2005,10751.0,47631.0,35601856.0
Iraq,2005,810.96,8775.4,4965277.6
Ireland,2005,675.37,4302.0,27577530.0
Israel,2005,153.5,514.5,3192775.13
Italy,2005,8698.645,14736.0,43365560.55
Jamaica,2005,539.73,467.0,962356.14
Japan,2005,24921.0,5080.0,23787966.509999998
Jordan,2005,70.7,1013.0,541846.64
Kazakhstan,2005,3119.555,212286.0,26566571.53
Kenya,2005,3847.34,27002.0,41918452.6
Kuwait,2005,5.19,150.0,117869.93
Kyrgyzstan,2005,1203.87,10745.0,5945710.43
Lao People's Democratic Republic,2005,13855.315,1985.0,4421426.0
Latvia,2005,3306.56,1734.0,2237839.36
Lebanon,2005,139.38,653.0,1634137.35
Lesotho,2005,34.52,2327.0,1861521.56
Liberia,2005,7814.27,1517.9629,119060.79000000001
Libya,2005,212.005,15385.0,658613.86
Lithuania,2005,2095.0,2837.0,5191079.96
Luxembourg,2005,87.7,129.0,815357.66
Madagascar,2005,12480.31,40893.0,22603149.12
Malawi,2005,2871.7,5180.0,2573287.56
Malaysia,2005,19319.5,7134.41,2234548.6
Mali,2005,12490.17,40392.0,18463209.18
Malta,2005,0.35,9.3,111360.07
Martinique,2005,49.515,28.0,83553.0
Mauritania,2005,966.565,39710.0,4117922.0
Mauritius,2005,40.145,96.0,79560.42
Mexico,2005,68874.655,106570.0,106765307.52
Micronesia (Federated States of),2005,63.995,5.5,35593.2
Mongolia,2005,14223.9,113927.8,6545901.0
Morocco,2005,5697.185,29989.0,11818351.15
Mozambique,2005,37583.475,38557.93,2743293.23
Myanmar,2005,33154.555,11263.0,31848453.38
Namibia,2005,8055.855,38820.0,7340680.52
Nepal,2005,5999.225,4202.0,19352312.0
Netherlands (Kingdom of the),2005,366.49,1937.7,28306809.740000002
New Caledonia,2005,838.435,230.1,283224.68
New Zealand,2005,9849.28,11712.0,54266503.61
Nicaragua,2005,5609.1,5250.0,10622955.31
Niger,2005,1266.0,42965.0,17096450.8
Nigeria,2005,19667.615,66193.3737,43815535.0
Niue,2005,18.8,4.8,608.47
North Macedonia,2005,958.99,1228.0,1032780.75
Norway,2005,12173.885,1036.0,5131042.95
Oman,2005,1.6,1465.0,884313.98
Pakistan,2005,3240.87,35965.0,101360419.09
Palestine,2005,9.53,467.2159,289404.62
Panama,2005,4733.705,2230.0,4724329.99
Papua New Guinea,2005,34285.63,1133.0,273866.22
Paraguay,2005,20024.73,17792.9441,25594022.45
Peru,2005,72547.835,23391.2728,16970806.46
Philippines,2005,7074.49,11355.0,11495689.18
Poland,2005,9194.0,15906.0,31084409.46
Portugal,2005,3300.225,3823.89,7313598.47
Puerto Rico,2005,460.3,202.4,1393479.54
Qatar,2005,1.4,64.6,31467.6
Republic of Korea,2005,6431.5,1881.0,9750310.26
Republic of Moldova,2005,359.45,2499.0,1984317.83
Romania,2005,6440.5,14180.0,17574429.39
Russian Federation,2005,816973.65,215680.0,131953267.53
Rwanda,2005,412.735,1881.0,3336098.13
Saint Kitts and Nevis,2005,11.0,5.0,11965.529999999999
Saint Lucia,2005,30.06,10.9,32655.92
Saint Vincent and the Grenadines,2005,28.545,7.0,16343.86
Samoa,2005,169.365,42.0,93217.35
Sao Tome and Principe,2005,58.27,34.0,11204.4
Saudi Arabia,2005,2768.05,173777.5002,2296753.6
Senegal,2005,8960.185,8776.0,8248972.32
Serbia and Montenegro,2005,3408.095,5590.0,7496616.0
Seychelles,2005,30.875,4.0,2801.9700000000003
Sierra Leone,2005,2830.795,3812.02,708574.53
Singapore,2005,17.375,0.76,1277.53
Slovakia,2005,1909.66,1941.0,2816219.73
Slovenia,2005,1240.0,509.0,2299706.09
Solomon Islands,2005,2528.65,96.8,47986.8
Somalia,2005,7132.25,44126.0,15205587.55
South Africa,2005,21130.08,97483.0,43665289.82
Spain,2005,17830.06,29164.0,32309380.05
Sri Lanka,2005,2193.55,2492.5,3937675.04
Sudan (former),2005,32588.4,135220.0,113254973.0
Suriname,2005,14882.0,72.8,122917.42
Sweden,2005,28118.0,3201.2,8832823.219999999
Switzerland,2005,1215.45,1550.4631,10276135.19
Syrian Arab Republic,2005,486.375,13828.0,6319109.13
Tajikistan,2005,410.0,4672.0,4391751.63
Thailand,2005,20130.0,22360.0,15932990.74
Timor-Leste,2005,1079.57,333.0,407786.0
Togo,2005,1253.665,3520.0,940532.8
Tonga,2005,8.73,30.0,30862.91
Trinidad and Tobago,2005,234.53,54.0,110022.57
Tunisia,2005,685.635,9824.0,3811322.0700000003
Turkmenistan,2005,2330.0,34880.0,9260641.39
Uganda,2005,3150.105,13262.0,21923648.12
Ukraine,2005,9529.0,41304.0,47100109.83
United Arab Emirates,2005,317.26,557.0,264741.88
United Kingdom of Great Britain and Northern Ireland,2005,3006.5,16956.0,48632849.34
United Republic of Tanzania,2005,52120.0,35314.2,51204320.769999996
United States of America,2005,306128.0,412940.16,426238625.71000004
Uruguay,2005,1516.11,14832.0,36853249.39
Uzbekistan,2005,3155.53,26503.0,31932326.42
Vanuatu,2005,955.125,183.0,360588.0
Venezuela (Bolivarian Republic of),2005,48806.815,21595.0,44094998.08
Viet Nam,2005,12586.08,10054.1,17740858.369999997
Yemen,2005,549.0,23523.0,6765745.9
Zambia,2005,46875.0,22762.0,7361127.01
Zimbabwe,2005,15129.595,16055.5164,22845854.86
World,2005,4218787.225,4812571.5691,4889018037.85
Africa,2005,729826.135,1111568.3732,734292512.14
Eastern Africa,2005,211005.205,289967.3664,298709177.33
Middle Africa,2005,345378.5,145602.829,76300195.22
Northern Africa,2005,41430.45,240156.0,160468116.57
Southern Africa,2005,45411.425,165669.0,59586625.64
Western Africa,2005,86600.555,270173.1777,139229087.37
Americas,2005,1702037.245,1152659.8058,1729533277.2
Northern America,2005,668998.62,474840.86,484535861.55
Central America,2005,95167.635,124937.6,147129274.54
Caribbean,2005,7600.035,11654.9288,24035913.08
South America,2005,930270.955,541226.4169,1073832883.05
Asia,2005,591545.15,1649243.7355,1544591137.6
Central Asia,2005,10218.955,289086.0,78096296.4
Eastern Asia,2005,241888.385,650161.5182,445710894.7
Southern Asia,2005,96501.235,318246.5,804968140.37
South-eastern Asia,2005,212422.4,116678.5312,124908683.0
Western Asia,2005,30514.175,275071.1861,90907785.13
Europe,2005,1013293.755,474971.3721,720075053.66
Eastern Europe,2005,861270.185,315192.49,269450789.81
Northern Europe,2005,74629.75,37961.149,116143804.06
Southern Europe,2005,43955.24,67532.99,106966397.39
Western Europe,2005,33438.58,54284.7431,227514828.41000003
Oceania,2005,182084.94,424128.2825,160526871.23000002
Australia and New Zealand,2005,141888.985,421943.0,158516354.56
Melanesia,2005,39644.63,1985.7,1831397.8599999999
Micronesia,2005,158.855,75.7,35593.2
Polynesia,2005,392.47,123.8825,143950.61
European Union (27),2005,154438.28,175050.48,438282529.57
Least Developed Countries (LDCs),2005,626601.185,775098.7974,654765234.52
Land Locked Developing Countries (LLDCs),2005,312758.805,785593.0311,455521859.06
Small Island Developing States (SIDS),2005,86169.0,16160.9163,28742459.46
Low Income Food Deficit Countries (LIFDCs),2005,523720.38,804476.2639,664371228.79
Net Food Importing Developing Countries (NFIDCs),2005,848009.785,1146885.7511,958007641.1700001
Afghanistan,2006,1209.44,37910.0,15161794.91
Albania,2006,776.962,1120.0,4391154.08
Algeria,2006,1704.17,41181.0,8277036.92
Angola,2006,72952.9,44137.0,10921386.41
Antigua and Barbuda,2006,9.048,9.0,53639.76
Argentina,2006,51213.358,130138.9,187335619.34
Armenia,2006,332.43,1756.4,3516814.79
Australia,2006,131865.6,409302.0,107053473.49000001
Austria,2006,3852.24,2843.3,10709752.9
Azerbaijan,2006,1014.382,4756.0,9603326.06
Bahamas,2006,509.86,11.0,3513.87
Bahrain,2006,1.37,9.27,67049.05
Bangladesh,2006,1901.076,9280.0,67560670.0
Barbados,2006,6.3,16.0,33897.14
Belarus,2006,8487.2,8958.0,22072380.42
Belgium,2006,680.842,1380.0,12323710.29
Belize,2006,1458.39,152.0,176599.89
Benin,2006,4828.24,3339.326,4920120.92
Bhutan,2006,2665.574,577.0,752533.69
Bolivia (Plurinational State of),2006,58134.238,37141.7778,20443046.61
Bosnia and Herzegovina,2006,2106.256,2159.0,2633327.09
Botswana,2006,15727.9,25803.0,5088282.34
Brazil,2006,539340.612,228951.0,636334197.9
Brunei Darussalam,2006,386.8,12.3,44281.9
Bulgaria,2006,3592.2,5190.0,3580473.75
Burkina Faso,2006,5572.11,12019.101,20886687.8
Burundi,2006,193.94,1822.0,1170297.22
Cabo Verde,2006,40.54,76.0,87908.76000000001
Cambodia,2006,10665.938,5355.0,9670312.629999999
Cameroon,2006,21179.284,9213.0,15196124.129999999
Canada,2006,363380.668,60584.0,56529054.6
Central African Republic,2006,45875.038,4946.8,9660944.629999999
Chad,2006,5859.12,48930.0,40433951.08
Chile,2006,17792.768,15800.0,14912395.3
China,2006,191166.448,527272.0667,405651077.53999996
"China, mainland",2006,191166.448,526436.0667,404657557.0
Colombia,2006,61887.18,42174.0,81163235.03999999
Comoros,2006,39.492,133.0,167561.18
Congo,2006,22063.0,10548.771,632135.05
Cook Islands,2006,15.582,2.4,650.01
Costa Rica,2006,2868.07,1815.0,5036356.3
Croatia,2006,1906.0,1230.0,2792519.66
Cuba,2006,3005.21,6630.0,9754396.2
Cyprus,2006,172.348,157.0,360006.57
Czechia,2006,2874.118,3565.95,7144352.9
Democratic People's Republic of Korea,2006,7516.738,2594.529,1892204.1099999999
Democratic Republic of the Congo,2006,149740.388,25586.0,1858606.6099999999
Denmark,2006,580.444,2710.0,10381706.18
Djibouti,2006,5.6,1702.0,774872.6699999999
Dominica,2006,58.436,22.0,52943.76
Dominican Republic,2006,2178.088,2300.6703,7095364.77
Ecuador,2006,13309.222,7444.0,17438914.0
Egypt,2006,4.012,3533.0,23371221.67
El Salvador,2006,687.99,1216.9,4154668.2800000003
Equatorial Guinea,2006,2565.78,103.11,12075.45
Eritrea,2006,1555.636,7572.0,5157874.53
Estonia,2006,2297.168,898.5,1626133.24
Eswatini,2006,461.57,1223.0,1614642.37
Ethiopia,2006,27372.6,34219.0,107307805.0
Faroe Islands,2006,0.08,96.539,6933.26
Fiji,2006,1042.854,337.0,864731.19
Finland,2006,22323.456,2300.8,5948465.25
France,2006,15966.6,29312.7,88383062.58
French Guiana,2006,8053.676,23.6,35910.0
French Polynesia,2006,149.096,33.5909,19725.09
Gabon,2006,23690.604,2097.354,122922.35
Gambia,2006,323.148,496.0,1081813.07
Georgia,2006,3075.78,2518.0,5160601.15
Germany,2006,11387.0,16946.0,74316697.03999999
Ghana,2006,6377.68,12043.7923,3891306.12
Greece,2006,3716.04,7863.0,3754646.48
Grenada,2006,17.7,9.0,15431.8
Guadeloupe,2006,71.838,44.0,205794.0
Guatemala,2006,3944.174,4315.4512,7886909.0
Guinea,2006,6130.258,14200.9015,10481435.49
Guinea-Bissau,2006,2180.744,713.79,1405117.1600000001
Guyana,2006,18537.574,719.0,323357.72
Haiti,2006,381.8,1770.0,4330160.0
Honduras,2006,6898.602,3160.0,7966882.640000001
Hungary,2006,1996.302,5809.0,4138536.3
Iceland,2006,42.132,1881.0,356266.68
India,2006,68734.0,179906.0,573041016.0
Indonesia,2006,94566.56,47915.8918,32345926.78
Iran (Islamic Republic of),2006,10751.0,47852.0,36844476.6
Iraq,2006,809.628,8978.4,4008684.2
Ireland,2006,684.372,4260.0,28084748.0
Israel,2006,153.6,508.8,3493015.33
Italy,2006,8764.524,14203.0,43120714.14
Jamaica,2006,543.474,467.0,569631.0800000001
Japan,2006,24930.0,5053.4,23566269.08
Jordan,2006,70.7,1018.0,672896.8
Kazakhstan,2006,3112.08,211876.5,27812447.58
Kenya,2006,3853.566,27054.0,42973687.0
Kuwait,2006,5.23,150.0,131982.75
Kyrgyzstan,2006,1208.464,10731.1,6077050.38
Lao People's Democratic Republic,2006,13816.37,2025.0,4561310.67
Latvia,2006,3319.672,1855.0,2253209.02
Lebanon,2006,139.478,679.0,1418304.38
Lesotho,2006,34.52,2307.0,1692410.65
Liberia,2006,7775.372,1547.8004,121577.48000000001
Libya,2006,211.672,15385.0,810644.12
Lithuania,2006,2110.0,2790.7,4923599.27
Luxembourg,2006,87.9,129.0,801013.52
Madagascar,2006,12373.5,40893.0,22725647.72
Malawi,2006,2829.7,5285.0,2584244.96
Malaysia,2006,19245.13,7075.2,2297100.2199999997
Mali,2006,12389.624,40466.0,18806176.11
Malta,2006,0.35,9.3,111489.57
Martinique,2006,49.67,28.0,84187.0
Mauritania,2006,969.192,39710.0,4781494.66
Mauritius,2006,39.788,94.0,82030.09
Mexico,2006,68730.854,106570.0,108203557.83
Micronesia (Federated States of),2006,64.022,5.5,35593.2
Mongolia,2006,14215.9,114727.3,6949510.0
Montenegro,2006,746.6,515.0,613365.79
Morocco,2006,5696.888,29946.0,11772931.92
Mozambique,2006,37316.446,38779.516,2365649.0
Myanmar,2006,32811.844,11597.0,32567851.14
Namibia,2006,8055.21,38820.0,5715985.359999999
Nepal,2006,6015.966,4185.0,19496384.0
Netherlands (Kingdom of the),2006,367.888,1919.6,28073860.55
New Caledonia,2006,838.552,224.6,244488.72999999998
New Zealand,2006,9849.048,11375.0,54152581.85
Nicaragua,2006,5509.78,5208.0,11041342.58
Niger,2006,1253.58,42989.0,17867001.0
Nigeria,2006,19540.732,66028.734,42738068.1
Niue,2006,18.794,4.8,613.42
North Macedonia,2006,959.278,1224.0,1081005.99
Norway,2006,12168.966,1035.0,5095092.45
Oman,2006,1.6,1463.0,911256.6
Pakistan,2006,3225.662,36135.0,120016951.61
Palestine,2006,9.62,466.4403,279658.95999999996
Panama,2006,4722.29,2224.4,4742602.45
Papua New Guinea,2006,34263.712,1151.0,276762.38
Paraguay,2006,19647.734,18015.1666,27015626.08
Peru,2006,72248.498,23485.9522,17323691.39
Philippines,2006,7027.536,11580.0,11494370.55
Poland,2006,9221.0,15957.0,32232719.92
Portugal,2006,3290.556,3757.66,7032779.16
Puerto Rico,2006,466.53,195.8,1333875.23
Qatar,2006,1.4,65.3,34493.01
Republic of Korea,2006,6422.6,1858.0,10149200.71
Republic of Moldova,2006,362.46,2483.0,1877030.6800000002
Romania,2006,6455.4,14039.0,17562767.66
Russian Federation,2006,817879.306,215488.0,124584806.63
Rwanda,2006,413.436,1884.0,3822556.35
Saint Kitts and Nevis,2006,11.0,5.01,13773.43
Saint Lucia,2006,30.26,10.1,33710.42
Saint Vincent and the Grenadines,2006,28.546,7.0,16560.010000000002
Samoa,2006,168.884,40.2,93219.19
Sao Tome and Principe,2006,58.216,34.0,9585.73
Saudi Arabia,2006,2768.05,173775.2085,2396998.0
Senegal,2006,8944.64,8490.0,8388698.68
Serbia,2006,2721.274,3537.0,6499354.03
Seychelles,2006,30.658,4.0,2047.24
Sierra Leone,2006,2811.068,4029.88,989514.2
Singapore,2006,17.448,0.75,1286.88
Slovakia,2006,1911.31,1939.0,2701838.9699999997
Slovenia,2006,1241.4,491.0,2286160.0
Solomon Islands,2006,2527.912,97.1,49751.9
Somalia,2006,7055.5,44076.0,14795132.969999999
South Africa,2006,21217.648,96888.0,44231916.629999995
Spain,2006,17977.286,28613.0,30807097.46
Sri Lanka,2006,2186.032,2430.2,3861266.0
Sudan (former),2006,32416.46,136053.0,113741021.0
Suriname,2006,14878.004,72.8,133936.35
Sweden,2006,28109.0,3150.1,8763991.9
Switzerland,2006,1219.304,1547.4187,10348547.69
Syrian Arab Republic,2006,491.496,13877.0,6737384.74
Tajikistan,2006,410.0,4735.0,4548063.68
Thailand,2006,20123.0,22453.0,16866853.810000002
Timor-Leste,2006,1078.17,332.6,416231.54000000004
Togo,2006,1250.706,3570.0,950035.8
Tonga,2006,8.73,31.0,31076.0
Trinidad and Tobago,2006,234.106,54.0,101726.8
Tunisia,2006,689.194,9806.0,3945821.85
Turkmenistan,2006,2330.0,34700.0,9503350.42
Uganda,2006,3099.958,13462.75,22758038.310000002
Ukraine,2006,9532.8,41284.0,45247427.25
United Arab Emirates,2006,317.718,538.6,236441.77000000002
United Kingdom of Great Britain and Northern Ireland,2006,3017.0,17838.0,49108957.71
United Republic of Tanzania,2006,51717.0,35871.3,53597343.9
United States of America,2006,306646.4,412898.88,437109789.47
Uruguay,2006,1552.074,14695.0,38655652.15
Uzbekistan,2006,3194.344,26322.0,33916371.38
Vanuatu,2006,952.74,185.0,363955.66000000003
Venezuela (Bolivarian Republic of),2006,48721.862,21555.0,45832513.7
Viet Nam,2006,12746.476,10078.0,20109121.59
Yemen,2006,549.0,23627.0,6929168.23
Zambia,2006,46839.2,23048.0,7761533.67
Zimbabwe,2006,15023.876,16251.5152,21627859.47
World,2006,4215228.61,4812215.6002,4965581843.51
Africa,2006,726439.956,1114177.0374,750703283.26
Eastern Africa,2006,209844.84,292218.1012,309829920.25
Middle Africa,2006,343984.33,145596.035,78846555.44
Northern Africa,2006,41260.55,240908.0,161917637.48000002
Southern Africa,2006,45496.848,165041.0,58342407.35
Western Africa,2006,85853.388,270413.9012,141767457.73000002
Americas,2006,1697828.914,1151345.808,1753487026.95
Northern America,2006,670029.606,473727.88,493638523.07
Central America,2006,94820.15,124661.7512,149207596.96
Caribbean,2006,7662.358,11606.2803,23695847.310000002
South America,2006,925316.8,541349.8965,1086945726.6
Asia,2006,594307.334,1651413.2563,1590444787.77
Central Asia,2006,10254.888,288364.6,81856584.46000001
Eastern Asia,2006,244251.686,651505.2957,448207276.46000004
Southern Asia,2006,96692.47,318282.2,836734398.8
South-eastern Asia,2006,212485.272,118424.7418,130372713.68
Western Asia,2006,30623.018,274836.4188,93274488.37
Europe,2006,1014760.562,472408.3577,707762873.4300001
Eastern Europe,2006,862312.096,314712.95,261140534.48000002
Northern Europe,2006,74655.92,38866.399,116546789.95
Southern Europe,2006,44225.29,64744.74,105121404.42
Western Europe,2006,33567.256,54084.2687,224954912.57
Oceania,2006,181891.844,422871.1409,163184687.11
Australia and New Zealand,2006,141715.138,420678.0,161205860.34
Melanesia,2006,39625.77,1994.7,1799023.87
Micronesia,2006,158.98,75.7,35593.2
Polynesia,2006,391.956,122.7409,144638.7
European Union (27),2006,154885.416,173319.61,434209500.25
Least Developed Countries (LDCs),2006,623136.948,778527.5649,674724219.95
Land Locked Developing Countries (LLDCs),2006,311574.832,787821.4106,475393453.87
Small Island Developing States (SIDS),2006,86189.554,16124.1611,28478350.59
Low Income Food Deficit Countries (LIFDCs),2006,520986.386,807453.0801,685082075.86
Net Food Importing Developing Countries (NFIDCs),2006,844043.736,1151498.8273,999174879.8
Afghanistan,2007,1209.44,37914.0,16379468.68
Albania,2007,778.239,1119.0,4246697.11
Algeria,2007,1703.495,41252.0,8352557.3
Angola,2007,72442.87,44245.0,11289400.0
Antigua and Barbuda,2007,8.981,9.0,51991.83
Argentina,2007,50841.881,129968.4,193836879.68
Armenia,2007,332.395,1751.9,3767831.94
Australia,2007,131691.985,398355.5,105907976.94
Austria,2007,3854.59,2830.1,10667806.06
Azerbaijan,2007,1018.909,4756.5,9915444.93
Bahamas,2007,509.86,11.0,3512.74
Bahrain,2007,1.37,9.16,66019.05
Bangladesh,2007,1897.867,9266.0,67866970.0
Barbados,2007,6.3,16.0,31447.46
Belarus,2007,8522.9,8916.0,21999431.03
Belgium,2007,683.099,1366.9,12302931.58
Belize,2007,1450.8,152.0,186220.66
Benin,2007,4687.235,3379.104,5033830.33
Bhutan,2007,2675.503,563.0,765599.3400000001
Bolivia (Plurinational State of),2007,57975.616,37282.5556,21908552.78
Bosnia and Herzegovina,2007,2105.357,2149.0,2595570.04
Botswana,2007,15727.9,25784.0,5131155.98
Brazil,2007,535777.319,229671.8,628928989.4300001
Brunei Darussalam,2007,385.1,12.4,39499.8
Bulgaria,2007,3628.4,5116.0,3372925.96
Burkina Faso,2007,5437.8,12149.9315,21304351.25
Burundi,2007,193.94,1825.0,1262557.97
Cabo Verde,2007,40.98,76.0,82316.1
Cambodia,2007,10646.761,5355.0,9785659.55
Cameroon,2007,21109.583,9213.0,15202787.55
Canada,2007,363893.276,60008.0,54173952.7
Central African Republic,2007,45840.046,4950.6,10350997.75
Chad,2007,5776.85,48931.0,42554585.15
Chile,2007,17854.131,15732.0,14610384.75
China,2007,193527.431,527861.9111,400098268.15999997
"China, mainland",2007,193527.431,527029.9111,399137487.0
Colombia,2007,61773.32,42436.0,81403030.00999999
Comoros,2007,38.944,133.0,169278.16999999998
Congo,2007,22051.0,10549.421,755290.03
Cook Islands,2007,15.584,2.3,662.11
Costa Rica,2007,2871.24,1800.0,5372599.1
Croatia,2007,1909.5,1202.0,2714679.25
Cuba,2007,3056.245,6620.0,9847082.4
Cyprus,2007,172.471,147.2,350248.24
Czechia,2007,2875.591,3596.7,7517190.34
Democratic People's Republic of Korea,2007,7526.956,2596.622,1900405.8900000001
Democratic Republic of the Congo,2007,149065.401,25650.0,1855089.3599999999
Denmark,2007,581.918,2663.0,10484958.35
Djibouti,2007,5.6,1702.2,855564.01
Dominica,2007,58.417,22.0,53813.24
Dominican Republic,2007,2180.136,2313.8457,8375309.0
Ecuador,2007,13239.009,7412.0,17087683.82
Egypt,2007,4.029,3538.0,24414237.33
El Salvador,2007,685.02,1241.3,4347670.5
Equatorial Guinea,2007,2557.48,103.24,12075.45
Eritrea,2007,1549.657,7572.0,5782937.140000001
Estonia,2007,2306.881,914.6,1608392.52
Eswatini,2007,460.07,1223.0,1635139.37
Ethiopia,2007,27299.8,35077.0,116827239.0
Faroe Islands,2007,0.08,96.539,7010.26
Fiji,2007,1048.918,331.2,850711.8
Finland,2007,22303.092,2294.9,5822317.74
France,2007,16079.7,29206.1,88920317.61
French Guiana,2007,8049.382,23.5,0.0
French Polynesia,2007,149.187,33.3192,19975.510000000002
Gabon,2007,23688.768,2102.413,127237.01000000001
Gambia,2007,317.361,496.0,1087062.3399999999
Georgia,2007,3081.96,2517.0,4959897.38
Germany,2007,11392.5,16950.0,74217954.19
Ghana,2007,6413.4,12472.252,3922993.87
Greece,2007,3717.23,7753.0,3842351.96
Grenada,2007,17.7,9.0,15673.18
Guadeloupe,2007,71.766,59.8,0.0
Guatemala,2007,3897.093,4448.0,8324992.05
Guinea,2007,6063.261,14330.1131,11049029.48
Guinea-Bissau,2007,2176.348,722.235,1461529.87
Guyana,2007,18533.133,719.0,323461.74
Haiti,2007,381.4,1770.0,4335910.5600000005
Honduras,2007,6860.124,3160.0,8117087.46
Hungary,2007,2008.824,5807.0,4131062.01
Iceland,2007,43.784,1876.0,377321.81
India,2007,68924.5,179620.0,590041016.0
Indonesia,2007,95001.22,48907.5224,32498452.240000002
Iran (Islamic Republic of),2007,10751.0,48073.0,38031181.6
Iraq,2007,808.296,9133.7,3758514.6
Ireland,2007,693.374,4276.0,27965178.0
Israel,2007,153.7,518.1,3477460.41
Italy,2007,8830.403,14162.0,42150305.68
Jamaica,2007,547.218,464.0,500127.70999999996
Japan,2007,24939.0,5026.8,23383907.35
Jordan,2007,70.7,963.3,725996.0
Kazakhstan,2007,3104.605,211435.6,28854535.02
Kenya,2007,3859.792,27066.3474,53274570.0
Kuwait,2007,5.27,151.0,148557.06
Kyrgyzstan,2007,1213.058,10728.6,6171395.1
Lao People's Democratic Republic,2007,13777.425,2063.0,4662541.67
Latvia,2007,3332.784,1839.0,2283288.33
Lebanon,2007,139.576,677.1,1327540.14
Lesotho,2007,34.52,2329.0,1768027.26
Liberia,2007,7736.474,1577.1809,124549.72
Libya,2007,211.339,15385.0,815030.73
Lithuania,2007,2125.0,2695.9,5103317.39
Luxembourg,2007,88.1,131.0,819186.56
Madagascar,2007,12266.69,40893.0,22969240.03
Malawi,2007,2787.7,5285.0,2829760.92
Malaysia,2007,19170.76,7107.2,2382868.32
Mali,2007,12289.078,40597.0,19970265.86
Malta,2007,0.35,9.3,108549.82
Martinique,2007,49.825,37.8,0.0
Mauritania,2007,971.819,39710.0,4132240.66
Mauritius,2007,39.431,92.0,57962.5
Mexico,2007,68587.053,106700.0,109783673.98
Micronesia (Federated States of),2007,64.049,5.5,36221.37
Mongolia,2007,14207.9,114680.0,7675686.0
Montenegro,2007,766.7,514.0,588170.85
Morocco,2007,5696.591,29960.0,12189256.92
Mozambique,2007,37049.417,39001.102,2895935.09
Myanmar,2007,32469.133,11984.0,34929474.269999996
Namibia,2007,8054.565,38808.0,5632483.58
Nepal,2007,6032.707,4166.0,19756874.0
Netherlands (Kingdom of the),2007,369.286,1914.4,28183497.86
New Caledonia,2007,838.669,218.1,251770.2
New Zealand,2007,9848.816,11487.0,54732822.14
Nicaragua,2007,5410.46,5175.0,11304761.98
Niger,2007,1241.16,43782.0,18733239.4
Nigeria,2007,19413.849,66355.0067,45242973.2
Niue,2007,18.788,4.8,623.35
North Macedonia,2007,959.566,1076.0,1248891.04
Norway,2007,12164.047,1032.0,5040884.6899999995
Oman,2007,1.6,1465.0,1007982.78
Pakistan,2007,3210.454,36013.0,124225965.02
Palestine,2007,9.71,467.3289,271649.51
Panama,2007,4710.875,2231.8,4688472.77
Papua New Guinea,2007,34241.794,1212.0,280079.12
Paraguay,2007,19270.738,18215.491,26038845.14
Peru,2007,71949.161,23580.6315,17849062.09
Philippines,2007,6980.582,11790.0,11804273.219999999
Poland,2007,9248.0,15469.0,32883553.54
Portugal,2007,3280.887,3660.92,6763018.6
Puerto Rico,2007,472.76,189.0,1250427.96
Qatar,2007,1.4,66.0,34271.01
Republic of Korea,2007,6413.7,1840.0,10727394.79
Republic of Moldova,2007,365.47,2485.0,1827787.42
Romania,2007,6470.3,13630.0,17574627.04
Russian Federation,2007,818784.962,215463.0,124346195.78999999
Rwanda,2007,414.137,1878.0,3984203.7199999997
Saint Kitts and Nevis,2007,11.0,5.09,15551.779999999999
Saint Lucia,2007,30.46,9.93,33743.6
Saint Vincent and the Grenadines,2007,28.547,7.0,17272.93
Samoa,2007,168.403,38.5,93220.02
Sao Tome and Principe,2007,58.162,34.0,9693.53
Saudi Arabia,2007,2768.05,173770.9168,2686431.0
Senegal,2007,8929.095,8503.0,8330547.24
Serbia,2007,2760.953,3572.9,6467352.72
Seychelles,2007,30.441,3.0,2442.23
Sierra Leone,2007,2791.341,3623.72,913469.1799999999
Singapore,2007,17.521,0.8,1286.88
Slovakia,2007,1912.96,1930.0,2656057.14
Slovenia,2007,1242.8,498.0,2227427.02
Solomon Islands,2007,2527.174,101.2,51368.79
Somalia,2007,6978.75,44026.0,13524154.68
South Africa,2007,21305.216,96890.0,45190280.370000005
Spain,2007,18124.512,28004.0,30833565.97
Sri Lanka,2007,2178.514,2382.4,3889871.36
Sudan (former),2007,32244.52,136615.0,113681921.0
Suriname,2007,14874.008,70.0,135009.12
Sweden,2007,28100.0,3120.9,8463631.89
Switzerland,2007,1223.158,1544.3686,10314646.3
Syrian Arab Republic,2007,496.617,13897.0,6516957.74
Tajikistan,2007,410.0,4729.0,4756882.15
Thailand,2007,20116.0,22545.0,17881835.240000002
Timor-Leste,2007,1076.77,332.2,424730.07
Togo,2007,1247.747,3595.0,957800.0
Tonga,2007,8.73,31.0,31389.77
Trinidad and Tobago,2007,233.682,54.0,99155.0
Tunisia,2007,692.753,9805.0,4015388.77
Turkmenistan,2007,2330.0,34550.0,10156145.16
Uganda,2007,3049.811,13663.5,23720780.75
Ukraine,2007,9536.6,41266.0,43305506.34
United Arab Emirates,2007,318.176,532.6,287887.15
United Kingdom of Great Britain and Northern Ireland,2007,3027.5,17647.0,48351431.0
United Republic of Tanzania,2007,51314.0,36418.4,52439275.43
United States of America,2007,307164.8,412857.6,441925680.17
Uruguay,2007,1588.038,14550.0,36915832.51
Uzbekistan,2007,3233.158,26141.0,35061246.66
Vanuatu,2007,950.355,187.0,430739.99
Venezuela (Bolivarian Republic of),2007,48636.909,21559.0,46221064.95
Viet Nam,2007,12906.872,10062.6,21792026.14
Yemen,2007,549.0,23627.0,7368126.1899999995
Zambia,2007,46803.4,22984.0,7121790.28
Zimbabwe,2007,14918.157,16148.7144,21946077.869999997
World,2007,4211669.995,4804269.3138,5027925996.41
Africa,2007,723053.777,1118596.4719,781323840.3
Eastern Africa,2007,208684.475,293836.9838,329661402.78
Middle Africa,2007,342590.16,145778.674,82155970.82
Northern Africa,2007,41090.65,241559.0,163467344.06
Southern Africa,2007,45582.271,165034.0,59356251.53
Western Africa,2007,85106.221,272387.8141,146683572.1
Americas,2007,1693620.583,1152000.4438,1758107926.76
Northern America,2007,671060.592,473110.9,496099298.87
Central America,2007,94472.665,124908.1,152124144.49
Caribbean,2007,7724.681,11625.1657,24628647.369999997
South America,2007,920362.645,542356.2781,1085256519.02
Asia,2007,597069.518,1651709.4612,1621483479.43
Central Asia,2007,10290.821,287584.2,84999502.09
Eastern Asia,2007,246614.987,652005.3331,443784670.17
Southern Asia,2007,96883.705,318004.4,860956261.99
South-eastern Asia,2007,212548.144,120159.7224,136200688.4
Western Asia,2007,30731.861,273955.8057,95543029.75
Europe,2007,1016227.369,469875.7376,704325955.8299999
Eastern Europe,2007,863354.007,313678.7,259612528.63
Northern Europe,2007,74682.09,38506.159,115505344.99000001
Southern Europe,2007,44495.34,63741.89,103784291.05
Western Europe,2007,33695.932,53948.9886,225424577.16
Oceania,2007,181698.748,412087.1992,162685616.11
Australia and New Zealand,2007,141541.291,409843.5,160640606.07999998
Melanesia,2007,39606.91,2049.5,1864015.92
Micronesia,2007,159.105,73.4,36221.37
Polynesia,2007,391.442,120.7992,145206.75
European Union (27),2007,155332.552,171187.92,433961638.64
Least Developed Countries (LDCs),2007,619672.711,782292.2865,694545906.3299999
Land Locked Developing Countries (LLDCs),2007,310390.859,789145.3925,498083192.53
Small Island Developing States (SIDS),2007,86210.108,16195.9,29525573.29
Low Income Food Deficit Countries (LIFDCs),2007,518252.392,810468.5913,714448260.65
Net Food Importing Developing Countries (NFIDCs),2007,840077.687,1155427.3151,1038340757.01
Afghanistan,2008,1209.44,37916.0,17318412.08
Albania,2008,779.516,1181.0,3831698.6799999997
Algeria,2008,1702.82,41309.0,8556476.08
Angola,2008,71932.84,44195.0,11596606.0
Antigua and Barbuda,2008,8.914,9.0,53533.29
Argentina,2008,50470.404,127046.9,190695888.91
Armenia,2008,332.36,1748.8,3995122.5700000003
Australia,2008,131518.37,389288.0,102927567.65
Austria,2008,3856.94,2809.4,10775263.52
Azerbaijan,2008,1023.436,4756.7,10175500.879999999
Bahamas,2008,509.86,11.0,3547.7799999999997
Bahrain,2008,1.37,9.06,61761.4
Bangladesh,2008,1894.658,9253.0,68333870.0
Barbados,2008,6.3,16.0,33182.68
Belarus,2008,8558.6,8917.0,22262159.55
Belgium,2008,685.356,1365.3,12188516.01
Belize,2008,1443.21,152.0,205139.0
Benin,2008,4546.23,3583.892,5149630.390000001
Bhutan,2008,2685.432,521.3,737321.6799999999
Bolivia (Plurinational State of),2008,57816.994,37411.3333,22450490.27
Bosnia and Herzegovina,2008,2104.458,2130.0,2629920.74
Botswana,2008,15727.9,25881.0,5249466.95
Brazil,2008,532214.026,230392.6,628919436.79
Brunei Darussalam,2008,383.4,12.4,24078.45
Bulgaria,2008,3664.6,5101.0,3262150.36
Burkina Faso,2008,5303.49,12288.262,21730374.25
Burundi,2008,193.94,1828.0,1252542.6600000001
Cabo Verde,2008,41.42,78.0,90395.8
Cambodia,2008,10627.584,5355.0,10000890.41
Cameroon,2008,21039.882,9263.0,13733524.48
Canada,2008,364405.884,59432.0,53520242.54
Central African Republic,2008,45805.054,4951.4,9991821.2
Chad,2008,5694.58,48931.0,44785430.89
Chile,2008,17915.494,15417.9746,14933136.06
China,2008,195888.414,528451.7556,405845323.7
"China, mainland",2008,195888.414,527623.7556,404950046.0
Colombia,2008,61659.46,42614.0,83423134.2
Comoros,2008,38.396,133.0,169290.53
Congo,2008,22039.0,10549.976,820061.23
Cook Islands,2008,15.586,2.2,674.22
Costa Rica,2008,2874.41,1793.0,5712778.2
Croatia,2008,1913.0,1289.1,2715315.66
Cuba,2008,3107.28,6567.0,10158150.6
Cyprus,2008,172.594,115.6,363613.01
Czechia,2008,2877.064,3571.61,7215574.8100000005
Democratic People's Republic of Korea,2008,7537.174,2656.292,1898405.8900000001
Democratic Republic of the Congo,2008,148390.414,25700.0,1851592.1400000001
Denmark,2008,583.392,2668.0,10550658.280000001
Djibouti,2008,5.6,1701.9,856397.05
Dominica,2008,58.398,22.0,53821.380000000005
Dominican Republic,2008,2182.184,2269.7484,8628066.91
Ecuador,2008,13168.796,7445.0,17999686.7
Egypt,2008,4.046,3542.0,24995436.53
El Salvador,2008,682.05,1237.5,4449334.140000001
Equatorial Guinea,2008,2549.18,103.37,12075.45
Eritrea,2008,1543.678,7572.0,5803782.28
Estonia,2008,2316.594,906.8,1568069.71
Eswatini,2008,458.57,1223.0,1643731.15
Ethiopia,2008,27227.0,34513.0,123348579.18
Faroe Islands,2008,0.08,96.539,6786.26
Fiji,2008,1054.982,325.4,845876.71
Finland,2008,22282.728,2296.4,5635839.5
France,2008,16192.8,29110.1,89902838.87
French Guiana,2008,8045.088,23.8,0.0
French Polynesia,2008,149.278,33.0476,19866.42
Gabon,2008,23686.932,2107.472,131412.05
Gambia,2008,311.574,566.0,1100171.44
Georgia,2008,3088.14,2514.0,4706141.1899999995
Germany,2008,11398.0,16921.0,75611702.22
Ghana,2008,6449.12,12004.7607,3976988.58
Greece,2008,3718.42,7657.0,3769966.9
Grenada,2008,17.7,9.0,15568.26
Guadeloupe,2008,71.694,59.9,0.0
Guatemala,2008,3850.012,4434.0,8832900.59
Guinea,2008,5996.264,14480.0159,11647449.15
Guinea-Bissau,2008,2171.952,730.68,1562179.97
Guyana,2008,18528.692,719.0,323450.06
Haiti,2008,381.0,1770.0,4346633.54
Honduras,2008,6821.646,3184.0,8268952.8
Hungary,2008,2021.346,5790.0,4112649.6100000003
Iceland,2008,45.436,1876.0,380586.3
India,2008,69115.0,179757.0,591235984.0
Indonesia,2008,95435.88,49199.153,34974235.16
Iran (Islamic Republic of),2008,10751.0,46685.0,29829117.3
Iraq,2008,806.964,8201.2,4765512.0
Ireland,2008,702.376,4629.0,27374862.0
Israel,2008,153.8,515.6,3778385.46
Italy,2008,8896.282,14457.2,42617972.81
Jamaica,2008,550.962,449.0,473817.04000000004
Japan,2008,24948.0,4999.2,23533385.63
Jordan,2008,70.7,972.5,926605.02
Kazakhstan,2008,3097.13,210851.4,29815860.14
Kenya,2008,3866.018,27088.6948,53326160.0
Kuwait,2008,5.31,151.0,141392.28
Kyrgyzstan,2008,1217.652,10727.2,6373199.52
Lao People's Democratic Republic,2008,13738.48,2104.0,4811011.67
Latvia,2008,3345.896,1825.0,2299819.7800000003
Lebanon,2008,139.674,663.0,1396745.84
Lesotho,2008,34.52,2362.0,1620792.12
Liberia,2008,7697.576,1607.2218,126164.79999999999
Libya,2008,211.006,15385.0,946988.39
Lithuania,2008,2140.0,2672.1,4809296.13
Luxembourg,2008,88.3,131.0,837610.78
Madagascar,2008,12159.88,40895.0,23207286.259999998
Malawi,2008,2745.7,5435.0,3022600.6
Malaysia,2008,19096.39,7150.4,2390825.37
Mali,2008,12188.532,40830.9703,20212857.2
Malta,2008,0.35,9.3,110183.86
Martinique,2008,49.98,37.7,0.0
Mauritania,2008,974.446,39710.0,4197206.66
Mauritius,2008,39.074,91.0,74151.01
Mexico,2008,68443.252,103355.0,111266152.47
Micronesia (Federated States of),2008,64.076,5.5,35753.05
Mongolia,2008,14199.9,114507.0,7856808.0
Montenegro,2008,786.8,513.0,563131.29
Morocco,2008,5696.294,29981.0,12850414.41
Mozambique,2008,36782.388,39222.688,3036520.5700000003
Myanmar,2008,32126.422,12277.0,36145215.01
Namibia,2008,8053.92,38808.0,6057786.42
Nepal,2008,6049.448,4152.0,19994296.0
Netherlands (Kingdom of the),2008,370.684,1929.3,28985585.3
New Caledonia,2008,838.786,210.6,250418.75
New Zealand,2008,9848.584,11374.0,54628982.120000005
Nicaragua,2008,5311.14,5132.0,11496527.72
Niger,2008,1228.74,43782.0,19825060.810000002
Nigeria,2008,19286.966,66419.9899,45248255.0
Niue,2008,18.782,4.8,616.9
North Macedonia,2008,959.854,1063.0,1239692.83
Norway,2008,12159.128,1024.8,5010881.05
Oman,2008,1.6,1457.2,1048005.1
Pakistan,2008,3195.246,35313.0,128591587.42
Palestine,2008,9.8,469.1564,275815.75
Panama,2008,4699.46,2229.2,4909232.27
Papua New Guinea,2008,34219.876,1245.0,280134.12
Paraguay,2008,18893.742,18547.303,26627899.08
Peru,2008,71649.824,23675.3109,18072850.1
Philippines,2008,6933.628,12010.0,11803057.18
Poland,2008,9275.0,15601.0,33887684.69
Portugal,2008,3271.218,3725.86,7211151.88
Puerto Rico,2008,478.99,190.7,1194253.07
Qatar,2008,1.4,66.7,34971.01
Republic of Korea,2008,6404.8,1817.0,11552287.379999999
Republic of Moldova,2008,368.48,2481.0,1443923.75
Romania,2008,6485.2,13634.0,16651357.86
Russian Federation,2008,819690.618,215494.0,124883772.96000001
Rwanda,2008,414.838,1880.0,4309724.47
Saint Kitts and Nevis,2008,11.0,5.1,17045.59
Saint Lucia,2008,30.66,9.94,34555.68
Saint Vincent and the Grenadines,2008,28.548,7.0,17282.93
Samoa,2008,167.922,37.0,93221.86
Sao Tome and Principe,2008,58.108,34.0,7972.27
Saudi Arabia,2008,2768.05,173765.6252,2973603.0
Senegal,2008,8913.55,9275.0,8701339.719999999
Serbia,2008,2800.632,3603.6,6177808.96
Seychelles,2008,30.224,3.0,1934.98
Sierra Leone,2008,2771.614,3712.23,1088240.6400000001
Singapore,2008,17.594,0.7,1286.88
Slovakia,2008,1914.61,1937.0,2576932.24
Slovenia,2008,1244.2,618.56,2321458.04
Solomon Islands,2008,2526.436,100.3,51369.21
Somalia,2008,6902.0,44126.0,13448970.719999999
South Africa,2008,21392.784,97108.0,44533511.54
Spain,2008,18271.738,28142.0,30088071.28
Sri Lanka,2008,2170.996,2597.6,3790205.04
Sudan (former),2008,32072.58,136698.0,114396921.0
Suriname,2008,14870.012,70.8,148478.27000000002
Sweden,2008,28091.0,3075.8,8380946.0
Switzerland,2008,1227.012,1541.0273,10590231.11
Syrian Arab Republic,2008,501.738,13898.0,6228381.38
Tajikistan,2008,410.0,4727.0,5434576.2
Thailand,2008,20109.0,22638.0,18512829.880000003
Timor-Leste,2008,1075.37,336.8,432726.6
Togo,2008,1244.788,3635.0,966042.2
Tonga,2008,8.73,31.0,31390.98
Trinidad and Tobago,2008,233.258,54.0,103545.6
Tunisia,2008,696.312,9881.0,3932319.85
Turkmenistan,2008,2330.0,34350.0,10618471.23
Uganda,2008,2999.664,13914.25,32197517.34
Ukraine,2008,9540.4,41292.0,39254974.46
United Arab Emirates,2008,318.634,539.6,361729.73
United Kingdom of Great Britain and Northern Ireland,2008,3038.0,17684.0,47466983.55
United Republic of Tanzania,2008,50911.0,36974.4,55219502.57
United States of America,2008,307683.2,414880.8236,444236662.92
Uruguay,2008,1624.002,14674.0,37476585.66
Uzbekistan,2008,3271.972,25960.0,37209155.44
Vanuatu,2008,947.97,187.0,436826.0
Venezuela (Bolivarian Republic of),2008,48551.956,21600.0,47373717.79
Viet Nam,2008,13067.268,10240.8,21397782.79
Yemen,2008,549.0,23517.0,7880688.6
Zambia,2008,46767.6,23087.0,7375907.01
Zimbabwe,2008,14812.438,16389.4117,21877776.5
World,2008,4208111.38,4792762.8378,5072581822.97
Africa,2008,719667.598,1121579.2779,806360785.3199999
Eastern Africa,2008,207524.11,294923.0644,348526380.76
Middle Africa,2008,341195.99,145835.218,82929311.69
Northern Africa,2008,40920.75,241800.0,165677508.26
Southern Africa,2008,45667.694,165382.0,59104465.22
Western Africa,2008,84359.054,273638.9955,150123826.38
Americas,2008,1689412.252,1148354.2338,1766468614.82
Northern America,2008,672091.578,474558.3236,497756566.46000004
Central America,2008,94125.18,121516.7,155139684.17000002
Caribbean,2008,7787.004,11514.7884,25130551.33
South America,2008,915408.49,540764.4218,1088442495.8600001
Asia,2008,599831.702,1649055.7422,1638957403.26
Central Asia,2008,10326.754,286615.6,89450559.53999999
Eastern Asia,2008,248978.288,652431.2476,450685214.61
Southern Asia,2008,97074.94,316201.9,859830048.54
South-eastern Asia,2008,212611.016,121324.253,140491916.43
Western Asia,2008,30840.704,272482.7416,98500349.17
Europe,2008,1017694.176,470849.9263,701195063.59
Eastern Europe,2008,864395.918,313818.61,255549400.26999998
Northern Europe,2008,74708.26,38806.819,113482349.57
Southern Europe,2008,44765.39,64411.38,103274083.92
Western Europe,2008,33824.608,53813.1173,228890014.82999998
Oceania,2008,181505.652,402923.6576,159600785.97
Australia and New Zealand,2008,141367.444,400663.0,157556355.76999998
Melanesia,2008,39588.05,2068.3,1863966.79
Micronesia,2008,159.23,73.4,35753.05
Polynesia,2008,390.928,118.9576,145139.39
European Union (27),2008,155779.688,171988.43,435818477.11
Least Developed Countries (LDCs),2008,616208.474,785171.8099,723116019.22
Land Locked Developing Countries (LLDCs),2008,309206.886,789120.3303,524541210.65
Small Island Developing States (SIDS),2008,86230.662,16117.126,30190047.939999998
Low Income Food Deficit Countries (LIFDCs),2008,515518.398,813117.5843,741909292.6
Net Food Importing Developing Countries (NFIDCs),2008,836111.638,1157798.9489,1075655235.17
Afghanistan,2009,1209.44,37916.0,17339340.38
Albania,2009,780.793,1201.3,3718873.39
Algeria,2009,1702.145,41380.0,8813456.2
Angola,2009,71422.81,44630.0,11697765.0
Antigua and Barbuda,2009,8.847,9.0,53343.29
Argentina,2009,50098.927,124328.4,190372133.06
Armenia,2009,332.325,1746.3,3848138.54
Australia,2009,131344.755,384257.0,103293993.66
Austria,2009,3859.29,2795.0,10845889.5
Azerbaijan,2009,1027.963,4757.3,11294808.23
Bahamas,2009,509.86,11.0,3563.58
Bahrain,2009,1.37,8.95,62118.4
Bangladesh,2009,1891.449,9246.0,68269871.0
Barbados,2009,6.3,16.0,35983.72
Belarus,2009,8594.3,8927.0,23846043.75
Belgium,2009,687.613,1363.6,12171275.78
Belize,2009,1435.62,155.0,223986.49
Benin,2009,4405.225,3740.325,5267210.33
Bhutan,2009,2695.361,520.0,746383.9199999999
Bolivia (Plurinational State of),2009,57658.372,37540.1111,22920931.259999998
Bosnia and Herzegovina,2009,2103.559,2128.0,2624471.36
Botswana,2009,15727.9,25918.0,5723237.17
Brazil,2009,528650.733,231113.4,632405150.81
Brunei Darussalam,2009,381.7,13.4,24797.29
Bulgaria,2009,3700.8,5030.0,3149237.99
Burkina Faso,2009,5169.18,12431.5924,22164914.8
Burundi,2009,193.94,1831.0,1375903.93
Cabo Verde,2009,41.86,78.0,90988.72
Cambodia,2009,10608.407,5328.732,10322525.89
Cameroon,2009,20970.181,9313.0,13642228.48
Canada,2009,364918.492,58856.0,51495306.519999996
Central African Republic,2009,45770.062,4945.3,10207759.46
Chad,2009,5612.31,49035.0,47140612.25
Chile,2009,17976.857,15103.9502,14165079.71
China,2009,198249.397,529038.6,376565965.96000004
"China, mainland",2009,198249.397,528217.6,375663658.0
Colombia,2009,61545.6,42540.0,80822930.4
Comoros,2009,37.848,133.0,169719.43
Congo,2009,22027.0,10563.215,777373.3
Cook Islands,2009,15.588,2.1,686.35
Costa Rica,2009,2877.58,1816.0,5941911.609999999
Croatia,2009,1916.5,1299.6,2841669.64
Cuba,2009,3158.315,6513.8,10464584.0
Cyprus,2009,172.717,127.6,354793.0
Czechia,2009,2878.537,3545.87,7088200.73
Democratic People's Republic of Korea,2009,7547.392,2666.221,1900405.8900000001
Democratic Republic of the Congo,2009,147715.427,26887.0,1848094.9100000001
Denmark,2009,584.866,2634.0,10567764.67
Djibouti,2009,5.6,1702.0,856415.03
Dominica,2009,58.379,23.0,53828.53
Dominican Republic,2009,2184.232,2324.8029,8810211.74
Ecuador,2009,13098.583,7534.4,18958668.8
Egypt,2009,4.063,3689.0,23448215.2
El Salvador,2009,679.08,1233.7,4312631.46
Equatorial Guinea,2009,2540.88,103.5,12075.45
Eritrea,2009,1537.699,7592.0,5841085.01
Estonia,2009,2326.307,931.8,1525737.95
Eswatini,2009,457.07,1224.0,1648648.8599999999
Ethiopia,2009,27154.2,34985.0,127828240.09
Faroe Islands,2009,0.08,96.41,6910.26
Fiji,2009,1061.046,319.8,785637.02
Finland,2009,22262.364,2296.5,5653917.75
France,2009,16305.9,29019.9,88592443.28
French Guiana,2009,8040.794,24.1,0.0
French Polynesia,2009,149.369,32.2759,21136.739999999998
Gabon,2009,23685.096,2112.531,131413.87
Gambia,2009,305.787,622.0,1131602.82
Georgia,2009,3094.32,2498.0,4802708.38
Germany,2009,11403.5,16886.0,75924768.71000001
Ghana,2009,6484.84,12310.4654,4016915.06
Greece,2009,3719.61,7560.0,3794680.21
Grenada,2009,17.7,10.0,16430.59
Guadeloupe,2009,71.622,59.7,0.0
Guatemala,2009,3802.931,4369.6,9658866.08
Guinea,2009,5929.267,14365.4275,12292871.51
Guinea-Bissau,2009,2167.556,739.125,1588594.82
Guyana,2009,18524.251,719.0,325981.99
Haiti,2009,380.6,1816.33,4346764.66
Honduras,2009,6783.168,3198.0,7912822.08
Hungary,2009,2033.868,5783.0,3986572.37
Iceland,2009,47.088,1875.0,385493.14
India,2009,69305.5,180068.0,591984016.0
Indonesia,2009,95870.54,49890.7836,36541970.28
Iran (Islamic Republic of),2009,10751.0,46686.2,30246190.71
Iraq,2009,805.632,7845.8,6870010.99
Ireland,2009,711.378,4593.92,27202896.0
Israel,2009,153.9,522.6,3521707.62
Italy,2009,8962.161,13982.4,41657491.36
Jamaica,2009,554.706,446.0,451859.88
Japan,2009,24957.0,4974.6,23398776.14
Jordan,2009,70.7,1025.0,695467.03
Kazakhstan,2009,3089.655,210783.3,30299167.96
Kenya,2009,3872.244,27311.0421,53515234.0
Kuwait,2009,5.35,151.5,149786.21
Kyrgyzstan,2009,1222.246,10617.3,6745538.73
Lao People's Democratic Republic,2009,13699.535,2168.0,4915658.33
Latvia,2009,3359.008,1833.0,2237639.84
Lebanon,2009,139.772,663.0,1666207.53
Lesotho,2009,34.52,2339.0,1565256.57
Liberia,2009,7658.678,1637.1311,128622.17
Libya,2009,210.673,15385.0,873269.27
Lithuania,2009,2155.0,2689.0,4575640.57
Luxembourg,2009,88.5,130.7,836976.75
Madagascar,2009,12053.07,40895.0,23384849.560000002
Malawi,2009,2703.7,5485.0,3095886.04
Malaysia,2009,19022.02,7220.0,2440798.68
Mali,2009,12087.986,41056.1075,20867479.6
Malta,2009,0.35,9.3,105377.85
Martinique,2009,50.135,37.4,0.0
Mauritania,2009,977.073,39710.0,4810004.66
Mauritius,2009,38.717,91.0,72206.0
Mexico,2009,68299.451,102682.0,113179364.44
Micronesia (Federated States of),2009,64.103,5.0,37717.05
Mongolia,2009,14191.9,114270.0562,8349182.25
Montenegro,2009,806.9,514.0,539928.1699999999
Morocco,2009,5695.997,30002.6,13015299.67
Mozambique,2009,36515.359,39444.274,2944865.9699999997
Myanmar,2009,31783.711,12441.0,36969237.74
Namibia,2009,8053.275,38808.0,5900462.52
Nepal,2009,6066.189,4140.0,20377677.0
Netherlands (Kingdom of the),2009,372.082,1917.4,29834101.92
New Caledonia,2009,838.903,205.6,252022.53
New Zealand,2009,9848.352,11490.0,57614153.59
Nicaragua,2009,5211.82,5089.0,11874600.969999999
Niger,2009,1216.32,43782.0,21012916.6
Nigeria,2009,19160.083,66768.8418,45899731.0
Niue,2009,18.776,4.8,620.97
North Macedonia,2009,960.142,1013.0,1198886.73
Norway,2009,12154.209,1014.26,4898164.05
Oman,2009,1.6,1454.4,1158235.52
Pakistan,2009,3180.038,35277.0,135472624.16
Palestine,2009,9.89,429.75,267912.28
Panama,2009,4688.045,2231.6,5087762.73
Papua New Guinea,2009,34197.958,1267.0,280189.12
Paraguay,2009,18516.746,18630.7869,29281242.0
Peru,2009,71350.487,23769.9902,18278185.78
Philippines,2009,6886.674,12100.0,11992350.68
Poland,2009,9302.0,15619.0,33660283.85
Portugal,2009,3261.549,3695.58,7165373.97
Puerto Rico,2009,485.22,192.3,1136190.08
Qatar,2009,1.4,67.4,52060.270000000004
Republic of Korea,2009,6395.9,1795.0,12411037.85
Republic of Moldova,2009,371.49,2472.0,1453524.83
Romania,2009,6500.1,13621.0,15600551.09
Russian Federation,2009,820596.274,215494.0,123055424.4
Rwanda,2009,415.539,1906.0,4299970.07
Saint Kitts and Nevis,2009,11.0,5.5,16928.28
Saint Lucia,2009,30.86,9.94,34647.0
Saint Vincent and the Grenadines,2009,28.549,7.0,17794.38
Samoa,2009,167.441,34.9,116717.64
Sao Tome and Principe,2009,58.054,34.0,7729.05
Saudi Arabia,2009,2768.05,173762.3335,3414521.4
Senegal,2009,8898.005,9278.0,9059560.879999999
Serbia,2009,2840.311,3518.0,5998640.21
Seychelles,2009,30.007,2.9,1488.99
Sierra Leone,2009,2751.887,3800.97,1312252.87
Singapore,2009,17.667,0.7,1286.88
Slovakia,2009,1916.26,1930.0,2410692.12
Slovenia,2009,1245.6,625.12,2258989.63
Solomon Islands,2009,2525.698,103.0,51369.630000000005
Somalia,2009,6825.25,44126.0,13383462.42
South Africa,2009,21480.352,96988.0,44175221.0
Spain,2009,18418.964,27970.0,29342429.33
Sri Lanka,2009,2163.478,2609.6,3742058.48
Sudan (former),2009,31900.64,137265.8,114778331.0
Suriname,2009,14866.016,80.4,161741.22
Sweden,2009,28082.0,3067.2,8407143.33
Switzerland,2009,1230.866,1537.6983,10659984.6
Syrian Arab Republic,2009,506.859,13908.0,6147598.07
Tajikistan,2009,410.0,4759.4,5743970.25
Thailand,2009,20102.0,22731.0,18607273.78
Timor-Leste,2009,1073.97,338.4,440991.14
Togo,2009,1241.829,3655.0,986715.24
Tonga,2009,8.73,32.0,31391.18
Trinidad and Tobago,2009,232.834,54.0,118462.5
Tunisia,2009,699.871,9789.0,4245199.23
Turkmenistan,2009,2330.0,34205.0,10765115.09
Uganda,2009,2949.517,14115.0,33092187.98
Ukraine,2009,9544.2,41276.0,36700921.79
United Arab Emirates,2009,319.092,387.9,530850.27
United Kingdom of Great Britain and Northern Ireland,2009,3048.5,17325.0,46878092.11
United Republic of Tanzania,2009,50508.0,37186.7,56312109.61
United States of America,2009,308201.6,416904.0472,437025805.53
Uruguay,2009,1659.966,14814.0,37666609.24
Uzbekistan,2009,3310.786,25779.0,39789450.34
Vanuatu,2009,945.585,187.0,392059.32999999996
Venezuela (Bolivarian Republic of),2009,48467.003,21500.0,47150374.08
Viet Nam,2009,13227.664,10292.0,21818208.689999998
Yemen,2009,549.0,23452.0,8298744.5600000005
Zambia,2009,46731.8,23586.0,9970653.77
Zimbabwe,2009,14706.719,16238.3113,23270776.34
World,2009,4204552.765,4791081.3922,5076347903.17
Africa,2009,716281.419,1126993.7831,824387948.37
Eastern Africa,2009,206363.745,296698.8475,359412727.24
Middle Africa,2009,339801.82,147623.546,85463867.77
Northern Africa,2009,40750.85,242515.4,165172762.55
Southern Africa,2009,45753.117,165277.0,59011996.129999995
Western Africa,2009,83611.887,274878.9897,155327305.66
Americas,2009,1685203.921,1147166.7585,1764775652.43
Northern America,2009,673122.564,476005.8472,488520775.05
Central America,2009,93777.695,120774.9,158190599.84
Caribbean,2009,7849.327,11563.4729,25558144.21
South America,2009,910454.335,538822.5385,1092506827.3600001
Asia,2009,602593.886,1649601.1263,1630915209.6
Central Asia,2009,10362.687,286144.0,93342545.38
Eastern Asia,2009,251341.589,652744.4772,422624369.09000003
Southern Asia,2009,97266.175,316469.8,868177396.65
South-eastern Asia,2009,212673.888,122524.0156,144073053.4
Western Asia,2009,30949.547,271718.8335,102698530.07
Europe,2009,1019160.983,469300.4083,693394145.0
Eastern Europe,2009,865437.829,313697.87,250949647.92000002
Northern Europe,2009,74734.43,38408.31,112336994.65
Southern Europe,2009,45035.44,63538.07,101244584.87
Western Europe,2009,33953.284,53656.1583,228863701.55
Oceania,2009,181312.556,398019.3159,162875783.78
Australia and New Zealand,2009,141193.597,395748.0,160907957.25
Melanesia,2009,39569.19,2082.4,1760626.6400000001
Micronesia,2009,159.355,71.9,37717.05
Polynesia,2009,390.414,117.0159,169909.85
European Union (27),2009,156226.824,170956.49,431785918.21000004
Least Developed Countries (LDCs),2009,612744.237,789926.0146,741750174.79
Land Locked Developing Countries (LLDCs),2009,308022.913,790194.8655,548328824.39
Small Island Developing States (SIDS),2009,86251.216,16199.0138,30608716.44
Low Income Food Deficit Countries (LIFDCs),2009,512784.404,816591.572,761662392.64
Net Food Importing Developing Countries (NFIDCs),2009,832145.589,1162659.481,1101025274.83
Afghanistan,2010,1209.44,37917.0,19737083.77
Albania,2010,782.07,1201.3,3835249.24
Algeria,2010,1701.47,41374.0,9364736.05
Angola,2010,70912.78,44850.0,12022620.219999999
Antigua and Barbuda,2010,8.78,9.0,19661.97
Argentina,2010,49727.45,126267.9,161857485.2
Armenia,2010,332.29,1735.0,3818092.9699999997
Australia,2010,131171.14,376372.0,99935491.97
Austria,2010,3861.64,2779.2,10944375.17
Azerbaijan,2010,1032.49,4766.8,11916564.41
Bahamas,2010,509.86,12.0,3532.74
Bahrain,2010,1.37,8.85,75886.71
Bangladesh,2010,1888.24,9241.0,68595382.92
Barbados,2010,6.3,15.0,36155.76
Belarus,2010,8630.0,8898.0,23887208.259999998
Belgium,2010,689.87,1355.7,12449973.85
Belize,2010,1428.03,157.0,224333.24
Benin,2010,4264.22,3487.144,5389516.66
Bhutan,2010,2705.29,520.0,745391.21
Bolivia (Plurinational State of),2010,57499.75,37668.8889,21463146.75
Bosnia and Herzegovina,2010,2102.66,2144.0,2559771.51
Botswana,2010,15727.9,25861.0,6326228.67
Brazil,2010,525087.44,231834.2,643924859.22
Brunei Darussalam,2010,380.0,13.4,20673.87
Bulgaria,2010,3737.0,5052.0,3091146.37
Burkina Faso,2010,5034.87,12591.4229,22608149.65
Burundi,2010,193.94,1833.0,1470242.0
Cabo Verde,2010,42.3,78.0,86057.08
Cambodia,2010,10589.23,5381.411,10027098.15
Cameroon,2010,20900.48,9700.0,12775309.370000001
Canada,2010,365431.1,58280.0,50636643.75
Central African Republic,2010,45735.07,4919.6,10450990.95
Chad,2010,5530.04,49235.0,49705630.94
Chile,2010,18038.22,14718.4238,14243002.48
China,2010,200610.38,528280.8,374493817.1
"China, mainland",2010,200610.38,527462.3,373573614.0
Colombia,2010,61431.74,42503.0,81950331.00999999
Comoros,2010,37.3,133.0,169732.81
Congo,2010,22015.0,10575.404,832391.02
Cook Islands,2010,15.59,2.0,698.48
Costa Rica,2010,2880.75,1819.0,5982032.8
Croatia,2010,1920.0,1333.8,3016703.81
Cuba,2010,3209.35,6461.2,10651006.0
Cyprus,2010,172.84,114.5,351763.19
Czechia,2010,2880.01,3523.92,6887575.71
Democratic People's Republic of Korea,2010,7557.61,2673.288,1897862.33
Democratic Republic of the Congo,2010,147040.44,28429.0,1800042.6
Denmark,2010,586.34,2626.0,10791258.47
Djibouti,2010,5.6,1702.3,856432.02
Dominica,2010,58.36,25.0,55265.8
Dominican Republic,2010,2186.28,2297.7653,9109204.75
Ecuador,2010,13028.37,7497.7,19215532.0
Egypt,2010,4.08,3671.0,24206568.67
El Salvador,2010,676.11,1229.9,4041520.75
Equatorial Guinea,2010,2532.58,103.63,12358.529999999999
Eritrea,2010,1531.72,7592.0,5622446.57
Estonia,2010,2336.02,948.8,1492356.83
Eswatini,2010,455.57,1221.0433,1723512.26
Ethiopia,2010,27081.4,35683.0,137481546.71
Faroe Islands,2010,0.08,96.395,6804.26
Fiji,2010,1067.11,319.1,802235.64
Finland,2010,22242.0,2291.9,5663391.99
France,2010,16419.0,28926.3,88745702.11
French Guiana,2010,8036.5,24.3,0.0
French Polynesia,2010,149.46,32.0043,19742.77
Gabon,2010,23683.26,2117.59,133074.03
Gambia,2010,300.0,644.0,1112589.6600000001
Georgia,2010,3100.5,2460.0,4780299.15
Germany,2010,11409.0,16700.0,76171388.36
Ghana,2010,6520.56,12400.438,4034122.6799999997
Greece,2010,3720.8,7489.0,3757552.91
Grenada,2010,17.7,10.0,17081.08
Guadeloupe,2010,71.55,58.9,0.0
Guatemala,2010,3755.85,4317.2,10238531.7
Guinea,2010,5862.27,15059.9275,13024096.96
Guinea-Bissau,2010,2163.16,747.57,1639605.19
Guyana,2010,18519.81,719.0,331526.16000000003
Haiti,2010,380.2,1984.0,4376947.79
Honduras,2010,6744.69,3268.0,7979158.5600000005
Hungary,2010,2046.39,5343.0,3867212.27
Iceland,2010,48.74,1874.0,387225.35
India,2010,69496.0,179573.0,593402984.0
Indonesia,2010,96305.2,49882.4142,38829654.18
Iran (Islamic Republic of),2010,10751.0,46539.4,30185192.45
Iraq,2010,804.3,8218.7,7100778.21
Ireland,2010,720.38,4568.0,27232511.0
Israel,2010,154.0,504.5,3687130.36
Italy,2010,9028.04,14327.8,41614812.09
Jamaica,2010,558.45,421.3,454443.06
Japan,2010,24966.0,4953.0,23049722.85
Jordan,2010,70.7,1002.3,647291.28
Kazakhstan,2010,3082.18,217161.8,30835350.32
Kenya,2010,3878.47,27386.7788,52701392.0
Kuwait,2010,5.39,152.0,168092.21
Kyrgyzstan,2010,1226.84,10611.9,6907991.38
Lao People's Democratic Republic,2010,13660.59,2193.5,5038488.33
Latvia,2010,3372.12,1805.0,2207879.8
Lebanon,2010,139.87,640.0,1659391.26
Lesotho,2010,34.52,2326.0,1586938.18
Liberia,2010,7619.78,1667.0346,130820.29000000001
Libya,2010,210.34,15351.0,951110.8
Lithuania,2010,2170.0,2772.3,4440382.24
Luxembourg,2010,88.7,131.04,855244.61
Madagascar,2010,11946.26,40895.0,23538155.310000002
Malawi,2010,2661.7,5485.0,3500309.0
Malaysia,2010,18947.65,7389.3,2420219.05
Mali,2010,11987.44,41075.4446,21130209.9
Malta,2010,0.35,10.33,103277.06
Martinique,2010,50.29,37.4,0.0
Mauritania,2010,979.7,39710.0,4783700.99
Mauritius,2010,38.36,91.0,65110.86
Mexico,2010,68155.65,101807.0,115016609.09
Micronesia (Federated States of),2010,64.13,5.0,37323.86
Mongolia,2010,14183.9,114210.03,6690439.15
Montenegro,2010,827.0,512.0,519838.0
Morocco,2010,5695.7,29988.3,13296443.51
Mozambique,2010,36248.33,39665.86,2893820.2199999997
Myanmar,2010,31441.0,12526.0,39715686.74
Namibia,2010,8052.63,38809.0,5762604.5
Nepal,2010,6082.93,4126.0,20619214.0
Netherlands (Kingdom of the),2010,373.48,1872.3,29850892.740000002
New Caledonia,2010,839.02,198.6,258924.97999999998
New Zealand,2010,9848.12,11408.0,57585285.28
Nicaragua,2010,5112.5,5050.0,12344766.129999999
Niger,2010,1203.9,43982.0,20604879.810000002
Nigeria,2010,19033.2,66888.9495,45837737.38
Niue,2010,18.77,4.8,621.01
North Macedonia,2010,960.43,1119.0,1241573.97
Norway,2010,12149.29,1005.9,4869686.1899999995
Oman,2010,1.6,1443.2,1342092.1
Pakistan,2010,3164.83,35242.0,139784660.9
Palestine,2010,9.98,374.9,282854.7
Panama,2010,4676.63,2266.39,5234065.46
Papua New Guinea,2010,34176.04,1267.0,280499.7
Paraguay,2010,18139.75,18850.8384,31165303.380000003
Peru,2010,71051.15,23864.6696,18638185.759999998
Philippines,2010,6839.72,12100.0,12011365.690000001
Poland,2010,9329.0,14449.0,33272998.310000002
Portugal,2010,3251.88,3654.17,6788657.16
Puerto Rico,2010,491.45,193.9,1081094.46
Qatar,2010,1.4,68.1,55165.79
Republic of Korea,2010,6387.0,1773.0,12305349.06
Republic of Moldova,2010,374.5,2465.0,1484052.97
Romania,2010,6515.0,14156.0,14441577.09
Russian Federation,2010,821501.93,215494.0,120855355.85
Rwanda,2010,416.24,1922.0,4613657.98
Saint Kitts and Nevis,2010,11.0,5.7,16742.93
Saint Lucia,2010,31.06,9.94,34558.01
Saint Vincent and the Grenadines,2010,28.55,7.0,16431.47
Samoa,2010,166.96,41.5,123130.8
Sao Tome and Principe,2010,58.0,33.0,6870.6900000000005
Saudi Arabia,2010,2768.05,173740.0419,3491745.0
Senegal,2010,8882.46,9278.0,9217844.68
Serbia,2010,2879.99,3521.6,5799734.28
Seychelles,2010,29.79,2.4,1425.72
Sierra Leone,2010,2732.16,3930.38,1450477.5899999999
Singapore,2010,17.74,0.74,1315.95
Slovakia,2010,1917.91,1944.7,2293695.49
Slovenia,2010,1247.0,623.86,2235438.44
Solomon Islands,2010,2524.96,93.9,51370.05
Somalia,2010,6748.5,44126.0,13471410.41
South Africa,2010,21567.92,96891.0,44481231.54
Spain,2010,18566.19,27545.0,29366663.189999998
Sri Lanka,2010,2155.96,2620.0,4026014.3200000003
Sudan (former),2010,31728.7,137246.2,115312742.0
Suriname,2010,14862.02,78.3,174865.27
Sweden,2010,28073.0,3073.7,8287695.55
Switzerland,2010,1234.72,1534.4107,10661385.280000001
Syrian Arab Republic,2010,511.98,13908.0,5726412.02
Tajikistan,2010,410.0,3808.2,5915648.0600000005
Thailand,2010,20095.0,22824.0,18388396.42
Timor-Leste,2010,1072.57,338.0,461685.44
Togo,2010,1238.87,3665.0,979488.0
Tonga,2010,8.73,32.0,31251.120000000003
Trinidad and Tobago,2010,232.41,54.0,117311.59
Tunisia,2010,703.43,10038.0,4079350.31
Turkmenistan,2010,2330.0,34000.0,10792266.51
Uganda,2010,2899.37,14265.0,34073238.379999995
Ukraine,2010,9548.0,41267.0,35505081.230000004
United Arab Emirates,2010,319.55,392.3,526684.31
United Kingdom of Great Britain and Northern Ireland,2010,3059.0,17224.0,48140512.78
United Republic of Tanzania,2010,50105.0,37399.0,57624287.14
United States of America,2010,308720.0,418927.2707,440344858.65999997
Uruguay,2010,1695.93,14433.0,35874216.31
Uzbekistan,2010,3349.6,25598.0,42330732.46
Vanuatu,2010,943.2,187.0,419892.27
Venezuela (Bolivarian Republic of),2010,48382.05,21500.0,41418593.68
Viet Nam,2010,13388.06,10760.1,21622316.869999997
Yemen,2010,549.0,23579.0,8689155.36
Zambia,2010,46696.0,23436.0,10949183.36
Zimbabwe,2010,14601.0,16136.8109,25296658.42
World,2010,4200994.15,4793919.9868,5089327458.57
Africa,2010,712895.24,1131688.0351,845894606.8
Eastern Africa,2010,205203.38,297822.9697,374326725.9
Middle Africa,2010,338407.65,149963.224,87738088.35
Northern Africa,2010,40580.95,242672.5,167209900.34
Southern Africa,2010,45838.54,165108.0433,59879692.16
Western Africa,2010,82864.72,276121.2982,156740933.07999998
Americas,2010,1680995.59,1150067.3867,1748281786.76
Northern America,2010,674153.55,477453.3707,490981171.40999997
Central America,2010,93430.21,119914.49,161059659.72
Caribbean,2010,7911.65,11629.8053,25986888.4
South America,2010,905500.18,541069.7207,1070254750.24
Asia,2010,605356.07,1654384.3751,1645992475.27
Central Asia,2010,10398.62,291179.9,96781290.72
Eastern Asia,2010,253704.89,651890.118,418436176.5
Southern Asia,2010,97457.41,315785.3,877095111.5799999
South-eastern Asia,2010,212736.76,123408.8652,148534823.65
Western Asia,2010,31058.39,272120.1919,105145767.8
Europe,2010,1020627.79,467738.4156,689614887.82
Eastern Europe,2010,866479.74,312592.62,245584101.56
Northern Europe,2010,74760.6,38338.485,113517286.48
Southern Europe,2010,45305.49,63502.63,100837081.65
Western Europe,2010,34081.96,53304.6806,229677208.14
Oceania,2010,181119.46,390041.7743,159544542.92000002
Australia and New Zealand,2010,141019.75,387781.0,157520582.24
Melanesia,2010,39550.33,2065.6,1812266.63
Micronesia,2010,159.48,71.9,37323.86
Polynesia,2010,389.9,123.2743,174808.18
European Union (27),2010,156673.96,169417.32,430215481.85
Least Developed Countries (LDCs),2010,609280.0,794429.4946,766528205.31
Land Locked Developing Countries (LLDCs),2010,306838.94,796724.2789,572218075.81
Small Island Developing States (SIDS),2010,86271.77,16261.1896,31171354.439999998
Low Income Food Deficit Countries (LIFDCs),2010,510050.41,820079.9653,785538914.29
Net Food Importing Developing Countries (NFIDCs),2010,828179.54,1167370.3986,1124183745.73
Afghanistan,2011,1209.44,37915.0,19506232.83
Albania,2011,785.092,1201.0,3876549.4299999997
Algeria,2011,1700.796,41388.0,9622896.17
Angola,2011,70402.75,45316.0,12187022.0
Antigua and Barbuda,2011,8.714,9.0,20234.7
Argentina,2011,49470.764,125318.4,156623195.05
Armenia,2011,332.672,1698.1,3871267.3
Australia,2011,131438.416,396121.0,102274130.64
Austria,2011,3864.458,2757.3,10903698.56
Azerbaijan,2011,1041.57,4768.7,12137877.86
Bahamas,2011,509.86,13.0,3573.87
Bahrain,2011,1.37,8.74,75899.0
Bangladesh,2011,1887.252,9128.0,69362191.48
Barbados,2011,6.3,14.0,34281.56
Belarus,2011,8630.7,8875.0,23578436.560000002
Belgium,2011,689.756,1335.7,12483176.31
Belize,2011,1420.498,157.0,238137.26
Benin,2011,4112.794,3619.365,5516413.45
Bhutan,2011,2707.268,519.6,736384.1
Bolivia (Plurinational State of),2011,57337.236,37803.6667,21979372.119999997
Bosnia and Herzegovina,2011,2114.228,2151.0,2451910.81
Botswana,2011,15727.9,25926.0,6157592.79
Brazil,2011,523171.738,232555.0,650986078.14
Brunei Darussalam,2011,380.0,13.4,26312.71
Bulgaria,2011,3756.2,5088.0,3151422.31
Burkina Faso,2011,4915.01,12793.2534,23060252.75
Burundi,2011,211.08,1841.0,1663716.31
Cabo Verde,2011,42.812,79.0,69694.33
Cambodia,2011,10240.748,5433.1958,9864459.52
Cameroon,2011,20844.48,9750.0,13225468.4
Canada,2011,365943.708,57699.7,50756805.21
Central African Republic,2011,45700.078,4889.2,11134866.5
Chad,2011,5402.124,49335.0,52205953.489999995
Chile,2011,18073.994,14417.8985,13786118.96
China,2011,202547.154,527526.5,363223957.92
"China, mainland",2011,202547.154,526713.0,362275339.0
Colombia,2011,61338.144,41721.0,79082205.9
Comoros,2011,36.752,133.0,172083.97
Congo,2011,21994.66,10596.615,848708.87
Cook Islands,2011,15.59,1.9,773.2
Costa Rica,2011,2895.492,1819.0,6174783.6899999995
Croatia,2011,1920.4,1326.1,2963335.92
Cuba,2011,3271.28,6407.8,10768170.0
Cyprus,2011,172.814,116.3,360429.51
Czechia,2011,2882.59,3504.04,6892859.85
Democratic People's Republic of Korea,2011,7568.964,2632.1,1901666.4100000001
Democratic Republic of the Congo,2011,146035.944,29636.0,1799719.28
Denmark,2011,593.924,2690.0,10827886.95
Djibouti,2011,5.61,1702.8,855830.34
Dominica,2011,58.248,25.0,55988.67
Dominican Republic,2011,2191.99,2319.6591,8931231.76
Ecuador,2011,12986.536,7346.1,19888816.0
Egypt,2011,4.08,3620.0,24549816.73
El Salvador,2011,676.186,1226.0,3420005.08
Equatorial Guinea,2011,2524.108,103.76,12358.529999999999
Eritrea,2011,1525.74,7592.0,5932940.0
Estonia,2011,2353.1,946.0,1506591.05
Eswatini,2011,454.07,1221.0,1743474.6099999999
Ethiopia,2011,27022.36,36325.2,133734186.11
Faroe Islands,2011,0.08,96.403,7352.32
Fiji,2011,1071.744,318.4,772987.5900000001
Finland,2011,22275.4,2286.6,5614314.49
France,2011,16502.4,28878.6,88955709.58
French Guiana,2011,8033.2,23.8,0.0
French Polynesia,2011,149.46,32.7326,20366.96
Gabon,2011,23671.134,2129.472,134495.03
Gambia,2011,294.214,644.0,1057905.92
Georgia,2011,3100.5,2442.4,4526674.43
Germany,2011,11413.88,16719.0,76010281.21000001
Ghana,2011,6556.28,12307.8457,4181510.24
Greece,2011,3796.24,7396.0,3694438.81
Grenada,2011,17.7,10.0,16862.61
Guadeloupe,2011,71.82,57.8,0.0
Guatemala,2011,3738.926,4294.8,10493707.969999999
Guinea,2011,5795.272,15109.6877,13490899.69
Guinea-Bissau,2011,2158.922,756.014,1662466.4100000001
Guyana,2011,18508.12,719.0,358855.72
Haiti,2011,377.02,2009.0,4396356.95
Honduras,2011,6701.152,3311.0,8031599.95
Hungary,2011,2049.276,5337.0,3828946.88
Iceland,2011,49.638,1873.2,384990.14
India,2011,69762.4,179670.0,594660016.0
Indonesia,2011,96049.74,50874.0448,41706753.9
Iran (Islamic Republic of),2011,10751.0,46392.6,30671745.96
Iraq,2011,795.162,8526.3,7280830.2
Ireland,2011,727.238,4555.0,26948098.0
Israel,2011,156.2,517.0,3864693.58
Italy,2011,9003.832,13852.6,39739356.019999996
Jamaica,2011,562.25,420.5,456704.18
Japan,2011,24961.6,4919.0,22285339.06
Jordan,2011,70.7,1002.6,792640.6699999999
Kazakhstan,2011,3127.436,216988.5,30416885.9
Kenya,2011,3779.552,27930.0273,54655286.0
Kuwait,2011,5.53,152.5,150160.66
Kyrgyzstan,2011,1230.86,10608.5,7030859.27
Lao People's Democratic Republic,2011,13602.352,2219.8,5216867.67
Latvia,2011,3377.42,1816.0,2207317.67
Lebanon,2011,139.968,651.0,1430996.8599999999
Lesotho,2011,34.52,2312.0,1663672.08
Liberia,2011,7503.138,1696.6591,132613.71
Libya,2011,210.006,15351.0,864558.0
Lithuania,2011,2173.4,2805.9,4422836.390000001
Luxembourg,2011,88.7,131.27,834713.81
Madagascar,2011,11786.128,40895.0,23718482.07
Malawi,2011,2619.7,5485.0,3653402.2
Malaysia,2011,19050.964,7530.6,2308442.91
Mali,2011,11886.894,41253.0663,21723884.34
Malta,2011,0.35,10.33,96902.25
Martinique,2011,50.49,36.8,0.0
Mauritania,2011,982.328,39710.0,4852937.0
Mauritius,2011,38.348,89.0,74485.55
Mexico,2011,68033.172,101322.0,116861722.38
Micronesia (Federated States of),2011,64.158,5.0,39680.19
Mongolia,2011,14182.786,114187.8,7445323.95
Montenegro,2011,827.0,513.0,522162.86
Morocco,2011,5694.54,30103.8,14301801.78
Mozambique,2011,35981.302,39872.288,3206161.74
Myanmar,2011,31151.288,12558.0,40541564.370000005
Namibia,2011,8051.986,38809.0,5625611.25
Nepal,2011,6086.434,4126.6,20867057.0
Netherlands (Kingdom of the),2011,371.75,1858.4,29551887.7
New Caledonia,2011,849.738,190.3,255443.58000000002
New Zealand,2011,9847.818,11371.0,58725050.66
Nicaragua,2011,5090.38,5070.9,13856098.46
Niger,2011,1191.48,44482.0,21663540.6
Nigeria,2011,18906.316,66933.8249,53200670.16
Niue,2011,18.78,4.8,621.06
North Macedonia,2011,967.224,1118.0,1220109.63
Norway,2011,12146.028,999.0,4805698.7
Oman,2011,1.6,1436.8,1359422.1
Pakistan,2011,3139.074,35936.0,145442448.57999998
Palestine,2011,10.098,387.2364,312561.41000000003
Panama,2011,4670.254,2263.0,5541991.12
Papua New Guinea,2011,34171.434,1286.0,278975.28
Paraguay,2011,17785.734,19065.6148,31538924.75
Peru,2011,70751.812,23959.3489,19083800.740000002
Philippines,2011,6874.606,12260.0,11736194.440000001
Poland,2011,9347.2,14779.0,33409856.54
Portugal,2011,3263.87,3649.36,6953947.26
Puerto Rico,2011,490.796,195.5,1039231.8
Qatar,2011,1.4,68.8,48447.46
Republic of Korea,2011,6377.0,1756.1,12556967.79
Republic of Moldova,2011,376.88,2462.0,1388260.6
Romania,2011,6592.192,13982.0,13010980.780000001
Russian Federation,2011,821842.778,215494.0,115882451.2
Rwanda,2011,430.798,1943.0,4132427.44
Saint Kitts and Nevis,2011,11.0,6.0,15223.21
Saint Lucia,2011,31.26,9.94,34707.0
Saint Vincent and the Grenadines,2011,28.55,7.0,16808.37
Samoa,2011,166.48,48.0,132421.07
Sao Tome and Principe,2011,57.406,34.0,6201.7
Saudi Arabia,2011,2768.05,173733.7502,3629913.4
Senegal,2011,8866.916,8965.0,9392446.49
Serbia,2011,2919.672,3528.2,5462085.17
Seychelles,2011,29.572,1.5,738.76
Sierra Leone,2011,2712.434,4017.63,1591226.67
Singapore,2011,17.486,0.73,1315.95
Slovakia,2011,1918.678,1929.7,2252670.13
Slovenia,2011,1247.2,620.61,2200484.9699999997
Solomon Islands,2011,2524.222,97.5,51370.47
Somalia,2011,6594.6,44026.0,13657465.96
South Africa,2011,21655.488,96374.0,44386258.82
Spain,2011,18568.022,27014.0,29244606.82
Sri Lanka,2011,2144.418,2730.0,3891744.76
Sudan (former),2011,31558.72,137246.2,114713561.0
Suriname,2011,14857.338,80.0,166861.23
Sweden,2011,28054.4,3063.1,8244297.0
Switzerland,2011,1237.516,1531.1226,10693467.97
Syrian Arab Republic,2011,515.038,13915.0,6532144.07
Tajikistan,2011,412.36,3752.0,6147597.72
Thailand,2011,20088.0,22828.0,16970362.75
Timor-Leste,2011,1071.17,338.6,482530.27
Togo,2011,1235.91,3665.0,988573.0
Tonga,2011,8.73,32.0,31203.38
Trinidad and Tobago,2011,231.986,54.0,117475.55
Tunisia,2011,703.73,10072.0,4056015.9299999997
Turkmenistan,2011,2330.0,33838.0,10958373.11
Uganda,2011,2849.224,14365.0,35000651.11
Ukraine,2011,9578.4,41281.0,33271271.97
United Arab Emirates,2011,319.884,388.5,512364.87
United Kingdom of Great Britain and Northern Ireland,2011,3078.2,17164.0,48073130.0
United Republic of Tanzania,2011,49702.0,37611.3,62649998.2
United States of America,2011,308995.0,420950.4943,438959880.83
Uruguay,2011,1723.622,14526.0,35384675.99
Uzbekistan,2011,3389.56,25417.0,46504817.58
Vanuatu,2011,940.816,187.0,424007.33999999997
Venezuela (Bolivarian Republic of),2011,48281.486,21500.0,42170825.4
Viet Nam,2011,13522.82,10768.6,20954302.32
Yemen,2011,549.0,23452.0,8903693.8
Zambia,2011,46507.82,23636.0,9838573.379999999
Zimbabwe,2011,14541.334,16337.211,26572639.42
World,2011,4197086.74,4817180.6742,5111733638.24
Africa,2011,708763.556,1136167.7965,865929007.05
Eastern Africa,2011,203746.66,299854.7463,379516776.51
Middle Africa,2011,336632.684,151790.047,91553585.78999999
Northern Africa,2011,40409.556,242785.0,168107609.6
Southern Africa,2011,45923.964,164642.0,59575775.56
Western Africa,2011,82050.692,277096.0032,167175989.57999998
Americas,2011,1678472.206,1150153.3223,1751284204.21
Northern America,2011,674941.134,478895.5943,489716406.03999996
Central America,2011,93226.06,119463.7,164616713.93
Caribbean,2011,7985.288,11614.6991,25904358.22
South America,2011,902319.724,540179.3288,1071047409.99
Asia,2011,607041.98,1654387.8972,1653956663.94
Central Asia,2011,10490.216,290604.0,101057854.57
Eastern Asia,2011,255637.504,651021.5,407412242.11
Southern Asia,2011,97691.006,316424.7,885137029.7
South-eastern Asia,2011,212049.174,124824.9706,149807011.8
Western Asia,2011,31174.08,271512.7266,110543212.75999999
Europe,2011,1021413.614,466697.1256,677559515.62
Eastern Europe,2011,866974.894,312731.74,236665356.84
Northern Europe,2011,74832.458,38347.423,113040109.71000001
Southern Europe,2011,45432.252,62400.97,98423639.95
Western Europe,2011,34174.01,53216.9926,229431198.12
Oceania,2011,181395.384,409774.5326,163005090.41
Australia and New Zealand,2011,141286.724,407493.0,160998987.3
Melanesia,2011,39557.954,2079.2,1782113.24
Micronesia,2011,161.256,71.9,39680.19
Polynesia,2011,389.45,130.4326,184753.68
European Union (27),2011,157004.69,168447.91,426304392.78999996
Least Developed Countries (LDCs),2011,604820.994,798221.1593,776246773.25
Land Locked Developing Countries (LLDCs),2011,305614.204,798632.8122,580910423.54
Small Island Developing States (SIDS),2011,86318.164,16284.6758,31141798.45
Low Income Food Deficit Countries (LIFDCs),2011,506792.87,823764.8168,805121210.96
Net Food Importing Developing Countries (NFIDCs),2011,823087.376,1172915.2637,1143778644.97
Afghanistan,2012,1209.44,37914.0,19273496.98
Albania,2012,788.114,1201.3,3608986.06
Algeria,2012,1700.122,41398.19,10006222.65
Angola,2012,69892.72,45303.0,12433300.0
Antigua and Barbuda,2012,8.648,9.0,20327.760000000002
Argentina,2012,49214.078,124741.9,162982075.05
Armenia,2012,333.054,1683.0,3917987.34
Australia,2012,131705.692,387076.0,102760506.8
Austria,2012,3867.276,2735.2,10866149.18
Azerbaijan,2012,1050.65,4768.3,12368864.620000001
Bahamas,2012,509.86,13.0,3637.79
Bahrain,2012,1.37,8.64,75911.29000000001
Bangladesh,2012,1886.264,9120.0,70080468.47
Barbados,2012,6.3,13.0,34682.22
Belarus,2012,8631.4,8796.0,23910812.35
Belgium,2012,689.642,1332.0,12147686.64
Belize,2012,1412.966,160.0,249316.94
Benin,2012,3961.368,3765.196,5642453.25
Bhutan,2012,2709.246,519.6,732310.6
Bolivia (Plurinational State of),2012,57174.722,37943.4444,22676237.189999998
Bosnia and Herzegovina,2012,2125.796,2156.0,2386589.99
Botswana,2012,15727.9,25887.0,5605197.4399999995
Brazil,2012,521256.036,233275.8,652455606.3299999
Brunei Darussalam,2012,380.0,13.4,24278.5
Bulgaria,2012,3775.4,5123.0,3126231.76
Burkina Faso,2012,4795.15,12949.0839,23521395.52
Burundi,2012,228.22,1860.0,1598925.26
Cabo Verde,2012,43.324,79.0,69847.69
Cambodia,2012,9892.266,5498.7572,8888507.61
Cameroon,2012,20788.48,9750.0,14315766.84
Canada,2012,366456.316,57771.0,50683881.26
Central African Republic,2012,45665.086,4891.8,11314451.879999999
Chad,2012,5274.208,49685.0,54930769.89
Chile,2012,18109.768,14037.3731,13956680.629999999
China,2012,204483.928,526768.8,360308711.77
"China, mainland",2012,204483.928,525960.7,359364486.0
Colombia,2012,61244.548,42617.6,77764440.22
Comoros,2012,36.204,133.0,172916.99
Congo,2012,21974.32,10602.008,855029.9
Cook Islands,2012,15.59,1.9,712.66
Costa Rica,2012,2910.234,1812.0,5970407.0
Croatia,2012,1920.8,1331.0,2848145.2800000003
Cuba,2012,3333.21,6405.6,10827134.4
Cyprus,2012,172.788,116.9,362326.9
Czechia,2012,2885.17,3525.89,6899879.42
Democratic People's Republic of Korea,2012,7580.318,2631.3,1907708.53
Democratic Republic of the Congo,2012,145031.448,30886.0,2144829.98
Denmark,2012,601.508,2624.0,10940688.86
Djibouti,2012,5.62,1702.8,855185.49
Dominica,2012,58.136,25.0,57311.520000000004
Dominican Republic,2012,2197.7,2303.132,9001623.23
Ecuador,2012,12944.702,7506.9,19240238.009999998
Egypt,2012,4.08,3696.0,25228574.73
El Salvador,2012,676.262,1222.2,3678498.3
Equatorial Guinea,2012,2515.636,103.89,12533.61
Eritrea,2012,1519.76,7592.0,5954728.57
Estonia,2012,2370.18,955.9,1510453.69
Eswatini,2012,452.57,1220.0,1767283.63
Ethiopia,2012,26963.32,36488.0,135565500.86
Faroe Islands,2012,0.08,96.403,7246.32
Fiji,2012,1076.378,317.7,773396.19
Finland,2012,22308.8,2285.1,5587254.5
France,2012,16585.8,28844.8,87374247.58
French Guiana,2012,8029.9,26.4,0.0
French Polynesia,2012,149.46,32.461,20853.38
Gabon,2012,23659.008,2141.354,136184.95
Gambia,2012,288.428,644.0,1007770.9
Georgia,2012,3100.5,2435.0,4551547.15
Germany,2012,11418.76,16664.0,75897703.43
Ghana,2012,6592.0,12350.3384,4321063.21
Greece,2012,3871.68,7283.0,3654961.24
Grenada,2012,17.7,8.0,16977.739999999998
Guadeloupe,2012,72.09,55.8,0.0
Guatemala,2012,3722.002,4262.4,11038402.79
Guinea,2012,5728.274,15561.8124,14245148.99
Guinea-Bissau,2012,2154.684,764.458,1674283.5899999999
Guyana,2012,18496.43,719.0,347762.13
Haiti,2012,373.84,2024.0,4432450.140000001
Honduras,2012,6657.614,3358.0,8130502.9399999995
Hungary,2012,2052.162,5338.0,3881999.0
Iceland,2012,50.536,1872.2,387540.62
India,2012,70028.8,179642.0,594828910.0
Indonesia,2012,95794.28,50865.6754,44547118.92
Iran (Islamic Republic of),2012,10751.0,46245.8,31246284.4
Iraq,2012,786.024,8568.1,7325707.0
Ireland,2012,734.096,4533.0,26641094.0
Israel,2012,158.4,526.2,3880111.89
Italy,2012,8979.624,13729.0,39829924.75
Jamaica,2012,566.05,419.8,462832.95999999996
Japan,2012,24957.2,4905.0,22393507.0
Jordan,2012,70.7,1044.9,835026.63
Kazakhstan,2012,3172.692,217012.1,28032837.060000002
Kenya,2012,3680.634,28269.3798,57059459.8
Kuwait,2012,5.67,152.0,146333.38
Kyrgyzstan,2012,1234.88,10591.3,7111558.01
Lao People's Democratic Republic,2012,13544.114,2257.85,5599838.33
Latvia,2012,3382.72,1841.0,2223525.95
Lebanon,2012,140.066,658.0,1391374.83
Lesotho,2012,34.52,2285.3,1699671.8599999999
Liberia,2012,7386.496,1726.6362,133551.36
Libya,2012,209.672,15355.0,867431.8
Lithuania,2012,2176.8,2842.2,4377345.72
Luxembourg,2012,88.7,131.42,816885.44
Madagascar,2012,11625.996,40895.0,23898330.34
Malawi,2012,2577.7,5485.0,3829976.92
Malaysia,2012,19154.278,7829.2,2286260.71
Mali,2012,11786.348,41444.5518,23002754.14
Malta,2012,0.35,10.3,99027.94
Martinique,2012,50.69,36.8,0.0
Mauritania,2012,984.956,39710.0,4942940.34
Mauritius,2012,38.336,87.0,70659.53
Mexico,2012,67910.694,100512.0,115526726.03
Micronesia (Federated States of),2012,64.186,5.0,39563.130000000005
Mongolia,2012,14181.672,114067.9033,8077036.8
Montenegro,2012,827.0,513.0,497278.91000000003
Morocco,2012,5693.38,30403.0,14660188.870000001
Mozambique,2012,35714.274,40078.716,3576326.19
Myanmar,2012,30861.576,12549.0,42851344.36
Namibia,2012,8051.342,38809.0,6690300.93
Nepal,2012,6089.938,4087.6453,21090903.0
Netherlands (Kingdom of the),2012,370.02,1841.7,29180313.37
New Caledonia,2012,860.456,184.034,245196.14
New Zealand,2012,9847.516,11209.4,60778505.870000005
Nicaragua,2012,5068.26,5073.0,14085391.05
Niger,2012,1179.06,44782.0,22958806.990000002
Nigeria,2012,18779.432,67174.0606,53704717.3
Niue,2012,18.79,4.8,610.18
North Macedonia,2012,974.018,1267.0,1142834.79
Norway,2012,12142.766,992.8,4807585.3
Oman,2012,1.6,1423.8,1386961.72
Pakistan,2012,3113.318,36063.0,150648196.59
Palestine,2012,10.216,400.6427,287972.27
Panama,2012,4663.878,2253.0,5650088.33
Papua New Guinea,2012,34166.828,1286.0,282657.6
Paraguay,2012,17431.718,19284.6633,32680025.14
Peru,2012,70452.474,24054.0283,19528830.259999998
Philippines,2012,6909.492,12430.0,11554211.379999999
Poland,2012,9365.4,14529.0,33390579.240000002
Portugal,2012,3275.86,3664.41,6928888.58
Puerto Rico,2012,490.142,196.8,967246.52
Qatar,2012,1.4,69.5,50286.16
Republic of Korea,2012,6367.0,1788.0,13556806.82
Republic of Moldova,2012,379.26,2460.0,1311613.17
Romania,2012,6669.384,13733.0,12050448.4
Russian Federation,2012,822183.626,215494.0,116307835.57
Rwanda,2012,445.356,1959.0,4140222.5
Saint Kitts and Nevis,2012,11.0,6.0,7380.1
Saint Lucia,2012,31.46,9.94,34335.16
Saint Vincent and the Grenadines,2012,28.55,7.0,15753.79
Samoa,2012,166.0,54.5,137019.56
Sao Tome and Principe,2012,56.812,35.0,6368.57
Saudi Arabia,2012,2768.05,173723.4586,3947373.0
Senegal,2012,8851.372,8965.0,9550562.34
Serbia,2012,2959.354,3462.6,5498897.9
Seychelles,2012,29.354,1.5,943.23
Sierra Leone,2012,2692.708,3836.65,1723979.77
Singapore,2012,17.232,0.73,1375.7
Slovakia,2012,1919.446,1927.4,2240341.13
Slovenia,2012,1247.4,611.79,2165229.84
Solomon Islands,2012,2523.484,97.4,52202.0
Somalia,2012,6440.7,44026.0,13715777.24
South Africa,2012,21743.056,96341.0,44768052.54
South Sudan,2012,7144.52,28497.9125,35858091.65
Spain,2012,18569.854,26942.0,28906747.1
Sri Lanka,2012,2132.876,2740.0,4128411.2
Sudan,2012,24244.22,111465.96,83421433.0
Suriname,2012,14852.656,73.2,167251.8
Sweden,2012,28035.8,3031.5,8074450.33
Switzerland,2012,1240.312,1527.8375,10608699.57
Syrian Arab Republic,2012,518.096,13921.0,6362639.390000001
Tajikistan,2012,414.72,3669.0,6533657.12
Thailand,2012,20081.0,22832.0,17861069.41
Timor-Leste,2012,1069.77,339.1,494344.8
Togo,2012,1232.95,3850.0,1232857.0
Tonga,2012,8.73,33.0,32147.64
Trinidad and Tobago,2012,231.562,54.0,115450.63
Tunisia,2012,704.03,9922.0,3885454.0
Turkmenistan,2012,2330.0,34575.625,11126619.95
Uganda,2012,2799.078,14415.0,35965711.5
Ukraine,2012,9608.8,41297.0,32325042.27
United Arab Emirates,2012,320.218,376.7,511683.42
United Kingdom of Great Britain and Northern Ireland,2012,3097.4,17182.0,47291246.66
United Republic of Tanzania,2012,49299.0,37497.594,67005078.629999995
United States of America,2012,309270.0,422973.7179,432565202.97
Uruguay,2012,1751.314,14237.0,34794734.92
Uzbekistan,2012,3429.52,25236.0,48234659.34
Vanuatu,2012,938.432,187.0,433927.01
Venezuela (Bolivarian Republic of),2012,48180.922,21500.0,49585389.5
Viet Nam,2012,13657.58,10793.3,20590697.240000002
Yemen,2012,549.0,23501.0,9047576.05
Zambia,2012,46319.64,23836.0,12785688.45
Zimbabwe,2012,14481.668,16190.1722,26709305.58
World,2012,4193173.51,4817352.3827,5164324446.42
Africa,2012,704631.872,1143813.1907,895899767.56
Eastern Africa,2012,209434.46,329083.3944,428760417.72
Middle Africa,2012,334857.718,153398.052,96148038.61
Northern Africa,2012,33093.642,217244.15,138068241.04
Southern Africa,2012,46009.388,164542.3,60529629.42
Western Africa,2012,81236.664,279545.2943,172394156.78
Americas,2012,1675943.002,1152394.4989,1759747686.75
Northern America,2012,675728.718,480990.4179,483248815.23
Central America,2012,93021.91,118652.6,164328010.41
Caribbean,2012,8053.106,11606.572,25994582.93
South America,2012,899139.268,541144.909,1086176964.18
Asia,2012,608727.89,1654776.6276,1671379140.08
Central Asia,2012,10581.812,291084.025,101038642.48
Eastern Asia,2012,257570.118,650161.0033,406242745.92
Southern Asia,2012,97924.602,316338.4453,892028194.25
South-eastern Asia,2012,211361.588,125409.0126,154697057.97
Western Asia,2012,31289.77,271784.1413,117373192.46000001
Europe,2012,1022199.438,465800.9405,671743327.86
Eastern Europe,2012,867470.048,312223.29,235442968.3
Northern Europe,2012,74904.316,38304.063,111846005.97
Southern Europe,2012,45559.014,62191.16,97565211.4
Western Europe,2012,34266.06,53082.4275,226889936.18
Oceania,2012,181671.308,400567.125,165555370.18
Australia and New Zealand,2012,141553.698,398286.4,163538818.66
Melanesia,2012,39565.578,2072.134,1786730.95
Micronesia,2012,163.032,70.9,39563.130000000005
Polynesia,2012,389.0,137.691,190697.43
European Union (27),2012,157335.42,167526.51,422015742.31
Least Developed Countries (LDCs),2012,600361.988,804442.0233,802315111.69
Land Locked Developing Countries (LLDCs),2012,311533.988,829213.2516,631159412.51
Small Island Developing States (SIDS),2012,86364.188,16279.385,31264170.46
Low Income Food Deficit Countries (LIFDCs),2012,503535.33,829635.476,831449009.74
Net Food Importing Developing Countries (NFIDCs),2012,817995.212,1180731.2676,1188183805.48
Afghanistan,2013,1209.44,37910.0,19166576.23
Albania,2013,791.136,1187.3,3620418.2199999997
Algeria,2013,1699.448,41431.635,10545082.75
Angola,2013,69382.69,45488.0,12729604.0
Antigua and Barbuda,2013,8.582,9.0,20245.66
Argentina,2013,48957.392,122937.4,169967667.31
Armenia,2013,333.436,1683.0,4342972.97
Australia,2013,131972.968,371775.0,109033434.22
Austria,2013,3870.094,2716.4,10892625.79
Azerbaijan,2013,1059.73,4769.8,12634666.59
Bahamas,2013,509.86,13.0,3631.85
Bahrain,2013,1.37,8.53,78227.1
Bangladesh,2013,1885.276,9108.0,71960288.66
Barbados,2013,6.3,12.5,33855.880000000005
Belarus,2013,8632.1,8711.2,24607421.59
Belgium,2013,689.528,1336.5,12384910.55
Belize,2013,1405.434,160.0,275044.75
Benin,2013,3809.942,3980.544,5773077.51
Bhutan,2013,2711.224,519.6,741642.6
Bolivia (Plurinational State of),2013,57012.208,38084.2222,23238035.84
Bosnia and Herzegovina,2013,2137.364,2161.0,2267803.76
Botswana,2013,15727.9,25882.0,5275123.48
Brazil,2013,519340.334,233996.6,661660877.94
Brunei Darussalam,2013,380.0,13.4,16210.34
Bulgaria,2013,3794.6,4995.0,3051152.49
Burkina Faso,2013,4675.29,13164.9143,23992548.0
Burundi,2013,245.36,1887.0,1818183.6
Cabo Verde,2013,43.836,79.0,70001.07
Cambodia,2013,9543.784,5551.9852,8746514.41
Cameroon,2013,20732.48,9750.0,15033785.34
Canada,2013,366968.924,57842.0,50332761.21
Central African Republic,2013,45630.094,4897.5,11431445.940000001
Chad,2013,5146.292,50036.0,57800513.91
Chile,2013,18145.542,13716.8487,12162855.66
China,2013,206420.702,526013.5,354890973.46000004
"China, mainland",2013,206420.702,525208.4,353917872.0
Colombia,2013,61150.952,44815.6,76669874.06
Comoros,2013,35.656,133.0,172919.0
Congo,2013,21953.98,10630.804,846308.8
Cook Islands,2013,15.59,1.9,714.72
Costa Rica,2013,2924.976,1801.0,6087757.9
Croatia,2013,1921.2,1567.3,2667091.64
Cuba,2013,3395.14,6342.3,10878023.2
Cyprus,2013,172.762,108.83,365534.51
Czechia,2013,2887.75,3521.0,6912888.29
Democratic People's Republic of Korea,2013,7591.672,2631.3,1907708.53
Democratic Republic of the Congo,2013,144026.952,31430.0,2272852.45
Denmark,2013,609.092,2628.0,11058827.41
Djibouti,2013,5.63,1702.8,855332.1799999999
Dominica,2013,58.024,25.0,55922.81
Dominican Republic,2013,2203.41,2419.1334,9182785.629999999
Ecuador,2013,12902.868,7513.0,19238270.009999998
Egypt,2013,4.08,3730.97,24082768.79
El Salvador,2013,676.338,1218.4,2930894.71
Equatorial Guinea,2013,2507.164,104.02,12579.3
Eritrea,2013,1513.78,7592.0,5924433.34
Estonia,2013,2387.26,965.0,1546312.13
Eswatini,2013,451.07,1218.7465,1740324.68
Ethiopia,2013,26904.28,36781.746,137646671.42000002
Faroe Islands,2013,0.08,96.403,7334.32
Fiji,2013,1081.012,317.0,809888.94
Finland,2013,22342.2,2258.5,5623625.25
France,2013,16669.2,28773.7,86062482.75
French Guiana,2013,8026.6,28.7,0.0
French Polynesia,2013,149.46,31.9705,20151.88
Gabon,2013,23646.882,2153.236,136874.97999999998
Gambia,2013,282.642,644.0,1130126.71
Georgia,2013,3100.5,2486.1,4808498.53
Germany,2013,11423.64,16697.0,76278735.39
Ghana,2013,6627.72,12463.0761,4439941.02
Greece,2013,3947.12,7153.0,3594547.9699999997
Grenada,2013,17.7,8.0,17277.46
Guadeloupe,2013,72.36,54.8,0.0
Guatemala,2013,3705.078,4223.0,11318592.53
Guinea,2013,5661.276,15649.8882,14904576.64
Guinea-Bissau,2013,2150.446,772.902,1714470.7
Guyana,2013,18484.74,719.0,361210.55
Haiti,2013,370.66,2068.0,4432581.45
Honduras,2013,6614.076,3370.0,8143554.09
Hungary,2013,2055.048,5257.0,3944383.01
Iceland,2013,51.434,1872.2,374794.06
India,2013,70295.2,179698.0,594386127.65
Indonesia,2013,95538.82,51357.306,37963666.58
Iran (Islamic Republic of),2013,10751.0,45954.0,30416817.0
Iraq,2013,776.886,8885.35,7339549.4
Ireland,2013,740.954,4477.0,27605956.0
Israel,2013,160.6,520.3,4164215.1799999997
Italy,2013,8955.416,13630.0,37444118.45
Jamaica,2013,569.85,418.8,461516.37
Japan,2013,24952.8,4892.0,21966160.93
Jordan,2013,70.7,1056.6,842899.8
Kazakhstan,2013,3217.948,216994.1,28162995.119999997
Kenya,2013,3581.716,28339.1139,54882728.99
Kuwait,2013,5.81,153.6,134450.34
Kyrgyzstan,2013,1238.9,10556.7,7226376.3
Lao People's Democratic Republic,2013,13485.876,2342.4,5658387.67
Latvia,2013,3388.02,1877.0,2281729.8200000003
Lebanon,2013,140.164,660.0,1560414.44
Lesotho,2013,34.52,2252.1,1491918.08
Liberia,2013,7269.854,1756.5513,138311.56
Libya,2013,209.338,15355.0,860831.8
Lithuania,2013,2180.2,2891.4,4200574.1899999995
Luxembourg,2013,88.7,130.88,830565.4099999999
Madagascar,2013,11465.864,40895.0,23876927.95
Malawi,2013,2535.7,5545.0,4051057.5300000003
Malaysia,2013,19257.592,8059.3,2327341.32
Mali,2013,11685.802,41628.688,22467426.46
Malta,2013,0.35,10.23,95926.13
Martinique,2013,50.89,36.8,0.0
Mauritania,2013,987.584,39710.0,4985577.66
Mauritius,2013,38.324,86.0,65877.91
Mexico,2013,67788.216,99486.0,116077824.84
Micronesia (Federated States of),2013,64.214,5.0,40676.8
Mongolia,2013,14180.558,114030.28,8854323.2
Montenegro,2013,827.0,223.13,514187.58999999997
Morocco,2013,5692.22,30585.0,15842316.83
Mozambique,2013,35447.246,40318.244,3809885.4299999997
Myanmar,2013,30571.864,12587.0,44074937.46
Namibia,2013,8050.698,38809.0,6223017.390000001
Nepal,2013,6093.442,4056.1921,21307887.0
Netherlands (Kingdom of the),2013,368.29,1847.6,30116829.189999998
New Caledonia,2013,871.174,183.73,257597.35
New Zealand,2013,9847.214,11106.0,61884043.65
Nicaragua,2013,5046.14,5073.0,14348448.4
Niger,2013,1166.64,45682.0,24398254.25
Nigeria,2013,18652.548,66985.6869,54574312.19
Niue,2013,18.8,4.8,601.8299999999999
North Macedonia,2013,980.812,1260.0,1172253.65
Norway,2013,12139.504,987.1428,4859879.4
Oman,2013,1.6,1419.5,1606376.4
Pakistan,2013,3087.562,36280.0,155912744.54
Palestine,2013,10.334,414.4291,269562.3
Panama,2013,4657.502,2243.0,5498037.79
Papua New Guinea,2013,34162.222,1286.0,279685.99
Paraguay,2013,17077.702,19502.2397,34492110.67
Peru,2013,70153.136,24020.1642,19568242.34
Philippines,2013,6944.378,12469.0,11594695.58
Poland,2013,9383.6,14410.0,32776555.689999998
Portugal,2013,3287.85,3701.1,6593969.01
Puerto Rico,2013,489.488,192.2,958313.69
Qatar,2013,1.4,70.2,66555.04000000001
Republic of Korea,2013,6357.0,1768.7,13707263.85
Republic of Moldova,2013,381.64,2461.0,1271068.73
Romania,2013,6746.576,13905.0,11756215.06
Russian Federation,2013,822524.474,215494.0,114363384.87
Rwanda,2013,459.914,1980.0,4135884.95
Saint Kitts and Nevis,2013,11.0,6.0,6582.0
Saint Lucia,2013,31.66,9.94,34279.2
Saint Vincent and the Grenadines,2013,28.55,7.0,15935.64
Samoa,2013,165.52,61.0,137269.81
Sao Tome and Principe,2013,56.218,35.0,6688.93
Saudi Arabia,2013,2768.05,173713.1669,4359390.0
Senegal,2013,8835.828,8968.0,9908471.43
Serbia,2013,2999.036,3491.2,5132818.35
Seychelles,2013,29.136,1.55,1312.48
Sierra Leone,2013,2672.982,3948.65,1864720.58
Singapore,2013,16.978,0.67,1361.7
Slovakia,2013,1920.214,1893.4,2258161.4
Slovenia,2013,1247.6,610.21,2114314.19
Solomon Islands,2013,2522.746,98.3,52782.34
Somalia,2013,6286.8,44126.0,13742711.07
South Africa,2013,21830.624,96341.0,45940596.230000004
South Sudan,2013,7148.68,28462.625,35988025.49
Spain,2013,18571.686,26733.2,28485553.0
Sri Lanka,2013,2121.334,2740.0,3962501.6
Sudan,2013,24070.08,111453.36,84169432.0
Suriname,2013,14847.974,83.2,139876.27000000002
Sweden,2013,28017.2,3036.08,8062356.33
Switzerland,2013,1243.108,1524.5633,10496898.03
Syrian Arab Republic,2013,521.154,13921.0,6340675.92
Tajikistan,2013,417.08,3702.9,6928233.48
Thailand,2013,20074.0,22836.2654,17068899.53
Timor-Leste,2013,1068.37,339.6,506534.35
Togo,2013,1229.99,3820.0,1270757.0
Tonga,2013,8.73,33.0,32300.85
Trinidad and Tobago,2013,231.138,54.0,116805.7
Tunisia,2013,704.33,9943.0,3945170.69
Turkmenistan,2013,2330.0,35313.25,11305334.24
Uganda,2013,2748.932,14415.0,36627378.4
Ukraine,2013,9639.2,41526.0,33968439.769999996
United Arab Emirates,2013,320.552,379.4,520986.45999999996
United Kingdom of Great Britain and Northern Ireland,2013,3116.6,17250.2,46994895.22
United Republic of Tanzania,2013,48896.0,38035.9,70682351.4
United States of America,2013,309545.0,423827.5828,428496135.83
Uruguay,2013,1779.006,14346.7,34695389.92
Uzbekistan,2013,3469.48,25060.0,50991614.68
Vanuatu,2013,936.048,187.0,439009.33999999997
Venezuela (Bolivarian Republic of),2013,48080.358,21500.0,48911969.75
Viet Nam,2013,13792.34,10852.8,20378359.75
Yemen,2013,549.0,23499.0,9160474.08
Zambia,2013,46131.46,23737.0,13967083.41
Zimbabwe,2013,14422.002,16187.4492,26822043.0
World,2013,4189260.28,4808527.4137,5199592138.3
Africa,2013,700500.188,1148633.5485,911779135.11
Eastern Africa,2013,207981.9,330295.2481,435068388.53999996
Middle Africa,2013,333082.752,154524.56,100269453.64
Northern Africa,2013,32918.088,217502.965,139444553.86
Southern Africa,2013,46094.812,164502.8465,60670140.870000005
Western Africa,2013,80422.636,281807.9289,176327316.19
Americas,2013,1673413.798,1153569.001,1770825997.92
Northern America,2013,676516.302,481914.9528,478828626.03999996
Central America,2013,92817.76,117574.4,164678798.01999998
Caribbean,2013,8120.924,11696.1734,26215194.560000002
South America,2013,895958.812,542383.4748,1101104070.3
Asia,2013,610413.8,1655816.4547,1675718723.5
Central Asia,2013,10673.408,291626.95,104613841.83
Eastern Asia,2013,259502.732,649335.78,401325417.97
Southern Asia,2013,98158.198,316272.1921,897853688.28
South-eastern Asia,2013,210674.002,126409.7266,148334855.71
Western Asia,2013,31405.46,272171.806,123591625.69
Europe,2013,1022985.262,465340.2491,668282875.0699999
Eastern Europe,2013,867965.202,312173.6,234907851.9
Northern Europe,2013,74976.174,38387.1858,112613833.14
Southern Europe,2013,45685.776,61747.48,93700677.94
Western Europe,2013,34358.11,53031.9833,227061304.12
Oceania,2013,181947.232,385168.1605,172986253.7
Australia and New Zealand,2013,141820.672,382882.0,170917289.87
Melanesia,2013,39573.202,2072.03,1838313.96
Micronesia,2013,164.808,70.4,40676.8
Polynesia,2013,388.55,143.7305,190404.08000000002
European Union (27),2013,157666.15,167130.33,418999111.05
Least Developed Countries (LDCs),2013,595902.982,808525.6902,820810865.61
Land Locked Developing Countries (LLDCs),2013,310313.412,832003.4531,647143670.5799999
Small Island Developing States (SIDS),2013,86410.212,16392.3558,31597346.1
Low Income Food Deficit Countries (LIFDCs),2013,500277.79,833387.0721,847586890.59
Net Food Importing Developing Countries (NFIDCs),2013,812903.048,1185961.9021,1208557478.63
Afghanistan,2014,1209.44,37910.0,19692191.35
Albania,2014,794.158,1174.29,3629991.2
Algeria,2014,1698.774,41431.0,11334848.0
Angola,2014,68872.66,45674.0,12919948.940000001
Antigua and Barbuda,2014,8.516,9.0,20148.96
Argentina,2014,48700.706,120950.5261,168759468.81
Armenia,2014,333.818,1680.7,4608736.62
Australia,2014,132240.244,374423.0,112394835.08
Austria,2014,3872.912,2714.2,10934355.71
Azerbaijan,2014,1068.81,4769.7,12830524.93
Bahamas,2014,509.86,13.0,3635.06
Bahrain,2014,1.37,8.43,79555.95
Bangladesh,2014,1884.288,9099.0,73290688.86
Barbados,2014,6.3,12.0,33815.68
Belarus,2014,8632.8,8623.9,24488363.22
Belgium,2014,689.414,1331.3,12830536.83
Belize,2014,1397.902,160.0,231773.45
Benin,2014,3658.516,3997.902,5925445.63
Bhutan,2014,2713.202,525.6,756741.77
Bolivia (Plurinational State of),2014,56849.694,38222.0,23296673.8
Bosnia and Herzegovina,2014,2148.932,2157.0,2152828.06
Botswana,2014,15727.9,26004.0,4358482.92
Brazil,2014,517424.632,234717.4,659060910.71
Brunei Darussalam,2014,380.0,13.4,16740.7
Bulgaria,2014,3813.8,4977.0,3104558.14
Burkina Faso,2014,4555.43,13320.7448,24523208.0
Burundi,2014,262.5,1914.0,2042789.5899999999
Cabo Verde,2014,44.348,79.0,71571.56
Cambodia,2014,9195.302,5592.6141,8544179.18
Cameroon,2014,20676.48,9750.0,15440040.65
Canada,2014,367481.532,57913.0,47027672.370000005
Central African Republic,2014,45595.102,4907.7,11549038.190000001
Chad,2014,5018.376,50236.0,60863196.72
Chile,2014,18181.316,13350.5233,12369821.6
China,2014,208357.476,525260.8,357303957.97
"China, mainland",2014,208357.476,524456.1,356322475.0
Colombia,2014,61057.356,44800.0,75374316.89
Comoros,2014,35.108,133.0,169403.13
Congo,2014,21933.64,10631.416,845616.44
Cook Islands,2014,15.59,1.9,720.76
Costa Rica,2014,2939.718,1785.0,6124558.8
Croatia,2014,1921.6,1508.5,2615964.61
Cuba,2014,3457.07,6278.88,11041001.8
Cyprus,2014,172.736,108.98,374059.66000000003
Czechia,2014,2890.33,3516.0,7045817.529999999
Democratic People's Republic of Korea,2014,7603.026,2629.143,1870596.41
Democratic Republic of the Congo,2014,143022.456,32249.0,2278124.55
Denmark,2014,616.676,2652.631,10981312.280000001
Djibouti,2014,5.64,1702.8,856623.19
Dominica,2014,57.912,25.0,55745.04
Dominican Republic,2014,2209.12,2428.5596,9230512.42
Ecuador,2014,12861.034,5475.0,17052488.82
Egypt,2014,4.08,3715.19,23628306.67
El Salvador,2014,676.414,1214.2,3296404.31
Equatorial Guinea,2014,2498.692,104.15,12508.76
Eritrea,2014,1507.8,7592.0,5927996.25
Estonia,2014,2404.34,974.0,1606654.57
Eswatini,2014,449.57,1216.0,1722937.7
Ethiopia,2014,26845.24,36955.244,142636904.55
Faroe Islands,2014,0.08,96.418,15728.14
Fiji,2014,1085.646,316.3,384583.4
Finland,2014,22375.6,2267.1,5718742.97
France,2014,16752.6,28766.5,87550670.75
French Guiana,2014,8023.3,30.6,0.0
French Polynesia,2014,149.46,31.4799,20045.86
Gabon,2014,23634.756,2153.236,138792.26
Gambia,2014,276.856,644.0,1231863.92
Georgia,2014,3100.5,2416.0,5229733.57
Germany,2014,11428.52,16725.0,78063282.44
Ghana,2014,6663.44,12374.6548,4594103.83
Greece,2014,4022.56,6201.0,3034566.64
Grenada,2014,17.7,8.0,17580.65
Guadeloupe,2014,72.63,52.9,0.0
Guatemala,2014,3688.154,4284.9,12447814.219999999
Guinea,2014,5594.278,16027.2736,15671506.27
Guinea-Bissau,2014,2146.208,781.346,1719309.17
Guyana,2014,18473.05,719.0,370300.44
Haiti,2014,367.48,2068.0,4425290.8
Honduras,2014,6570.538,3375.0,8155918.46
Hungary,2014,2057.934,5264.0,4100342.98
Iceland,2014,52.332,1872.2,384039.36
India,2014,70561.6,179728.0,596372610.0
Indonesia,2014,95283.36,51648.9366,42733361.96
Iran (Islamic Republic of),2014,10751.0,45954.0,23793572.0
Iraq,2014,767.748,9334.2,7498908.9399999995
Ireland,2014,747.812,4466.0,28675788.0
Israel,2014,162.8,537.7,4236960.58
Italy,2014,8931.208,13162.0,35676741.15
Jamaica,2014,573.65,417.9,459582.54000000004
Japan,2014,24948.4,4870.0,21434933.39
Jordan,2014,70.7,1064.0,846829.28
Kazakhstan,2014,3263.204,216799.4,28994368.61
Kenya,2014,3482.798,28313.0975,54591571.54
Kuwait,2014,5.95,152.1,153887.46
Kyrgyzstan,2014,1242.92,10557.1,7485925.199999999
Lao People's Democratic Republic,2014,13427.638,2387.2,5744146.38
Latvia,2014,3393.32,1872.0,2364982.91
Lebanon,2014,140.262,662.0,1515399.02
Lesotho,2014,34.52,2276.3,1472326.26
Liberia,2014,7153.212,1786.3733,140430.97
Libya,2014,209.004,15350.0,833909.77
Lithuania,2014,2183.6,2952.4,4266287.54
Luxembourg,2014,88.7,130.99,868089.9199999999
Madagascar,2014,11305.732,40895.0,24250396.16
Malawi,2014,2493.7,5651.0,4295143.36
Malaysia,2014,19360.906,8089.0,2361271.37
Mali,2014,11585.256,41795.8601,23332121.8
Malta,2014,0.35,10.23,97210.56
Martinique,2014,51.09,31.6,0.0
Mauritania,2014,990.212,39710.0,5149572.22
Mauritius,2014,38.312,86.0,60238.69
Mexico,2014,67665.738,98748.0,116602491.4
Micronesia (Federated States of),2014,64.242,5.0,40563.89
Mongolia,2014,14179.444,113682.0,10763678.84
Montenegro,2014,827.0,230.32,516013.43
Morocco,2014,5691.06,30082.5,15839515.15
Mozambique,2014,35180.218,40515.272,4093886.59
Myanmar,2014,30282.152,12632.0,45466219.480000004
Namibia,2014,8050.054,38809.0,6753303.63
Nepal,2014,6096.946,4037.8167,21223257.0
Netherlands (Kingdom of the),2014,366.56,1839.1,30727643.14
New Caledonia,2014,881.892,183.73,266397.46
New Zealand,2014,9846.912,11116.0,65291297.05
Nicaragua,2014,5024.02,5073.0,14811552.48
Niger,2014,1154.22,45682.0,25873609.58
Nigeria,2014,18525.664,67118.8418,55515819.480000004
Niue,2014,18.81,4.8,607.8
North Macedonia,2014,987.606,1261.0,1167638.1099999999
Norway,2014,12136.242,986.76,4717989.8100000005
Oman,2014,1.6,1419.8,1492907.0
Pakistan,2014,3061.806,36252.0,174041636.12
Palestine,2014,10.452,420.4555,399346.1
Panama,2014,4651.126,2233.0,5275337.34
Papua New Guinea,2014,34157.616,1305.0,279887.53
Paraguay,2014,16723.686,19719.6472,38287489.97
Peru,2014,69853.798,24007.4002,19669962.6
Philippines,2014,6979.264,12498.0,11598877.219999999
Poland,2014,9401.8,14424.0,34359468.85
Portugal,2014,3299.84,3663.88,6745770.78
Puerto Rico,2014,488.834,187.6,926664.1
Qatar,2014,1.4,71.0,80505.25
Republic of Korea,2014,6347.0,1748.3,13398827.65
Republic of Moldova,2014,384.02,2315.0,1237324.37
Romania,2014,6823.768,13830.0,12179021.48
Russian Federation,2014,822865.322,215494.0,113725077.36
Rwanda,2014,474.472,2006.0,4157189.3
Saint Kitts and Nevis,2014,11.0,6.0,5147.46
Saint Lucia,2014,31.86,9.94,33996.71
Saint Vincent and the Grenadines,2014,28.55,7.0,13870.69
Samoa,2014,165.04,67.5,137224.09
Sao Tome and Principe,2014,55.624,37.0,7390.95
Saudi Arabia,2014,2768.05,173622.1753,3910448.0
Senegal,2014,8820.284,8972.0,9492349.719999999
Serbia,2014,3038.718,3506.4,5212454.63
Seychelles,2014,28.918,1.55,1365.48
Sierra Leone,2014,2653.256,3949.0,1896776.69
Singapore,2014,16.724,0.66,1232.83
Slovakia,2014,1920.982,1889.4,2216705.12
Slovenia,2014,1247.8,614.84,2126462.06
Solomon Islands,2014,2522.008,100.5,52721.35
Somalia,2014,6132.9,44126.0,13771707.04
South Africa,2014,21918.192,96341.0,47042245.84
South Sudan,2014,7152.84,28427.3375,36227836.25
Spain,2014,18573.518,26578.0,29312248.560000002
Sri Lanka,2014,2109.792,2740.0,3654319.4
Sudan,2014,23895.94,111444.96,84728079.0
Suriname,2014,14843.292,88.2,116579.7
Sweden,2014,27998.6,3036.07,8179257.22
Switzerland,2014,1245.904,1521.2778,10570762.06
Syrian Arab Republic,2014,524.212,13919.0,6251273.42
Tajikistan,2014,419.44,3719.6,7074635.48
Thailand,2014,20067.0,22842.0,16181273.879999999
Timor-Leste,2014,1066.97,340.1,505097.37
Togo,2014,1227.03,3820.0,1192168.78
Tonga,2014,8.73,34.0,32338.59
Trinidad and Tobago,2014,230.714,54.0,115739.84
Tunisia,2014,704.63,9761.0,4092458.54
Turkmenistan,2014,2330.0,36050.875,11484938.98
Uganda,2014,2698.786,14415.0,38097917.24
Ukraine,2014,9669.6,41511.0,33473237.43
United Arab Emirates,2014,320.886,382.5,514415.95
United Kingdom of Great Britain and Northern Ireland,2014,3135.8,17232.0,48367067.89
United Republic of Tanzania,2014,48493.0,38248.2,73131273.73
United States of America,2014,309820.0,424681.4477,417487143.33
Uruguay,2014,1806.698,14475.1,35863543.31
Uzbekistan,2014,3509.44,25542.0,52800170.93
Vanuatu,2014,933.664,187.0,436898.97
Venezuela (Bolivarian Republic of),2014,47979.794,21500.0,47822748.2
Viet Nam,2014,13927.1,10873.7,20160284.990000002
Yemen,2014,549.0,23451.6,9440176.39
Zambia,2014,45943.28,23738.0,14363635.81
Zimbabwe,2014,14362.336,16185.3264,21797242.0
World,2014,4185347.05,4809697.5197,5242368511.42
Africa,2014,696368.504,1151306.7628,927268390.6600001
Eastern Africa,2014,206529.34,330974.1474,440470660.89
Middle Africa,2014,331307.786,155742.502,104053444.43
Northern Africa,2014,32742.534,216788.65,140456048.14
Southern Africa,2014,46180.236,164646.3,61348456.35
Western Africa,2014,79608.608,283155.1634,180940494.85
Americas,2014,1670884.594,1150511.904,1755880358.81
Northern America,2014,677303.886,482839.8277,464514473.7
Central America,2014,92613.61,116873.1,166944473.47
Caribbean,2014,8188.742,11629.0796,26380171.78
South America,2014,892778.356,539169.8967,1098041949.87
Asia,2014,612099.71,1656603.9862,1704852488.32
Central Asia,2014,10765.004,292668.975,107839299.21
Eastern Asia,2014,261435.346,648190.243,404771013.25
Southern Asia,2014,98391.794,316252.8167,912824176.5
South-eastern Asia,2014,209986.416,126917.6107,153310620.35
Western Asia,2014,31521.15,272574.3408,126108044.02
Europe,2014,1023771.086,463421.1668,675031902.8
Eastern Europe,2014,868460.356,311844.3,235928118.45
Northern Europe,2014,75048.032,38455.999,115275461.67
Southern Europe,2014,45812.538,60087.26,92285523.78
Western Europe,2014,34450.16,53033.6078,231543597.85
Oceania,2014,182223.156,387853.6999,179336217.82
Australia and New Zealand,2014,142087.646,385540.0,177685951.13
Melanesia,2014,39580.826,2092.53,1419838.7
Micronesia,2014,166.584,70.4,40563.89
Polynesia,2014,388.1,150.7699,190287.12
European Union (27),2014,157996.88,165475.121,425749698.4
Least Developed Countries (LDCs),2014,591443.976,811284.9441,842367395.6800001
Land Locked Developing Countries (LLDCs),2014,309092.836,833910.1517,664757285.62
Small Island Developing States (SIDS),2014,86456.236,16368.7355,31282537.23
Low Income Food Deficit Countries (LIFDCs),2014,497020.25,836302.613,863592293.72
Net Food Importing Developing Countries (NFIDCs),2014,807810.884,1188233.5144,1248364828.51
Afghanistan,2015,1209.44,37910.0,18552381.41
Albania,2015,797.18,1174.3,3739906.6799999997
Algeria,2015,1698.1,41456.4,11807145.36
Angola,2015,68362.63,45789.0,13209745.76
Antigua and Barbuda,2015,8.45,9.0,19863.63
Argentina,2015,48444.02,120753.5346,169855855.63
Armenia,2015,334.2,1676.7,4865883.0
Australia,2015,132507.52,348119.0,109919478.24000001
Austria,2015,3875.73,2718.45,11073138.42
Azerbaijan,2015,1077.89,4769.8,13200558.34
Bahamas,2015,509.86,13.0,3499.0699999999997
Bahrain,2015,1.37,8.32,70531.74
Bangladesh,2015,1883.3,9162.24,74298795.86
Barbados,2015,6.3,11.0,34066.0
Belarus,2015,8633.5,8574.2,24821637.36
Belgium,2015,689.3,1328.0,13352762.84
Belize,2015,1390.37,170.0,238528.88
Benin,2015,3507.09,4073.223,6064051.96
Bhutan,2015,2715.18,525.6,772363.48
Bolivia (Plurinational State of),2015,56687.18,38221.0,23996105.439999998
Bosnia and Herzegovina,2015,2160.5,2176.0,2273998.04
Botswana,2015,15727.9,25861.6,4698249.3
Brazil,2015,515508.93,235438.0,653917582.81
Brunei Darussalam,2015,380.0,13.4,14294.130000000001
Bulgaria,2015,3833.0,5011.9,3014601.69
Burkina Faso,2015,4435.57,13486.5753,25100522.0
Burundi,2015,279.64,1941.0,2014334.1600000001
Cabo Verde,2015,44.86,79.0,71707.44
Cambodia,2015,8846.82,5647.944,8509181.370000001
Cameroon,2015,20620.48,9750.0,15768416.120000001
Canada,2015,367994.14,57985.0,45482451.05
Central African Republic,2015,45560.11,4917.5,11765553.559999999
Chad,2015,4890.46,50237.0,64287961.79
Chile,2015,18217.09,13027.7969,12048694.81
China,2015,210294.25,524505.5,357577299.43
"China, mainland",2015,210294.25,523703.8,356599072.0
Colombia,2015,60963.76,44784.4,71859603.18
Comoros,2015,34.56,133.0,169819.12
Congo,2015,21913.3,10623.431,844091.8
Cook Islands,2015,15.59,1.9,722.8199999999999
Costa Rica,2015,2954.46,1759.1889,6046501.4
Croatia,2015,1922.0,1537.2,2526095.19
Cuba,2015,3519.0,6240.3,10933796.8
Cyprus,2015,172.71,126.68,370366.05
Czechia,2015,2892.91,3494.0,7241364.75
Democratic People's Republic of Korea,2015,7614.38,2630.593,1858531.7000000002
Democratic Republic of the Congo,2015,142017.96,32450.0,2413778.9
Denmark,2015,624.26,2633.899,11016303.9
Djibouti,2015,5.65,1702.8,863284.51
Dominica,2015,57.8,25.0,55471.35
Dominican Republic,2015,2214.83,2420.1612,9243160.14
Ecuador,2015,12819.2,5789.0,15372391.8
Egypt,2015,4.08,3789.8771,23874246.33
El Salvador,2015,676.49,1223.0,3239109.11
Equatorial Guinea,2015,2490.22,104.28,12505.61
Eritrea,2015,1501.82,7592.0,5945360.07
Estonia,2015,2421.42,993.0,1601117.58
Eswatini,2015,448.07,1212.0,1651649.9300000002
Ethiopia,2015,26786.2,37204.683,145026673.32999998
Faroe Islands,2015,0.08,96.418,15806.18
Fiji,2015,1090.28,315.6,254974.76
Finland,2015,22409.0,2273.4,5793328.74
France,2015,16836.0,28726.9,88117924.32
French Guiana,2015,8020.0,31.3,0.0
French Polynesia,2015,149.46,30.9894,20403.190000000002
Gabon,2015,23622.63,2153.236,139542.07
Gambia,2015,271.07,644.0,1255501.47
Georgia,2015,3100.5,2418.1,4485856.53
Germany,2015,11433.4,16731.0,78018354.14
Ghana,2015,6699.16,12415.5145,4806234.18
Greece,2015,4098.0,6199.0,2786540.2800000003
Grenada,2015,17.7,8.0,18525.29
Guadeloupe,2015,72.9,52.7,0.0
Guatemala,2015,3671.23,4464.0,12716762.96
Guinea,2015,5527.28,16239.315,16441872.64
Guinea-Bissau,2015,2141.97,789.79,1739054.3900000001
Guyana,2015,18461.36,719.0,372740.31
Haiti,2015,364.3,2068.0,4460966.72
Honduras,2015,6527.0,3375.0,8198040.5600000005
Hungary,2015,2060.82,5264.0,4265112.6899999995
Iceland,2015,53.23,1872.0,411518.65
India,2015,70828.0,179675.0,607277724.0
Indonesia,2015,95027.9,51840.5672,42891575.36
Iran (Islamic Republic of),2015,10751.0,45954.0,21516550.689999998
Iraq,2015,758.61,9274.8,4971890.67
Ireland,2015,754.67,4430.0,29229394.0
Israel,2015,165.0,533.9,4342463.24
Italy,2015,8907.0,12945.0,36409354.87
Jamaica,2015,577.45,417.0,460438.8
Japan,2015,24944.0,4846.0,21026855.02
Jordan,2015,70.7,1056.3,974636.0700000001
Kazakhstan,2015,3308.46,216259.7,29958202.03
Kenya,2015,3383.88,28304.6441,56474772.01
Kuwait,2015,6.09,149.4,157513.51
Kyrgyzstan,2015,1246.94,10556.2,7572246.3
Lao People's Democratic Republic,2015,13369.4,2412.9,5911571.63
Latvia,2015,3398.62,1884.5,2421492.25
Lebanon,2015,140.36,665.0,1518126.8900000001
Lesotho,2015,34.52,2223.0,1397247.52
Liberia,2015,7036.57,1816.4532,143834.97
Libya,2015,208.67,15350.0,807720.76
Lithuania,2015,2187.0,3005.9,4333536.62
Luxembourg,2015,88.7,131.27,907667.62
Madagascar,2015,11145.6,40895.0,24444752.84
Malawi,2015,2451.7,5706.0,4542362.16
Malaysia,2015,19464.22,8569.97,2406593.48
Mali,2015,11484.71,41953.3454,24188243.8
Malta,2015,0.35,10.23,94744.27
Martinique,2015,51.29,31.5,0.0
Mauritania,2015,992.84,39710.0,5193478.99
Mauritius,2015,38.3,86.0,55920.51
Mexico,2015,67543.26,98680.0,117724765.73
Micronesia (Federated States of),2015,64.27,5.0,41300.270000000004
Mongolia,2015,14178.33,113664.41,12027777.21
Montenegro,2015,827.0,231.4,513805.74
Morocco,2015,5689.9,30047.0,16534495.629999999
Mozambique,2015,34913.19,40752.7,3877604.75
Myanmar,2015,29992.44,12748.9999,48237293.25
Namibia,2015,8049.41,38810.0,6456333.029999999
Nepal,2015,6100.45,4008.6468,21234839.0
Netherlands (Kingdom of the),2015,364.83,1846.0,31987319.86
New Caledonia,2015,892.61,184.03,252975.81
New Zealand,2015,9846.61,10712.0,67023232.67
Nicaragua,2015,5001.9,5073.0,15112548.629999999
Niger,2015,1141.8,45695.0,27397420.41
Nigeria,2015,18398.78,67328.33,56174493.95
Niue,2015,18.82,4.8,605.71
North Macedonia,2015,994.4,1262.0,1133776.06
Norway,2015,12132.98,986.03,4745802.8
Oman,2015,1.6,1434.0,1400205.5899999999
Pakistan,2015,3036.05,36202.0,176361698.0
Palestine,2015,10.57,430.4018,332946.37
Panama,2015,4644.75,2223.0,5037562.74
Papua New Guinea,2015,34153.01,1322.0,277071.39
Paraguay,2015,16369.67,19924.4289,37315613.379999995
Peru,2015,69554.46,24313.804,19660437.3
Philippines,2015,7014.15,12527.0,11730348.99
Poland,2015,9420.0,14371.0,34913821.31
Portugal,2015,3311.83,3638.78,7075851.43
Puerto Rico,2015,488.18,183.0,911148.55
Qatar,2015,1.4,71.0,72521.20999999999
Republic of Korea,2015,6337.0,1736.0,13492158.39
Republic of Moldova,2015,386.4,2318.0,1220911.8599999999
Romania,2015,6900.96,13858.0,12412596.48
Russian Federation,2015,823206.17,215494.0,111941812.46000001
Rwanda,2015,489.03,2007.0,4806952.68
Saint Kitts and Nevis,2015,11.0,6.0,5586.16
Saint Lucia,2015,32.06,9.94,33802.81
Saint Vincent and the Grenadines,2015,28.55,7.0,14274.869999999999
Samoa,2015,164.56,75.62,154883.57
Sao Tome and Principe,2015,55.03,37.0,7138.0
Saudi Arabia,2015,2768.05,173614.5836,3945348.0
Senegal,2015,8804.74,9328.0,9709307.8
Serbia,2015,3078.4,3481.0,5104638.78
Seychelles,2015,28.7,1.55,1219.1
Sierra Leone,2015,2633.53,3949.0,1701866.27
Singapore,2015,16.47,0.66,1169.8
Slovakia,2015,1921.75,1888.6,2211487.0
Slovenia,2015,1248.0,616.49,2171579.8600000003
Solomon Islands,2015,2521.27,101.1,52871.369999999995
Somalia,2015,5979.0,44126.0,13645332.95
South Africa,2015,22005.76,96341.0,47686704.8
South Sudan,2015,7157.0,28392.05,36362581.04
Spain,2015,18575.35,26576.5,30219630.54
Sri Lanka,2015,2098.25,2740.0,3814478.04
Sudan,2015,23721.8,111749.88,86254773.67
Suriname,2015,14838.61,87.0,114962.88
Sweden,2015,27980.0,3028.35,8160165.890000001
Switzerland,2015,1248.7,1518.0055,10439081.48
Syrian Arab Republic,2015,527.27,13917.0,6024772.52
Tajikistan,2015,421.8,3757.9,8790662.91
Thailand,2015,20060.0,22846.0,15924164.49
Timor-Leste,2015,1065.57,340.6,624803.22
Togo,2015,1224.07,3820.0,1227445.95
Tonga,2015,8.73,35.0,32221.83
Trinidad and Tobago,2015,230.29,54.0,111848.7
Tunisia,2015,704.93,9834.0,4318998.54
Turkmenistan,2015,2330.0,36788.5,11658042.280000001
Uganda,2015,2648.64,14415.0,38771669.879999995
Ukraine,2015,9700.0,41508.0,30112223.62
United Arab Emirates,2015,321.22,382.8,621533.98
United Kingdom of Great Britain and Northern Ireland,2015,3155.0,17138.0,48785250.66
United Republic of Tanzania,2015,48090.0,38460.5,75273954.28999999
United States of America,2015,310095.0,425535.3125,412701948.67
Uruguay,2015,1834.39,14467.6,36407328.41
Uzbekistan,2015,3549.4,25548.0,54571906.18
Vanuatu,2015,931.28,187.0,378746.17000000004
Venezuela (Bolivarian Republic of),2015,47879.23,21500.0,46527345.480000004
Viet Nam,2015,14061.86,12147.8,20814936.59
Yemen,2015,549.0,23432.6,9039778.66
Zambia,2015,45755.1,23739.0,12764165.0
Zimbabwe,2015,14302.67,16182.9035,23560787.56
World,2015,4181433.82,4790039.2625,5266302323.77
Africa,2015,692236.82,1155255.4073,948319197.7
Eastern Africa,2015,205076.78,331709.7506,448599058.97
Middle Africa,2015,329532.82,156061.447,108447510.6
Northern Africa,2015,32566.98,217231.1571,143596326.26999998
Southern Africa,2015,46265.66,164447.6,61889338.57
Western Africa,2015,78794.58,285805.4526,185787677.3
Americas,2015,1668355.39,1152480.9669,1740246033.0900002
Northern America,2015,678091.47,483765.7125,458184048.75
Central America,2015,92409.46,116967.1889,168312447.02
Caribbean,2015,8256.56,11575.3012,26303915.880000003
South America,2015,889597.9,540172.7644,1087446335.44
Asia,2015,613785.62,1658084.9164,1722724472.27
Central Asia,2015,10856.6,292910.3,112550352.7
Eastern Asia,2015,263367.96,647382.503,405981600.74
Southern Asia,2015,98625.39,316183.8868,923828032.48
South-eastern Asia,2015,209298.83,129095.8411,157063866.32
Western Asia,2015,31636.84,272512.3854,123301308.03
Europe,2015,1024556.91,463047.4125,676606082.9300001
Eastern Europe,2015,868955.51,311781.7,232153707.22
Northern Europe,2015,75119.89,38391.857,116511235.28
Southern Europe,2015,45939.3,59869.01,94047465.79
Western Europe,2015,34542.21,53004.8455,233894491.66000003
Oceania,2015,182499.08,361170.5594,178407395.76
Australia and New Zealand,2015,142354.62,358832.0,176942530.91
Melanesia,2015,39588.45,2109.73,1215864.49
Micronesia,2015,168.36,69.4,41300.270000000004
Polynesia,2015,387.65,159.4294,208187.1
European Union (27),2015,158327.61,165268.049,431718648.58
Least Developed Countries (LDCs),2015,586984.97,813843.6457,858924420.09
Land Locked Developing Countries (LLDCs),2015,307872.26,834777.4429,681114411.62
Small Island Developing States (SIDS),2015,86502.26,16357.5605,31163728.41
Low Income Food Deficit Countries (LIFDCs),2015,493762.71,838506.9333,885030971.87
Net Food Importing Developing Countries (NFIDCs),2015,802718.72,1192332.4442,1270391249.7
Afghanistan,2016,1209.44,37910.0,18683729.72
Albania,2016,825.944,1181.7,3706712.34
Algeria,2016,1697.426,41360.2,11419413.9
Angola,2016,67852.6,45824.0,13436190.620000001
Antigua and Barbuda,2016,8.384,9.0,20027.190000000002
Argentina,2016,48254.334,118861.0795,168259142.15
Armenia,2016,334.164,1676.8,5009593.72
Australia,2016,132664.242,342602.0,99418947.1
Austria,2016,3878.548,2670.17,11118497.29
Azerbaijan,2016,1094.55,4773.0,13340491.33
Bahamas,2016,509.86,13.0,3501.39
Bahrain,2016,1.49,8.22,63321.78
Bangladesh,2016,1882.312,9194.21,74913777.47
Barbados,2016,6.3,10.0,33427.06
Belarus,2016,8675.41,8532.7,24570405.35
Belgium,2016,685.544,1350.8,13412772.379999999
Belize,2016,1382.838,170.0,235883.26
Benin,2016,3469.708,3876.745,6207872.23
Bhutan,2016,2715.576,519.0,789816.9099999999
Bolivia (Plurinational State of),2016,56463.558,38083.0,24485404.72
Bosnia and Herzegovina,2016,2159.776,2209.0,2172930.09
Botswana,2016,15728.36,25861.6,4206659.9
Brazil,2016,512880.52,236159.0,654091988.16
Brunei Darussalam,2016,380.0,13.4,24233.329999999998
Bulgaria,2016,3845.6,5021.0,3185929.41
Burkina Faso,2016,4315.71,13632.4058,25810504.0
Burundi,2016,279.64,1968.0,2004576.0899999999
Cabo Verde,2016,45.48,79.0,70829.51000000001
Cambodia,2016,8652.824,5700.004,8538094.39
Cameroon,2016,20441.984,9750.0,15509218.33
Canada,2016,368168.898,58050.0,46551632.730000004
Central African Republic,2016,45513.586,4917.0,11964071.67
Chad,2016,4762.546,50338.0,67231874.56
Chile,2016,18210.936,12638.0725,11961802.219999999
China,2016,212055.0,523751.0,359162753.8
"China, mainland",2016,212055.0,522952.0,358178369.0
Colombia,2016,60795.664,44768.8,72088841.05
Comoros,2016,34.222,133.0,170243.82
Congo,2016,21887.4,10625.457,842336.73
Cook Islands,2016,15.59,1.9,728.88
Costa Rica,2016,2957.978,1742.7328,6113594.49
Croatia,2016,1925.52,1546.0,2536213.13
Cuba,2016,3537.486,6226.7,11102783.4
Cyprus,2016,172.676,109.39,427833.03
Czechia,2016,2898.96,3488.0,7348490.07
Democratic People's Republic of Korea,2016,7625.734,2603.0,1854655.6800000002
Democratic Republic of the Congo,2016,141735.07,32672.0,2507570.02
Denmark,2016,625.95,2625.1,11310729.65
Djibouti,2016,5.696,1702.8,872039.05
Dominica,2016,57.754,25.0,55305.240000000005
Dominican Republic,2016,2216.734,2503.7114,9343591.01
Ecuador,2016,12747.578,5516.0,15527135.11
Egypt,2016,4.08,3733.7654,23999597.67
El Salvador,2016,677.324,1214.1,3052319.86
Equatorial Guinea,2016,2481.86,104.41,12547.33
Eritrea,2016,1495.84,7592.0,5995944.359999999
Estonia,2016,2425.91,1003.0,1557339.81
Eswatini,2016,446.57,1208.0,1501773.87
Ethiopia,2016,26782.3,37364.594,148781935.66
Faroe Islands,2016,0.08,96.35,16044.14
Fiji,2016,1094.912,314.9,278752.82
Finland,2016,22435.8,2275.0,5780352.01
France,2016,16938.4,28718.021,88804682.21000001
French Guiana,2016,8016.57,32.1,0.0
French Polynesia,2016,149.46,30.4988,20527.510000000002
Gabon,2016,23615.898,2153.236,139028.59
Gambia,2016,265.284,644.0,1205094.37
Georgia,2016,3100.5,2394.0,4319519.05
Germany,2016,11438.2,16659.0,77863386.71000001
Ghana,2016,6734.88,12357.9422,5022988.3100000005
Greece,2016,4230.96,6136.0,2729844.76
Grenada,2016,17.7,8.0,18026.239999999998
Guadeloupe,2016,73.17,52.1,0.0
Guatemala,2016,3657.304,4493.8,13005231.56
Guinea,2016,5460.284,16342.6432,17188173.740000002
Guinea-Bissau,2016,2137.732,794.8454,1764953.3
Guyana,2016,18452.156,719.0,365742.18
Haiti,2016,364.46,2068.0,4481426.109999999
Honduras,2016,6444.086,3424.0,8243158.8100000005
Hungary,2016,2060.056,5282.0,4297205.88
Iceland,2016,53.916,1872.0,432961.7
India,2016,71124.2,179578.0,615897046.0
Indonesia,2016,95134.7,52332.1978,44083270.4
Iran (Islamic Republic of),2016,10751.0,45954.0,23909099.2
Iraq,2016,752.002,9322.7,5138358.79
Ireland,2016,762.4,4461.0,30463207.0
Israel,2016,160.0,552.0,4451348.4399999995
Italy,2016,8997.502,12812.0,36836765.82
Jamaica,2016,581.336,417.0,461974.68
Japan,2016,24939.0,4813.0,20725520.39
Jordan,2016,70.7,1065.96,1002395.87
Kazakhstan,2016,3336.97,216242.1,30896659.07
Kenya,2016,3425.396,28458.6194,61792267.69
Kuwait,2016,6.132,150.0,147088.96
Kyrgyzstan,2016,1248.584,10541.1,7752539.34
Lao People's Democratic Republic,2016,13338.062,2426.0,6148240.32
Latvia,2016,3405.722,1931.0,2423797.71
Lebanon,2016,140.456,671.0,1379744.46
Lesotho,2016,34.52,2356.0,1352824.63
Liberia,2016,6935.14,1846.4827,140987.24
Libya,2016,208.336,15350.0,832793.37
Lithuania,2016,2190.038,2953.9,4148352.67
Luxembourg,2016,88.7,130.651,946720.1699999999
Madagascar,2016,11025.174,40895.0,24502797.79
Malawi,2016,2409.7,5762.0,4701685.6
Malaysia,2016,19408.324,8571.0,2251588.04
Mali,2016,11384.164,42225.843,25544546.7
Malta,2016,0.372,10.38,96877.44
Martinique,2016,51.49,30.9,0.0
Mauritania,2016,995.468,39710.0,5516449.77
Mauritius,2016,38.298,86.0,48371.74
Mexico,2016,67415.492,98338.0,116314155.98
Micronesia (Federated States of),2016,64.3,5.0,42096.66
Mongolia,2016,14178.33,113560.79,13035582.39
Montenegro,2016,827.0,255.7,528041.81
Morocco,2016,5690.674,30875.0,16975130.58
Mozambique,2016,34646.16,41087.01,4172221.9699999997
Myanmar,2016,29702.728,12760.0,49686729.230000004
Namibia,2016,8048.764,38810.0,7292157.24
Nepal,2016,6117.03,3975.2701,21444366.0
Netherlands (Kingdom of the),2016,365.28,1815.0,33616259.41
New Caledonia,2016,892.61,184.03,238821.22
New Zealand,2016,9870.346,10614.0,66681466.42
Nicaragua,2016,4979.786,5073.0,15088940.879999999
Niger,2016,1129.38,46395.0,29018076.52
Nigeria,2016,18271.898,67536.3704,54953180.17
Niue,2016,18.83,4.8,592.75
North Macedonia,2016,1003.984,1265.0,1191059.34
Norway,2016,12130.546,983.661,4777589.41
Oman,2016,1.6,1436.0,1428390.8599999999
Pakistan,2016,3046.546,36794.0,183928021.04
Palestine,2016,10.676,434.4182,263958.45
Panama,2016,4641.736,2213.0,4866367.76
Papua New Guinea,2016,34131.95,1328.0,277717.3
Paraguay,2016,16118.924,20130.3366,37080078.0
Peru,2016,69374.858,24000.0,19645815.03
Philippines,2016,7056.598,12556.0,11828781.85
Poland,2016,9428.84,14374.0,35088648.08
Portugal,2016,3316.342,3619.03,7101515.79
Puerto Rico,2016,482.966,178.4,898797.79
Qatar,2016,1.4,71.0,100886.64
Republic of Korea,2016,6329.2,1700.8,12837868.719999999
Republic of Moldova,2016,383.76,2317.9,1188047.76
Romania,2016,6906.578,13521.0,12366478.36
Russian Federation,2016,824251.376,215494.0,108488158.41
Rwanda,2016,503.59,2005.0,4342410.34
Saint Kitts and Nevis,2016,11.0,6.0,5091.46
Saint Lucia,2016,32.166,9.94,33488.92
Saint Vincent and the Grenadines,2016,28.552,7.0,12293.77
Samoa,2016,164.08,68.81,148148.47
Sao Tome and Principe,2016,55.054,40.0,8381.5
Saudi Arabia,2016,2768.05,173608.292,3986826.0
Senegal,2016,8789.196,9288.0,9872847.61
Serbia,2016,3118.08,3456.0,5151849.6
Seychelles,2016,28.482,1.55,1188.35
Sierra Leone,2016,2613.804,3949.0,1581129.5899999999
Singapore,2016,16.336,0.66,1272.8899999999999
Slovakia,2016,1923.644,1886.0,2188646.33
Slovenia,2016,1247.166,617.48,2250182.95
Solomon Islands,2016,2520.536,101.6,52850.3
Somalia,2016,5825.1,44126.0,13509163.61
South Africa,2016,22093.326,96341.0,47490726.07
South Sudan,2016,7156.1,28356.7625,37161813.71
Spain,2016,18656.692,26265.7,30789423.27
Sri Lanka,2016,2107.682,2750.0,3472228.92
Sudan,2016,23547.66,112054.8,86202142.75999999
Suriname,2016,14823.98,87.0,120569.27
Sweden,2016,27970.8,3020.92,7856287.67
Switzerland,2016,1250.532,1514.7463,10348840.24
Syrian Arab Republic,2016,527.346,13916.126,6025951.7
Tajikistan,2016,422.04,3797.9,9582164.370000001
Thailand,2016,20115.512,22842.0,15989089.52
Timor-Leste,2016,1064.17,341.1,637767.94
Togo,2016,1221.108,3820.0,1201309.12
Tonga,2016,8.73,35.0,32368.47
Trinidad and Tobago,2016,229.866,54.0,110760.97
Tunisia,2016,703.744,9702.6,4208456.54
Turkmenistan,2016,2330.0,37526.125,12380843.86
Uganda,2016,2620.544,14415.0,39449785.43
Ukraine,2016,9740.0,41515.0,29315901.6
United Arab Emirates,2016,321.556,383.8,619751.43
United Kingdom of Great Britain and Northern Ireland,2016,3167.0,17349.9818,48909412.33
United Republic of Tanzania,2016,47621.0,38672.8,78144405.05
United States of America,2016,309927.0,426389.1774,428261158.48
Uruguay,2016,1853.918,14265.3,36670718.379999995
Uzbekistan,2016,3577.32,25545.7,58663391.620000005
Vanuatu,2016,928.896,187.0,305620.20999999996
Venezuela (Bolivarian Republic of),2016,47770.324,21500.0,45932001.7
Viet Nam,2016,14184.932,12172.2,21304474.28
Yemen,2016,549.0,23385.8,8466656.51
Zambia,2016,45676.094,23739.0,12403970.2
Zimbabwe,2016,14248.338,16180.9808,24482936.23
World,2016,4178195.034,4785695.4664,5322400774.95
Africa,2016,689161.342,1158191.4532,969399226.98
Eastern Africa,2016,203907.922,332614.4367,462535336.69
Middle Africa,2016,328345.998,156424.103,111649980.36
Northern Africa,2016,32390.162,218080.3654,143636459.82999998
Southern Africa,2016,46351.54,164576.6,61843291.71
Western Africa,2016,78165.72,286495.948,189734859.41
Americas,2016,1664294.042,1150874.7602,1754534780.02
Northern America,2016,678098.204,484684.5874,474812430.21000004
Central America,2016,92156.544,116668.6328,166918271.6
Caribbean,2016,8275.974,11638.4514,26577898.240000002
South America,2016,885763.32,537883.0886,1086226912.96
Asia,2016,615814.48,1658763.4631,1754063756.75
Central Asia,2016,10914.914,293652.925,119274850.27
Eastern Asia,2016,265127.264,646428.59,407615356.99
Southern Asia,2016,98957.506,316680.8801,943037343.26
South-eastern Asia,2016,209054.186,129714.5618,160491437.22
Western Asia,2016,31760.61,272286.5062,123645454.97999999
Europe,2016,1026265.38,462311.7011,676907131.11
Eastern Europe,2016,870114.224,311431.6,228036068.26
Northern Europe,2016,75171.8,38621.4028,117673532.1
Southern Europe,2016,46328.602,59395.11,95088958.35
Western Europe,2016,34650.754,52863.5883,236109390.4
Oceania,2016,182659.79,355554.0888,167496727.09
Australia and New Zealand,2016,142535.078,353217.0,166100229.51999998
Melanesia,2016,39568.904,2115.53,1153112.84
Micronesia,2016,168.538,69.4,42096.66
Polynesia,2016,387.27,152.1588,201727.05
European Union (27),2016,158822.2,164301.542,436539406.99
Least Developed Countries (LDCs),2016,583701.836,816443.5157,877015872.6700001
Land Locked Developing Countries (LLDCs),2016,306863.434,837015.2078,701626719.6
Small Island Developing States (SIDS),2016,86464.784,16427.7956,31397405.55
Low Income Food Deficit Countries (LIFDCs),2016,491388.642,841110.8849,911920253.71
Net Food Importing Developing Countries (NFIDCs),2016,799087.318,1195532.4183,1302290074.1100001
Afghanistan,2017,1209.44,37910.0,17875572.32
Albania,2017,854.708,1174.281,3679221.7800000003
Algeria,2017,1696.752,41335.1408,10624771.66
Angola,2017,67342.57,45765.0,13300612.74
Antigua and Barbuda,2017,8.318,9.0,20177.190000000002
Argentina,2017,48064.648,117629.9862,176187376.09
Armenia,2017,334.128,1676.1,4713284.54
Australia,2017,132820.964,371837.0,95302974.66
Austria,2017,3881.366,2654.62,11166331.35
Azerbaijan,2017,1111.21,4777.5,13388086.56
Bahamas,2017,509.86,13.0,3513.58
Bahrain,2017,1.61,8.11,55347.59
Bangladesh,2017,1881.324,9187.33,77115266.61
Barbados,2017,6.3,10.0,33652.85
Belarus,2017,8717.32,8494.0,24949821.67
Belgium,2017,681.788,1327.0,13353516.9
Belize,2017,1375.306,172.0,242151.39
Benin,2017,3432.326,4093.3799,6363957.0
Bhutan,2017,2715.972,513.0,795912.4299999999
Bolivia (Plurinational State of),2017,56239.936,37940.0,25074488.240000002
Bosnia and Herzegovina,2017,2159.052,2228.0,2100638.51
Botswana,2017,15728.82,25861.6,3398473.65
Brazil,2017,510252.11,236879.0,649482560.34
Brunei Darussalam,2017,380.0,13.4,27022.08
Bulgaria,2017,3858.2,5029.52,2862054.96
Burkina Faso,2017,4195.85,13778.2363,26356368.0
Burundi,2017,279.64,1995.0,2742380.86
Cabo Verde,2017,46.1,79.0,90986.12
Cambodia,2017,8458.828,5784.6239,8542271.370000001
Cameroon,2017,20263.488,9770.9857,15744916.77
Canada,2017,368343.656,57867.6,47800379.1
Central African Republic,2017,45467.062,4917.8,11870596.870000001
Chad,2017,4634.632,50338.0,71054740.78
Chile,2017,18204.782,12303.7471,11740261.91
China,2017,213815.75,522997.1,358009221.68
"China, mainland",2017,213815.75,522199.0,357012953.48
Colombia,2017,60627.568,43487.0,74356538.58
Comoros,2017,33.884,133.0,171398.9
Congo,2017,21861.5,10626.618,841282.4199999999
Cook Islands,2017,15.59,1.9,730.9200000000001
Costa Rica,2017,2961.496,1726.2767,6400196.21
Croatia,2017,1929.04,1497.0,2489981.98
Cuba,2017,3555.972,6300.0,10743732.4
Cyprus,2017,172.642,121.42,453875.05
Czechia,2017,2905.01,3521.0,7305797.220000001
Democratic People's Republic of Korea,2017,7637.088,2597.0,1854293.35
Democratic Republic of the Congo,2017,141452.18,33289.7,2589721.08
Denmark,2017,627.64,2631.3,11262773.59
Djibouti,2017,5.742,1702.8,882201.77
Dominica,2017,57.708,25.0,55261.87
Dominican Republic,2017,2218.638,2530.7874,9271706.46
Ecuador,2017,12675.956,5590.0,15662634.94
Egypt,2017,4.08,3836.9688,23586944.73
El Salvador,2017,678.158,1205.2,2929753.67
Equatorial Guinea,2017,2473.5,104.54,12640.76
Eritrea,2017,1489.86,7592.0,6041402.7
Estonia,2017,2430.4,982.0,1555786.83
Eswatini,2017,445.07,1204.0,1452085.9
Ethiopia,2017,26778.4,37540.1,151156901.68
Faroe Islands,2017,0.08,96.35,15790.49
Fiji,2017,1099.544,314.2,297887.97
Finland,2017,22462.6,2270.0,5689932.0
France,2017,17040.8,28697.499,87533748.11
French Guiana,2017,8013.14,32.52,0.0
French Polynesia,2017,149.46,31.0083,20154.78
Gabon,2017,23609.166,2153.236,139528.54
Gambia,2017,259.498,634.0,1040166.99
Georgia,2017,3100.5,2384.8,4206658.24
Germany,2017,11443.0,16687.0,77014396.22
Ghana,2017,6770.6,12083.9639,5257514.88
Greece,2017,4363.92,6053.5408,2805145.9
Grenada,2017,17.7,8.0,17942.559999999998
Guadeloupe,2017,73.44,52.11,0.0
Guatemala,2017,3643.378,4523.6,13282322.48
Guinea,2017,5393.288,16533.2078,17813556.75
Guinea-Bissau,2017,2133.494,794.8841,1791864.5
Guyana,2017,18442.952,719.0,355362.62
Haiti,2017,364.62,2010.0,4531631.890000001
Honduras,2017,6361.172,3488.0,8291988.32
Hungary,2017,2059.292,5303.0,4392179.03
Iceland,2017,54.602,1872.0,441883.62
India,2017,71420.4,179236.0,625742811.0
Indonesia,2017,95241.5,52119.7284,44954073.16
Iran (Islamic Republic of),2017,10751.0,46435.0,23370047.12
Iraq,2017,745.394,9338.8,5259498.1
Ireland,2017,770.13,4489.0,31877526.0
Israel,2017,155.0,644.0,4509358.34
Italy,2017,9088.004,12826.57,36645824.51
Jamaica,2017,585.222,417.0,447662.95
Japan,2017,24934.0,4778.0,20567072.4
Jordan,2017,70.7,1007.0,993121.94
Kazakhstan,2017,3365.48,216213.7,32242239.45
Kenya,2017,3466.912,28134.5106,56337208.66
Kuwait,2017,6.174,151.4,170930.05
Kyrgyzstan,2017,1250.228,10540.1,7918720.2
Lao People's Democratic Republic,2017,13306.724,2359.6,6330321.97
Latvia,2017,3412.824,1933.0,2378941.0
Lebanon,2017,140.552,673.32,1434158.69
Lesotho,2017,34.52,2418.0,1269118.67
Liberia,2017,6833.71,1876.6883,138574.43
Libya,2017,208.002,15350.0,830159.76
Lithuania,2017,2193.076,2935.3,3975327.7199999997
Luxembourg,2017,88.7,131.158,962704.61
Madagascar,2017,10904.748,40895.0,24497136.6
Malawi,2017,2367.7,5817.0,4907638.64
Malaysia,2017,19352.428,8571.0,2122260.5
Mali,2017,11283.618,42389.4459,26841891.71
Malta,2017,0.394,10.38,93679.81
Martinique,2017,51.69,29.95,0.0
Mauritania,2017,998.096,39710.0,5314088.8
Mauritius,2017,38.296,86.0,45493.5
Mexico,2017,67287.724,96946.0,117839211.34
Micronesia (Federated States of),2017,64.33,5.0,41524.82
Mongolia,2017,14178.33,113467.19,13766093.36
Montenegro,2017,827.0,256.3,487051.68
Morocco,2017,5691.448,31046.5482,17161792.79
Mozambique,2017,34379.13,41347.8,4340989.17
Myanmar,2017,29413.016,13053.6,52453874.65
Namibia,2017,8048.118,38811.0,6858457.38
Nepal,2017,6133.61,3947.8703,21567786.0
Netherlands (Kingdom of the),2017,365.73,1819.0,33235043.740000002
New Caledonia,2017,892.61,184.03,231183.22
New Zealand,2017,9894.082,10644.0,65233231.47
Nicaragua,2017,4957.672,5081.0,15569413.8
Niger,2017,1116.96,46595.0,30717214.09
Nigeria,2017,18145.016,67704.0673,55617263.8
Niue,2017,18.84,4.8,588.63
North Macedonia,2017,1013.568,1266.0,1204453.5
Norway,2017,12128.112,985.112,4824236.4
Oman,2017,1.6,1450.92,1455403.54
Pakistan,2017,3057.042,37003.0,192543395.31
Palestine,2017,10.782,429.7545,362036.37
Panama,2017,4638.722,2203.0,4788934.45
Papua New Guinea,2017,34110.89,1405.0,274272.49
Paraguay,2017,15868.178,20335.6673,38223003.72
Peru,2017,69195.256,24250.108,19579094.58
Philippines,2017,7099.046,12590.0,11757839.33
Poland,2017,9437.68,14462.0,36242122.08
Portugal,2017,3320.854,3673.3928,7170230.6
Puerto Rico,2017,477.752,173.8,875589.8200000001
Qatar,2017,1.4,72.0,92601.22
Republic of Korea,2017,6321.4,1676.7,12971666.469999999
Republic of Moldova,2017,381.12,2317.3,1132441.49
Romania,2017,6912.196,13378.0,11986764.1
Russian Federation,2017,825296.582,215494.0,107725672.78
Rwanda,2017,518.15,2005.0,4162154.42
Saint Kitts and Nevis,2017,11.0,6.0,5183.86
Saint Lucia,2017,32.272,9.94,33095.78
Saint Vincent and the Grenadines,2017,28.554,7.0,11752.7
Samoa,2017,163.6,62.0,142548.53
Sao Tome and Principe,2017,55.078,41.0,8386.23
Saudi Arabia,2017,2768.05,173607.1003,4026795.0
Senegal,2017,8773.652,9323.0,10080541.46
Serbia,2017,3157.76,3419.0,4996356.82
Seychelles,2017,28.264,1.55,1220.92
Sierra Leone,2017,2594.078,3949.0,1498841.74
Singapore,2017,16.202,0.66,1186.51
Slovakia,2017,1925.538,1879.0,2137523.35
Slovenia,2017,1246.332,615.04,2265157.46
Solomon Islands,2017,2519.802,102.7,52903.84
Somalia,2017,5671.2,44126.7,13292250.05
South Africa,2017,22180.892,96341.0,46031326.07
South Sudan,2017,7155.2,28321.475,36947690.41
Spain,2017,18738.034,26295.53,31113618.45
Sri Lanka,2017,2117.114,2760.2,3559243.8
Sudan,2017,23373.52,112359.72,87217855.16
Suriname,2017,14809.35,84.0,121785.13
Sweden,2017,27961.6,3011.37,7817339.23
Switzerland,2017,1252.364,1511.6338,10158723.6
Syrian Arab Republic,2017,527.422,13920.031,5207052.26
Tajikistan,2017,422.28,3841.7,9844975.08
Thailand,2017,20171.024,22847.0,15909304.04
Timor-Leste,2017,1062.77,341.6,636020.3
Togo,2017,1218.146,3820.0,1163617.29
Tonga,2017,8.73,35.0,32568.449999999997
Trinidad and Tobago,2017,229.442,54.0,111766.41
Tunisia,2017,702.558,9742.9,4133712.0
Turkmenistan,2017,2330.0,38263.75,12663557.9
Uganda,2017,2592.448,14415.0,38999924.33
Ukraine,2017,9780.0,41489.0,28938061.92
United Arab Emirates,2017,321.892,383.8,623714.63
United Kingdom of Great Britain and Northern Ireland,2017,3179.0,17466.1525,49339690.11
United Republic of Tanzania,2017,47152.0,38885.1,80754490.08
United States of America,2017,309759.0,427243.0423,440232808.01
Uruguay,2017,1873.446,14222.9,36554114.47
Uzbekistan,2017,3605.24,25533.2,58518508.7
Vanuatu,2017,926.512,187.0,265043.3
Venezuela (Bolivarian Republic of),2017,47661.418,21500.0,44135603.5
Viet Nam,2017,14308.004,12168.8,21922962.83
Yemen,2017,549.0,23452.0,8272788.77
Zambia,2017,45597.088,23839.0,13597269.4
Zimbabwe,2017,14194.006,16178.758,23230252.2
World,2017,4174956.248,4815944.3312,5369669236.67
Africa,2017,686085.864,1161487.3896,974955478.94
Eastern Africa,2017,202739.064,333083.7336,462105573.35
Middle Africa,2017,327159.176,157006.8797,115561230.2
Northern Africa,2017,32213.344,218675.2778,143554227.11
Southern Africa,2017,46437.42,164635.6,59008620.67
Western Africa,2017,77536.86,288085.8984,194726510.6
Americas,2017,1660232.694,1148490.145,1775005298.22
Northern America,2017,678104.938,485356.0523,488032822.12
Central America,2017,91903.628,115345.0767,169342578.65
Caribbean,2017,8295.388,11675.2874,26160154.32
South America,2017,881928.74,536113.7286,1091470451.13
Asia,2017,617843.34,1658819.3084,1782497738.34
Central Asia,2017,10973.228,294392.45,121187124.32
Eastern Asia,2017,266886.568,645515.99,407167315.25
Southern Asia,2017,99289.622,316998.8003,962569325.5799999
South-eastern Asia,2017,208809.542,129850.0123,164655094.73
Western Asia,2017,31884.38,272062.0558,126919573.43
Europe,2017,1027973.85,462257.27,675318024.11
Eastern Europe,2017,871272.938,311366.82,227670562.60000002
Northern Europe,2017,75223.71,38721.2045,119176694.97999999
Southern Europe,2017,46717.904,59336.1546,95048893.99
Western Europe,2017,34759.298,52833.0909,233422688.53
Oceania,2017,182820.5,384890.2183,161893548.06
Australia and New Zealand,2017,142715.536,382482.0,160536011.13
Melanesia,2017,39549.358,2192.93,1120550.81
Micronesia,2017,168.716,69.4,41524.82
Polynesia,2017,386.89,145.8883,195945.3
European Union (27),2017,159316.79,164233.6406,435780259.78
Least Developed Countries (LDCs),2017,580418.702,819426.1614,896298157.06
Land Locked Developing Countries (LLDCs),2017,305854.608,838516.0927,713959241.13
Small Island Developing States (SIDS),2017,86427.308,16536.2998,30981457.37
Low Income Food Deficit Countries (LIFDCs),2017,489014.574,843478.0108,918453540.86
Net Food Importing Developing Countries (NFIDCs),2017,795455.916,1199686.7754,1321569622.19
Afghanistan,2018,1209.44,38010.0,18322934.240000002
Albania,2018,883.472,1174.081,3364424.1
Algeria,2018,1696.078,41338.8496,9889196.6
Angola,2018,66832.54,45778.0,13104142.969999999
Antigua and Barbuda,2018,8.252,9.0,16554.47
Argentina,2018,47874.962,115930.0,180161347.18
Armenia,2018,334.092,1677.3,4318349.34
Australia,2018,132977.686,358895.0,100029725.85
Austria,2018,3884.184,2652.83,11190396.0
Azerbaijan,2018,1127.87,4779.5,13522419.309999999
Bahamas,2018,509.86,13.0,3496.95
Bahrain,2018,1.73,8.1,55518.62
Bangladesh,2018,1880.336,9202.3,77696219.69
Barbados,2018,6.3,10.0,33517.21
Belarus,2018,8759.23,8453.0,24936605.3
Belgium,2018,678.032,1354.0,13350452.0
Belize,2018,1367.774,172.0,251178.77000000002
Benin,2018,3394.944,4460.8086,6514583.0600000005
Bhutan,2018,2716.368,513.0,825211.0700000001
Bolivia (Plurinational State of),2018,56016.314,38200.549,25760203.36
Bosnia and Herzegovina,2018,2158.328,2211.0,2021913.04
Botswana,2018,15729.28,25861.6,3385512.7199999997
Brazil,2018,507623.7,236854.8,651181362.4200001
Brunei Darussalam,2018,380.0,13.4,25303.61
Bulgaria,2018,3870.8,5030.0,2725016.0
Burkina Faso,2018,4075.99,14007.2668,26886529.0
Burundi,2018,279.64,2022.0,2728300.0700000003
Cabo Verde,2018,46.72,79.0,90812.54000000001
Cambodia,2018,8264.832,5858.3648,8529481.82
Cameroon,2018,20084.992,9791.9714,15972278.33
Canada,2018,368518.414,57889.2,49161201.730000004
Central African Republic,2018,45420.538,5172.0,12124462.2
Chad,2018,4506.718,50338.0,74677414.93
Chile,2018,18198.628,11888.5217,12027873.33
China,2018,215576.5,522242.7,364201678.03999996
"China, mainland",2018,215576.5,521447.0,363169221.1
Colombia,2018,60459.472,44048.0,78366910.88
Comoros,2018,33.546,133.0,171757.34
Congo,2018,21835.6,10631.497,837180.8400000001
Cook Islands,2018,15.59,1.9,732.98
Costa Rica,2018,2965.014,1721.7253,6683742.5
Croatia,2018,1932.56,1484.0,2347623.0
Cuba,2018,3574.458,6300.0,10599384.4
Cyprus,2018,172.608,132.4469,474633.0
Czechia,2018,2911.06,3523.0,7288552.0
Democratic People's Republic of Korea,2018,7648.442,2598.0,1856174.51
Democratic Republic of the Congo,2018,141169.29,33614.8,2740829.02
Denmark,2018,629.33,2632.5,11348464.0
Djibouti,2018,5.788,1702.8,889577.85
Dominica,2018,57.662,25.0,55231.81
Dominican Republic,2018,2220.542,2578.1129,9490972.98
Ecuador,2018,12604.334,5448.0,15235189.969999999
Egypt,2018,4.08,3863.0,21764586.8
El Salvador,2018,678.992,1195.7,2701985.0700000003
Equatorial Guinea,2018,2465.14,104.67,12713.23
Eritrea,2018,1483.88,7592.0,6066551.53
Estonia,2018,2434.89,985.0,1555704.0
Eswatini,2018,443.57,1201.0,1428935.6099999999
Ethiopia,2018,26774.5,37903.0,149921172.75
Faroe Islands,2018,0.08,96.335,13509.880000000001
Fiji,2018,1104.176,313.5,294150.41000000003
Finland,2018,22489.4,2272.0,5579093.0
France,2018,17143.2,28660.1,85799566.0
French Guiana,2018,8009.71,32.52,0.0
French Polynesia,2018,149.46,31.5177,21351.87
Gabon,2018,23602.434,2153.236,132804.62
Gambia,2018,253.712,634.0,898377.4
Georgia,2018,3100.5,2374.2,4004024.38
Germany,2018,11447.8,16645.0,75956783.0
Ghana,2018,6806.32,12217.5416,5322986.99
Greece,2018,4496.88,5943.6904,2542838.0
Grenada,2018,17.7,8.0,18195.52
Guadeloupe,2018,73.71,51.58,0.0
Guatemala,2018,3629.452,4553.4,13373717.56
Guinea,2018,5326.292,16703.6823,18678875.4
Guinea-Bissau,2018,2129.256,810.6038,1805966.2
Guyana,2018,18433.748,719.0,348330.19
Haiti,2018,364.78,1995.0,4567615.9399999995
Honduras,2018,6278.258,3509.0,8329183.85
Hungary,2018,2058.528,5296.0,4464907.0
Iceland,2018,55.288,1872.0,443923.76
India,2018,71716.6,179116.0,636636005.0
Indonesia,2018,95348.3,53343.759,40521055.94
Iran (Islamic Republic of),2018,10751.0,46915.0,23722828.09
Iraq,2018,738.786,9379.0,5338139.359999999
Ireland,2018,777.86,4516.0,30594358.0
Israel,2018,150.0,641.3,4777280.75
Italy,2018,9178.506,12405.0,39184612.0
Jamaica,2018,589.108,417.0,448476.3
Japan,2018,24929.0,4746.0,20667478.79
Jordan,2018,70.7,1021.8,1021235.8200000001
Kazakhstan,2018,3393.99,216036.1,33874551.03
Kenya,2018,3508.428,28589.8261,59587892.22
Kuwait,2018,6.216,150.0,163197.1
Kyrgyzstan,2018,1251.872,10370.8,8123323.43
Lao People's Democratic Republic,2018,13275.386,2319.8,6493451.35
Latvia,2018,3419.926,1938.0,2291845.0
Lebanon,2018,140.648,671.55,1514520.78
Lesotho,2018,34.52,2433.3,1243943.5899999999
Liberia,2018,6732.28,1906.9038,137980.94
Libya,2018,207.668,15350.0,871457.39
Lithuania,2018,2196.114,2947.0,3847007.0
Luxembourg,2018,88.7,131.559,968367.0
Madagascar,2018,10784.322,40895.0,20538995.59
Malawi,2018,2325.7,5873.0,5367978.14
Malaysia,2018,19296.532,8571.0,2013152.38
Mali,2018,11183.072,42598.8366,27521834.95
Malta,2018,0.416,10.38,91982.0
Martinique,2018,51.89,31.33,0.0
Mauritania,2018,1000.724,39710.0,5293170.21
Mauritius,2018,38.294,86.0,45874.53
Mexico,2018,67159.956,96516.0,119705426.34
Micronesia (Federated States of),2018,64.36,5.0,41768.6
Mongolia,2018,14178.33,113433.0,14628142.24
Montenegro,2018,827.0,256.8,476914.6
Morocco,2018,5692.222,30525.8072,17609145.55
Mozambique,2018,34112.1,41501.332,5153511.02
Myanmar,2018,29123.304,13071.3,27790202.35
Namibia,2018,8047.472,38811.0,6531593.43
Nepal,2018,6150.19,3866.6261,21824095.0
Netherlands (Kingdom of the),2018,366.18,1823.0,32452415.0
New Caledonia,2018,892.61,184.03,226990.91
New Zealand,2018,9917.818,10498.0,65611198.47
Nicaragua,2018,4935.558,5084.0,15803585.85
Niger,2018,1104.54,46595.0,32549721.47
Nigeria,2018,18018.134,68068.0101,56214375.66
Niue,2018,18.85,4.8,584.71
North Macedonia,2018,1023.152,1264.0,1150787.56
Norway,2018,12125.678,986.28,4938303.4
Oman,2018,1.6,1458.89,1479756.54
Pakistan,2018,3067.538,36953.0,199547803.46
Palestine,2018,10.888,428.7909,456569.31
Panama,2018,4635.708,2193.0,4860613.4
Papua New Guinea,2018,34089.83,1405.0,274950.93
Paraguay,2018,15617.432,20544.198,36686207.85
Peru,2018,69015.654,24094.589,19791036.29
Philippines,2018,7141.494,12613.0,11736639.2
Poland,2018,9446.52,14512.0,37091381.0
Portugal,2018,3325.366,3736.7665,7068694.0
Puerto Rico,2018,472.538,168.9,853756.9199999999
Qatar,2018,1.4,74.0,126403.25
Republic of Korea,2018,6313.6,1652.0,13108891.1
Republic of Moldova,2018,378.48,2257.1,1009749.61
Romania,2018,6917.814,13414.0,10858590.0
Russian Federation,2018,826341.788,215494.0,107567799.78
Rwanda,2018,532.71,1949.0,4634140.96
Saint Kitts and Nevis,2018,11.0,6.0,5302.41
Saint Lucia,2018,32.378,9.94,32844.78
Saint Vincent and the Grenadines,2018,28.556,7.0,11368.16
Samoa,2018,163.12,55.17,130432.23000000001
Sao Tome and Principe,2018,55.102,42.0,8710.619999999999
Saudi Arabia,2018,2768.05,173605.2087,4348185.48
Senegal,2018,8758.108,9358.0,10271926.06
Serbia,2018,3197.44,3464.0,5116291.0600000005
Seychelles,2018,28.046,1.55,1431.29
Sierra Leone,2018,2574.352,3949.0,1538131.43
Singapore,2018,16.068,0.66,1157.47
Slovakia,2018,1927.432,1889.0,2085739.0
Slovenia,2018,1245.498,612.0,2183471.0
Solomon Islands,2018,2519.068,104.0,52861.82
Somalia,2018,5517.3,44126.6,13365596.65
South Africa,2018,22268.458,96341.0,45029691.29
South Sudan,2018,7154.3,28250.9,41070382.05
Spain,2018,18819.376,26183.3239,31694142.0
Sri Lanka,2018,2126.546,2811.6,3925028.8
Sudan,2018,23199.38,112665.0,88257135.52
Suriname,2018,14794.72,84.0,111064.3
Sweden,2018,27952.4,3000.39,7823438.0
Switzerland,2018,1254.196,1508.5727,10282014.120000001
Syrian Arab Republic,2018,527.498,13917.688,4930830.92
Tajikistan,2018,422.52,3854.6,10028192.0
Thailand,2018,20226.536,22845.6965,15949497.52
Timor-Leste,2018,1061.37,342.1,647797.23
Togo,2018,1215.184,3820.0,1169953.23
Tonga,2018,8.73,35.0,32651.61
Trinidad and Tobago,2018,229.018,54.0,115456.0
Tunisia,2018,701.372,9700.5,3881796.54
Turkmenistan,2018,2330.0,39001.375,12702613.82
Uganda,2018,2564.352,14415.0,40438270.79
Ukraine,2018,9820.0,41329.0,27938761.75
United Arab Emirates,2018,322.228,381.75,609856.69
United Kingdom of Great Britain and Northern Ireland,2018,3191.0,17350.8616,49393316.89
United Republic of Tanzania,2018,46683.0,39097.4,85687180.1
United States of America,2018,309591.0,426102.5073,446494433.19
Uruguay,2018,1892.974,14190.8,36171147.4
Uzbekistan,2018,3633.16,25520.3,64894116.79
Vanuatu,2018,924.128,187.0,235421.9
Venezuela (Bolivarian Republic of),2018,47552.512,21500.0,43703840.18
Viet Nam,2018,14431.076,12140.5,22473188.990000002
Yemen,2018,549.0,23452.0,7817191.36
Zambia,2018,45518.082,23839.0,12941262.95
Zimbabwe,2018,14139.674,16176.8353,23210120.92
World,2018,4171717.462,4804410.3187,5423342267.05
Africa,2018,683010.386,1165741.0077,990771287.7
Eastern Africa,2018,201570.206,334222.3434,471817543.73
Middle Africa,2018,325972.354,157626.1744,119609315.75999999
Northern Africa,2018,32036.526,218447.1568,142272181.4
Southern Africa,2018,46523.3,164647.9,57618820.68
Western Africa,2018,76908.0,290797.4331,199454132.13
Americas,2018,1656171.346,1145561.3832,1793154410.47
Northern America,2018,678111.672,484237.1173,495655269.92
Central America,2018,91650.712,114944.8253,171708043.36
Caribbean,2018,8314.802,11702.8629,26249676.84
South America,2018,878094.16,534676.5777,1099542135.33
Asia,2018,619872.2,1659923.906,1799330409.85
Central Asia,2018,11031.542,294783.175,129621904.08
Eastern Asia,2018,268645.872,644671.7,414461326.68
Southern Asia,2018,99621.738,317393.9261,982499426.36
South-eastern Asia,2018,208564.898,131119.5803,136178790.88
Western Asia,2018,32008.15,271955.5245,136569670.86
Europe,2018,1029682.32,461389.6541,673136277.7
Eastern Europe,2018,872431.652,311197.1,226242957.83
Northern Europe,2018,75275.62,38646.1366,118147045.07
Southern Europe,2018,47107.206,58766.1758,97769200.68
Western Europe,2018,34867.842,52780.2417,230977899.12
Oceania,2018,182981.21,371794.3677,166950746.34
Australia and New Zealand,2018,142895.994,369394.0,165640727.32
Melanesia,2018,39529.812,2193.53,1083648.97
Micronesia,2018,168.894,67.24,41768.6
Polynesia,2018,386.51,139.5977,185081.41999999998
European Union (27),2018,159811.38,163728.9867,434961337.3
Least Developed Countries (LDCs),2018,577135.568,822154.5249,888134541.76
Land Locked Developing Countries (LLDCs),2018,304845.782,840283.9867,734289297.09
Small Island Developing States (SIDS),2018,86389.832,16573.2444,31041657.310000002
Low Income Food Deficit Countries (LIFDCs),2018,486640.506,846436.5778,945232608.5899999
Net Food Importing Developing Countries (NFIDCs),2018,791824.514,1203365.5856,1322521725.08
Afghanistan,2019,1209.44,38010.0,18385923.85
Albania,2019,912.236,1174.0,3416435.6799999997
Algeria,2019,1695.404,41316.0,9819765.4
Angola,2019,66322.51,45856.0,13052693.35
Antigua and Barbuda,2019,8.186,9.0,14891.64
Argentina,2019,47685.276,116599.0,182404444.66
Armenia,2019,334.056,1677.0,4203316.72
Australia,2019,133134.408,362477.0,99057671.96000001
Austria,2019,3887.002,2651.21,11016517.0
Azerbaijan,2019,1144.53,4779.7,13666207.74
Bahamas,2019,509.86,13.0,3497.43
Bahrain,2019,1.85,8.1,61184.33
Bangladesh,2019,1879.348,9397.0,78451193.78999999
Barbados,2019,6.3,10.0,33261.2
Belarus,2019,8801.14,8387.0,24810116.38
Belgium,2019,674.276,1356.0,13192785.0
Belize,2019,1360.242,174.0,250982.32
Benin,2019,3357.562,4631.2094,6666064.65
Bhutan,2019,2716.764,513.0,807461.84
Bolivia (Plurinational State of),2019,55792.692,38505.2649,25996425.28
Bosnia and Herzegovina,2019,2157.604,2216.0,1943947.9
Botswana,2019,15729.74,25862.0,3175213.92
Brazil,2019,504995.29,236830.8,659188223.38
Brunei Darussalam,2019,380.0,13.4,24368.65
Bulgaria,2019,3883.4,5037.0,2614672.0
Burkina Faso,2019,3956.13,14138.7972,27516270.0
Burundi,2019,279.64,2049.0,2977727.14
Cabo Verde,2019,47.34,79.0,90715.57
Cambodia,2019,8070.836,5951.5978,8483049.1
Cameroon,2019,19906.496,9812.9571,15539330.780000001
Canada,2019,368693.172,57687.8,49785308.06
Central African Republic,2019,45374.014,5494.0,12425897.39
Chad,2019,4378.804,50338.0,78466123.85
Chile,2019,18192.474,11465.8641,12430340.44
China,2019,217337.25,521490.2,372896770.2
"China, mainland",2019,217337.25,520695.0,371836420.0
Colombia,2019,60291.376,44354.0,79960390.34
Comoros,2019,33.208,133.0,172014.84
Congo,2019,21809.7,10657.8,835509.64
Cook Islands,2019,15.59,1.9,747.44
Costa Rica,2019,2968.532,1717.174,6967910.5
Croatia,2019,1936.08,1504.0,2347478.0
Cuba,2019,3592.944,6401.0,10457016.2
Cyprus,2019,172.574,125.3284,496655.0
Czechia,2019,2917.11,3523.659,7302475.0
Democratic People's Republic of Korea,2019,7659.796,2595.0,1861078.79
Democratic Republic of the Congo,2019,140886.4,33836.9,2899866.2800000003
Denmark,2019,631.02,2625.965,11171469.0
Djibouti,2019,5.834,1702.8,895558.8200000001
Dominica,2019,57.616,25.0,55219.36
Dominican Republic,2019,2222.446,2588.2924,9610477.15
Ecuador,2019,12532.712,5330.0,16817303.64
Egypt,2019,4.08,3922.0,18741978.33
El Salvador,2019,679.826,1195.7,2554829.88
Equatorial Guinea,2019,2456.78,104.8,12771.41
Eritrea,2019,1477.9,7592.0,6084606.140000001
Estonia,2019,2439.38,988.4,1571180.0
Eswatini,2019,442.07,1197.0,1480312.55
Ethiopia,2019,26770.6,38190.0,159387864.09
Faroe Islands,2019,0.08,96.335,13409.83
Fiji,2019,1108.808,312.8,386987.37
Finland,2019,22516.2,2274.0,5492382.0
France,2019,17245.6,28518.8491,84511404.0
French Guiana,2019,8006.28,32.52,0.0
French Polynesia,2019,149.46,31.0272,21893.93
Gabon,2019,23595.702,2153.236,131914.41
Gambia,2019,247.926,634.0,810499.06
Georgia,2019,3100.5,2372.6,3810069.91
Germany,2019,11452.6,16666.0,75100345.0
Ghana,2019,6842.04,12479.9743,5389959.140000001
Greece,2019,4629.84,5863.5662,2420882.0
Grenada,2019,17.7,8.0,18929.78
Guadeloupe,2019,73.98,49.71,0.0
Guatemala,2019,3615.526,4583.2,13623561.05
Guinea,2019,5259.296,16687.2996,19271959.64
Guinea-Bissau,2019,2125.018,816.9532,1828369.94
Guyana,2019,18424.544,719.0,357541.29000000004
Haiti,2019,364.94,1790.0,4601308.83
Honduras,2019,6195.344,3509.0,8361386.99
Hungary,2019,2057.764,5278.0,4531542.0
Iceland,2019,55.974,1872.0,441897.57999999996
India,2019,72012.8,179045.0,647818849.0799999
Indonesia,2019,95455.1,53979.2896,41740269.260000005
Iran (Islamic Republic of),2019,10751.0,46988.0,23331880.45
Iraq,2019,732.178,9450.8,5467199.08
Ireland,2019,785.59,4524.0,30820105.0
Israel,2019,145.0,638.4,4802368.51
Italy,2019,9269.008,13120.962,39225376.0
Jamaica,2019,592.994,417.0,451634.43
Japan,2019,24924.0,4715.0,20624734.25
Jordan,2019,70.7,1036.5,1270552.0
Kazakhstan,2019,3422.5,213974.3,25666208.98
Kenya,2019,3549.944,28666.6749,63265241.17
Kuwait,2019,6.258,150.0,193013.77000000002
Kyrgyzstan,2019,1253.516,10368.4,8348359.57
Lao People's Democratic Republic,2019,13244.048,2262.9,6695742.359999999
Latvia,2019,3427.028,1960.0,2259116.0
Lebanon,2019,140.744,671.3,1494586.24
Lesotho,2019,34.52,2154.4,1070465.7
Liberia,2019,6630.85,1923.04,136487.34
Libya,2019,207.334,15350.0,879971.52
Lithuania,2019,2199.152,2975.0,3783409.0
Luxembourg,2019,88.7,131.5824,983063.0
Madagascar,2019,10663.896,40895.0,20761383.53
Malawi,2019,2283.7,5928.0,6045623.79
Malaysia,2019,19240.636,8571.0,1897831.97
Mali,2019,11082.526,42815.0378,28364567.17
Malta,2019,0.438,10.38,91498.0
Martinique,2019,52.09,31.3,0.0
Mauritania,2019,1003.352,39710.0,5382078.22
Mauritius,2019,38.292,86.0,44332.17
Mexico,2019,67032.188,96106.0,121307206.25
Micronesia (Federated States of),2019,64.39,5.0,41734.7
Mongolia,2019,14178.33,113156.9,15144383.35
Montenegro,2019,827.0,257.0,504800.97
Morocco,2019,5692.996,29611.907,17244987.37
Mozambique,2019,33845.07,41519.232,4664750.029999999
Myanmar,2019,28833.592,12979.4,26504509.57
Namibia,2019,8046.826,38811.0,6465352.0
Nepal,2019,6166.77,3838.1798,21953039.0
Netherlands (Kingdom of the),2019,366.63,1816.8,32504580.0
New Caledonia,2019,892.61,184.03,229463.38
New Zealand,2019,9941.554,10345.0,65978733.66
Nicaragua,2019,4913.444,5084.0,16258507.17
Niger,2019,1092.12,46595.0,34379174.24
Nigeria,2019,17891.252,68221.0404,56705867.980000004
Niue,2019,18.86,4.8,584.8
North Macedonia,2019,1032.736,1265.0,1038212.12
Norway,2019,12123.244,984.254,4813235.21
Oman,2019,1.6,1458.89,1514197.74
Pakistan,2019,3078.034,36274.0,206758521.84
Palestine,2019,10.994,425.3273,315953.52
Panama,2019,4632.694,2183.0,4754199.84
Papua New Guinea,2019,34068.77,1405.0,274033.11
Paraguay,2019,15366.686,20753.1067,36923305.89
Peru,2019,68836.052,23863.29,19943596.72
Philippines,2019,7183.942,12636.0,11674640.719999999
Poland,2019,9455.36,14523.0,37173182.0
Portugal,2019,3329.878,3950.5205,7128979.0
Puerto Rico,2019,467.324,168.9,825114.84
Qatar,2019,1.4,74.0,149021.55
Republic of Korea,2019,6305.8,1637.0,13457391.92
Republic of Moldova,2019,375.84,2261.6,932487.47
Romania,2019,6923.432,13826.0,10454502.0
Russian Federation,2019,827386.994,215494.0,107741561.34
Rwanda,2019,547.27,1904.0,5031325.09
Saint Kitts and Nevis,2019,11.0,6.0,5477.43
Saint Lucia,2019,32.484,9.94,32552.82
Saint Vincent and the Grenadines,2019,28.558,7.0,10048.78
Samoa,2019,162.64,49.41,113059.93
Sao Tome and Principe,2019,55.126,42.0,8930.18
Saudi Arabia,2019,2768.05,173616.852,4749557.32
Senegal,2019,8742.564,9395.0,10306155.530000001
Serbia,2019,3237.12,3460.0,5018133.12
Seychelles,2019,27.828,1.55,1655.6
Sierra Leone,2019,2554.626,3949.0,1586934.43
Singapore,2019,15.934,0.66,1148.73
Slovakia,2019,1929.326,1885.0,2058081.0
Slovenia,2019,1244.664,612.28,2191247.0
Solomon Islands,2019,2518.334,103.8,52941.229999999996
Somalia,2019,5363.4,44127.9,13356670.65
South Africa,2019,22356.024,96341.0,43913053.43
South Sudan,2019,7153.4,28250.9,42160475.91
Spain,2019,18900.718,26206.6906,32213387.0
Sri Lanka,2019,2135.978,2811.5728,3842795.2
Sudan,2019,23025.24,112665.0,88912526.41
Suriname,2019,14780.09,84.0,111433.38
Sweden,2019,27943.2,3005.0,7723700.0
Switzerland,2019,1256.028,1505.5158,10050735.74
Syrian Arab Republic,2019,527.574,13911.334,4894908.7
Tajikistan,2019,422.76,3864.0,10742776.2
Thailand,2019,20282.048,23000.0,15602196.620000001
Timor-Leste,2019,1059.97,341.4,769772.98
Togo,2019,1212.222,3820.0,1186814.31
Tonga,2019,8.73,35.0,32659.86
Trinidad and Tobago,2019,228.594,54.0,116345.6
Tunisia,2019,700.186,9700.5,3787287.46
Turkmenistan,2019,2330.0,39739.0,12681463.030000001
Uganda,2019,2536.256,14415.0,41042964.75
Ukraine,2019,9860.0,41311.0,27008060.439999998
United Arab Emirates,2019,322.564,390.4,613722.73
United Kingdom of Great Britain and Northern Ireland,2019,3203.0,17521.2961,49483584.11
United Republic of Tanzania,2019,46214.0,39309.7,89858885.8
United States of America,2019,309423.0,424961.9723,450227960.26
Uruguay,2019,1912.502,14127.3,35539112.0
Uzbekistan,2019,3661.08,25555.3,63985913.08
Vanuatu,2019,921.744,187.0,235030.44
Venezuela (Bolivarian Republic of),2019,47443.606,21500.0,43749143.22
Viet Nam,2019,14554.148,12388.0,23345243.0
Yemen,2019,549.0,23452.0,9436831.870000001
Zambia,2019,45439.076,23839.0,13512913.58
Zimbabwe,2019,14085.342,16177.9134,21648610.310000002
World,2019,4168478.676,4807253.1778,5487954828.68
Africa,2019,679934.908,1166918.3488,1014026003.04
Eastern Africa,2019,200401.348,334855.6103,490910095.39
Middle Africa,2019,324785.532,158295.6931,123371871.3
Northern Africa,2019,31859.708,217569.407,139385446.5
Southern Africa,2019,46609.18,164365.4,56103531.61
Western Africa,2019,76279.14,291832.2384,204255789.22
Americas,2019,1652109.998,1144348.2443,1813741533.05
Northern America,2019,678118.406,482895.1823,500012897.3
Central America,2019,91397.796,114552.074,174077182.0
Caribbean,2019,8334.216,11607.1424,26233289.5
South America,2019,874259.58,535293.8456,1113418871.23
Asia,2019,621901.06,1658056.4317,1824594998.99
Central Asia,2019,11089.856,293501.0,121423876.86
Eastern Asia,2019,270405.176,643594.1,423983329.52
Southern Asia,2019,99953.854,316883.1526,1001348960.04
South-eastern Asia,2019,208320.254,132123.6474,136736504.98
Western Asia,2019,32131.92,271954.5317,141103044.57999998
Europe,2019,1031390.79,462713.9058,669169600.78
Eastern Europe,2019,873590.366,311526.259,224899711.92000002
Northern Europe,2019,75327.53,38875.0201,117890287.95
Southern Europe,2019,47496.508,59661.4994,98066262.28
Western Europe,2019,34976.386,52651.1273,228314168.62
Oceania,2019,183141.92,375216.2472,166423566.82999998
Australia and New Zealand,2019,143076.452,372823.0,165036210.62
Melanesia,2019,39510.266,2192.63,1177792.54
Micronesia,2019,169.072,67.24,41734.7
Polynesia,2019,386.13,133.3772,168279.97
European Union (27),2019,160305.97,164959.1933,432454436.85
Least Developed Countries (LDCs),2019,573852.434,823519.2469,915553159.41
Land Locked Developing Countries (LLDCs),2019,303836.956,839871.6998,745851727.96
Small Island Developing States (SIDS),2019,86352.356,16478.0528,31255403.7
Low Income Food Deficit Countries (LIFDCs),2019,484266.438,847742.9285,974514482.0799999
Net Food Importing Developing Countries (NFIDCs),2019,788193.112,1202940.4564,1357904312.0
Afghanistan,2020,1209.44,38313.0,18525238.65
Albania,2020,941.0,1165.555,3124822.69
Algeria,2020,1694.73,41288.0,9565386.82
Angola,2020,65812.48,45864.0,13561842.77
Antigua and Barbuda,2020,8.12,9.0,15782.29
Argentina,2020,47495.59,117679.0,182350934.15
Armenia,2020,334.02,1676.0,4274652.03
Australia,2020,133291.13,355775.0,90531816.66
Austria,2020,3889.82,2602.6653,10848409.0
Azerbaijan,2020,1161.19,4780.1,13923539.780000001
Bahamas,2020,509.86,13.0,3551.05
Bahrain,2020,1.97,8.1,55142.72
Bangladesh,2020,1878.36,9430.0,79716616.61
Barbados,2020,6.3,10.0,32422.14
Belarus,2020,8843.05,8281.0,25189052.42
Belgium,2020,670.52,1364.6093,13051255.0
Belize,2020,1352.71,180.0,248080.2
Benin,2020,3320.18,4433.0486,5100924.93
Bhutan,2020,2717.16,516.5,775770.71
Bolivia (Plurinational State of),2020,55569.07,38527.1214,26932924.39
Bosnia and Herzegovina,2020,2156.88,2242.0,1939295.26
Botswana,2020,15730.2,25862.0,3413147.67
Brazil,2020,502366.88,236806.8,665485878.3
Brunei Darussalam,2020,380.0,13.4,36868.78
Bulgaria,2020,3896.0,5047.0,2792421.0
Burkina Faso,2020,3836.27,14270.8277,21658183.55
Burundi,2020,279.64,2076.0,2088435.87
Cabo Verde,2020,47.96,79.0,90445.99
Cambodia,2020,7876.84,6054.8817,8342917.02
Cameroon,2020,19728.0,9833.9429,15716956.81
Canada,2020,368867.93,57117.4,49398113.39
Central African Republic,2020,45327.49,5587.3,12225251.83
Chad,2020,4250.89,50338.0,82459154.26
Chile,2020,18186.32,11070.1443,13071790.43
China,2020,219098.0,521395.1,384632797.63
"China, mainland",2020,219098.0,520601.0,383553197.0
Colombia,2020,60123.28,44209.9446,80940227.95
Comoros,2020,32.87,133.0,172038.04
Congo,2020,21783.8,10642.7,826943.37
Cook Islands,2020,15.59,1.9,770.04
Costa Rica,2020,2972.05,1712.6226,6573500.71
Croatia,2020,1939.6,1505.0,2274226.0
Cuba,2020,3611.43,6401.0,9929116.6
Cyprus,2020,172.54,127.648,546933.0
Czechia,2020,2923.16,3523.871,7341549.0
Democratic People's Republic of Korea,2020,7671.15,2596.5,1870212.56
Democratic Republic of the Congo,2020,140603.51,33877.5,3214810.56
Denmark,2020,632.71,2619.987,11159780.0
Djibouti,2020,5.88,1703.8,894327.48
Dominica,2020,57.57,25.0,55480.64
Dominican Republic,2020,2224.35,2521.9321,9583527.11
Ecuador,2020,12461.09,5420.0,16735533.030000001
Egypt,2020,4.08,3971.0,18212843.0
El Salvador,2020,680.66,1195.7,2755126.4699999997
Equatorial Guinea,2020,2448.42,104.92,12825.64
Eritrea,2020,1471.92,7592.0,6121312.85
Estonia,2020,2443.87,985.0,1603548.0
Eswatini,2020,440.57,1195.0,1542249.15
Ethiopia,2020,26766.7,38476.1,169857148.24
Faroe Islands,2020,0.08,96.07,13701.22
Fiji,2020,1113.44,311.6,309743.37
Finland,2020,22543.0,2270.0,5479539.0
France,2020,17348.0,28418.656,83652690.0
French Guiana,2020,8002.85,37.058,0.0
French Polynesia,2020,149.46,31.5366,22483.2
Gabon,2020,23588.97,2153.236,131698.89
Gambia,2020,242.14,634.0,742154.72
Georgia,2020,3100.5,2377.9,3685439.7199999997
Germany,2020,11457.4,16595.0,73918103.0
Ghana,2020,6877.76,12603.74,5800917.41
Greece,2020,4762.8,5624.6605,2656900.0
Grenada,2020,17.7,8.0,18988.89
Guadeloupe,2020,74.25,45.883,0.0
Guatemala,2020,3601.6,4612.0,13773787.59
Guinea,2020,5192.3,16978.5307,20264652.240000002
Guinea-Bissau,2020,2120.78,824.9114,1858867.02
Guyana,2020,18415.34,719.0,339838.32
Haiti,2020,365.1,1790.0,4662106.1
Honduras,2020,6112.43,3538.0,8428254.86
Hungary,2020,2057.0,4916.6726,4609482.0
Iceland,2020,56.66,1872.0,434796.16000000003
India,2020,72309.0,178528.0,665445275.52
Indonesia,2020,95561.9,54382.3202,44746553.379999995
Iran (Islamic Republic of),2020,10751.0,47028.0,25391506.62
Iraq,2020,725.57,9453.4,5582512.03
Ireland,2020,793.32,4512.0,31237677.0
Israel,2020,140.0,541.8,4694450.62
Italy,2020,9359.51,12518.37,39300772.0
Jamaica,2020,596.88,417.0,455572.06
Japan,2020,24919.0,4682.0,20959798.64
Jordan,2020,70.7,1029.0,1287878.6400000001
Kazakhstan,2020,3451.01,214149.2,26609308.990000002
Kenya,2020,3591.46,28689.0222,70967803.78999999
Kuwait,2020,6.3,150.0,170269.58000000002
Kyrgyzstan,2020,1255.16,10367.8,8420163.9
Lao People's Democratic Republic,2020,13212.71,2207.9,6911663.51
Latvia,2020,3434.13,1969.0,2259050.0
Lebanon,2020,140.84,674.115,1461770.64
Lesotho,2020,34.52,2349.4,1004228.77
Liberia,2020,6529.42,1923.04,143716.91
Libya,2020,207.0,15350.0,862535.11
Lithuania,2020,2202.19,2942.8,3673417.0
Luxembourg,2020,88.7,132.1261,1005580.0
Madagascar,2020,10543.47,40895.0,18926448.43
Malawi,2020,2241.7,5984.0,6290819.970000001
Malaysia,2020,19184.74,8571.0,2058823.27
Mali,2020,10981.98,43008.8653,29747180.87
Malta,2020,0.46,9.11,94568.0
Martinique,2020,52.29,30.2,0.0
Mauritania,2020,1005.98,39710.0,5483785.3
Mauritius,2020,38.29,86.0,43714.86
Mexico,2020,66904.42,100142.4756,123218925.97
Micronesia (Federated States of),2020,64.42,5.0,43370.03
Mongolia,2020,14178.33,112481.5669,16731854.02
Montenegro,2020,827.0,257.95,506382.82
Morocco,2020,5693.77,29911.2594,17125472.72
Mozambique,2020,33578.04,41504.632,4821760.779999999
Myanmar,2020,28543.88,12980.0,27037156.39
Namibia,2020,8046.18,38811.0,5753139.33
Nepal,2020,6183.35,3798.9328,22261917.0
Netherlands (Kingdom of the),2020,367.08,1814.45,32260287.0
New Caledonia,2020,892.61,184.03,226302.32
New Zealand,2020,9965.29,10154.0,66392566.43
Nicaragua,2020,4891.33,5091.0,16459439.59
Niger,2020,1079.7,46597.7,36478690.85
Nigeria,2020,17764.37,68689.4646,57253727.66
Niue,2020,18.87,4.8,583.8
North Macedonia,2020,1042.32,1262.0,1054895.72
Norway,2020,12120.81,985.962,4807555.24
Oman,2020,1.6,1458.93,1661790.1400000001
Pakistan,2020,3088.53,36673.0,214234460.61
Palestine,2020,11.1,407.8636,290922.3
Panama,2020,4629.68,2174.1,4768553.78
Papua New Guinea,2020,34047.71,1405.0,275342.13
Paraguay,2020,15115.94,20959.1654,37986104.24
Peru,2020,68656.45,24480.9895,19592724.490000002
Philippines,2020,7226.39,12659.0,11336401.780000001
Poland,2020,9464.2,14733.0,37476082.0
Portugal,2020,3334.39,3954.2556,7280269.0
Puerto Rico,2020,462.11,168.9,865337.25
Qatar,2020,1.4,74.0,154860.7
Republic of Korea,2020,6298.0,1621.0,13885507.36
Republic of Moldova,2020,373.2,2471.1,662994.96
Romania,2020,6929.05,13049.0,11154730.0
Russian Federation,2020,828432.2,215494.0,108406009.81
Rwanda,2020,561.83,1958.6,5758020.5600000005
Saint Kitts and Nevis,2020,11.0,6.0,5077.12
Saint Lucia,2020,32.59,9.94,32615.18
Saint Vincent and the Grenadines,2020,28.56,7.0,9950.58
Samoa,2020,162.16,49.41,104774.35
Sao Tome and Principe,2020,55.15,42.0,9493.07
Saudi Arabia,2020,2768.05,173637.787,5111463.0
Senegal,2020,8727.02,9430.0,10377081.67
Serbia,2020,3276.8,3482.0,5058767.67
Seychelles,2020,27.61,1.55,2023.94
Sierra Leone,2020,2534.9,3949.0,1672983.93
Singapore,2020,15.8,0.66,1183.5
Slovakia,2020,1931.22,1883.0,2083735.0
Slovenia,2020,1243.83,610.49,2210369.0
Solomon Islands,2020,2517.6,104.6,53599.96
Somalia,2020,5209.5,44128.1,13384123.27
South Africa,2020,22443.59,96341.0,43903932.31
South Sudan,2020,7152.5,28250.7,42494585.15
Spain,2020,18982.06,26142.6381,32058290.0
Sri Lanka,2020,2145.41,2812.0,3972871.24
Sudan,2020,22851.1,112665.0,89573200.3
Suriname,2020,14765.46,80.0,116625.9
Sweden,2020,27934.0,3006.0,7776661.0
Switzerland,2020,1257.86,1502.4369,9969917.31
Syrian Arab Republic,2020,527.65,13913.376,5373435.279999999
Tajikistan,2020,423.0,3862.7,10804193.27
Thailand,2020,20337.56,23271.8997,15811715.85
Timor-Leste,2020,1058.57,341.4,676889.05
Togo,2020,1209.26,3820.0,1215938.06
Tonga,2020,8.73,35.0,32904.57
Trinidad and Tobago,2020,228.17,54.0,114368.6
Tunisia,2020,699.0,9700.5,4008378.0
Turkmenistan,2020,2330.0,39736.7,12974286.93
Uganda,2020,2508.16,14415.0,41862577.0
Ukraine,2020,9900.0,41311.0,25412362.82
United Arab Emirates,2020,322.9,389.8,617392.42
United Kingdom of Great Britain and Northern Ireland,2020,3215.0,17259.2981,49261911.11
United Republic of Tanzania,2020,45745.0,39521.2,95212397.88
United States of America,2020,309255.0,423821.4373,446812366.63
Uruguay,2020,1932.03,14063.4,34111080.92
Uzbekistan,2020,3689.0,25682.5,64975005.1
Vanuatu,2020,919.36,187.0,228652.19
Venezuela (Bolivarian Republic of),2020,47334.7,21500.0,44003776.45
Viet Nam,2020,14677.22,12360.0,24022302.0
Yemen,2020,549.0,23452.0,9266991.620000001
Zambia,2020,45360.07,23839.0,13034201.04
Zimbabwe,2020,14031.01,16176.8909,21752546.73
World,2020,4165239.89,4804946.2147,5562274362.74
Africa,2020,676859.43,1169624.5724,1039401562.7
Eastern Africa,2020,199232.49,335493.6742,513681763.84000003
Middle Africa,2020,323598.71,158443.5989,128157797.18
Northern Africa,2020,31682.89,217889.7594,139346740.93
Southern Africa,2020,46695.06,164558.4,55615833.269999996
Western Africa,2020,75650.28,293239.14,202600151.45
Americas,2020,1648048.65,1148054.3239,1819880081.4299998
Northern America,2020,678125.14,481184.2473,496210105.03
Central America,2020,91144.88,118645.8982,176224266.19
Caribbean,2020,8353.63,11535.8551,25781453.619999997
South America,2020,870425.0,536688.3233,1121664974.57
Asia,2020,623929.92,1658437.181,1877614232.6100001
Central Asia,2020,11148.17,293798.9,123782103.19
Eastern Asia,2020,272164.48,642776.1669,438079138.22
Southern Asia,2020,100285.97,317105.8328,1030322982.97
South-eastern Asia,2020,208075.61,132842.4616,140980470.51999998
Western Asia,2020,32255.69,271913.8197,144450234.72
Europe,2020,1033099.26,460506.7508,667158481.9200001
Eastern Europe,2020,874749.08,310709.6436,225407487.3
Northern Europe,2020,75379.44,38566.8871,118027982.58
Southern Europe,2020,47885.81,58795.1065,98068624.43
Western Europe,2020,35084.93,52435.1136,225655220.6
Oceania,2020,183302.63,368323.3866,158220877.07
Australia and New Zealand,2020,143256.91,365930.0,156924179.09
Melanesia,2020,39490.72,2192.23,1092946.96
Micronesia,2020,169.25,67.24,43370.03
Polynesia,2020,385.75,133.9166,160842.98
European Union (27),2020,160800.56,162877.0095,431867495.65
Least Developed Countries (LDCs),2020,570569.3,825288.7702,935159639.0799999
Land Locked Developing Countries (LLDCs),2020,302828.13,841177.6704,765485895.72
Small Island Developing States (SIDS),2020,86314.88,16416.8632,30635144.55
Low Income Food Deficit Countries (LIFDCs),2020,481892.37,849583.8205,1002096507.6700001
Net Food Importing Developing Countries (NFIDCs),2020,784561.71,1205729.238,1393238638.49
Afghanistan,2021,1209.44,38313.0,18579902.39
Albania,2021,941.0,1136.33,2940066.96
Algeria,2021,1694.056,41277.0,9531850.55
Angola,2021,65302.45,45917.0,13541252.780000001
Antigua and Barbuda,2021,8.054,9.0,14962.19
Argentina,2021,47316.072,117978.0,176617313.96
Armenia,2021,334.036,1674.82,4572323.3
Australia,2021,133345.222,363519.0,87018612.47
Austria,2021,3892.638,2602.4884,10887512.0
Azerbaijan,2021,1171.684,4780.6,14044112.27
Bahamas,2021,509.86,13.0,3570.13
Bahrain,2021,2.45,8.1,58240.130000000005
Bangladesh,2021,1877.372,9418.0,81338374.28
Barbados,2021,6.3,10.0,32365.02
Belarus,2021,8869.52,8174.0,25059967.77
Belgium,2021,670.52,1365.67,12911332.0
Belize,2021,1345.178,182.0,250160.64
Benin,2021,3282.798,4623.4245,5568229.74
Bhutan,2021,2708.676,520.0,800419.88
Bolivia (Plurinational State of),2021,55329.31,38655.1642,27673657.560000002
Bosnia and Herzegovina,2021,2157.92,2263.0,1588770.74
Botswana,2021,15730.2,25862.0,3332791.7199999997
Brazil,2021,499110.832,236782.8,675584478.76
Brunei Darussalam,2021,380.0,13.4,61782.35
Bulgaria,2021,3908.6,5047.0,2819826.0
Burkina Faso,2021,3716.41,14410.7582,26638434.12
Burundi,2021,279.64,2103.0,2740318.16
Cabo Verde,2021,48.58,79.0,90636.77
Cambodia,2021,7568.106,6125.2397,8266523.72
Cameroon,2021,19611.044,9854.9286,15722519.1
Canada,2021,368858.114,56991.0,50258586.32
Central African Republic,2021,45280.966,5610.1,12390797.879999999
Chad,2021,4122.976,50338.0,85097764.43
Chile,2021,18181.436,10817.9961,12418788.62
China,2021,220709.0,521298.0,397812162.39
"China, mainland",2021,220709.0,520507.0,396698512.0
Colombia,2021,59989.996,43014.3333,83823168.37
Comoros,2021,32.97,133.0,171662.87
Congo,2021,21797.8,10672.6,819706.98
Cook Islands,2021,15.59,1.9,810.01
Costa Rica,2021,2975.568,1702.4776,8021832.6899999995
Croatia,2021,1940.92,1476.0,2243033.0
Cuba,2021,3613.62,6401.0,9557185.8
Cyprus,2021,172.372,121.6063,591758.0
Czechia,2021,2932.2,3529.797,7433328.0
Democratic People's Republic of Korea,2021,7682.506,2596.0,1865253.17
Democratic Republic of the Congo,2021,140320.618,33881.1833,3563992.75
Denmark,2021,634.68,2618.0,11111180.0
Djibouti,2021,5.89,1703.8,897774.49
Dominica,2021,57.526,25.0,55558.03
Dominican Republic,2021,2230.972,2526.0934,9581253.92
Ecuador,2021,12430.936,5470.0,15656013.48
Egypt,2021,4.086,4031.0,19200217.33
El Salvador,2021,681.496,1195.7,2869896.0700000003
Equatorial Guinea,2021,2440.06,104.92,12875.83
Eritrea,2021,1465.94,7592.0,6120360.58
Estonia,2021,2444.446,987.0,1589766.0
Eswatini,2021,439.07,1195.0,1557350.0
Ethiopia,2021,26762.78,38770.341,161085416.69
Faroe Islands,2021,0.08,96.07,13842.54
Fiji,2021,1118.072,311.6,308348.28
Finland,2021,22543.0,2268.0,5356440.0
France,2021,17437.4,28425.1539,82000249.0
French Guiana,2021,7998.67,36.341,0.0
French Polynesia,2021,149.46,31.0461,22885.309999999998
Gabon,2021,23582.238,2153.236,131288.6
Gambia,2021,235.606,634.0,737842.01
Georgia,2021,3100.5,2379.9,3854241.95
Germany,2021,11462.2,16591.0,72583051.0
Ghana,2021,6913.48,12603.74,5950601.84
Greece,2021,4762.8,5711.9286,2631715.0
Grenada,2021,17.7,8.0,19064.29
Guadeloupe,2021,74.52,47.03,0.0
Guatemala,2021,3588.41,4612.0,14459135.8
Guinea,2021,5125.302,17336.3621,21365537.560000002
Guinea-Bissau,2021,2116.542,839.3548,1839795.95
Guyana,2021,18407.71,720.0,346982.6
Haiti,2021,366.5,1795.0,4661031.1
Honduras,2021,6062.21,3576.0,8455803.11
Hungary,2021,2063.074,5043.6886,4680831.0
Iceland,2021,57.624,1872.0,438660.45999999996
India,2021,72395.0,178542.3333,673658010.0
Indonesia,2021,95643.38,54800.5508,46366472.980000004
Iran (Islamic Republic of),2021,10751.0,47067.0,28596250.83
Iraq,2021,718.966,9483.1,5700854.4
Ireland,2021,801.226,4337.0,31607282.0
Israel,2021,142.0,539.0,4894723.98
Italy,2021,9372.0,12403.0309,39863110.0
Jamaica,2021,600.766,417.0,461513.67
Japan,2021,24916.8,4659.0,21233849.689999998
Jordan,2021,70.7,1023.0,1251439.33
Kazakhstan,2021,3464.91,214265.7,27498867.7
Kenya,2021,3655.93,28696.101,63871906.51
Kuwait,2021,6.3,150.0,171069.7
Kyrgyzstan,2021,1255.224,10366.1,8654224.66
Lao People's Democratic Republic,2021,13177.376,2210.4,7209983.42
Latvia,2021,3440.696,1970.0,2249580.0
Lebanon,2021,140.936,681.6197,1479969.65
Lesotho,2021,34.52,2229.4,905426.25
Liberia,2021,6488.84,1923.04,141674.81
Libya,2021,206.666,15350.0,784920.21
Lithuania,2021,2205.02,2937.8,3677170.0
Luxembourg,2021,88.7,132.8018,999046.0
Madagascar,2021,10419.192,40895.0,16738495.45
Malawi,2021,2199.7,6050.0,6618529.02
Malaysia,2021,19124.74,8571.0,2098549.9
Mali,2021,10881.434,43236.683,30112938.39
Malta,2021,0.462,8.75,90016.0
Martinique,2021,52.366,30.189,0.0
Mauritania,2021,1008.61,39710.0,5523035.0
Mauritius,2021,38.29,86.0,41605.2
Mexico,2021,66776.654,100125.8815,124947932.28999999
Micronesia (Federated States of),2021,64.45,5.0,42547.79
Mongolia,2021,14178.33,112419.5695,15486703.33
Montenegro,2021,827.0,255.56,423363.87
Morocco,2021,5694.084,29917.7368,16816747.72
Mozambique,2021,33311.012,41500.632,4979527.27
Myanmar,2021,28254.168,12980.0,27843731.29
Namibia,2021,8045.536,38812.0,5900294.49
Nepal,2021,6199.93,3772.9584,22363141.0
Netherlands (Kingdom of the),2021,367.53,1812.0,31984375.0
New Caledonia,2021,892.61,184.03,224135.58000000002
New Zealand,2021,10032.838,10175.0,66973611.980000004
Nicaragua,2021,4869.204,5091.0,17034711.240000002
Niger,2021,1074.78,46598.5,38651687.03
Nigeria,2021,17637.488,68914.2862,57789088.51
Niue,2021,18.87,4.8,579.79
North Macedonia,2021,1039.076,1260.0,872311.28
Norway,2021,12118.376,985.0,4890804.41
Oman,2021,1.6,1466.22,1695942.08
Pakistan,2021,3109.316,36014.0,221793043.59
Palestine,2021,11.1,391.2,635565.6
Panama,2021,4626.666,2181.316,4847698.1899999995
Papua New Guinea,2021,34043.96,1405.0,275476.95
Paraguay,2021,14952.23,21164.6411,38780650.870000005
Peru,2021,68357.112,25098.689,20321170.38
Philippines,2021,7268.84,12683.0,11737438.54
Poland,2021,9470.36,14499.7,37695867.0
Portugal,2021,3340.038,3962.2955,7274518.0
Puerto Rico,2021,456.9,168.9,851296.06
Qatar,2021,1.4,74.0,164724.81
Republic of Korea,2021,6294.226,1603.0,14336042.32
Republic of Moldova,2021,372.62,2469.0,624657.12
Romania,2021,6934.666,13079.0,10967013.0
Russian Federation,2021,829271.746,215494.0,108070626.49000001
Rwanda,2021,576.39,2004.46,5390283.49
Saint Kitts and Nevis,2021,11.0,6.0,4923.360000000001
Saint Lucia,2021,32.64,9.94,32624.83
Saint Vincent and the Grenadines,2021,28.56,7.0,9182.81
Samoa,2021,161.68,49.41,125966.1
Sao Tome and Principe,2021,55.176,43.0,10170.51
Saudi Arabia,2021,2769.55,173637.417,5179526.0
Senegal,2021,8711.48,9511.0,10436756.219999999
Serbia,2021,3316.48,3485.0,4999949.95
Seychelles,2021,27.392,1.55,2442.91
Sierra Leone,2021,2515.174,3949.0,1971538.32
Singapore,2021,15.8,0.66,1177.42
Slovakia,2021,1933.074,1856.0,2068229.0
Slovenia,2021,1243.774,610.96,2237134.0
Solomon Islands,2021,2516.866,108.9,53797.72
Somalia,2021,5133.55,44128.0,13032753.5
South Africa,2021,22531.156,96341.0,43910229.58
South Sudan,2021,7154.0,28252.7,42572598.03
Spain,2021,19012.204,26228.4464,32513171.0
Sri Lanka,2021,2140.466,2812.0,4019078.0
Sudan,2021,22676.96,112665.0,87361161.24000001
Suriname,2021,14747.208,78.0,113965.33
Sweden,2021,27934.0,3003.0,7683096.0
Switzerland,2021,1259.692,1499.3783,9970596.620000001
Syrian Arab Republic,2021,527.682,13770.977,5244890.98
Tajikistan,2021,423.3,3856.8,11025822.27
Thailand,2021,20199.544,23500.0,15702943.15
Timor-Leste,2021,1057.722,341.4,621425.1799999999
Togo,2021,1212.3,3820.0,1239162.7
Tonga,2021,8.73,35.0,32850.51
Trinidad and Tobago,2021,227.746,54.0,113695.06
Tunisia,2021,696.698,9700.5,3975929.46
Turkmenistan,2021,2330.0,39734.3,12932365.83
Uganda,2021,2480.062,14415.0,42627254.0
Ukraine,2021,9938.0,41311.0,23509759.439999998
United Arab Emirates,2021,323.236,391.5615,670092.49
United Kingdom of Great Britain and Northern Ireland,2021,3227.6,17215.141,49123417.78
United Republic of Tanzania,2021,45276.0,39521.2,99592919.71000001
United States of America,2021,309183.0,422680.9024,452232584.5
Uruguay,2021,1950.424,14070.0,37798014.75
Uzbekistan,2021,3730.038,25690.6,67191424.64
Vanuatu,2021,916.976,187.0,231079.63
Venezuela (Bolivarian Republic of),2021,47285.408,21500.0,44012859.45
Viet Nam,2021,14699.792,12360.0,24327520.0
Yemen,2021,549.0,23452.0,10108069.379999999
Zambia,2021,45262.914,23839.0,13866636.04
Zimbabwe,2021,13978.01,16173.8679,23577251.41
World,2021,4160234.958,4813413.9874,5621152742.3
Africa,2021,674013.518,1171925.7371,1041390913.55
Eastern Africa,2021,198146.484,335928.0519,503925195.32
Middle Africa,2021,322513.328,158574.9679,131289157.88
Northern Africa,2021,31504.962,217945.2367,137669736.51999998
Southern Africa,2021,46780.482,164439.4,55605221.06
Western Africa,2021,75068.262,295038.0805,212902328.8
Americas,2021,1643388.562,1146646.0046,1841916206.17
Northern America,2021,678043.302,479917.3124,502490797.82
Central America,2021,90925.386,118666.3751,180885765.01999998
Caribbean,2021,8362.53,11546.1524,25395729.23
South America,2021,866057.344,536516.1647,1133144649.1
Asia,2021,625149.674,1658654.0332,1920802694.93
Central Asia,2021,11203.472,293913.5,127301865.09
Eastern Asia,2021,273780.862,642575.5695,450732977.89
Southern Asia,2021,100394.92,316465.1917,1051147560.97
South-eastern Asia,2021,207389.468,133585.6505,144235542.93
Western Asia,2021,32380.952,272114.1215,147385445.05
Europe,2021,1034261.44,460095.9864,661735312.53
Eastern Europe,2021,875693.86,310503.1856,223206818.47
Northern Europe,2021,75410.418,38336.781,118048309.33
Southern Europe,2021,47972.846,58822.3576,98205981.65
Western Europe,2021,35184.316,52433.6623,222275040.09
Oceania,2021,183421.764,376092.2261,155308498.09
Australia and New Zealand,2021,143378.55,373695.0,153992005.45
Melanesia,2021,39488.484,2196.53,1092045.17
Micronesia,2021,169.37,67.24,42547.79
Polynesia,2021,385.36,133.4561,182388.71
European Union (27),2021,161008.6,162628.1173,429805368.53999996
Least Developed Countries (LDCs),2021,567301.562,826736.6369,944571954.45
Land Locked Developing Countries (LLDCs),2021,301850.032,842242.4632,775471059.2
Small Island Developing States (SIDS),2021,86283.212,16446.9433,30199953.23
Low Income Food Deficit Countries (LIFDCs),2021,479807.336,850826.0717,1005939555.55
Net Food Importing Developing Countries (NFIDCs),2021,780887.84,1207749.4443,1403293228.01
Afghanistan,2022,1209.44,38313.0,18801478.189999998
Albania,2022,941.0,1135.6,2752836.7
Algeria,2022,1693.382,41326.4,9567192.52
Angola,2022,64792.42,46062.0,13625912.1
Antigua and Barbuda,2022,7.988,9.0,14581.89
Argentina,2022,47136.554,118848.0,179066024.57
Armenia,2022,334.052,1652.8,4233080.97
Australia,2022,133399.314,363519.0,85517828.81
Austria,2022,3895.456,2597.4477,10981599.0
Azerbaijan,2022,1182.178,4780.5,14175280.6
Bahamas,2022,509.86,13.0,3576.44
Bahrain,2022,2.93,8.1,57954.119999999995
Bangladesh,2022,1876.384,9427.0,82769858.41
Barbados,2022,6.3,10.0,32829.7
Belarus,2022,8895.99,8094.0,25190727.35
Belgium,2022,670.52,1359.0,12946675.0
Belize,2022,1337.646,182.0,254960.22999999998
Benin,2022,3245.416,4855.7123,6080064.04
Bhutan,2022,2700.192,523.5,741113.73
Bolivia (Plurinational State of),2022,55089.55,38815.3989,28718804.9
Bosnia and Herzegovina,2022,2158.96,1117.0,1580206.55
Botswana,2022,15730.2,25862.0,3731872.2800000003
Brazil,2022,495854.784,236758.8,703623262.47
Brunei Darussalam,2022,380.0,13.4,30067.87
Bulgaria,2022,3921.2,5022.0,2719955.0
Burkina Faso,2022,3596.55,14596.4887,27063278.92
Burundi,2022,279.64,2126.5085,2778523.05
Cabo Verde,2022,49.2,79.0,90833.77
Cambodia,2022,7259.372,6144.9397,8083687.76
Cameroon,2022,19494.088,9875.9143,15806325.719999999
Canada,2022,368848.298,57077.0,49988972.97
Central African Republic,2022,45234.442,5633.1,12615659.89
Chad,2022,3995.062,50338.0,91326534.08
Chile,2022,18176.552,10637.2991,11963478.55
China,2022,222320.0,521197.0,413107574.63
"China, mainland",2022,222320.0,520413.0,411969342.0
Colombia,2022,59856.712,41763.0,84063634.31
Comoros,2022,33.07,133.0,171960.5
Congo,2022,21811.8,10651.3,815234.47
Cook Islands,2022,15.59,1.9,825.22
Costa Rica,2022,2979.086,1692.3326,7216568.54
Croatia,2022,1942.24,1448.0,2136484.0
Cuba,2022,3615.81,6401.0,9458690.2
Cyprus,2022,172.204,123.0403,576963.0
Czechia,2022,2941.24,3530.423,7466988.0
Democratic People's Republic of Korea,2022,7693.862,2595.2,1838823.1099999999
Democratic Republic of the Congo,2022,140037.726,34694.085,3951087.19
Denmark,2022,636.65,2624.0,11074456.0
Djibouti,2022,5.9,1703.8,897923.4
Dominica,2022,57.482,25.0,55622.92
Dominican Republic,2022,2237.594,2636.1485,9617803.57
Ecuador,2022,12400.782,5348.0,14949811.67
Egypt,2022,4.092,4058.0,20945235.060000002
El Salvador,2022,682.332,1195.7,2764315.62
Equatorial Guinea,2022,2431.7,104.92,12932.05
Eritrea,2022,1459.96,7592.0,6143421.58
Estonia,2022,2445.022,986.0,1577825.0
Eswatini,2022,437.57,1195.0,1470131.65
Ethiopia,2022,26758.86,38456.933,164237795.26
Faroe Islands,2022,0.08,96.0,13822.67
Fiji,2022,1122.704,311.6,331311.51
Finland,2022,22543.0,2266.0,5269006.0
France,2022,17526.8,28388.5926,80212580.0
French Guiana,2022,7994.49,37.64,0.0
French Polynesia,2022,149.46,30.5555,25579.18
Gabon,2022,23575.506,2153.236,130612.66
Gambia,2022,229.072,634.0,732347.55
Georgia,2022,3100.5,2383.9,4187819.66
Germany,2022,11467.0,16595.0,71299649.0
Ghana,2022,6949.2,12603.74,6129041.48
Greece,2022,4762.8,5372.0386,2566251.0
Grenada,2022,17.7,8.0,19128.17
Guadeloupe,2022,74.79,47.042,0.0
Guatemala,2022,3575.22,4612.0,14465696.85
Guinea,2022,5058.304,17679.2885,22527382.14
Guinea-Bissau,2022,2112.304,833.0244,1863498.5899999999
Guyana,2022,18400.08,720.0,348892.74
Haiti,2022,367.9,1795.0,4667493.16
Honduras,2022,6011.99,3576.0,8482412.93
Hungary,2022,2069.148,5076.012,4556700.0
Iceland,2022,58.588,1872.0,437363.83999999997
India,2022,72481.0,178556.6667,680273503.0
Indonesia,2022,95724.86,54898.0814,47148543.82
Iran (Islamic Republic of),2022,10751.0,47067.0,27091608.39
Iraq,2022,712.362,9454.7,5821032.57
Ireland,2022,809.132,4348.0,31990555.0
Israel,2022,144.0,534.6,5073650.890000001
Italy,2022,9384.49,13000.782,39498987.0
Jamaica,2022,604.652,417.0,445511.16000000003
Japan,2022,24914.6,4635.0,21458644.990000002
Jordan,2022,70.7,1043.0,1483293.05
Kazakhstan,2022,3478.81,214265.7,26903615.29
Kenya,2022,3720.4,28743.5283,58760414.82
Kuwait,2022,6.3,150.0,173208.26
Kyrgyzstan,2022,1255.288,10597.45,8888630.08
Lao People's Democratic Republic,2022,13142.042,2259.8,7509407.84
Latvia,2022,3447.262,1970.0,2200702.0
Lebanon,2022,141.032,676.485,1514046.9
Lesotho,2022,34.52,2275.4,1477912.06
Liberia,2022,6448.26,1923.04,143458.49
Libya,2022,206.332,15350.0,842907.6799999999
Lithuania,2022,2207.85,2911.3,3718525.0
Luxembourg,2022,88.7,132.5104,993897.0
Madagascar,2022,10294.914,40895.0,15082126.66
Malawi,2022,2157.7,6050.0,6875133.52
Malaysia,2022,19064.74,8571.0,2127199.45
Mali,2022,10780.888,43275.4121,31056388.05
Malta,2022,0.464,8.75,89807.0
Martinique,2022,52.442,31.304,0.0
Mauritania,2022,1011.24,39710.0,5585037.359999999
Mauritius,2022,38.29,86.0,45996.72
Mexico,2022,66648.888,98888.975,126395705.69
Micronesia (Federated States of),2022,64.48,5.0,43069.65
Mongolia,2022,14178.33,112000.0,17659055.9
Montenegro,2022,827.0,254.0,418996.29000000004
Morocco,2022,5694.398,29370.6111,15939462.77
Mozambique,2022,33043.984,41499.332,5245619.140000001
Myanmar,2022,27964.456,12980.0,28163731.29
Namibia,2022,8044.892,38812.0,7051880.84
Nepal,2022,6216.51,3744.5,22284198.0
Netherlands (Kingdom of the),2022,367.98,1804.0,32462410.0
New Caledonia,2022,892.61,184.03,222617.66999999998
New Zealand,2022,10100.386,9747.0,64580383.66
Nicaragua,2022,4847.078,5091.0,16730699.28
Niger,2022,1069.86,46599.1,40479315.08
Nigeria,2022,17510.606,69187.4343,58211272.879999995
Niue,2022,18.87,4.8,577.78
North Macedonia,2022,1035.832,1257.0,817823.71
Norway,2022,12115.942,985.0,4877665.66
Oman,2022,1.6,1466.22,1729555.94
Pakistan,2022,3130.102,35947.0,229812401.76
Palestine,2022,11.1,391.2,502929.98
Panama,2022,4623.652,2181.316,4875386.3100000005
Papua New Guinea,2022,34040.21,1405.0,275644.43
Paraguay,2022,14788.52,21427.0,37655923.25
Peru,2022,68057.774,24385.56,20470042.15
Philippines,2022,7311.29,12640.2,11663189.81
Poland,2022,9476.52,14176.0,37844852.0
Portugal,2022,3345.686,3919.7575,7118293.0
Puerto Rico,2022,451.69,168.9,773537.9
Qatar,2022,1.4,74.0,128197.88
Republic of Korea,2022,6290.452,1584.0,14881323.21
Republic of Moldova,2022,372.04,2465.0,575492.75
Romania,2022,6940.282,12678.0,10927154.0
Russian Federation,2022,830111.292,215494.0,106664198.78999999
Rwanda,2022,590.95,1974.5073,5140763.76
Saint Kitts and Nevis,2022,11.0,6.0,4803.63
Saint Lucia,2022,32.69,9.94,32536.949999999997
Saint Vincent and the Grenadines,2022,28.56,7.0,9726.76
Samoa,2022,161.2,49.41,121741.05
Sao Tome and Principe,2022,55.202,43.0,10888.88
Saudi Arabia,2022,2771.05,173637.417,5150606.77
Senegal,2022,8695.94,9511.0,10441492.05
Serbia,2022,3356.16,3469.0,4824728.08
Seychelles,2022,27.174,1.55,2315.37
Sierra Leone,2022,2495.448,3949.0,1747550.15
Singapore,2022,15.8,0.66,1176.44
Slovakia,2022,1934.928,1849.0,2060887.0
Slovenia,2022,1243.718,610.72,2175274.0
Solomon Islands,2022,2516.132,107.3,54011.19
Somalia,2022,5057.6,44129.0,12757957.7
South Africa,2022,22618.722,96341.0,43536573.89
South Sudan,2022,7155.5,28252.7,42540501.379999995
Spain,2022,19042.348,26663.3633,32291932.0
Sri Lanka,2022,2135.522,2812.0,3977102.44
Sudan,2022,22502.82,112665.0,84788733.17
Suriname,2022,14728.956,72.0,109516.48
Sweden,2022,27934.0,2995.0,7665645.0
Switzerland,2022,1261.524,1496.2808,9873182.379999999
Syrian Arab Republic,2022,527.714,13606.0,5113871.17
Tajikistan,2022,423.6,3896.2,11253468.27
Thailand,2022,20061.528,23500.0,15497203.629999999
Timor-Leste,2022,1056.874,341.4,652515.88
Togo,2022,1215.34,3820.0,1340886.81
Tonga,2022,8.73,35.0,32879.94
Trinidad and Tobago,2022,227.322,54.0,113601.31
Tunisia,2022,694.396,9700.5,3907821.18
Turkmenistan,2022,2330.0,39734.3,13133127.48
Uganda,2022,2451.964,14415.0,43227862.75
Ukraine,2022,9976.0,41311.0,21132045.29
United Arab Emirates,2022,323.572,391.5615,671155.74
United Kingdom of Great Britain and Northern Ireland,2022,3240.2,17414.5186,49326670.0
United Republic of Tanzania,2022,44807.0,39521.2,103482819.77
United States of America,2022,309111.0,421540.3674,450646382.81
Uruguay,2022,1968.818,14154.485,36581000.65
Uzbekistan,2022,3771.076,25769.0,68824850.59
Vanuatu,2022,914.592,187.0,238408.47
Venezuela (Bolivarian Republic of),2022,47236.116,21500.0,45366324.33
Viet Nam,2022,14722.364,12315.0,24405517.0
Yemen,2022,549.0,23452.0,9662210.25
Zambia,2022,45165.758,23839.0,15016110.82
Zimbabwe,2022,13925.01,16169.4444,24118564.9
World,2022,4155230.026,4809931.6448,5686251379.35
Africa,2022,671167.606,1173195.8766,1056504550.1800001
Eastern Africa,2022,197060.478,335650.3036,506523278.15999997
Middle Africa,2022,321427.946,159555.5553,138293972.04
Northern Africa,2022,31327.034,217474.5111,135990276.4
Southern Africa,2022,46865.904,164485.4,57267491.72
Western Africa,2022,74486.244,296030.1067,218430249.87
Americas,2022,1638728.474,1143544.6186,1869979818.06
Northern America,2022,677961.464,478862.7774,500634970.78
Central America,2022,90705.892,117419.3236,181184339.46
Caribbean,2022,8371.43,11657.3345,25246929.78
South America,2022,861689.688,535605.183,1162914311.05
Asia,2022,626369.428,1658661.4215,1953984572.13
Central Asia,2022,11258.774,294262.65,129002854.7
Eastern Asia,2022,275397.244,642011.2,468944374.86
Southern Asia,2022,100503.87,316396.5667,1065750597.91
South-eastern Asia,2022,206703.326,133664.4811,145280189.8
Western Asia,2022,32506.214,272326.5238,145007254.86
Europe,2022,1035423.62,458867.5925,654340567.4200001
Eastern Europe,2022,876638.64,309695.435,219408868.28
Northern Europe,2022,75441.396,38517.0886,118466257.06
Southern Europe,2022,48059.882,58277.0675,96804425.9
Western Europe,2022,35283.702,52378.0014,219661844.18
Oceania,2022,183540.898,375662.1355,151442756.56
Australia and New Zealand,2022,143500.19,373267.0,150097990.47
Melanesia,2022,39486.248,2194.93,1121237.26
Micronesia,2022,169.49,67.24,43069.65
Polynesia,2022,384.97,132.9655,180942.16999999998
European Union (27),2022,161216.64,162454.7372,426436847.06
Least Developed Countries (LDCs),2022,564033.824,828285.3714,963098741.9200001
Land Locked Developing Countries (LLDCs),2022,300871.934,842559.7429,795326580.05
Small Island Developing States (SIDS),2022,86251.544,16543.7045,30142028.439999998
Low Income Food Deficit Countries (LIFDCs),2022,477722.302,852379.3688,1018475873.6700001
Net Food Importing Developing Countries (NFIDCs),2022,777213.97,1207684.2718,1430732347.6
Afghanistan,2023,1209.44,38116.0,18924812.07
Albania,2023,941.0,1044.6,2577061.9
Algeria,2023,1692.708,41344.7,9822548.64
Angola,2023,64282.39,46063.0,13722245.120000001
Antigua and Barbuda,2023,7.922,9.0,13439.3
Argentina,2023,46957.036,116136.3431,184401500.78
Armenia,2023,334.068,1652.3,3850699.5300000003
Australia,2023,133453.406,363243.6782,102150186.94
Austria,2023,3898.274,2597.263,10579630.0
Azerbaijan,2023,1192.672,4779.6,14142129.21
Bahamas,2023,509.86,13.0,3586.74
Bahrain,2023,3.41,8.1,56240.8
Bangladesh,2023,1875.396,9399.0,84119200.78
Barbados,2023,6.3,10.0,32128.88
Belarus,2023,8922.46,8034.0,24980316.62
Belgium,2023,670.52,1353.3,13046861.0
Belize,2023,1330.114,182.0,255192.97
Benin,2023,3208.034,4716.7523,6604481.08
Bhutan,2023,2691.708,527.0,656611.98
Bolivia (Plurinational State of),2023,54849.79,38815.3989,29949398.41
Bosnia and Herzegovina,2023,2160.0,1113.0,1558180.25
Botswana,2023,15730.2,25862.0,3441373.4699999997
Brazil,2023,492598.736,236758.8,727337144.3
Brunei Darussalam,2023,380.0,13.4,16634.76
Bulgaria,2023,3933.8,5002.99,2486755.0
Burkina Faso,2023,3476.69,14610.7887,27325218.310000002
Burundi,2023,279.64,2154.2068,2868405.5300000003
Cabo Verde,2023,49.82,79.0,91029.82
Cambodia,2023,6950.638,6154.3397,7870237.66
Cameroon,2023,19377.132,9896.9,15886642.66
Canada,2023,368838.482,56875.0,49195927.29
Central African Republic,2023,45187.918,5668.8,12827819.75
Chad,2023,3867.148,50337.3,96112048.93
Chile,2023,18171.668,10697.537,11815362.7
China,2023,223931.0,521196.0,428818997.75
"China, mainland",2023,223931.0,520413.0,427683512.0
Colombia,2023,59723.428,40483.0,83077868.53
Comoros,2023,33.17,133.0,172258.19
Congo,2023,21825.8,10651.4,814065.53
Cook Islands,2023,15.59,1.9,847.4300000000001
Costa Rica,2023,2982.604,1692.3326,7965098.0600000005
Croatia,2023,1943.56,1486.0,2045639.0
Cuba,2023,3618.0,6401.0,9191989.2
Cyprus,2023,172.036,128.9963,588197.0
Czechia,2023,2950.28,3534.414,7586118.0
Democratic People's Republic of Korea,2023,7705.218,2595.3,1845157.6099999999
Democratic Republic of the Congo,2023,139754.834,35095.6638,4379935.02
Denmark,2023,638.62,2621.0,10997877.0
Djibouti,2023,5.91,1703.9,902240.02
Dominica,2023,57.438,25.0,55687.85
Dominican Republic,2023,2244.216,2667.9089,9648790.94
Ecuador,2023,12370.628,5350.0,14693512.030000001
Egypt,2023,4.098,4058.0,20094384.63
El Salvador,2023,683.168,1195.7,2724380.2199999997
Equatorial Guinea,2023,2423.34,104.72,12984.24
Eritrea,2023,1453.98,7592.0,6165859.24
Estonia,2023,2445.598,988.0,1595470.0
Eswatini,2023,436.07,1195.0,1449971.82
Ethiopia,2023,26754.94,38456.933,171922787.76999998
Faroe Islands,2023,0.08,96.07,13802.43
Fiji,2023,1127.336,311.6,394617.35
Finland,2023,22543.0,2262.0,5207266.0
France,2023,17616.2,28297.245,78114382.0
French Guiana,2023,7990.31,42.004,0.0
French Polynesia,2023,149.46,30.065,21769.14
Gabon,2023,23568.774,2153.236,130124.19
Gambia,2023,222.538,634.0,726040.35
Georgia,2023,3100.5,2371.9,3979231.76
Germany,2023,11471.8,16586.0,72518442.0
Ghana,2023,6984.92,12603.74,6254123.33
Greece,2023,4762.8,5372.0387,2651785.0
Grenada,2023,17.7,8.0,19254.17
Guadeloupe,2023,75.06,46.585,0.0
Guatemala,2023,3562.03,4612.0,14400282.9
Guinea,2023,4991.306,17993.891,21381368.9
Guinea-Bissau,2023,2108.066,840.5305,1888934.08
Guyana,2023,18392.45,720.0,347310.69
Haiti,2023,369.3,1795.0,4696154.53
Honduras,2023,5961.77,3576.0,8508771.49
Hungary,2023,2075.222,5083.046,4438509.0
Iceland,2023,59.552,1638.0,440567.04000000004
India,2023,72567.0,178571.0,691707764.0
Indonesia,2023,95806.34,55122.203,47010945.9
Iran (Islamic Republic of),2023,10751.0,47067.0,25796602.29
Iraq,2023,705.758,9477.4,5944361.9
Ireland,2023,817.038,4189.0,31375291.0
Israel,2023,146.0,536.7,5070564.49
Italy,2023,9396.98,13087.557,38065664.0
Jamaica,2023,608.538,417.0,447118.43
Japan,2023,24912.4,4607.0,21334904.39
Jordan,2023,70.7,1024.0,1117674.1400000001
Kazakhstan,2023,3492.71,214265.7,27555824.94
Kenya,2023,3784.87,28768.6669,61428603.91
Kuwait,2023,6.3,150.0,174418.13999999998
Kyrgyzstan,2023,1255.352,10358.844,8877123.21
Lao People's Democratic Republic,2023,13106.708,2287.2,7813796.12
Latvia,2023,3453.828,1971.0,2175591.0
Lebanon,2023,141.128,674.2138,1473538.97
Lesotho,2023,34.52,2360.748,1143576.1600000001
Liberia,2023,6407.68,1923.04,145532.54
Libya,2023,205.998,15350.0,830587.85
Lithuania,2023,2210.68,2873.0,3658120.0
Luxembourg,2023,88.7,132.9982,1004134.0
Madagascar,2023,10170.636,40895.0,17925340.02
Malawi,2023,2115.7,6050.0,7159710.27
Malaysia,2023,19004.74,8571.0,2123198.56
Mali,2023,10680.342,43279.4888,31845902.84
Malta,2023,0.466,8.291,88908.0
Martinique,2023,52.518,31.223,0.0
Mauritania,2023,1013.87,39710.0,5547388.92
Mauritius,2023,38.29,85.9574,45136.8
Mexico,2023,66521.122,98545.4116,127823279.94
Micronesia (Federated States of),2023,64.51,5.0,43641.39
Mongolia,2023,14178.33,107467.2457,17609869.25
Montenegro,2023,827.0,263.52,414503.12
Morocco,2023,5694.712,29788.2659,15256454.41
Mozambique,2023,32776.956,41512.332,5490341.45
Myanmar,2023,27674.744,12997.332,28145731.29
Namibia,2023,8044.248,38812.0,8272711.46
Nepal,2023,6233.09,3744.1,14712345.0
Netherlands (Kingdom of the),2023,368.43,1803.0,32722414.0
New Caledonia,2023,892.61,184.03,221740.34999999998
New Zealand,2023,10167.934,9711.0,64845074.269999996
Nicaragua,2023,4824.952,5091.0,16708167.969999999
Niger,2023,1064.94,46598.5,38686089.91
Nigeria,2023,17383.724,69398.2088,58271674.78
Niue,2023,18.87,4.8,574.78
North Macedonia,2023,1032.588,1251.0,678131.23
Norway,2023,12113.508,982.0,4762298.85
Oman,2023,1.6,1471.73,1760973.87
Pakistan,2023,3150.888,35995.0,238129091.54
Palestine,2023,11.1,391.2,530237.96
Panama,2023,4620.638,2189.9662,4776742.2
Papua New Guinea,2023,34036.46,1405.0,275811.45
Paraguay,2023,14624.81,21427.0,36488863.79
Peru,2023,67758.436,24385.56,20562651.45
Philippines,2023,7353.74,12722.6,11631266.71
Poland,2023,9482.68,14580.0,37670299.0
Portugal,2023,3351.334,3969.9597,6929237.0
Puerto Rico,2023,446.48,168.9,815265.22
Qatar,2023,1.4,74.0,113958.51000000001
Republic of Korea,2023,6286.678,1568.0,14878613.54
Republic of Moldova,2023,371.46,2440.0,569984.06
Romania,2023,6945.898,12715.0,10750793.0
Russian Federation,2023,830950.838,215701.0,107142911.69
Rwanda,2023,605.51,1883.131,5217639.04
Saint Kitts and Nevis,2023,11.0,6.0,4754.13
Saint Lucia,2023,32.74,9.94,32454.07
Saint Vincent and the Grenadines,2023,28.56,7.0,8952.93
Samoa,2023,160.72,48.83,121430.03
Sao Tome and Principe,2023,55.228,43.0,11647.619999999999
Saudi Arabia,2023,2772.55,173637.417,5080233.26
Senegal,2023,8680.4,9511.0,10425392.92
Serbia,2023,3395.84,3396.0,4544611.48
Seychelles,2023,26.956,1.55,1830.43
Sierra Leone,2023,2475.722,3949.0,1797470.84
Singapore,2023,15.8,0.66,1178.45
Slovakia,2023,1936.782,1825.0,2040511.0
Slovenia,2023,1243.662,611.2,2093767.0
Solomon Islands,2023,2515.398,109.2,54220.69
Somalia,2023,4981.65,44129.2,12664788.99
South Africa,2023,22706.288,96341.0,43422123.49
South Sudan,2023,7157.0,28347.2333,44118769.019999996
Spain,2023,19072.492,24772.662,31440395.0
Sri Lanka,2023,2130.578,3006.9,3950145.8
Sudan,2023,22328.68,112665.0,86413822.11
Suriname,2023,14710.704,71.432,103337.82
Sweden,2023,27934.0,2982.0,7707854.0
Switzerland,2023,1263.356,1493.2228,9917783.93
Syrian Arab Republic,2023,527.746,13606.0,5044331.2
Tajikistan,2023,423.9,3878.7,10961714.04
Thailand,2023,19923.512,22376.0,15526937.4
Timor-Leste,2023,1056.026,341.4,674419.23
Togo,2023,1218.38,3820.0,1225171.2
Tonga,2023,8.73,35.0,32906.37
Trinidad and Tobago,2023,226.898,54.0,114499.2
Tunisia,2023,692.094,9700.5,3921169.98
Turkmenistan,2023,2330.0,39578.2392,13466549.99
Uganda,2023,2423.866,14415.0,43165790.769999996
Ukraine,2023,10014.0,41311.0,19500261.82
United Arab Emirates,2023,323.908,391.7037,667545.13
United Kingdom of Great Britain and Northern Ireland,2023,3252.8,17009.4506,48942325.34
United Republic of Tanzania,2023,44338.0,39521.2,107219529.82
United States of America,2023,309039.0,421540.3674,437777698.17
Uruguay,2023,1987.212,14238.6,36611050.08
Uzbekistan,2023,3812.114,25582.0,70796338.92
Vanuatu,2023,912.208,187.0,242803.64
Venezuela (Bolivarian Republic of),2023,47186.824,21500.0,44791205.230000004
Viet Nam,2023,14744.936,12291.036,24156029.0
Yemen,2023,549.0,23452.0,9716538.24
Zambia,2023,45068.602,23839.0,15520493.84
Zimbabwe,2023,13872.01,16167.1216,24930940.74
World,2023,4150225.094,4799308.5916,5766521196.13
Africa,2023,668321.694,1175390.9435,1082128707.29
Eastern Africa,2023,195974.472,335716.46,526917961.84000003
Middle Africa,2023,320342.564,160014.0198,143896306.07999998
Northern Africa,2023,31149.106,217910.4659,136337892.62
Southern Africa,2023,46951.326,164570.748,57728883.41
Western Africa,2023,73904.226,297179.2497,217248391.35
Americas,2023,1634068.386,1139193.5946,1885391343.59
Northern America,2023,677879.626,478660.7774,486973246.46
Central America,2023,90486.398,117084.4103,183160497.79
Caribbean,2023,8380.33,11688.5569,25081535.55
South America,2023,857322.032,531759.85,1190176801.77
Asia,2023,627589.182,1652821.3603,1983634839.87
Central Asia,2023,11314.076,293663.4832,131656684.1
Eastern Asia,2023,277013.626,637433.5457,484486506.53999996
Southern Asia,2023,100612.82,316431.9,1077995900.46
South-eastern Asia,2023,206017.184,132877.1707,144968270.07
Western Asia,2023,32631.476,272415.2608,144528182.69
Europe,2023,1036585.8,456550.99,646963665.5699999
Eastern Europe,2023,877583.42,310226.45,217423253.22
Northern Europe,2023,75472.374,37659.4718,117183979.44
Southern Europe,2023,48146.918,56396.8692,93573127.85
Western Europe,2023,35383.088,52268.199,218784131.04
Oceania,2023,183660.032,375351.7032,168403527.82
Australia and New Zealand,2023,143621.83,372955.6782,166995046.21
Melanesia,2023,39484.012,2196.83,1188453.48
Micronesia,2023,169.61,67.24,43641.39
Polynesia,2023,384.58,131.955,176872.74
European Union (27),2023,161424.68,160832.9609,421514017.23
Least Developed Countries (LDCs),2023,560766.086,828884.0109,979445699.15
Land Locked Developing Countries (LLDCs),2023,299893.836,837395.579,804785591.9
Small Island Developing States (SIDS),2023,86219.876,16582.7118,30080086.25
Low Income Food Deficit Countries (LIFDCs),2023,475637.268,852549.7718,1037915595.23
Net Food Importing Developing Countries (NFIDCs),2023,773540.1,1205188.9314,1456288290.96
