Area,Year,Forest_Area,Agri_Area,Cattle_Head,Forest_Change_%,Risk_Class,Agri_Area_Lag1,Cattle_Head_Lag1
Afghanistan,1991,1209.44,38030.0,6938042.640000001,0.0,1,38040.0,6604566.640000001
Afghanistan,1992,1209.44,38030.0,7248042.640000001,0.0,1,38030.0,6938042.640000001
Afghanistan,1993,1209.44,37934.0,7857775.47,0.0,1,38030.0,7248042.640000001
Afghanistan,1994,1209.44,37813.0,8730874.72,0.0,1,37934.0,7857775.47
Afghanistan,1995,1209.44,37763.0,9854639.62,0.0,1,37813.0,8730874.72
Afghanistan,1996,1209.44,37757.0,11714053.58,0.0,1,37763.0,9854639.62
Afghanistan,1997,1209.44,37795.0,12846987.55,0.0,1,37757.0,11714053.58
Afghanistan,1998,1209.44,37868.0,13580109.81,0.0,1,37795.0,12846987.55
Afghanistan,1999,1209.44,37764.0,14520536.49,0.0,1,37868.0,13580109.81
Afghanistan,2000,1209.44,37794.0,12092063.02,0.0,1,37764.0,14520536.49
Afghanistan,2001,1209.44,37795.0,9445508.3,0.0,1,37794.0,12092063.02
Afghanistan,2002,1209.44,37790.0,15166802.64,0.0,1,37795.0,9445508.3
Afghanistan,2003,1209.44,37884.0,14969068.68,0.0,1,37790.0,15166802.64
Afghanistan,2004,1209.44,37928.0,14416347.74,0.0,1,37884.0,14969068.68
Afghanistan,2005,1209.44,37917.0,14832661.7,0.0,1,37928.0,14416347.74
Afghanistan,2006,1209.44,37910.0,15161794.91,0.0,1,37917.0,14832661.7
Afghanistan,2007,1209.44,37914.0,16379468.68,0.0,1,37910.0,15161794.91
Afghanistan,2008,1209.44,37916.0,17318412.08,0.0,1,37914.0,16379468.68
Afghanistan,2009,1209.44,37916.0,17339340.38,0.0,1,37916.0,17318412.08
Afghanistan,2010,1209.44,37917.0,19737083.77,0.0,1,37916.0,17339340.38
Afghanistan,2011,1209.44,37915.0,19506232.83,0.0,1,37917.0,19737083.77
Afghanistan,2012,1209.44,37914.0,19273496.98,0.0,1,37915.0,19506232.83
Afghanistan,2013,1209.44,37910.0,19166576.23,0.0,1,37914.0,19273496.98
Afghanistan,2014,1209.44,37910.0,19692191.35,0.0,1,37910.0,19166576.23
Afghanistan,2015,1209.44,37910.0,18552381.41,0.0,1,37910.0,19692191.35
Afghanistan,2016,1209.44,37910.0,18683729.72,0.0,1,37910.0,18552381.41
Afghanistan,2017,1209.44,37910.0,17875572.32,0.0,1,37910.0,18683729.72
Afghanistan,2018,1209.44,38010.0,18322934.24,0.0,1,37910.0,17875572.32
Afghanistan,2019,1209.44,38010.0,18385923.85,0.0,1,38010.0,18322934.24
Afghanistan,2020,1209.44,38313.0,18525238.65,0.0,1,38010.0,18385923.85
Afghanistan,2021,1209.44,38313.0,18579902.39,0.0,1,38313.0,18525238.65
Afghanistan,2022,1209.44,38313.0,18801478.19,0.0,1,38313.0,18579902.39
Afghanistan,2023,1209.44,38116.0,18924812.07,0.0,1,38313.0,18801478.19
Africa,1991,776257.77,1060552.4638,543621064.56,-0.4204887979270433,2,1057696.493,533068621.07
Africa,1992,772979.91,1066384.3902,558664320.3,-0.4222643723102437,2,1060552.4638,543621064.56
Africa,1993,769702.05,1055084.213,561080724.61,-0.42405500551754294,2,1066384.3902,558664320.3
Africa,1994,766424.19,1062077.5621,565772517.15,-0.4258608899378791,2,1055084.213,561080724.61
Africa,1995,763146.33,1069457.8831,578124115.51,-0.4276822212513909,2,1062077.5621,565772517.15
Africa,1996,759868.47,1073482.0292,589564823.13,-0.4295191985002389,2,1069457.8831,578124115.51
Africa,1997,756590.61,1077137.3677,606004993.9300001,-0.43137202416096976,2,1073482.0292,589564823.13
Africa,1998,753312.75,1079765.898,626745745.49,-0.43324090421899,2,1077137.3677,606004993.9300001
Africa,1999,750034.89,1084916.1537,654455867.45,-0.43512604824490486,2,1079765.898,626745745.49
Africa,2000,746757.03,1088649.0449,658013995.8,-0.43702766947281146,2,1084916.1537,654455867.45
Africa,2001,743370.851,1091451.4144,664143071.11,-0.4534512383499112,2,1088649.0449,658013995.8
Africa,2002,739984.672,1094082.074,682641685.04,-0.4555167848517061,2,1091451.4144,664143071.11
Africa,2003,736598.493,1100756.8338,699961412.47,-0.4576012352861314,2,1094082.074,682641685.04
Africa,2004,733212.314,1103187.973,710146434.65,-0.45970485036004316,2,1100756.8338,699961412.47
Africa,2005,729826.135,1111568.3732,734292512.14,-0.4618278955964228,2,1103187.973,710146434.65
Africa,2006,726439.956,1114177.0374,750703283.26,-0.46397064144599875,2,1111568.3732,734292512.14
Africa,2007,723053.777,1118596.4719,781323840.3,-0.4661333634021658,2,1114177.0374,750703283.26
Africa,2008,719667.598,1121579.2779,806360785.3199999,-0.46831634211904616,2,1118596.4719,781323840.3
Africa,2009,716281.419,1126993.7831,824387948.37,-0.4705198635328922,2,1121579.2779,806360785.3199999
Africa,2010,712895.24,1131688.0351,845894606.8,-0.4727442189869202,2,1126993.7831,824387948.37
Africa,2011,708763.556,1136167.7965,865929007.05,-0.5795639763284122,2,1131688.0351,845894606.8
Africa,2012,704631.872,1143813.1907,895899767.56,-0.5829425010673073,2,1136167.7965,865929007.05
Africa,2013,700500.188,1148633.5485,911779135.11,-0.5863606464852067,2,1143813.1907,895899767.56
Africa,2014,696368.504,1151306.7628,927268390.66,-0.5898191136531117,2,1148633.5485,911779135.11
Africa,2015,692236.82,1155255.4073,948319197.7,-0.593318620280392,2,1151306.7628,927268390.66
Africa,2016,689161.342,1158191.4532,969399226.98,-0.4442811926704482,2,1155255.4073,948319197.7
Africa,2017,686085.864,1161487.3896,974955478.94,-0.4462638590659651,2,1158191.4532,969399226.98
Africa,2018,683010.386,1165741.0077,990771287.7,-0.44826430063277245,2,1161487.3896,974955478.94
Africa,2019,679934.908,1166918.3488,1014026003.04,-0.4502827574864976,2,1165741.0077,990771287.7
Africa,2020,676859.43,1169624.5724,1039401562.7,-0.4523194740870706,2,1166918.3488,1014026003.04
Africa,2021,674013.518,1171925.7371,1041390913.55,-0.42045835130051223,2,1169624.5724,1039401562.7
Africa,2022,671167.606,1173195.8766,1056504550.18,-0.4222336680197003,2,1171925.7371,1041390913.55
Africa,2023,668321.694,1175390.9435,1082128707.29,-0.424024040278248,2,1173195.8766,1056504550.18
Albania,1991,786.85,1127.0,2796833.46,-0.24721095334684362,2,1121.0,2730281.38
Albania,1992,784.9,1127.0,2907697.0300000003,-0.2478236004321066,2,1127.0,2796833.46
Albania,1993,782.95,1126.0,3137229.97,-0.24843929162949863,2,1127.0,2907697.0300000003
Albania,1994,781.0,1126.0,3817644.84,-0.24905804968389234,2,1126.0,3137229.97
Albania,1995,779.05,1127.0,4103784.52,-0.2496798975672232,2,1126.0,3817644.84
Albania,1996,777.1,1131.0,4299619.38,-0.250304858481476,2,1127.0,4103784.52
Albania,1997,775.15,1135.0,3926130.83,-0.2509329558615381,2,1131.0,4299619.38
Albania,1998,773.2,1139.0,3815090.1,-0.2515642133780416,2,1135.0,3926130.83
Albania,1999,771.25,1145.0,3959578.39,-0.2521986549405164,2,1139.0,3815090.1
Albania,2000,769.3,1144.0,4120605.43,-0.2528363047001658,2,1145.0,3959578.39
Albania,2001,770.577,1139.0,4090579.16,0.16599506044456813,0,1144.0,4120605.43
Albania,2002,771.854,1140.0,4176142.73,0.1657199734744319,0,1139.0,4090579.16
Albania,2003,773.131,1121.0,4210249.87,0.1654457967439349,0,1140.0,4176142.73
Albania,2004,774.408,1122.0,4134700.68,0.16517252574272945,0,1121.0,4210249.87
Albania,2005,775.685,1077.0,4146354.24,0.16490015599011087,0,1122.0,4134700.68
Albania,2006,776.962,1120.0,4391154.08,0.16462868303499523,0,1077.0,4146354.24
Albania,2007,778.239,1119.0,4246697.11,0.16435810245547522,0,1120.0,4391154.08
Albania,2008,779.516,1181.0,3831698.68,0.1640884098586648,0,1119.0,4246697.11
Albania,2009,780.793,1201.3,3718873.39,0.1638196008805437,0,1181.0,3831698.68
Albania,2010,782.07,1201.3,3835249.24,0.16355167118558,0,1201.3,3718873.39
Albania,2011,785.092,1201.0,3876549.43,0.3864104236193544,0,1201.3,3835249.24
Albania,2012,788.114,1201.3,3608986.06,0.38492304086654716,0,1201.0,3876549.43
Albania,2013,791.136,1187.3,3620418.22,0.38344706476474144,0,1201.3,3608986.06
Albania,2014,794.158,1174.29,3629991.2,0.3819823645997644,0,1187.3,3620418.22
Albania,2015,797.18,1174.3,3739906.68,0.38052881164705177,0,1174.29,3629991.2
Albania,2016,825.944,1181.7,3706712.34,3.608218971875865,0,1174.3,3739906.68
Albania,2017,854.708,1174.281,3679221.78,3.4825605610065535,0,1181.7,3706712.34
Albania,2018,883.472,1174.081,3364424.1,3.365359865591522,0,1174.281,3679221.78
Albania,2019,912.236,1174.0,3416435.68,3.255790789068591,0,1174.081,3364424.1
Albania,2020,941.0,1165.555,3124822.69,3.153131426516831,0,1174.0,3416435.68
Albania,2021,941.0,1136.33,2940066.96,0.0,1,1165.555,3124822.69
Albania,2022,941.0,1135.6,2752836.7,0.0,1,1136.33,2940066.96
Albania,2023,941.0,1044.6,2577061.9,0.0,1,1135.6,2752836.7
Algeria,1991,1714.286,38622.0,6232164.55,-0.03930120819144456,1,38676.0,6527042.42
Algeria,1992,1713.612,38865.0,6542143.12,-0.039316660113886126,1,38622.0,6232164.55
Algeria,1993,1712.938,38862.0,6597327.77,-0.03933212419147125,1,38865.0,6542143.12
Algeria,1994,1712.264,39640.0,6568236.7,-0.03934760043855512,1,38862.0,6597327.77
Algeria,1995,1711.59,39649.0,6513230.7,-0.03936308886947071,1,39640.0,6568236.7
Algeria,1996,1710.916,39636.0,6586996.08,-0.03937858949865092,1,39649.0,6513230.7
Algeria,1997,1710.242,39690.0,6511529.23,-0.03939410234049534,1,39636.0,6586996.08
Algeria,1998,1709.568,39826.0,6739572.62,-0.03940962740944798,1,39690.0,6511529.23
Algeria,1999,1708.894,39731.0,7749813.2,-0.03942516471997504,1,39826.0,6739572.62
Algeria,2000,1708.22,40021.0,8111821.0,-0.039440714286553824,1,39731.0,7749813.2
Algeria,2001,1707.545,40109.0,7911753.38,-0.03951481659271172,1,40021.0,8111821.0
Algeria,2002,1706.87,39855.0,7625417.62,-0.03953043697239034,1,40109.0,7911753.38
Algeria,2003,1706.195,39905.7,7854421.54,-0.03954606970653085,1,39855.0,7625417.62
Algeria,2004,1705.52,41145.0,8371892.08,-0.03956171480985482,1,39905.7,7854421.54
Algeria,2005,1704.845,41211.0,8257180.15,-0.039577372297006086,1,41145.0,8371892.08
Algeria,2006,1704.17,41181.0,8277036.92,-0.03959304218271731,1,41211.0,8257180.15
Algeria,2007,1703.495,41252.0,8352557.3,-0.03960872448172115,1,41181.0,8277036.92
Algeria,2008,1702.82,41309.0,8556476.08,-0.03962441920873916,1,41252.0,8352557.3
Algeria,2009,1702.145,41380.0,8813456.2,-0.03964012637859282,1,41309.0,8556476.08
Algeria,2010,1701.47,41374.0,9364736.05,-0.039655846006070306,1,41380.0,8813456.2
Algeria,2011,1700.796,41388.0,9622896.17,-0.03961280539768186,1,41374.0,9364736.05
Algeria,2012,1700.122,41398.19,10006222.65,-0.03962850335960111,1,41388.0,9622896.17
Algeria,2013,1699.448,41431.635,10545082.75,-0.039644213768186276,1,41398.19,10006222.65
Algeria,2014,1698.774,41431.0,11334848.0,-0.03965993663825884,1,41431.635,10545082.75
Algeria,2015,1698.1,41456.4,11807145.36,-0.03967567198461808,1,41431.0,11334848.0
Algeria,2016,1697.426,41360.2,11419413.9,-0.039691419822152074,1,41456.4,11807145.36
Algeria,2017,1696.752,41335.1408,10624771.66,-0.03970718016572672,1,41360.2,11419413.9
Algeria,2018,1696.078,41338.8496,9889196.6,-0.03972295303026341,1,41335.1408,10624771.66
Algeria,2019,1695.404,41316.0,9819765.4,-0.039738738430661336,1,41338.8496,9889196.6
Algeria,2020,1694.73,41288.0,9565386.82,-0.03975453638188631,1,41316.0,9819765.4
Algeria,2021,1694.056,41277.0,9531850.55,-0.03977034689891523,1,41288.0,9565386.82
Algeria,2022,1693.382,41326.4,9567192.52,-0.03978616999673612,1,41277.0,9531850.55
Algeria,2023,1692.708,41344.7,9822548.64,-0.03980200569038139,1,41326.4,9567192.52
Americas,1991,1792146.007,1165812.9342,1454977222.9,-0.42638277414976944,2,1165732.6685,1438498035.83
Americas,1992,1784471.884,1162919.0451,1462627061.58,-0.4282085817799097,2,1165812.9342,1454977222.9
Americas,1993,1776797.761,1159641.9283,1478462528.83,-0.4300500931848861,2,1162919.0451,1462627061.58
Americas,1994,1769123.638,1156870.8046,1502068969.73,-0.43190751184202236,2,1159641.9283,1478462528.83
Americas,1995,1761449.515,1154861.2715,1522644325.28,-0.433781044759296,2,1156870.8046,1502068969.73
Americas,1996,1753775.392,1151640.7794,1529076343.47,-0.43567090255208774,2,1154861.2715,1522644325.28
Americas,1997,1746101.269,1151289.7013,1540556309.09,-0.43757729952228486,2,1151640.7794,1529076343.47
Americas,1998,1738427.146,1152423.3582,1538173964.11,-0.43950045373915003,2,1151289.7013,1540556309.09
Americas,1999,1730753.023,1152462.0751,1559739135.0,-0.4414405871225324,2,1152423.3582,1538173964.11
Americas,2000,1723078.9,1152484.405,1577502449.4099998,-0.4433979255282883,2,1152462.0751,1559739135.0
Americas,2001,1718870.569,1150633.0353,1592251188.33,-0.24423321532170972,2,1152484.405,1577502449.4099998
Americas,2002,1714662.238,1150310.3012,1629950142.84,-0.24483117437098523,2,1150633.0353,1592251188.33
Americas,2003,1710453.907,1150278.9916,1667461840.77,-0.24543206858679278,2,1150310.3012,1629950142.84
Americas,2004,1706245.576,1151576.9163,1700520085.8200002,-0.24603591963381355,2,1150278.9916,1667461840.77
Americas,2005,1702037.245,1152659.8058,1729533277.2,-0.24664274939047992,2,1151576.9163,1700520085.8200002
Americas,2006,1697828.914,1151345.808,1753487026.95,-0.24725257995161787,2,1152659.8058,1729533277.2
Americas,2007,1693620.583,1152000.4438,1758107926.76,-0.24786543363107816,2,1151345.808,1753487026.95
Americas,2008,1689412.252,1148354.2338,1766468614.82,-0.24848133296452302,2,1152000.4438,1758107926.76
Americas,2009,1685203.921,1147166.7585,1764775652.43,-0.24910030071215727,2,1148354.2338,1766468614.82
Americas,2010,1680995.59,1150067.3867,1748281786.76,-0.24972235986151503,2,1147166.7585,1764775652.43
Americas,2011,1678472.206,1150153.3223,1751284204.21,-0.15011246995597638,2,1150067.3867,1748281786.76
Americas,2012,1675943.002,1152394.4989,1759747686.75,-0.15068489016135667,2,1150153.3223,1751284204.21
Americas,2013,1673413.798,1153569.001,1770825997.92,-0.15091229218308078,2,1152394.4989,1759747686.75
Americas,2014,1670884.594,1150511.904,1755880358.81,-0.15114038159734777,2,1153569.001,1770825997.92
Americas,2015,1668355.39,1152480.9669,1740246033.0900002,-0.15136916152571622,2,1150511.904,1755880358.81
Americas,2016,1664294.042,1150874.7602,1754534780.02,-0.24343422416730487,2,1152480.9669,1740246033.0900002
Americas,2017,1660232.694,1148490.145,1775005298.22,-0.24402827249921932,2,1150874.7602,1754534780.02
Americas,2018,1656171.346,1145561.3832,1793154410.47,-0.24462522721528934,2,1148490.145,1775005298.22
Americas,2019,1652109.998,1144348.2443,1813741533.05,-0.24522510969707811,2,1145561.3832,1793154410.47
Americas,2020,1648048.65,1148054.3239,1819880081.43,-0.24582794153636955,2,1144348.2443,1813741533.05
Americas,2021,1643388.562,1146646.0046,1841916206.17,-0.28276398272587544,2,1148054.3239,1819880081.43
Americas,2022,1638728.474,1143544.6186,1869979818.06,-0.2835658046888567,2,1146646.0046,1841916206.17
Americas,2023,1634068.386,1139193.5946,1885391343.59,-0.2843721869691507,2,1143544.6186,1869979818.06
Angola,1991,77381.269,44483.0,8487546.0,-0.1960719066609884,2,44456.0,8353030.0
Angola,1992,77229.248,44511.0,8501612.0,-0.19645710385027826,2,44483.0,8487546.0
Angola,1993,77077.227,44510.0,8241384.74,-0.1968438175132925,2,44511.0,8501612.0
Angola,1994,76925.206,44510.0,7973281.0,-0.1972320566228869,2,44510.0,8241384.74
Angola,1995,76773.185,44490.0,7948908.34,-0.19762183022299373,2,44510.0,7973281.0
Angola,1996,76621.164,44447.0,8805318.0,-0.19801314742901033,2,44490.0,7948908.34
Angola,1997,76469.143,44450.0,9454360.0,-0.19840601742882047,2,44447.0,8805318.0
Angola,1998,76317.122,44513.0,10370081.0,-0.1988004494832607,2,44450.0,9454360.0
Angola,1999,76165.101,44567.0,10337458.36,-0.1991964529270529,2,44513.0,10370081.0
Angola,2000,76013.08,44523.0,10732895.04,-0.1995940371693261,2,44567.0,10337458.36
Angola,2001,75503.05,44415.0,10637227.47,-0.6709766266542516,2,44523.0,10732895.04
Angola,2002,74993.02,44438.0,10453544.77,-0.6755091350614251,2,44415.0,10637227.47
Angola,2003,74482.99,44499.0,10243208.59,-0.6801032949466435,2,44438.0,10453544.77
Angola,2004,73972.96,44310.0,9699714.66,-0.6847603728045826,2,44499.0,10243208.59
Angola,2005,73462.93,44183.0,10742672.64,-0.6894816700589113,2,44310.0,9699714.66
Angola,2006,72952.9,44137.0,10921386.41,-0.6942685242747548,2,44183.0,10742672.64
Angola,2007,72442.87,44245.0,11289400.0,-0.6991223104222066,2,44137.0,10921386.41
Angola,2008,71932.84,44195.0,11596606.0,-0.7040444421928638,2,44245.0,11289400.0
Angola,2009,71422.81,44630.0,11697765.0,-0.7090363733727179,2,44195.0,11596606.0
Angola,2010,70912.78,44850.0,12022620.22,-0.7140995992736765,2,44630.0,11697765.0
Angola,2011,70402.75,45316.0,12187022.0,-0.7192356582269022,2,44850.0,12022620.22
Angola,2012,69892.72,45303.0,12433300.0,-0.724446133141099,2,45316.0,12187022.0
Angola,2013,69382.69,45488.0,12729604.0,-0.7297326531289672,2,45303.0,12433300.0
Angola,2014,68872.66,45674.0,12919948.94,-0.7350968952054115,2,45488.0,12729604.0
Angola,2015,68362.63,45789.0,13209745.76,-0.740540586061289,2,45674.0,12919948.94
Angola,2016,67852.6,45824.0,13436190.62,-0.7460655039163933,2,45789.0,13209745.76
Angola,2017,67342.57,45765.0,13300612.74,-0.7516734804561609,2,45824.0,13436190.62
Angola,2018,66832.54,45778.0,13104142.97,-0.7573664028563409,2,45765.0,13300612.74
Angola,2019,66322.51,45856.0,13052693.35,-0.7631462159002123,2,45778.0,13104142.97
Angola,2020,65812.48,45864.0,13561842.77,-0.7690149241939115,2,45856.0,13052693.35
Angola,2021,65302.45,45917.0,13541252.78,-0.7749745944842013,2,45864.0,13561842.77
Angola,2022,64792.42,46062.0,13625912.1,-0.78102735808534,2,45917.0,13541252.78
Angola,2023,64282.39,46063.0,13722245.12,-0.7871754134202713,2,46062.0,13625912.1
Antigua and Barbuda,1991,10.044,9.0,58590.57,-0.6528189910979143,2,9.0,55503.83
Antigua and Barbuda,1992,9.978,9.0,57891.67,-0.657108721624855,2,9.0,58590.57
Antigua and Barbuda,1993,9.912,9.0,58606.66,-0.6614552014431618,2,9.0,57891.67
Antigua and Barbuda,1994,9.846,9.0,58613.7,-0.6658595641646614,2,9.0,58606.66
Antigua and Barbuda,1995,9.78,9.0,56860.44,-0.6703229737964778,2,9.0,58613.7
Antigua and Barbuda,1996,9.714,9.0,53015.6,-0.6748466257668562,2,9.0,56860.44
Antigua and Barbuda,1997,9.648,9.0,51190.4,-0.6794317479925982,2,9.0,53015.6
Antigua and Barbuda,1998,9.582,9.0,49564.17,-0.6840796019900397,2,9.0,51190.4
Antigua and Barbuda,1999,9.516,9.0,50340.87,-0.6887914840325693,2,9.0,49564.17
Antigua and Barbuda,2000,9.45,9.0,49204.490000000005,-0.6935687263556201,2,9.0,50340.87
Antigua and Barbuda,2001,9.383,9.0,51070.5,-0.7089947089947146,2,9.0,49204.490000000005
Antigua and Barbuda,2002,9.316,9.0,51266.23,-0.7140573377384496,2,9.0,51070.5
Antigua and Barbuda,2003,9.249,9.0,52602.31,-0.7191927866036951,2,9.0,51266.23
Antigua and Barbuda,2004,9.182,9.0,53625.29,-0.7244026381230451,2,9.0,52602.31
Antigua and Barbuda,2005,9.115,9.0,53633.02,-0.7296885210193893,2,9.0,53625.29
Antigua and Barbuda,2006,9.048,9.0,53639.76,-0.7350521119034559,2,9.0,53633.02
Antigua and Barbuda,2007,8.981,9.0,51991.83,-0.7404951370468593,2,9.0,53639.76
Antigua and Barbuda,2008,8.914,9.0,53533.29,-0.7460193742344967,2,9.0,51991.83
Antigua and Barbuda,2009,8.847,9.0,53343.29,-0.7516266547004768,2,9.0,53533.29
Antigua and Barbuda,2010,8.78,9.0,19661.97,-0.7573188651520346,2,9.0,53343.29
Antigua and Barbuda,2011,8.714,9.0,20234.7,-0.7517084282460007,2,9.0,19661.97
Antigua and Barbuda,2012,8.648,9.0,20327.76,-0.7574018820289297,2,9.0,20234.7
Antigua and Barbuda,2013,8.582,9.0,20245.66,-0.7631822386678921,2,9.0,20327.76
Antigua and Barbuda,2014,8.516,9.0,20148.96,-0.7690515031461231,2,9.0,20245.66
Antigua and Barbuda,2015,8.45,9.0,19863.63,-0.7750117426021719,2,9.0,20148.96
Antigua and Barbuda,2016,8.384,9.0,20027.19,-0.7810650887573822,2,9.0,19863.63
Antigua and Barbuda,2017,8.318,9.0,20177.19,-0.787213740458026,2,9.0,20027.19
Antigua and Barbuda,2018,8.252,9.0,16554.47,-0.7934599663380504,2,9.0,20177.19
Antigua and Barbuda,2019,8.186,9.0,14891.64,-0.7998061076102903,2,9.0,16554.47
Antigua and Barbuda,2020,8.12,9.0,15782.29,-0.8062545809919497,2,9.0,14891.64
Antigua and Barbuda,2021,8.054,9.0,14962.19,-0.8128078817733808,2,9.0,15782.29
Antigua and Barbuda,2022,7.988,9.0,14581.89,-0.8194685870374974,2,9.0,14962.19
Antigua and Barbuda,2023,7.922,9.0,13439.3,-0.8262393590385719,2,9.0,14581.89
Argentina,1991,55734.88,127660.0,172714429.55,-0.4549771904149513,2,127565.0,172308305.37
Argentina,1992,55480.14,127755.0,170140382.02,-0.45705669412045014,2,127660.0,172714429.55
Argentina,1993,55225.4,127850.0,171578165.34,-0.45915529412866585,2,127755.0,170140382.02
Argentina,1994,54970.66,127948.0,173359436.38,-0.4612732546980136,2,127850.0,171578165.34
Argentina,1995,54715.92,128045.0,171639553.74,-0.4634108449853125,2,127948.0,173359436.38
Argentina,1996,54461.18,128142.0,168566547.57,-0.46556833915978313,2,128045.0,171639553.74
Argentina,1997,54206.44,128235.0,166894325.06,-0.4677460165203873,2,128142.0,168566547.57
Argentina,1998,53951.7,128330.0,157046649.36,-0.4699441616162314,2,128235.0,166894325.06
Argentina,1999,53696.96,128412.0,163679455.48000002,-0.47216306437053435,2,128330.0,157046649.36
Argentina,2000,53442.22,128510.0,163354463.89,-0.4744030202082139,2,128412.0,163679455.48000002
Argentina,2001,53070.743,128606.0,159730117.86,-0.6951002409705254,2,128510.0,163354463.89
Argentina,2002,52699.266,128710.0,164458126.28,-0.6999657042676022,2,128606.0,159730117.86
Argentina,2003,52327.789,129103.3,175723481.6,-0.7048997608429808,2,128710.0,164458126.28
Argentina,2004,51956.312,129496.6,186581296.2,-0.7099038715356332,2,129103.3,175723481.6
Argentina,2005,51584.835,129920.9,187499479.38,-0.7149795389634228,2,129496.6,186581296.2
Argentina,2006,51213.358,130138.9,187335619.34,-0.720128309027257,2,129920.9,187499479.38
Argentina,2007,50841.881,129968.4,193836879.68,-0.72535177248092,2,130138.9,187335619.34
Argentina,2008,50470.404,127046.9,190695888.91,-0.7306515665696955,2,129968.4,193836879.68
Argentina,2009,50098.927,124328.4,190372133.06,-0.7360293767412651,2,127046.9,190695888.91
Argentina,2010,49727.45,126267.9,161857485.2,-0.7414869384328449,2,124328.4,190372133.06
Argentina,2011,49470.764,125318.4,156623195.05,-0.5161857284055271,2,126267.9,161857485.2
Argentina,2012,49214.078,124741.9,162982075.05,-0.5188640304807146,2,125318.4,156623195.05
Argentina,2013,48957.392,122937.4,169967667.31,-0.5215702710106629,2,124741.9,162982075.05
Argentina,2014,48700.706,120950.5261,168759468.81,-0.524304889443461,2,122937.4,169967667.31
Argentina,2015,48444.02,120753.5346,169855855.63,-0.5270683344919092,2,120950.5261,168759468.81
Argentina,2016,48254.334,118861.0795,168259142.15,-0.39155710033972335,2,120753.5346,169855855.63
Argentina,2017,48064.648,117629.9862,176187376.09,-0.3930962968010321,2,118861.0795,168259142.15
Argentina,2018,47874.962,115930.0,180161347.18,-0.3946476420674139,2,117629.9862,176187376.09
Argentina,2019,47685.276,116599.0,182404444.66,-0.39621128054367905,2,115930.0,180161347.18
Argentina,2020,47495.59,117679.0,182350934.15,-0.3977873589323444,2,116599.0,182404444.66
Argentina,2021,47316.072,117978.0,176617313.96,-0.3779677228980538,2,117679.0,182350934.15
Argentina,2022,47136.554,118848.0,179066024.57,-0.3794017390116533,2,117978.0,176617313.96
Argentina,2023,46957.036,116136.3431,184401500.78,-0.3808466779306685,2,118848.0,179066024.57
Armenia,1993,334.103,1181.0,2605520.75,-0.06251645169781384,1,1170.0,2789924.2800000003
Armenia,1994,333.894,1200.0,2578898.18,-0.06255555921377276,1,1181.0,2605520.75
Armenia,1995,333.685,1244.0,2598794.13,-0.0625947156882134,1,1200.0,2578898.18
Armenia,1996,333.476,1306.0,2758461.58,-0.06263392121311773,1,1244.0,2598794.13
Armenia,1997,333.267,1332.0,2799944.82,-0.06267317588072308,1,1306.0,2758461.58
Armenia,1998,333.058,1328.0,2737960.47,-0.06271247978347771,1,1332.0,2799944.82
Armenia,1999,332.849,1323.0,2706998.33,-0.06275183301407417,1,1328.0,2737960.47
Armenia,2000,332.64,1323.0,2740750.06,-0.06279123566542699,1,1323.0,2706998.33
Armenia,2001,332.605,1328.0,2680451.79,-0.010521885521874719,1,1323.0,2740750.06
Armenia,2002,332.57,1391.0,2906527.11,-0.010522992739137038,1,1328.0,2680451.79
Armenia,2003,332.535,1444.0,2991604.94,-0.010524100189424068,1,1391.0,2906527.11
Armenia,2004,332.5,1505.0,3124343.7,-0.010525207872857933,1,1444.0,2991604.94
Armenia,2005,332.465,1605.0,3201077.18,-0.010526315789483043,1,1505.0,3124343.7
Armenia,2006,332.43,1756.4,3516814.79,-0.010527423939354907,1,1605.0,3201077.18
Armenia,2007,332.395,1751.9,3767831.94,-0.010528532322606754,1,1756.4,3516814.79
Armenia,2008,332.36,1748.8,3995122.57,-0.010529640939238583,1,1751.9,3767831.94
Armenia,2009,332.325,1746.3,3848138.54,-0.010530749789394722,1,1748.8,3995122.57
Armenia,2010,332.29,1735.0,3818092.97,-0.010531858873086275,1,1746.3,3848138.54
Armenia,2011,332.672,1698.1,3871267.3,0.11495982424989393,0,1735.0,3818092.97
Armenia,2012,333.054,1683.0,3917987.34,0.11482781839167178,0,1698.1,3871267.3
Armenia,2013,333.436,1683.0,4342972.97,0.11469611534467017,0,1683.0,3917987.34
Armenia,2014,333.818,1680.7,4608736.62,0.11456471406807722,0,1683.0,4342972.97
Armenia,2015,334.2,1676.7,4865883.0,0.11443361352594383,0,1680.7,4608736.62
Armenia,2016,334.164,1676.8,5009593.72,-0.010771992818670029,1,1676.7,4865883.0
Armenia,2017,334.128,1676.1,4713284.54,-0.010773153301968375,1,1676.8,5009593.72
Armenia,2018,334.092,1677.3,4318349.34,-0.010774314035344457,1,1676.1,4713284.54
Armenia,2019,334.056,1677.0,4203316.72,-0.010775475018853786,1,1677.3,4318349.34
Armenia,2020,334.02,1676.0,4274652.03,-0.010776636252607386,1,1677.0,4203316.72
Armenia,2021,334.036,1674.82,4572323.3,0.0047901323274146534,1,1676.0,4274652.03
Armenia,2022,334.052,1652.8,4233080.97,0.0047899028847275815,1,1674.82,4572323.3
Armenia,2023,334.068,1652.3,3850699.53,0.004789673464000721,1,1652.8,4233080.97
Asia,1991,567627.607,1303715.103,1179479326.51,-0.08392876232030666,1,1298198.065,1209686272.49
Asia,1992,581147.094,1611693.367,1299259664.58,2.381752901599099,0,1303715.103,1179479326.51
Asia,1993,580720.486,1620288.817,1325548723.8,-0.07340792105896554,1,1611693.367,1299259664.58
Asia,1994,580293.878,1631070.0949,1361793543.25,-0.07346184787426768,1,1620288.817,1325548723.8
Asia,1995,579867.27,1634037.3044,1392562270.35,-0.07351585397907812,1,1631070.0949,1361793543.25
Asia,1996,579440.662,1640000.5915,1428958101.99,-0.0735699395484124,1,1634037.3044,1392562270.35
Asia,1997,579014.054,1658017.5506,1415940955.51,-0.07362410475777459,1,1640000.5915,1428958101.99
Asia,1998,578587.446,1667749.5392,1443522140.27,-0.07367834978320165,1,1658017.5506,1415940955.51
Asia,1999,578160.838,1676467.6229,1452216321.11,-0.07373267480124124,1,1667749.5392,1443522140.27
Asia,2000,577734.23,1677611.6515,1462693971.26,-0.07378707998897394,1,1676467.6229,1452216321.11
Asia,2001,580496.414,1679931.0801,1459793573.18,0.47810634311904465,0,1677611.6515,1462693971.26
Asia,2002,583258.598,1680688.0101,1461490164.9099998,0.47583136318909425,0,1679931.0801,1459793573.18
Asia,2003,586020.782,1665145.2587,1480273563.9099998,0.473577930864888,0,1680688.0101,1461490164.9099998
Asia,2004,588782.966,1665664.556,1514070656.94,0.47134574145528685,0,1665145.2587,1480273563.9099998
Asia,2005,591545.15,1649243.7355,1544591137.6,0.46913449598675605,0,1665664.556,1514070656.94
Asia,2006,594307.334,1651413.2563,1590444787.77,0.4669439010699383,0,1649243.7355,1544591137.6
Asia,2007,597069.518,1651709.4612,1621483479.43,0.4647736687698467,0,1651413.2563,1590444787.77
Asia,2008,599831.702,1649055.7422,1638957403.26,0.4626235164796988,0,1651709.4612,1621483479.43
Asia,2009,602593.886,1649601.1263,1630915209.6,0.46049316679830365,0,1649055.7422,1638957403.26
Asia,2010,605356.07,1654384.3751,1645992475.27,0.4583823474106463,0,1649601.1263,1630915209.6
Asia,2011,607041.98,1654387.8972,1653956663.94,0.2784989006552774,0,1654384.3751,1645992475.27
Asia,2012,608727.89,1654776.6276,1671379140.08,0.2777254383625971,0,1654387.8972,1653956663.94
Asia,2013,610413.8,1655816.4547,1675718723.5,0.2769562603744058,0,1654776.6276,1671379140.08
Asia,2014,612099.71,1656603.9862,1704852488.32,0.27619133119203276,0,1655816.4547,1675718723.5
Asia,2015,613785.62,1658084.9164,1722724472.27,0.27543061570802774,0,1656603.9862,1704852488.32
Asia,2016,615814.48,1658763.4631,1754063756.75,0.33054863683512625,0,1658084.9164,1722724472.27
Asia,2017,617843.34,1658819.3084,1782497738.34,0.3294596125768212,0,1658763.4631,1754063756.75
Asia,2018,619872.2,1659923.906,1799330409.85,0.3283777405450383,0,1658819.3084,1782497738.34
Asia,2019,621901.06,1658056.4317,1824594998.99,0.3273029505114211,0,1659923.906,1799330409.85
Asia,2020,623929.92,1658437.181,1877614232.61,0.3262351731640356,0,1658056.4317,1824594998.99
Asia,2021,625149.674,1658654.0332,1920802694.93,0.19549535306784271,0,1658437.181,1877614232.61
Asia,2022,626369.428,1658661.4215,1953984572.13,0.1951139144319436,0,1658654.0332,1920802694.93
Asia,2023,627589.182,1652821.3603,1983634839.87,0.19473396137719146,0,1658661.4215,1953984572.13
Australia,1991,134407.914,462782.0,91385295.8,-0.12389852026366555,2,464437.0,88394537.42
Australia,1992,134241.178,466004.0,93575157.92,-0.12405221912749065,2,462782.0,91385295.8
Australia,1993,134074.442,460097.0,93684400.91,-0.12420629979871256,2,466004.0,93575157.92
Australia,1994,133907.706,469143.0,97157103.38,-0.12436076370171412,2,460097.0,93684400.91
Australia,1995,133740.97,463388.0,97187678.77,-0.12451561226805019,2,469143.0,97157103.38
Australia,1996,133574.234,465230.0,97658360.94,-0.1246708469364366,2,463388.0,97187678.77
Australia,1997,133407.498,462233.0,100882369.8,-0.12482646915272788,2,465230.0,97658360.94
Australia,1998,133240.762,463881.0,105057922.95,-0.12498248037003945,2,462233.0,100882369.8
Australia,1999,133074.026,453693.0,104521078.48,-0.12513888204870316,2,463881.0,105057922.95
Australia,2000,132907.29,455469.0,105406309.03,-0.12529567565650046,2,453693.0,104521078.48
Australia,2001,132733.675,455700.0,105957069.4,-0.1306286509942578,2,455469.0,105406309.03
Australia,2002,132560.06,447000.0,108084731.47,-0.1307995126330952,2,455700.0,105957069.4
Australia,2003,132386.445,439500.0,103960195.91,-0.13097082182973452,2,447000.0,108084731.47
Australia,2004,132212.83,394906.0,105038546.87,-0.1311425803450006,2,439500.0,103960195.91
Australia,2005,132039.215,410230.0,104250044.95,-0.13131478994889978,2,394906.0,105038546.87
Australia,2006,131865.6,409302.0,107053473.49,-0.13148745242085313,2,410230.0,104250044.95
Australia,2007,131691.985,398355.5,105907976.94,-0.1316605695496187,2,409302.0,107053473.49
Australia,2008,131518.37,389288.0,102927567.65,-0.13183414313330255,2,398355.5,105907976.94
Australia,2009,131344.755,384257.0,103293993.66,-0.13200817497965867,2,389288.0,102927567.65
Australia,2010,131171.14,376372.0,99935491.97,-0.13218266690587788,2,384257.0,103293993.66
Australia,2011,131438.416,396121.0,102274130.64,0.2037612846850223,0,376372.0,99935491.97
Australia,2012,131705.692,387076.0,102760506.8,0.20334694234296347,0,396121.0,102274130.64
Australia,2013,131972.968,371775.0,109033434.22,0.20293428168616234,0,387076.0,102760506.8
Australia,2014,132240.244,374423.0,112394835.08,0.20252329249730305,0,371775.0,109033434.22
Australia,2015,132507.52,348119.0,109919478.24,0.20211396464149267,0,374423.0,112394835.08
Australia,2016,132664.242,342602.0,99418947.1,0.1182740421072026,0,348119.0,109919478.24
Australia,2017,132820.964,371837.0,95302974.66,0.11813431987197642,0,342602.0,99418947.1
Australia,2018,132977.686,358895.0,100029725.85,0.11799492736701556,0,371837.0,95302974.66
Australia,2019,133134.408,362477.0,99057671.96,0.11785586342658583,0,358895.0,100029725.85
Australia,2020,133291.13,355775.0,90531816.66,0.11771712689030434,0,362477.0,99057671.96
Australia,2021,133345.222,363519.0,87018612.47,0.040581845168552455,1,355775.0,90531816.66
Australia,2022,133399.314,363519.0,85517828.81,0.04056538298762291,1,363519.0,87018612.47
Australia,2023,133453.406,363243.6782,102150186.94,0.04054893415716965,1,363519.0,85517828.81
Australia and New Zealand,1991,143828.491,476541.5833,130287731.79,-0.08261280977545082,1,478355.0,126189562.47
Australia and New Zealand,1992,143709.572,479606.2539,133053411.6,-0.08268111496770869,1,476541.5833,130287731.79
Australia and New Zealand,1993,143590.653,473541.5345,134686375.04,-0.08274953320436262,1,479606.2539,133053411.6
Australia and New Zealand,1994,143471.734,482429.7919,140240739.67000002,-0.08281806476636566,1,473541.5345,134686375.04
Australia and New Zealand,1995,143352.815,476517.0648,141557039.59,-0.08288670993549241,1,482429.7919,140240739.67000002
Australia and New Zealand,1996,143233.896,478201.3315,145136989.96,-0.08295546899445005,1,476517.0648,141557039.59
Australia and New Zealand,1997,143114.977,475046.6617,149549674.97,-0.08302434222692279,1,478201.3315,145136989.96
Australia and New Zealand,1998,142996.058,476536.9997,154075909.05,-0.08309332991753848,1,475046.6617,149549674.97
Australia and New Zealand,1999,142877.139,466191.3449,151676238.07999998,-0.0831624323518021,1,476536.9997,154075909.05
Australia and New Zealand,2000,142758.22,467809.7124,153904357.57999998,-0.08323164981627329,1,466191.3449,151676238.07999998
Australia and New Zealand,2001,142584.373,467883.0813,155122975.26,-0.12177722585782202,2,467809.7124,153904357.57999998
Australia and New Zealand,2002,142410.526,459025.4045,159457908.9,-0.12192570359724764,2,467883.0813,155122975.26
Australia and New Zealand,2003,142236.679,451359.0,157576004.63,-0.12207454384376426,2,459025.4045,159457908.9
Australia and New Zealand,2004,142062.832,406797.0,161217364.16,-0.1222237479265198,2,451359.0,157576004.63
Australia and New Zealand,2005,141888.985,421943.0,158516354.56,-0.12237331718123468,2,406797.0,161217364.16
Australia and New Zealand,2006,141715.138,420678.0,161205860.34,-0.12252325295016853,2,421943.0,158516354.56
Australia and New Zealand,2007,141541.291,409843.5,160640606.07999998,-0.12267355658222012,2,420678.0,161205860.34
Australia and New Zealand,2008,141367.444,400663.0,157556355.76999998,-0.12282422943281635,2,409843.5,160640606.07999998
Australia and New Zealand,2009,141193.597,395748.0,160907957.25,-0.12297527286407872,2,400663.0,157556355.76999998
Australia and New Zealand,2010,141019.75,387781.0,157520582.24,-0.12312668824494555,2,395748.0,160907957.25
Australia and New Zealand,2011,141286.724,407493.0,160998987.3,0.18931674464037762,0,387781.0,157520582.24
Australia and New Zealand,2012,141553.698,398286.4,163538818.66,0.18895901358715328,0,407493.0,160998987.3
Australia and New Zealand,2013,141820.672,382882.0,170917289.87,0.18860263191426974,0,398286.4,163538818.66
Australia and New Zealand,2014,142087.646,385540.0,177685951.13,0.18824759200126717,0,382882.0,170917289.87
Australia and New Zealand,2015,142354.62,358832.0,176942530.91,0.18789388628479564,0,385540.0,177685951.13
Australia and New Zealand,2016,142535.078,353217.0,166100229.51999998,0.12676652152210366,0,358832.0,176942530.91
Australia and New Zealand,2017,142715.536,382482.0,160536011.13,0.12660602746503713,0,353217.0,166100229.51999998
Australia and New Zealand,2018,142895.994,369394.0,165640727.32,0.12644593928443637,0,382482.0,160536011.13
Australia and New Zealand,2019,143076.452,372823.0,165036210.62,0.12628625544253147,0,369394.0,165640727.32
Australia and New Zealand,2020,143256.91,365930.0,156924179.09,0.1261269744094573,0,372823.0,165036210.62
Australia and New Zealand,2021,143378.55,373695.0,153992005.45,0.08491038931384143,1,365930.0,156924179.09
Australia and New Zealand,2022,143500.19,373267.0,150097990.47,0.08483835273827012,1,373695.0,153992005.45
Australia and New Zealand,2023,143621.83,372955.6782,166995046.21,0.08476643828831953,1,373267.0,150097990.47
Austria,1991,3781.917,3036.9,13135242.47,0.16545407834900328,0,3023.9,12938162.69
Austria,1992,3788.164,3013.0,12945906.01,0.1651807800118421,0,3036.9,13135242.47
Austria,1993,3794.411,2999.0,12293476.6,0.16490838305838196,0,3013.0,12945906.01
Austria,1994,3800.658,2994.1,11978103.46,0.1646368830366507,0,2999.0,12293476.6
Austria,1995,3806.905,2981.1,11095938.16,0.16436627552387506,0,2994.1,11978103.46
Austria,1996,3813.152,2973.3,11602256.72,0.16409655612630303,0,2981.1,11095938.16
Austria,1997,3819.399,2964.6,11395770.11,0.16382772047900396,0,2973.3,11602256.72
Austria,1998,3825.646,2959.9,11049323.84,0.16355976424564656,0,2964.6,11395770.11
Austria,1999,3831.893,2955.2,11051452.42,0.1632926831180992,0,2959.9,11049323.84
Austria,2000,3838.14,2940.2,11106205.28,0.1630264728164299,0,2955.2,11051452.42
Austria,2001,3840.49,2916.1,11375177.86,0.06122757377271526,1,2940.2,11106205.28
Austria,2002,3842.84,2902.2,11229883.24,0.061190108553876854,1,2916.1,11375177.86
Austria,2003,3845.19,2885.23,10942874.54,0.061152689156984685,1,2902.2,11229883.24
Austria,2004,3847.54,2867.4,10742756.16,0.061115315498061484,1,2885.23,10942874.54
Austria,2005,3849.89,2856.8,10633286.51,0.06107798749330762,1,2867.4,10742756.16
Austria,2006,3852.24,2843.3,10709752.9,0.061040705059101086,1,2856.8,10633286.51
Austria,2007,3854.59,2830.1,10667806.06,0.06100346811206414,1,2843.3,10709752.9
Austria,2008,3856.94,2809.4,10775263.52,0.060966276568974465,1,2830.1,10667806.06
Austria,2009,3859.29,2795.0,10845889.5,0.06092913034685399,1,2809.4,10775263.52
Austria,2010,3861.64,2779.2,10944375.17,0.06089202936290228,1,2795.0,10845889.5
Austria,2011,3864.458,2757.3,10903698.56,0.0729741767746317,1,2779.2,10944375.17
Austria,2012,3867.276,2735.2,10866149.18,0.07292096330195896,1,2757.3,10903698.56
Austria,2013,3870.094,2716.4,10892625.79,0.0728678273803185,1,2735.2,10866149.18
Austria,2014,3872.912,2714.2,10934355.71,0.07281476884022364,1,2716.4,10892625.79
Austria,2015,3875.73,2718.45,11073138.42,0.07276178751285389,1,2714.2,10934355.71
Austria,2016,3878.548,2670.17,11118497.29,0.072708883229744,1,2718.45,11073138.42
Austria,2017,3881.366,2654.62,11166331.35,0.07265605582296164,1,2670.17,11118497.29
Austria,2018,3884.184,2652.83,11190396.0,0.07260330512506297,1,2654.62,11166331.35
Austria,2019,3887.002,2651.21,11016517.0,0.07255063096907044,1,2652.83,11190396.0
Austria,2020,3889.82,2602.6653,10848409.0,0.07249803318856163,1,2651.21,11016517.0
Austria,2021,3892.638,2602.4884,10887512.0,0.07244551161749158,1,2602.6653,10848409.0
Austria,2022,3895.456,2597.4477,10981599.0,0.07239306609041485,1,2602.4884,10887512.0
Austria,2023,3898.274,2597.263,10579630.0,0.07234069644219687,1,2597.4477,10981599.0
Azerbaijan,1993,957.484,4456.6,6179132.21,0.44563990449375535,0,4446.2,6581784.45
Azerbaijan,1994,961.732,4486.0,5924521.05,0.4436627661663195,0,4456.6,6179132.21
Azerbaijan,1995,965.98,4489.1,5984953.48,0.4417030940012445,0,4486.0,5924521.05
Azerbaijan,1996,970.228,4526.2,6210318.68,0.4397606575705426,0,4489.1,5984953.48
Azerbaijan,1997,974.476,4588.7,6695209.47,0.43783523048190887,0,4526.2,6210318.68
Azerbaijan,1998,978.724,4682.1,6946138.97,0.4359265902905918,0,4588.7,6695209.47
Azerbaijan,1999,982.972,4692.4,7261599.189999999,0.43403451841377283,0,4682.1,6946138.97
Azerbaijan,2000,987.22,4740.4,7551584.37,0.43215880004721097,0,4692.4,7261599.189999999
Azerbaijan,2001,991.747,4745.6,7900299.84,0.4585604019367473,0,4740.4,7551584.37
Azerbaijan,2002,996.274,4744.9,8207002.71,0.4564672239996792,0,4745.6,7900299.84
Azerbaijan,2003,1000.801,4754.6,8636996.42,0.4543930685735109,0,4744.9,8207002.71
Azerbaijan,2004,1005.328,4754.9,8886410.03,0.4523376775203092,0,4754.6,8636996.42
Azerbaijan,2005,1009.855,4758.6,9214310.94,0.45030079735171036,0,4754.9,8886410.03
Azerbaijan,2006,1014.382,4756.0,9603326.06,0.4482821791247149,0,4758.6,9214310.94
Azerbaijan,2007,1018.909,4756.5,9915444.93,0.446281578340324,0,4756.0,9603326.06
Azerbaijan,2008,1023.436,4756.7,10175500.88,0.4442987548446409,0,4756.5,9915444.93
Azerbaijan,2009,1027.963,4757.3,11294808.23,0.44233347273301415,0,4756.7,10175500.88
Azerbaijan,2010,1032.49,4766.8,11916564.41,0.44038550025633505,0,4757.3,11294808.23
Azerbaijan,2011,1041.57,4768.7,12137877.86,0.8794274036552308,0,4766.8,11916564.41
Azerbaijan,2012,1050.65,4768.3,12368864.62,0.8717608994114778,0,4768.7,12137877.86
Azerbaijan,2013,1059.73,4769.8,12634666.59,0.8642269071527098,0,4768.3,12368864.62
Azerbaijan,2014,1068.81,4769.7,12830524.93,0.856822020703385,0,4769.8,12634666.59
Azerbaijan,2015,1077.89,4769.8,13200558.34,0.8495429496355955,0,4769.7,12830524.93
Azerbaijan,2016,1094.55,4773.0,13340491.33,1.5456122609913692,0,4769.8,13200558.34
Azerbaijan,2017,1111.21,4777.5,13388086.56,1.5220867022977647,0,4773.0,13340491.33
Azerbaijan,2018,1127.87,4779.5,13522419.31,1.499266565275681,0,4777.5,13388086.56
Azerbaijan,2019,1144.53,4779.7,13666207.74,1.4771205901389362,0,4779.5,13522419.31
Azerbaijan,2020,1161.19,4780.1,13923539.78,1.4556193371951798,0,4779.7,13666207.74
Azerbaijan,2021,1171.684,4780.6,14044112.27,0.9037280720640029,0,4780.1,13923539.78
Azerbaijan,2022,1182.178,4780.5,14175280.6,0.8956339763963816,0,4780.6,14044112.27
Azerbaijan,2023,1192.672,4779.6,14142129.21,0.8876835806452155,0,4780.5,14175280.6
Bahamas,1991,509.86,11.0,4411.39,0.0,1,11.0,4310.2
Bahamas,1992,509.86,11.0,4127.37,0.0,1,11.0,4411.39
Bahamas,1993,509.86,11.0,3604.1,0.0,1,11.0,4127.37
Bahamas,1994,509.86,10.0,3247.65,0.0,1,11.0,3604.1
Bahamas,1995,509.86,10.0,3659.62,0.0,1,10.0,3247.65
Bahamas,1996,509.86,10.0,3466.05,0.0,1,10.0,3659.62
Bahamas,1997,509.86,10.0,3466.4700000000003,0.0,1,10.0,3466.05
Bahamas,1998,509.86,10.0,3466.88,0.0,1,10.0,3466.4700000000003
Bahamas,1999,509.86,10.0,3297.37,0.0,1,10.0,3466.88
Bahamas,2000,509.86,11.0,3172.76,0.0,1,10.0,3297.37
Bahamas,2001,509.86,11.0,3201.29,0.0,1,11.0,3172.76
Bahamas,2002,509.86,11.0,3304.1,0.0,1,11.0,3201.29
Bahamas,2003,509.86,11.0,3546.38,0.0,1,11.0,3304.1
Bahamas,2004,509.86,11.0,3767.52,0.0,1,11.0,3546.38
Bahamas,2005,509.86,11.0,3867.52,0.0,1,11.0,3767.52
Bahamas,2006,509.86,11.0,3513.87,0.0,1,11.0,3867.52
Bahamas,2007,509.86,11.0,3512.74,0.0,1,11.0,3513.87
Bahamas,2008,509.86,11.0,3547.78,0.0,1,11.0,3512.74
Bahamas,2009,509.86,11.0,3563.58,0.0,1,11.0,3547.78
Bahamas,2010,509.86,12.0,3532.74,0.0,1,11.0,3563.58
Bahamas,2011,509.86,13.0,3573.87,0.0,1,12.0,3532.74
Bahamas,2012,509.86,13.0,3637.79,0.0,1,13.0,3573.87
Bahamas,2013,509.86,13.0,3631.85,0.0,1,13.0,3637.79
Bahamas,2014,509.86,13.0,3635.06,0.0,1,13.0,3631.85
Bahamas,2015,509.86,13.0,3499.07,0.0,1,13.0,3635.06
Bahamas,2016,509.86,13.0,3501.39,0.0,1,13.0,3499.07
Bahamas,2017,509.86,13.0,3513.58,0.0,1,13.0,3501.39
Bahamas,2018,509.86,13.0,3496.95,0.0,1,13.0,3513.58
Bahamas,2019,509.86,13.0,3497.43,0.0,1,13.0,3496.95
Bahamas,2020,509.86,13.0,3551.05,0.0,1,13.0,3497.43
Bahamas,2021,509.86,13.0,3570.13,0.0,1,13.0,3551.05
Bahamas,2022,509.86,13.0,3576.44,0.0,1,13.0,3570.13
Bahamas,2023,509.86,13.0,3586.74,0.0,1,13.0,3576.44
Bahrain,1991,1.37,10.0,76037.91,0.0,1,10.0,80615.76
Bahrain,1992,1.37,10.0,82673.48999999999,0.0,1,10.0,76037.91
Bahrain,1993,1.37,10.0,80565.66,0.0,1,10.0,82673.48999999999
Bahrain,1994,1.37,10.0,77312.27,0.0,1,10.0,80565.66
Bahrain,1995,1.37,10.0,68059.32,0.0,1,10.0,77312.27
Bahrain,1996,1.37,10.0,75312.27,0.0,1,10.0,68059.32
Bahrain,1997,1.37,10.0,73516.62,0.0,1,10.0,75312.27
Bahrain,1998,1.37,10.0,78651.3,0.0,1,10.0,73516.62
Bahrain,1999,1.37,10.0,82561.05,0.0,1,10.0,78651.3
Bahrain,2000,1.37,9.9,80312.59,0.0,1,10.0,82561.05
Bahrain,2001,1.37,9.79,72972.43,0.0,1,9.9,80312.59
Bahrain,2002,1.37,9.69,109755.41,0.0,1,9.79,72972.43
Bahrain,2003,1.37,9.58,80332.59,0.0,1,9.69,109755.41
Bahrain,2004,1.37,9.48,65612.55,0.0,1,9.58,80332.59
Bahrain,2005,1.37,9.37,69108.45,0.0,1,9.48,65612.55
Bahrain,2006,1.37,9.27,67049.05,0.0,1,9.37,69108.45
Bahrain,2007,1.37,9.16,66019.05,0.0,1,9.27,67049.05
Bahrain,2008,1.37,9.06,61761.4,0.0,1,9.16,66019.05
Bahrain,2009,1.37,8.95,62118.4,0.0,1,9.06,61761.4
Bahrain,2010,1.37,8.85,75886.71,0.0,1,8.95,62118.4
Bahrain,2011,1.37,8.74,75899.0,0.0,1,8.85,75886.71
Bahrain,2012,1.37,8.64,75911.29000000001,0.0,1,8.74,75899.0
Bahrain,2013,1.37,8.53,78227.1,0.0,1,8.64,75911.29000000001
Bahrain,2014,1.37,8.43,79555.95,0.0,1,8.53,78227.1
Bahrain,2015,1.37,8.32,70531.74,0.0,1,8.43,79555.95
Bahrain,2016,1.49,8.22,63321.78,8.75912408759123,0,8.32,70531.74
Bahrain,2017,1.61,8.11,55347.59,8.053691275167797,0,8.22,63321.78
Bahrain,2018,1.73,8.1,55518.62,7.453416149068315,0,8.11,55347.59
Bahrain,2019,1.85,8.1,61184.33,6.936416184971095,0,8.1,55518.62
Bahrain,2020,1.97,8.1,55142.72,6.486486486486487,0,8.1,61184.33
Bahrain,2021,2.45,8.1,58240.130000000005,24.365482233502544,0,8.1,55142.72
Bahrain,2022,2.93,8.1,57954.12,19.591836734693867,0,8.1,58240.130000000005
Bahrain,2023,3.41,8.1,56240.8,16.38225255972696,0,8.1,57954.12
Bangladesh,1991,1978.812,10320.0,61187926.0,-0.32730404823427817,2,10386.0,61110745.4
Bangladesh,1992,1972.314,9549.0,61789364.8,-0.3283788454891079,2,10320.0,61187926.0
Bangladesh,1993,1965.816,9446.0,62267898.6,-0.32946072481360167,2,9549.0,61789364.8
Bangladesh,1994,1959.318,9358.0,63561497.0,-0.33054975643702633,2,9446.0,62267898.6
Bangladesh,1995,1952.82,9374.0,64567143.4,-0.3316460115203368,2,9358.0,63561497.0
Bangladesh,1996,1946.322,9327.0,62093563.0,-0.3327495621716303,2,9374.0,64567143.4
Bangladesh,1997,1939.824,9365.0,63105907.0,-0.333860481461945,2,9327.0,62093563.0
Bangladesh,1998,1933.326,9434.0,63165470.0,-0.3349788434414691,2,9365.0,63105907.0
Bangladesh,1999,1926.828,9486.0,64468770.0,-0.33610472315585005,2,9434.0,63165470.0
Bangladesh,2000,1920.33,9400.0,65180070.0,-0.3372381966631144,2,9486.0,64468770.0
Bangladesh,2001,1917.121,9403.0,65457230.0,-0.1671066952034228,2,9400.0,65180070.0
Bangladesh,2002,1913.912,9353.0,66000830.0,-0.1673864090999011,2,9403.0,65457230.0
Bangladesh,2003,1910.703,9328.0,66605070.0,-0.1676670609724984,2,9353.0,66000830.0
Bangladesh,2004,1907.494,9323.0,66783470.0,-0.16794865554720095,2,9328.0,66605070.0
Bangladesh,2005,1904.285,9311.0,67080770.0,-0.16823119758173632,2,9323.0,66783470.0
Bangladesh,2006,1901.076,9280.0,67560670.0,-0.1685146918659841,2,9311.0,67080770.0
Bangladesh,2007,1897.867,9266.0,67866970.0,-0.1687991432220537,2,9280.0,67560670.0
Bangladesh,2008,1894.658,9253.0,68333870.0,-0.16908455650475052,2,9266.0,67866970.0
Bangladesh,2009,1891.449,9246.0,68269871.0,-0.16937093660174263,2,9253.0,68333870.0
Bangladesh,2010,1888.24,9241.0,68595382.92,-0.16965828843389374,2,9246.0,68269871.0
Bangladesh,2011,1887.252,9128.0,69362191.48,-0.05232385713680454,1,9241.0,68595382.92
Bangladesh,2012,1886.264,9120.0,70080468.47,-0.05235124932971846,1,9128.0,69362191.48
Bangladesh,2013,1885.276,9108.0,71960288.66,-0.05237867021794518,1,9120.0,70080468.47
Bangladesh,2014,1884.288,9099.0,73290688.86,-0.05240611984664856,1,9108.0,71960288.66
Bangladesh,2015,1883.3,9162.24,74298795.86,-0.052433598260992476,1,9099.0,73290688.86
Bangladesh,2016,1882.312,9194.21,74913777.47,-0.052461105506296235,1,9162.24,74298795.86
Bangladesh,2017,1881.324,9187.33,77115266.61,-0.052488641627945753,1,9194.21,74913777.47
Bangladesh,2018,1880.336,9202.3,77696219.69,-0.05251620667147128,1,9187.33,77115266.61
Bangladesh,2019,1879.348,9397.0,78451193.78999999,-0.05254380068243636,1,9202.3,77696219.69
Bangladesh,2020,1878.36,9430.0,79716616.61,-0.052571423706526677,1,9397.0,78451193.78999999
Bangladesh,2021,1877.372,9418.0,81338374.28,-0.05259907578950562,1,9430.0,79716616.61
Bangladesh,2022,1876.384,9427.0,82769858.41,-0.052626756977314226,1,9418.0,81338374.28
Bangladesh,2023,1875.396,9399.0,84119200.78,-0.05265446731586021,1,9427.0,82769858.41
Barbados,1991,6.3,19.0,107997.8,0.0,1,19.0,107790.56
Barbados,1992,6.3,19.0,103252.34,0.0,1,19.0,107997.8
Barbados,1993,6.3,19.0,93491.2,0.0,1,19.0,103252.34
Barbados,1994,6.3,19.0,93027.66,0.0,1,19.0,93491.2
Barbados,1995,6.3,19.0,93892.2,0.0,1,19.0,93027.66
Barbados,1996,6.3,19.0,94686.54,0.0,1,19.0,93892.2
Barbados,1997,6.3,19.0,83192.34,0.0,1,19.0,94686.54
Barbados,1998,6.3,19.0,81087.2,0.0,1,19.0,83192.34
Barbados,1999,6.3,18.0,76396.95999999999,0.0,1,19.0,81087.2
Barbados,2000,6.3,18.0,75352.68,0.0,1,18.0,76396.95999999999
Barbados,2001,6.3,18.0,64184.4,0.0,1,18.0,75352.68
Barbados,2002,6.3,17.0,58879.76,0.0,1,18.0,64184.4
Barbados,2003,6.3,17.0,54567.64,0.0,1,17.0,58879.76
Barbados,2004,6.3,16.0,46149.34,0.0,1,17.0,54567.64
Barbados,2005,6.3,16.0,39933.14,0.0,1,16.0,46149.34
Barbados,2006,6.3,16.0,33897.14,0.0,1,16.0,39933.14
Barbados,2007,6.3,16.0,31447.46,0.0,1,16.0,33897.14
Barbados,2008,6.3,16.0,33182.68,0.0,1,16.0,31447.46
Barbados,2009,6.3,16.0,35983.72,0.0,1,16.0,33182.68
Barbados,2010,6.3,15.0,36155.76,0.0,1,16.0,35983.72
Barbados,2011,6.3,14.0,34281.56,0.0,1,15.0,36155.76
Barbados,2012,6.3,13.0,34682.22,0.0,1,14.0,34281.56
Barbados,2013,6.3,12.5,33855.880000000005,0.0,1,13.0,34682.22
Barbados,2014,6.3,12.0,33815.68,0.0,1,12.5,33855.880000000005
Barbados,2015,6.3,11.0,34066.0,0.0,1,12.0,33815.68
Barbados,2016,6.3,10.0,33427.06,0.0,1,11.0,34066.0
Barbados,2017,6.3,10.0,33652.85,0.0,1,10.0,33427.06
Barbados,2018,6.3,10.0,33517.21,0.0,1,10.0,33652.85
Barbados,2019,6.3,10.0,33261.2,0.0,1,10.0,33517.21
Barbados,2020,6.3,10.0,32422.14,0.0,1,10.0,33261.2
Barbados,2021,6.3,10.0,32365.02,0.0,1,10.0,32422.14
Barbados,2022,6.3,10.0,32829.7,0.0,1,10.0,32365.02
Barbados,2023,6.3,10.0,32128.88,0.0,1,10.0,32829.7
Belarus,1993,7927.9,9354.0,30901577.26,0.6257456908587811,0,9391.0,33007393.97
Belarus,1994,7977.2,9346.0,28674511.85,0.621854463350946,0,9354.0,30901577.26
Belarus,1995,8026.5,9339.0,25649791.85,0.6180113322970415,0,9346.0,28674511.85
Belarus,1996,8075.8,9333.0,23823505.64,0.6142154114495701,0,9339.0,25649791.85
Belarus,1997,8125.1,9306.0,23163899.71,0.6104658362019899,0,9333.0,23823505.64
Belarus,1998,8174.4,9307.0,23458431.12,0.6067617629321287,0,9306.0,23163899.71
Belarus,1999,8223.7,9281.0,22566297.25,0.6031023683695569,0,9307.0,23458431.12
Belarus,2000,8273.0,9252.0,20271048.07,0.5994868489852312,0,9281.0,22566297.25
Belarus,2001,8308.7,9128.0,20812690.88,0.43152423546477525,0,9252.0,20271048.07
Belarus,2002,8344.4,9025.0,20443888.68,0.4296701048298601,0,9128.0,20812690.88
Belarus,2003,8380.1,8986.0,19781793.77,0.4278318393174052,0,9025.0,20443888.68
Belarus,2004,8415.8,8957.0,20205136.32,0.42600923616662456,0,8986.0,19781793.77
Belarus,2005,8451.5,8949.0,21525398.71,0.4242020960574244,0,8957.0,20205136.32
Belarus,2006,8487.2,8958.0,22072380.42,0.42241022303732834,0,8949.0,21525398.71
Belarus,2007,8522.9,8916.0,21999431.03,0.42063342445093355,0,8958.0,22072380.42
Belarus,2008,8558.6,8917.0,22262159.55,0.41887151087072194,0,8916.0,21999431.03
Belarus,2009,8594.3,8927.0,23846043.75,0.4171242960297139,0,8917.0,22262159.55
Belarus,2010,8630.0,8898.0,23887208.26,0.41539159675598736,0,8927.0,23846043.75
Belarus,2011,8630.7,8875.0,23578436.56,0.008111239860952857,1,8898.0,23887208.26
Belarus,2012,8631.4,8796.0,23910812.35,0.008110581992171184,1,8875.0,23578436.56
Belarus,2013,8632.1,8711.2,24607421.59,0.008109924230148557,1,8796.0,23910812.35
Belarus,2014,8632.8,8623.9,24488363.22,0.00810926657475175,1,8711.2,24607421.59
Belarus,2015,8633.5,8574.2,24821637.36,0.008108609026047375,1,8623.9,24488363.22
Belarus,2016,8675.41,8532.7,24570405.35,0.48543464411883175,0,8574.2,24821637.36
Belarus,2017,8717.32,8494.0,24949821.67,0.4830895600323126,0,8532.7,24570405.35
Belarus,2018,8759.23,8453.0,24936605.3,0.48076702472779065,0,8494.0,24949821.67
Belarus,2019,8801.14,8387.0,24810116.38,0.47846671453997125,0,8453.0,24936605.3
Belarus,2020,8843.05,8281.0,25189052.42,0.47618831196867273,0,8387.0,24810116.38
Belarus,2021,8869.52,8174.0,25059967.77,0.29933111313404925,0,8281.0,25189052.42
Belarus,2022,8895.99,8094.0,25190727.35,0.29843779595737363,0,8174.0,25059967.77
Belarus,2023,8922.46,8034.0,24980316.62,0.29754979490759226,0,8094.0,25190727.35
Belgium,2001,669.557,1386.8,14248846.43,0.33822868275139584,0,1389.6,14068291.41
Belgium,2002,671.814,1389.1,13970275.27,0.33708855258027803,0,1386.8,14248846.43
Belgium,2003,674.071,1392.2,13278502.09,0.33595608308252256,0,1389.1,13970275.27
Belgium,2004,676.328,1391.3,12805968.69,0.3348311973071061,0,1392.2,13278502.09
Belgium,2005,678.585,1383.0,12576730.87,0.33371381933027244,0,1391.3,12805968.69
Belgium,2006,680.842,1380.0,12323710.29,0.33260387423830196,0,1383.0,12576730.87
Belgium,2007,683.099,1366.9,12302931.58,0.3315012881109025,0,1380.0,12323710.29
Belgium,2008,685.356,1365.3,12188516.01,0.33040598800466725,0,1366.9,12302931.58
Belgium,2009,687.613,1363.6,12171275.78,0.3293179019371095,0,1365.3,12188516.01
Belgium,2010,689.87,1355.7,12449973.85,0.32823695887074233,0,1363.6,12171275.78
Belgium,2011,689.756,1335.7,12483176.31,-0.016524852508448262,1,1355.7,12449973.85
Belgium,2012,689.642,1332.0,12147686.64,-0.016527583667258483,1,1335.7,12483176.31
Belgium,2013,689.528,1336.5,12384910.55,-0.016530315729035294,1,1332.0,12147686.64
Belgium,2014,689.414,1331.3,12830536.83,-0.01653304869418948,1,1336.5,12384910.55
Belgium,2015,689.3,1328.0,13352762.84,-0.016535782563165125,1,1331.3,12830536.83
Belgium,2016,685.544,1350.8,13412772.38,-0.544900623821265,2,1328.0,13352762.84
Belgium,2017,681.788,1327.0,13353516.9,-0.5478860583711609,2,1350.8,13412772.38
Belgium,2018,678.032,1354.0,13350452.0,-0.5509043867008456,2,1327.0,13353516.9
Belgium,2019,674.276,1356.0,13192785.0,-0.553956155461699,2,1354.0,13350452.0
Belgium,2020,670.52,1364.6093,13051255.0,-0.5570419234853352,2,1356.0,13192785.0
Belgium,2021,670.52,1365.67,12911332.0,0.0,1,1364.6093,13051255.0
Belgium,2022,670.52,1359.0,12946675.0,0.0,1,1365.67,12911332.0
Belgium,2023,670.52,1353.3,13046861.0,0.0,1,1359.0,12946675.0
Belgium-Luxembourg,1991,762.28,1423.0,16449532.0,-0.12054507337526665,2,1443.0,15474922.0
Belgium-Luxembourg,1992,761.36,1471.0,16092087.0,-0.12069055989923916,2,1423.0,16449532.0
Belgium-Luxembourg,1993,760.44,1483.0,15931963.0,-0.1208363980245819,2,1471.0,16092087.0
Belgium-Luxembourg,1994,759.52,1492.0,15680962.0,-0.12098258902741854,2,1483.0,15931963.0
Belgium-Luxembourg,1995,758.6,1495.0,15844402.0,-0.12112913419001226,2,1492.0,15680962.0
Belgium-Luxembourg,1996,757.68,1501.0,15850849.0,-0.1212760348009545,2,1495.0,15844402.0
Belgium-Luxembourg,1997,756.76,1510.0,15394371.0,-0.12142329215499847,2,1501.0,15850849.0
Belgium-Luxembourg,1998,755.84,1518.0,14917345.0,-0.12157090755324784,2,1510.0,15394371.0
Belgium-Luxembourg,1999,754.92,1521.0,14832835.0,-0.12171888230314565,2,1518.0,14917345.0
Belize,1991,1572.24,130.0,144731.64,-0.4804314388256903,2,126.0,158948.65
Belize,1992,1564.65,136.0,176973.75,-0.48275072508013883,2,130.0,144731.64
Belize,1993,1557.06,143.0,146327.05,-0.48509251270253406,2,136.0,176973.75
Belize,1994,1549.47,143.0,154722.11,-0.48745713074640484,2,143.0,146327.05
Belize,1995,1541.88,146.0,119203.51,-0.48984491471276703,2,143.0,154722.11
Belize,1996,1534.29,147.0,119503.69,-0.49225620670870773,2,146.0,119203.51
Belize,1997,1526.7,148.0,129465.32,-0.4946913556107324,2,147.0,119503.69
Belize,1998,1519.11,148.0,139471.32,-0.4971507172332523,2,148.0,129465.32
Belize,1999,1511.52,150.0,150806.37,-0.4996346545016461,2,148.0,139471.32
Belize,2000,1503.93,149.0,139225.49,-0.5021435376309835,2,150.0,150806.37
Belize,2001,1496.34,149.0,157603.21,-0.5046777443099226,2,149.0,139225.49
Belize,2002,1488.75,152.0,159663.75,-0.5072376598901251,2,149.0,157603.21
Belize,2003,1481.16,152.0,169115.18,-0.5098236775818554,2,152.0,159663.75
Belize,2004,1473.57,152.0,178403.34,-0.5124361986551196,2,152.0,169115.18
Belize,2005,1465.98,152.0,155981.35,-0.5150756326472439,2,152.0,178403.34
Belize,2006,1458.39,152.0,176599.89,-0.5177423975770368,2,152.0,155981.35
Belize,2007,1450.8,152.0,186220.66,-0.5204369201654013,2,152.0,176599.89
Belize,2008,1443.21,152.0,205139.0,-0.5231596360628532,2,152.0,186220.66
Belize,2009,1435.62,155.0,223986.49,-0.5259109900846104,2,152.0,205139.0
Belize,2010,1428.03,157.0,224333.24,-0.528691436452533,2,155.0,223986.49
Belize,2011,1420.498,157.0,238137.26,-0.5274398997219931,2,157.0,224333.24
Belize,2012,1412.966,160.0,249316.94,-0.5302365790025854,2,157.0,238137.26
Belize,2013,1405.434,160.0,275044.75,-0.5330630744122544,2,160.0,249316.94
Belize,2014,1397.902,160.0,231773.45,-0.5359198653227315,2,160.0,275044.75
Belize,2015,1390.37,170.0,238528.88,-0.5388074414372501,2,160.0,231773.45
Belize,2016,1382.838,170.0,235883.26,-0.5417263030704,2,170.0,238528.88
Belize,2017,1375.306,172.0,242151.39,-0.5446769614372737,2,170.0,235883.26
Belize,2018,1367.774,172.0,251178.77,-0.5476599389517833,2,172.0,242151.39
Belize,2019,1360.242,174.0,250982.32,-0.5506757695350251,2,172.0,251178.77
Belize,2020,1352.71,180.0,248080.2,-0.5537249989340132,2,174.0,250982.32
Belize,2021,1345.178,182.0,250160.64,-0.5568081850507389,2,180.0,248080.2
Belize,2022,1337.646,182.0,254960.23,-0.5599258982826205,2,182.0,250160.64
Belize,2023,1330.114,182.0,255192.97,-0.5630787218740885,2,182.0,254960.23
Benin,1991,6849.535,2268.311,3116457.7,-1.8708131092302183,2,2261.296,2877208.4
Benin,1992,6718.95,2290.166,3265492.9,-1.9064797829341673,2,2268.311,3116457.7
Benin,1993,6588.365,2325.838,3259738.89,-1.94353284367349,2,2290.166,3265492.9
Benin,1994,6457.78,2387.057,3636552.78,-1.9820547282975332,2,2325.838,3259738.89
Benin,1995,6327.195,2514.613,3107258.79,-2.0221345415916914,2,2387.057,3636552.78
Benin,1996,6196.61,2704.835,3591835.94,-2.0638687443646053,2,2514.613,3107258.79
Benin,1997,6066.025,2889.869,3716269.97,-2.1073619285383427,2,2704.835,3591835.94
Benin,1998,5935.44,3040.82,3913678.29,-2.1527276923520744,2,2889.869,3716269.97
Benin,1999,5804.855,3105.996,4032252.59,-2.2000896310972795,2,3040.82,3913678.29
Benin,2000,5674.27,3191.876,4218116.59,-2.249582461577404,2,3105.996,4032252.59
Benin,2001,5533.265,3259.529,4373944.47,-2.484989258530179,2,3191.876,4218116.59
Benin,2002,5392.26,3367.339,4505511.48,-2.548314602680335,2,3259.529,4373944.47
Benin,2003,5251.255,3470.997,4594005.76,-2.6149518012855477,2,3367.339,4505511.48
Benin,2004,5110.25,3459.245,4695857.51,-2.6851676408782277,2,3470.997,4594005.76
Benin,2005,4969.245,3473.552,4696052.51,-2.759258353309524,2,3459.245,4695857.51
Benin,2006,4828.24,3339.326,4920120.92,-2.8375537933830963,2,3473.552,4696052.51
Benin,2007,4687.235,3379.104,5033830.33,-2.9204223485162273,2,3339.326,4920120.92
Benin,2008,4546.23,3583.892,5149630.390000001,-3.0082767345780637,2,3379.104,5033830.33
Benin,2009,4405.225,3740.325,5267210.33,-3.101580870303511,2,3583.892,5149630.390000001
Benin,2010,4264.22,3487.144,5389516.66,-3.2008580719486535,2,3740.325,5267210.33
Benin,2011,4112.794,3619.365,5516413.45,-3.551083199272087,2,3487.144,5389516.66
Benin,2012,3961.368,3765.196,5642453.25,-3.681827973878582,2,3619.365,5516413.45
Benin,2013,3809.942,3980.544,5773077.51,-3.8225683652717946,2,3765.196,5642453.25
Benin,2014,3658.516,3997.902,5925445.63,-3.974496199679678,2,3980.544,5773077.51
Benin,2015,3507.09,4073.223,6064051.96,-4.139000622110167,2,3997.902,5925445.63
Benin,2016,3469.708,3876.745,6207872.23,-1.0658979381766631,2,4073.223,6064051.96
Benin,2017,3432.326,4093.3799,6363957.0,-1.0773817277995756,2,3876.745,6207872.23
Benin,2018,3394.944,4460.8086,6514583.0600000005,-1.0891156609249886,2,4093.3799,6363957.0
Benin,2019,3357.562,4631.2094,6666064.65,-1.101108000603257,2,4460.8086,6514583.0600000005
Benin,2020,3320.18,4433.0486,5100924.93,-1.1133673778771613,2,4631.2094,6666064.65
Benin,2021,3282.798,4623.4245,5568229.74,-1.125902812498114,2,4433.0486,5100924.93
Benin,2022,3245.416,4855.7123,6080064.04,-1.1387237350577006,2,4623.4245,5568229.74
Benin,2023,3208.034,4716.7523,6604481.08,-1.1518400106488635,2,4855.7123,6080064.04
Bhutan,1991,2516.648,504.0,817972.01,0.3960554030765451,0,454.0,1225926.65
Bhutan,1992,2526.576,504.0,757491.37,0.3944929922659046,0,504.0,817972.01
Bhutan,1993,2536.504,505.0,753998.37,0.3929428602187368,0,504.0,757491.37
Bhutan,1994,2546.432,509.0,751247.37,0.39140486275597297,0,505.0,753998.37
Bhutan,1995,2556.36,565.0,830082.74,0.3898788579471235,0,509.0,751247.37
Bhutan,1996,2566.288,570.0,799073.9099999999,0.38836470606642415,0,565.0,830082.74
Bhutan,1997,2576.216,572.0,795539.64,0.38686226955040315,0,570.0,799073.9099999999
Bhutan,1998,2586.144,572.0,791342.55,0.38537141295604815,0,572.0,795539.64
Bhutan,1999,2596.072,572.0,856053.12,0.3838920029201942,0,572.0,791342.55
Bhutan,2000,2606.0,578.0,790357.7,0.38242390811964455,0,572.0,856053.12
Bhutan,2001,2615.929,579.0,727856.9099999999,0.3810053722179685,0,578.0,790357.7
Bhutan,2002,2625.858,580.0,723019.47,0.37955923115651213,0,579.0,727856.9099999999
Bhutan,2003,2635.787,583.0,738490.11,0.37812402650865273,0,580.0,723019.47
Bhutan,2004,2645.716,584.0,754071.6599999999,0.37669963468216494,0,583.0,738490.11
Bhutan,2005,2655.645,593.0,857161.54,0.3752859339400061,0,584.0,754071.6599999999
Bhutan,2006,2665.574,577.0,752533.69,0.37388280436578825,0,593.0,857161.54
Bhutan,2007,2675.503,563.0,765599.3400000001,0.372490127829872,0,577.0,752533.69
Bhutan,2008,2685.432,521.3,737321.6799999999,0.3711077879561264,0,563.0,765599.3400000001
Bhutan,2009,2695.361,520.0,746383.9199999999,0.3697356700895771,0,521.3,737321.6799999999
Bhutan,2010,2705.29,520.0,745391.21,0.36837366126467597,0,520.0,746383.9199999999
Bhutan,2011,2707.268,519.6,736384.1,0.07311600604740232,1,520.0,745391.21
Bhutan,2012,2709.246,519.6,732310.6,0.07306258560291212,1,519.6,736384.1
Bhutan,2013,2711.224,519.6,741642.6,0.07300924316211432,1,519.6,732310.6
Bhutan,2014,2713.202,525.6,756741.77,0.07295597855434544,1,519.6,741642.6
Bhutan,2015,2715.18,525.6,772363.48,0.07290279160931945,1,525.6,756741.77
Bhutan,2016,2715.576,519.0,789816.9099999999,0.014584668419770352,1,525.6,772363.48
Bhutan,2017,2715.972,513.0,795912.4299999999,0.014582541604446497,1,519.0,789816.9099999999
Bhutan,2018,2716.368,513.0,825211.0700000001,0.01458041540927102,1,513.0,795912.4299999999
Bhutan,2019,2716.764,513.0,807461.84,0.014578289834088487,1,513.0,825211.0700000001
Bhutan,2020,2717.16,516.5,775770.71,0.01457616487849922,1,513.0,807461.84
Bhutan,2021,2708.676,520.0,800419.88,-0.3122377776796359,2,516.5,775770.71
Bhutan,2022,2700.192,523.5,741113.73,-0.31321575559424275,2,520.0,800419.88
Bhutan,2023,2691.708,527.0,656611.98,-0.31419987911970315,2,523.5,741113.73
Bolivia (Plurinational State of),1991,61505.413,35796.0,14081376.19,-0.43517653960615243,2,35455.0,13715383.51
Bolivia (Plurinational State of),1992,61236.586,35831.0,14452467.65,-0.4370786031466789,2,35796.0,14081376.19
Bolivia (Plurinational State of),1993,60967.759,36213.0,14644553.98,-0.4389973667049407,2,35831.0,14452467.65
Bolivia (Plurinational State of),1994,60698.932,36351.0,15017314.66,-0.4409330511885745,2,36213.0,14644553.98
Bolivia (Plurinational State of),1995,60430.105,36600.0,15351838.94,-0.4428858814187975,2,36351.0,15017314.66
Bolivia (Plurinational State of),1996,60161.278,36684.0,15937717.71,-0.44485608621730455,2,36600.0,15351838.94
Bolivia (Plurinational State of),1997,59892.451,36874.0,16184626.8,-0.4468438984956413,2,36684.0,15937717.71
Bolivia (Plurinational State of),1998,59623.624,36982.0,16589393.1,-0.44884955534713056,2,36874.0,16184626.8
Bolivia (Plurinational State of),1999,59354.797,37069.0,17081705.62,-0.45087329814103017,2,36982.0,16589393.1
Bolivia (Plurinational State of),2000,59085.97,37143.0,18240841.83,-0.45291537261933357,2,37069.0,17081705.62
Bolivia (Plurinational State of),2001,58927.348,37156.0,17627996.39,-0.2684596698674935,2,37143.0,18240841.83
Bolivia (Plurinational State of),2002,58768.726,37311.0,18055352.21,-0.2691823158238793,2,37156.0,17627996.39
Bolivia (Plurinational State of),2003,58610.104,36647.0,18519799.11,-0.2699088627512558,2,37311.0,18055352.21
Bolivia (Plurinational State of),2004,58451.482,36617.0,18995641.09,-0.2706393423222653,2,36647.0,18519799.11
Bolivia (Plurinational State of),2005,58292.86,36962.0,19414819.97,-0.2713737865534416,2,36617.0,18995641.09
Bolivia (Plurinational State of),2006,58134.238,37141.7778,20443046.61,-0.27211222780972877,2,36962.0,19414819.97
Bolivia (Plurinational State of),2007,57975.616,37282.5556,21908552.78,-0.27285469880932167,2,37141.7778,20443046.61
Bolivia (Plurinational State of),2008,57816.994,37411.3333,22450490.27,-0.27360123262856195,2,37282.5556,21908552.78
Bolivia (Plurinational State of),2009,57658.372,37540.1111,22920931.26,-0.27435186270665657,2,37411.3333,22450490.27
Bolivia (Plurinational State of),2010,57499.75,37668.8889,21463146.75,-0.2751066228508847,2,37540.1111,22920931.26
Bolivia (Plurinational State of),2011,57337.236,37803.6667,21979372.12,-0.2826342723229236,2,37668.8889,21463146.75
Bolivia (Plurinational State of),2012,57174.722,37943.4444,22676237.19,-0.28343535778388995,2,37803.6667,21979372.12
Bolivia (Plurinational State of),2013,57012.208,38084.2222,23238035.84,-0.2842409972714899,2,37943.4444,22676237.19
Bolivia (Plurinational State of),2014,56849.694,38222.0,23296673.8,-0.28505122972959374,2,38084.2222,23238035.84
Bolivia (Plurinational State of),2015,56687.18,38221.0,23996105.44,-0.28586609454749334,2,38222.0,23296673.8
Bolivia (Plurinational State of),2016,56463.558,38083.0,24485404.72,-0.394484255523031,2,38221.0,23996105.44
Bolivia (Plurinational State of),2017,56239.936,37940.0,25074488.24,-0.39604659699269407,2,38083.0,24485404.72
Bolivia (Plurinational State of),2018,56016.314,38200.549,25760203.36,-0.3976213628692715,2,37940.0,25074488.24
Bolivia (Plurinational State of),2019,55792.692,38505.2649,25996425.28,-0.3992087019506374,2,38200.549,25760203.36
Bolivia (Plurinational State of),2020,55569.07,38527.1214,26932924.39,-0.4008087654203907,2,38505.2649,25996425.28
Bolivia (Plurinational State of),2021,55329.31,38655.1642,27673657.56,-0.4314630423003285,2,38527.1214,26932924.39
Bolivia (Plurinational State of),2022,55089.55,38815.3989,28718804.9,-0.43333271280627805,2,38655.1642,27673657.56
Bolivia (Plurinational State of),2023,54849.79,38815.3989,29949398.41,-0.4352186576220052,2,38815.3989,28718804.9
Bosnia and Herzegovina,1993,2180.495,2190.0,2544464.01,-0.44901909757890657,2,2200.0,2627309.0
Bosnia and Herzegovina,1994,2170.66,2180.0,2275606.0,-0.45104437295201416,2,2190.0,2544464.01
Bosnia and Herzegovina,1995,2160.825,2175.0,1831222.0,-0.4530880008845273,2,2180.0,2275606.0
Bosnia and Herzegovina,1996,2150.99,2170.0,1517512.99,-0.45515023197159055,2,2175.0,1831222.0
Bosnia and Herzegovina,1997,2141.155,2165.0,1834120.36,-0.4572313213915269,2,2170.0,1517512.99
Bosnia and Herzegovina,1998,2131.32,2160.0,2074141.0,-0.4593315290112088,2,2165.0,1834120.36
Bosnia and Herzegovina,1999,2121.485,2105.0,2106582.0,-0.4614511194940274,2,2160.0,2074141.0
Bosnia and Herzegovina,2000,2111.65,2130.0,2279424.99,-0.46359036241123697,2,2105.0,2106582.0
Bosnia and Herzegovina,2001,2110.751,2126.0,2139193.01,-0.042573343120300144,1,2130.0,2279424.99
Bosnia and Herzegovina,2002,2109.852,2123.0,2107432.99,-0.04259147573543176,1,2126.0,2139193.01
Bosnia and Herzegovina,2003,2108.953,2169.0,2277094.0,-0.0426096238029916,1,2123.0,2107432.99
Bosnia and Herzegovina,2004,2108.054,2169.4,2388563.86,-0.042627787342808254,1,2169.0,2277094.0
Bosnia and Herzegovina,2005,2107.155,2157.0,2520826.35,-0.04264596637466589,1,2169.4,2388563.86
Bosnia and Herzegovina,2006,2106.256,2159.0,2633327.09,-0.042664160918415295,1,2157.0,2520826.35
Bosnia and Herzegovina,2007,2105.357,2149.0,2595570.04,-0.042682370993829544,1,2159.0,2633327.09
Bosnia and Herzegovina,2008,2104.458,2130.0,2629920.74,-0.04270059662090375,1,2149.0,2595570.04
Bosnia and Herzegovina,2009,2103.559,2128.0,2624471.36,-0.042718837819522015,1,2130.0,2629920.74
Bosnia and Herzegovina,2010,2102.66,2144.0,2559771.51,-0.04273709460967945,1,2128.0,2624471.36
Bosnia and Herzegovina,2011,2114.228,2151.0,2451910.81,0.5501602731778021,0,2144.0,2559771.51
Bosnia and Herzegovina,2012,2125.796,2156.0,2386589.99,0.547150070853264,0,2151.0,2451910.81
Bosnia and Herzegovina,2013,2137.364,2161.0,2267803.76,0.5441726299231009,0,2156.0,2386589.99
Bosnia and Herzegovina,2014,2148.932,2157.0,2152828.06,0.5412274184462662,0,2161.0,2267803.76
Bosnia and Herzegovina,2015,2160.5,2176.0,2273998.04,0.5383139159359285,0,2157.0,2152828.06
Bosnia and Herzegovina,2016,2159.776,2209.0,2172930.09,-0.03351076139783693,1,2176.0,2273998.04
Bosnia and Herzegovina,2017,2159.052,2228.0,2100638.51,-0.033521994873531025,1,2209.0,2172930.09
Bosnia and Herzegovina,2018,2158.328,2211.0,2021913.04,-0.03353323588316526,1,2228.0,2100638.51
Bosnia and Herzegovina,2019,2157.604,2216.0,1943947.9,-0.03354448443425584,1,2211.0,2021913.04
Bosnia and Herzegovina,2020,2156.88,2242.0,1939295.26,-0.033555740534396694,1,2216.0,1943947.9
Bosnia and Herzegovina,2021,2157.92,2263.0,1588770.74,0.04821779607582233,1,2242.0,1939295.26
Bosnia and Herzegovina,2022,2158.96,1117.0,1580206.55,0.048194557722247566,1,2263.0,1588770.74
Bosnia and Herzegovina,2023,2160.0,1113.0,1558180.25,0.04817134175714166,1,1117.0,1580206.55
Botswana,1991,15727.9,25901.0,5360608.65,0.0,1,26021.0,6662790.6
Botswana,1992,15727.9,25851.0,5163006.49,0.0,1,25901.0,5360608.65
Botswana,1993,15727.9,25951.0,4779890.9,0.0,1,25851.0,5163006.49
Botswana,1994,15727.9,25996.0,5072948.83,0.0,1,25951.0,4779890.9
Botswana,1995,15727.9,25946.0,6134882.970000001,0.0,1,25996.0,5072948.83
Botswana,1996,15727.9,25946.0,5519553.55,0.0,1,25946.0,6134882.970000001
Botswana,1997,15727.9,25901.0,5296135.45,0.0,1,25946.0,5519553.55
Botswana,1998,15727.9,25831.0,5557907.5600000005,0.0,1,25901.0,5296135.45
Botswana,1999,15727.9,25841.0,5809144.48,0.0,1,25831.0,5557907.5600000005
Botswana,2000,15727.9,25951.0,5877079.04,0.0,1,25841.0,5809144.48
Botswana,2001,15727.9,25801.0,5701330.0600000005,0.0,1,25951.0,5877079.04
Botswana,2002,15727.9,25846.0,4658564.52,0.0,1,25801.0,5701330.0600000005
Botswana,2003,15727.9,25796.0,4746055.3100000005,0.0,1,25846.0,4658564.52
Botswana,2004,15727.9,25827.0,4886981.37,0.0,1,25796.0,4746055.3100000005
Botswana,2005,15727.9,25815.0,5037995.24,0.0,1,25827.0,4886981.37
Botswana,2006,15727.9,25803.0,5088282.34,0.0,1,25815.0,5037995.24
Botswana,2007,15727.9,25784.0,5131155.98,0.0,1,25803.0,5088282.34
Botswana,2008,15727.9,25881.0,5249466.95,0.0,1,25784.0,5131155.98
Botswana,2009,15727.9,25918.0,5723237.17,0.0,1,25881.0,5249466.95
Botswana,2010,15727.9,25861.0,6326228.67,0.0,1,25918.0,5723237.17
Botswana,2011,15727.9,25926.0,6157592.79,0.0,1,25861.0,6326228.67
Botswana,2012,15727.9,25887.0,5605197.44,0.0,1,25926.0,6157592.79
Botswana,2013,15727.9,25882.0,5275123.48,0.0,1,25887.0,5605197.44
Botswana,2014,15727.9,26004.0,4358482.92,0.0,1,25882.0,5275123.48
Botswana,2015,15727.9,25861.6,4698249.3,0.0,1,26004.0,4358482.92
Botswana,2016,15728.36,25861.6,4206659.9,0.002924738839893415,1,25861.6,4698249.3
Botswana,2017,15728.82,25861.6,3398473.65,0.002924653301428215,1,25861.6,4206659.9
Botswana,2018,15729.28,25861.6,3385512.72,0.0029245677679590187,1,25861.6,3398473.65
Botswana,2019,15729.74,25862.0,3175213.92,0.002924482239485826,1,25861.6,3385512.72
Botswana,2020,15730.2,25862.0,3413147.67,0.0029243967160308415,1,25862.0,3175213.92
Botswana,2021,15730.2,25862.0,3332791.72,0.0,1,25862.0,3413147.67
Botswana,2022,15730.2,25862.0,3731872.28,0.0,1,25862.0,3332791.72
Botswana,2023,15730.2,25862.0,3441373.47,0.0,1,25862.0,3731872.28
Brazil,1991,612670.971,233480.2,446503176.43,-0.9333578960824984,2,234900.0,424798200.78
Brazil,1992,606898.682,232060.4,450178771.08,-0.9421515418918003,2,233480.2,446503176.43
Brazil,1993,601126.393,230640.6,454727109.0,-0.9511124626235379,2,232060.4,450178771.08
Brazil,1994,595354.104,229220.8,459276764.98,-0.9602454770273217,2,230640.6,454727109.0
Brazil,1995,589581.815,227805.0,464948220.08,-0.9695555907346387,2,229220.8,459276764.98
Brazil,1996,583809.526,227908.7,460821569.79,-0.9790480054070128,2,227805.0,464948220.08
Brazil,1997,578037.237,228012.4,472359535.81,-0.9887281284272853,2,227908.7,460821569.79
Brazil,1998,572264.948,228116.1,483936109.06,-0.9986015831710104,2,228012.4,472359535.81
Brazil,1999,566492.659,228219.8,497613834.02,-1.0086742198999743,2,228116.1,483936109.06
Brazil,2000,560720.37,228323.5,511991361.67,-1.018952127321382,2,228219.8,497613834.02
Brazil,2001,557157.077,228427.2,535842322.43,-0.6354848496051502,2,228323.5,511991361.67
Brazil,2002,553593.784,228530.9,560135064.63,-0.639549087159863,2,228427.2,535842322.43
Brazil,2003,550030.491,228634.6,585570191.06,-0.6436656449162581,2,228530.9,560135064.63
Brazil,2004,546467.198,228738.3,610189200.19,-0.6478355397210311,2,228634.6,585570191.06
Brazil,2005,542903.905,228842.0,630053709.81,-0.6520598149424406,2,228738.3,610189200.19
Brazil,2006,539340.612,228951.0,636334197.9,-0.6563395413411222,2,228842.0,630053709.81
Brazil,2007,535777.319,229671.8,628928989.4300001,-0.6606758179745542,2,228951.0,636334197.9
Brazil,2008,532214.026,230392.6,628919436.79,-0.6650697731383604,2,229671.8,628928989.4300001
Brazil,2009,528650.733,231113.4,632405150.81,-0.6695225653447823,2,230392.6,628919436.79
Brazil,2010,525087.44,231834.2,643924859.22,-0.674035384341376,2,231113.4,632405150.81
Brazil,2011,523171.738,232555.0,650986078.14,-0.3648348549338598,2,231834.2,643924859.22
Brazil,2012,521256.036,233275.8,652455606.3299999,-0.3661707735443498,2,232555.0,650986078.14
Brazil,2013,519340.334,233996.6,661660877.94,-0.3675165115977763,2,233275.8,652455606.3299999
Brazil,2014,517424.632,234717.4,659060910.71,-0.3688721777577175,2,233996.6,661660877.94
Brazil,2015,515508.93,235438.0,653917582.81,-0.3702378822970309,2,234717.4,659060910.71
Brazil,2016,512880.52,236159.0,654091988.16,-0.5098670162706931,2,235438.0,653917582.81
Brazil,2017,510252.11,236879.0,649482560.34,-0.5124799826673132,2,236159.0,654091988.16
Brazil,2018,507623.7,236854.8,651181362.4200001,-0.5151198688820635,2,236879.0,649482560.34
Brazil,2019,504995.29,236830.8,659188223.38,-0.5177870930770267,2,236854.8,651181362.4200001
Brazil,2020,502366.88,236806.8,665485878.3,-0.5204820821200107,2,236830.8,659188223.38
Brazil,2021,499110.832,236782.8,675584478.76,-0.648141453911133,2,236806.8,665485878.3
Brazil,2022,495854.784,236758.8,703623262.47,-0.6523697325807598,2,236782.8,675584478.76
Brazil,2023,492598.736,236758.8,727337144.3,-0.6566535415336472,2,236758.8,703623262.47
Brunei Darussalam,1991,411.4,13.0,60637.7,-0.3874092009685248,2,13.0,55498.88
Brunei Darussalam,1992,409.8,13.0,49856.29,-0.3889158969372808,2,13.0,60637.7
Brunei Darussalam,1993,408.2,13.0,44938.47,-0.3904343582235237,2,13.0,49856.29
Brunei Darussalam,1994,406.6,13.0,55031.75,-0.39196472317490905,2,13.0,44938.47
Brunei Darussalam,1995,405.0,12.0,39951.8,-0.3935071323167838,2,13.0,55031.75
Brunei Darussalam,1996,403.4,12.0,50305.55,-0.39506172839506304,2,12.0,39951.8
Brunei Darussalam,1997,401.8,12.0,56890.2,-0.3966286564204169,2,12.0,50305.55
Brunei Darussalam,1998,400.2,12.0,67592.8,-0.3982080637133012,2,12.0,56890.2
Brunei Darussalam,1999,398.6,12.0,128592.3,-0.39980009995002064,2,12.0,67592.8
Brunei Darussalam,2000,397.0,12.0,98764.4,-0.4014049172102463,2,12.0,128592.3
Brunei Darussalam,2001,395.3,13.0,94600.3,-0.4282115869017611,2,12.0,98764.4
Brunei Darussalam,2002,393.6,13.0,96925.0,-0.43005312420946185,2,13.0,94600.3
Brunei Darussalam,2003,391.9,13.0,99373.5,-0.4319105691056979,2,13.0,96925.0
Brunei Darussalam,2004,390.2,13.0,83768.2,-0.433784128604231,2,13.0,99373.5
Brunei Darussalam,2005,388.5,13.0,64518.15,-0.43567401332649247,2,13.0,83768.2
Brunei Darussalam,2006,386.8,12.3,44281.9,-0.4375804375804315,2,13.0,64518.15
Brunei Darussalam,2007,385.1,12.4,39499.8,-0.43950361944157246,2,12.3,44281.9
Brunei Darussalam,2008,383.4,12.4,24078.45,-0.4414437808361593,2,12.4,39499.8
Brunei Darussalam,2009,381.7,13.4,24797.29,-0.44340114762649874,2,12.4,24078.45
Brunei Darussalam,2010,380.0,13.4,20673.87,-0.44537594969871197,2,13.4,24797.29
Brunei Darussalam,2011,380.0,13.4,26312.71,0.0,1,13.4,20673.87
Brunei Darussalam,2012,380.0,13.4,24278.5,0.0,1,13.4,26312.71
Brunei Darussalam,2013,380.0,13.4,16210.34,0.0,1,13.4,24278.5
Brunei Darussalam,2014,380.0,13.4,16740.7,0.0,1,13.4,16210.34
Brunei Darussalam,2015,380.0,13.4,14294.13,0.0,1,13.4,16740.7
Brunei Darussalam,2016,380.0,13.4,24233.33,0.0,1,13.4,14294.13
Brunei Darussalam,2017,380.0,13.4,27022.08,0.0,1,13.4,24233.33
Brunei Darussalam,2018,380.0,13.4,25303.61,0.0,1,13.4,27022.08
Brunei Darussalam,2019,380.0,13.4,24368.65,0.0,1,13.4,25303.61
Brunei Darussalam,2020,380.0,13.4,36868.78,0.0,1,13.4,24368.65
Brunei Darussalam,2021,380.0,13.4,61782.35,0.0,1,13.4,36868.78
Brunei Darussalam,2022,380.0,13.4,30067.87,0.0,1,13.4,61782.35
Brunei Darussalam,2023,380.0,13.4,16634.76,0.0,1,13.4,30067.87
Bulgaria,1991,3331.8,6161.0,7649796.26,0.14427412082957947,0,6159.0,8355498.55
Bulgaria,1992,3336.6,6154.0,7460082.59,0.144066270484422,0,6161.0,7649796.26
Bulgaria,1993,3341.4,6121.0,6130588.18,0.1438590181622068,0,6154.0,7460082.59
Bulgaria,1994,3346.2,6159.0,5089133.51,0.14365236128568437,0,6121.0,6130588.18
Bulgaria,1995,3351.0,6164.0,4519734.6,0.14344629729245995,0,6159.0,5089133.51
Bulgaria,1996,3355.8,6164.0,4590716.54,0.14324082363474933,0,6164.0,4519734.6
Bulgaria,1997,3360.6,6203.0,4069275.5,0.14303593777935664,0,6164.0,4590716.54
Bulgaria,1998,3365.4,5645.0,4226987.85,0.14283163720765213,0,6203.0,4069275.5
Bulgaria,1999,3370.2,5679.0,4623818.49,0.1426279194152169,0,5645.0,4226987.85
Bulgaria,2000,3375.0,5582.0,4637309.91,0.14242478191206498,0,5679.0,4623818.49
Bulgaria,2001,3411.2,5498.0,3593227.35,1.0725925925925806,0,5582.0,4637309.91
Bulgaria,2002,3447.4,5325.0,3634248.12,1.061210131332091,0,5498.0,3593227.35
Bulgaria,2003,3483.6,5326.0,3801620.64,1.0500667169460964,0,5325.0,3634248.12
Bulgaria,2004,3519.8,5330.0,4112397.33,1.0391548972327636,0,5326.0,3801620.64
Bulgaria,2005,3556.0,5265.0,3882745.35,1.028467526564003,0,5330.0,4112397.33
Bulgaria,2006,3592.2,5190.0,3580473.75,1.0179977502812187,0,5265.0,3882745.35
Bulgaria,2007,3628.4,5116.0,3372925.96,1.0077389900339684,0,5190.0,3580473.75
Bulgaria,2008,3664.6,5101.0,3262150.36,0.9976849299966783,0,5116.0,3372925.96
Bulgaria,2009,3700.8,5030.0,3149237.99,0.9878295039022156,0,5101.0,3262150.36
Bulgaria,2010,3737.0,5052.0,3091146.37,0.9781668828361401,0,5030.0,3149237.99
Bulgaria,2011,3756.2,5088.0,3151422.31,0.5137811078405052,0,5052.0,3091146.37
Bulgaria,2012,3775.4,5123.0,3126231.76,0.5111548905809116,0,5088.0,3151422.31
Bulgaria,2013,3794.6,4995.0,3051152.49,0.5085553848598767,0,5123.0,3126231.76
Bulgaria,2014,3813.8,4977.0,3104558.14,0.5059821852105628,0,4995.0,3051152.49
Bulgaria,2015,3833.0,5011.9,3014601.69,0.5034348943311118,0,4977.0,3104558.14
Bulgaria,2016,3845.6,5021.0,3185929.41,0.3287242368901655,0,5011.9,3014601.69
Bulgaria,2017,3858.2,5029.52,2862054.96,0.32764718119409064,0,5021.0,3185929.41
Bulgaria,2018,3870.8,5030.0,2725016.0,0.32657716033384077,0,5029.52,2862054.96
Bulgaria,2019,3883.4,5037.0,2614672.0,0.3255141056112354,0,5030.0,2725016.0
Bulgaria,2020,3896.0,5047.0,2792421.0,0.32445794921975857,0,5037.0,2614672.0
Bulgaria,2021,3908.6,5047.0,2819826.0,0.3234086242299705,0,5047.0,2792421.0
Bulgaria,2022,3921.2,5022.0,2719955.0,0.32236606457554107,0,5047.0,2819826.0
Bulgaria,2023,3933.8,5002.99,2486755.0,0.321330205039283,0,5022.0,2719955.0
Burkina Faso,1991,8106.996,10076.6438,10808218.26,-2.3148747275310355,2,9950.8133,10390973.88
Burkina Faso,1992,7914.882,10202.4743,11023747.06,-2.3697310323083975,2,10076.6438,10808218.26
Burkina Faso,1993,7722.768,10328.3048,11243364.02,-2.4272503367706477,2,10202.4743,11023747.06
Burkina Faso,1994,7530.654,10454.1353,11467825.98,-2.487631377765065,2,10328.3048,11243364.02
Burkina Faso,1995,7338.54,10579.9657,11696593.06,-2.551093171987462,2,10454.1353,11467825.98
Burkina Faso,1996,7146.426,10705.7962,11930644.04,-2.6178776704903095,2,10579.9657,11696593.06
Burkina Faso,1997,6954.312,10831.6267,12169200.13,-2.688252841350358,2,10705.7962,11930644.04
Burkina Faso,1998,6762.198,10957.4572,12412422.63,-2.762516263291026,2,10831.6267,12169200.13
Burkina Faso,1999,6570.084,11083.2877,12660749.09,-2.84099933187405,2,10957.4572,12412422.63
Burkina Faso,2000,6377.97,11211.1181,12913967.84,-2.9240722036430467,2,11083.2877,12660749.09
Burkina Faso,2001,6243.66,11340.9486,13172253.26,-2.105842454574114,2,11211.1181,12913967.84
Burkina Faso,2002,6109.35,11468.7791,13435700.91,-2.1511421185650637,2,11340.9486,13172253.26
Burkina Faso,2003,5975.04,11596.6096,19678279.95,-2.1984335485771833,2,11468.7791,13435700.91
Burkina Faso,2004,5840.73,11739.44,20071786.39,-2.247851060411321,2,11596.6096,19678279.95
Burkina Faso,2005,5706.42,11881.2705,20477196.2,-2.299541324457721,2,11739.44,20071786.39
Burkina Faso,2006,5572.11,12019.101,20886687.8,-2.353664819624224,2,11881.2705,20477196.2
Burkina Faso,2007,5437.8,12149.9315,21304351.25,-2.4103974975368314,2,12019.101,20886687.8
Burkina Faso,2008,5303.49,12288.262,21730374.25,-2.4699326933686483,2,12149.9315,21304351.25
Burkina Faso,2009,5169.18,12431.5924,22164914.8,-2.5324833270167324,2,12288.262,21730374.25
Burkina Faso,2010,5034.87,12591.4229,22608149.65,-2.5982844474365496,2,12431.5924,22164914.8
Burkina Faso,2011,4915.01,12793.2534,23060252.75,-2.3805977115595733,2,12591.4229,22608149.65
Burkina Faso,2012,4795.15,12949.0839,23521395.52,-2.438652210270187,2,12793.2534,23060252.75
Burkina Faso,2013,4675.29,13164.9143,23992548.0,-2.4996089799067756,2,12949.0839,23521395.52
Burkina Faso,2014,4555.43,13320.7448,24523208.0,-2.563691236265553,2,13164.9143,23992548.0
Burkina Faso,2015,4435.57,13486.5753,25100522.0,-2.6311456876738415,2,13320.7448,24523208.0
Burkina Faso,2016,4315.71,13632.4058,25810504.0,-2.702245709119677,2,13486.5753,25100522.0
Burkina Faso,2017,4195.85,13778.2363,26356368.0,-2.77729504531119,2,13632.4058,25810504.0
Burkina Faso,2018,4075.99,14007.2668,26886529.0,-2.856632148432392,2,13778.2363,26356368.0
Burkina Faso,2019,3956.13,14138.7972,27516270.0,-2.9406352812445524,2,14007.2668,26886529.0
Burkina Faso,2020,3836.27,14270.8277,21658183.55,-3.0297285478485314,2,14138.7972,27516270.0
Burkina Faso,2021,3716.41,14410.7582,26638434.12,-3.124389054993526,2,14270.8277,21658183.55
Burkina Faso,2022,3596.55,14596.4887,27063278.92,-3.225155459166229,2,14410.7582,26638434.12
Burkina Faso,2023,3476.69,14610.7887,27325218.31,-3.3326382227412465,2,14596.4887,27063278.92
Burundi,1991,268.226,2077.0,1269931.36,-2.9853877314814925,2,2082.0,1246221.07
Burundi,1992,259.972,2082.0,1236418.46,-3.077255747019314,2,2077.0,1269931.36
Burundi,1993,251.718,2077.0,1200112.06,-3.1749573030941725,2,2082.0,1236418.46
Burundi,1994,243.464,2073.0,1059110.41,-3.27906625668406,2,2077.0,1200112.06
Burundi,1995,235.21,2037.0,1030855.92,-3.3902342851509837,2,2073.0,1059110.41
Burundi,1996,226.956,1993.0,996762.47,-3.5092045406232786,2,2037.0,1030855.92
Burundi,1997,218.702,1952.0,1004893.9,-3.6368282838964316,2,1993.0,996762.47
Burundi,1998,210.448,1913.0,1014495.19,-3.774085284999673,2,1952.0,1004893.9
Burundi,1999,202.194,1887.0,988359.23,-3.922109024557141,2,1913.0,1014495.19
Burundi,2000,193.94,1867.0,917839.69,-4.082218067796273,2,1887.0,988359.23
Burundi,2001,193.94,1851.0,979524.24,0.0,1,1867.0,917839.69
Burundi,2002,193.94,1834.0,888723.94,0.0,1,1851.0,979524.24
Burundi,2003,193.94,1833.0,954326.71,0.0,1,1834.0,888723.94
Burundi,2004,193.94,1848.0,962055.84,0.0,1,1833.0,954326.71
Burundi,2005,193.94,1819.0,1043907.02,0.0,1,1848.0,962055.84
Burundi,2006,193.94,1822.0,1170297.22,0.0,1,1819.0,1043907.02
Burundi,2007,193.94,1825.0,1262557.97,0.0,1,1822.0,1170297.22
Burundi,2008,193.94,1828.0,1252542.66,0.0,1,1825.0,1262557.97
Burundi,2009,193.94,1831.0,1375903.93,0.0,1,1828.0,1252542.66
Burundi,2010,193.94,1833.0,1470242.0,0.0,1,1831.0,1375903.93
Burundi,2011,211.08,1841.0,1663716.31,8.83778488192226,0,1833.0,1470242.0
Burundi,2012,228.22,1860.0,1598925.26,8.120144021224164,0,1841.0,1663716.31
Burundi,2013,245.36,1887.0,1818183.6,7.510297081763206,0,1860.0,1598925.26
Burundi,2014,262.5,1914.0,2042789.59,6.985653733289854,0,1887.0,1818183.6
Burundi,2015,279.64,1941.0,2014334.16,6.529523809523807,0,1914.0,2042789.59
Burundi,2016,279.64,1968.0,2004576.09,0.0,1,1941.0,2014334.16
Burundi,2017,279.64,1995.0,2742380.86,0.0,1,1968.0,2004576.09
Burundi,2018,279.64,2022.0,2728300.0700000003,0.0,1,1995.0,2742380.86
Burundi,2019,279.64,2049.0,2977727.14,0.0,1,2022.0,2728300.0700000003
Burundi,2020,279.64,2076.0,2088435.87,0.0,1,2049.0,2977727.14
Burundi,2021,279.64,2103.0,2740318.16,0.0,1,2076.0,2088435.87
Burundi,2022,279.64,2126.5085,2778523.05,0.0,1,2103.0,2740318.16
Burundi,2023,279.64,2154.2068,2868405.5300000003,0.0,1,2126.5085,2778523.05
Cabo Verde,1991,33.94,68.0,48420.44,1.3134328358208824,0,68.0,57111.22
Cabo Verde,1992,34.38,69.0,51983.69,1.296405421331781,0,68.0,48420.44
Cabo Verde,1993,34.82,69.0,52954.77,1.2798138452588592,0,69.0,51983.69
Cabo Verde,1994,35.26,69.0,53926.41,1.2636415852957938,0,69.0,52954.77
Cabo Verde,1995,35.7,70.0,53265.08,1.2478729438457403,0,69.0,53926.41
Cabo Verde,1996,36.14,70.0,71313.75,1.2324929971988752,0,70.0,53265.08
Cabo Verde,1997,36.58,72.0,69738.25,1.217487548422791,0,70.0,71313.75
Cabo Verde,1998,37.02,72.0,73246.65,1.202843083652283,0,72.0,69738.25
Cabo Verde,1999,37.46,72.0,72184.33,1.188546731496487,0,72.0,73246.65
Cabo Verde,2000,37.9,72.0,70891.11,1.174586225306995,0,72.0,72184.33
Cabo Verde,2001,38.34,74.0,69442.48999999999,1.1609498680738906,0,72.0,70891.11
Cabo Verde,2002,38.78,75.0,69768.19,1.1476264997391628,0,74.0,69442.48999999999
Cabo Verde,2003,39.22,75.0,67293.42,1.1346054667354277,0,75.0,69768.19
Cabo Verde,2004,39.66,76.0,68638.19,1.1218765935747,0,75.0,67293.42
Cabo Verde,2005,40.1,76.0,78314.20999999999,1.1094301563288056,0,76.0,68638.19
Cabo Verde,2006,40.54,76.0,87908.76000000001,1.0972568578553554,0,76.0,78314.20999999999
Cabo Verde,2007,40.98,76.0,82316.1,1.0853478046373821,0,76.0,87908.76000000001
Cabo Verde,2008,41.42,78.0,90395.8,1.0736944851146957,0,76.0,82316.1
Cabo Verde,2009,41.86,78.0,90988.72,1.0622887493964228,0,78.0,90395.8
Cabo Verde,2010,42.3,78.0,86057.08,1.0511227902532116,0,78.0,90988.72
Cabo Verde,2011,42.812,79.0,69694.33,1.2104018912529657,0,78.0,86057.08
Cabo Verde,2012,43.324,79.0,69847.69,1.1959263757824967,0,79.0,69694.33
Cabo Verde,2013,43.836,79.0,70001.07,1.1817930015695755,0,79.0,69847.69
Cabo Verde,2014,44.348,79.0,71571.56,1.167989780089429,0,79.0,70001.07
Cabo Verde,2015,44.86,79.0,71707.44,1.1545052764498909,0,79.0,71571.56
Cabo Verde,2016,45.48,79.0,70829.51000000001,1.3820775746767655,0,79.0,71707.44
Cabo Verde,2017,46.1,79.0,90986.12,1.3632365875110075,0,79.0,70829.51000000001
Cabo Verde,2018,46.72,79.0,90812.54,1.3449023861171305,0,79.0,90986.12
Cabo Verde,2019,47.34,79.0,90715.57,1.3270547945205546,0,79.0,90812.54
Cabo Verde,2020,47.96,79.0,90445.99,1.3096746937051096,0,79.0,90715.57
Cabo Verde,2021,48.58,79.0,90636.77,1.2927439532944174,0,79.0,90445.99
Cabo Verde,2022,49.2,79.0,90833.77,1.2762453684644015,0,79.0,90636.77
Cabo Verde,2023,49.82,79.0,91029.82,1.2601626016260026,0,79.0,90833.77
Cambodia,1991,10982.411,4510.0,6427635.68,-0.2033569018581982,2,4455.0,6198901.23
Cambodia,1992,10960.032,4515.0,7019190.95,-0.20377128482990114,2,4510.0,6427635.68
Cambodia,1993,10937.653,4522.222,7251214.07,-0.2041873600369004,2,4515.0,7019190.95
Cambodia,1994,10915.274,4564.551,7438931.7,-0.20460513786642043,2,4522.222,7251214.07
Cambodia,1995,10892.895,4563.146,7849603.68,-0.2050246287908064,2,4564.551,7438931.7
Cambodia,1996,10870.516,4575.664,7823374.32,-0.20544584336855687,2,4563.146,7849603.68
Cambodia,1997,10848.137,4574.96,7974405.859999999,-0.20586879224500088,2,4575.664,7823374.32
Cambodia,1998,10825.758,4630.0,7648636.82,-0.20629348615344156,2,4574.96,7974405.859999999
Cambodia,1999,10803.379,4640.0,7916579.52,-0.20671993591578897,2,4630.0,7648636.82
Cambodia,2000,10781.0,4770.0,8796307.19,-0.20714815244379237,2,4640.0,7916579.52
Cambodia,2001,10761.823,4890.0,8533073.14,-0.1778777478897986,2,4770.0,8796307.19
Cambodia,2002,10742.646,5000.0,8477380.83,-0.1781947166386133,2,4890.0,8533073.14
Cambodia,2003,10723.469,5100.0,8637358.8,-0.1785128170471384,2,5000.0,8477380.83
Cambodia,2004,10704.292,5230.0,8781297.57,-0.17883205518661738,2,5100.0,8637358.8
Cambodia,2005,10685.115,5356.0,9193955.3,-0.17915243717192553,2,5230.0,8781297.57
Cambodia,2006,10665.938,5355.0,9670312.63,-0.17947396916176972,2,5356.0,9193955.3
Cambodia,2007,10646.761,5355.0,9785659.55,-0.17979665735915473,2,5355.0,9670312.63
Cambodia,2008,10627.584,5355.0,10000890.41,-0.18012050801177182,2,5355.0,9785659.55
Cambodia,2009,10608.407,5328.732,10322525.89,-0.1804455274124539,2,5355.0,10000890.41
Cambodia,2010,10589.23,5381.411,10027098.15,-0.18077172189943091,2,5328.732,10322525.89
Cambodia,2011,10240.748,5433.1958,9864459.52,-3.2909097262029396,2,5381.411,10027098.15
Cambodia,2012,9892.266,5498.7572,8888507.61,-3.4028959603341513,2,5433.1958,9864459.52
Cambodia,2013,9543.784,5551.9852,8746514.41,-3.5227722343899814,2,5498.7572,8888507.61
Cambodia,2014,9195.302,5592.6141,8544179.18,-3.6514028397960363,2,5551.9852,8746514.41
Cambodia,2015,8846.82,5647.944,8509181.370000001,-3.7897830870590177,2,5592.6141,8544179.18
Cambodia,2016,8652.824,5700.004,8538094.39,-2.1928331310007376,2,5647.944,8509181.370000001
Cambodia,2017,8458.828,5784.6239,8542271.370000001,-2.2419963702023815,2,5700.004,8538094.39
Cambodia,2018,8264.832,5858.3648,8529481.82,-2.293414643257896,2,5784.6239,8542271.370000001
Cambodia,2019,8070.836,5951.5978,8483049.1,-2.347246743793463,2,5858.3648,8529481.82
Cambodia,2020,7876.84,6054.8817,8342917.02,-2.403666732913423,2,5951.5978,8483049.1
Cambodia,2021,7568.106,6125.2397,8266523.72,-3.9195159480197694,2,6054.8817,8342917.02
Cambodia,2022,7259.372,6144.9397,8083687.76,-4.079409035761383,2,6125.2397,8266523.72
Cambodia,2023,6950.638,6154.3397,7870237.66,-4.252902317170138,2,6144.9397,8083687.76
Cameroon,1991,22409.749,9150.0,11944561.65,-0.40111555555555345,2,9170.0,11911813.3
Cameroon,1992,22319.498,9160.0,11947087.92,-0.4027309721318151,2,9150.0,11944561.65
Cameroon,1993,22229.247,9160.0,11956517.85,-0.4043594528873373,2,9160.0,11947087.92
Cameroon,1994,22138.996,9160.0,11955403.92,-0.40600115694426897,2,9160.0,11956517.85
Cameroon,1995,22048.745,9160.0,11846333.58,-0.40765624601947215,2,9160.0,11955403.92
Cameroon,1996,21958.494,9160.0,11790528.15,-0.40932488447755766,2,9160.0,11846333.58
Cameroon,1997,21868.243,9160.0,12058196.95,-0.41100723938536365,2,9160.0,11790528.15
Cameroon,1998,21777.992,9160.0,12332383.65,-0.4127034805676888,2,9160.0,12058196.95
Cameroon,1999,21687.741,9160.0,13950724.48,-0.41441378066442436,2,9160.0,12332383.65
Cameroon,2000,21597.49,9160.0,14892966.69,-0.4161383151892184,2,9160.0,13950724.48
Cameroon,2001,21527.789,9160.0,14749485.25,-0.32272731692433165,2,9160.0,14892966.69
Cameroon,2002,21458.088,9160.0,14209167.2,-0.32377221831745295,2,9160.0,14749485.25
Cameroon,2003,21388.387,9160.0,14616762.61,-0.32482390788964866,2,9160.0,14209167.2
Cameroon,2004,21318.686,9210.0,14948855.93,-0.32588245200536603,2,9160.0,14616762.61
Cameroon,2005,21248.985,9213.0,15198023.59,-0.3269479178970025,2,9210.0,14948855.93
Cameroon,2006,21179.284,9213.0,15196124.13,-0.3280203736790277,2,9213.0,15198023.59
Cameroon,2007,21109.583,9213.0,15202787.55,-0.32909988836261617,2,9213.0,15196124.13
Cameroon,2008,21039.882,9263.0,13733524.48,-0.33018653187036895,2,9213.0,15202787.55
Cameroon,2009,20970.181,9313.0,13642228.48,-0.33128037505153474,2,9263.0,13733524.48
Cameroon,2010,20900.48,9700.0,12775309.37,-0.3323814896972088,2,9313.0,13642228.48
Cameroon,2011,20844.48,9750.0,13225468.4,-0.2679364301681142,2,9700.0,12775309.37
Cameroon,2012,20788.48,9750.0,14315766.84,-0.26865625815564176,2,9750.0,13225468.4
Cameroon,2013,20732.48,9750.0,15033785.34,-0.269379964287908,2,9750.0,14315766.84
Cameroon,2014,20676.48,9750.0,15440040.65,-0.27010757999043067,2,9750.0,15033785.34
Cameroon,2015,20620.48,9750.0,15768416.12,-0.2708391370291219,2,9750.0,15440040.65
Cameroon,2016,20441.984,9750.0,15509218.33,-0.8656248545135692,2,9750.0,15768416.12
Cameroon,2017,20263.488,9770.9857,15744916.77,-0.8731833465871031,2,9750.0,15509218.33
Cameroon,2018,20084.992,9791.9714,15972278.33,-0.8808750003948096,2,9770.9857,15744916.77
Cameroon,2019,19906.496,9812.9571,15539330.78,-0.8887033661751031,2,9791.9714,15972278.33
Cameroon,2020,19728.0,9833.9429,15716956.81,-0.8966721215024398,2,9812.9571,15539330.78
Cameroon,2021,19611.044,9854.9286,15722519.1,-0.5928426601784165,2,9833.9429,15716956.81
Cameroon,2022,19494.088,9875.9143,15806325.72,-0.5963782448298094,2,9854.9286,15722519.1
Cameroon,2023,19377.132,9896.9,15886642.66,-0.5999562534035885,2,9875.9143,15806325.72
Canada,1991,360730.063,61533.2464,45309156.68,-0.01309034723331326,1,61403.0,46247960.6
Canada,1992,360682.836,61465.0,46622188.4,-0.013092061029584823,1,61533.2464,45309156.68
Canada,1993,360635.609,61397.0,45568234.54,-0.013093775274630737,1,61465.0,46622188.4
Canada,1994,360588.382,61329.0,46296568.68,-0.013095489968661944,1,61397.0,45568234.54
Canada,1995,360541.155,61261.0,48241462.18,-0.013097205111822774,1,61329.0,46296568.68
Canada,1996,360493.928,61192.0,51132797.0,-0.013098920704357475,1,61261.0,48241462.18
Canada,1997,360446.701,61215.0,51939417.84,-0.01310063674637707,1,61192.0,51132797.0
Canada,1998,360399.474,61239.0,52494778.36,-0.013102353238081399,1,61215.0,51939417.84
Canada,1999,360352.247,61263.0,52951588.74,-0.013104070179636995,1,61239.0,52494778.36
Canada,2000,360305.02,61287.0,52474792.52,-0.013105787571221494,1,61263.0,52951588.74
Canada,2001,360817.628,61308.1608,53093076.38,0.14227056842006647,0,61287.0,52474792.52
Canada,2002,361330.236,62091.0,53400577.74,0.14206844683317676,0,61308.1608,53093076.38
Canada,2003,361842.844,61946.0,51194822.38,0.14186689873361136,0,62091.0,53400577.74
Canada,2004,362355.452,61801.0,57561000.120000005,0.1416659216839422,0,61946.0,51194822.38
Canada,2005,362868.06,61656.0,58297565.84,0.1414655132607301,0,61801.0,57561000.120000005
Canada,2006,363380.668,60584.0,56529054.6,0.1412656710541027,0,61656.0,58297565.84
Canada,2007,363893.276,60008.0,54173952.7,0.1410663926678657,0,60584.0,56529054.6
Canada,2008,364405.884,59432.0,53520242.54,0.1408676757193028,0,60008.0,54173952.7
Canada,2009,364918.492,58856.0,51495306.52,0.1406695178390649,0,59432.0,53520242.54
Canada,2010,365431.1,58280.0,50636643.75,0.14047191667116987,0,58856.0,51495306.52
Canada,2011,365943.708,57699.7,50756805.21,0.14027486987286952,0,58280.0,50636643.75
Canada,2012,366456.316,57771.0,50683881.26,0.14007837511447185,0,57699.7,50756805.21
Canada,2013,366968.924,57842.0,50332761.21,0.1398824300793411,0,57771.0,50683881.26
Canada,2014,367481.532,57913.0,47027672.370000005,0.13968703246380887,0,57842.0,50332761.21
Canada,2015,367994.14,57985.0,45482451.05,0.1394921799770854,0,57913.0,47027672.370000005
Canada,2016,368168.898,58050.0,46551632.73,0.04748934317269082,1,57985.0,45482451.05
Canada,2017,368343.656,57867.6,47800379.1,0.047466801500450906,1,58050.0,46551632.73
Canada,2018,368518.414,57889.2,49161201.73,0.047444281217634554,1,57867.6,47800379.1
Canada,2019,368693.172,57687.8,49785308.06,0.047421782293910475,1,57889.2,49161201.73
Canada,2020,368867.93,57117.4,49398113.39,0.04739930469881415,1,57687.8,49785308.06
Canada,2021,368858.114,56991.0,50258586.32,-0.002661115050039964,1,57117.4,49398113.39
Canada,2022,368848.298,57077.0,49988972.97,-0.0026611858672587196,1,56991.0,50258586.32
Canada,2023,368838.482,56875.0,49195927.29,-0.0026612566882411315,1,57077.0,49988972.97
Caribbean,1991,6788.812,12169.97,27760702.81,0.824439724949122,0,12183.3467,28558735.29
Caribbean,1992,6844.324,12147.5933,27337149.01,0.8176982953718603,0,12169.97,27760702.81
Caribbean,1993,6899.836,12016.3167,26455436.5,0.8110662207107655,0,12147.5933,27337149.01
Caribbean,1994,6955.348,11974.84,26094836.8,0.8045408615509064,0,12016.3167,26455436.5
Caribbean,1995,7010.86,11944.0633,25896786.61,0.7981196627400822,0,11974.84,26094836.8
Caribbean,1996,7066.372,11858.1867,26206983.78,0.7918001500529348,0,11944.0633,25896786.61
Caribbean,1997,7121.884,11991.51,26538506.73,0.7855799270120478,0,11858.1867,26206983.78
Caribbean,1998,7177.396,11940.2333,27045616.62,0.7794566718581697,0,11991.51,26538506.73
Caribbean,1999,7232.908,11899.2567,25842761.69,0.7734281346605476,0,11940.2333,27045616.62
Caribbean,2000,7288.42,11766.6,25270261.26,0.7674921345605323,0,11899.2567,25842761.69
Caribbean,2001,7350.743,11829.6,25411348.97,0.8550961662472822,0,11766.6,25270261.26
Caribbean,2002,7413.066,11804.9,25358730.7,0.8478462653367158,0,11829.6,25411348.97
Caribbean,2003,7475.389,11632.4794,25069856.47,0.8407182669087243,0,11804.9,25358730.7
Caribbean,2004,7537.712,11457.7112,25279972.19,0.8337091220269599,0,11632.4794,25069856.47
Caribbean,2005,7600.035,11654.9288,24035913.08,0.826815882591414,0,11457.7112,25279972.19
Caribbean,2006,7662.358,11606.2803,23695847.31,0.8200356972040357,0,11654.9288,24035913.08
Caribbean,2007,7724.681,11625.1657,24628647.37,0.813365807235833,0,11606.2803,23695847.31
Caribbean,2008,7787.004,11514.7884,25130551.33,0.8068035430848219,0,11625.1657,24628647.37
Caribbean,2009,7849.327,11563.4729,25558144.21,0.8003463206131656,0,11514.7884,25130551.33
Caribbean,2010,7911.65,11629.8053,25986888.4,0.7939916377544209,0,11563.4729,25558144.21
Caribbean,2011,7985.288,11614.6991,25904358.22,0.9307540146492821,0,11629.8053,25986888.4
Caribbean,2012,8053.106,11606.572,25994582.93,0.8492868384959884,0,11614.6991,25904358.22
Caribbean,2013,8120.924,11696.1734,26215194.56,0.8421346993321643,0,11606.572,25994582.93
Caribbean,2014,8188.742,11629.0796,26380171.78,0.8351020154849342,0,11696.1734,26215194.56
Caribbean,2015,8256.56,11575.3012,26303915.880000003,0.8281858190183566,0,11629.0796,26380171.78
Caribbean,2016,8275.974,11638.4514,26577898.24,0.23513424477021871,0,11575.3012,26303915.880000003
Caribbean,2017,8295.388,11675.2874,26160154.32,0.2345826606028556,0,11638.4514,26577898.24
Caribbean,2018,8314.802,11702.8629,26249676.84,0.23403365822067812,0,11675.2874,26160154.32
Caribbean,2019,8334.216,11607.1424,26233289.5,0.23348721953933005,0,11702.8629,26249676.84
Caribbean,2020,8353.63,11535.8551,25781453.62,0.23294332664283157,0,11607.1424,26233289.5
Caribbean,2021,8362.53,11546.1524,25395729.23,0.10654050993401665,0,11535.8551,25781453.62
Caribbean,2022,8371.43,11657.3345,25246929.78,0.10642712193558168,0,11546.1524,25395729.23
Caribbean,2023,8380.33,11688.5569,25081535.55,0.10631397503173545,0,11657.3345,25246929.78
Central African Republic,1991,46399.918,5005.6,6901207.88,-0.07535709663269996,1,4955.481,6555183.13
Central African Republic,1992,46364.926,4979.5,6922556.33,-0.075413926378054,1,5005.6,6901207.88
Central African Republic,1993,46329.934,4982.3,6903394.45,-0.07547084190320241,1,4979.5,6922556.33
Central African Republic,1994,46294.942,4977.5,7049107.45,-0.07552784340248975,1,4982.3,6903394.45
Central African Republic,1995,46259.95,4968.0,7212150.09,-0.07558493107088227,1,4977.5,7049107.45
Central African Republic,1996,46224.958,4973.5,7479075.62,-0.07564210510386804,1,4968.0,7212150.09
Central African Republic,1997,46189.966,4973.9,7646748.38,-0.07569936569763458,1,4973.5,7479075.62
Central African Republic,1998,46154.974,4969.0,7820152.029999999,-0.0757567130488912,1,4973.9,7646748.38
Central African Republic,1999,46119.982,4968.4,7963039.57,-0.07581414735494674,1,4969.0,7820152.029999999
Central African Republic,2000,46084.99,4971.4,8244596.79,-0.07587166881376506,1,4968.4,7963039.57
Central African Republic,2001,46049.998,4970.6,8429739.57,-0.07592927762379853,1,4971.4,8244596.79
Central African Republic,2002,46015.006,4971.5,8629071.95,-0.07598697398423226,1,4970.6,8429739.57
Central African Republic,2003,45980.014,4957.3,8819290.29,-0.07604475809478428,1,4971.5,8629071.95
Central African Republic,2004,45945.022,4954.0,9207774.88,-0.07610263015580543,1,4957.3,8819290.29
Central African Republic,2005,45910.03,4951.9,9409860.25,-0.07616059036820166,1,4954.0,9207774.88
Central African Republic,2006,45875.038,4946.8,9660944.63,-0.07621863893357839,1,4951.9,9409860.25
Central African Republic,2007,45840.046,4950.6,10350997.75,-0.07627677605410721,1,4946.8,9660944.63
Central African Republic,2008,45805.054,4951.4,9991821.2,-0.07633500193260367,1,4950.6,10350997.75
Central African Republic,2009,45770.062,4945.3,10207759.46,-0.07639331677241623,1,4951.4,9991821.2
Central African Republic,2010,45735.07,4919.6,10450990.95,-0.07645172077764828,1,4945.3,10207759.46
Central African Republic,2011,45700.078,4889.2,11134866.5,-0.07651021415294723,1,4919.6,10450990.95
Central African Republic,2012,45665.086,4891.8,11314451.88,-0.07656879710358222,1,4889.2,11134866.5
Central African Republic,2013,45630.094,4897.5,11431445.94,-0.07662746983549962,1,4891.8,11314451.88
Central African Republic,2014,45595.102,4907.7,11549038.19,-0.0766862325552009,1,4897.5,11431445.94
Central African Republic,2015,45560.11,4917.5,11765553.56,-0.07674508546992032,1,4907.7,11549038.19
Central African Republic,2016,45513.586,4917.0,11964071.67,-0.10211564458469935,2,4917.5,11765553.56
Central African Republic,2017,45467.062,4917.8,11870596.87,-0.10222002722440893,2,4917.0,11964071.67
Central African Republic,2018,45420.538,5172.0,12124462.2,-0.10232462348237492,2,4917.8,11870596.87
Central African Republic,2019,45374.014,5494.0,12425897.39,-0.1024294340150611,2,5172.0,12124462.2
Central African Republic,2020,45327.49,5587.3,12225251.83,-0.10253445948159579,2,5494.0,12425897.39
Central African Republic,2021,45280.966,5610.1,12390797.88,-0.1026397005437496,2,5587.3,12225251.83
Central African Republic,2022,45234.442,5633.1,12615659.89,-0.10274515786610205,2,5610.1,12390797.88
Central African Republic,2023,45187.918,5668.8,12827819.75,-0.10285083211594159,2,5633.1,12615659.89
Central America,1991,100977.119,123592.318,132503506.83,-0.4460740590736978,2,122500.4,131708326.31
Central America,1992,100524.668,123684.5,131754882.79,-0.44807279558055635,2,123592.318,132503506.83
Central America,1993,100072.217,124102.4,134012829.32,-0.4500895242946723,2,123684.5,131754882.79
Central America,1994,99619.766,124109.3,137131926.47,-0.4521244892575993,2,124102.4,134012829.32
Central America,1995,99167.315,124356.2,135799844.65,-0.45417793894436675,2,124109.3,137131926.47
Central America,1996,98714.864,124476.1,132432580.58,-0.4562501263647212,2,124356.2,135799844.65
Central America,1997,98262.413,124569.43,133448378.04,-0.45834130916697635,2,124476.1,132432580.58
Central America,1998,97809.962,124751.66,134694641.89,-0.46045174974483905,2,124569.43,133448378.04
Central America,1999,97357.511,124870.99,136369611.82999998,-0.46258171534715453,2,124751.66,134694641.89
Central America,2000,96905.06,124673.42,138276727.22,-0.46473147819072747,2,124870.99,136369611.82999998
Central America,2001,96557.575,124985.25,140166386.69,-0.35858292642303446,2,124673.42,138276727.22
Central America,2002,96210.09,125143.08,143134986.01,-0.3598733708877866,2,124985.25,140166386.69
Central America,2003,95862.605,125339.9,144223682.77,-0.3611731368300397,2,125143.08,143134986.01
Central America,2004,95515.12,125145.3,146337541.17000002,-0.3624823256159204,2,125339.9,144223682.77
Central America,2005,95167.635,124937.6,147129274.54,-0.36380104008664205,2,125145.3,146337541.17000002
Central America,2006,94820.15,124661.7512,149207596.96,-0.36512938458541644,2,124937.6,147129274.54
Central America,2007,94472.665,124908.1,152124144.49,-0.3664674649850319,2,124661.7512,149207596.96
Central America,2008,94125.18,121516.7,155139684.17000002,-0.36781538871587527,2,124908.1,152124144.49
Central America,2009,93777.695,120774.9,158190599.84,-0.3691732647948087,2,121516.7,155139684.17000002
Central America,2010,93430.21,119914.49,161059659.72,-0.37054120385450195,2,120774.9,158190599.84
Central America,2011,93226.06,119463.7,164616713.93,-0.21850534211579342,2,119914.49,161059659.72
Central America,2012,93021.91,118652.6,164328010.41,-0.21898383349032713,2,119463.7,164616713.93
Central America,2013,92817.76,117574.4,164678798.01999998,-0.2194644251015787,2,118652.6,164328010.41
Central America,2014,92613.61,116873.1,166944473.47,-0.21994713080771833,2,117574.4,164678798.01999998
Central America,2015,92409.46,116967.1889,168312447.02,-0.22043196458921832,2,116873.1,166944473.47
Central America,2016,92156.544,116668.6328,166918271.6,-0.27369059401495255,2,116967.1889,168312447.02
Central America,2017,91903.628,115345.0767,169342578.65,-0.27444171517542193,2,116668.6328,166918271.6
Central America,2018,91650.712,114944.8253,171708043.36,-0.2751969704612667,2,115345.0767,169342578.65
Central America,2019,91397.796,114552.074,174077182.0,-0.2759563940976206,2,114944.8253,171708043.36
Central America,2020,91144.88,118645.8982,176224266.19,-0.276720020688459,2,114552.074,174077182.0
Central America,2021,90925.386,118666.3751,180885765.02,-0.24081879311268484,2,118645.8982,176224266.19
Central America,2022,90705.892,117419.3236,181184339.46,-0.24140012999228633,2,118666.3751,180885765.02
Central America,2023,90486.398,117084.4103,183160497.79,-0.2419842803596528,2,117419.3236,181184339.46
Central Asia,1993,9722.008,299507.0,81701251.50999999,0.46840435595587593,0,299114.0,78322289.05
Central Asia,1994,9767.334,299540.0,83510299.23,0.466220558551278,0,299507.0,81701251.50999999
Central Asia,1995,9812.66,295448.5,78197320.15,0.4640570292773871,0,299540.0,83510299.23
Central Asia,1996,9857.986,293839.6,70869511.74,0.4619134872705377,0,295448.5,78197320.15
Central Asia,1997,9903.312,294051.8,65662253.11,0.45978965683253215,0,293839.6,70869511.74
Central Asia,1998,9948.638,293400.8,62964492.06,0.45768526731260195,0,294051.8,65662253.11
Central Asia,1999,9993.964,293240.3,61131347.53,0.45560005299216666,0,293400.8,62964492.06
Central Asia,2000,10039.29,293508.3,62431964.51,0.4535337529733008,0,293240.3,61131347.53
Central Asia,2001,10075.223,292659.6,63895567.01,0.3579237177131045,0,293508.3,62431964.51
Central Asia,2002,10111.156,291211.9,65777476.82,0.3566471928214465,0,292659.6,63895567.01
Central Asia,2003,10147.089,290492.4,69244673.47,0.35537974095147806,0,291211.9,65777476.82
Central Asia,2004,10183.022,289824.5,74383644.2,0.35412126571474634,0,290492.4,69244673.47
Central Asia,2005,10218.955,289086.0,78096296.4,0.35287167208319925,0,289824.5,74383644.2
Central Asia,2006,10254.888,288364.6,81856584.46000001,0.35163086636549323,0,289086.0,78096296.4
Central Asia,2007,10290.821,287584.2,84999502.09,0.3503987561833899,0,288364.6,81856584.46000001
Central Asia,2008,10326.754,286615.6,89450559.53999999,0.34917525044892983,0,287584.2,84999502.09
Central Asia,2009,10362.687,286144.0,93342545.38,0.3479602593418951,0,286615.6,89450559.53999999
Central Asia,2010,10398.62,291179.9,96781290.72,0.3467536942879823,0,286144.0,93342545.38
Central Asia,2011,10490.216,290604.0,101057854.57,0.880847650938299,0,291179.9,96781290.72
Central Asia,2012,10581.812,291084.025,101038642.48,0.873156472659864,0,290604.0,101057854.57
Central Asia,2013,10673.408,291626.95,104613841.83,0.8655984438203923,0,291084.025,101038642.48
Central Asia,2014,10765.004,292668.975,107839299.21,0.8581701364737571,0,291626.95,104613841.83
Central Asia,2015,10856.6,292910.3,112550352.7,0.8508682393429723,0,292668.975,107839299.21
Central Asia,2016,10914.914,293652.925,119274850.27,0.5371294880533561,0,292910.3,112550352.7
Central Asia,2017,10973.228,294392.45,121187124.32,0.534259821011851,0,293652.925,119274850.27
Central Asia,2018,11031.542,294783.175,129621904.08,0.5314206539771105,0,294392.45,121187124.32
Central Asia,2019,11089.856,293501.0,121423876.86,0.5286115032694383,0,294783.175,129621904.08
Central Asia,2020,11148.17,293798.9,123782103.19,0.5258318953826002,0,293501.0,121423876.86
Central Asia,2021,11203.472,293913.5,127301865.09,0.49606347947690477,0,293798.9,123782103.19
Central Asia,2022,11258.774,294262.65,129002854.7,0.4936148365435322,0,293913.5,127301865.09
Central Asia,2023,11314.076,293663.4832,131656684.1,0.4911902486007813,0,294262.65,129002854.7
Chad,1991,6692.346,48350.0,18781509.78,-0.5606768418800478,2,48300.0,17866877.439999998
Chad,1992,6654.612,48370.0,19761471.41,-0.5638381518229818,2,48350.0,18781509.78
Chad,1993,6616.878,48400.0,20737745.09,-0.5670353132534278,2,48370.0,19761471.41
Chad,1994,6579.144,48420.0,21860713.94,-0.5702689395210125,2,48400.0,20737745.09
Chad,1995,6541.41,48450.0,22984587.04,-0.5735396580467067,2,48420.0,21860713.94
Chad,1996,6503.676,48430.0,24217833.56,-0.5768481107284118,2,48450.0,22984587.04
Chad,1997,6465.942,48630.0,25545941.6,-0.5801949543612017,2,48430.0,24217833.56
Chad,1998,6428.208,48630.0,26884740.82,-0.583580861071753,2,48630.0,25545941.6
Chad,1999,6390.474,48630.0,28285249.22,-0.5870065187685181,2,48630.0,26884740.82
Chad,2000,6352.74,48630.0,29765977.82,-0.5904726316076192,2,48630.0,28285249.22
Chad,2001,6270.47,48730.0,31323348.45,-1.2950317500794895,2,48630.0,29765977.82
Chad,2002,6188.2,48730.0,32965523.82,-1.3120228627200303,2,48730.0,31323348.45
Chad,2003,6105.93,48830.0,34694341.67,-1.3294657574092539,2,48730.0,32965523.82
Chad,2004,6023.66,48830.0,36508612.76,-1.347378695792456,2,48830.0,34694341.67
Chad,2005,5941.39,48930.0,38420879.16,-1.3657809371710794,2,48830.0,36508612.76
Chad,2006,5859.12,48930.0,40433951.08,-1.3846928075753384,2,48930.0,38420879.16
Chad,2007,5776.85,48931.0,42554585.15,-1.4041357746555683,2,48930.0,40433951.08
Chad,2008,5694.58,48931.0,44785430.89,-1.4241325289734097,2,48931.0,42554585.15
Chad,2009,5612.31,49035.0,47140612.25,-1.4447070723389577,2,48931.0,44785430.89
Chad,2010,5530.04,49235.0,49705630.94,-1.4658848139179836,2,49035.0,47140612.25
Chad,2011,5402.124,49335.0,52205953.49,-2.313111659228506,2,49235.0,49705630.94
Chad,2012,5274.208,49685.0,54930769.89,-2.367883447325536,2,49335.0,52205953.49
Chad,2013,5146.292,50036.0,57800513.91,-2.425312008930991,2,49685.0,54930769.89
Chad,2014,5018.376,50236.0,60863196.72,-2.48559545396958,2,50036.0,57800513.91
Chad,2015,4890.46,50237.0,64287961.79,-2.548952091274148,2,50236.0,60863196.72
Chad,2016,4762.546,50338.0,67231874.56,-2.6155821742739893,2,50237.0,64287961.79
Chad,2017,4634.632,50338.0,71054740.78,-2.6858323258190153,2,50338.0,67231874.56
Chad,2018,4506.718,50338.0,74677414.93,-2.759960229852121,2,50338.0,71054740.78
Chad,2019,4378.804,50338.0,78466123.85,-2.8382960726630713,2,50338.0,74677414.93
Chad,2020,4250.89,50338.0,82459154.26,-2.9212086222630607,2,50338.0,78466123.85
Chad,2021,4122.976,50338.0,85097764.43,-3.0091110332189364,2,50338.0,82459154.26
Chad,2022,3995.062,50338.0,91326534.08,-3.102467732045977,2,50338.0,85097764.43
Chad,2023,3867.148,50337.3,96112048.93,-3.201802625340977,2,50338.0,91326534.08
Chile,1991,16872.314,15789.0,13385733.88,0.3650239873415728,0,15899.0,13437576.0
Chile,1992,16933.678,15556.0,13118270.92,0.3636964082105232,0,15789.0,13385733.88
Chile,1993,16995.042,15477.0,14013547.74,0.36237845080082653,0,15556.0,13118270.92
Chile,1994,17056.406,15450.0,14784454.52,0.361070010889053,0,15477.0,14013547.74
Chile,1995,17117.77,15330.0,15518792.92,0.35977098575163957,0,15450.0,14784454.52
Chile,1996,17179.134,15232.0,15795810.11,0.35848127413791175,0,15330.0,15518792.92
Chile,1997,17240.498,15222.0,16463868.23,0.35720077624401547,0,15232.0,15795810.11
Chile,1998,17301.862,15219.0,16465059.35,0.35592939368689347,0,15222.0,16463868.23
Chile,1999,17363.226,15060.0,15855955.18,0.35466702947923867,0,15219.0,16465059.35
Chile,2000,17424.59,15110.0,15205842.79,0.35341358800491385,0,15060.0,15855955.18
Chile,2001,17485.953,15150.0,14919887.49,0.35216323597859756,0,15110.0,15205842.79
Chile,2002,17547.316,15565.0,14480456.33,0.3509273986953776,0,15150.0,14919887.49
Chile,2003,17608.679,15425.0,14246931.38,0.3497002048632458,0,15565.0,14480456.33
Chile,2004,17670.042,15935.0,14792840.45,0.34848156411961817,0,15425.0,14246931.38
Chile,2005,17731.405,15885.0,14759028.11,0.3472713873571953,0,15935.0,14792840.45
Chile,2006,17792.768,15800.0,14912395.3,0.34606958670224675,0,15885.0,14759028.11
Chile,2007,17854.131,15732.0,14610384.75,0.34487607549316124,0,15800.0,14912395.3
Chile,2008,17915.494,15417.9746,14933136.06,0.3436907682597301,0,15732.0,14610384.75
Chile,2009,17976.857,15103.9502,14165079.71,0.3425135807028301,0,15417.9746,14933136.06
Chile,2010,18038.22,14718.4238,14243002.48,0.3413444296742174,0,15103.9502,14165079.71
Chile,2011,18073.994,14417.8985,13786118.96,0.19832333789031598,0,14718.4238,14243002.48
Chile,2012,18109.768,14037.3731,13956680.63,0.19793079493111154,0,14417.8985,13786118.96
Chile,2013,18145.542,13716.8487,12162855.66,0.19753980282906092,0,14037.3731,13956680.63
Chile,2014,18181.316,13350.5233,12369821.6,0.1971503524116125,0,13716.8487,12162855.66
Chile,2015,18217.09,13027.7969,12048694.81,0.19676243457844578,0,13350.5233,12369821.6
Chile,2016,18210.936,12638.0725,11961802.22,-0.033781465645710274,1,13027.7969,12048694.81
Chile,2017,18204.782,12303.7471,11740261.91,-0.03379288137634884,1,12638.0725,11961802.22
Chile,2018,18198.628,11888.5217,12027873.33,-0.03380430482495811,1,12303.7471,11740261.91
Chile,2019,18192.474,11465.8641,12430340.44,-0.03381573599945398,1,11888.5217,12027873.33
Chile,2020,18186.32,11070.1443,13071790.43,-0.0338271749075969,1,11465.8641,12430340.44
Chile,2021,18181.436,10817.9961,12418788.62,-0.026855350615173634,1,11070.1443,13071790.43
Chile,2022,18176.552,10637.2991,11963478.55,-0.026862564651120024,1,10817.9961,12418788.62
Chile,2023,18171.668,10697.537,11815362.7,-0.026869782563809785,1,10637.2991,11963478.55
China,1991,159126.586,512271.0,229973370.83,1.2638338700395657,0,506592.0,217003047.41
China,1992,161112.582,515198.0,239125720.02,1.2480604592371325,0,512271.0,229973370.83
China,1993,163098.578,519106.0,255197369.97,1.2326759185077307,0,515198.0,239125720.02
China,1994,165084.574,523713.0,280683822.2,1.2176660424347618,0,519106.0,255197369.97
China,1995,167070.57,523714.0,311846684.07,1.2030173091763352,0,523713.0,280683822.2
China,1996,169056.566,523752.0,338999183.69,1.1887168398359904,0,523714.0,311846684.07
China,1997,171042.562,523744.25,323189160.72,1.174752360698017,0,523752.0,338999183.69
China,1998,173028.558,523738.5,356347838.6,1.1611121680929815,0,523744.25,323189160.72
China,1999,175014.554,523734.75,368336736.81,1.1477850956834512,0,523738.5,356347838.6
China,2000,177000.55,523731.0,382239869.49,1.134760483976649,0,523734.75,368336736.81
China,2001,179361.533,524322.8444,380019768.08,1.3338845557259615,0,523731.0,382239869.49
China,2002,181722.516,524914.6889,376598833.39,1.3163262827375677,0,524322.8444,380019768.08
China,2003,184083.499,525505.5333,387161664.74,1.2992242524311193,0,524914.6889,376598833.39
China,2004,186444.482,526091.3778,398322914.26,1.2825609100357127,0,525505.5333,387161664.74
China,2005,188805.465,526682.2222,403769033.21,1.2663195899785373,0,526091.3778,398322914.26
China,2006,191166.448,527272.0667,405651077.54,1.2504844602882592,0,526682.2222,403769033.21
China,2007,193527.431,527861.9111,400098268.16,1.2350404711186647,0,527272.0667,405651077.54
China,2008,195888.414,528451.7556,405845323.7,1.2199733070398677,0,527861.9111,400098268.16
China,2009,198249.397,529038.6,376565965.96,1.2052693427800243,0,528451.7556,405845323.7
China,2010,200610.38,528280.8,374493817.1,1.1909156021291833,0,529038.6,376565965.96
China,2011,202547.154,527526.5,363223957.92,0.9654405719185633,0,528280.8,374493817.1
China,2012,204483.928,526768.8,360308711.77,0.9562089428321485,0,527526.5,363223957.92
China,2013,206420.702,526013.5,354890973.46000004,0.947152188899647,0,526768.8,360308711.77
China,2014,208357.476,525260.8,357303957.97,0.9382653877419767,0,526013.5,354890973.46000004
China,2015,210294.25,524505.5,357577299.43,0.9295438000026524,0,525260.8,357303957.97
China,2016,212055.0,523751.0,359162753.8,0.8372791933207946,0,524505.5,357577299.43
China,2017,213815.75,522997.1,358009221.68,0.8303270377967964,0,523751.0,359162753.8
China,2018,215576.5,522242.7,364201678.04,0.8234893827980372,0,522997.1,358009221.68
China,2019,217337.25,521490.2,372896770.2,0.8167634227292941,0,522242.7,364201678.04
China,2020,219098.0,521395.1,384632797.63,0.81014644291304,0,521490.2,372896770.2
China,2021,220709.0,521298.0,397812162.39,0.7352874056358427,0,521395.1,384632797.63
China,2022,222320.0,521197.0,413107574.63,0.7299203929155507,0,521298.0,397812162.39
China,2023,223931.0,521196.0,428818997.75,0.7246311622886026,0,521197.0,413107574.63
"China, mainland",1991,159126.586,511379.0,228568295.44,1.2638338700395657,0,505694.0,215571885.22
"China, mainland",1992,161112.582,514314.0,237703113.89,1.2480604592371325,0,511379.0,228568295.44
"China, mainland",1993,163098.578,518223.0,253780936.78,1.2326759185077307,0,514314.0,237703113.89
"China, mainland",1994,165084.574,522833.0,279258588.56,1.2176660424347618,0,518223.0,253780936.78
"China, mainland",1995,167070.57,522833.0,310533428.89,1.2030173091763352,0,522833.0,279258588.56
"China, mainland",1996,169056.566,522872.0,337797625.0,1.1887168398359904,0,522833.0,310533428.89
"China, mainland",1997,171042.562,522872.25,322075962.44,1.174752360698017,0,522872.0,337797625.0
"China, mainland",1998,173028.558,522872.5,355198648.11,1.1611121680929815,0,522872.25,322075962.44
"China, mainland",1999,175014.554,522872.75,367199448.0,1.1477850956834512,0,522872.5,355198648.11
"China, mainland",2000,177000.55,522873.0,381108950.0,1.134760483976649,0,522872.75,367199448.0
"China, mainland",2001,179361.533,523466.8444,378935978.0,1.3338845557259615,0,522873.0,381108950.0
"China, mainland",2002,181722.516,524060.6889,375528798.0,1.3163262827375677,0,523466.8444,378935978.0
"China, mainland",2003,184083.499,524654.5333,386106834.0,1.2992242524311193,0,524060.6889,375528798.0
"China, mainland",2004,186444.482,525248.3778,397301493.0,1.2825609100357127,0,524654.5333,386106834.0
"China, mainland",2005,188805.465,525842.2222,402765981.0,1.2663195899785373,0,525248.3778,397301493.0
"China, mainland",2006,191166.448,526436.0667,404657557.0,1.2504844602882592,0,525842.2222,402765981.0
"China, mainland",2007,193527.431,527029.9111,399137487.0,1.2350404711186647,0,526436.0667,404657557.0
"China, mainland",2008,195888.414,527623.7556,404950046.0,1.2199733070398677,0,527029.9111,399137487.0
"China, mainland",2009,198249.397,528217.6,375663658.0,1.2052693427800243,0,527623.7556,404950046.0
"China, mainland",2010,200610.38,527462.3,373573614.0,1.1909156021291833,0,528217.6,375663658.0
"China, mainland",2011,202547.154,526713.0,362275339.0,0.9654405719185633,0,527462.3,373573614.0
"China, mainland",2012,204483.928,525960.7,359364486.0,0.9562089428321485,0,526713.0,362275339.0
"China, mainland",2013,206420.702,525208.4,353917872.0,0.947152188899647,0,525960.7,359364486.0
"China, mainland",2014,208357.476,524456.1,356322475.0,0.9382653877419767,0,525208.4,353917872.0
"China, mainland",2015,210294.25,523703.8,356599072.0,0.9295438000026524,0,524456.1,356322475.0
"China, mainland",2016,212055.0,522952.0,358178369.0,0.8372791933207946,0,523703.8,356599072.0
"China, mainland",2017,213815.75,522199.0,357012953.48,0.8303270377967964,0,522952.0,358178369.0
"China, mainland",2018,215576.5,521447.0,363169221.1,0.8234893827980372,0,522199.0,357012953.48
"China, mainland",2019,217337.25,520695.0,371836420.0,0.8167634227292941,0,521447.0,363169221.1
"China, mainland",2020,219098.0,520601.0,383553197.0,0.81014644291304,0,520695.0,371836420.0
"China, mainland",2021,220709.0,520507.0,396698512.0,0.7352874056358427,0,520601.0,383553197.0
"China, mainland",2022,222320.0,520413.0,411969342.0,0.7299203929155507,0,520507.0,396698512.0
"China, mainland",2023,223931.0,520413.0,427683512.0,0.7246311622886026,0,520413.0,411969342.0
Colombia,1991,64849.554,44884.0,72912685.37,-0.3889940217625121,2,45083.0,73523867.77
Colombia,1992,64596.308,44983.0,71563037.21000001,-0.3905130943537394,2,44884.0,72912685.37
Colombia,1993,64343.062,44903.0,72973604.94,-0.39204407781323614,2,44983.0,71563037.21000001
Colombia,1994,64089.816,44865.0,74992980.47,-0.3935871127799251,2,44903.0,72973604.94
Colombia,1995,63836.57,44513.0,76102698.55,-0.3951423421156286,2,44865.0,74992980.47
Colombia,1996,63583.324,44920.0,78524571.85,-0.39670991094916674,2,44513.0,76102698.55
Colombia,1997,63330.078,45082.0,78426567.58,-0.39828996672146566,2,44920.0,78524571.85
Colombia,1998,63076.832,45543.0,79240369.65,-0.39988265923184274,2,45082.0,78426567.58
Colombia,1999,62823.586,45668.0,75755248.24000001,-0.40148814068531324,2,45543.0,79240369.65
Colombia,2000,62570.34,44859.0,76826154.08,-0.40310656574109593,2,45668.0,75755248.24000001
Colombia,2001,62456.48,41745.0,76328157.71000001,-0.1819712023300335,2,44859.0,76826154.08
Colombia,2002,62342.62,41607.0,76579741.50999999,-0.18230294118400936,2,41745.0,76328157.71000001
Colombia,2003,62228.76,42051.0,76700379.58,-0.18263589178638684,2,41607.0,76579741.50999999
Colombia,2004,62114.9,42391.0,78407586.93,-0.182970060788612,2,42051.0,76700379.58
Colombia,2005,62001.04,42557.0,81124927.09,-0.1833054548908586,2,42391.0,78407586.93
Colombia,2006,61887.18,42174.0,81163235.03999999,-0.18364208084251654,2,42557.0,81124927.09
Colombia,2007,61773.32,42436.0,81403030.00999999,-0.18397994544265828,2,42174.0,81163235.03999999
Colombia,2008,61659.46,42614.0,83423134.2,-0.18431905554048278,2,42436.0,81403030.00999999
Colombia,2009,61545.6,42540.0,80822930.4,-0.1846594180357708,2,42614.0,83423134.2
Colombia,2010,61431.74,42503.0,81950331.00999999,-0.18500103987937333,2,42540.0,80822930.4
Colombia,2011,61338.144,41721.0,79082205.9,-0.15235772257142788,2,42503.0,81950331.00999999
Colombia,2012,61244.548,42617.6,77764440.22,-0.1525902055334427,2,41721.0,79082205.9
Colombia,2013,61150.952,44815.6,76669874.06,-0.15282339907219944,2,42617.6,77764440.22
Colombia,2014,61057.356,44800.0,75374316.89,-0.15305730645043258,2,44815.6,76669874.06
Colombia,2015,60963.76,44784.4,71859603.18,-0.1532919309509495,2,44800.0,75374316.89
Colombia,2016,60795.664,44768.8,72088841.05,-0.27573102446437625,2,44784.4,71859603.18
Colombia,2017,60627.568,43487.0,74356538.58,-0.2764934025558108,2,44768.8,72088841.05
Colombia,2018,60459.472,44048.0,78366910.88,-0.2772600081863752,2,43487.0,74356538.58
Colombia,2019,60291.376,44354.0,79960390.34,-0.278030876617652,2,44048.0,78366910.88
Colombia,2020,60123.28,44209.9446,80940227.95,-0.2788060435044648,2,44354.0,79960390.34
Colombia,2021,59989.996,43014.3333,83823168.37,-0.22168451222221996,2,44209.9446,80940227.95
Colombia,2022,59856.712,41763.0,84063634.31,-0.22217704431919394,2,43014.3333,83823168.37
Colombia,2023,59723.428,40483.0,83077868.53,-0.2226717698760372,2,41763.0,84063634.31
Comoros,1991,46.722,115.0,142414.84,-0.9287531806615679,2,114.0,137802.31
Comoros,1992,46.284,115.0,143641.19,-0.937459869012458,2,115.0,142414.84
Comoros,1993,45.846,118.0,146150.75,-0.9463313456054001,2,115.0,143641.19
Comoros,1994,45.408,120.0,148567.13,-0.9553723334641995,2,118.0,146150.75
Comoros,1995,44.97,122.0,150482.97999999998,-0.9645877378435586,2,120.0,148567.13
Comoros,1996,44.532,124.0,153795.8,-0.9739826551034114,2,122.0,150482.97999999998
Comoros,1997,44.094,126.0,152466.86,-0.9835623821072392,2,124.0,153795.8
Comoros,1998,43.656,126.0,156227.98,-0.9933324261804377,2,126.0,152466.86
Comoros,1999,43.218,127.0,158091.6,-1.0032985156679386,2,126.0,156227.98
Comoros,2000,42.78,128.0,161994.01,-1.0134666111342505,2,127.0,158091.6
Comoros,2001,42.232,130.0,171229.78,-1.280972417017301,2,128.0,161994.01
Comoros,2002,41.684,131.0,182146.74,-1.2975942413335884,2,130.0,171229.78
Comoros,2003,41.136,132.0,152607.16,-1.314653104308594,2,131.0,182146.74
Comoros,2004,40.588,133.0,160249.21,-1.3321664721898108,2,132.0,152607.16
Comoros,2005,40.04,133.0,157088.03,-1.3501527545087266,2,133.0,160249.21
Comoros,2006,39.492,133.0,167561.18,-1.3686313686313678,2,133.0,157088.03
Comoros,2007,38.944,133.0,169278.16999999998,-1.3876228096829646,2,133.0,167561.18
Comoros,2008,38.396,133.0,169290.53,-1.4071487263763394,2,133.0,169278.16999999998
Comoros,2009,37.848,133.0,169719.43,-1.4272320033336894,2,133.0,169290.53
Comoros,2010,37.3,133.0,169732.81,-1.4478968505601375,2,133.0,169719.43
Comoros,2011,36.752,133.0,172083.97,-1.469168900804274,2,133.0,169732.81
Comoros,2012,36.204,133.0,172916.99,-1.4910753156290868,2,133.0,172083.97
Comoros,2013,35.656,133.0,172919.0,-1.513644901115907,2,133.0,172916.99
Comoros,2014,35.108,133.0,169403.13,-1.5369082342382767,2,133.0,172919.0
Comoros,2015,34.56,133.0,169819.12,-1.5608978010709706,2,133.0,169403.13
Comoros,2016,34.222,133.0,170243.82,-0.9780092592592604,2,133.0,169819.12
Comoros,2017,33.884,133.0,171398.9,-0.9876687510957938,2,133.0,170243.82
Comoros,2018,33.546,133.0,171757.34,-0.9975209538425234,2,133.0,171398.9
Comoros,2019,33.208,133.0,172014.84,-1.0075716926012057,2,133.0,171757.34
Comoros,2020,32.87,133.0,172038.04,-1.017827029631413,2,133.0,172014.84
Comoros,2021,32.97,133.0,171662.87,0.30422878004259246,0,133.0,172038.04
Comoros,2022,33.07,133.0,171960.5,0.3033060357901185,0,133.0,171662.87
Comoros,2023,33.17,133.0,172258.19,0.3023888720895096,0,133.0,171960.5
Congo,1991,22243.0,10519.955,169337.55,-0.053920467310719644,1,10517.337,189765.64
Congo,1992,22231.0,10519.564,166132.14,-0.053949557164056916,1,10519.955,169337.55
Congo,1993,22219.0,10524.796,174693.3,-0.053978678422028636,1,10519.564,166132.14
Congo,1994,22207.0,10513.869,176346.74,-0.054007831135516327,1,10524.796,174693.3
Congo,1995,22195.0,10517.687,180192.42,-0.05403701535552363,1,10513.869,176346.74
Congo,1996,22183.0,10521.998,183691.29,-0.05406623113314302,1,10517.687,180192.42
Congo,1997,22171.0,10535.013,192952.01,-0.05409547851958907,1,10521.998,183691.29
Congo,1998,22159.0,10535.577,185033.8,-0.0541247575661874,1,10535.013,192952.01
Congo,1999,22147.0,10543.665,213154.05,-0.05415406832438574,1,10535.577,185033.8
Congo,2000,22135.0,10539.942,222834.95,-0.054183410845709545,1,10543.665,213154.05
Congo,2001,22123.0,10540.394,229401.41,-0.054212785181839696,1,10539.942,222834.95
Congo,2002,22111.0,10539.829,236315.96,-0.05424219138453479,1,10540.394,229401.41
Congo,2003,22099.0,10540.163,255796.37,-0.054271629505675545,1,10539.829,236315.96
Congo,2004,22087.0,10543.281,381242.53,-0.05430109959726481,1,10540.163,255796.37
Congo,2005,22075.0,10545.654,507070.41,-0.05433060171141646,1,10543.281,381242.53
Congo,2006,22063.0,10548.771,632135.05,-0.054360135900344275,1,10545.654,507070.41
Congo,2007,22051.0,10549.421,755290.03,-0.05438970221638417,1,10548.771,632135.05
Congo,2008,22039.0,10549.976,820061.23,-0.05441930071198309,1,10549.421,755290.03
Congo,2009,22027.0,10563.215,777373.3,-0.05444893143972118,1,10549.976,820061.23
Congo,2010,22015.0,10575.404,832391.02,-0.05447859445226744,1,10563.215,777373.3
Congo,2011,21994.66,10596.615,848708.87,-0.09239155121507636,1,10575.404,832391.02
Congo,2012,21974.32,10602.008,855029.9,-0.09247699214264271,1,10596.615,848708.87
Congo,2013,21953.98,10630.804,846308.8,-0.09256259124287292,1,10602.008,855029.9
Congo,2014,21933.64,10631.416,845616.44,-0.09264834895540419,1,10630.804,846308.8
Congo,2015,21913.3,10623.431,844091.8,-0.09273426572151688,1,10631.416,845616.44
Congo,2016,21887.4,10625.457,842336.73,-0.11819306083519221,2,10623.431,844091.8
Congo,2017,21861.5,10626.618,841282.4199999999,-0.11833292213785374,2,10625.457,842336.73
Congo,2018,21835.6,10631.497,837180.8400000001,-0.11847311483659251,2,10626.618,841282.4199999999
Congo,2019,21809.7,10657.8,835509.64,-0.11861364011063191,2,10631.497,837180.8400000001
Congo,2020,21783.8,10642.7,826943.37,-0.11875449914487968,2,10657.8,835509.64
Congo,2021,21797.8,10672.6,819706.98,0.06426794223231003,1,10642.7,826943.37
Congo,2022,21811.8,10651.3,815234.47,0.0642266650762835,1,10672.6,819706.98
Congo,2023,21825.8,10651.4,814065.53,0.06418544090813771,1,10651.3,815234.47
Cook Islands,1991,14.976,6.0,703.31,0.44265593561367833,0,6.0,807.14
Cook Islands,1992,15.042,5.0,441.32,0.4407051282051322,0,6.0,703.31
Cook Islands,1993,15.108,5.0,622.64,0.43877143996808865,0,5.0,441.32
Cook Islands,1994,15.174,5.0,665.3,0.4368546465448597,0,5.0,622.64
Cook Islands,1995,15.24,5.0,523.97,0.43495452748121277,0,5.0,665.3
Cook Islands,1996,15.306,4.9,422.64,0.4330708661417271,0,5.0,523.97
Cook Islands,1997,15.372,4.8,528.64,0.43120344962759294,0,4.9,422.64
Cook Islands,1998,15.438,4.7,859.22,0.42935206869634257,0,4.8,528.64
Cook Islands,1999,15.504,4.6,615.21,0.42751651768362375,0,4.7,859.22
Cook Islands,2000,15.57,4.5,619.08,0.4256965944272384,0,4.6,615.21
Cook Islands,2001,15.572,4.4,618.96,0.01284521515734216,1,4.5,619.08
Cook Islands,2002,15.574,3.3,615.83,0.012843565373743537,1,4.4,618.96
Cook Islands,2003,15.576,2.7,494.99,0.012841916013872634,1,3.3,615.83
Cook Islands,2004,15.578,2.6,626.79,0.012840267077551815,1,2.7,494.99
Cook Islands,2005,15.58,2.5,638.9,0.012838618564647852,1,2.6,626.79
Cook Islands,2006,15.582,2.4,650.01,0.012836970474983112,1,2.5,638.9
Cook Islands,2007,15.584,2.3,662.11,0.012835322808357752,1,2.4,650.01
Cook Islands,2008,15.586,2.2,674.22,0.012833675564682956,1,2.3,662.11
Cook Islands,2009,15.588,2.1,686.35,0.012832028743736679,1,2.2,674.22
Cook Islands,2010,15.59,2.0,698.48,0.012830382345407898,1,2.1,686.35
Cook Islands,2011,15.59,1.9,773.2,0.0,1,2.0,698.48
Cook Islands,2012,15.59,1.9,712.66,0.0,1,1.9,773.2
Cook Islands,2013,15.59,1.9,714.72,0.0,1,1.9,712.66
Cook Islands,2014,15.59,1.9,720.76,0.0,1,1.9,714.72
Cook Islands,2015,15.59,1.9,722.8199999999999,0.0,1,1.9,720.76
Cook Islands,2016,15.59,1.9,728.88,0.0,1,1.9,722.8199999999999
Cook Islands,2017,15.59,1.9,730.9200000000001,0.0,1,1.9,728.88
Cook Islands,2018,15.59,1.9,732.98,0.0,1,1.9,730.9200000000001
Cook Islands,2019,15.59,1.9,747.44,0.0,1,1.9,732.98
Cook Islands,2020,15.59,1.9,770.04,0.0,1,1.9,747.44
Cook Islands,2021,15.59,1.9,810.01,0.0,1,1.9,770.04
Cook Islands,2022,15.59,1.9,825.22,0.0,1,1.9,810.01
Cook Islands,2023,15.59,1.9,847.4300000000001,0.0,1,1.9,825.22
Costa Rica,1991,2767.771,2203.618,7147484.6,0.3273595916976735,0,2198.6,6964305.3
Costa Rica,1992,2776.802,2160.0,6820238.4,0.3262914453544097,0,2203.618,7147484.6
Costa Rica,1993,2785.833,2113.0,7019616.4,0.3252302468811141,0,2160.0,6820238.4
Costa Rica,1994,2794.864,2095.0,6583911.2,0.3241759287078594,0,2113.0,7019616.4
Costa Rica,1995,2803.895,2048.0,6152076.1,0.32312842413799725,0,2095.0,6583911.2
Costa Rica,1996,2812.926,1995.0,6131665.1,0.32208766733419214,0,2048.0,6152076.1
Costa Rica,1997,2821.957,1953.0,5863693.6,0.3210535933046321,0,1995.0,6131665.1
Costa Rica,1998,2830.988,1915.0,5829157.91,0.3200261378894176,0,1953.0,5863693.6
Costa Rica,1999,2840.019,1888.0,5727337.6,0.319005237747394,0,1915.0,5829157.91
Costa Rica,2000,2849.05,1840.0,5578457.4,0.3179908303430512,0,1888.0,5727337.6
Costa Rica,2001,2852.22,1833.0,5263574.4,0.11126515856161312,0,1840.0,5578457.4
Costa Rica,2002,2855.39,1826.0,5017420.6,0.11114149679898322,0,1833.0,5263574.4
Costa Rica,2003,2858.56,1829.0,5006637.2,0.11101810961025027,0,1826.0,5017420.6
Costa Rica,2004,2861.73,1822.0,4912955.3,0.11089499608194497,0,1829.0,5006637.2
Costa Rica,2005,2864.9,1805.0,5108686.3,0.11077215530466145,0,1822.0,4912955.3
Costa Rica,2006,2868.07,1815.0,5036356.3,0.1106495863729906,0,1805.0,5108686.3
Costa Rica,2007,2871.24,1800.0,5372599.1,0.11052728838556458,0,1815.0,5036356.3
Costa Rica,2008,2874.41,1793.0,5712778.2,0.1104052604449679,0,1800.0,5372599.1
Costa Rica,2009,2877.58,1816.0,5941911.609999999,0.11028350165773748,0,1793.0,5712778.2
Costa Rica,2010,2880.75,1819.0,5982032.8,0.11016201113436264,0,1816.0,5941911.609999999
Costa Rica,2011,2895.492,1819.0,6174783.69,0.5117417339234542,0,1819.0,5982032.8
Costa Rica,2012,2910.234,1812.0,5970407.0,0.509136271141486,0,1819.0,6174783.69
Costa Rica,2013,2924.976,1801.0,6087757.9,0.5065572046784039,0,1812.0,5970407.0
Costa Rica,2014,2939.718,1785.0,6124558.8,0.5040041354185343,0,1801.0,6087757.9
Costa Rica,2015,2954.46,1759.1889,6046501.4,0.5014766722522435,0,1785.0,6124558.8
Costa Rica,2016,2957.978,1742.7328,6113594.49,0.11907421322339129,0,1759.1889,6046501.4
Costa Rica,2017,2961.496,1726.2767,6400196.21,0.11893259517143928,0,1742.7328,6113594.49
Costa Rica,2018,2965.014,1721.7253,6683742.5,0.11879131357934725,0,1726.2767,6400196.21
Costa Rica,2019,2968.532,1717.174,6967910.5,0.11865036724953981,0,1721.7253,6683742.5
Costa Rica,2020,2972.05,1712.6226,6573500.71,0.11850975499001493,0,1717.174,6967910.5
Costa Rica,2021,2975.568,1702.4776,8021832.689999999,0.11836947561447708,0,1712.6226,6573500.71
Costa Rica,2022,2979.086,1692.3326,7216568.54,0.1182295279422041,0,1702.4776,8021832.689999999
Costa Rica,2023,2982.604,1692.3326,7965098.06,0.11808991079813591,0,1692.3326,7216568.54
Croatia,1993,1860.5,2272.0,2752767.65,0.18847603661820145,0,2404.0,2941545.11
Croatia,1994,1864.0,2312.0,2500534.27,0.1881214727223801,0,2272.0,2752767.65
Croatia,1995,1867.5,2332.0,2400637.76,0.1877682403433445,0,2312.0,2500534.27
Croatia,1996,1871.0,1935.0,2281441.2800000003,0.1874163319946387,0,2332.0,2400637.76
Croatia,1997,1874.5,1941.0,2364436.51,0.18706574024585088,0,1935.0,2281441.2800000003
Croatia,1998,1878.0,2048.0,2326308.66,0.18671645772205814,0,1941.0,2364436.51
Croatia,1999,1881.5,2032.0,2317981.3200000003,0.18636847710329363,0,2048.0,2326308.66
Croatia,2000,1885.0,1169.0,2347459.21,0.18602179112410244,0,2032.0,2317981.3200000003
Croatia,2001,1888.5,1178.0,2347786.19,0.1856763925729421,0,1169.0,2347459.21
Croatia,2002,1892.0,1181.0,2422859.51,0.1853322742917607,0,1178.0,2347786.19
Croatia,2003,1895.5,1196.0,2399954.47,0.1849894291754861,0,1181.0,2422859.51
Croatia,2004,1899.0,1176.0,2530533.32,0.1846478501714488,0,1196.0,2399954.47
Croatia,2005,1902.5,1211.0,2657569.5300000003,0.18430753027909308,0,1176.0,2530533.32
Croatia,2006,1906.0,1230.0,2792519.66,0.18396846254926658,0,1211.0,2657569.5300000003
Croatia,2007,1909.5,1202.0,2714679.25,0.1836306400839538,0,1230.0,2792519.66
Croatia,2008,1913.0,1289.1,2715315.66,0.18329405603561,0,1202.0,2714679.25
Croatia,2009,1916.5,1299.6,2841669.64,0.1829587036068947,0,1289.1,2715315.66
Croatia,2010,1920.0,1333.8,3016703.81,0.1826245760500944,0,1299.6,2841669.64
Croatia,2011,1920.4,1326.1,2963335.92,0.02083333333333659,1,1333.8,3016703.81
Croatia,2012,1920.8,1331.0,2848145.2800000003,0.020828993959587372,1,1326.1,2963335.92
Croatia,2013,1921.2,1567.3,2667091.64,0.020824656393170216,1,1331.0,2848145.2800000003
Croatia,2014,1921.6,1508.5,2615964.61,0.02082032063293049,1,1567.3,2667091.64
Croatia,2015,1922.0,1537.2,2526095.19,0.020815986677780174,1,1508.5,2615964.61
Croatia,2016,1925.52,1546.0,2536213.13,0.18314255983351568,0,1537.2,2526095.19
Croatia,2017,1929.04,1497.0,2489981.98,0.1828077610203982,0,1546.0,2536213.13
Croatia,2018,1932.56,1484.0,2347623.0,0.18247418405008542,0,1497.0,2489981.98
Croatia,2019,1936.08,1504.0,2347478.0,0.18214182224614017,0,1484.0,2347623.0
Croatia,2020,1939.6,1505.0,2274226.0,0.18181066898061982,0,1504.0,2347478.0
Croatia,2021,1940.92,1476.0,2243033.0,0.0680552691276537,1,1505.0,2274226.0
Croatia,2022,1942.24,1448.0,2136484.0,0.06800898542957956,1,1476.0,2243033.0
Croatia,2023,1943.56,1486.0,2045639.0,0.06796276464289264,1,1448.0,2136484.0
Cuba,1991,2350.7,6755.0,13820600.2,1.6738754325259508,0,6741.0,14986296.6
Cuba,1992,2389.4,6775.0,13213958.9,1.6463181180074171,0,6755.0,13820600.2
Cuba,1993,2428.1,6730.0,12475895.38,1.6196534694902454,0,6775.0,13213958.9
Cuba,1994,2466.8,6686.0,12263651.94,1.5938388040031448,0,6730.0,12475895.38
Cuba,1995,2505.5,6684.0,12361593.72,1.5688341170747355,0,6686.0,12263651.94
Cuba,1996,2544.2,6615.0,12358047.2,1.544601875873064,0,6684.0,12361593.72
Cuba,1997,2582.9,6687.0,12365520.4,1.5211068312239728,0,6615.0,12358047.2
Cuba,1998,2621.6,6674.0,12556819.66,1.4983158465290858,0,6687.0,12365520.4
Cuba,1999,2660.3,6660.0,12152294.6,1.4761977418370487,0,6674.0,12556819.66
Cuba,2000,2699.0,6554.0,11516247.32,1.454723151524262,0,6660.0,12152294.6
Cuba,2001,2750.035,6656.0,11361905.76,1.8908855131530178,0,6554.0,11516247.32
Cuba,2002,2801.07,6654.0,11005654.22,1.8557945626146655,0,6656.0,11361905.76
Cuba,2003,2852.105,6638.0,10748933.2,1.8219823139014713,0,6654.0,11005654.22
Cuba,2004,2903.14,6528.0,10536724.0,1.789380124504536,0,6638.0,10748933.2
Cuba,2005,2954.175,6637.0,9893083.2,1.7579241786479516,0,6528.0,10536724.0
Cuba,2006,3005.21,6630.0,9754396.2,1.7275550703665044,0,6637.0,9893083.2
Cuba,2007,3056.245,6620.0,9847082.4,1.6982174290648633,0,6630.0,9754396.2
Cuba,2008,3107.28,6567.0,10158150.6,1.6698595825923812,0,6620.0,9847082.4
Cuba,2009,3158.315,6513.8,10464584.0,1.6424332535207586,0,6567.0,10158150.6
Cuba,2010,3209.35,6461.2,10651006.0,1.6158932848686636,0,6513.8,10464584.0
Cuba,2011,3271.28,6407.8,10768170.0,1.929674233100176,0,6461.2,10651006.0
Cuba,2012,3333.21,6405.6,10827134.4,1.893142745347376,0,6407.8,10768170.0
Cuba,2013,3395.14,6342.3,10878023.2,1.8579687448435633,0,6405.6,10827134.4
Cuba,2014,3457.07,6278.88,11041001.8,1.824077946712066,0,6342.3,10878023.2
Cuba,2015,3519.0,6240.3,10933796.8,1.791401389037528,0,6278.88,11041001.8
Cuba,2016,3537.486,6226.7,11102783.4,0.5253196930946169,0,6240.3,10933796.8
Cuba,2017,3555.972,6300.0,10743732.4,0.5225745063019316,0,6226.7,11102783.4
Cuba,2018,3574.458,6300.0,10599384.4,0.5198578616479432,0,6300.0,10743732.4
Cuba,2019,3592.944,6401.0,10457016.2,0.5171693162991486,0,6300.0,10599384.4
Cuba,2020,3611.43,6401.0,9929116.6,0.514508436535599,0,6401.0,10457016.2
Cuba,2021,3613.62,6401.0,9557185.8,0.06064079879715134,1,6401.0,9929116.6
Cuba,2022,3615.81,6401.0,9458690.2,0.06060404801833119,1,6401.0,9557185.8
Cuba,2023,3618.0,6401.0,9191989.2,0.06056734175745593,1,6401.0,9458690.2
Cyprus,1991,162.16,159.2,296113.85,0.6517286326112481,0,160.6,277952.4
Cyprus,1992,163.21,159.6,300525.99,0.6475086334484459,0,159.2,296113.85
Cyprus,1993,164.26,158.7,318198.9,0.6433429324183448,0,159.6,300525.99
Cyprus,1994,165.31,143.4,340629.71,0.6392304882503419,0,158.7,318198.9
Cyprus,1995,166.36,143.1,371108.11,0.6351702861290942,0,143.4,340629.71
Cyprus,1996,167.41,143.2,370688.05,0.631161336859809,0,143.1,371108.11
Cyprus,1997,168.46,142.2,370419.73,0.6272026760647531,0,143.2,370688.05
Cyprus,1998,169.51,144.2,341165.43,0.6232933634096938,0,142.2,370419.73
Cyprus,1999,170.56,144.2,335100.57,0.6194324818594943,0,144.2,341165.43
Cyprus,2000,171.61,141.5,353492.24,0.615619136960599,0,144.2,335100.57
Cyprus,2001,171.733,140.0,335699.71,0.071674144863354,1,141.5,353492.24
Cyprus,2002,171.856,140.0,346834.96,0.07162280982688785,1,140.0,335699.71
Cyprus,2003,171.979,154.0,377069.57,0.07157154827297507,1,140.0,346834.96
Cyprus,2004,172.102,156.0,364469.47,0.071520360043964,1,154.0,377069.57
Cyprus,2005,172.225,167.0,362539.11,0.07146924498262486,1,156.0,364469.47
Cyprus,2006,172.348,157.0,360006.57,0.07141820293221635,1,167.0,362539.11
Cyprus,2007,172.471,147.2,350248.24,0.07136723373639686,1,157.0,360006.57
Cyprus,2008,172.594,115.6,363613.01,0.0713163372392911,1,147.2,350248.24
Cyprus,2009,172.717,127.6,354793.0,0.07126551328553443,1,115.6,363613.01
Cyprus,2010,172.84,114.5,351763.19,0.07121476172002872,1,127.6,354793.0
Cyprus,2011,172.814,116.3,360429.51,-0.015042814163390705,1,114.5,351763.19
Cyprus,2012,172.788,116.9,362326.9,-0.015045077366404591,1,116.3,360429.51
Cyprus,2013,172.762,108.83,365534.51,-0.015047341250551405,1,116.9,362326.9
Cyprus,2014,172.736,108.98,374059.66,-0.0150496058160976,1,108.83,365534.51
Cyprus,2015,172.71,126.68,370366.05,-0.015051871063342936,1,108.98,374059.66
Cyprus,2016,172.676,109.39,427833.03,-0.019686179144240423,1,126.68,370366.05
Cyprus,2017,172.642,121.42,453875.05,-0.019690055363796866,1,109.39,427833.03
Cyprus,2018,172.608,132.4469,474633.0,-0.01969393311013201,1,121.42,453875.05
Cyprus,2019,172.574,125.3284,496655.0,-0.019697812384122937,1,132.4469,474633.0
Cyprus,2020,172.54,127.648,546933.0,-0.01970169318670223,1,125.3284,496655.0
Cyprus,2021,172.372,121.6063,591758.0,-0.09736872609248381,1,127.648,546933.0
Cyprus,2022,172.204,123.0403,576963.0,-0.09746362518274765,1,121.6063,591758.0
Cyprus,2023,172.036,128.9963,588197.0,-0.09755870943765066,1,123.0403,576963.0
Czechia,1994,2849.8,4284.0,11567783.73,0.09061470487001788,1,4282.0,12908472.42
Czechia,1995,2852.38,4280.0,11158596.15,0.09053266895922008,1,4284.0,11567783.73
Czechia,1996,2854.96,4280.0,10907021.19,0.09045078145268892,1,4280.0,11158596.15
Czechia,1997,2857.54,4280.0,10041471.25,0.09036904194803519,1,4280.0,10907021.19
Czechia,1998,2860.12,4284.0,9411827.4,0.09028745004444616,1,4280.0,10041471.25
Czechia,1999,2862.7,4282.0,8861137.17,0.09020600534244139,1,4284.0,9411827.4
Czechia,2000,2865.28,4280.0,8096697.890000001,0.09012470744402812,1,4282.0,8861137.17
Czechia,2001,2866.753,4278.0,7994662.38,0.05140858834040696,1,4280.0,8096697.890000001
Czechia,2002,2868.226,3652.06,7973625.9,0.05138217349034413,1,4278.0,7994662.38
Czechia,2003,2869.699,3668.42,7769974.88,0.05135578577142308,1,3652.06,7973625.9
Czechia,2004,2871.172,3631.39,7443306.41,0.0513294251417884,1,3668.42,7769974.88
Czechia,2005,2872.645,3605.49,7284721.53,0.05130309155982893,1,3631.39,7443306.41
Czechia,2006,2874.118,3565.95,7144352.9,0.0512767849838669,1,3605.49,7284721.53
Czechia,2007,2875.591,3596.7,7517190.34,0.05125050537242437,1,3565.95,7144352.9
Czechia,2008,2877.064,3571.61,7215574.81,0.051224252684045624,1,3596.7,7517190.34
Czechia,2009,2878.537,3545.87,7088200.73,0.051198026877408154,1,3571.61,7215574.81
Czechia,2010,2880.01,3523.92,6887575.71,0.051171827911211665,1,3545.87,7088200.73
Czechia,2011,2882.59,3504.04,6892859.85,0.08958302228116999,1,3523.92,6887575.71
Czechia,2012,2885.17,3525.89,6899879.42,0.08950284292945643,1,3504.04,6892859.85
Czechia,2013,2887.75,3521.0,6912888.29,0.08942280697497029,1,3525.89,6899879.42
Czechia,2014,2890.33,3516.0,7045817.529999999,0.08934291403341899,1,3521.0,6912888.29
Czechia,2015,2892.91,3494.0,7241364.75,0.08926316372179777,1,3516.0,7045817.529999999
Czechia,2016,2898.96,3488.0,7348490.07,0.2091319812921988,0,3494.0,7241364.75
Czechia,2017,2905.01,3521.0,7305797.220000001,0.20869553219085013,0,3488.0,7348490.07
Czechia,2018,2911.06,3523.0,7288552.0,0.20826090099517192,0,3521.0,7305797.220000001
Czechia,2019,2917.11,3523.659,7302475.0,0.20782807637080847,0,3523.0,7288552.0
Czechia,2020,2923.16,3523.871,7341549.0,0.2073970470773956,0,3523.659,7302475.0
Czechia,2021,2932.2,3529.797,7433328.0,0.3092543685600413,0,3523.871,7341549.0
Czechia,2022,2941.24,3530.423,7466988.0,0.30830093445195494,0,3529.797,7433328.0
Czechia,2023,2950.28,3534.414,7586118.0,0.3073533611674062,0,3530.423,7466988.0
Czechoslovakia,1991,4744.433,6723.0,22393238.0,0.052151431053815145,1,6736.0,25740070.0
Czechoslovakia,1992,4746.906,6730.0,20336663.0,0.05212424751281919,1,6723.0,22393238.0
Democratic People's Republic of Korea,1991,7455.43,2525.703,2684502.94,0.0,1,2504.465,3091555.89
Democratic People's Republic of Korea,1992,7455.43,2527.967,2740906.47,0.0,1,2525.703,2684502.94
Democratic People's Republic of Korea,1993,7455.43,2518.595,2791915.29,0.0,1,2527.967,2740906.47
Democratic People's Republic of Korea,1994,7455.43,2631.406,2832520.59,0.0,1,2518.595,2791915.29
Democratic People's Republic of Korea,1995,7455.43,2620.809,3070644.11,0.0,1,2631.406,2832520.59
Democratic People's Republic of Korea,1996,7455.43,2524.222,1954405.89,0.0,1,2620.809,3070644.11
Democratic People's Republic of Korea,1997,7455.43,2524.674,1728625.9,0.0,1,2524.222,1954405.89
Democratic People's Republic of Korea,1998,7455.43,2525.1,1797379.41,0.0,1,2524.674,1728625.9
Democratic People's Republic of Korea,1999,7455.43,2526.623,1835984.71,0.0,1,2525.1,1797379.41
Democratic People's Republic of Korea,2000,7455.43,2529.18,1848085.59,0.0,1,2526.623,1835984.71
Democratic People's Republic of Korea,2001,7465.648,2532.37,1873002.35,0.13705446902458895,0,2529.18,1848085.59
Democratic People's Republic of Korea,2002,7475.866,2533.573,1873415.32,0.1368668868395595,0,2532.37,1873002.35
Democratic People's Republic of Korea,2003,7486.084,2534.325,1896405.89,0.13667981742850888,0,2533.573,1873415.32
Democratic People's Republic of Korea,2004,7496.302,2538.878,1861919.13,0.1364932586917167,0,2534.325,1896405.89
Democratic People's Republic of Korea,2005,7506.52,2590.496,1858664.71,0.13630720854096445,0,2538.878,1861919.13
Democratic People's Republic of Korea,2006,7516.738,2594.529,1892204.11,0.13612166489931354,0,2590.496,1858664.71
Democratic People's Republic of Korea,2007,7526.956,2596.622,1900405.89,0.13593662570119402,0,2594.529,1892204.11
Democratic People's Republic of Korea,2008,7537.174,2656.292,1898405.89,0.1357520888922492,0,2596.622,1900405.89
Democratic People's Republic of Korea,2009,7547.392,2666.221,1900405.89,0.13556805242920245,0,2656.292,1898405.89
Democratic People's Republic of Korea,2010,7557.61,2673.288,1897862.33,0.1353845142799015,0,2666.221,1900405.89
Democratic People's Republic of Korea,2011,7568.964,2632.1,1901666.41,0.15023267937879226,0,2673.288,1897862.33
Democratic People's Republic of Korea,2012,7580.318,2631.3,1907708.53,0.1500073193636542,0,2632.1,1901666.41
Democratic People's Republic of Korea,2013,7591.672,2631.3,1907708.53,0.14978263444884732,0,2631.3,1907708.53
Democratic People's Republic of Korea,2014,7603.026,2629.143,1870596.41,0.14955862160537237,0,2631.3,1907708.53
Democratic People's Republic of Korea,2015,7614.38,2630.593,1858531.7,0.1493352778222823,0,2629.143,1870596.41
Democratic People's Republic of Korea,2016,7625.734,2603.0,1854655.68,0.14911260010663785,0,2630.593,1858531.7
Democratic People's Republic of Korea,2017,7637.088,2597.0,1854293.35,0.1488905854833078,0,2603.0,1854655.68
Democratic People's Republic of Korea,2018,7648.442,2598.0,1856174.51,0.14866923099485785,0,2597.0,1854293.35
Democratic People's Republic of Korea,2019,7659.796,2595.0,1861078.79,0.148448533701373,0,2598.0,1856174.51
Democratic People's Republic of Korea,2020,7671.15,2596.5,1870212.56,0.14822849068041322,0,2595.0,1861078.79
Democratic People's Republic of Korea,2021,7682.506,2596.0,1865253.17,0.14803517073711525,0,2596.5,1870212.56
Democratic People's Republic of Korea,2022,7693.862,2595.2,1838823.11,0.1478163505501895,0,2596.0,1865253.17
Democratic People's Republic of Korea,2023,7705.218,2595.3,1845157.61,0.14759817631249117,0,2595.2,1838823.11
Democratic Republic of the Congo,1991,159865.193,25980.0,3296723.3200000003,-0.42044739204851744,2,25960.0,3672606.56
Democratic Republic of the Congo,1992,159190.206,26000.0,3302645.96,-0.42222261602623545,2,25980.0,3296723.3200000003
Democratic Republic of the Congo,1993,158515.219,26000.0,3009061.04,-0.42401289436109213,2,26000.0,3302645.96
Democratic Republic of the Congo,1994,157840.232,26000.0,2768409.96,-0.42581841936578657,2,26000.0,3009061.04
Democratic Republic of the Congo,1995,157165.245,25800.0,2662915.55,-0.4276393866425643,2,26000.0,2768409.96
Democratic Republic of the Congo,1996,156490.258,25800.0,2535948.88,-0.42947599515401613,2,25800.0,2662915.55
Democratic Republic of the Congo,1997,155815.271,25700.0,2635101.04,-0.4313284472954204,2,25800.0,2535948.88
Democratic Republic of the Congo,1998,155140.284,25700.0,2163583.56,-0.43319694896913896,2,25700.0,2635101.04
Democratic Republic of the Congo,1999,154465.297,25600.0,2095076.0,-0.43508170966093385,2,25700.0,2163583.56
Democratic Republic of the Congo,2000,153790.31,25600.0,2022552.34,-0.4369829425181493,2,25600.0,2095076.0
Democratic Republic of the Congo,2001,153115.323,25550.0,1950541.26,-0.43890086443026943,2,25600.0,2022552.34
Democratic Republic of the Congo,2002,152440.336,25550.0,1870918.72,-0.4408356961112192,2,25550.0,1950541.26
Democratic Republic of the Congo,2003,151765.349,25550.0,1869204.83,-0.4427876621841187,2,25550.0,1870918.72
Democratic Republic of the Congo,2004,151090.362,25550.0,1865645.06,-0.44475699126813595,2,25550.0,1869204.83
Democratic Republic of the Congo,2005,150415.375,25550.0,1862127.86,-0.4467439160679154,2,25550.0,1865645.06
Democratic Republic of the Congo,2006,149740.388,25586.0,1858606.61,-0.4487486734650603,2,25550.0,1862127.86
Democratic Republic of the Congo,2007,149065.401,25650.0,1855089.36,-0.45077150461236837,2,25586.0,1858606.61
Democratic Republic of the Congo,2008,148390.414,25700.0,1851592.14,-0.45281265503054335,2,25650.0,1855089.36
Democratic Republic of the Congo,2009,147715.427,26887.0,1848094.91,-0.4548723747074379,2,25700.0,1851592.14
Democratic Republic of the Congo,2010,147040.44,28429.0,1800042.6,-0.4569509182003051,2,26887.0,1848094.91
Democratic Republic of the Congo,2011,146035.944,29636.0,1799719.28,-0.6831426782999417,2,28429.0,1800042.6
Democratic Republic of the Congo,2012,145031.448,30886.0,2144829.98,-0.687841617951257,2,29636.0,1799719.28
Democratic Republic of the Congo,2013,144026.952,31430.0,2272852.45,-0.6926056478454345,2,30886.0,2144829.98
Democratic Republic of the Congo,2014,143022.456,32249.0,2278124.55,-0.6974361298710097,2,31430.0,2272852.45
Democratic Republic of the Congo,2015,142017.96,32450.0,2413778.9,-0.7023344641767348,2,32249.0,2278124.55
Democratic Republic of the Congo,2016,141735.07,32672.0,2507570.02,-0.19919311613826318,2,32450.0,2413778.9
Democratic Republic of the Congo,2017,141452.18,33289.7,2589721.08,-0.19959068704733518,2,32672.0,2507570.02
Democratic Republic of the Congo,2018,141169.29,33614.8,2740829.02,-0.19998984815927656,2,33289.7,2589721.08
Democratic Republic of the Congo,2019,140886.4,33836.9,2899866.2800000003,-0.20039060903402905,2,33614.8,2740829.02
Democratic Republic of the Congo,2020,140603.51,33877.5,3214810.56,-0.20079297930813977,2,33836.9,2899866.2800000003
Democratic Republic of the Congo,2021,140320.618,33881.1833,3563992.75,-0.201198391135482,2,33877.5,3214810.56
Democratic Republic of the Congo,2022,140037.726,34694.085,3951087.19,-0.20160401517045345,2,33881.1833,3563992.75
Democratic Republic of the Congo,2023,139754.834,35095.6638,4379935.02,-0.20201127801803276,2,34694.085,3951087.19
Denmark,1991,535.456,2770.0,13445578.86,0.7556826734908872,0,2788.0,13385810.87
Denmark,1992,539.472,2756.0,13197167.28,0.7500149405366585,0,2770.0,13445578.86
Denmark,1993,543.488,2739.0,13022652.16,0.7444315923718081,0,2756.0,13197167.28
Denmark,1994,547.504,2691.0,12690960.78,0.7389307583608007,0,2739.0,13022652.16
Denmark,1995,551.52,2726.0,12770459.94,0.7335106227534416,0,2691.0,12690960.78
Denmark,1996,555.536,2716.0,12746541.75,0.7281694226863866,0,2726.0,12770459.94
Denmark,1997,559.552,2688.0,12446398.25,0.7229054462717155,0,2716.0,12746541.75
Denmark,1998,563.568,2672.0,12145834.73,0.7177170307674618,0,2688.0,12446398.25
Denmark,1999,567.584,2644.0,11822810.32,0.712602560826725,0,2672.0,12145834.73
Denmark,2000,571.6,2647.0,11776165.69,0.7075604668207891,0,2644.0,11822810.32
Denmark,2001,573.074,2676.0,11646840.01,0.2578726382085339,0,2647.0,11776165.69
Denmark,2002,574.548,2665.0,11509418.75,0.25720936563167207,0,2676.0,11646840.01
Denmark,2003,576.022,2658.0,11296811.33,0.25654949629971835,0,2665.0,11509418.75
Denmark,2004,577.496,2646.0,11067517.05,0.25589300408663807,0,2658.0,11296811.33
Denmark,2005,578.97,2707.0,10588014.06,0.25523986313324976,0,2646.0,11067517.05
Denmark,2006,580.444,2710.0,10381706.18,0.25459004784358363,0,2707.0,10588014.06
Denmark,2007,581.918,2663.0,10484958.35,0.25394353288172855,0,2710.0,10381706.18
Denmark,2008,583.392,2668.0,10550658.28,0.2533002931684569,0,2663.0,10484958.35
Denmark,2009,584.866,2634.0,10567764.67,0.2526603038780051,0,2668.0,10550658.28
Denmark,2010,586.34,2626.0,10791258.47,0.25202354043492026,0,2634.0,10567764.67
Denmark,2011,593.924,2690.0,10827886.95,1.29344748780571,0,2626.0,10791258.47
Denmark,2012,601.508,2624.0,10940688.86,1.2769310551518531,0,2690.0,10827886.95
Denmark,2013,609.092,2628.0,11058827.41,1.260831111140659,0,2624.0,10940688.86
Denmark,2014,616.676,2652.631,10981312.28,1.2451320982708847,0,2628.0,11058827.41
Denmark,2015,624.26,2633.899,11016303.9,1.2298192243576755,0,2652.631,10981312.28
Denmark,2016,625.95,2625.1,11310729.65,0.2707205331112128,0,2633.899,11016303.9
Denmark,2017,627.64,2631.3,11262773.59,0.2699896157839943,0,2625.1,11310729.65
Denmark,2018,629.33,2632.5,11348464.0,0.2692626346313176,0,2631.3,11262773.59
Denmark,2019,631.02,2625.965,11171469.0,0.2685395579425709,0,2632.5,11348464.0
Denmark,2020,632.71,2619.987,11159780.0,0.2678203543469371,0,2625.965,11171469.0
Denmark,2021,634.68,2618.0,11111180.0,0.31135907445747346,0,2619.987,11159780.0
Denmark,2022,636.65,2624.0,11074456.0,0.3103926388101197,0,2618.0,11111180.0
Denmark,2023,638.62,2621.0,10997877.0,0.3094321840885872,0,2624.0,11074456.0
Djibouti,1991,5.6,1336.5,517460.69,0.0,1,1299.0,501145.86
Djibouti,1992,5.6,1371.5,516795.64,0.0,1,1336.5,517460.69
Djibouti,1993,5.6,1401.5,547126.9199999999,0.0,1,1371.5,516795.64
Djibouti,1994,5.6,1401.5,585842.03,0.0,1,1401.5,547126.9199999999
Djibouti,1995,5.6,1451.6,645304.91,0.0,1,1401.5,585842.03
Djibouti,1996,5.6,1481.6,692841.37,0.0,1,1451.6,645304.91
Djibouti,1997,5.6,1501.6,704480.15,0.0,1,1481.6,692841.37
Djibouti,1998,5.6,1501.6,731182.6799999999,0.0,1,1501.6,704480.15
Djibouti,1999,5.6,1551.6,785610.86,0.0,1,1501.6,731182.6799999999
Djibouti,2000,5.6,1601.6,853741.9199999999,0.0,1,1551.6,785610.86
Djibouti,2001,5.6,1681.6,856276.25,0.0,1,1601.6,853741.9199999999
Djibouti,2002,5.6,1701.6,856293.21,0.0,1,1681.6,856276.25
Djibouti,2003,5.6,1701.7,856310.1799999999,0.0,1,1701.6,856293.21
Djibouti,2004,5.6,1701.7,769648.36,0.0,1,1701.7,856310.1799999999
Djibouti,2005,5.6,1701.7,829345.69,0.0,1,1701.7,769648.36
Djibouti,2006,5.6,1702.0,774872.6699999999,0.0,1,1701.7,829345.69
Djibouti,2007,5.6,1702.2,855564.01,0.0,1,1702.0,774872.6699999999
Djibouti,2008,5.6,1701.9,856397.05,0.0,1,1702.2,855564.01
Djibouti,2009,5.6,1702.0,856415.03,0.0,1,1701.9,856397.05
Djibouti,2010,5.6,1702.3,856432.02,0.0,1,1702.0,856415.03
Djibouti,2011,5.61,1702.8,855830.34,0.17857142857145014,0,1702.3,856432.02
Djibouti,2012,5.62,1702.8,855185.49,0.17825311942958333,0,1702.8,855830.34
Djibouti,2013,5.63,1702.8,855332.1799999999,0.1779359430605032,0,1702.8,855185.49
Djibouti,2014,5.64,1702.8,856623.19,0.1776198934280604,0,1702.8,855332.1799999999
Djibouti,2015,5.65,1702.8,863284.51,0.17730496453902678,0,1702.8,856623.19
Djibouti,2016,5.696,1702.8,872039.05,0.814159292035388,0,1702.8,863284.51
Djibouti,2017,5.742,1702.8,882201.77,0.8075842696629199,0,1702.8,872039.05
Djibouti,2018,5.788,1702.8,889577.85,0.8011145942180553,0,1702.8,882201.77
Djibouti,2019,5.834,1702.8,895558.8200000001,0.7947477539737235,0,1702.8,889577.85
Djibouti,2020,5.88,1703.8,894327.48,0.7884813164209747,0,1702.8,895558.8200000001
Djibouti,2021,5.89,1703.8,897774.49,0.1700680272108901,0,1703.8,894327.48
Djibouti,2022,5.9,1703.8,897923.4,0.1697792869270076,0,1703.8,897774.49
Djibouti,2023,5.91,1703.9,902240.02,0.16949152542371504,0,1703.8,897923.4
Dominica,1991,58.802,18.0,52421.64,-0.04759476457589784,1,18.0,52908.65
Dominica,1992,58.774,18.0,51517.22,-0.047617427978641214,1,18.0,52421.64
Dominica,1993,58.746,18.0,52252.83,-0.047640112975122495,1,18.0,51517.22
Dominica,1994,58.718,18.0,52076.87,-0.04766281959622809,1,18.0,52252.83
Dominica,1995,58.69,17.0,51112.64,-0.04768554787288881,1,18.0,52076.87
Dominica,1996,58.662,17.0,53022.35,-0.047708297836090985,1,17.0,51112.64
Dominica,1997,58.634,17.0,53030.44,-0.04773106951688755,1,17.0,53022.35
Dominica,1998,58.606,17.0,53037.54,-0.047753862946409154,1,17.0,53030.44
Dominica,1999,58.578,19.0,53468.51,-0.04777667815581976,1,17.0,53037.54
Dominica,2000,58.55,21.0,53475.61,-0.04779951517636105,1,19.0,53468.51
Dominica,2001,58.531,22.0,53483.72,-0.0324508966695114,1,21.0,53475.61
Dominica,2002,58.512,22.0,53490.83,-0.0324614306948412,1,22.0,53483.72
Dominica,2003,58.493,22.0,53498.94,-0.03247197156138748,1,22.0,53490.83
Dominica,2004,58.474,22.0,53506.05,-0.032482519275822686,1,22.0,53498.94
Dominica,2005,58.455,22.0,53514.17,-0.03249307384478595,1,22.0,53506.05
Dominica,2006,58.436,22.0,52943.76,-0.032503635274994114,1,22.0,53514.17
Dominica,2007,58.417,22.0,53813.24,-0.03251420357314183,1,22.0,52943.76
Dominica,2008,58.398,22.0,53821.380000000005,-0.03252477874591264,1,22.0,53813.24
Dominica,2009,58.379,23.0,53828.53,-0.032535360800034496,1,22.0,53821.380000000005
Dominica,2010,58.36,25.0,55265.8,-0.03254594974220204,1,23.0,53828.53
Dominica,2011,58.248,25.0,55988.67,-0.1919122686771746,2,25.0,55265.8
Dominica,2012,58.136,25.0,57311.52,-0.19228128004393774,2,25.0,55988.67
Dominica,2013,58.024,25.0,55922.81,-0.19265171322416785,2,25.0,57311.52
Dominica,2014,57.912,25.0,55745.04,-0.19302357645112345,2,25.0,55922.81
Dominica,2015,57.8,25.0,55471.35,-0.19339687802183425,2,25.0,55745.04
Dominica,2016,57.754,25.0,55305.240000000005,-0.0795847750865053,1,25.0,55471.35
Dominica,2017,57.708,25.0,55261.87,-0.07964816289780519,1,25.0,55305.240000000005
Dominica,2018,57.662,25.0,55231.81,-0.07971165176404726,1,25.0,55261.87
Dominica,2019,57.616,25.0,55219.36,-0.07977524192709362,1,25.0,55231.81
Dominica,2020,57.57,25.0,55480.64,-0.07983893362955019,1,25.0,55219.36
Dominica,2021,57.526,25.0,55558.03,-0.07642869550111842,1,25.0,55480.64
Dominica,2022,57.482,25.0,55622.92,-0.07648715363488545,1,25.0,55558.03
Dominica,2023,57.438,25.0,55687.85,-0.07654570126299776,1,25.0,55622.92
Dominican Republic,1991,2135.515,2607.25,6678782.529999999,0.15782191684448055,0,2617.1667,6535629.3
Dominican Republic,1992,2138.88,2597.3333,6630835.68,0.15757323174971916,0,2607.25,6678782.529999999
Dominican Republic,1993,2142.245,2587.4167,6691019.41,0.15732532914420894,0,2597.3333,6630835.68
Dominican Republic,1994,2145.61,2577.5,6722758.29,0.15707820534067718,0,2587.4167,6691019.41
Dominican Republic,1995,2148.975,2567.5833,6632337.49,0.15683185667478838,0,2577.5,6722758.29
Dominican Republic,1996,2152.34,2557.6667,6921233.99,0.1565862795053663,0,2567.5833,6632337.49
Dominican Republic,1997,2155.705,2547.75,7175582.49,0.1563414702137944,0,2557.6667,6921233.99
Dominican Republic,1998,2159.07,2537.8333,7378232.16,0.15609742520430459,0,2547.75,7175582.49
Dominican Republic,1999,2162.435,2524.9167,6586384.220000001,0.15585414090324434,0,2537.8333,7378232.16
Dominican Republic,2000,2165.8,2515.0,6226487.97,0.15561161375949872,0,2524.9167,6586384.220000001
Dominican Republic,2001,2167.848,2515.0,6551703.46,0.09456090128356909,1,2515.0,6226487.97
Dominican Republic,2002,2169.896,2515.0,6780730.84,0.09447156811732693,1,2515.0,6551703.46
Dominican Republic,2003,2171.944,2368.6794,6670933.55,0.09438240358061734,1,2515.0,6780730.84
Dominican Republic,2004,2173.992,2322.8812,7317292.13,0.09429340719651069,1,2368.6794,6670933.55
Dominican Republic,2005,2176.04,2332.9288,6804597.890000001,0.09420457848969832,1,2322.8812,7317292.13
Dominican Republic,2006,2178.088,2300.6703,7095364.77,0.09411591698682553,1,2332.9288,6804597.890000001
Dominican Republic,2007,2180.136,2313.8457,8375309.0,0.09402742221618077,1,2300.6703,7095364.77
Dominican Republic,2008,2182.184,2269.7484,8628066.91,0.09393909370791764,1,2313.8457,8375309.0
Dominican Republic,2009,2184.232,2324.8029,8810211.74,0.09385093099389952,1,2269.7484,8628066.91
Dominican Republic,2010,2186.28,2297.7653,9109204.75,0.09376293360778831,1,2324.8029,8810211.74
Dominican Republic,2011,2191.99,2319.6591,8931231.76,0.26117423202880463,0,2297.7653,9109204.75
Dominican Republic,2012,2197.7,2303.132,9001623.23,0.2604938891144659,0,2319.6591,8931231.76
Dominican Republic,2013,2203.41,2419.1334,9182785.63,0.2598170814942957,0,2303.132,9001623.23
Dominican Republic,2014,2209.12,2428.5596,9230512.42,0.2591437816838571,0,2419.1334,9182785.63
Dominican Republic,2015,2214.83,2420.1612,9243160.14,0.25847396248279697,0,2428.5596,9230512.42
Dominican Republic,2016,2216.734,2503.7114,9343591.01,0.08596596578518412,1,2420.1612,9243160.14
Dominican Republic,2017,2218.638,2530.7874,9271706.46,0.08589212778800093,1,2503.7114,9343591.01
Dominican Republic,2018,2220.542,2578.1129,9490972.98,0.08581841652401945,1,2530.7874,9271706.46
Dominican Republic,2019,2222.446,2588.2924,9610477.15,0.08574483166723379,1,2578.1129,9490972.98
Dominican Republic,2020,2224.35,2521.9321,9583527.11,0.08567137289274829,1,2588.2924,9610477.15
Dominican Republic,2021,2230.972,2526.0934,9581253.92,0.297704947512778,0,2521.9321,9583527.11
Dominican Republic,2022,2237.594,2636.1485,9617803.57,0.29682129582979666,0,2526.0934,9581253.92
Dominican Republic,2023,2244.216,2667.9089,9648790.94,0.29594287435521505,0,2636.1485,9617803.57
Eastern Africa,1991,227555.361,286461.218,240393455.84,-0.5220813044410688,2,285481.5007,238546915.81
Eastern Africa,1992,226361.102,287292.5786,245317814.44,-0.5248212983213318,2,286461.218,240393455.84
Eastern Africa,1993,225166.843,269961.0348,239540325.39,-0.5275902040802083,2,287292.5786,245317814.44
Eastern Africa,1994,223972.584,271170.0496,241693890.28,-0.5303884817534965,2,269961.0348,239540325.39
Eastern Africa,1995,222778.325,272318.6401,249140929.94,-0.5332166011890016,2,271170.0496,241693890.28
Eastern Africa,1996,221584.066,272840.5581,249595024.75,-0.5360750423094474,2,272318.6401,249140929.94
Eastern Africa,1997,220389.807,274674.458,255825975.27,-0.538964295383948,2,272840.5581,249595024.75
Eastern Africa,1998,219195.548,276478.5895,267936985.78,-0.5418848613084837,2,274674.458,255825975.27
Eastern Africa,1999,218001.289,279099.9336,281715923.99,-0.5448372518952915,2,276478.5895,267936985.78
Eastern Africa,2000,216807.03,281293.4315,274244498.45,-0.547821990171804,2,279099.9336,281715923.99
Eastern Africa,2001,215646.665,282543.3226,273313982.34000003,-0.5352063537792051,2,281293.4315,274244498.45
Eastern Africa,2002,214486.3,283286.9089,285854495.88,-0.5380862254466212,2,282543.3226,273313982.34000003
Eastern Africa,2003,213325.935,285719.3957,286944102.84000003,-0.5409972571674748,2,283286.9089,285854495.88
Eastern Africa,2004,212165.57,288517.581,288542500.73,-0.5439399574177384,2,285719.3957,286944102.84000003
Eastern Africa,2005,211005.205,289967.3664,298709177.33,-0.5469148457970863,2,288517.581,288542500.73
Eastern Africa,2006,209844.84,292218.1012,309829920.25,-0.5499224533347391,2,289967.3664,298709177.33
Eastern Africa,2007,208684.475,293836.9838,329661402.78,-0.5529633228055553,2,292218.1012,309829920.25
Eastern Africa,2008,207524.11,294923.0644,348526380.76,-0.5560380090565031,2,293836.9838,329661402.78
Eastern Africa,2009,206363.745,296698.8475,359412727.24,-0.5591470793441689,2,294923.0644,348526380.76
Eastern Africa,2010,205203.38,297822.9697,374326725.9,-0.5622911136837438,2,296698.8475,359412727.24
Eastern Africa,2011,203746.66,299854.7463,379516776.51,-0.7098908409793214,2,297822.9697,374326725.9
Eastern Africa,2012,209434.46,329083.3944,428760417.72,2.791604043963214,0,299854.7463,379516776.51
Eastern Africa,2013,207981.9,330295.2481,435068388.54,-0.6935630363790191,2,329083.3944,428760417.72
Eastern Africa,2014,206529.34,330974.1474,440470660.89,-0.6984069286798511,2,330295.2481,435068388.54
Eastern Africa,2015,205076.78,331709.7506,448599058.97,-0.7033189570063048,2,330974.1474,440470660.89
Eastern Africa,2016,203907.922,332614.4367,462535336.69,-0.5699611628386281,2,331709.7506,448599058.97
Eastern Africa,2017,202739.064,333083.7336,462105573.35,-0.573228341761034,2,332614.4367,462535336.69
Eastern Africa,2018,201570.206,334222.3434,471817543.73,-0.5765331934254214,2,333083.7336,462105573.35
Eastern Africa,2019,200401.348,334855.6103,490910095.39,-0.5798763731977408,2,334222.3434,471817543.73
Eastern Africa,2020,199232.49,335493.6742,513681763.84,-0.5832585517339006,2,334855.6103,490910095.39
Eastern Africa,2021,198146.484,335928.0519,503925195.32,-0.5450948286597201,2,335493.6742,513681763.84
Eastern Africa,2022,197060.478,335650.3036,506523278.16,-0.5480823974650995,2,335928.0519,503925195.32
Eastern Africa,2023,195974.472,335716.46,526917961.84,-0.5511028954268471,2,335650.3036,506523278.16
Eastern Asia,1991,212411.306,648871.703,277080881.21000004,0.9324281956741842,0,642763.465,262796150.85
Eastern Asia,1992,214373.592,649187.967,287239450.27,0.9238142907515456,0,648871.703,277080881.21000004
Eastern Asia,1993,216335.878,648552.595,304238517.04,0.9153580819786677,0,649187.967,287239450.27
Eastern Asia,1994,218298.164,652534.406,330123904.55,0.9070552781818231,0,648552.595,304238517.04
Eastern Asia,1995,220260.45,652413.809,362679237.15,0.8989017424809953,0,652534.406,330123904.55
Eastern Asia,1996,222222.736,652253.222,390371240.21,0.8908934854169104,0,652413.809,362679237.15
Eastern Asia,1997,224185.022,662579.924,375280862.09,0.8830266584423541,0,652253.222,390371240.21
Eastern Asia,1998,226147.308,662740.6,408858126.7,0.875297547754994,0,662579.924,375280862.09
Eastern Asia,1999,228109.594,663818.373,419990609.66,0.8677025684515449,0,662740.6,408858126.7
Eastern Asia,2000,230071.88,663961.18,432646063.11,0.8602382589835367,0,663818.373,419990609.66
Eastern Asia,2001,232435.181,664142.7144,424905938.81,1.027201151222834,0,663961.18,432646063.11
Eastern Asia,2002,234798.482,664660.2619,419513100.91,1.0167570114955948,0,664142.7144,424905938.81
Eastern Asia,2003,237161.783,649353.2583,429289257.33,1.006523117129876,0,664660.2619,419513100.91
Eastern Asia,2004,239525.084,649785.9558,440220657.73,0.9964931828835288,0,649353.2583,429289257.33
Eastern Asia,2005,241888.385,650161.5182,445710894.7,0.9866611715706686,0,649785.9558,440220657.73
Eastern Asia,2006,244251.686,651505.2957,448207276.46,0.9770212819437241,0,650161.5182,445710894.7
Eastern Asia,2007,246614.987,652005.3331,443784670.17,0.9675679372792567,0,651505.2957,448207276.46
Eastern Asia,2008,248978.288,652431.2476,450685214.61,0.958295774619744,0,652005.3331,443784670.17
Eastern Asia,2009,251341.589,652744.4772,422624369.09,0.9491996346283837,0,652431.2476,450685214.61
Eastern Asia,2010,253704.89,651890.118,418436176.5,0.9402745520161515,0,652744.4772,422624369.09
Eastern Asia,2011,255637.504,651021.5,407412242.11,0.7617567008661119,0,651890.118,418436176.5
Eastern Asia,2012,257570.118,650161.0033,406242745.92,0.7559978366867393,0,651021.5,407412242.11
Eastern Asia,2013,259502.732,649335.78,401325417.97,0.7503253929479481,0,650161.0033,406242745.92
Eastern Asia,2014,261435.346,648190.243,404771013.25,0.744737438833587,0,649335.78,401325417.97
Eastern Asia,2015,263367.96,647382.503,405981600.74,0.7392321006204128,0,648190.243,404771013.25
Eastern Asia,2016,265127.264,646428.59,407615356.99,0.6680022885092063,0,647382.503,405981600.74
Eastern Asia,2017,266886.568,645515.99,407167315.25,0.6635696282069281,0,646428.59,407615356.99
Eastern Asia,2018,268645.872,644671.7,414461326.68,0.6591954076909268,0,645515.99,407167315.25
Eastern Asia,2019,270405.176,643594.1,423983329.52,0.6548784788325435,0,644671.7,414461326.68
Eastern Asia,2020,272164.48,642776.1669,438079138.22,0.6506177233826405,0,643594.1,423983329.52
Eastern Asia,2021,273780.862,642575.5695,450732977.89,0.5938989540442696,0,642776.1669,438079138.22
Eastern Asia,2022,275397.244,642011.2,468944374.86,0.5903926184584796,0,642575.5695,450732977.89
Eastern Asia,2023,277013.626,637433.5457,484486506.54,0.5869274421642201,0,642011.2,468944374.86
Eastern Europe,1991,875634.552,608315.0,663827344.16,0.029496113300298,1,609151.0,698493200.21
Eastern Europe,1992,854537.366,328064.0,517646111.45,-2.4093596982682763,2,608315.0,663827344.16
Eastern Europe,1993,854727.774,325083.0,491117988.13,0.022281998140250003,1,328064.0,517646111.45
Eastern Europe,1994,854918.182,323991.0,474491495.92,0.022277034371898097,1,325083.0,491117988.13
Eastern Europe,1995,855108.59,322636.0,440668358.0,0.022272072814555344,1,323991.0,474491495.92
Eastern Europe,1996,855298.998,322168.0,406740957.47,0.022267113466845068,1,322636.0,440668358.0
Eastern Europe,1997,855489.406,324083.0,376371510.94,0.022262156327212956,1,322168.0,406740957.47
Eastern Europe,1998,855679.814,322516.0,349481221.81,0.02225720139426013,1,324083.0,376371510.94
Eastern Europe,1999,855870.222,321887.0,324080449.66,0.022252248666454477,1,322516.0,349481221.81
Eastern Europe,2000,856060.63,321790.0,312417020.57,0.022247298142374916,1,321887.0,324080449.66
Eastern Europe,2001,857102.541,320395.0,299390078.27,0.12170995411855401,0,321790.0,312417020.57
Eastern Europe,2002,858144.452,318386.06,300756966.14,0.12156200106283599,0,320395.0,299390078.27
Eastern Europe,2003,859186.363,317210.42,299919926.64,0.12141440727975183,0,318386.06,300756966.14
Eastern Europe,2004,860228.274,316029.39,285152487.52,0.12126717146230259,0,317210.42,299919926.64
Eastern Europe,2005,861270.185,315192.49,269450789.81,0.12112029230977317,0,316029.39,285152487.52
Eastern Europe,2006,862312.096,314712.95,261140534.48,0.12097376852768793,0,315192.49,269450789.81
Eastern Europe,2007,863354.007,313678.7,259612528.63,0.12082759882796612,0,314712.95,261140534.48
Eastern Europe,2008,864395.918,313818.61,255549400.27,0.12068178192865542,0,313678.7,259612528.63
Eastern Europe,2009,865437.829,313697.87,250949647.92,0.12053631655397634,0,313818.61,255549400.27
Eastern Europe,2010,866479.74,312592.62,245584101.56,0.12039120143430004,0,313697.87,250949647.92
Eastern Europe,2011,866974.894,312731.74,236665356.84,0.0571454792468673,1,312592.62,245584101.56
Eastern Europe,2012,867470.048,312223.29,235442968.3,0.057112841839690454,1,312731.74,236665356.84
Eastern Europe,2013,867965.202,312173.6,234907851.9,0.0570802416915317,1,312223.29,235442968.3
Eastern Europe,2014,868460.356,311844.3,235928118.45,0.05704767873861982,1,312173.6,234907851.9
Eastern Europe,2015,868955.51,311781.7,232153707.22,0.057015152917361256,1,311844.3,235928118.45
Eastern Europe,2016,870114.224,311431.6,228036068.26,0.13334560707256582,0,311781.7,232153707.22
Eastern Europe,2017,871272.938,311366.82,227670562.6,0.13316803335006178,0,311431.6,228036068.26
Eastern Europe,2018,872431.652,311197.1,226242957.83,0.13299093194147904,0,311366.82,227670562.6
Eastern Europe,2019,873590.366,311526.259,224899711.92,0.13281430096485636,0,311197.1,226242957.83
Eastern Europe,2020,874749.08,310709.6436,225407487.3,0.1326381385483355,0,311526.259,224899711.92
Eastern Europe,2021,875693.86,310503.1856,223206818.47,0.10800582951171478,0,310709.6436,225407487.3
Eastern Europe,2022,876638.64,309695.435,219408868.28,0.10788930277529918,0,310503.1856,223206818.47
Eastern Europe,2023,877583.42,310226.45,217423253.22,0.10777302720765825,0,309695.435,219408868.28
Ecuador,1991,14542.039,7914.0,14022152.92,-0.6162500401511339,2,7846.0,13712395.04
Ecuador,1992,14451.868,7953.0,14438048.27,-0.6200712293509936,2,7914.0,14022152.92
Ecuador,1993,14361.697,7975.0,14857522.49,-0.6239401024144442,2,7953.0,14438048.27
Ecuador,1994,14271.526,8129.0,15247917.13,-0.627857557501732,2,7975.0,14857522.49
Ecuador,1995,14181.355,8108.0,15519161.74,-0.631824515472279,2,8129.0,15247917.13
Ecuador,1996,14091.184,7987.0,16193050.62,-0.6358419206063171,2,8108.0,15519161.74
Ecuador,1997,14001.013,8012.0,17003331.17,-0.6399107413542993,2,7987.0,16193050.62
Ecuador,1998,13910.842,8027.0,16816731.67,-0.6440319711152331,2,8012.0,17003331.17
Ecuador,1999,13820.671,8075.0,17051575.52,-0.6482066290451782,2,8027.0,16816731.67
Ecuador,2000,13730.5,8066.0,15841559.91,-0.6524357608975739,2,8075.0,17051575.52
Ecuador,2001,13660.287,7785.0,16457165.1,-0.5113652088416298,2,8066.0,15841559.91
Ecuador,2002,13590.074,7490.0,17083912.36,-0.5139935932532036,2,7785.0,16457165.1
Ecuador,2003,13519.861,7250.0,17004746.810000002,-0.516649136715519,2,7490.0,17083912.36
Ecuador,2004,13449.648,7527.0,17451650.89,-0.5193322623657237,2,7250.0,17004746.810000002
Ecuador,2005,13379.435,7500.0,16990187.96,-0.5220434021767639,2,7527.0,17451650.89
Ecuador,2006,13309.222,7444.0,17438914.0,-0.5247829971893436,2,7500.0,16990187.96
Ecuador,2007,13239.009,7412.0,17087683.82,-0.5275514977509554,2,7444.0,17438914.0
Ecuador,2008,13168.796,7445.0,17999686.7,-0.5303493637627943,2,7412.0,17087683.82
Ecuador,2009,13098.583,7534.4,18958668.8,-0.5331770649344092,2,7445.0,17999686.7
Ecuador,2010,13028.37,7497.7,19215532.0,-0.5360350810465486,2,7534.4,18958668.8
Ecuador,2011,12986.536,7346.1,19888816.0,-0.3210992626092146,2,7497.7,19215532.0
Ecuador,2012,12944.702,7506.9,19240238.01,-0.3221336313240175,2,7346.1,19888816.0
Ecuador,2013,12902.868,7513.0,19238270.01,-0.3231746856744877,2,7506.9,19240238.01
Ecuador,2014,12861.034,5475.0,17052488.82,-0.324222490689674,2,7513.0,19238270.01
Ecuador,2015,12819.2,5789.0,15372391.8,-0.3252771122446263,2,5475.0,17052488.82
Ecuador,2016,12747.578,5516.0,15527135.11,-0.558708811782338,2,5789.0,15372391.8
Ecuador,2017,12675.956,5590.0,15662634.94,-0.561847905539381,2,5516.0,15527135.11
Ecuador,2018,12604.334,5448.0,15235189.97,-0.5650224724667696,2,5590.0,15662634.94
Ecuador,2019,12532.712,5330.0,16817303.64,-0.5682331172753852,2,5448.0,15235189.97
Ecuador,2020,12461.09,5420.0,16735533.03,-0.5714804584993183,2,5330.0,16817303.64
Ecuador,2021,12430.936,5470.0,15656013.48,-0.24198525169146778,2,5420.0,16735533.03
Ecuador,2022,12400.782,5348.0,14949811.67,-0.24257224073875872,2,5470.0,15656013.48
Ecuador,2023,12370.628,5350.0,14693512.03,-0.24316208445562815,2,5348.0,14949811.67
Egypt,1991,3.91,2643.0,17112116.0,0.0,1,2648.0,14588404.33
Egypt,1992,3.91,2996.28,17329733.0,0.0,1,2643.0,17112116.0
Egypt,1993,3.91,3015.18,17987445.33,0.0,1,2996.28,17329733.0
Egypt,1994,3.91,3012.66,16915157.33,0.0,1,3015.18,17987445.33
Egypt,1995,3.91,3283.0,17290616.0,0.0,1,3012.66,16915157.33
Egypt,1996,3.91,3176.46,17901629.53,0.0,1,3283.0,17290616.0
Egypt,1997,3.91,3244.92,18418335.33,0.0,1,3176.46,17901629.53
Egypt,1998,3.91,3259.62,18213475.0,0.0,1,3244.92,18418335.33
Egypt,1999,3.91,3483.0,18846164.0,0.0,1,3259.62,18213475.0
Egypt,2000,3.91,3291.0,19875902.0,0.0,1,3483.0,18846164.0
Egypt,2001,3.927,3338.0,20366055.0,0.43478260869564966,0,3291.0,19875902.0
Egypt,2002,3.944,3424.0,20482292.67,0.43290043290042934,0,3338.0,20366055.0
Egypt,2003,3.961,3409.0,21423549.33,0.4310344827586077,0,3424.0,20482292.67
Egypt,2004,3.978,3478.0,21679242.67,0.42918454935623185,0,3409.0,21423549.33
Egypt,2005,3.995,3523.0,22668691.33,0.42735042735042583,0,3478.0,21679242.67
Egypt,2006,4.012,3533.0,23371221.67,0.42553191489360653,0,3523.0,22668691.33
Egypt,2007,4.029,3538.0,24414237.33,0.4237288135593209,0,3533.0,23371221.67
Egypt,2008,4.046,3542.0,24995436.53,0.42194092827005925,0,3538.0,24414237.33
Egypt,2009,4.063,3689.0,23448215.2,0.42016806722686706,0,3542.0,24995436.53
Egypt,2010,4.08,3671.0,24206568.67,0.41841004184102193,0,3689.0,23448215.2
Egypt,2011,4.08,3620.0,24549816.73,0.0,1,3671.0,24206568.67
Egypt,2012,4.08,3696.0,25228574.73,0.0,1,3620.0,24549816.73
Egypt,2013,4.08,3730.97,24082768.79,0.0,1,3696.0,25228574.73
Egypt,2014,4.08,3715.19,23628306.67,0.0,1,3730.97,24082768.79
Egypt,2015,4.08,3789.8771,23874246.33,0.0,1,3715.19,23628306.67
Egypt,2016,4.08,3733.7654,23999597.67,0.0,1,3789.8771,23874246.33
Egypt,2017,4.08,3836.9688,23586944.73,0.0,1,3733.7654,23999597.67
Egypt,2018,4.08,3863.0,21764586.8,0.0,1,3836.9688,23586944.73
Egypt,2019,4.08,3922.0,18741978.33,0.0,1,3863.0,21764586.8
Egypt,2020,4.08,3971.0,18212843.0,0.0,1,3922.0,18741978.33
Egypt,2021,4.086,4031.0,19200217.33,0.14705882352941124,0,3971.0,18212843.0
Egypt,2022,4.092,4058.0,20945235.06,0.1468428781203901,0,4031.0,19200217.33
Egypt,2023,4.098,4058.0,20094384.63,0.14662756598240456,0,4058.0,20945235.06
El Salvador,1991,732.54,1283.7,3716339.97,-0.4038014438960791,2,1270.8,3675316.71
El Salvador,1992,729.57,1301.5,3706597.4,-0.405438610860831,2,1283.7,3716339.97
El Salvador,1993,726.6,1296.4,3640571.17,-0.4070891072823768,2,1301.5,3706597.4
El Salvador,1994,723.63,1294.3,3831192.17,-0.4087530966143671,2,1296.4,3640571.17
El Salvador,1995,720.66,1290.2,3523784.7800000003,-0.4104307449939948,2,1294.3,3831192.17
El Salvador,1996,717.69,1246.1,3882549.74,-0.4121222212971287,2,1290.2,3523784.7800000003
El Salvador,1997,714.72,1241.0,3882917.56,-0.4138276971951682,2,1246.1,3882549.74
El Salvador,1998,711.75,1269.8,3617807.81,-0.41554734721289677,2,1241.0,3882917.56
El Salvador,1999,708.78,1295.7,3781205.69,-0.417281348788201,2,1269.8,3617807.81
El Salvador,2000,705.81,1286.7,3651924.7,-0.41902988233302185,2,1295.7,3781205.69
El Salvador,2001,702.84,1277.7,4014128.19,-0.420793131295949,2,1286.7,3651924.7
El Salvador,2002,699.87,1263.7,4365435.27,-0.4225712822264027,2,1277.7,4014128.19
El Salvador,2003,696.9,1254.7,3943315.37,-0.42436452484032605,2,1263.7,4365435.27
El Salvador,2004,693.93,1280.7,3881787.67,-0.4261730520878193,2,1254.7,3943315.37
El Salvador,2005,690.96,1218.6,3952822.73,-0.4279970602221961,2,1280.7,3881787.67
El Salvador,2006,687.99,1216.9,4154668.28,-0.42983674887113743,2,1218.6,3952822.73
El Salvador,2007,685.02,1241.3,4347670.5,-0.43169232110932265,2,1216.9,4154668.28
El Salvador,2008,682.05,1237.5,4449334.140000001,-0.43356398353333603,2,1241.3,4347670.5
El Salvador,2009,679.08,1233.7,4312631.46,-0.4354519463382278,2,1237.5,4449334.140000001
El Salvador,2010,676.11,1229.9,4041520.75,-0.43735642339636227,2,1233.7,4312631.46
El Salvador,2011,676.186,1226.0,3420005.08,0.011240774430198996,1,1229.9,4041520.75
El Salvador,2012,676.262,1222.2,3678498.3,0.011239511022109738,1,1226.0,3420005.08
El Salvador,2013,676.338,1218.4,2930894.71,0.01123824789801553,1,1222.2,3678498.3
El Salvador,2014,676.414,1214.2,3296404.31,0.01123698505776094,1,1218.4,2930894.71
El Salvador,2015,676.49,1223.0,3239109.11,0.01123572250130156,1,1214.2,3296404.31
El Salvador,2016,677.324,1214.1,3052319.86,0.12328341882361649,0,1223.0,3239109.11
El Salvador,2017,678.158,1205.2,2929753.67,0.12313161795538541,0,1214.1,3052319.86
El Salvador,2018,678.992,1195.7,2701985.0700000003,0.1229801904570893,0,1205.2,2929753.67
El Salvador,2019,679.826,1195.7,2554829.88,0.1228291349530064,0,1195.7,2701985.0700000003
El Salvador,2020,680.66,1195.7,2755126.47,0.12267845007398748,0,1195.7,2554829.88
El Salvador,2021,681.496,1195.7,2869896.0700000003,0.1228219669144659,0,1195.7,2755126.47
El Salvador,2022,682.332,1195.7,2764315.62,0.12267129961145429,0,1195.7,2869896.0700000003
El Salvador,2023,683.168,1195.7,2724380.22,0.12252100150660361,0,1195.7,2764315.62
Equatorial Guinea,1991,2690.793,103.85,11109.29,-0.30961599021913644,2,103.85,10988.52
Equatorial Guinea,1992,2682.436,104.85,11230.06,-0.3105775880939188,2,103.85,11109.29
Equatorial Guinea,1993,2674.079,102.85,11350.83,-0.3115451775923095,2,104.85,11230.06
Equatorial Guinea,1994,2665.722,102.85,11350.83,-0.3125188148891622,2,102.85,11350.83
Equatorial Guinea,1995,2657.365,102.85,11471.6,-0.31349855686378936,2,102.85,11350.83
Equatorial Guinea,1996,2649.008,103.85,11471.6,-0.3144844611109088,2,102.85,11471.6
Equatorial Guinea,1997,2640.651,104.85,11592.37,-0.3154765859521791,2,103.85,11471.6
Equatorial Guinea,1998,2632.294,102.85,11592.37,-0.3164749904474351,2,104.85,11592.37
Equatorial Guinea,1999,2623.937,102.85,11713.14,-0.3174797344065672,2,102.85,11592.37
Equatorial Guinea,2000,2615.58,102.85,11713.14,-0.31849087840142287,2,102.85,11713.14
Equatorial Guinea,2001,2607.28,102.85,11833.91,-0.3173292348159773,2,102.85,11713.14
Equatorial Guinea,2002,2598.98,102.85,11833.91,-0.31833941885797135,2,102.85,11833.91
Equatorial Guinea,2003,2590.68,102.85,11954.68,-0.31935605506776543,2,102.85,11833.91
Equatorial Guinea,2004,2582.38,102.85,11954.68,-0.32037920545956444,2,102.85,11954.68
Equatorial Guinea,2005,2574.08,102.98,11954.68,-0.32140893284490213,2,102.85,11954.68
Equatorial Guinea,2006,2565.78,103.11,12075.45,-0.32244530084534206,2,102.98,11954.68
Equatorial Guinea,2007,2557.48,103.24,12075.45,-0.3234883739058003,2,103.11,12075.45
Equatorial Guinea,2008,2549.18,103.37,12075.45,-0.3245382173076683,2,103.24,12075.45
Equatorial Guinea,2009,2540.88,103.5,12075.45,-0.3255948971826128,2,103.37,12075.45
Equatorial Guinea,2010,2532.58,103.63,12358.53,-0.32665848052644275,2,103.5,12075.45
Equatorial Guinea,2011,2524.108,103.76,12358.53,-0.3345205284729258,2,103.63,12358.53
Equatorial Guinea,2012,2515.636,103.89,12533.61,-0.3356433242951651,2,103.76,12358.53
Equatorial Guinea,2013,2507.164,104.02,12579.3,-0.33677368267903685,2,103.89,12533.61
Equatorial Guinea,2014,2498.692,104.15,12508.76,-0.33791168028897145,2,104.02,12579.3
Equatorial Guinea,2015,2490.22,104.28,12505.61,-0.3390573948289788,2,104.15,12508.76
Equatorial Guinea,2016,2481.86,104.41,12547.33,-0.3357133104705423,2,104.28,12505.61
Equatorial Guinea,2017,2473.5,104.54,12640.76,-0.3368441410877332,2,104.41,12547.33
Equatorial Guinea,2018,2465.14,104.67,12713.23,-0.3379826157267063,2,104.54,12640.76
Equatorial Guinea,2019,2456.78,104.8,12771.41,-0.3391288121566971,2,104.67,12713.23
Equatorial Guinea,2020,2448.42,104.92,12825.64,-0.3402828092055499,2,104.8,12771.41
Equatorial Guinea,2021,2440.06,104.92,12875.83,-0.3414446867776033,2,104.92,12825.64
Equatorial Guinea,2022,2431.7,104.92,12932.05,-0.3426145258723201,2,104.92,12875.83
Equatorial Guinea,2023,2423.34,104.72,12984.24,-0.3437924086030164,2,104.92,12932.05
Eritrea,1994,1627.39,7406.0,3140729.0,-0.3661142300886988,2,7400.0,3086698.2800000003
Eritrea,1995,1621.41,7407.0,3193997.58,-0.36745955179766643,2,7406.0,3140729.0
Eritrea,1996,1615.43,7338.0,3894711.86,-0.36881479699767405,2,7407.0,3193997.58
Eritrea,1997,1609.45,7360.0,4690338.859999999,-0.37018007589311175,2,7338.0,3894711.86
Eritrea,1998,1603.47,7467.0,4946306.14,-0.3715555003262039,2,7360.0,4690338.859999999
Eritrea,1999,1597.49,7467.0,5112194.720000001,-0.372941183807618,2,7467.0,4946306.14
Eritrea,2000,1591.51,7530.0,5231699.71,-0.3743372415476842,2,7467.0,5112194.720000001
Eritrea,2001,1585.531,7532.0,4877340.640000001,-0.3756809570785058,2,7530.0,5231699.71
Eritrea,2002,1579.552,7532.0,4830554.29,-0.3770976411057281,2,7532.0,4877340.640000001
Eritrea,2003,1573.573,7567.0,5085085.53,-0.37852505014078774,2,7532.0,4830554.29
Eritrea,2004,1567.594,7500.0,5180132.57,-0.3799633064370145,2,7567.0,5085085.53
Eritrea,2005,1561.615,7522.0,5281171.53,-0.3814125341127905,2,7500.0,5180132.57
Eritrea,2006,1555.636,7572.0,5157874.53,-0.3828728591874442,2,7522.0,5281171.53
Eritrea,2007,1549.657,7572.0,5782937.140000001,-0.38434440961767624,2,7572.0,5157874.53
Eritrea,2008,1543.678,7572.0,5803782.28,-0.3858273153349301,2,7572.0,5782937.140000001
Eritrea,2009,1537.699,7592.0,5841085.01,-0.3873217082837277,2,7572.0,5803782.28
Eritrea,2010,1531.72,7592.0,5622446.57,-0.38882772246063846,2,7592.0,5841085.01
Eritrea,2011,1525.74,7592.0,5932940.0,-0.3904107800381307,2,7592.0,5622446.57
Eritrea,2012,1519.76,7592.0,5954728.57,-0.3919409597965551,2,7592.0,5932940.0
Eritrea,2013,1513.78,7592.0,5924433.34,-0.39348318155498774,2,7592.0,5954728.57
Eritrea,2014,1507.8,7592.0,5927996.25,-0.3950375880246826,2,7592.0,5924433.34
Eritrea,2015,1501.82,7592.0,5945360.07,-0.39660432418092695,2,7592.0,5927996.25
Eritrea,2016,1495.84,7592.0,5995944.359999999,-0.3981835373080722,2,7592.0,5945360.07
Eritrea,2017,1489.86,7592.0,6041402.7,-0.3997753770456747,2,7592.0,5995944.359999999
Eritrea,2018,1483.88,7592.0,6066551.53,-0.40137999543580216,2,7592.0,6041402.7
Eritrea,2019,1477.9,7592.0,6084606.140000001,-0.40299754697145085,2,7592.0,6066551.53
Eritrea,2020,1471.92,7592.0,6121312.85,-0.4046281886460501,2,7592.0,6084606.140000001
Eritrea,2021,1465.94,7592.0,6120360.58,-0.406272080004344,2,7592.0,6121312.85
Eritrea,2022,1459.96,7592.0,6143421.58,-0.4079293831944053,2,7592.0,6120360.58
Eritrea,2023,1453.98,7592.0,6165859.24,-0.4096002630209039,2,7592.0,6143421.58
Estonia,1993,2215.797,1320.0,3533807.18,0.149107479419186,0,1374.0,3766582.4
Estonia,1994,2219.096,1101.0,2754891.71,0.14888548003268998,0,1320.0,3533807.18
Estonia,1995,2222.395,991.0,2535719.3200000003,0.1486641407131506,0,1101.0,2754891.71
Estonia,1996,2225.694,1005.0,2282552.27,0.14844345852109697,0,991.0,2535719.3200000003
Estonia,1997,2228.993,1023.0,2210468.23,0.14822343053446652,0,1005.0,2282552.27
Estonia,1998,2232.292,1043.0,2119652.22,0.14800405384853832,0,1023.0,2210468.23
Estonia,1999,2235.591,1001.0,2045635.42,0.1477853255756889,0,1043.0,2119652.22
Estonia,2000,2238.89,986.0,1750970.48,0.14756724284539224,0,1001.0,2045635.42
Estonia,2001,2248.603,890.0,1681209.28,0.43383105020793344,0,986.0,1750970.48
Estonia,2002,2258.316,698.2,1654087.08,0.4319570862441946,0,890.0,1681209.28
Estonia,2003,2268.029,828.7,1559631.03,0.43009924209014283,0,698.2,1654087.08
Estonia,2004,2277.742,770.4,1641804.78,0.42825731064286554,0,828.7,1559631.03
Estonia,2005,2287.455,881.9,1591717.45,0.426431088332202,0,770.4,1641804.78
Estonia,2006,2297.168,898.5,1626133.24,0.42462037504564787,0,881.9,1591717.45
Estonia,2007,2306.881,914.6,1608392.52,0.42282497405499164,0,898.5,1626133.24
Estonia,2008,2316.594,906.8,1568069.71,0.42104469194554905,0,914.6,1608392.52
Estonia,2009,2326.307,931.8,1525737.95,0.4192793385461524,0,906.8,1568069.71
Estonia,2010,2336.02,948.8,1492356.83,0.41752872686193765,0,931.8,1525737.95
Estonia,2011,2353.1,946.0,1506591.05,0.7311581236461917,0,948.8,1492356.83
Estonia,2012,2370.18,955.9,1510453.69,0.7258510050571543,0,946.0,1506591.05
Estonia,2013,2387.26,965.0,1546312.13,0.7206203748238771,0,955.9,1510453.69
Estonia,2014,2404.34,974.0,1606654.57,0.7154645912049729,0,965.0,1546312.13
Estonia,2015,2421.42,993.0,1601117.58,0.710382059109782,0,974.0,1606654.57
Estonia,2016,2425.91,1003.0,1557339.81,0.18542838499722158,0,993.0,1601117.58
Estonia,2017,2430.4,982.0,1555786.83,0.18508518452871048,0,1003.0,1557339.81
Estonia,2018,2434.89,985.0,1555704.0,0.184743252139552,0,982.0,1555786.83
Estonia,2019,2439.38,988.4,1571180.0,0.18440258081475758,0,985.0,1555704.0
Estonia,2020,2443.87,985.0,1603548.0,0.18406316359074193,0,988.4,1571180.0
Estonia,2021,2444.446,987.0,1589766.0,0.0235691751197864,1,985.0,1603548.0
Estonia,2022,2445.022,986.0,1577825.0,0.02356362136861634,1,987.0,1589766.0
Estonia,2023,2445.598,988.0,1595470.0,0.023558070234130923,1,986.0,1577825.0
Eswatini,1991,484.07,1227.0,1940629.13,-0.3089152954259933,2,1238.0,1848139.57
Eswatini,1992,482.57,1223.0,1988559.9,-0.3098725390955903,2,1227.0,1940629.13
Eswatini,1993,481.07,1222.0,1662547.86,-0.3108357336759404,2,1223.0,1988559.9
Eswatini,1994,479.57,1222.0,1694518.53,-0.31180493483277116,2,1222.0,1662547.86
Eswatini,1995,478.07,1222.0,1748819.6,-0.31278019892820863,2,1222.0,1694518.53
Eswatini,1996,476.57,1222.0,1659315.23,-0.3137615830317686,2,1222.0,1748819.6
Eswatini,1997,475.07,1223.0,1700928.66,-0.3147491449314921,2,1222.0,1659315.23
Eswatini,1998,473.57,1223.0,1662266.63,-0.3157429431452252,2,1223.0,1700928.66
Eswatini,1999,472.07,1223.0,1655487.9,-0.31674303693224326,2,1223.0,1662266.63
Eswatini,2000,470.57,1223.0,1643255.56,-0.3177494863049968,2,1223.0,1655487.9
Eswatini,2001,469.07,1224.0,1326558.5,-0.31876235204114645,2,1223.0,1643255.56
Eswatini,2002,467.57,1224.0,1463267.87,-0.3197816956957422,2,1224.0,1326558.5
Eswatini,2003,466.07,1224.0,1632492.8,-0.3208075796137466,2,1224.0,1463267.87
Eswatini,2004,464.57,1224.0,1691671.24,-0.3218400669427357,2,1224.0,1632492.8
Eswatini,2005,463.07,1224.0,1681955.5,-0.32287922164582206,2,1224.0,1691671.24
Eswatini,2006,461.57,1223.0,1614642.37,-0.32392510851491085,2,1224.0,1681955.5
Eswatini,2007,460.07,1223.0,1635139.37,-0.32497779318413356,2,1223.0,1614642.37
Eswatini,2008,458.57,1223.0,1643731.15,-0.3260373421435814,2,1223.0,1635139.37
Eswatini,2009,457.07,1224.0,1648648.86,-0.3271038227533385,2,1223.0,1643731.15
Eswatini,2010,455.57,1221.0433,1723512.26,-0.328177303257704,2,1224.0,1648648.86
Eswatini,2011,454.07,1221.0,1743474.61,-0.32925785279979136,2,1221.0433,1723512.26
Eswatini,2012,452.57,1220.0,1767283.63,-0.33034554143633876,2,1221.0,1743474.61
Eswatini,2013,451.07,1218.7465,1740324.68,-0.3314404401529081,2,1220.0,1767283.63
Eswatini,2014,449.57,1216.0,1722937.7,-0.33254262087923925,2,1218.7465,1740324.68
Eswatini,2015,448.07,1212.0,1651649.9300000002,-0.33365215650510427,2,1216.0,1722937.7
Eswatini,2016,446.57,1208.0,1501773.87,-0.3347691208962833,2,1212.0,1651649.9300000002
Eswatini,2017,445.07,1204.0,1452085.9,-0.3358935889110293,2,1208.0,1501773.87
Eswatini,2018,443.57,1201.0,1428935.61,-0.33702563641674343,2,1204.0,1452085.9
Eswatini,2019,442.07,1197.0,1480312.55,-0.3381653403070506,2,1201.0,1428935.61
Eswatini,2020,440.57,1195.0,1542249.15,-0.3393127785192407,2,1197.0,1480312.55
Eswatini,2021,439.07,1195.0,1557350.0,-0.3404680300519769,2,1195.0,1542249.15
Eswatini,2022,437.57,1195.0,1470131.65,-0.34163117498349216,2,1195.0,1557350.0
Eswatini,2023,436.07,1195.0,1449971.82,-0.34280229449002997,2,1195.0,1470131.65
Ethiopia,1994,28246.26,30472.0,73190618.05,-0.2571059007234422,2,30540.0,72522684.62
Ethiopia,1995,28173.45,30500.0,73495962.46000001,-0.25776863910478287,2,30472.0,73190618.05
Ethiopia,1996,28100.64,30500.0,77331201.09,-0.25843480297940147,2,30500.0,73495962.46000001
Ethiopia,1997,28027.83,30492.0,80637098.18,-0.25910441897407654,2,30500.0,77331201.09
Ethiopia,1998,27955.02,30449.0,86992735.64,-0.25977751399234306,2,30492.0,80637098.18
Ethiopia,1999,27882.21,30557.0,86973237.46000001,-0.26045411521795625,2,30449.0,86992735.64
Ethiopia,2000,27809.4,30534.0,82658358.91,-0.2611342501186109,2,30557.0,86973237.46000001
Ethiopia,2001,27736.6,30559.0,88287493.36,-0.26178198738556757,2,30534.0,82658358.91
Ethiopia,2002,27663.8,30498.0,101357570.18,-0.2624690841703692,2,30559.0,88287493.36
Ethiopia,2003,27591.0,31607.0,97483045.5,-0.2631597972801991,2,30498.0,101357570.18
Ethiopia,2004,27518.2,33101.0,96795499.18,-0.2638541553405038,2,31607.0,97483045.5
Ethiopia,2005,27445.4,33591.0,99445707.73,-0.26455218727968743,2,33101.0,96795499.18
Ethiopia,2006,27372.6,34219.0,107307805.0,-0.2652539223330752,2,33591.0,99445707.73
Ethiopia,2007,27299.8,35077.0,116827239.0,-0.265959390046977,2,34219.0,107307805.0
Ethiopia,2008,27227.0,34513.0,123348579.18,-0.26666862028292826,2,35077.0,116827239.0
Ethiopia,2009,27154.2,34985.0,127828240.09,-0.2673816432217979,2,34513.0,123348579.18
Ethiopia,2010,27081.4,35683.0,137481546.71,-0.2680984893681293,2,34985.0,127828240.09
Ethiopia,2011,27022.36,36325.2,133734186.11,-0.21800940867163776,2,35683.0,137481546.71
Ethiopia,2012,26963.32,36488.0,135565500.86,-0.21848572811553613,2,36325.2,133734186.11
Ethiopia,2013,26904.28,36781.746,137646671.42000002,-0.2189641334969128,2,36488.0,135565500.86
Ethiopia,2014,26845.24,36955.244,142636904.55,-0.21944463854820517,2,36781.746,137646671.42000002
Ethiopia,2015,26786.2,37204.683,145026673.32999998,-0.21992725712267625,2,36955.244,142636904.55
Ethiopia,2016,26782.3,37364.594,148781935.66,-0.014559735983454836,1,37204.683,145026673.32999998
Ethiopia,2017,26778.4,37540.1,151156901.68,-0.014561856151251718,1,37364.594,148781935.66
Ethiopia,2018,26774.5,37903.0,149921172.75,-0.014563976936643463,1,37540.1,151156901.68
Ethiopia,2019,26770.6,38190.0,159387864.09,-0.014566098339841016,1,37903.0,149921172.75
Ethiopia,2020,26766.7,38476.1,169857148.24,-0.014568220361133033,1,38190.0,159387864.09
Ethiopia,2021,26762.78,38770.341,161085416.69,-0.014645062708518175,1,38476.1,169857148.24
Ethiopia,2022,26758.86,38456.933,164237795.26,-0.014647207801277151,1,38770.341,161085416.69
Ethiopia,2023,26754.94,38456.933,171922787.76999998,-0.014649353522544484,1,38456.933,164237795.26
Ethiopia PDR,1991,30110.02,56158.0,73642087.0,-0.2609907445838444,2,56312.0,73647367.5
Ethiopia PDR,1992,30031.23,56105.0,76086930.0,-0.2616736886923432,2,56158.0,73642087.0
Europe,1991,1012522.323,772813.846,1186128957.04,0.08605560249419497,1,775967.7623,1225881971.87
Europe,1992,999396.616,497914.4108,1042941012.87,-1.2963375425748436,2,772813.846,1186128957.04
Europe,1993,1000217.004,493978.3896,996430046.76,0.08208833078537925,1,497914.4108,1042941012.87
Europe,1994,1001037.392,492347.8823,968012765.51,0.08202100111467381,1,493978.3896,996430046.76
Europe,1995,1001857.78,489412.381,933710969.11,0.08195378180240187,1,492347.8823,968012765.51
Europe,1996,1002678.168,488808.3115,896087139.6,0.08188667257740256,1,489412.381,933710969.11
Europe,1997,1003498.556,490006.4611,864456403.08,0.08181967316955863,1,488808.3115,896087139.6
Europe,1998,1004318.944,488415.3174,831186026.6800001,0.08175278330944113,1,490006.4611,864456403.08
Europe,1999,1005139.332,486630.3011,802937015.54,0.08168600272864257,1,488415.3174,831186026.6800001
Europe,2000,1005959.72,484630.4495,788015742.19,0.08161933115955478,1,486630.3011,802937015.54
Europe,2001,1007426.527,481966.2076,766425186.56,0.1458117030769479,0,484630.4495,788015742.19
Europe,2002,1008893.334,479355.6646,767476031.72,0.14559940210905342,0,481966.2076,766425186.56
Europe,2003,1010360.141,477065.5079,760396155.96,0.14538771846022147,0,479355.6646,767476031.72
Europe,2004,1011826.948,475645.5149,741416761.45,0.14517664944186937,0,477065.5079,760396155.96
Europe,2005,1013293.755,474971.3721,720075053.66,0.14496619238095754,0,475645.5149,741416761.45
Europe,2006,1014760.562,472408.3577,707762873.4300001,0.14475634461992293,0,474971.3721,720075053.66
Europe,2007,1016227.369,469875.7376,704325955.8299999,0.14454710351661237,0,472408.3577,707762873.4300001
Europe,2008,1017694.176,470849.9263,701195063.59,0.14433846644412718,0,469875.7376,704325955.8299999
Europe,2009,1019160.983,469300.4083,693394145.0,0.14413043079064547,0,470849.9263,701195063.59
Europe,2010,1020627.79,467738.4156,689614887.82,0.1439229939594444,0,469300.4083,693394145.0
Europe,2011,1021413.614,466697.1256,677559515.62,0.07699418021920312,1,467738.4156,689614887.82
Europe,2012,1022199.438,465800.9405,671743327.86,0.0769349447891754,1,466697.1256,677559515.62
Europe,2013,1022985.262,465340.2491,668282875.0699999,0.07687580043456155,1,465800.9405,671743327.86
Europe,2014,1023771.086,463421.1668,675031902.8,0.07681674694546281,1,465340.2491,668282875.0699999
Europe,2015,1024556.91,463047.4125,676606082.9300001,0.07675778411269096,1,463421.1668,675031902.8
Europe,2016,1026265.38,462311.7011,676907131.11,0.16675208407894715,0,463047.4125,676606082.9300001
Europe,2017,1027973.85,462257.27,675318024.11,0.16647448440674228,0,462311.7011,676907131.11
Europe,2018,1029682.32,461389.6541,673136277.7,0.16619780746367496,0,462257.27,675318024.11
Europe,2019,1031390.79,462713.9058,669169600.78,0.16592204865673033,0,461389.6541,673136277.7
Europe,2020,1033099.26,460506.7508,667158481.9200001,0.165647203423247,0,462713.9058,669169600.78
Europe,2021,1034261.44,460095.9864,661735312.53,0.11249451480586092,0,460506.7508,667158481.9200001
Europe,2022,1035423.62,458867.5925,654340567.4200001,0.1123681068492699,0,460095.9864,661735312.53
Europe,2023,1036585.8,456550.99,646963665.5699999,0.11224198265826768,0,458867.5925,654340567.4200001
European Union (27),1991,131355.632,172901.1,515122723.11,0.4641973495721263,0,175106.7,525368024.5
European Union (27),1992,142375.662,182264.4,518417016.74,8.389461366985774,0,172901.1,515122723.11
European Union (27),1993,147757.572,188507.9,511891119.65,3.7800772438199237,0,182264.4,518417016.74
European Union (27),1994,148392.576,188109.3,494409596.32,0.42976071642542024,0,188507.9,511891119.65
European Union (27),1995,149027.58,186444.8,486131927.0,0.4279216771599037,0,188109.3,494409596.32
European Union (27),1996,149662.584,186053.2,486740281.45,0.4260983101248783,0,186444.8,486131927.0
European Union (27),1997,150297.588,185406.34,486050069.42,0.4242904158329841,0,186053.2,486740281.45
European Union (27),1998,150932.592,184820.88,478619531.4,0.4224977981682754,0,185406.34,486050069.42
European Union (27),1999,151567.596,184667.82,473773045.93,0.4207202643150776,0,184820.88,478619531.4
European Union (27),2000,152202.6,182671.94,468086693.82,0.41895762468913134,0,184667.82,473773045.93
European Union (27),2001,152649.736,180463.62,459420537.9,0.2937768474388758,0,182671.94,468086693.82
European Union (27),2002,153096.872,178057.98,458144190.45,0.29291632708752235,0,180463.62,459420537.9
European Union (27),2003,153544.008,176269.63,450893550.98,0.2920608332219965,0,178057.98,458144190.45
European Union (27),2004,153991.144,175135.4,446112406.26,0.29121032192933605,0,176269.63,450893550.98
European Union (27),2005,154438.28,175050.48,438282529.57,0.2903647498066597,0,175135.4,446112406.26
European Union (27),2006,154885.416,173319.61,434209500.25,0.2895240739536842,0,175050.48,438282529.57
European Union (27),2007,155332.552,171187.92,433961638.64,0.28868825196557424,0,173319.61,434209500.25
European Union (27),2008,155779.688,171988.43,435818477.11,0.28785724192570417,0,171187.92,433961638.64
European Union (27),2009,156226.824,170956.49,431785918.21,0.2870310023987299,0,171988.43,435818477.11
European Union (27),2010,156673.96,169417.32,430215481.85,0.28620949242366134,0,170956.49,431785918.21
European Union (27),2011,157004.69,168447.91,426304392.79,0.2110944281998206,0,169417.32,430215481.85
European Union (27),2012,157335.42,167526.51,422015742.31,0.21064975829703236,0,168447.91,426304392.79
European Union (27),2013,157666.15,167130.33,418999111.05,0.21020695784839116,0,167526.51,422015742.31
European Union (27),2014,157996.88,165475.121,425749698.4,0.20976601508948534,0,167130.33,418999111.05
European Union (27),2015,158327.61,165268.049,431718648.58,0.2093269183543356,0,165475.121,425749698.4
European Union (27),2016,158822.2,164301.542,436539406.99,0.31238392343573285,0,165268.049,431718648.58
European Union (27),2017,159316.79,164233.6406,435780259.78,0.31141112514496694,0,164301.542,436539406.99
European Union (27),2018,159811.38,163728.9867,434961337.3,0.3104443668492163,0,164233.6406,435780259.78
European Union (27),2019,160305.97,164959.1933,432454436.85,0.3094835924700723,0,163728.9867,434961337.3
European Union (27),2020,160800.56,162877.0095,431867495.65,0.3085287466212172,0,164959.1933,432454436.85
European Union (27),2021,161008.6,162628.1173,429805368.54,0.12937765888378916,0,162877.0095,431867495.65
European Union (27),2022,161216.64,162454.7372,426436847.06,0.12921048937759583,0,162628.1173,429805368.54
European Union (27),2023,161424.68,160832.9609,421514017.23,0.12904375131499446,0,162454.7372,426436847.06
Faroe Islands,1991,0.08,96.532,6761.84,0.0,1,96.532,6885.21
Faroe Islands,1992,0.08,96.532,6778.48,0.0,1,96.532,6761.84
Faroe Islands,1993,0.08,96.532,7202.91,0.0,1,96.532,6778.48
Faroe Islands,1994,0.08,96.532,7802.49,0.0,1,96.532,7202.91
Faroe Islands,1995,0.08,96.524,7880.05,0.0,1,96.532,7802.49
Faroe Islands,1996,0.08,96.501,7650.86,0.0,1,96.524,7880.05
Faroe Islands,1997,0.08,96.501,7732.43,0.0,1,96.501,7650.86
Faroe Islands,1998,0.08,96.493,7313.62,0.0,1,96.501,7732.43
Faroe Islands,1999,0.08,96.493,7445.45,0.0,1,96.493,7313.62
Faroe Islands,2000,0.08,96.493,7823.1,0.0,1,96.493,7445.45
Faroe Islands,2001,0.08,96.493,8023.87,0.0,1,96.493,7823.1
Faroe Islands,2002,0.08,96.539,8123.73,0.0,1,96.493,8023.87
Faroe Islands,2003,0.08,96.539,8134.13,0.0,1,96.539,8123.73
Faroe Islands,2004,0.08,96.539,7961.69,0.0,1,96.539,8134.13
Faroe Islands,2005,0.08,96.539,7277.28,0.0,1,96.539,7961.69
Faroe Islands,2006,0.08,96.539,6933.26,0.0,1,96.539,7277.28
Faroe Islands,2007,0.08,96.539,7010.26,0.0,1,96.539,6933.26
Faroe Islands,2008,0.08,96.539,6786.26,0.0,1,96.539,7010.26
Faroe Islands,2009,0.08,96.41,6910.26,0.0,1,96.539,6786.26
Faroe Islands,2010,0.08,96.395,6804.26,0.0,1,96.41,6910.26
Faroe Islands,2011,0.08,96.403,7352.32,0.0,1,96.395,6804.26
Faroe Islands,2012,0.08,96.403,7246.32,0.0,1,96.403,7352.32
Faroe Islands,2013,0.08,96.403,7334.32,0.0,1,96.403,7246.32
Faroe Islands,2014,0.08,96.418,15728.14,0.0,1,96.403,7334.32
Faroe Islands,2015,0.08,96.418,15806.18,0.0,1,96.418,15728.14
Faroe Islands,2016,0.08,96.35,16044.14,0.0,1,96.418,15806.18
Faroe Islands,2017,0.08,96.35,15790.49,0.0,1,96.35,16044.14
Faroe Islands,2018,0.08,96.335,13509.88,0.0,1,96.35,15790.49
Faroe Islands,2019,0.08,96.335,13409.83,0.0,1,96.335,13509.88
Faroe Islands,2020,0.08,96.07,13701.22,0.0,1,96.335,13409.83
Faroe Islands,2021,0.08,96.07,13842.54,0.0,1,96.07,13701.22
Faroe Islands,2022,0.08,96.0,13822.67,0.0,1,96.07,13842.54
Faroe Islands,2023,0.08,96.07,13802.43,0.0,1,96.0,13822.67
Fiji,1991,946.368,424.0,852611.29,0.7106598984771617,0,410.0,876426.3200000001
Fiji,1992,953.046,418.2,830625.34,0.7056451612903247,0,424.0,852611.29
Fiji,1993,959.724,412.4,895484.34,0.700700700700696,0,418.2,830625.34
Fiji,1994,966.402,406.6,928984.43,0.6958250497017815,0,412.4,895484.34
Fiji,1995,973.08,400.8,963826.35,0.6910167818361401,0,406.6,928984.43
Fiji,1996,979.758,395.0,959340.54,0.6862745098039191,0,400.8,963826.35
Fiji,1997,986.436,389.2,987255.3,0.6815968841285214,0,395.0,959340.54
Fiji,1998,993.114,383.4,978334.83,0.6769825918762074,0,389.2,987255.3
Fiji,1999,999.792,377.6,927585.59,0.672430355427478,0,383.4,978334.83
Fiji,2000,1006.47,371.8,936990.54,0.6679389312977069,0,377.6,927585.59
Fiji,2001,1012.534,366.0,957854.41,0.6025018132681526,0,371.8,936990.54
Fiji,2002,1018.598,360.2,893008.78,0.5988934692563452,0,366.0,957854.41
Fiji,2003,1024.662,354.4,861928.94,0.5953280882153855,0,360.2,893008.78
Fiji,2004,1030.726,348.6,849915.75,0.5918049073743381,0,354.4,861928.94
Fiji,2005,1036.79,342.8,866396.1799999999,0.5883231819125312,0,348.6,849915.75
Fiji,2006,1042.854,337.0,864731.19,0.5848821844346652,0,342.8,866396.1799999999
Fiji,2007,1048.918,331.2,850711.8,0.5814812044638851,0,337.0,864731.19
Fiji,2008,1054.982,325.4,845876.71,0.5781195479532375,0,331.2,850711.8
Fiji,2009,1061.046,319.8,785637.02,0.5747965368129604,0,325.4,845876.71
Fiji,2010,1067.11,319.1,802235.64,0.5715115084548472,0,319.8,785637.02
Fiji,2011,1071.744,318.4,772987.5900000001,0.43425701192942867,0,319.1,802235.64
Fiji,2012,1076.378,317.7,773396.19,0.43237937417890393,0,318.4,772987.5900000001
Fiji,2013,1081.012,317.0,809888.94,0.4305179035617668,0,317.7,773396.19
Fiji,2014,1085.646,316.3,384583.4,0.42867239216586306,0,317.0,809888.94
Fiji,2015,1090.28,315.6,254974.76,0.4268426356289323,0,316.3,384583.4
Fiji,2016,1094.912,314.9,278752.82,0.4248449939465049,0,315.6,254974.76
Fiji,2017,1099.544,314.2,297887.97,0.42304769698386924,0,314.9,278752.82
Fiji,2018,1104.176,313.5,294150.41000000003,0.4212655428068146,0,314.2,297887.97
Fiji,2019,1108.808,312.8,386987.37,0.41949834084422655,0,313.5,294150.41000000003
Fiji,2020,1113.44,311.6,309743.37,0.41774590370922127,0,312.8,386987.37
Fiji,2021,1118.072,311.6,308348.28,0.4160080471331984,0,311.6,309743.37
Fiji,2022,1122.704,311.6,331311.51,0.41428458990118155,0,311.6,308348.28
Fiji,2023,1127.336,311.6,394617.35,0.41257535378871335,0,311.6,331311.51
Finland,1991,21932.361,2424.8,7830331.24,0.26070920987248947,0,2393.0,8223976.84
Finland,1992,21989.392,2406.5,7575624.0,0.26003128436560274,0,2424.8,7830331.24
Finland,1993,22046.423,2383.7,7301085.26,0.2593568753515241,0,2406.5,7575624.0
Finland,1994,22103.454,2411.9,7285442.5,0.2586859555402832,0,2383.7,7301085.26
Finland,1995,22160.485,2244.0,6869054.74,0.2580184979234401,0,2411.9,7285442.5
Finland,1996,22217.516,2218.0,6811579.26,0.25735447577071024,0,2244.0,6869054.74
Finland,1997,22274.547,2150.0,6919776.76,0.25669386262621163,0,2218.0,6811579.26
Finland,1998,22331.578,2192.0,6733628.01,0.2560366323050456,0,2150.0,6919776.76
Finland,1999,22388.609,2201.4,6548006.0,0.2553827588896773,0,2192.0,6733628.01
Finland,2000,22445.64,2218.0,6516421.24,0.2547322167268051,0,2201.4,6548006.0
Finland,2001,22425.276,2222.0,6475112.75,-0.0907258603452532,1,2218.0,6516421.24
Finland,2002,22404.912,2236.0,6407015.74,-0.09080824690853584,1,2222.0,6475112.75
Finland,2003,22384.548,2246.0,6320787.51,-0.09089078323539779,1,2236.0,6407015.74
Finland,2004,22364.184,2253.0,6144840.75,-0.09097346973455656,1,2246.0,6320787.51
Finland,2005,22343.82,2273.8,6005633.25,-0.09105630681629506,1,2253.0,6144840.75
Finland,2006,22323.456,2300.8,5948465.25,-0.091139294892284,1,2273.8,6005633.25
Finland,2007,22303.092,2294.9,5822317.74,-0.0912224343757373,1,2300.8,5948465.25
Finland,2008,22282.728,2296.4,5635839.5,-0.09130572568144535,1,2294.9,5822317.74
Finland,2009,22262.364,2296.5,5653917.75,-0.09138916922558638,1,2296.4,5635839.5
Finland,2010,22242.0,2291.9,5663391.99,-0.09147276542599281,1,2296.5,5653917.75
Finland,2011,22275.4,2286.6,5614314.49,0.15016635194677885,0,2291.9,5663391.99
Finland,2012,22308.8,2285.1,5587254.5,0.14994119073057366,0,2286.6,5614314.49
Finland,2013,22342.2,2258.5,5623625.25,0.1497167037223024,0,2285.1,5587254.5
Finland,2014,22375.6,2267.1,5718742.97,0.14949288789822823,0,2258.5,5623625.25
Finland,2015,22409.0,2273.4,5793328.74,0.14926974025277762,0,2267.1,5718742.97
Finland,2016,22435.8,2275.0,5780352.01,0.1195948056584406,0,2273.4,5793328.74
Finland,2017,22462.6,2270.0,5689932.0,0.11945194733415931,0,2275.0,5780352.01
Finland,2018,22489.4,2272.0,5579093.0,0.11930942989681892,0,2270.0,5689932.0
Finland,2019,22516.2,2274.0,5492382.0,0.119167252127661,0,2272.0,5579093.0
Finland,2020,22543.0,2270.0,5479539.0,0.1190254128138779,0,2274.0,5492382.0
Finland,2021,22543.0,2268.0,5356440.0,0.0,1,2270.0,5479539.0
Finland,2022,22543.0,2266.0,5269006.0,0.0,1,2268.0,5356440.0
Finland,2023,22543.0,2262.0,5207266.0,0.0,1,2266.0,5269006.0
France,1991,14521.2,30484.9,101581599.52,0.590191188694944,0,30592.8,103601346.61
France,1992,14606.4,30384.3,99428486.35,0.586728369556222,0,30484.9,101581599.52
France,1993,14691.6,30291.3,95716410.49,0.5833059480775615,0,30384.3,99428486.35
France,1994,14776.8,30204.9,94815591.21,0.5799232214326544,0,30291.3,95716410.49
France,1995,14862.0,30150.2,95292480.68,0.5765795030047149,0,30204.9,94815591.21
France,1996,14947.2,30096.3,95456451.22,0.5732741219216742,0,30150.2,95292480.68
France,1997,15032.4,30039.6,94646196.26,0.5700064226075607,0,30096.3,95456451.22
France,1998,15117.6,29980.0,92901621.31,0.5667757643490035,0,30039.6,94646196.26
France,1999,15202.8,29929.1,92316208.45,0.5635815208763217,0,29980.0,92901621.31
France,2000,15288.0,29807.4,93868987.06,0.5604230799589605,0,29929.1,92316208.45
France,2001,15401.1,29713.3,94937878.82,0.7397959183673475,0,29807.4,93868987.06
France,2002,15514.2,29610.7,94757272.06,0.7343631299063125,0,29713.3,94937878.82
France,2003,15627.3,29534.6,92284928.38,0.7290095525389617,0,29610.7,94757272.06
France,2004,15740.4,29458.4,90264843.32,0.7237334664337514,0,29534.6,92284928.38
France,2005,15853.5,29390.4,89600576.18,0.7185332011893086,0,29458.4,90264843.32
France,2006,15966.6,29312.7,88383062.58,0.7134071340713533,0,29390.4,89600576.18
France,2007,16079.7,29206.1,88920317.61,0.7083536883243813,0,29312.7,88383062.58
France,2008,16192.8,29110.1,89902838.87,0.7033713315546919,0,29206.1,88920317.61
France,2009,16305.9,29019.9,88592443.28,0.6984585741811156,0,29110.1,89902838.87
France,2010,16419.0,28926.3,88745702.11,0.6936139679502462,0,29019.9,88592443.28
France,2011,16502.4,28878.6,88955709.58,0.5079481088982263,0,28926.3,88745702.11
France,2012,16585.8,28844.8,87374247.58,0.5053810354857413,0,28878.6,88955709.58
France,2013,16669.2,28773.7,86062482.75,0.5028397786058125,0,28844.8,87374247.58
France,2014,16752.6,28766.5,87550670.75,0.5003239507594737,0,28773.7,86062482.75
France,2015,16836.0,28726.9,88117924.32,0.4978331721643192,0,28766.5,87550670.75
France,2016,16938.4,28718.021,88804682.21000001,0.608220479923971,0,28726.9,88117924.32
France,2017,17040.8,28697.499,87533748.11,0.6045435224105944,0,28718.021,88804682.21000001
France,2018,17143.2,28660.1,85799566.0,0.600910755363615,0,28697.499,87533748.11
France,2019,17245.6,28518.8491,84511404.0,0.5973213869055805,0,28660.1,85799566.0
France,2020,17348.0,28418.656,83652690.0,0.593774643967171,0,28518.8491,84511404.0
France,2021,17437.4,28425.1539,82000249.0,0.51533317961725,0,28418.656,83652690.0
France,2022,17526.8,28388.5926,80212580.0,0.5126911122070865,0,28425.1539,82000249.0
France,2023,17616.2,28297.245,78114382.0,0.5100759979003611,0,28388.5926,80212580.0
French Guiana,1991,8120.444,21.0,41822.0,-0.056073846153836815,1,21.0,43070.84
French Guiana,1992,8115.888,21.0,35075.0,-0.05610530655713042,1,21.0,41822.0
French Guiana,1993,8111.332,23.0,26624.0,-0.056136802282136244,1,21.0,35075.0
French Guiana,1994,8106.776,23.0,25496.0,-0.056168333388406655,1,23.0,26624.0
French Guiana,1995,8102.22,24.0,24357.0,-0.056199899935549524,1,23.0,25496.0
French Guiana,1996,8097.664,24.0,26952.0,-0.056231501983416976,1,24.0,24357.0
French Guiana,1997,8093.108,24.0,28464.0,-0.05626313959186113,1,24.0,26952.0
French Guiana,1998,8088.552,24.0,27027.0,-0.05629481282098947,1,24.0,28464.0
French Guiana,1999,8083.996,23.0,27799.0,-0.05632652173095387,1,24.0,27027.0
French Guiana,2000,8079.44,23.0,27855.0,-0.056358266382128264,1,23.0,27799.0
French Guiana,2001,8075.146,23.0,26368.0,-0.05314724782905511,1,23.0,27855.0
French Guiana,2002,8070.852,23.0,26749.0,-0.053175509148684075,1,23.0,26368.0
French Guiana,2003,8066.558,23.0,25852.0,-0.053203800540513324,1,23.0,26749.0
French Guiana,2004,8062.264,23.0,29591.0,-0.0532321220525489,1,23.0,25852.0
French Guiana,2005,8057.97,23.0,33850.0,-0.05326047373293008,1,23.0,29591.0
French Guiana,2006,8053.676,23.6,35910.0,-0.053288855629884946,1,23.0,33850.0
French Guiana,2007,8049.382,23.5,0.0,-0.05331726779176371,1,23.6,35910.0
French Guiana,2008,8045.088,23.8,0.0,-0.0533457102669499,1,23.5,0.0
French Guiana,2009,8040.794,24.1,0.0,-0.05337418310402686,1,23.8,0.0
French Guiana,2010,8036.5,24.3,0.0,-0.053402686351622375,1,24.1,0.0
French Guiana,2011,8033.2,23.8,0.0,-0.041062651651835314,1,24.3,0.0
French Guiana,2012,8029.9,26.4,0.0,-0.04107951999203774,1,23.8,0.0
French Guiana,2013,8026.6,28.7,0.0,-0.04109640219678301,1,26.4,0.0
French Guiana,2014,8023.3,30.6,0.0,-0.04111329828321297,1,28.7,0.0
French Guiana,2015,8020.0,31.3,0.0,-0.04113020826842506,1,30.6,0.0
French Guiana,2016,8016.57,32.1,0.0,-0.04276807980050368,1,31.3,0.0
French Guiana,2017,8013.14,32.52,0.0,-0.04278637871307778,1,32.1,0.0
French Guiana,2018,8009.71,32.52,0.0,-0.04280469329127623,1,32.52,0.0
French Guiana,2019,8006.28,32.52,0.0,-0.042823023555160766,1,32.52,0.0
French Guiana,2020,8002.85,37.058,0.0,-0.04284136952491524,1,32.52,0.0
French Guiana,2021,7998.67,36.341,0.0,-0.05223139256640419,1,37.058,0.0
French Guiana,2022,7994.49,37.64,0.0,-0.05225868800688982,1,36.341,0.0
French Guiana,2023,7990.31,42.004,0.0,-0.05228601199075422,1,37.64,0.0
French Polynesia,1991,144.842,35.6656,22318.06,0.2852592951603006,0,35.9372,24244.94
French Polynesia,1992,145.254,35.3939,20295.02,0.284447881139438,0,35.6656,22318.06
French Polynesia,1993,145.666,35.1223,20504.16,0.28364107012543993,0,35.3939,20295.02
French Polynesia,1994,146.078,34.8506,19996.1,0.2828388230609713,0,35.1223,20504.16
French Polynesia,1995,146.49,34.579,20499.8,0.2820411013294333,0,34.8506,19996.1
French Polynesia,1996,146.902,34.3073,19612.16,0.2812478667485685,0,34.579,20499.8
French Polynesia,1997,147.314,34.0357,21337.19,0.2804590815645769,0,34.3073,19612.16
French Polynesia,1998,147.726,33.764,24611.97,0.27967470844589837,0,34.0357,21337.19
French Polynesia,1999,148.138,33.4924,24653.7,0.27889471047750636,0,33.764,24611.97
French Polynesia,2000,148.55,33.2208,29602.39,0.27811905115500135,0,33.4924,24653.7
French Polynesia,2001,148.641,32.9491,23184.11,0.061258835408950496,1,33.2208,29602.39
French Polynesia,2002,148.732,34.6775,17339.08,0.0612213319340027,1,32.9491,23184.11
French Polynesia,2003,148.823,34.4058,22545.78,0.06118387435118944,1,34.6775,17339.08
French Polynesia,2004,148.914,34.1342,25210.64,0.061146462576333604,1,34.4058,22545.78
French Polynesia,2005,149.005,33.8625,19262.0,0.06110909652552454,1,34.1342,25210.64
French Polynesia,2006,149.096,33.5909,19725.09,0.061071776114896004,1,33.8625,19262.0
French Polynesia,2007,149.187,33.3192,19975.51,0.06103450126093701,1,33.5909,19725.09
French Polynesia,2008,149.278,33.0476,19866.42,0.06099727188024762,1,33.3192,19975.51
French Polynesia,2009,149.369,32.2759,21136.74,0.06096008788971652,1,33.0476,19866.42
French Polynesia,2010,149.46,32.0043,19742.77,0.060922949206343446,1,32.2759,21136.74
French Polynesia,2011,149.46,32.7326,20366.96,0.0,1,32.0043,19742.77
French Polynesia,2012,149.46,32.461,20853.38,0.0,1,32.7326,20366.96
French Polynesia,2013,149.46,31.9705,20151.88,0.0,1,32.461,20853.38
French Polynesia,2014,149.46,31.4799,20045.86,0.0,1,31.9705,20151.88
French Polynesia,2015,149.46,30.9894,20403.19,0.0,1,31.4799,20045.86
French Polynesia,2016,149.46,30.4988,20527.51,0.0,1,30.9894,20403.19
French Polynesia,2017,149.46,31.0083,20154.78,0.0,1,30.4988,20527.51
French Polynesia,2018,149.46,31.5177,21351.87,0.0,1,31.0083,20154.78
French Polynesia,2019,149.46,31.0272,21893.93,0.0,1,31.5177,21351.87
French Polynesia,2020,149.46,31.5366,22483.2,0.0,1,31.0272,21893.93
French Polynesia,2021,149.46,31.0461,22885.31,0.0,1,31.5366,22483.2
French Polynesia,2022,149.46,30.5555,25579.18,0.0,1,31.0461,22885.31
French Polynesia,2023,149.46,30.065,21769.14,0.0,1,30.5555,25579.18
Gabon,1991,23766.969,2011.542,111024.41,-0.03054147284685671,1,2005.38,96226.75
Gabon,1992,23759.708,2017.704,118711.71,-0.030550803512230384,1,2011.542,111024.41
Gabon,1993,23752.447,2023.866,120298.39,-0.030560139880497772,1,2017.704,118711.71
Gabon,1994,23745.186,2030.028,121381.14,-0.030569481956943534,1,2023.866,120298.39
Gabon,1995,23737.925,2036.19,127001.44,-0.030578829746807923,1,2030.028,121381.14
Gabon,1996,23730.664,2042.352,117603.0,-0.03058818325527568,1,2036.19,127001.44
Gabon,1997,23723.403,2048.514,110166.12,-0.030597542487653673,1,2042.352,117603.0
Gabon,1998,23716.142,2054.676,113063.71,-0.030606907449148846,1,2048.514,110166.12
Gabon,1999,23708.881,2060.838,116561.04,-0.030616278145068065,1,2054.676,113063.71
Gabon,2000,23701.62,2067.0,125449.96,-0.03062565458067379,1,2060.838,116561.04
Gabon,2001,23699.784,2072.059,128394.64,-0.0077463059487081765,1,2067.0,125449.96
Gabon,2002,23697.948,2077.118,121697.81,-0.0077469060477453056,1,2072.059,128394.64
Gabon,2003,23696.112,2082.177,128131.3,-0.007747506239774715,1,2077.118,121697.81
Gabon,2004,23694.276,2087.236,133381.21,-0.00774810652481861,1,2082.177,128131.3
Gabon,2005,23692.44,2092.295,137583.24,-0.007748706902899194,1,2087.236,133381.21
Gabon,2006,23690.604,2097.354,122922.35,-0.007749307373994263,1,2092.295,137583.24
Gabon,2007,23688.768,2102.413,127237.01,-0.007749907938181533,1,2097.354,122922.35
Gabon,2008,23686.932,2107.472,131412.05,-0.007750508595461003,1,2102.413,127237.01
Gabon,2009,23685.096,2112.531,131413.87,-0.0077511093458548785,1,2107.472,131412.05
Gabon,2010,23683.26,2117.59,133074.03,-0.007751710189407568,1,2112.531,131413.87
Gabon,2011,23671.134,2129.472,134495.03,-0.05120072152229316,1,2117.59,133074.03
Gabon,2012,23659.008,2141.354,136184.95,-0.051226950090332846,1,2129.472,134495.03
Gabon,2013,23646.882,2153.236,136874.97999999998,-0.05125320554437707,1,2141.354,136184.95
Gabon,2014,23634.756,2153.236,138792.26,-0.05127948792572612,1,2153.236,136874.97999999998
Gabon,2015,23622.63,2153.236,139542.07,-0.05130579727584683,1,2153.236,138792.26
Gabon,2016,23615.898,2153.236,139028.59,-0.028498096951945495,1,2153.236,139542.07
Gabon,2017,23609.166,2153.236,139528.54,-0.028506220682356087,1,2153.236,139028.59
Gabon,2018,23602.434,2153.236,132804.62,-0.02851434904561634,1,2153.236,139528.54
Gabon,2019,23595.702,2153.236,131914.41,-0.02852248204571195,1,2153.236,132804.62
Gabon,2020,23588.97,2153.236,131698.89,-0.028530619686584213,1,2153.236,131914.41
Gabon,2021,23582.238,2153.236,131288.6,-0.02853876197222993,1,2153.236,131698.89
Gabon,2022,23575.506,2153.236,130612.66,-0.0285469089066126,1,2153.236,131288.6
Gabon,2023,23568.774,2153.236,130124.19,-0.02855506049371792,1,2153.236,130612.66
Gambia,1991,409.044,582.0,886979.71,-1.3710124659417011,2,582.0,802244.56
Gambia,1992,403.358,548.0,897054.56,-1.3900705058624396,2,582.0,886979.71
Gambia,1993,397.672,547.0,904010.39,-1.4096658551460473,2,548.0,897054.56
Gambia,1994,391.986,557.0,910775.9,-1.429821561487865,2,547.0,904010.39
Gambia,1995,386.3,557.0,917583.7,-1.4505620098676952,2,557.0,910775.9
Gambia,1996,380.614,557.0,924439.94,-1.4719130209681741,2,557.0,917583.7
Gambia,1997,374.928,557.0,931338.47,-1.4939019584145563,2,557.0,924439.94
Gambia,1998,369.242,567.0,938524.39,-1.5165578457730478,2,557.0,931338.47
Gambia,1999,363.556,567.0,945519.85,-1.5399114943587255,2,567.0,938524.39
Gambia,2000,357.87,506.0,952561.59,-1.5639956430371083,2,567.0,945519.85
Gambia,2001,352.083,484.0,861284.44,-1.617067650264059,2,506.0,952561.59
Gambia,2002,346.296,491.0,871917.72,-1.6436465265292632,2,484.0,861284.44
Gambia,2003,340.509,471.0,1037283.84,-1.6711137292951594,2,491.0,871917.72
Gambia,2004,334.722,478.0,1068736.65,-1.6995145502762155,2,471.0,1037283.84
Gambia,2005,328.935,485.0,1073944.08,-1.7288974133758739,2,478.0,1068736.65
Gambia,2006,323.148,496.0,1081813.07,-1.7593141502120435,2,485.0,1073944.08
Gambia,2007,317.361,496.0,1087062.34,-1.7908203052471428,2,496.0,1081813.07
Gambia,2008,311.574,566.0,1100171.44,-1.8234754743021275,2,496.0,1087062.34
Gambia,2009,305.787,622.0,1131602.82,-1.8573436807949428,2,566.0,1100171.44
Gambia,2010,300.0,644.0,1112589.66,-1.892493794700223,2,622.0,1131602.82
Gambia,2011,294.214,644.0,1057905.92,-1.9286666666666674,2,644.0,1112589.66
Gambia,2012,288.428,644.0,1007770.9,-1.9665957432345116,2,644.0,1057905.92
Gambia,2013,282.642,644.0,1130126.71,-2.0060465696811636,2,644.0,1007770.9
Gambia,2014,276.856,644.0,1231863.92,-2.0471126018072328,2,644.0,1130126.71
Gambia,2015,271.07,644.0,1255501.47,-2.089895107926143,2,644.0,1231863.92
Gambia,2016,265.284,644.0,1205094.37,-2.1345040026561457,2,644.0,1255501.47
Gambia,2017,259.498,634.0,1040166.99,-2.181058789825241,2,644.0,1205094.37
Gambia,2018,253.712,634.0,898377.4,-2.229689631519316,2,634.0,1040166.99
Gambia,2019,247.926,634.0,810499.06,-2.2805385634104836,2,634.0,898377.4
Gambia,2020,242.14,634.0,742154.72,-2.3337608802626586,2,634.0,810499.06
Gambia,2021,235.606,634.0,737842.01,-2.6984389196332614,2,634.0,742154.72
Gambia,2022,229.072,634.0,732347.55,-2.773274025279493,2,634.0,737842.01
Gambia,2023,222.538,634.0,726040.35,-2.852378291541524,2,634.0,732347.55
Georgia,1993,3032.89,3128.0,3783481.81,0.027374128480306403,1,3229.0,3962514.24
Georgia,1994,3033.72,3097.0,3895764.95,0.027366637101899904,1,3128.0,3783481.81
Georgia,1995,3034.55,3048.0,4216558.62,0.02735914982268106,1,3097.0,3895764.95
Georgia,1996,3035.38,3035.0,4416512.76,0.027351666639208183,1,3048.0,4216558.62
Georgia,1997,3036.21,3037.0,4572802.34,0.027344187548172805,1,3035.0,4416512.76
Georgia,1998,3037.04,3045.0,4423593.41,0.027336712546222053,1,3037.0,4572802.34
Georgia,1999,3037.87,2999.0,4625935.27,0.027329241630003054,1,3045.0,4423593.41
Georgia,2000,3038.7,3000.0,4726741.53,0.027321774796162934,1,2999.0,4625935.27
Georgia,2001,3044.88,3003.0,5261663.48,0.20337644387402598,0,3000.0,4726741.53
Georgia,2002,3051.06,3004.0,5564595.14,0.20296366359264795,0,3003.0,5261663.48
Georgia,2003,3057.24,3006.0,5673139.47,0.2025525555052976,0,3004.0,5564595.14
Georgia,2004,3063.42,2492.0,5759104.05,0.20214310947128666,0,3006.0,5673139.47
Georgia,2005,3069.6,2520.0,5663668.37,0.20173531543177248,0,2492.0,5759104.05
Georgia,2006,3075.78,2518.0,5160601.15,0.20132916340891427,0,2520.0,5663668.37
Georgia,2007,3081.96,2517.0,4959897.38,0.20092464350505157,0,2518.0,5160601.15
Georgia,2008,3088.14,2514.0,4706141.19,0.20052174590194927,0,2517.0,4959897.38
Georgia,2009,3094.32,2498.0,4802708.38,0.20012046085995383,0,2514.0,4706141.19
Georgia,2010,3100.5,2460.0,4780299.15,0.19972077871712735,0,2498.0,4802708.38
Georgia,2011,3100.5,2442.4,4526674.43,0.0,1,2460.0,4780299.15
Georgia,2012,3100.5,2435.0,4551547.15,0.0,1,2442.4,4526674.43
Georgia,2013,3100.5,2486.1,4808498.53,0.0,1,2435.0,4551547.15
Georgia,2014,3100.5,2416.0,5229733.57,0.0,1,2486.1,4808498.53
Georgia,2015,3100.5,2418.1,4485856.53,0.0,1,2416.0,5229733.57
Georgia,2016,3100.5,2394.0,4319519.05,0.0,1,2418.1,4485856.53
Georgia,2017,3100.5,2384.8,4206658.24,0.0,1,2394.0,4319519.05
Georgia,2018,3100.5,2374.2,4004024.38,0.0,1,2384.8,4206658.24
Georgia,2019,3100.5,2372.6,3810069.91,0.0,1,2374.2,4004024.38
Georgia,2020,3100.5,2377.9,3685439.72,0.0,1,2372.6,3810069.91
Georgia,2021,3100.5,2379.9,3854241.95,0.0,1,2377.9,3685439.72
Georgia,2022,3100.5,2383.9,4187819.66,0.0,1,2379.9,3854241.95
Georgia,2023,3100.5,2371.9,3979231.76,0.0,1,2383.9,4187819.66
Germany,1991,11305.4,17136.0,106835682.52,0.04778761061947634,1,18032.0,110345025.56
Germany,1992,11310.8,16951.0,94548732.91,0.047764784970016905,1,17136.0,106835682.52
Germany,1993,11316.2,17162.0,89124316.5,0.04774198111541228,1,16951.0,94548732.91
Germany,1994,11321.6,17308.0,86139765.64,0.047719199024398584,1,17162.0,89124316.5
Germany,1995,11327.0,17343.0,86610166.82,0.04769643866591178,1,17308.0,86139765.64
Germany,1996,11332.4,17337.0,87615207.12,0.04767370000882121,1,17343.0,86610166.82
Germany,1997,11337.8,17327.0,87077937.52,0.047650983022129445,1,17337.0,87615207.12
Germany,1998,11343.2,17373.0,83979738.56,0.04762828767486127,1,17327.0,87077937.52
Germany,1999,11348.6,17152.0,83009518.66,0.04760561393610807,1,17373.0,83979738.56
Germany,2000,11354.0,17068.0,81078335.93,0.047582961775027854,1,17152.0,83009518.66
Germany,2001,11359.5,17034.0,81026603.85,0.048441078034167084,1,17068.0,81078335.93
Germany,2002,11365.0,16967.0,79537087.32,0.04841762401515126,1,17034.0,81026603.85
Germany,2003,11370.5,17001.0,77623397.38,0.04839419269686562,1,16967.0,79537087.32
Germany,2004,11376.0,17013.0,77092203.81,0.048370784046425364,1,17001.0,77623397.38
Germany,2005,11381.5,17031.0,75307633.22,0.048347398030945676,1,17013.0,77092203.81
Germany,2006,11387.0,16946.0,74316697.03999999,0.048324034617586165,1,17031.0,75307633.22
Germany,2007,11392.5,16950.0,74217954.19,0.04830069377359525,1,16946.0,74316697.03999999
Germany,2008,11398.0,16921.0,75611702.22,0.04827737546631017,1,16950.0,74217954.19
Germany,2009,11403.5,16886.0,75924768.71000001,0.048254079663090366,1,16921.0,75611702.22
Germany,2010,11409.0,16700.0,76171388.36,0.0482308063313841,1,16886.0,75924768.71000001
Germany,2011,11413.88,16719.0,76010281.21000001,0.04277324918922076,1,16700.0,76171388.36
Germany,2012,11418.76,16664.0,75897703.43,0.042754961503010946,1,16719.0,76010281.21000001
Germany,2013,11423.64,16697.0,76278735.39,0.04273668944787534,1,16664.0,75897703.43
Germany,2014,11428.52,16725.0,78063282.44,0.04271843300385214,1,16697.0,76278735.39
Germany,2015,11433.4,16731.0,78018354.14,0.04270019215086851,1,16725.0,78063282.44
Germany,2016,11438.2,16659.0,77863386.71000001,0.0419822624941002,1,16731.0,78018354.14
Germany,2017,11443.0,16687.0,77014396.22,0.04196464478676276,1,16659.0,77863386.71000001
Germany,2018,11447.8,16645.0,75956783.0,0.041947041859646816,1,16687.0,77014396.22
Germany,2019,11452.6,16666.0,75100345.0,0.04192945369416723,1,16645.0,75956783.0
Germany,2020,11457.4,16595.0,73918103.0,0.04191188027171666,1,16666.0,75100345.0
Germany,2021,11462.2,16591.0,72583051.0,0.04189432157384321,1,16595.0,73918103.0
Germany,2022,11467.0,16595.0,71299649.0,0.04187677758196173,1,16591.0,72583051.0
Germany,2023,11471.8,16586.0,72518442.0,0.04185924827766474,1,16595.0,71299649.0
Ghana,1991,5841.88,12720.0,3350868.18,0.6152086749245722,0,12628.0,3184178.19
Ghana,1992,5877.6,12720.0,3246326.52,0.6114469999383809,0,12720.0,3350868.18
Ghana,1993,5913.32,12800.0,3275276.85,0.6077310466857,0,12720.0,3246326.52
Ghana,1994,5949.04,12900.0,3322783.6100000003,0.6040599866065088,0,12800.0,3275276.85
Ghana,1995,5984.76,13100.0,3406063.39,0.6004330110404466,0,12900.0,3322783.6100000003
Ghana,1996,6020.48,13300.0,3537422.8200000003,0.5968493306331313,0,13100.0,3406063.39
Ghana,1997,6056.2,13582.695,3560830.11,0.593308174763485,0,13300.0,3537422.8200000003
Ghana,1998,6091.92,12985.2107,3586838.0700000003,0.5898087909910643,0,13582.695,3560830.11
Ghana,1999,6127.64,13059.5504,3638447.79,0.5863504445232426,0,12985.2107,3586838.0700000003
Ghana,2000,6163.36,12765.5201,3733166.8,0.5829324177007766,0,13059.5504,3638447.79
Ghana,2001,6199.08,12898.0308,3762860.63,0.5795540095013152,0,12765.5201,3733166.8
Ghana,2002,6234.8,13050.4795,3796384.11,0.5762145350600489,0,12898.0308,3762860.63
Ghana,2003,6270.52,12591.1292,3801159.81,0.572913325206903,0,13050.4795,3796384.11
Ghana,2004,6306.24,11869.5739,3793036.87,0.5696497260195166,0,12591.1292,3801159.81
Ghana,2005,6341.96,12119.5796,3900096.68,0.5664230983914331,0,11869.5739,3793036.87
Ghana,2006,6377.68,12043.7923,3891306.12,0.563232817614745,0,12119.5796,3900096.68
Ghana,2007,6413.4,12472.252,3922993.87,0.5600782729769938,0,12043.7923,3891306.12
Ghana,2008,6449.12,12004.7607,3976988.58,0.5569588673714376,0,12472.252,3922993.87
Ghana,2009,6484.84,12310.4654,4016915.06,0.5538740169201528,0,12004.7607,3976988.58
Ghana,2010,6520.56,12400.438,4034122.68,0.550823150609725,0,12310.4654,4016915.06
Ghana,2011,6556.28,12307.8457,4181510.24,0.5478057099390199,0,12400.438,4034122.68
Ghana,2012,6592.0,12350.3384,4321063.21,0.5448211485781673,0,12307.8457,4181510.24
Ghana,2013,6627.72,12463.0761,4439941.02,0.541868932038847,0,12350.3384,4321063.21
Ghana,2014,6663.44,12374.6548,4594103.83,0.5389485373552105,0,12463.0761,4439941.02
Ghana,2015,6699.16,12415.5145,4806234.18,0.5360594527751505,0,12374.6548,4594103.83
Ghana,2016,6734.88,12357.9422,5022988.3100000005,0.5332011774610512,0,12415.5145,4806234.18
Ghana,2017,6770.6,12083.9639,5257514.88,0.5303732212006862,0,12357.9422,5022988.3100000005
Ghana,2018,6806.32,12217.5416,5322986.99,0.5275751041266652,0,12083.9639,5257514.88
Ghana,2019,6842.04,12479.9743,5389959.140000001,0.5248063564451844,0,12217.5416,5322986.99
Ghana,2020,6877.76,12603.74,5800917.41,0.5220665181729478,0,12479.9743,5389959.140000001
Ghana,2021,6913.48,12603.74,5950601.84,0.5193551388824158,0,12603.74,5800917.41
Ghana,2022,6949.2,12603.74,6129041.48,0.5166717774550689,0,12603.74,5950601.84
Ghana,2023,6984.92,12603.74,6254123.33,0.5140160018419326,0,12603.74,6129041.48
Greece,1991,3708.9,9164.0,3757302.96,0.0,1,9222.0,3848397.33
Greece,1992,3708.9,9167.0,3645052.58,0.0,1,9164.0,3757302.96
Greece,1993,3708.9,9160.0,3615777.35,0.0,1,9167.0,3645052.58
Greece,1994,3708.9,9170.0,3543740.15,0.0,1,9160.0,3615777.35
Greece,1995,3708.9,9164.0,3584758.58,0.0,1,9170.0,3543740.15
Greece,1996,3708.9,9172.0,3573993.24,0.0,1,9164.0,3584758.58
Greece,1997,3708.9,8985.0,3578991.19,0.0,1,9172.0,3573993.24
Greece,1998,3708.9,8782.0,3614645.26,0.0,1,8985.0,3578991.19
Greece,1999,3708.9,8670.0,3600350.37,0.0,1,8782.0,3614645.26
Greece,2000,3708.9,8529.0,3649261.43,0.0,1,8670.0,3600350.37
Greece,2001,3710.09,8438.0,3681022.25,0.03208498476636734,1,8529.0,3649261.43
Greece,2002,3711.28,8343.0,3730351.25,0.03207469360582138,1,8438.0,3681022.25
Greece,2003,3712.47,8252.0,3719630.52,0.03206440904484076,1,8343.0,3730351.25
Greece,2004,3713.66,8080.0,3811157.16,0.03205413107716382,1,8252.0,3719630.52
Greece,2005,3714.85,8005.0,3714773.29,0.03204385969637347,1,8080.0,3811157.16
Greece,2006,3716.04,7863.0,3754646.48,0.03203359489616364,1,8005.0,3714773.29
Greece,2007,3717.23,7753.0,3842351.96,0.032023336670228275,1,7863.0,3754646.48
Greece,2008,3718.42,7657.0,3769966.9,0.032013085012239095,1,7753.0,3842351.96
Greece,2009,3719.61,7560.0,3794680.21,0.032002839915890036,1,7657.0,3769966.9
Greece,2010,3720.8,7489.0,3757552.91,0.03199260137487503,1,7560.0,3794680.21
Greece,2011,3796.24,7396.0,3694438.81,2.027520963233709,0,7489.0,3757552.91
Greece,2012,3871.68,7283.0,3654961.24,1.9872294691589687,0,7396.0,3694438.81
Greece,2013,3947.12,7153.0,3594547.97,1.9485081411686922,0,7283.0,3654961.24
Greece,2014,4022.56,6201.0,3034566.64,1.91126694906667,0,7153.0,3594547.97
Greece,2015,4098.0,6199.0,2786540.2800000003,1.8754226164432675,0,6201.0,3034566.64
Greece,2016,4230.96,6136.0,2729844.76,3.2445095168374793,0,6199.0,2786540.2800000003
Greece,2017,4363.92,6053.5408,2805145.9,3.1425492086902374,0,6136.0,2729844.76
Greece,2018,4496.88,5943.6904,2542838.0,3.0468019578727468,0,6053.5408,2805145.9
Greece,2019,4629.84,5863.5662,2420882.0,2.956716656882108,0,5943.6904,2542838.0
Greece,2020,4762.8,5624.6605,2656900.0,2.871805505157843,0,5863.5662,2420882.0
Greece,2021,4762.8,5711.9286,2631715.0,0.0,1,5624.6605,2656900.0
Greece,2022,4762.8,5372.0386,2566251.0,0.0,1,5711.9286,2631715.0
Greece,2023,4762.8,5372.0387,2651785.0,0.0,1,5372.0386,2566251.0
Grenada,1991,17.7,12.0,13002.39,0.0,1,13.0,12816.39
Grenada,1992,17.7,12.0,13181.26,0.0,1,12.0,13002.39
Grenada,1993,17.7,12.0,13353.08,0.0,1,12.0,13181.26
Grenada,1994,17.7,12.0,13521.05,0.0,1,12.0,13353.08
Grenada,1995,17.7,11.0,13590.21,0.0,1,12.0,13521.05
Grenada,1996,17.7,11.0,13846.62,0.0,1,11.0,13590.21
Grenada,1997,17.7,11.0,14008.95,0.0,1,11.0,13846.62
Grenada,1998,17.7,11.0,14141.73,0.0,1,11.0,14008.95
Grenada,1999,17.7,12.0,14292.2,0.0,1,11.0,14141.73
Grenada,2000,17.7,12.0,14330.99,0.0,1,12.0,14292.2
Grenada,2001,17.7,13.0,14508.89,0.0,1,12.0,14330.99
Grenada,2002,17.7,13.0,14681.77,0.0,1,13.0,14508.89
Grenada,2003,17.7,12.0,14859.21,0.0,1,13.0,14681.77
Grenada,2004,17.7,12.0,15045.42,0.0,1,12.0,14859.21
Grenada,2005,17.7,9.0,15233.58,0.0,1,12.0,15045.42
Grenada,2006,17.7,9.0,15431.8,0.0,1,9.0,15233.58
Grenada,2007,17.7,9.0,15673.18,0.0,1,9.0,15431.8
Grenada,2008,17.7,9.0,15568.26,0.0,1,9.0,15673.18
Grenada,2009,17.7,10.0,16430.59,0.0,1,9.0,15568.26
Grenada,2010,17.7,10.0,17081.08,0.0,1,10.0,16430.59
Grenada,2011,17.7,10.0,16862.61,0.0,1,10.0,17081.08
Grenada,2012,17.7,8.0,16977.739999999998,0.0,1,10.0,16862.61
Grenada,2013,17.7,8.0,17277.46,0.0,1,8.0,16977.739999999998
Grenada,2014,17.7,8.0,17580.65,0.0,1,8.0,17277.46
Grenada,2015,17.7,8.0,18525.29,0.0,1,8.0,17580.65
Grenada,2016,17.7,8.0,18026.24,0.0,1,8.0,18525.29
Grenada,2017,17.7,8.0,17942.559999999998,0.0,1,8.0,18026.24
Grenada,2018,17.7,8.0,18195.52,0.0,1,8.0,17942.559999999998
Grenada,2019,17.7,8.0,18929.78,0.0,1,8.0,18195.52
Grenada,2020,17.7,8.0,18988.89,0.0,1,8.0,18929.78
Grenada,2021,17.7,8.0,19064.29,0.0,1,8.0,18988.89
Grenada,2022,17.7,8.0,19128.17,0.0,1,8.0,19064.29
Grenada,2023,17.7,8.0,19254.17,0.0,1,8.0,19128.17
Guadeloupe,1991,73.08,53.0,199666.0,-0.12300123001230956,2,53.0,207989.04
Guadeloupe,1992,72.99,53.0,193597.0,-0.12315270935960854,2,53.0,199666.0
Guadeloupe,1993,72.9,53.0,177777.0,-0.12330456226878894,2,53.0,193597.0
Guadeloupe,1994,72.81,52.0,186598.0,-0.12345679012346622,2,53.0,177777.0
Guadeloupe,1995,72.72,53.0,187420.0,-0.12360939431397266,2,52.0,186598.0
Guadeloupe,1996,72.63,50.0,224855.0,-0.12376237623762387,2,53.0,187420.0
Guadeloupe,1997,72.54,50.0,237454.0,-0.12391573729861882,2,50.0,224855.0
Guadeloupe,1998,72.45,51.0,238013.0,-0.12406947890819531,2,50.0,237454.0
Guadeloupe,1999,72.36,50.0,198513.0,-0.1242236024844745,2,51.0,238013.0
Guadeloupe,2000,72.27,49.0,198220.0,-0.12437810945273853,2,50.0,198513.0
Guadeloupe,2001,72.198,48.0,194531.0,-0.09962640099626663,1,49.0,198220.0
Guadeloupe,2002,72.126,47.0,235886.0,-0.09972575417600549,1,48.0,194531.0
Guadeloupe,2003,72.054,46.0,209977.0,-0.0998253057150067,1,47.0,235886.0
Guadeloupe,2004,71.982,45.0,200363.0,-0.0999250562078502,1,46.0,209977.0
Guadeloupe,2005,71.91,44.0,200968.0,-0.10002500625156951,2,45.0,200363.0
Guadeloupe,2006,71.838,44.0,205794.0,-0.10012515644556297,2,44.0,200968.0
Guadeloupe,2007,71.766,59.8,0.0,-0.10022550739161584,2,44.0,205794.0
Guadeloupe,2008,71.694,59.9,0.0,-0.10032605969401143,2,59.8,0.0
Guadeloupe,2009,71.622,59.7,0.0,-0.10042681395933117,2,59.9,0.0
Guadeloupe,2010,71.55,58.9,0.0,-0.10052777079668784,2,59.7,0.0
Guadeloupe,2011,71.82,57.8,0.0,0.37735849056603765,0,58.9,0.0
Guadeloupe,2012,72.09,55.8,0.0,0.375939849624074,0,57.8,0.0
Guadeloupe,2013,72.36,54.8,0.0,0.3745318352059934,0,55.8,0.0
Guadeloupe,2014,72.63,52.9,0.0,0.3731343283581934,0,54.8,0.0
Guadeloupe,2015,72.9,52.7,0.0,0.3717472118959231,0,52.9,0.0
Guadeloupe,2016,73.17,52.1,0.0,0.37037037037035425,0,52.7,0.0
Guadeloupe,2017,73.44,52.11,0.0,0.36900369003689537,0,52.1,0.0
Guadeloupe,2018,73.71,51.58,0.0,0.3676470588235281,0,52.11,0.0
Guadeloupe,2019,73.98,49.71,0.0,0.3663003663003872,0,51.58,0.0
Guadeloupe,2020,74.25,45.883,0.0,0.36496350364962904,0,49.71,0.0
Guadeloupe,2021,74.52,47.03,0.0,0.363636363636366,0,45.883,0.0
Guadeloupe,2022,74.79,47.042,0.0,0.36231884057973396,0,47.03,0.0
Guadeloupe,2023,75.06,46.585,0.0,0.3610108303249149,0,47.042,0.0
Guatemala,1991,4789.835,4285.0,5996710.29,-1.2895653912179728,2,4285.0,6246343.73
Guatemala,1992,4727.26,4285.0,6056850.8100000005,-1.3064124338312277,2,4285.0,5996710.29
Guatemala,1993,4664.685,4482.0,6550695.25,-1.3237054868993847,2,4285.0,6056850.8100000005
Guatemala,1994,4602.11,4512.0,6500515.88,-1.3414624996114566,2,4482.0,6550695.25
Guatemala,1995,4539.535,4512.0,6578082.63,-1.3597023973785927,2,4512.0,6500515.88
Guatemala,1996,4476.96,4512.0,6618084.71,-1.3784451491176908,2,4512.0,6578082.63
Guatemala,1997,4414.385,4574.43,6720612.41,-1.3977118401772626,2,4512.0,6618084.71
Guatemala,1998,4351.81,4636.86,6646669.93,-1.4175247514659373,2,4574.43,6720612.41
Guatemala,1999,4289.235,4699.29,7133547.41,-1.4379074454077934,2,4636.86,6646669.93
Guatemala,2000,4226.66,4761.72,7112758.0,-1.4588848594213166,2,4699.29,7133547.41
Guatemala,2001,4179.579,4824.15,7348341.0,-1.1139055424377653,2,4761.72,7112758.0
Guatemala,2002,4132.498,4886.58,7544913.0,-1.126453166694541,2,4824.15,7348341.0
Guatemala,2003,4085.417,4949.0,7197486.0,-1.1392866977793958,2,4886.58,7544913.0
Guatemala,2004,4038.336,4723.0,7493638.0,-1.1524160202006306,2,4949.0,7197486.0
Guatemala,2005,3991.255,4562.0,7677967.0,-1.1658514794212205,2,4723.0,7493638.0
Guatemala,2006,3944.174,4315.4512,7886909.0,-1.1796039090461563,2,4562.0,7677967.0
Guatemala,2007,3897.093,4448.0,8324992.05,-1.1936846599566842,2,4315.4512,7886909.0
Guatemala,2008,3850.012,4434.0,8832900.59,-1.208105631556644,2,4448.0,8324992.05
Guatemala,2009,3802.931,4369.6,9658866.08,-1.222879305311264,2,4434.0,8832900.59
Guatemala,2010,3755.85,4317.2,10238531.7,-1.2380187807772502,2,4369.6,9658866.08
Guatemala,2011,3738.926,4294.8,10493707.97,-0.4506037248558914,2,4317.2,10238531.7
Guatemala,2012,3722.002,4262.4,11038402.79,-0.4526433526633067,2,4294.8,10493707.97
Guatemala,2013,3705.078,4223.0,11318592.53,-0.45470152890836335,2,4262.4,11038402.79
Guatemala,2014,3688.154,4284.9,12447814.22,-0.4567785077669084,2,4223.0,11318592.53
Guatemala,2015,3671.23,4464.0,12716762.96,-0.45887454808014594,2,4284.9,12447814.22
Guatemala,2016,3657.304,4493.8,13005231.56,-0.3793279091748536,2,4464.0,12716762.96
Guatemala,2017,3643.378,4523.6,13282322.48,-0.38077228472119806,2,4493.8,13005231.56
Guatemala,2018,3629.452,4553.4,13373717.56,-0.3822277018744713,2,4523.6,13282322.48
Guatemala,2019,3615.526,4583.2,13623561.05,-0.3836942877327054,2,4553.4,13373717.56
Guatemala,2020,3601.6,4612.0,13773787.59,-0.38517217135211057,2,4583.2,13623561.05
Guatemala,2021,3588.41,4612.0,14459135.8,-0.3662261217236784,2,4612.0,13773787.59
Guatemala,2022,3575.22,4612.0,14465696.85,-0.36757226738305393,2,4612.0,14459135.8
Guatemala,2023,3562.03,4612.0,14400282.9,-0.3689283456682291,2,4612.0,14465696.85
Guinea,1991,7135.213,13980.633,4128023.99,-0.9302283604615824,2,14050.109,3803562.24
Guinea,1992,7068.216,14020.098,4473652.37,-0.9389628592727295,2,13980.633,4128023.99
Guinea,1993,7001.219,14029.605,4848314.92,-0.9478629402383865,2,14020.098,4473652.37
Guinea,1994,6934.222,14052.845,5258679.51,-0.9569333568911431,2,14029.605,4848314.92
Guinea,1995,6867.225,14042.68,5856780.5600000005,-0.966179046474136,2,14052.845,5258679.51
Guinea,1996,6800.228,14053.609,6159736.05,-0.9756051389025466,2,14042.68,5856780.5600000005
Guinea,1997,6733.231,14055.253,6477519.46,-0.985216966254665,2,14053.609,6159736.05
Guinea,1998,6666.234,14065.631,6812620.7,-0.9950200728298109,2,14055.253,6477519.46
Guinea,1999,6599.237,14060.856,7164618.390000001,-1.0050202258126584,2,14065.631,6812620.7
Guinea,2000,6532.24,14064.057,7620138.66,-1.015223426587053,2,14060.856,7164618.390000001
Guinea,2001,6465.243,14062.496,8012277.85,-1.0256359227462486,2,14064.057,7620138.66
Guinea,2002,6398.246,14097.619,8401679.24,-1.0362642208498585,2,14062.496,8012277.85
Guinea,2003,6331.249,14114.626,8891141.61,-1.0471150999820988,2,14097.619,8401679.24
Guinea,2004,6264.252,14119.941,9375202.1,-1.0581956261710657,2,14114.626,8891141.61
Guinea,2005,6197.255,14129.417,9885545.45,-1.0695131677333602,2,14119.941,9375202.1
Guinea,2006,6130.258,14200.9015,10481435.49,-1.0810754116136967,2,14129.417,9885545.45
Guinea,2007,6063.261,14330.1131,11049029.48,-1.092890380796363,2,14200.9015,10481435.49
Guinea,2008,5996.264,14480.0159,11647449.15,-1.1049664528708258,2,14330.1131,11049029.48
Guinea,2009,5929.267,14365.4275,12292871.51,-1.1173123798418505,2,14480.0159,11647449.15
Guinea,2010,5862.27,15059.9275,13024096.96,-1.1299373092829024,2,14365.4275,12292871.51
Guinea,2011,5795.272,15109.6877,13490899.69,-1.1428678651785096,2,15059.9275,13024096.96
Guinea,2012,5728.274,15561.8124,14245148.99,-1.1560803358323768,2,15109.6877,13490899.69
Guinea,2013,5661.276,15649.8882,14904576.64,-1.169601873094761,2,15561.8124,14245148.99
Guinea,2014,5594.278,16027.2736,15671506.27,-1.1834434498512292,2,15649.8882,14904576.64
Guinea,2015,5527.28,16239.315,16441872.64,-1.197616564639803,2,16027.2736,15671506.27
Guinea,2016,5460.284,16342.6432,17188173.740000002,-1.2120970893459315,2,16239.315,16441872.64
Guinea,2017,5393.288,16533.2078,17813556.75,-1.2269691466597732,2,16342.6432,17188173.740000002
Guinea,2018,5326.292,16703.6823,18678875.4,-1.2422106885447093,2,16533.2078,17813556.75
Guinea,2019,5259.296,16687.2996,19271959.64,-1.2578356575268512,2,16703.6823,18678875.4
Guinea,2020,5192.3,16978.5307,20264652.24,-1.2738587065645346,2,16687.2996,19271959.64
Guinea,2021,5125.302,17336.3621,21365537.56,-1.2903337634574408,2,16978.5307,20264652.24
Guinea,2022,5058.304,17679.2885,22527382.14,-1.3072010195691819,2,17336.3621,21365537.56
Guinea,2023,4991.306,17993.891,21381368.9,-1.3245150943873796,2,17679.2885,22527382.14
Guinea-Bissau,1991,2252.363,582.45,1038027.53,-0.222690806639525,2,578.67,1028025.51
Guinea-Bissau,1992,2247.336,582.45,1063741.4,-0.22318782540825532,2,582.45,1038027.53
Guinea-Bissau,1993,2242.309,602.45,1090293.2,-0.22368706771037639,2,582.45,1063741.4
Guinea-Bissau,1994,2237.282,612.45,1114929.98,-0.22418854850068115,2,602.45,1090293.2
Guinea-Bissau,1995,2232.255,620.895,1142525.72,-0.22469228286823295,2,612.45,1114929.98
Guinea-Bissau,1996,2227.228,629.34,1171053.45,-0.22519828603810854,2,620.895,1142525.72
Guinea-Bissau,1997,2222.201,637.785,1199965.17,-0.22570657337281919,2,629.34,1171053.45
Guinea-Bissau,1998,2217.174,646.23,1227014.76,-0.22621716037388717,2,637.785,1199965.17
Guinea-Bissau,1999,2212.147,654.675,1256545.4,-0.22673006268340012,2,646.23,1227014.76
Guinea-Bissau,2000,2207.12,663.12,1290743.92,-0.22724529608566524,2,654.675,1256545.4
Guinea-Bissau,2001,2202.724,671.565,1293843.63,-0.1991735836746389,2,663.12,1290743.92
Guinea-Bissau,2002,2198.328,680.01,1296143.63,-0.199571076539784,2,671.565,1293843.63
Guinea-Bissau,2003,2193.932,688.455,1331831.7,-0.19997015913914007,2,680.01,1296143.63
Guinea-Bissau,2004,2189.536,696.9,1333031.7,-0.20037084102878522,2,688.455,1331831.7
Guinea-Bissau,2005,2185.14,705.345,1357874.43,-0.20077313184163614,2,696.9,1333031.7
Guinea-Bissau,2006,2180.744,713.79,1405117.16,-0.20117704128795877,2,705.345,1357874.43
Guinea-Bissau,2007,2176.348,722.235,1461529.87,-0.20158257915647848,2,713.79,1405117.16
Guinea-Bissau,2008,2171.952,730.68,1562179.97,-0.20198975531485752,2,722.235,1461529.87
Guinea-Bissau,2009,2167.556,739.125,1588594.82,-0.2023985797107941,2,730.68,1562179.97
Guinea-Bissau,2010,2163.16,747.57,1639605.19,-0.20280906237255536,2,739.125,1588594.82
Guinea-Bissau,2011,2158.922,756.014,1662466.41,-0.1959170842656066,2,747.57,1639605.19
Guinea-Bissau,2012,2154.684,764.458,1674283.59,-0.19630167277927546,2,756.014,1662466.41
Guinea-Bissau,2013,2150.446,772.902,1714470.7,-0.1966877741701456,2,764.458,1674283.59
Guinea-Bissau,2014,2146.208,781.346,1719309.17,-0.19707539738267332,2,772.902,1714470.7
Guinea-Bissau,2015,2141.97,789.79,1739054.39,-0.19746455143212494,2,781.346,1719309.17
Guinea-Bissau,2016,2137.732,794.8454,1764953.3,-0.19785524540492094,2,789.79,1739054.39
Guinea-Bissau,2017,2133.494,794.8841,1791864.5,-0.19824748845972406,2,794.8454,1764953.3
Guinea-Bissau,2018,2129.256,810.6038,1805966.2,-0.19864128982787221,2,794.8841,1791864.5
Guinea-Bissau,2019,2125.018,816.9532,1828369.94,-0.19903665881415566,2,810.6038,1805966.2
Guinea-Bissau,2020,2120.78,824.9114,1858867.02,-0.19943360479769412,2,816.9532,1828369.94
Guinea-Bissau,2021,2116.542,839.3548,1839795.95,-0.19983213723253623,2,824.9114,1858867.02
Guinea-Bissau,2022,2112.304,833.0244,1863498.59,-0.20023226564839236,2,839.3548,1839795.95
Guinea-Bissau,2023,2108.066,840.5305,1888934.08,-0.20063399965157824,2,833.0244,1863498.59
Guyana,1991,18598.357,711.2756,506573.11,-0.02039011619625608,1,711.2756,425905.6
Guyana,1992,18594.564,711.2756,536610.6,-0.02039427461254517,1,711.2756,506573.11
Guyana,1993,18590.771,711.2756,509229.92,-0.020398434725321657,1,711.2756,536610.6
Guyana,1994,18586.978,711.2756,472506.8,-0.020402596535673556,1,711.2756,509229.92
Guyana,1995,18583.185,713.2756,445995.4,-0.020406760044577865,1,711.2756,472506.8
Guyana,1996,18579.392,714.2756,448201.2,-0.020410925253133705,1,713.2756,445995.4
Guyana,1997,18575.599,714.2756,428800.8,-0.020415092162340276,1,714.2756,448201.2
Guyana,1998,18571.806,714.2756,413778.8,-0.020419260773218983,1,714.2756,428800.8
Guyana,1999,18568.013,714.2756,385827.4,-0.020423431086891153,1,714.2756,413778.8
Guyana,2000,18564.22,715.2756,362338.5,-0.020427603104311576,1,714.2756,385827.4
Guyana,2001,18559.779,717.2756,350707.54000000004,-0.023922362480099935,1,715.2756,362338.5
Guyana,2002,18555.338,717.7067,316437.39,-0.02392808664369861,1,717.2756,350707.54000000004
Guyana,2003,18550.897,718.1378,322760.81,-0.02393381354733881,1,717.7067,316437.39
Guyana,2004,18546.456,718.5689,322978.49,-0.023939543192996737,1,718.1378,322760.81
Guyana,2005,18542.015,719.0,323214.93,-0.023945275582559766,1,718.5689,322978.49
Guyana,2006,18537.574,719.0,323357.72,-0.02395101071808181,1,719.0,323214.93
Guyana,2007,18533.133,719.0,323461.74,-0.023956748601505762,1,719.0,323357.72
Guyana,2008,18528.692,719.0,323450.06,-0.02396248923483002,1,719.0,323461.74
Guyana,2009,18524.251,719.0,325981.99,-0.02396823261997527,1,719.0,323450.06
Guyana,2010,18519.81,719.0,331526.16000000003,-0.023973978758973225,1,719.0,325981.99
Guyana,2011,18508.12,719.0,358855.72,-0.06312159789977345,1,719.0,331526.16000000003
Guyana,2012,18496.43,719.0,347762.13,-0.06316146642662002,1,719.0,358855.72
Guyana,2013,18484.74,719.0,361210.55,-0.06320138534841035,1,719.0,347762.13
Guyana,2014,18473.05,719.0,370300.44,-0.06324135476074577,1,719.0,361210.55
Guyana,2015,18461.36,719.0,372740.31,-0.06328137475943851,1,719.0,370300.44
Guyana,2016,18452.156,719.0,365742.18,-0.049855481936333934,1,719.0,372740.31
Guyana,2017,18442.952,719.0,355362.62,-0.04988035002521096,1,719.0,365742.18
Guyana,2018,18433.748,719.0,348330.19,-0.0499052429350888,1,719.0,355362.62
Guyana,2019,18424.544,719.0,357541.29000000004,-0.04993016070306,1,719.0,348330.19
Guyana,2020,18415.34,719.0,339838.32,-0.049955103366472464,1,719.0,357541.29000000004
Guyana,2021,18407.71,720.0,346982.6,-0.04143284891835464,1,719.0,339838.32
Guyana,2022,18400.08,720.0,348892.74,-0.04145002284366983,1,720.0,346982.6
Guyana,2023,18392.45,720.0,347310.69,-0.04146721101213613,1,720.0,348892.74
Haiti,1991,370.7,1596.0,3161340.0,0.4062838569880878,0,1597.0,2912973.0
Haiti,1992,372.2,1575.0,3712076.0,0.4046398705152443,0,1596.0,3161340.0
Haiti,1993,373.7,1575.0,3576538.4,0.4030091348737219,0,1575.0,3712076.0
Haiti,1994,375.2,1595.0,3502225.12,0.40139149050040235,0,1575.0,3576538.4
Haiti,1995,376.7,1590.0,3406889.92,0.3997867803837929,0,1595.0,3502225.12
Haiti,1996,378.2,1590.0,3517814.0,0.39819485001326704,0,1590.0,3406889.92
Haiti,1997,379.7,1690.0,3589484.14,0.3966155473294597,0,1590.0,3517814.0
Haiti,1998,381.2,1690.0,3737220.22,0.39504872267579483,0,1690.0,3589484.14
Haiti,1999,382.7,1690.0,3730849.0,0.393494228751301,0,1690.0,3737220.22
Haiti,2000,384.2,1690.0,4177533.4,0.391951920564404,0,1690.0,3730849.0
Haiti,2001,383.8,1670.0,4205557.0,-0.10411244143674336,2,1690.0,4177533.4
Haiti,2002,383.4,1670.0,4290106.0,-0.10422094841063823,2,1670.0,4205557.0
Haiti,2003,383.0,1670.0,4328289.0,-0.10432968179446833,2,1670.0,4290106.0
Haiti,2004,382.6,1670.0,4341103.640000001,-0.10443864229764399,2,1670.0,4328289.0
Haiti,2005,382.2,1770.0,4363408.0,-0.1045478306325287,2,1670.0,4341103.640000001
Haiti,2006,381.8,1770.0,4330160.0,-0.10465724751438366,2,1770.0,4363408.0
Haiti,2007,381.4,1770.0,4335910.5600000005,-0.10476689366161196,2,1770.0,4330160.0
Haiti,2008,381.0,1770.0,4346633.54,-0.1048767697954811,2,1770.0,4335910.5600000005
Haiti,2009,380.6,1816.33,4346764.66,-0.10498687664041162,2,1770.0,4346633.54
Haiti,2010,380.2,1984.0,4376947.79,-0.10509721492381052,2,1816.33,4346764.66
Haiti,2011,377.02,2009.0,4396356.95,-0.8364018937401352,2,1984.0,4376947.79
Haiti,2012,373.84,2024.0,4432450.140000001,-0.8434565805527594,2,2009.0,4396356.95
Haiti,2013,370.66,2068.0,4432581.45,-0.8506312861116916,2,2024.0,4432450.140000001
Haiti,2014,367.48,2068.0,4425290.8,-0.8579290994442323,2,2068.0,4432581.45
Haiti,2015,364.3,2068.0,4460966.72,-0.8653532165015854,2,2068.0,4425290.8
Haiti,2016,364.46,2068.0,4481426.109999999,0.04391984628053791,1,2068.0,4460966.72
Haiti,2017,364.62,2010.0,4531631.890000001,0.04390056521978991,1,2068.0,4481426.109999999
Haiti,2018,364.78,1995.0,4567615.94,0.043881301080572754,1,2010.0,4531631.890000001
Haiti,2019,364.94,1790.0,4601308.83,0.04386205384068198,1,1995.0,4567615.94
Haiti,2020,365.1,1790.0,4662106.1,0.043842823477846515,1,1790.0,4601308.83
Haiti,2021,366.5,1795.0,4661031.1,0.3834565872363749,0,1790.0,4662106.1
Haiti,2022,367.9,1795.0,4667493.16,0.3819918144611023,0,1795.0,4661031.1
Haiti,2023,369.3,1795.0,4696154.53,0.3805381897254767,0,1795.0,4667493.16
Honduras,1991,7592.736,3342.0,6943659.0600000005,-0.6733723955778315,2,3320.0,6997689.38
Honduras,1992,7541.262,3355.0,6875966.32,-0.6779374391523763,2,3342.0,6943659.0600000005
Honduras,1993,7489.788,3548.0,6243156.88,-0.6825648014881391,2,3355.0,6875966.32
Honduras,1994,7438.314,3520.0,7143613.84,-0.6872557674529545,2,3548.0,6243156.88
Honduras,1995,7386.84,3480.0,6646781.4,-0.6920116574804513,2,3520.0,7143613.84
Honduras,1996,7335.366,3480.0,6808539.25,-0.6968338288090736,2,3480.0,6646781.4
Honduras,1997,7283.892,3395.0,6589651.6,-0.7017236767735913,2,3480.0,6808539.25
Honduras,1998,7232.418,3395.0,6255173.09,-0.7066826361511125,2,3395.0,6589651.6
Honduras,1999,7180.944,3337.0,5681040.98,-0.7117121825646611,2,3395.0,6255173.09
Honduras,2000,7129.47,2935.0,5875085.32,-0.716813833947183,2,3337.0,5681040.98
Honduras,2001,7090.992,2936.0,6067600.49,-0.5397035123227978,2,2935.0,5875085.32
Honduras,2002,7052.514,3028.0,6664780.88,-0.5426321169167858,2,2936.0,6067600.49
Honduras,2003,7014.036,3153.0,7580859.99,-0.5455926780152498,2,3028.0,6664780.88
Honduras,2004,6975.558,3140.0,7851789.140000001,-0.5485857215446255,2,3153.0,7580859.99
Honduras,2005,6937.08,3150.0,8122529.34,-0.5516117850356883,2,3140.0,7851789.140000001
Honduras,2006,6898.602,3160.0,7966882.640000001,-0.5546714179453072,2,3150.0,8122529.34
Honduras,2007,6860.124,3160.0,8117087.46,-0.557765181989045,2,3160.0,7966882.640000001
Honduras,2008,6821.646,3184.0,8268952.8,-0.5608936514850171,2,3160.0,8117087.46
Honduras,2009,6783.168,3198.0,7912822.08,-0.5640574137092402,2,3184.0,8268952.8
Honduras,2010,6744.69,3268.0,7979158.56,-0.5672570692632162,2,3198.0,7912822.08
Honduras,2011,6701.152,3311.0,8031599.95,-0.6455152127080699,2,3268.0,7979158.56
Honduras,2012,6657.614,3358.0,8130502.939999999,-0.649709184331293,2,3311.0,8031599.95
Honduras,2013,6614.076,3370.0,8143554.09,-0.6539580095812014,2,3358.0,8130502.939999999
Honduras,2014,6570.538,3375.0,8155918.46,-0.658262771700846,2,3370.0,8143554.09
Honduras,2015,6527.0,3375.0,8198040.56,-0.6626245826445221,2,3375.0,8155918.46
Honduras,2016,6444.086,3424.0,8243158.81,-1.2703232725601366,2,3375.0,8198040.56
Honduras,2017,6361.172,3488.0,8291988.32,-1.2866681170921823,2,3424.0,8243158.81
Honduras,2018,6278.258,3509.0,8329183.85,-1.3034390517973726,2,3488.0,8291988.32
Honduras,2019,6195.344,3509.0,8361386.99,-1.3206529581931803,2,3509.0,8329183.85
Honduras,2020,6112.43,3538.0,8428254.86,-1.3383276215170548,2,3509.0,8361386.99
Honduras,2021,6062.21,3576.0,8455803.11,-0.8216045009922457,2,3538.0,8428254.86
Honduras,2022,6011.99,3576.0,8482412.93,-0.8284107610920799,2,3576.0,8455803.11
Honduras,2023,5961.77,3576.0,8508771.49,-0.8353307307563562,2,3576.0,8482412.93
Hungary,1991,1824.627,6460.0,8190581.76,0.591377694470463,0,6474.0,8410411.39
Hungary,1992,1835.354,6136.0,7553173.56,0.5879009792138401,0,6460.0,8190581.76
Hungary,1993,1846.081,6130.0,6561303.4,0.5844649043181827,0,6136.0,7553173.56
Hungary,1994,1856.808,6122.0,5696672.97,0.5810687613382104,0,6130.0,6561303.4
Hungary,1995,1867.535,6179.0,5229141.51,0.5777118581996588,0,6122.0,5696672.97
Hungary,1996,1878.262,6184.0,5062692.28,0.5743935187292326,0,6179.0,5229141.51
Hungary,1997,1888.989,6195.0,4972261.86,0.5711130822004584,0,6184.0,5062692.28
Hungary,1998,1899.716,6193.0,4943794.97,0.5678699028951462,0,6195.0,4972261.86
Hungary,1999,1910.443,6186.0,5111932.69,0.5646633496796394,0,6193.0,4943794.97
Hungary,2000,1921.17,5854.0,5503561.76,0.561492805595365,0,6186.0,5111932.69
Hungary,2001,1933.692,5865.0,5185030.1,0.6517903152766236,0,5854.0,5503561.76
Hungary,2002,1946.214,5849.0,5138856.18,0.6475695198614906,0,5865.0,5185030.1
Hungary,2003,1958.736,5865.0,4578559.49,0.6434030378982047,0,5849.0,5138856.18
Hungary,2004,1971.258,5864.0,4336356.859999999,0.6392898277256309,0,5865.0,4578559.49
Hungary,2005,1983.78,5863.0,4246974.45,0.6352288741504175,0,5864.0,4336356.859999999
Hungary,2006,1996.302,5809.0,4138536.3,0.6312191876115314,0,5863.0,4246974.45
Hungary,2007,2008.824,5807.0,4131062.01,0.6272598033764565,0,5809.0,4138536.3
Hungary,2008,2021.346,5790.0,4112649.61,0.6233497807672572,0,5807.0,4131062.01
Hungary,2009,2033.868,5783.0,3986572.37,0.619488202415619,0,5790.0,4112649.61
Hungary,2010,2046.39,5343.0,3867212.27,0.6156741735451998,0,5783.0,3986572.37
Hungary,2011,2049.276,5337.0,3828946.88,0.1410288361455958,0,5343.0,3867212.27
Hungary,2012,2052.162,5338.0,3881999.0,0.14083022491846453,0,5337.0,3828946.88
Hungary,2013,2055.048,5257.0,3944383.01,0.14063217231388148,0,5338.0,3881999.0
Hungary,2014,2057.934,5264.0,4100342.98,0.14043467597839587,0,5257.0,3944383.01
Hungary,2015,2060.82,5264.0,4265112.69,0.14023773357163538,0,5264.0,4100342.98
Hungary,2016,2060.056,5282.0,4297205.88,-0.0370726215778272,1,5264.0,4265112.69
Hungary,2017,2059.292,5303.0,4392179.03,-0.03708637046760943,1,5282.0,4297205.88
Hungary,2018,2058.528,5296.0,4464907.0,-0.037100129559097805,1,5303.0,4392179.03
Hungary,2019,2057.764,5278.0,4531542.0,-0.037113898863638806,1,5296.0,4464907.0
Hungary,2020,2057.0,4916.6726,4609482.0,-0.03712767839266773,1,5278.0,4531542.0
Hungary,2021,2063.074,5043.6886,4680831.0,0.29528439474963974,0,4916.6726,4609482.0
Hungary,2022,2069.148,5076.012,4556700.0,0.29441503310110306,0,5043.6886,4680831.0
Hungary,2023,2075.222,5083.046,4438509.0,0.2935507754882716,0,5076.012,4556700.0
Iceland,1991,19.359,1901.0,392943.34,7.969882877858359,0,1901.0,389876.99
Iceland,1992,20.788,1901.0,400482.4,7.3815796270468415,0,1901.0,392943.34
Iceland,1993,22.217,1900.0,382531.33,6.874158168173938,0,1901.0,400482.4
Iceland,1994,23.646,1900.0,388217.52,6.432011522707848,0,1900.0,382531.33
Iceland,1995,25.075,1899.0,376738.13,6.043305421635781,0,1900.0,388217.52
Iceland,1996,26.504,1897.0,381527.86,5.698903290129609,0,1899.0,376738.13
Iceland,1997,27.933,1895.0,386785.52,5.391638997887105,0,1897.0,381527.86
Iceland,1998,29.362,1891.0,384896.2,5.115812837862022,0,1895.0,386785.52
Iceland,1999,30.791,1889.0,386682.12,4.866834684285815,0,1891.0,384896.2
Iceland,2000,32.22,1889.0,377341.58,4.640966516189793,0,1889.0,386682.12
Iceland,2001,33.872,1889.0,371277.4,5.127250155183116,0,1889.0,377341.58
Iceland,2002,35.524,1887.0,366518.86,4.8771846953235665,0,1889.0,371277.4
Iceland,2003,37.176,1885.0,361248.92,4.650377209773682,0,1887.0,366518.86
Iceland,2004,38.828,1884.0,356533.64,4.443727135786535,0,1885.0,361248.92
Iceland,2005,40.48,1882.0,350260.2,4.254661584423602,0,1884.0,356533.64
Iceland,2006,42.132,1881.0,356266.68,4.081027667984194,0,1882.0,350260.2
Iceland,2007,43.784,1876.0,377321.81,3.9210101585493318,0,1881.0,356266.68
Iceland,2008,45.436,1876.0,380586.3,3.7730677873195617,0,1876.0,377321.81
Iceland,2009,47.088,1875.0,385493.14,3.635883440443699,0,1876.0,380586.3
Iceland,2010,48.74,1874.0,387225.35,3.508324838600063,0,1875.0,385493.14
Iceland,2011,49.638,1873.2,384990.14,1.842429216249486,0,1874.0,387225.35
Iceland,2012,50.536,1872.2,387540.62,1.8090978685684433,0,1873.2,384990.14
Iceland,2013,51.434,1872.2,374794.06,1.7769510843754777,0,1872.2,387540.62
Iceland,2014,52.332,1872.2,384039.36,1.7459268188357857,0,1872.2,374794.06
Iceland,2015,53.23,1872.0,411518.65,1.7159672857907093,0,1872.2,384039.36
Iceland,2016,53.916,1872.0,432961.7,1.2887469472102175,0,1872.0,411518.65
Iceland,2017,54.602,1872.0,441883.62,1.272349580829446,0,1872.0,432961.7
Iceland,2018,55.288,1872.0,443923.76,1.256364235742291,0,1872.0,441883.62
Iceland,2019,55.974,1872.0,441897.58,1.2407755751700167,0,1872.0,443923.76
Iceland,2020,56.66,1872.0,434796.16,1.2255690141851572,0,1872.0,441897.58
Iceland,2021,57.624,1872.0,438660.46,1.7013766325450153,0,1872.0,434796.16
Iceland,2022,58.588,1872.0,437363.84,1.6729140635846074,0,1872.0,438660.46
Iceland,2023,59.552,1638.0,440567.04,1.6453881340888987,0,1872.0,437363.84
India,1991,64303.3,181586.0,542898000.0,0.571334730520201,0,181413.0,580848991.24
India,1992,64668.6,181305.0,549227000.0,0.568089040531361,0,181586.0,542898000.0
India,1993,65033.9,181382.0,549637000.0,0.5648800190509728,0,181305.0,549227000.0
India,1994,65399.2,181291.0,550287760.0,0.5617070481702457,0,181382.0,549637000.0
India,1995,65764.5,180945.0,550556850.0,0.5585695237862343,0,181291.0,550287760.0
India,1996,66129.8,180589.0,551470870.0,0.5554668552182562,0,180945.0,550556850.0
India,1997,66495.1,180981.0,550101000.0,0.5523984648373448,0,180589.0,551470870.0
India,1998,66860.4,180874.0,548138016.0,0.5493637877076463,0,180981.0,550101000.0
India,1999,67225.7,181021.0,547000000.0,0.5463622712397864,0,180874.0,548138016.0
India,2000,67591.0,180975.0,543529000.0,0.5433933748551611,0,181021.0,547000000.0
India,2001,67781.5,180487.0,543117000.0,0.2818422571052359,0,180975.0,543529000.0
India,2002,67972.0,180560.0,540630000.0,0.2810501390497322,0,180487.0,543117000.0
India,2003,68162.5,180249.0,539059984.0,0.2802624610133586,0,180560.0,540630000.0
India,2004,68353.0,180375.0,550235000.0,0.27947918576929354,0,180249.0,539059984.0
India,2005,68543.5,180126.0,561945984.0,0.27870027650578333,0,180375.0,550235000.0
India,2006,68734.0,179906.0,573041016.0,0.27792569682025814,0,180126.0,561945984.0
India,2007,68924.5,179620.0,590041016.0,0.2771554107137586,0,179906.0,573041016.0
India,2008,69115.0,179757.0,591235984.0,0.2763893825852959,0,179620.0,590041016.0
India,2009,69305.5,180068.0,591984016.0,0.2756275772263672,0,179757.0,591235984.0
India,2010,69496.0,179573.0,593402984.0,0.2748699598156046,0,180068.0,591984016.0
India,2011,69762.4,179670.0,594660016.0,0.3833314147576816,0,179573.0,593402984.0
India,2012,70028.8,179642.0,594828910.0,0.381867596298302,0,179670.0,594660016.0
India,2013,70295.2,179698.0,594386127.65,0.38041491500639957,0,179642.0,594828910.0
India,2014,70561.6,179728.0,596372610.0,0.37897324426134915,0,179698.0,594386127.65
India,2015,70828.0,179675.0,607277724.0,0.3775424593546628,0,179728.0,596372610.0
India,2016,71124.2,179578.0,615897046.0,0.41819619359575455,0,179675.0,607277724.0
India,2017,71420.4,179236.0,625742811.0,0.4164545963258659,0,179578.0,615897046.0
India,2018,71716.6,179116.0,636636005.0,0.4147274448196958,0,179236.0,625742811.0
India,2019,72012.8,179045.0,647818849.0799999,0.4130145600878876,0,179116.0,636636005.0
India,2020,72309.0,178528.0,665445275.52,0.41131576608601783,0,179045.0,647818849.0799999
India,2021,72395.0,178542.3333,673658010.0,0.11893401927838276,0,178528.0,665445275.52
India,2022,72481.0,178556.6667,680273503.0,0.11879273430486226,0,178542.3333,673658010.0
India,2023,72567.0,178571.0,691707764.0,0.11865178460561676,0,178556.6667,680273503.0
Indonesia,1991,113896.91,41524.0,30758382.6,-2.0953285568769298,2,45083.0,30180149.6
Indonesia,1992,111459.32,41356.0,32613525.0,-2.14017219606748,2,41524.0,30758382.6
Indonesia,1993,109021.73,42016.0,32625745.06,-2.1869772756553774,2,41356.0,32613525.0
Indonesia,1994,106584.14,41971.0,33239628.76,-2.2358753617283456,2,42016.0,32625745.06
Indonesia,1995,104146.55,42978.0,33741978.2,-2.2870100560927753,2,41971.0,33239628.76
Indonesia,1996,101708.96,42968.0,35106619.46,-2.3405384047767264,2,42978.0,33741978.2
Indonesia,1997,99271.37,42968.0,34788095.78,-2.39663250907296,2,42968.0,35106619.46
Indonesia,1998,96833.78,43118.0,34403278.22,-2.455481373934898,2,42968.0,34788095.78
Indonesia,1999,94396.19,44118.0,32798702.9,-2.5172930355501943,2,43118.0,34403278.22
Indonesia,2000,91958.6,44618.0,32492928.0,-2.5822970185555127,2,44118.0,32798702.9
Indonesia,2001,92393.26,45441.0,33008334.28,0.47266922288942137,0,44618.0,32492928.0
Indonesia,2002,92827.92,46041.0,33046892.4,0.4704455714626743,0,45441.0,33008334.28
Indonesia,2003,93262.58,46541.0,32030622.48,0.4682427442088688,0,46041.0,33046892.4
Indonesia,2004,93697.24,46632.6306,31893255.02,0.4660604499682641,0,46541.0,32030622.48
Indonesia,2005,94131.9,46824.2612,31569125.76,0.4638984029838866,0,46632.6306,31893255.02
Indonesia,2006,94566.56,47915.8918,32345926.78,0.46175632277687395,0,46824.2612,31569125.76
Indonesia,2007,95001.22,48907.5224,32498452.24,0.4596339340248834,0,47915.8918,32345926.78
Indonesia,2008,95435.88,49199.153,34974235.16,0.4575309664444305,0,48907.5224,32498452.24
Indonesia,2009,95870.54,49890.7836,36541970.28,0.45544715467598085,0,49199.153,34974235.16
Indonesia,2010,96305.2,49882.4142,38829654.18,0.4533822381724395,0,49890.7836,36541970.28
Indonesia,2011,96049.74,50874.0448,41706753.9,-0.265260858188332,2,49882.4142,38829654.18
Indonesia,2012,95794.28,50865.6754,44547118.92,-0.26596636284492714,2,50874.0448,41706753.9
Indonesia,2013,95538.82,51357.306,37963666.58,-0.2666756303194684,2,50865.6754,44547118.92
Indonesia,2014,95283.36,51648.9366,42733361.96,-0.26738869079606653,2,51357.306,37963666.58
Indonesia,2015,95027.9,51840.5672,42891575.36,-0.268105574782429,2,51648.9366,42733361.96
Indonesia,2016,95134.7,52332.1978,44083270.4,0.11238804603701524,0,51840.5672,42891575.36
Indonesia,2017,95241.5,52119.7284,44954073.16,0.11226187710688951,0,52332.1978,44083270.4
Indonesia,2018,95348.3,53343.759,40521055.94,0.11213599113832906,0,52119.7284,44954073.16
Indonesia,2019,95455.1,53979.2896,41740269.260000005,0.11201038718047229,0,53343.759,40521055.94
Indonesia,2020,95561.9,54382.3202,44746553.38,0.11188506428676526,0,53979.2896,41740269.260000005
Indonesia,2021,95643.38,54800.5508,46366472.98,0.0852641063017856,1,54382.3202,44746553.38
Indonesia,2022,95724.86,54898.0814,47148543.82,0.08519146855745507,1,54800.5508,46366472.98
Indonesia,2023,95806.34,55122.203,47010945.9,0.0851189544701203,1,54898.0814,47148543.82
Iran (Islamic Republic of),1991,10751.0,62997.0,27201061.0,0.0,1,61500.0,29106325.0
Iran (Islamic Republic of),1992,10751.0,63787.0,29791829.0,0.0,1,62997.0,27201061.0
Iran (Islamic Republic of),1993,10751.0,64152.0,30220492.0,0.0,1,63787.0,29791829.0
Iran (Islamic Republic of),1994,10751.0,64157.0,31281692.0,0.0,1,64152.0,30220492.0
Iran (Islamic Republic of),1995,10751.0,64208.0,32055535.0,0.0,1,64157.0,31281692.0
Iran (Islamic Republic of),1996,10751.0,64427.0,34689702.09,0.0,1,64208.0,32055535.0
Iran (Islamic Republic of),1997,10751.0,63832.0,35453800.11,0.0,1,64427.0,34689702.09
Iran (Islamic Republic of),1998,10751.0,64787.0,36334199.1,0.0,1,63832.0,35453800.11
Iran (Islamic Republic of),1999,10751.0,63687.0,34019943.53,0.0,1,64787.0,36334199.1
Iran (Islamic Republic of),2000,10751.0,62884.0,33102689.0,0.0,1,63687.0,34019943.53
Iran (Islamic Republic of),2001,10751.0,63823.0,33371700.0,0.0,1,62884.0,33102689.0
Iran (Islamic Republic of),2002,10751.0,64044.0,31674427.29,0.0,1,63823.0,33371700.0
Iran (Islamic Republic of),2003,10751.0,64265.0,33149060.84,0.0,1,64044.0,31674427.29
Iran (Islamic Republic of),2004,10751.0,64486.0,34551859.6,0.0,1,64265.0,33149060.84
Iran (Islamic Republic of),2005,10751.0,47631.0,35601856.0,0.0,1,64486.0,34551859.6
Iran (Islamic Republic of),2006,10751.0,47852.0,36844476.6,0.0,1,47631.0,35601856.0
Iran (Islamic Republic of),2007,10751.0,48073.0,38031181.6,0.0,1,47852.0,36844476.6
Iran (Islamic Republic of),2008,10751.0,46685.0,29829117.3,0.0,1,48073.0,38031181.6
Iran (Islamic Republic of),2009,10751.0,46686.2,30246190.71,0.0,1,46685.0,29829117.3
Iran (Islamic Republic of),2010,10751.0,46539.4,30185192.45,0.0,1,46686.2,30246190.71
Iran (Islamic Republic of),2011,10751.0,46392.6,30671745.96,0.0,1,46539.4,30185192.45
Iran (Islamic Republic of),2012,10751.0,46245.8,31246284.4,0.0,1,46392.6,30671745.96
Iran (Islamic Republic of),2013,10751.0,45954.0,30416817.0,0.0,1,46245.8,31246284.4
Iran (Islamic Republic of),2014,10751.0,45954.0,23793572.0,0.0,1,45954.0,30416817.0
Iran (Islamic Republic of),2015,10751.0,45954.0,21516550.69,0.0,1,45954.0,23793572.0
Iran (Islamic Republic of),2016,10751.0,45954.0,23909099.2,0.0,1,45954.0,21516550.69
Iran (Islamic Republic of),2017,10751.0,46435.0,23370047.12,0.0,1,45954.0,23909099.2
Iran (Islamic Republic of),2018,10751.0,46915.0,23722828.09,0.0,1,46435.0,23370047.12
Iran (Islamic Republic of),2019,10751.0,46988.0,23331880.45,0.0,1,46915.0,23722828.09
Iran (Islamic Republic of),2020,10751.0,47028.0,25391506.62,0.0,1,46988.0,23331880.45
Iran (Islamic Republic of),2021,10751.0,47067.0,28596250.83,0.0,1,47028.0,25391506.62
Iran (Islamic Republic of),2022,10751.0,47067.0,27091608.39,0.0,1,47067.0,28596250.83
Iran (Islamic Republic of),2023,10751.0,47067.0,25796602.29,0.0,1,47067.0,27091608.39
Iraq,1991,804.912,9628.1,3637464.59,0.17573117610454325,0,9237.8,5481672.8
Iraq,1992,806.324,9542.0,4303318.0,0.17542290337326794,0,9628.1,3637464.59
Iraq,1993,807.736,9872.7,5082162.0,0.17511571031001427,0,9542.0,4303318.0
Iraq,1994,809.148,9323.5,4789156.01,0.17480959125260043,0,9872.7,5082162.0
Iraq,1995,810.56,9065.3,4166076.84,0.17450454057847953,0,9323.5,4789156.01
Iraq,1996,811.972,9070.3,3979436.12,0.17420055270431778,0,9065.3,4166076.84
Iraq,1997,813.384,8647.5,4721050.0,0.17389762208550597,0,9070.3,3979436.12
Iraq,1998,814.796,8638.9,4854832.0,0.17359574321600402,0,8647.5,4721050.0
Iraq,1999,816.208,8480.1,4929010.2,0.17329491062791913,0,8638.9,4854832.0
Iraq,2000,817.62,8495.2,5055723.0,0.1729951188912615,0,8480.1,4929010.2
Iraq,2001,816.288,8486.1,5575999.8,-0.1629118661480855,2,8495.2,5055723.0
Iraq,2002,814.956,8684.1,5427841.0,-0.163177701987538,2,8486.1,5575999.8
Iraq,2003,813.624,8684.9,4251729.44,-0.1634444068146057,2,8684.1,5427841.0
Iraq,2004,812.292,8629.5,4671723.2,-0.16371198489719685,2,8684.9,4251729.44
Iraq,2005,810.96,8775.4,4965277.6,-0.16398044053124172,2,8629.5,4671723.2
Iraq,2006,809.628,8978.4,4008684.2,-0.16424977804083696,2,8775.4,4965277.6
Iraq,2007,808.296,9133.7,3758514.6,-0.16452000177858972,2,8978.4,4008684.2
Iraq,2008,806.964,8201.2,4765512.0,-0.16479111612577313,2,9133.7,3758514.6
Iraq,2009,805.632,7845.8,6870010.99,-0.16506312549260382,2,8201.2,4765512.0
Iraq,2010,804.3,8218.7,7100778.21,-0.16533603431839738,2,7845.8,6870010.99
Iraq,2011,795.162,8526.3,7280830.2,-1.1361432301379981,2,8218.7,7100778.21
Iraq,2012,786.024,8568.1,7325707.0,-1.149199785704047,2,8526.3,7280830.2
Iraq,2013,776.886,8885.35,7339549.4,-1.1625599218344496,2,8568.1,7325707.0
Iraq,2014,767.748,9334.2,7498908.939999999,-1.1762343509858497,2,8885.35,7339549.4
Iraq,2015,758.61,9274.8,4971890.67,-1.1902342956282563,2,9334.2,7498908.939999999
Iraq,2016,752.002,9322.7,5138358.79,-0.8710668195779148,2,9274.8,4971890.67
Iraq,2017,745.394,9338.8,5259498.1,-0.8787210672311918,2,9322.7,5138358.79
Iraq,2018,738.786,9379.0,5338139.359999999,-0.8865110263833742,2,9338.8,5259498.1
Iraq,2019,732.178,9450.8,5467199.08,-0.8944403386095479,2,9379.0,5338139.359999999
Iraq,2020,725.57,9453.4,5582512.03,-0.9025127769476726,2,9450.8,5467199.08
Iraq,2021,718.966,9483.1,5700854.4,-0.9101809611753553,2,9453.4,5582512.03
Iraq,2022,712.362,9454.7,5821032.57,-0.9185413496604955,2,9483.1,5700854.4
Iraq,2023,705.758,9477.4,5944361.9,-0.9270567492370319,2,9454.7,5821032.57
Ireland,1991,478.512,4444.8,26413209.99,3.6547959448921308,0,4537.4,25684272.15
Ireland,1992,495.384,4416.2,26544301.0,3.5259303841910006,0,4444.8,26413209.99
Ireland,1993,512.256,4407.3,26100204.99,3.4058427401773006,0,4416.2,26544301.0
Ireland,1994,529.128,4393.6,25461442.01,3.2936656671664233,0,4407.3,26100204.99
Ireland,1995,546.0,4388.7,25973403.0,3.18864244568422,0,4393.6,25461442.01
Ireland,1996,562.872,4341.8,26745466.0,3.0901098901098933,0,4388.7,25973403.0
Ireland,1997,579.744,4355.64,27763641.0,2.997484330362865,0,4341.8,26745466.0
Ireland,1998,596.616,4369.48,28547088.99,2.9102500413975774,0,4355.64,27763641.0
Ireland,1999,613.488,4383.32,29624332.0,2.827949635946747,0,4369.48,28547088.99
Ireland,2000,630.36,4396.16,28734009.0,2.7501760425631794,0,4383.32,29624332.0
Ireland,2001,639.362,4410.0,29018196.0,1.4280728472618742,0,4396.16,28734009.0
Ireland,2002,648.364,4373.0,28372603.0,1.407966066172217,0,4410.0,29018196.0
Ireland,2003,657.366,4370.0,28685821.0,1.3884176172643592,0,4373.0,28372603.0
Ireland,2004,666.368,4305.0,28475198.99,1.369404563059251,0,4370.0,28685821.0
Ireland,2005,675.37,4302.0,27577530.0,1.3509052055320714,0,4305.0,28475198.99
Ireland,2006,684.372,4260.0,28084748.0,1.3328990035091914,0,4302.0,27577530.0
Ireland,2007,693.374,4276.0,27965178.0,1.3153664965837475,0,4260.0,28084748.0
Ireland,2008,702.376,4629.0,27374862.0,1.2982892349583164,0,4276.0,27965178.0
Ireland,2009,711.378,4593.92,27202896.0,1.2816497146827421,0,4629.0,27374862.0
Ireland,2010,720.38,4568.0,27232511.0,1.2654313178085186,0,4593.92,27202896.0
Ireland,2011,727.238,4555.0,26948098.0,0.9519975568450079,0,4568.0,27232511.0
Ireland,2012,734.096,4533.0,26641094.0,0.9430200292063873,0,4555.0,26948098.0
Ireland,2013,740.954,4477.0,27605956.0,0.9342102395327068,0,4533.0,26641094.0
Ireland,2014,747.812,4466.0,28675788.0,0.9255635302596543,0,4477.0,27605956.0
Ireland,2015,754.67,4430.0,29229394.0,0.9170754146764049,0,4466.0,28675788.0
Ireland,2016,762.4,4461.0,30463207.0,1.0242887619754448,0,4430.0,29229394.0
Ireland,2017,770.13,4489.0,31877526.0,1.0139034627492105,0,4461.0,30463207.0
Ireland,2018,777.86,4516.0,30594358.0,1.0037266435536818,0,4489.0,31877526.0
Ireland,2019,785.59,4524.0,30820105.0,0.9937520890648699,0,4516.0,30594358.0
Ireland,2020,793.32,4512.0,31237677.0,0.9839738285874366,0,4524.0,30820105.0
Ireland,2021,801.226,4337.0,31607282.0,0.9965713709473967,0,4512.0,31237677.0
Ireland,2022,809.132,4348.0,31990555.0,0.9867378242842673,0,4337.0,31607282.0
Ireland,2023,817.038,4189.0,31375291.0,0.9770964440907193,0,4348.0,31990555.0
Israel,1991,134.1,578.0,2242392.91,1.5909090909090873,0,579.0,2233349.64
Israel,1992,136.2,577.0,2295842.56,1.5659955257270708,0,578.0,2242392.91
Israel,1993,138.3,577.0,2381531.44,1.5418502202643403,0,577.0,2295842.56
Israel,1994,140.4,579.0,2532331.93,1.5184381778741818,0,577.0,2381531.44
Israel,1995,142.5,573.0,2605026.76,1.4957264957264904,0,579.0,2532331.93
Israel,1996,144.6,564.0,2635523.94,1.473684210526316,0,573.0,2605026.76
Israel,1997,146.7,563.0,2628865.98,1.4522821576763434,0,564.0,2635523.94
Israel,1998,148.8,562.0,2652162.07,1.4314928425358087,0,563.0,2628865.98
Israel,1999,150.9,559.0,2697409.36,1.4112903225806495,0,562.0,2652162.07
Israel,2000,153.0,566.0,2911129.87,1.3916500994035852,0,559.0,2697409.36
Israel,2001,153.1,561.0,2920556.64,0.06535947712418277,1,566.0,2911129.87
Israel,2002,153.2,563.0,3041126.87,0.06531678641410466,1,561.0,2920556.64
Israel,2003,153.3,551.0,3172443.59,0.06527415143604554,1,563.0,3041126.87
Israel,2004,153.4,513.5,3078972.66,0.0652315720808927,1,551.0,3172443.59
Israel,2005,153.5,514.5,3192775.13,0.06518904823988869,1,513.5,3078972.66
Israel,2006,153.6,508.8,3493015.33,0.06514657980456473,1,514.5,3192775.13
Israel,2007,153.7,518.1,3477460.41,0.06510416666667407,1,508.8,3493015.33
Israel,2008,153.8,515.6,3778385.46,0.06506180871830303,1,518.1,3477460.41
Israel,2009,153.9,522.6,3521707.62,0.06501950585175997,1,515.6,3778385.46
Israel,2010,154.0,504.5,3687130.36,0.06497725795970855,1,522.6,3521707.62
Israel,2011,156.2,517.0,3864693.58,1.4285714285714235,0,504.5,3687130.36
Israel,2012,158.4,526.2,3880111.89,1.4084507042253724,0,517.0,3864693.58
Israel,2013,160.6,520.3,4164215.18,1.388888888888884,0,526.2,3880111.89
Israel,2014,162.8,537.7,4236960.58,1.3698630136986356,0,520.3,4164215.18
Israel,2015,165.0,533.9,4342463.24,1.3513513513513375,0,537.7,4236960.58
Israel,2016,160.0,552.0,4451348.44,-3.0303030303030276,2,533.9,4342463.24
Israel,2017,155.0,644.0,4509358.34,-3.125,2,552.0,4451348.44
Israel,2018,150.0,641.3,4777280.75,-3.2258064516129004,2,644.0,4509358.34
Israel,2019,145.0,638.4,4802368.51,-3.3333333333333326,2,641.3,4777280.75
Israel,2020,140.0,541.8,4694450.62,-3.4482758620689613,2,638.4,4802368.51
Israel,2021,142.0,539.0,4894723.98,1.4285714285714235,0,541.8,4694450.62
Israel,2022,144.0,534.6,5073650.890000001,1.4084507042253502,0,539.0,4894723.98
Israel,2023,146.0,536.7,5070564.49,1.388888888888884,0,534.6,5073650.890000001
Italy,1991,7667.7,16054.0,51393340.61,1.0270430514839113,0,16840.0,52645280.47
Italy,1992,7745.65,15978.0,51313168.120000005,1.0166021101503775,0,16054.0,51393340.61
Italy,1993,7823.6,15910.0,49206420.58,1.0063713180946898,0,15978.0,51313168.120000005
Italy,1994,7901.55,15702.0,48461636.75,0.9963443938851624,0,15910.0,49206420.58
Italy,1995,7979.5,15333.0,48261270.28,0.9865153039593455,0,15702.0,48461636.75
Italy,1996,8057.45,15349.0,48333138.75,0.9768782505169549,0,15333.0,48261270.28
Italy,1997,8135.4,15345.0,48252528.74,0.9674276601157938,0,15349.0,48333138.75
Italy,1998,8213.35,15484.0,47434595.79,0.9581581729232846,0,15345.0,48252528.74
Italy,1999,8291.3,15799.0,47895074.27,0.9490646325798657,0,15484.0,47434595.79
Italy,2000,8369.25,15637.0,48091329.24,0.9401420766345536,0,15799.0,47895074.27
Italy,2001,8435.129,15502.0,44187672.48,0.7871553603967074,0,15637.0,48091329.24
Italy,2002,8501.008,15273.0,45802211.09,0.7810076170737812,0,15502.0,44187672.48
Italy,2003,8566.887,14907.0,44667932.24,0.7749551582588943,0,15273.0,45802211.09
Italy,2004,8632.766,14883.0,44099989.77,0.7689957857504037,0,14907.0,44667932.24
Italy,2005,8698.645,14736.0,43365560.55,0.7631273684471473,0,14883.0,44099989.77
Italy,2006,8764.524,14203.0,43120714.14,0.757347839807232,0,14736.0,43365560.55
Italy,2007,8830.403,14162.0,42150305.68,0.7516551954219075,0,14203.0,43120714.14
Italy,2008,8896.282,14457.2,42617972.81,0.7460474906977543,0,14162.0,42150305.68
Italy,2009,8962.161,13982.4,41657491.36,0.7405228386420326,0,14457.2,42617972.81
Italy,2010,9028.04,14327.8,41614812.09,0.7350794077455314,0,13982.4,41657491.36
Italy,2011,9003.832,13852.6,39739356.02,-0.2681423653417614,2,14327.8,41614812.09
Italy,2012,8979.624,13729.0,39829924.75,-0.26886330175863726,2,13852.6,39739356.02
Italy,2013,8955.416,13630.0,37444118.45,-0.2695881252934518,2,13729.0,39829924.75
Italy,2014,8931.208,13162.0,35676741.15,-0.27031686746878947,2,13630.0,37444118.45
Italy,2015,8907.0,12945.0,36409354.87,-0.27104956014909476,2,13162.0,35676741.15
Italy,2016,8997.502,12812.0,36836765.82,1.016077242618163,0,12945.0,36409354.87
Italy,2017,9088.004,12826.57,36645824.51,1.0058569589648458,0,12812.0,36836765.82
Italy,2018,9178.506,12405.0,39184612.0,0.9958402307041148,0,12826.57,36645824.51
Italy,2019,9269.008,13120.962,39225376.0,0.9860210365390643,0,12405.0,39184612.0
Italy,2020,9359.51,12518.37,39300772.0,0.9763935903388976,0,13120.962,39225376.0
Italy,2021,9372.0,12403.0309,39863110.0,0.13344715695586817,0,12518.37,39300772.0
Italy,2022,9384.49,13000.782,39498987.0,0.13326931284678434,0,12403.0309,39863110.0
Italy,2023,9396.98,13087.557,38065664.0,0.13309194213004805,0,13000.782,39498987.0
Jamaica,1991,521.253,476.0,1208754.58,-0.005179558011036978,1,476.0,1156484.02
Jamaica,1992,521.226,476.0,1311952.75,-0.005179826303169932,1,476.0,1208754.58
Jamaica,1993,521.199,503.0,1329492.02,-0.005180094623069564,1,476.0,1311952.75
Jamaica,1994,521.172,500.0,1243920.52,-0.005180362970746977,1,503.0,1329492.02
Jamaica,1995,521.145,497.0,1263625.64,-0.005180631346279885,1,500.0,1243920.52
Jamaica,1996,521.118,494.0,1190117.62,-0.005180899749579471,1,497.0,1263625.64
Jamaica,1997,521.091,489.0,1131896.39,-0.00518116818072345,1,494.0,1190117.62
Jamaica,1998,521.064,484.0,1121229.48,-0.005181436639678516,1,489.0,1131896.39
Jamaica,1999,521.037,482.0,1122174.29,-0.0051817051264224645,1,484.0,1121229.48
Jamaica,2000,521.01,479.0,1112807.37,-0.005181973641033011,1,482.0,1122174.29
Jamaica,2001,524.754,479.0,1106240.3,0.7186042494385925,0,479.0,1112807.37
Jamaica,2002,528.498,474.0,1116310.76,0.7134771721606814,0,479.0,1106240.3
Jamaica,2003,532.242,474.0,1183342.76,0.7084227376451535,0,474.0,1116310.76
Jamaica,2004,535.986,472.0,1025426.83,0.7034394128986543,0,474.0,1183342.76
Jamaica,2005,539.73,467.0,962356.14,0.698525707761033,0,472.0,1025426.83
Jamaica,2006,543.474,467.0,569631.0800000001,0.6936801734200415,0,467.0,962356.14
Jamaica,2007,547.218,464.0,500127.71,0.6889014009869632,0,467.0,569631.0800000001
Jamaica,2008,550.962,449.0,473817.04,0.6841880201309269,0,464.0,500127.71
Jamaica,2009,554.706,446.0,451859.88,0.6795386977686446,0,449.0,473817.04
Jamaica,2010,558.45,421.3,454443.06,0.6749521368076161,0,446.0,451859.88
Jamaica,2011,562.25,420.5,456704.18,0.680454830333943,0,421.3,454443.06
Jamaica,2012,566.05,419.8,462832.96,0.6758559359715255,0,420.5,456704.18
Jamaica,2013,569.85,418.8,461516.37,0.671318788092945,0,419.8,462832.96
Jamaica,2014,573.65,417.9,459582.54,0.6668421514433476,0,418.8,461516.37
Jamaica,2015,577.45,417.0,460438.8,0.662424823498653,0,417.9,459582.54
Jamaica,2016,581.336,417.0,461974.68,0.6729586977227475,0,417.0,460438.8
Jamaica,2017,585.222,417.0,447662.95,0.6684602364209313,0,417.0,461974.68
Jamaica,2018,589.108,417.0,448476.3,0.6640215166210384,0,417.0,447662.95
Jamaica,2019,592.994,417.0,451634.43,0.6596413560841174,0,417.0,448476.3
Jamaica,2020,596.88,417.0,455572.06,0.6553186035609171,0,417.0,451634.43
Jamaica,2021,600.766,417.0,461513.67,0.6510521377831369,0,417.0,455572.06
Jamaica,2022,604.652,417.0,445511.16,0.6468408664937808,0,417.0,461513.67
Jamaica,2023,608.538,417.0,447118.43,0.6426837255148365,0,417.0,445511.16
Japan,1991,24942.6,5784.0,25964533.99,-0.029659318637276222,1,5832.0,25400361.38
Japan,1992,24935.2,5736.0,26692315.99,-0.029668117998915555,1,5784.0,25964533.99
Japan,1993,24927.8,5686.0,26910853.31,-0.029676922583343757,1,5736.0,26692315.99
Japan,1994,24920.4,5625.0,26682809.42,-0.029685732395146047,1,5686.0,26910853.31
Japan,1995,24913.0,5562.0,26361941.79,-0.029694547439051977,1,5625.0,26682809.42
Japan,1996,24905.6,5500.0,25928290.87,-0.02970336771966897,1,5562.0,26361941.79
Japan,1997,24898.2,5437.0,25506198.75,-0.02971219324167107,1,5500.0,25928290.87
Japan,1998,24890.8,5376.0,25265349.51,-0.02972102400977672,1,5437.0,25506198.75
Japan,1999,24883.4,5321.0,25124917.12,-0.029729860028593347,1,5376.0,25265349.51
Japan,2000,24876.0,5258.0,24740081.130000003,-0.029738701302883808,1,5321.0,25124917.12
Japan,2001,24885.0,5213.0,23658965.28,0.03617945007234891,1,5258.0,24740081.130000003
Japan,2002,24894.0,5175.0,24386599.54,0.03616636528029904,1,5213.0,23658965.28
Japan,2003,24903.0,5140.0,24257776.28,0.03615328994939215,1,5175.0,24386599.54
Japan,2004,24912.0,5110.0,24148045.28,0.03614022406939199,1,5140.0,24257776.28
Japan,2005,24921.0,5080.0,23787966.51,0.036127167630062296,1,5110.0,24148045.28
Japan,2006,24930.0,5053.4,23566269.08,0.03611412062116681,1,5080.0,23787966.51
Japan,2007,24939.0,5026.8,23383907.35,0.03610108303249149,1,5053.4,23566269.08
Japan,2008,24948.0,4999.2,23533385.63,0.036088054853844476,1,5026.8,23383907.35
Japan,2009,24957.0,4974.6,23398776.14,0.03607503607503393,1,4999.2,23533385.63
Japan,2010,24966.0,4953.0,23049722.85,0.0360620266858902,1,4974.6,23398776.14
Japan,2011,24961.6,4919.0,22285339.06,-0.01762396859730231,1,4953.0,23049722.85
Japan,2012,24957.2,4905.0,22393507.0,-0.017627075187476304,1,4919.0,22285339.06
Japan,2013,24952.8,4892.0,21966160.93,-0.017630182873085154,1,4905.0,22393507.0
Japan,2014,24948.4,4870.0,21434933.39,-0.01763329165463956,1,4892.0,21966160.93
Japan,2015,24944.0,4846.0,21026855.02,-0.01763640153277235,1,4870.0,21434933.39
Japan,2016,24939.0,4813.0,20725520.39,-0.020044900577298463,1,4846.0,21026855.02
Japan,2017,24934.0,4778.0,20567072.4,-0.02004891936324693,1,4813.0,20725520.39
Japan,2018,24929.0,4746.0,20667478.79,-0.020052939760972777,1,4778.0,20567072.4
Japan,2019,24924.0,4715.0,20624734.25,-0.020056961771430792,1,4746.0,20667478.79
Japan,2020,24919.0,4682.0,20959798.64,-0.020060985395597974,1,4715.0,20624734.25
Japan,2021,24916.8,4659.0,21233849.69,-0.008828604679167462,1,4682.0,20959798.64
Japan,2022,24914.6,4635.0,21458644.99,-0.00882938419058954,1,4659.0,21233849.69
Japan,2023,24912.4,4607.0,21334904.39,-0.00883016383966817,1,4635.0,21458644.99
Jordan,1991,70.7,1010.4,364732.2,0.0,1,1040.2,261737.94
Jordan,1992,70.7,1120.7,372260.87,0.0,1,1010.4,364732.2
Jordan,1993,70.7,1090.0,350004.98,0.0,1,1120.7,372260.87
Jordan,1994,70.7,1072.0,389012.67,0.0,1,1090.0,350004.98
Jordan,1995,70.7,1114.0,350675.47,0.0,1,1072.0,389012.67
Jordan,1996,70.7,1051.0,330913.24,0.0,1,1114.0,350675.47
Jordan,1997,70.7,1061.0,365662.42,0.0,1,1051.0,330913.24
Jordan,1998,70.7,1066.0,375242.51,0.0,1,1061.0,365662.42
Jordan,1999,70.7,1067.0,421012.89,0.0,1,1066.0,375242.51
Jordan,2000,70.7,1069.0,455745.46,0.0,1,1067.0,421012.89
Jordan,2001,70.7,1022.0,590818.53,0.0,1,1069.0,455745.46
Jordan,2002,70.7,1025.0,560317.39,0.0,1,1022.0,590818.53
Jordan,2003,70.7,1005.0,561636.06,0.0,1,1025.0,560317.39
Jordan,2004,70.7,1037.0,735303.77,0.0,1,1005.0,561636.06
Jordan,2005,70.7,1013.0,541846.64,0.0,1,1037.0,735303.77
Jordan,2006,70.7,1018.0,672896.8,0.0,1,1013.0,541846.64
Jordan,2007,70.7,963.3,725996.0,0.0,1,1018.0,672896.8
Jordan,2008,70.7,972.5,926605.02,0.0,1,963.3,725996.0
Jordan,2009,70.7,1025.0,695467.03,0.0,1,972.5,926605.02
Jordan,2010,70.7,1002.3,647291.28,0.0,1,1025.0,695467.03
Jordan,2011,70.7,1002.6,792640.6699999999,0.0,1,1002.3,647291.28
Jordan,2012,70.7,1044.9,835026.63,0.0,1,1002.6,792640.6699999999
Jordan,2013,70.7,1056.6,842899.8,0.0,1,1044.9,835026.63
Jordan,2014,70.7,1064.0,846829.28,0.0,1,1056.6,842899.8
Jordan,2015,70.7,1056.3,974636.07,0.0,1,1064.0,846829.28
Jordan,2016,70.7,1065.96,1002395.87,0.0,1,1056.3,974636.07
Jordan,2017,70.7,1007.0,993121.94,0.0,1,1065.96,1002395.87
Jordan,2018,70.7,1021.8,1021235.82,0.0,1,1007.0,993121.94
Jordan,2019,70.7,1036.5,1270552.0,0.0,1,1021.8,1021235.82
Jordan,2020,70.7,1029.0,1287878.64,0.0,1,1036.5,1270552.0
Jordan,2021,70.7,1023.0,1251439.33,0.0,1,1029.0,1287878.64
Jordan,2022,70.7,1043.0,1483293.05,0.0,1,1023.0,1251439.33
Jordan,2023,70.7,1024.0,1117674.14,0.0,1,1043.0,1483293.05
Kazakhstan,1993,3160.647,221747.0,42636607.02,-0.016797535602230962,1,221463.0,41112736.14
Kazakhstan,1994,3160.116,221651.0,43676586.1,-0.01680035764829446,1,221747.0,42636607.02
Kazakhstan,1995,3159.585,217186.5,38003430.05,-0.016803180642732674,1,221651.0,43676586.1
Kazakhstan,1996,3159.054,215473.6,32451982.87,-0.016806004586045198,1,217186.5,38003430.05
Kazakhstan,1997,3158.523,215691.8,27387491.88,-0.01680882947869833,1,215473.6,32451982.87
Kazakhstan,1998,3157.992,215329.8,23551541.74,-0.01681165532116946,1,215691.8,27387491.88
Kazakhstan,1999,3157.461,215075.3,21664424.81,-0.016814482113958196,1,215329.8,23551541.74
Kazakhstan,2000,3156.93,215393.3,21298277.32,-0.016817309857508622,1,215075.3,21664424.81
Kazakhstan,2001,3149.455,214485.6,21704166.77,-0.23678066982796286,2,215393.3,21298277.32
Kazakhstan,2002,3141.98,213468.9,22636895.42,-0.23734265134761623,2,214485.6,21704166.77
Kazakhstan,2003,3134.505,213001.4,23730784.42,-0.23790730685745443,2,213468.9,22636895.42
Kazakhstan,2004,3127.03,212670.5,25266124.68,-0.23847465548786362,2,213001.4,23730784.42
Kazakhstan,2005,3119.555,212286.0,26566571.53,-0.2390447165521392,2,212670.5,25266124.68
Kazakhstan,2006,3112.08,211876.5,27812447.58,-0.2396175095486397,2,212286.0,26566571.53
Kazakhstan,2007,3104.605,211435.6,28854535.02,-0.2401930541631292,2,211876.5,27812447.58
Kazakhstan,2008,3097.13,210851.4,29815860.14,-0.24077137027093132,2,211435.6,28854535.02
Kazakhstan,2009,3089.655,210783.3,30299167.96,-0.24135247793924952,2,210851.4,29815860.14
Kazakhstan,2010,3082.18,217161.8,30835350.32,-0.24193639742949857,2,210783.3,30299167.96
Kazakhstan,2011,3127.436,216988.5,30416885.9,1.4683113899902178,0,217161.8,30835350.32
Kazakhstan,2012,3172.692,217012.1,28032837.06,1.4470639846826616,0,216988.5,30416885.9
Kazakhstan,2013,3217.948,216994.1,28162995.12,1.4264227350149206,0,217012.1,28032837.06
Kazakhstan,2014,3263.204,216799.4,28994368.61,1.4063620667580823,0,216994.1,28162995.12
Kazakhstan,2015,3308.46,216259.7,29958202.03,1.386857824395893,0,216799.4,28994368.61
Kazakhstan,2016,3336.97,216242.1,30896659.07,0.8617302309835928,0,216259.7,29958202.03
Kazakhstan,2017,3365.48,216213.7,32242239.45,0.8543678846378633,0,216242.1,30896659.07
Kazakhstan,2018,3393.99,216036.1,33874551.03,0.8471302756218879,0,216213.7,32242239.45
Kazakhstan,2019,3422.5,213974.3,25666208.98,0.8400142605016647,0,216036.1,33874551.03
Kazakhstan,2020,3451.01,214149.2,26609308.99,0.8330168005843852,0,213974.3,25666208.98
Kazakhstan,2021,3464.91,214265.7,27498867.7,0.4027806352343122,0,214149.2,26609308.99
Kazakhstan,2022,3478.81,214265.7,26903615.29,0.4011648210198837,0,214265.7,27498867.7
Kazakhstan,2023,3492.71,214265.7,27555824.94,0.399561919162017,0,214265.7,26903615.29
Kenya,1991,3748.161,26862.5135,40404570.0,0.20213334759129342,0,26747.2626,42433553.0
Kenya,1992,3755.722,27065.7645,39834141.0,0.2017255928974171,0,26862.5135,40404570.0
Kenya,1993,3763.283,26842.0155,39649727.0,0.20131947998280886,0,27065.7645,39834141.0
Kenya,1994,3770.844,27242.2664,40224884.2,0.20091499895171783,0,26842.0155,39649727.0
Kenya,1995,3778.405,27236.5174,40294852.0,0.20051213998775186,0,27242.2664,40224884.2
Kenya,1996,3785.966,26477.7684,37631305.0,0.2001108933531448,0,27236.5174,40294852.0
Kenya,1997,3793.527,26629.0193,37747020.4,0.19971124938786833,0,26477.7684,37631305.0
Kenya,1998,3801.088,26501.2703,39976870.0,0.19931319850894358,0,26629.0193,37747020.4
Kenya,1999,3808.649,26927.5213,42998762.0,0.1989167312095752,0,26501.2703,39976870.0
Kenya,2000,3816.21,26730.7723,41639876.18,0.19852183805859624,0,26927.5213,42998762.0
Kenya,2001,3822.436,26839.0,37664002.24,0.1631461580992699,0,26730.7723,41639876.18
Kenya,2002,3828.662,26818.0,38629097.2,0.16288042494365662,0,26839.0,37664002.24
Kenya,2003,3834.888,26874.0,40488466.6,0.162615556034984,0,26818.0,38629097.2
Kenya,2004,3841.114,26992.0,41987514.6,0.16235154716384148,0,26874.0,40488466.6
Kenya,2005,3847.34,27002.0,41918452.6,0.16208839414815213,0,26992.0,41987514.6
Kenya,2006,3853.566,27054.0,42973687.0,0.16182609283295069,0,27002.0,41918452.6
Kenya,2007,3859.792,27066.3474,53274570.0,0.1615646390901393,0,27054.0,42973687.0
Kenya,2008,3866.018,27088.6948,53326160.0,0.16130402881813222,0,27066.3474,53274570.0
Kenya,2009,3872.244,27311.0421,53515234.0,0.16104425794190025,0,27088.6948,53326160.0
Kenya,2010,3878.47,27386.7788,52701392.0,0.16078532241252663,0,27311.0421,53515234.0
Kenya,2011,3779.552,27930.0273,54655286.0,-2.550438703921898,2,27386.7788,52701392.0
Kenya,2012,3680.634,28269.3798,57059459.8,-2.6171884921810884,2,27930.0273,54655286.0
Kenya,2013,3581.716,28339.1139,54882728.99,-2.68752611642451,2,28269.3798,57059459.8
Kenya,2014,3482.798,28313.0975,54591571.54,-2.761748837707967,2,28339.1139,54882728.99
Kenya,2015,3383.88,28304.6441,56474772.01,-2.8401876881748445,2,28313.0975,54591571.54
Kenya,2016,3425.396,28458.6194,61792267.69,1.226875657529236,0,28304.6441,56474772.01
Kenya,2017,3466.912,28134.5106,56337208.66,1.212005852753939,0,28458.6194,61792267.69
Kenya,2018,3508.428,28589.8261,59587892.22,1.1974921774766667,0,28134.5106,56337208.66
Kenya,2019,3549.944,28666.6749,63265241.17,1.1833219892213753,0,28589.8261,59587892.22
Kenya,2020,3591.46,28689.0222,70967803.78999999,1.169483236918678,0,28666.6749,63265241.17
Kenya,2021,3655.93,28696.101,63871906.51,1.7950916897306435,0,28689.0222,70967803.78999999
Kenya,2022,3720.4,28743.5283,58760414.82,1.7634363896464222,0,28696.101,63871906.51
Kenya,2023,3784.87,28768.6669,61428603.91,1.7328781851413844,0,28743.5283,58760414.82
Kuwait,1991,3.604,141.0,22161.55,4.463768115942024,0,141.0,112521.5
Kuwait,1992,3.758,141.0,28635.98,4.2730299667036675,0,141.0,22161.55
Kuwait,1993,3.912,142.0,53300.08,4.097924427887167,0,141.0,28635.98
Kuwait,1994,4.066,142.0,86072.98999999999,3.9366053169734183,0,142.0,53300.08
Kuwait,1995,4.22,142.0,94213.92,3.787506148548947,0,142.0,86072.98999999999
Kuwait,1996,4.374,143.0,99106.55,3.649289099526065,0,142.0,94213.92
Kuwait,1997,4.528,143.0,88630.5,3.520804755372664,0,143.0,99106.55
Kuwait,1998,4.682,143.0,85942.91,3.4010600706714023,0,143.0,88630.5
Kuwait,1999,4.836,144.0,91984.17,3.289192652712525,0,143.0,85942.91
Kuwait,2000,4.99,148.0,93406.32,3.1844499586435093,0,144.0,91984.17
Kuwait,2001,5.03,151.0,86530.34,0.8016032064128265,0,148.0,93406.32
Kuwait,2002,5.07,151.0,104983.98,0.7952286282306265,0,151.0,86530.34
Kuwait,2003,5.11,151.0,120308.95,0.7889546351084853,0,151.0,104983.98
Kuwait,2004,5.15,150.0,107357.89,0.7827788649706457,0,151.0,120308.95
Kuwait,2005,5.19,150.0,117869.93,0.7766990291262044,0,150.0,107357.89
Kuwait,2006,5.23,150.0,131982.75,0.7707129094412402,0,150.0,117869.93
Kuwait,2007,5.27,151.0,148557.06,0.7648183556405286,0,150.0,131982.75
Kuwait,2008,5.31,151.0,141392.28,0.7590132827324458,0,151.0,148557.06
Kuwait,2009,5.35,151.5,149786.21,0.7532956685499137,0,151.0,141392.28
Kuwait,2010,5.39,152.0,168092.21,0.7476635514018781,0,151.5,149786.21
Kuwait,2011,5.53,152.5,150160.66,2.5974025974025983,0,152.0,168092.21
Kuwait,2012,5.67,152.0,146333.38,2.5316455696202445,0,152.5,150160.66
Kuwait,2013,5.81,153.6,134450.34,2.4691358024691246,0,152.0,146333.38
Kuwait,2014,5.95,152.1,153887.46,2.4096385542168752,0,153.6,134450.34
Kuwait,2015,6.09,149.4,157513.51,2.35294117647058,0,152.1,153887.46
Kuwait,2016,6.132,150.0,147088.96,0.6896551724137945,0,149.4,157513.51
Kuwait,2017,6.174,151.4,170930.05,0.6849315068493178,0,150.0,147088.96
Kuwait,2018,6.216,150.0,163197.1,0.6802721088435382,0,151.4,170930.05
Kuwait,2019,6.258,150.0,193013.77,0.6756756756756799,0,150.0,163197.1
Kuwait,2020,6.3,150.0,170269.58000000002,0.6711409395973034,0,150.0,193013.77
Kuwait,2021,6.3,150.0,171069.7,0.0,1,150.0,170269.58000000002
Kuwait,2022,6.3,150.0,173208.26,0.0,1,150.0,171069.7
Kuwait,2023,6.3,150.0,174418.13999999998,0.0,1,150.0,173208.26
Kyrgyzstan,1993,1149.764,10120.0,5482530.41,0.3883644339204073,0,10088.0,5790712.41
Kyrgyzstan,1994,1154.212,10329.0,5077457.43,0.3868619995059941,0,10120.0,5482530.41
Kyrgyzstan,1995,1158.66,10537.0,4761212.86,0.3853711449889774,0,10329.0,5077457.43
Kyrgyzstan,1996,1163.108,10641.0,4766332.95,0.38389173700652535,0,10537.0,4761212.86
Kyrgyzstan,1997,1167.556,10661.0,5085726.07,0.3824236442359741,0,10641.0,4766332.95
Kyrgyzstan,1998,1172.004,10690.0,5274286.06,0.3809667373556369,0,10661.0,5085726.07
Kyrgyzstan,1999,1176.452,10726.0,5419598.19,0.37952088900721215,0,10690.0,5274286.06
Kyrgyzstan,2000,1180.9,10714.0,5678644.59,0.3780859737583908,0,10726.0,5419598.19
Kyrgyzstan,2001,1185.494,10776.0,5705214.1,0.38902531967142107,0,10714.0,5678644.59
Kyrgyzstan,2002,1190.088,10776.0,5782082.74,0.38751777739913784,0,10776.0,5705214.1
Kyrgyzstan,2003,1194.682,10840.0,5872492.95,0.3860218740126875,0,10776.0,5782082.74
Kyrgyzstan,2004,1199.276,10770.0,5863012.24,0.384537475244473,0,10840.0,5872492.95
Kyrgyzstan,2005,1203.87,10745.0,5945710.43,0.3830644488841406,0,10770.0,5863012.24
Kyrgyzstan,2006,1208.464,10731.1,6077050.38,0.3816026647395443,0,10745.0,5945710.43
Kyrgyzstan,2007,1213.058,10728.6,6171395.1,0.3801519945981102,0,10731.1,6077050.38
Kyrgyzstan,2008,1217.652,10727.2,6373199.52,0.37871231218953305,0,10728.6,6171395.1
Kyrgyzstan,2009,1222.246,10617.3,6745538.73,0.37728349314911647,0,10727.2,6373199.52
Kyrgyzstan,2010,1226.84,10611.9,6907991.38,0.37586541498191295,0,10617.3,6745538.73
Kyrgyzstan,2011,1230.86,10608.5,7030859.27,0.3276710899546842,0,10611.9,6907991.38
Kyrgyzstan,2012,1234.88,10591.3,7111558.01,0.32660091318266193,0,10608.5,7030859.27
Kyrgyzstan,2013,1238.9,10556.7,7226376.3,0.32553770406840155,0,10591.3,7111558.01
Kyrgyzstan,2014,1242.92,10557.1,7485925.199999999,0.3244813947856917,0,10556.7,7226376.3
Kyrgyzstan,2015,1246.94,10556.2,7572246.3,0.3234319183857304,0,10557.1,7485925.199999999
Kyrgyzstan,2016,1248.584,10541.1,7752539.34,0.13184275105457832,0,10556.2,7572246.3
Kyrgyzstan,2017,1250.228,10540.1,7918720.2,0.13166915481857,0,10541.1,7752539.34
Kyrgyzstan,2018,1251.872,10370.8,8123323.43,0.13149601512683073,0,10540.1,7918720.2
Kyrgyzstan,2019,1253.516,10368.4,8348359.57,0.1313233301807326,0,10370.8,8123323.43
Kyrgyzstan,2020,1255.16,10367.8,8420163.9,0.131151098191018,0,10368.4,8348359.57
Kyrgyzstan,2021,1255.224,10366.1,8654224.66,0.0050989515280708275,1,10367.8,8420163.9
Kyrgyzstan,2022,1255.288,10597.45,8888630.08,0.0050986915482775785,1,10366.1,8654224.66
Kyrgyzstan,2023,1255.352,10358.844,8877123.21,0.005098431594996455,1,10597.45,8888630.08
Land Locked Developing Countries (LLDCs),1991,290814.695,434188.6913,191150829.04,-0.4793467093557102,2,431619.7427,182760024.72
Land Locked Developing Countries (LLDCs),1992,301628.51,741738.3001,291448732.97,3.7184554927666147,0,434188.6913,191150829.04
Land Locked Developing Countries (LLDCs),1993,328602.675,770138.323,360830914.04,8.942843300853752,0,741738.3001,291448732.97
Land Locked Developing Countries (LLDCs),1994,327184.96,772427.0081,366285424.03,-0.4314374494973183,2,770138.323,360830914.04
Land Locked Developing Countries (LLDCs),1995,325767.245,770688.4636,369493756.07,-0.4333068977253829,2,772427.0081,366285424.03
Land Locked Developing Countries (LLDCs),1996,324349.53,771375.8153,376983831.71,-0.43519261735475157,2,770688.4636,369493756.07
Land Locked Developing Countries (LLDCs),1997,322931.815,784061.3845,381043220.45,-0.4370948217498616,2,771375.8153,376983831.71
Land Locked Developing Countries (LLDCs),1998,321514.1,784902.1474,391879519.86,-0.4390137280218198,2,784061.3845,381043220.45
Land Locked Developing Countries (LLDCs),1999,320096.385,788101.1106,397784921.56,-0.4409495571111699,2,784902.1474,391879519.86
Land Locked Developing Countries (LLDCs),2000,318678.67,791124.0098,394612232.12,-0.4429025338727355,2,788101.1106,397784921.56
Land Locked Developing Countries (LLDCs),2001,317494.697,792366.3588,399673125.54,-0.3715256499595698,2,791124.0098,394612232.12
Land Locked Developing Countries (LLDCs),2002,316310.724,792400.0758,420133015.79,-0.3729111103861982,2,792366.3588,399673125.54
Land Locked Developing Countries (LLDCs),2003,315126.751,779186.4675,432997250.99,-0.37430694256196384,2,792400.0758,420133015.79
Land Locked Developing Countries (LLDCs),2004,313942.778,779869.0597,440321196.39,-0.37571326339095323,2,779186.4675,432997250.99
Land Locked Developing Countries (LLDCs),2005,312758.805,785593.0311,455521859.06,-0.37713019154083094,2,779869.0597,440321196.39
Land Locked Developing Countries (LLDCs),2006,311574.832,787821.4106,475393453.87,-0.3785578474761131,2,785593.0311,455521859.06
Land Locked Developing Countries (LLDCs),2007,310390.859,789145.3925,498083192.53,-0.3799963534923734,2,787821.4106,475393453.87
Land Locked Developing Countries (LLDCs),2008,309206.886,789120.3303,524541210.65,-0.3814458337511817,2,789145.3925,498083192.53
Land Locked Developing Countries (LLDCs),2009,308022.913,790194.8655,548328824.39,-0.38290641431575345,2,789120.3303,524541210.65
Land Locked Developing Countries (LLDCs),2010,306838.94,796724.2789,572218075.81,-0.38437822318757586,2,790194.8655,548328824.39
Land Locked Developing Countries (LLDCs),2011,305614.204,798632.8122,580910423.54,-0.3991462100605525,2,796724.2789,572218075.81
Land Locked Developing Countries (LLDCs),2012,311533.988,829213.2516,631159412.51,1.937012063745569,0,798632.8122,580910423.54
Land Locked Developing Countries (LLDCs),2013,310313.412,832003.4531,647143670.5799999,-0.39179545314972364,2,829213.2516,631159412.51
Land Locked Developing Countries (LLDCs),2014,309092.836,833910.1517,664757285.62,-0.3933365277811407,2,832003.4531,647143670.5799999
Land Locked Developing Countries (LLDCs),2015,307872.26,834777.4429,681114411.62,-0.394889773504814,2,833910.1517,664757285.62
Land Locked Developing Countries (LLDCs),2016,306863.434,837015.2078,701626719.6,-0.3276768098561367,2,834777.4429,681114411.62
Land Locked Developing Countries (LLDCs),2017,305854.608,838516.0927,713959241.13,-0.3287540606744299,2,837015.2078,701626719.6
Land Locked Developing Countries (LLDCs),2018,304845.782,840283.9867,734289297.09,-0.32983841786683454,2,838516.0927,713959241.13
Land Locked Developing Countries (LLDCs),2019,303836.956,839871.6998,745851727.96,-0.3309299519847042,2,840283.9867,734289297.09
Land Locked Developing Countries (LLDCs),2020,302828.13,841177.6704,765485895.72,-0.3320287345164208,2,839871.6998,745851727.96
Land Locked Developing Countries (LLDCs),2021,301850.032,842242.4632,775471059.2,-0.32298782811226445,2,841177.6704,765485895.72
Land Locked Developing Countries (LLDCs),2022,300871.934,842559.7429,795326580.05,-0.32403441984727444,2,842242.4632,775471059.2
Land Locked Developing Countries (LLDCs),2023,299893.836,837395.579,804785591.9,-0.32508781626670036,2,842559.7429,795326580.05
Lao People's Democratic Republic,1991,14364.356,1662.0,3337981.67,-0.24253990477302034,2,1660.0,3154098.8
Lao People's Democratic Republic,1992,14329.432,1664.0,3601921.5300000003,-0.24312959105161625,2,1662.0,3337981.67
Lao People's Democratic Republic,1993,14294.508,1665.0,3709381.13,-0.24372215172241418,2,1664.0,3601921.5300000003
Lao People's Democratic Republic,1994,14259.584,1690.0,3880101.33,-0.24431760785330603,2,1665.0,3709381.13
Lao People's Democratic Republic,1995,14224.66,1700.0,4096453.03,-0.24491598071866294,2,1690.0,3880101.33
Lao People's Democratic Republic,1996,14189.736,1700.0,4183614.68,-0.24551729180170012,2,1700.0,4096453.03
Lao People's Democratic Republic,1997,14154.812,1756.0,4303425.92,-0.2461215627972302,2,1700.0,4183614.68
Lao People's Democratic Republic,1998,14119.888,1765.0,4003934.05,-0.24672881561407234,2,1756.0,4303425.92
Lao People's Democratic Republic,1999,14084.964,1773.0,3706517.67,-0.24733907237791675,2,1765.0,4003934.05
Lao People's Democratic Republic,2000,14050.04,1806.0,3995928.67,-0.24795235543377814,2,1773.0,3706517.67
Lao People's Democratic Republic,2001,14011.095,1841.0,4178133.0,-0.27718782295282907,2,1806.0,3995928.67
Lao People's Democratic Republic,2002,13972.15,1876.0,4229928.33,-0.27795828948414814,2,1841.0,4178133.0
Lao People's Democratic Republic,2003,13933.205,1911.0,4309860.67,-0.27873305110522884,2,1876.0,4229928.33
Lao People's Democratic Republic,2004,13894.26,1946.0,4414287.0,-0.27951214383193923,2,1911.0,4309860.67
Lao People's Democratic Republic,2005,13855.315,1985.0,4421426.0,-0.280295604083991,2,1946.0,4414287.0
Lao People's Democratic Republic,2006,13816.37,2025.0,4561310.67,-0.281083468690535,2,1985.0,4421426.0
Lao People's Democratic Republic,2007,13777.425,2063.0,4662541.67,-0.2818757748960232,2,2025.0,4561310.67
Lao People's Democratic Republic,2008,13738.48,2104.0,4811011.67,-0.28267256036595967,2,2063.0,4662541.67
Lao People's Democratic Republic,2009,13699.535,2168.0,4915658.33,-0.2834738631930178,2,2104.0,4811011.67
Lao People's Democratic Republic,2010,13660.59,2193.5,5038488.33,-0.28427972190296913,2,2168.0,4915658.33
Lao People's Democratic Republic,2011,13602.352,2219.8,5216867.67,-0.4263212643084935,2,2193.5,5038488.33
Lao People's Democratic Republic,2012,13544.114,2257.85,5599838.33,-0.42814654406827524,2,2219.8,5216867.67
Lao People's Democratic Republic,2013,13485.876,2342.4,5658387.67,-0.4299875207783965,2,2257.85,5599838.33
Lao People's Democratic Republic,2014,13427.638,2387.2,5744146.38,-0.431844397798109,2,2342.4,5658387.67
Lao People's Democratic Republic,2015,13369.4,2412.9,5911571.63,-0.43371738201463117,2,2387.2,5744146.38
Lao People's Democratic Republic,2016,13338.062,2426.0,6148240.32,-0.23440094544258105,2,2412.9,5911571.63
Lao People's Democratic Republic,2017,13306.724,2359.6,6330321.97,-0.2349516743886726,2,2426.0,6148240.32
Lao People's Democratic Republic,2018,13275.386,2319.8,6493451.35,-0.23550499732315489,2,2359.6,6330321.97
Lao People's Democratic Republic,2019,13244.048,2262.9,6695742.359999999,-0.23606093261619998,2,2319.8,6493451.35
Lao People's Democratic Republic,2020,13212.71,2207.9,6911663.51,-0.23661949881185196,2,2262.9,6695742.359999999
Lao People's Democratic Republic,2021,13177.376,2210.4,7209983.42,-0.2674243209757843,2,2207.9,6911663.51
Lao People's Democratic Republic,2022,13142.042,2259.8,7509407.84,-0.26814139628406064,2,2210.4,7209983.42
Lao People's Democratic Republic,2023,13106.708,2287.2,7813796.12,-0.26886232748304373,2,2259.8,7509407.84
Latvia,1993,3193.4,2514.0,6866841.890000001,0.2133935856398761,0,2530.0,7381403.890000001
Latvia,1994,3200.2,2540.0,4325464.67,0.21293918707332438,0,2514.0,6866841.890000001
Latvia,1995,3207.0,1832.0,3289754.33,0.21248671958002951,0,2540.0,4325464.67
Latvia,1996,3213.8,1874.0,3030953.44,0.2120361708762175,0,1832.0,3289754.33
Latvia,1997,3220.6,1772.0,2942400.58,0.21158752878212006,0,1874.0,3030953.44
Latvia,1998,3227.4,1749.0,2909156.18,0.21114078122088653,0,1772.0,2942400.58
Latvia,1999,3234.2,1617.0,2783267.22,0.21069591621738493,0,1749.0,2909156.18
Latvia,2000,3241.0,1588.0,2541678.84,0.2102529218972249,0,1617.0,2783267.22
Latvia,2001,3254.112,1581.0,2382333.8,0.40456649182352145,0,1588.0,2541678.84
Latvia,2002,3267.224,1595.0,2240085.15,0.4029363463826652,0,1581.0,2382333.8
Latvia,2003,3280.336,1582.0,2324873.38,0.40131928511788484,0,1595.0,2240085.15
Latvia,2004,3293.448,1642.0,2286123.95,0.39971515113086387,0,1582.0,2324873.38
Latvia,2005,3306.56,1734.0,2237839.36,0.398123790021887,0,1642.0,2286123.95
Latvia,2006,3319.672,1855.0,2253209.02,0.39654504984032446,0,1734.0,2237839.36
Latvia,2007,3332.784,1839.0,2283288.33,0.39497878103620376,0,1855.0,2253209.02
Latvia,2008,3345.896,1825.0,2299819.7800000003,0.3934248364130477,0,1839.0,2283288.33
Latvia,2009,3359.008,1833.0,2237639.84,0.39188307108168896,0,1825.0,2299819.7800000003
Latvia,2010,3372.12,1805.0,2207879.8,0.3903533424153727,0,1833.0,2237639.84
Latvia,2011,3377.42,1816.0,2207317.67,0.15717115642386315,0,1805.0,2207879.8
Latvia,2012,3382.72,1841.0,2223525.95,0.15692451634679028,0,1816.0,2207317.67
Latvia,2013,3388.02,1877.0,2281729.8200000003,0.15667864913442298,0,1841.0,2223525.95
Latvia,2014,3393.32,1872.0,2364982.91,0.15643355115968482,0,1877.0,2281729.8200000003
Latvia,2015,3398.62,1884.5,2421492.25,0.15618921881814796,0,1872.0,2364982.91
Latvia,2016,3405.722,1931.0,2423797.71,0.20896716902742973,0,1884.5,2421492.25
Latvia,2017,3412.824,1933.0,2378941.0,0.20853140684999882,0,1931.0,2423797.71
Latvia,2018,3419.926,1938.0,2291845.0,0.20809745829259985,0,1933.0,2378941.0
Latvia,2019,3427.028,1960.0,2259116.0,0.20766531205644867,0,1938.0,2291845.0
Latvia,2020,3434.13,1969.0,2259050.0,0.207234956936464,0,1960.0,2259116.0
Latvia,2021,3440.696,1970.0,2249580.0,0.19119835300351884,0,1969.0,2259050.0
Latvia,2022,3447.262,1970.0,2200702.0,0.1908334825279523,0,1970.0,2249580.0
Latvia,2023,3453.828,1971.0,2175591.0,0.190470001989973,0,1970.0,2200702.0
Least Developed Countries (LDCs),1991,673169.994,739278.1478,453652419.16,-0.4804318762257287,2,737359.5193,453384685.07
Least Developed Countries (LDCs),1992,669920.258,741492.2985,469393738.72,-0.48275116671345764,2,739278.1478,453652419.16
Least Developed Countries (LDCs),1993,666670.522,728215.5982,481155316.56,-0.48509295863090607,2,741492.2985,469393738.72
Least Developed Countries (LDCs),1994,663420.786,732399.6965,491520130.92,-0.487457581032813,2,728215.5982,481155316.56
Least Developed Countries (LDCs),1995,660171.05,736141.2019,506618178.39,-0.48984536942138224,2,732399.6965,491520130.92
Least Developed Countries (LDCs),1996,656921.314,739748.556,515619420.86,-0.49225666590499983,2,736141.2019,506618178.39
Least Developed Countries (LDCs),1997,653671.578,743148.6697,532958755.59,-0.4946918193614924,2,739748.556,515619420.86
Least Developed Countries (LDCs),1998,650421.842,745515.8798,550034595.5699999,-0.49715118560654803,2,743148.6697,532958755.59
Least Developed Countries (LDCs),1999,647172.106,749552.1547,570790962.38,-0.49963512756693307,2,745515.8798,550034595.5699999
Least Developed Countries (LDCs),2000,643922.37,753195.3873,571506299.64,-0.5021440154591605,2,749552.1547,570790962.38
Least Developed Countries (LDCs),2001,640458.133,756758.4376,581653936.8299999,-0.5379898511679193,2,753195.3873,571506299.64
Least Developed Countries (LDCs),2002,636993.896,758820.5714,608348281.01,-0.5408998373981233,2,756758.4376,581653936.8299999
Least Developed Countries (LDCs),2003,633529.659,765126.4635,627322965.09,-0.5438414750523757,2,758820.5714,608348281.01
Least Developed Countries (LDCs),2004,630065.422,767089.604,633791750.91,-0.5468152833551843,2,765126.4635,627322965.09
Least Developed Countries (LDCs),2005,626601.185,775098.7974,654765234.52,-0.5498217929502558,2,767089.604,633791750.91
Least Developed Countries (LDCs),2006,623136.948,778527.5649,674724219.95,-0.5528615462162101,2,775098.7974,654765234.52
Least Developed Countries (LDCs),2007,619672.711,782292.2865,694545906.3299999,-0.5559350975926969,2,778527.5649,674724219.95
Least Developed Countries (LDCs),2008,616208.474,785171.8099,723116019.22,-0.5590430139177038,2,782292.2865,694545906.3299999
Least Developed Countries (LDCs),2009,612744.237,789926.0146,741750174.79,-0.562185874775889,2,785171.8099,723116019.22
Least Developed Countries (LDCs),2010,609280.0,794429.4946,766528205.31,-0.5653642728589148,2,789926.0146,741750174.79
Least Developed Countries (LDCs),2011,604820.994,798221.1593,776246773.25,-0.7318484112394996,2,794429.4946,766528205.31
Least Developed Countries (LDCs),2012,600361.988,804442.0233,802315111.69,-0.7372439191487334,2,798221.1593,776246773.25
Least Developed Countries (LDCs),2013,595902.982,808525.6902,820810865.61,-0.7427195740447257,2,804442.0233,802315111.69
Least Developed Countries (LDCs),2014,591443.976,811284.9441,842367395.6800001,-0.7482771750922268,2,808525.6902,820810865.61
Least Developed Countries (LDCs),2015,586984.97,813843.6457,858924420.09,-0.7539185757130862,2,811284.9441,842367395.6800001
Least Developed Countries (LDCs),2016,583701.836,816443.5157,877015872.6700001,-0.5593216466854289,2,813843.6457,858924420.09
Least Developed Countries (LDCs),2017,580418.702,819426.1614,896298157.06,-0.5624676500075254,2,816443.5157,877015872.6700001
Least Developed Countries (LDCs),2018,577135.568,822154.5249,888134541.76,-0.5656492440176519,2,819426.1614,896298157.06
Least Developed Countries (LDCs),2019,573852.434,823519.2469,915553159.41,-0.5688670361068349,2,822154.5249,888134541.76
Least Developed Countries (LDCs),2020,570569.3,825288.7702,935159639.08,-0.5721216475662705,2,823519.2469,915553159.41
Least Developed Countries (LDCs),2021,567301.562,826736.6369,944571954.45,-0.5727153563993004,2,825288.7702,935159639.08
Least Developed Countries (LDCs),2022,564033.824,828285.3714,963098741.92,-0.5760142786280564,2,826736.6369,944571954.45
Least Developed Countries (LDCs),2023,560766.086,828884.0109,979445699.15,-0.5793514255627352,2,828285.3714,963098741.92
Lebanon,1991,138.017,606.0,520631.32,0.07033062645012134,1,605.0,551443.72
Lebanon,1992,138.114,606.0,1179396.92,0.07028119724381554,1,606.0,520631.32
Lebanon,1993,138.211,606.0,1202895.88,0.07023183746761585,1,606.0,1179396.92
Lebanon,1994,138.308,607.0,1100696.6,0.0701825469752615,1,606.0,1202895.88
Lebanon,1995,138.405,609.0,867502.92,0.0701333256210912,1,607.0,1100696.6
Lebanon,1996,138.502,618.0,999842.84,0.07008417325964356,1,609.0,867502.92
Lebanon,1997,138.599,622.0,1249965.4,0.07003508974599004,1,618.0,999842.84
Lebanon,1998,138.696,626.0,977586.32,0.06998607493560183,1,622.0,1249965.4
Lebanon,1999,138.793,582.5,1433033.36,0.06993712868432755,1,626.0,977586.32
Lebanon,2000,138.89,595.0,1574463.2000000002,0.06988825084837114,1,582.5,1433033.36
Lebanon,2001,138.988,598.0,1256047.49,0.07055943552451982,1,595.0,1574463.2000000002
Lebanon,2002,139.086,616.0,1521229.2,0.07050968428929938,1,598.0,1256047.49
Lebanon,2003,139.184,627.0,1541495.3,0.07046000316350831,1,616.0,1521229.2
Lebanon,2004,139.282,638.3,1462926.83,0.07041039199908727,1,627.0,1541495.3
Lebanon,2005,139.38,653.0,1634137.35,0.07036085064830999,1,638.3,1462926.83
Lebanon,2006,139.478,679.0,1418304.38,0.0703113789639831,1,653.0,1634137.35
Lebanon,2007,139.576,677.1,1327540.14,0.07026197679920188,1,679.0,1418304.38
Lebanon,2008,139.674,663.0,1396745.84,0.07021264400757232,1,677.1,1327540.14
Lebanon,2009,139.772,663.0,1666207.53,0.07016338044301129,1,663.0,1396745.84
Lebanon,2010,139.87,640.0,1659391.26,0.07011418595999075,1,663.0,1666207.53
Lebanon,2011,139.968,651.0,1430996.86,0.07006506041322691,1,640.0,1659391.26
Lebanon,2012,140.066,658.0,1391374.83,0.0700160036579911,1,651.0,1430996.86
Lebanon,2013,140.164,660.0,1560414.44,0.0699670155497989,1,658.0,1391374.83
Lebanon,2014,140.262,662.0,1515399.02,0.06991809594476539,1,660.0,1560414.44
Lebanon,2015,140.36,665.0,1518126.89,0.06986924469920552,1,662.0,1515399.02
Lebanon,2016,140.456,671.0,1379744.46,0.06839555428894695,1,665.0,1518126.89
Lebanon,2017,140.552,673.32,1434158.69,0.06834880674375654,1,671.0,1379744.46
Lebanon,2018,140.648,671.55,1514520.78,0.06830212305766192,1,673.32,1434158.69
Lebanon,2019,140.744,671.3,1494586.24,0.06825550309994544,1,671.55,1514520.78
Lebanon,2020,140.84,674.115,1461770.64,0.06820894674017808,1,671.3,1494586.24
Lebanon,2021,140.936,681.6197,1479969.65,0.06816245384833053,1,674.115,1461770.64
Lebanon,2022,141.032,676.485,1514046.9,0.06811602429472874,1,681.6197,1479969.65
Lebanon,2023,141.128,674.2138,1473538.97,0.06806965794994291,1,676.485,1514046.9
Lesotho,1991,34.52,2323.0,1344497.67,0.0,1,2321.0,1417938.78
Lesotho,1992,34.52,2336.0,1693539.34,0.0,1,2323.0,1344497.67
Lesotho,1993,34.52,2334.0,1602943.96,0.0,1,2336.0,1693539.34
Lesotho,1994,34.52,2329.0,1442909.46,0.0,1,2334.0,1602943.96
Lesotho,1995,34.52,2324.0,1450384.78,0.0,1,2329.0,1442909.46
Lesotho,1996,34.52,2326.0,1346665.15,0.0,1,2324.0,1450384.78
Lesotho,1997,34.52,2329.0,1503114.01,0.0,1,2326.0,1346665.15
Lesotho,1998,34.52,2329.0,1265051.69,0.0,1,2329.0,1503114.01
Lesotho,1999,34.52,2329.0,1875080.43,0.0,1,2329.0,1265051.69
Lesotho,2000,34.52,2334.0,1809909.38,0.0,1,2329.0,1875080.43
Lesotho,2001,34.52,2334.0,1883595.9,0.0,1,2334.0,1809909.38
Lesotho,2002,34.52,2304.0,1660037.43,0.0,1,2334.0,1883595.9
Lesotho,2003,34.52,2304.0,1730319.11,0.0,1,2304.0,1660037.43
Lesotho,2004,34.52,2314.0,1715754.34,0.0,1,2304.0,1730319.11
Lesotho,2005,34.52,2327.0,1861521.56,0.0,1,2314.0,1715754.34
Lesotho,2006,34.52,2307.0,1692410.65,0.0,1,2327.0,1861521.56
Lesotho,2007,34.52,2329.0,1768027.26,0.0,1,2307.0,1692410.65
Lesotho,2008,34.52,2362.0,1620792.12,0.0,1,2329.0,1768027.26
Lesotho,2009,34.52,2339.0,1565256.57,0.0,1,2362.0,1620792.12
Lesotho,2010,34.52,2326.0,1586938.18,0.0,1,2339.0,1565256.57
Lesotho,2011,34.52,2312.0,1663672.08,0.0,1,2326.0,1586938.18
Lesotho,2012,34.52,2285.3,1699671.86,0.0,1,2312.0,1663672.08
Lesotho,2013,34.52,2252.1,1491918.08,0.0,1,2285.3,1699671.86
Lesotho,2014,34.52,2276.3,1472326.26,0.0,1,2252.1,1491918.08
Lesotho,2015,34.52,2223.0,1397247.52,0.0,1,2276.3,1472326.26
Lesotho,2016,34.52,2356.0,1352824.63,0.0,1,2223.0,1397247.52
Lesotho,2017,34.52,2418.0,1269118.67,0.0,1,2356.0,1352824.63
Lesotho,2018,34.52,2433.3,1243943.59,0.0,1,2418.0,1269118.67
Lesotho,2019,34.52,2154.4,1070465.7,0.0,1,2433.3,1243943.59
Lesotho,2020,34.52,2349.4,1004228.77,0.0,1,2154.4,1070465.7
Lesotho,2021,34.52,2229.4,905426.25,0.0,1,2349.4,1004228.77
Lesotho,2022,34.52,2275.4,1477912.06,0.0,1,2229.4,905426.25
Lesotho,2023,34.52,2360.748,1143576.16,0.0,1,2275.4,1477912.06
Liberia,1991,8008.76,1094.02,120792.77,0.0,1,1063.76,115926.0
Liberia,1992,8008.76,1123.9202,118555.49,0.0,1,1094.02,120792.77
Liberia,1993,8008.76,1153.9884,118966.87,0.0,1,1123.9202,118555.49
Liberia,1994,8008.76,1184.0682,118974.85,0.0,1,1153.9884,118966.87
Liberia,1995,8008.76,1214.5122,118982.83,0.0,1,1184.0682,118974.85
Liberia,1996,8008.76,1245.2218,118990.81,0.0,1,1214.5122,118982.83
Liberia,1997,8008.76,1275.476,118998.79,0.0,1,1245.2218,118990.81
Liberia,1998,8008.76,1306.7416,119005.78,0.0,1,1275.476,118998.79
Liberia,1999,8008.76,1336.74,119013.77,0.0,1,1306.7416,119005.78
Liberia,2000,8008.76,1367.1162,119021.77,0.0,1,1336.74,119013.77
Liberia,2001,7969.862,1397.293,119029.77,-0.4856931659832475,2,1367.1162,119021.77
Liberia,2002,7930.964,1427.5723,119037.77,-0.4880636578149078,2,1397.293,119029.77
Liberia,2003,7892.066,1457.8479,119044.77,-0.49045740215186706,2,1427.5723,119037.77
Liberia,2004,7853.168,1488.104,119052.78,-0.49287474281132226,2,1457.8479,119044.77
Liberia,2005,7814.27,1517.9629,119060.79,-0.4953160304223658,2,1488.104,119052.78
Liberia,2006,7775.372,1547.8004,121577.48,-0.49778162259558334,2,1517.9629,119060.79
Liberia,2007,7736.474,1577.1809,124549.72,-0.5002718840976361,2,1547.8004,121577.48
Liberia,2008,7697.576,1607.2218,126164.8,-0.5027871870311951,2,1577.1809,124549.72
Liberia,2009,7658.678,1637.1311,128622.17,-0.5053279110203035,2,1607.2218,126164.8
Liberia,2010,7619.78,1667.0346,130820.29,-0.5078944434013355,2,1637.1311,128622.17
Liberia,2011,7503.138,1696.6591,132613.71,-1.5307791038586371,2,1667.0346,130820.29
Liberia,2012,7386.496,1726.6362,133551.36,-1.5545762319712053,2,1696.6591,132613.71
Liberia,2013,7269.854,1756.5513,138311.56,-1.5791249328504287,2,1726.6362,133551.36
Liberia,2014,7153.212,1786.3733,140430.97,-1.6044613825807241,2,1756.5513,138311.56
Liberia,2015,7036.57,1816.4532,143834.97,-1.630624116830326,2,1786.3733,140430.97
Liberia,2016,6935.14,1846.4827,140987.24,-1.44146935225542,2,1816.4532,143834.97
Liberia,2017,6833.71,1876.6883,138574.43,-1.462551585115801,2,1846.4827,140987.24
Liberia,2018,6732.28,1906.9038,137980.94,-1.4842596481267178,2,1876.6883,138574.43
Liberia,2019,6630.85,1923.04,136487.34,-1.5066218279691235,2,1906.9038,137980.94
Liberia,2020,6529.42,1923.04,143716.91,-1.5296681420933989,2,1923.04,136487.34
Liberia,2021,6488.84,1923.04,141674.81,-0.6214947116282898,2,1923.04,143716.91
Liberia,2022,6448.26,1923.04,143458.49,-0.6253814241066191,2,1923.04,141674.81
Liberia,2023,6407.68,1923.04,145532.54,-0.6293170560740413,2,1923.04,143458.49
Libya,1991,216.667,15460.0,1284817.2,-0.15345622119815605,2,15455.0,1197488.0
Libya,1992,216.334,15465.0,1100769.2,-0.15369207124296125,2,15460.0,1284817.2
Libya,1993,216.001,15465.0,1021007.2,-0.1539286473693502,2,15465.0,1100769.2
Libya,1994,215.668,15475.0,902100.2,-0.15416595293540336,2,15465.0,1021007.2
Libya,1995,215.335,15515.0,1016925.2,-0.15440399131999571,2,15475.0,902100.2
Libya,1996,215.002,15666.0,844968.0,-0.1546427659228633,2,15515.0,1016925.2
Libya,1997,214.669,15666.0,906486.0,-0.1548822801648364,2,15666.0,844968.0
Libya,1998,214.336,15450.0,966590.0,-0.15512253748795057,2,15666.0,906486.0
Libya,1999,214.003,15450.0,886370.0,-0.15536354135564645,2,15450.0,966590.0
Libya,2000,213.67,15450.0,628492.88,-0.1556052952528697,2,15450.0,886370.0
Libya,2001,213.337,15450.0,582195.33,-0.15584780268638188,2,15450.0,628492.88
Libya,2002,213.004,15450.0,665538.8,-0.1560910671847826,2,15450.0,582195.33
Libya,2003,212.671,15450.0,643003.4,-0.15633509229873166,2,15450.0,665538.8
Libya,2004,212.338,15385.0,651292.94,-0.15657988160115988,2,15450.0,643003.4
Libya,2005,212.005,15385.0,658613.86,-0.1568254386873802,2,15385.0,651292.94
Libya,2006,211.672,15385.0,810644.12,-0.15707176717529858,2,15385.0,658613.86
Libya,2007,211.339,15385.0,815030.73,-0.1573188707056139,2,15385.0,810644.12
Libya,2008,211.006,15385.0,946988.39,-0.1575667529419511,2,15385.0,815030.73
Libya,2009,210.673,15385.0,873269.27,-0.1578154175710611,2,15385.0,946988.39
Libya,2010,210.34,15351.0,951110.8,-0.15806486830300948,2,15385.0,873269.27
Libya,2011,210.006,15351.0,864558.0,-0.1587905296187131,2,15351.0,951110.8
Libya,2012,209.672,15355.0,867431.8,-0.15904307495976377,2,15351.0,864558.0
Libya,2013,209.338,15355.0,860831.8,-0.15929642489221907,2,15355.0,867431.8
Libya,2014,209.004,15350.0,833909.77,-0.1595505832672539,2,15355.0,860831.8
Libya,2015,208.67,15350.0,807720.76,-0.15980555396069018,2,15350.0,833909.77
Libya,2016,208.336,15350.0,832793.37,-0.16006134087314106,2,15350.0,807720.76
Libya,2017,208.002,15350.0,830159.76,-0.16031794793026632,2,15350.0,832793.37
Libya,2018,207.668,15350.0,871457.39,-0.16057537908289454,2,15350.0,830159.76
Libya,2019,207.334,15350.0,879971.52,-0.16083363830730057,2,15350.0,871457.39
Libya,2020,207.0,15350.0,862535.11,-0.16109272960537213,2,15350.0,879971.52
Libya,2021,206.666,15350.0,784920.21,-0.1613526570048318,2,15350.0,862535.11
Libya,2022,206.332,15350.0,842907.6799999999,-0.16161342455943695,2,15350.0,784920.21
Libya,2023,205.998,15350.0,830587.85,-0.16187503634919054,2,15350.0,842907.6799999999
Lithuania,1993,1967.5,3333.0,9921687.51,0.3826530612244916,0,3389.0,12145326.93
Lithuania,1994,1975.0,3126.0,8670941.07,0.3811944091486552,0,3333.0,9921687.51
Lithuania,1995,1982.5,3410.0,7331373.16,0.37974683544304,0,3126.0,8670941.07
Lithuania,1996,1990.0,3411.0,6806430.45,0.3783102143757988,0,3410.0,7331373.16
Lithuania,1997,1997.5,3417.0,7002395.41,0.37688442211054607,0,3411.0,6806430.45
Lithuania,1998,2005.0,3425.0,7068320.15,0.3754693366708306,0,3417.0,7002395.41
Lithuania,1999,2012.5,3496.0,6116994.41,0.37406483790523026,0,3425.0,7068320.15
Lithuania,2000,2020.0,3418.0,6325259.1,0.3726708074534235,0,3496.0,6116994.41
Lithuania,2001,2035.0,2896.0,5384710.890000001,0.7425742574257432,0,3418.0,6325259.1
Lithuania,2002,2050.0,2885.0,5256861.23,0.7371007371007376,0,2896.0,5384710.890000001
Lithuania,2003,2065.0,2541.0,5170686.48,0.7317073170731714,0,2885.0,5256861.23
Lithuania,2004,2080.0,2604.3,5318869.140000001,0.7263922518159882,0,2541.0,5170686.48
Lithuania,2005,2095.0,2837.0,5191079.96,0.7211538461538547,0,2604.3,5318869.140000001
Lithuania,2006,2110.0,2790.7,4923599.27,0.7159904534606243,0,2837.0,5191079.96
Lithuania,2007,2125.0,2695.9,5103317.39,0.7109004739336511,0,2790.7,4923599.27
Lithuania,2008,2140.0,2672.1,4809296.13,0.7058823529411784,0,2695.9,5103317.39
Lithuania,2009,2155.0,2689.0,4575640.57,0.7009345794392496,0,2672.1,4809296.13
Lithuania,2010,2170.0,2772.3,4440382.24,0.6960556844547661,0,2689.0,4575640.57
Lithuania,2011,2173.4,2805.9,4422836.390000001,0.15668202764977934,0,2772.3,4440382.24
Lithuania,2012,2176.8,2842.2,4377345.72,0.15643691911291224,0,2805.9,4422836.390000001
Lithuania,2013,2180.2,2891.4,4200574.19,0.15619257625871796,0,2842.2,4377345.72
Lithuania,2014,2183.6,2952.4,4266287.54,0.1559489955049953,0,2891.4,4200574.19
Lithuania,2015,2187.0,3005.9,4333536.62,0.15570617329181413,0,2952.4,4266287.54
Lithuania,2016,2190.038,2953.9,4148352.67,0.13891175125742006,0,3005.9,4333536.62
Lithuania,2017,2193.076,2935.3,3975327.72,0.13871905418991748,0,2953.9,4148352.67
Lithuania,2018,2196.114,2947.0,3847007.0,0.13852689099693727,0,2935.3,3975327.72
Lithuania,2019,2199.152,2975.0,3783409.0,0.13833525946285175,0,2947.0,3847007.0
Lithuania,2020,2202.19,2942.8,3673417.0,0.1381441573843123,0,2975.0,3783409.0
Lithuania,2021,2205.02,2937.8,3677170.0,0.12850843932630251,0,2942.8,3673417.0
Lithuania,2022,2207.85,2911.3,3718525.0,0.12834350708836872,0,2937.8,3677170.0
Lithuania,2023,2210.68,2873.0,3658120.0,0.12817899766741636,0,2911.3,3718525.0
Low Income Food Deficit Countries (LIFDCs),1991,558575.209,725146.0244,430664929.2,-0.509353978528948,2,722941.195,428769390.26
Low Income Food Deficit Countries (LIFDCs),1992,559901.022,770386.8982,481238355.33,0.23735621965277343,0,725146.0244,430664929.2
Low Income Food Deficit Countries (LIFDCs),1993,557087.188,757099.292,486340489.69,-0.5025591826835485,2,770386.8982,481238355.33
Low Income Food Deficit Countries (LIFDCs),1994,554273.354,762259.4707,497545264.96,-0.5050975970389615,2,757099.292,486340489.69
Low Income Food Deficit Countries (LIFDCs),1995,551459.52,766489.014,511419721.74,-0.5076617845136466,2,762259.4707,497545264.96
Low Income Food Deficit Countries (LIFDCs),1996,548645.686,769531.641,520214378.85,-0.5102521396312176,2,766489.014,511419721.74
Low Income Food Deficit Countries (LIFDCs),1997,545831.852,772968.3262,535162677.96,-0.5128690650089252,2,769531.641,520214378.85
Low Income Food Deficit Countries (LIFDCs),1998,543018.018,774802.2454,555778102.91,-0.5155129715661788,2,772968.3262,535162677.96
Low Income Food Deficit Countries (LIFDCs),1999,540204.184,779389.7308,582037612.65,-0.5181842787397195,2,774802.2454,555778102.91
Low Income Food Deficit Countries (LIFDCs),2000,537390.35,782852.0399,581620326.84,-0.5208834147052865,2,779389.7308,582037612.65
Low Income Food Deficit Countries (LIFDCs),2001,534656.356,786424.4182,585984364.26,-0.5087538322934071,2,782852.0399,581620326.84
Low Income Food Deficit Countries (LIFDCs),2002,531922.362,788289.5903,610158736.5799999,-0.5113553723468778,2,786424.4182,585984364.26
Low Income Food Deficit Countries (LIFDCs),2003,529188.368,794292.6692,631539462.02,-0.5139836553816335,2,788289.5903,610158736.5799999
Low Income Food Deficit Countries (LIFDCs),2004,526454.374,796623.38,642993373.41,-0.5166390958918576,2,794292.6692,631539462.02
Low Income Food Deficit Countries (LIFDCs),2005,523720.38,804476.2639,664371228.79,-0.5193221169817797,2,796623.38,642993373.41
Low Income Food Deficit Countries (LIFDCs),2006,520986.386,807453.0801,685082075.86,-0.5220331505907838,2,804476.2639,664371228.79
Low Income Food Deficit Countries (LIFDCs),2007,518252.392,810468.5913,714448260.65,-0.5247726377249351,2,807453.0801,685082075.86
Low Income Food Deficit Countries (LIFDCs),2008,515518.398,813117.5843,741909292.6,-0.52754102869631,2,810468.5913,714448260.65
Low Income Food Deficit Countries (LIFDCs),2009,512784.404,816591.572,761662392.64,-0.530338783369666,2,813117.5843,741909292.6
Low Income Food Deficit Countries (LIFDCs),2010,510050.41,820079.9653,785538914.29,-0.5331663714171819,2,816591.572,761662392.64
Low Income Food Deficit Countries (LIFDCs),2011,506792.87,823764.8168,805121210.96,-0.6386702051665805,2,820079.9653,785538914.29
Low Income Food Deficit Countries (LIFDCs),2012,503535.33,829635.476,831449009.74,-0.6427754202619318,2,823764.8168,805121210.96
Low Income Food Deficit Countries (LIFDCs),2013,500277.79,833387.0721,847586890.59,-0.646933751401324,2,829635.476,831449009.74
Low Income Food Deficit Countries (LIFDCs),2014,497020.25,836302.613,863592293.72,-0.6511462361741049,2,833387.0721,847586890.59
Low Income Food Deficit Countries (LIFDCs),2015,493762.71,838506.9333,885030971.87,-0.6554139393716851,2,836302.613,863592293.72
Low Income Food Deficit Countries (LIFDCs),2016,491388.642,841110.8849,911920253.71,-0.4808115217935449,2,838506.9333,885030971.87
Low Income Food Deficit Countries (LIFDCs),2017,489014.574,843478.0108,918453540.86,-0.4831344880779631,2,841110.8849,911920253.71
Low Income Food Deficit Countries (LIFDCs),2018,486640.506,846436.5778,945232608.59,-0.4854800094362899,2,843478.0108,918453540.86
Low Income Food Deficit Countries (LIFDCs),2019,484266.438,847742.9285,974514482.08,-0.48784841597216966,2,846436.5778,945232608.59
Low Income Food Deficit Countries (LIFDCs),2020,481892.37,849583.8205,1002096507.67,-0.49024004426257983,2,847742.9285,974514482.08
Low Income Food Deficit Countries (LIFDCs),2021,479807.336,850826.0717,1005939555.55,-0.4326762841254328,2,849583.8205,1002096507.67
Low Income Food Deficit Countries (LIFDCs),2022,477722.302,852379.3688,1018475873.67,-0.4345565070726587,2,850826.0717,1005939555.55
Low Income Food Deficit Countries (LIFDCs),2023,475637.268,852549.7718,1037915595.23,-0.4364531426041873,2,852379.3688,1018475873.67
Luxembourg,2001,86.9,128.0,884134.11,0.23068050749712743,0,128.0,833233.74
Luxembourg,2002,87.1,128.0,863488.5800000001,0.23014959723819395,0,128.0,884134.11
Luxembourg,2003,87.3,128.0,843038.63,0.22962112514350874,0,128.0,863488.5800000001
Luxembourg,2004,87.5,128.0,831778.52,0.22909507445589838,0,128.0,843038.63
Luxembourg,2005,87.7,129.0,815357.66,0.22857142857142243,0,128.0,831778.52
Luxembourg,2006,87.9,129.0,801013.52,0.22805017103764147,0,129.0,815357.66
Luxembourg,2007,88.1,131.0,819186.56,0.22753128555175195,0,129.0,801013.52
Luxembourg,2008,88.3,131.0,837610.78,0.2270147559591429,0,131.0,819186.56
Luxembourg,2009,88.5,130.7,836976.75,0.22650056625141968,0,131.0,837610.78
Luxembourg,2010,88.7,131.04,855244.61,0.225988700564983,0,130.7,836976.75
Luxembourg,2011,88.7,131.27,834713.81,0.0,1,131.04,855244.61
Luxembourg,2012,88.7,131.42,816885.44,0.0,1,131.27,834713.81
Luxembourg,2013,88.7,130.88,830565.4099999999,0.0,1,131.42,816885.44
Luxembourg,2014,88.7,130.99,868089.9199999999,0.0,1,130.88,830565.4099999999
Luxembourg,2015,88.7,131.27,907667.62,0.0,1,130.99,868089.9199999999
Luxembourg,2016,88.7,130.651,946720.17,0.0,1,131.27,907667.62
Luxembourg,2017,88.7,131.158,962704.61,0.0,1,130.651,946720.17
Luxembourg,2018,88.7,131.559,968367.0,0.0,1,131.158,962704.61
Luxembourg,2019,88.7,131.5824,983063.0,0.0,1,131.559,968367.0
Luxembourg,2020,88.7,132.1261,1005580.0,0.0,1,131.5824,983063.0
Luxembourg,2021,88.7,132.8018,999046.0,0.0,1,132.1261,1005580.0
Luxembourg,2022,88.7,132.5104,993897.0,0.0,1,132.8018,999046.0
Luxembourg,2023,88.7,132.9982,1004134.0,0.0,1,132.5104,993897.0
Madagascar,1991,13610.862,36350.0,24227778.57,-0.48458961449543425,2,36325.0,27404049.6
Madagascar,1992,13544.584,36370.0,24291266.04,-0.48694932032958826,2,36350.0,24227778.57
Madagascar,1993,13478.306,36490.0,24340353.5,-0.4893321197609324,2,36370.0,24291266.04
Madagascar,1994,13412.028,36480.0,24387353.5,-0.49173835346963957,2,36490.0,24340353.5
Madagascar,1995,13345.75,36480.0,24441440.96,-0.49416836887009596,2,36480.0,24387353.5
Madagascar,1996,13279.472,36596.0,24481208.43,-0.4966225202779895,2,36480.0,24441440.96
Madagascar,1997,13213.194,37490.0,24517528.43,-0.49910116908262747,2,36596.0,24481208.43
Madagascar,1998,13146.916,38490.0,24556615.9,-0.5016046839242727,2,37490.0,24517528.43
Madagascar,1999,13080.638,39500.0,24595703.36,-0.5041334408769194,2,38490.0,24556615.9
Madagascar,2000,13014.36,40500.0,24634790.82,-0.5066878236367423,2,39500.0,24595703.36
Madagascar,2001,12907.55,40843.0,20928432.07,-0.8207088170298138,2,40500.0,24634790.82
Madagascar,2002,12800.74,40843.0,18958661.4,-0.8275001840008289,2,40843.0,20928432.07
Madagascar,2003,12693.93,40843.0,19253492.45,-0.8344048859675213,2,40843.0,18958661.4
Madagascar,2004,12587.12,40843.0,19496695.29,-0.841425783819505,2,40843.0,19253492.45
Madagascar,2005,12480.31,40893.0,22603149.12,-0.8485658355525394,2,40843.0,19496695.29
Madagascar,2006,12373.5,40893.0,22725647.72,-0.8558281004237833,2,40893.0,22603149.12
Madagascar,2007,12266.69,40893.0,22969240.03,-0.8632157433224208,2,40893.0,22725647.72
Madagascar,2008,12159.88,40895.0,23207286.26,-0.8707320393684159,2,40893.0,22969240.03
Madagascar,2009,12053.07,40895.0,23384849.56,-0.8783803787537292,2,40895.0,23207286.26
Madagascar,2010,11946.26,40895.0,23538155.31,-0.8861642718411167,2,40895.0,23384849.56
Madagascar,2011,11786.128,40895.0,23718482.07,-1.3404362536894365,2,40895.0,23538155.31
Madagascar,2012,11625.996,40895.0,23898330.34,-1.3586480649115718,2,40895.0,23718482.07
Madagascar,2013,11465.864,40895.0,23876927.95,-1.3773615611083923,2,40895.0,23898330.34
Madagascar,2014,11305.732,40895.0,24250396.16,-1.3965977618433212,2,40895.0,23876927.95
Madagascar,2015,11145.6,40895.0,24444752.84,-1.4163788775463648,2,40895.0,24250396.16
Madagascar,2016,11025.174,40895.0,24502797.79,-1.080480189491817,2,40895.0,24444752.84
Madagascar,2017,10904.748,40895.0,24497136.6,-1.0922820809903033,2,40895.0,24502797.79
Madagascar,2018,10784.322,40895.0,20538995.59,-1.1043446396010181,2,40895.0,24497136.6
Madagascar,2019,10663.896,40895.0,20761383.53,-1.1166765977499549,2,40895.0,20538995.59
Madagascar,2020,10543.47,40895.0,18926448.43,-1.129287082319641,2,40895.0,20761383.53
Madagascar,2021,10419.192,40895.0,16738495.45,-1.1787200987910085,2,40895.0,18926448.43
Madagascar,2022,10294.914,40895.0,15082126.66,-1.1927796320482242,2,40895.0,16738495.45
Madagascar,2023,10170.636,40895.0,17925340.02,-1.2071786126625295,2,40895.0,15082126.66
Malawi,1991,3459.754,4320.0,2107241.18,-1.1995682171251132,2,4218.0,2148808.56
Malawi,1992,3417.748,4270.0,2133608.39,-1.2141325654945412,2,4320.0,2107241.18
Malawi,1993,3375.742,4270.0,2083480.0,-1.2290549215448254,2,4270.0,2133608.39
Malawi,1994,3333.736,4070.0,1915582.0,-1.2443486498672107,2,4270.0,2083480.0
Malawi,1995,3291.73,4280.0,1910960.0,-1.2600277886431255,2,4070.0,1915582.0
Malawi,1996,3249.724,4380.0,1970359.0,-1.2761070926230245,2,4280.0,1910960.0
Malawi,1997,3207.718,4430.0,1559580.8,-1.2926020794381432,2,4380.0,1970359.0
Malawi,1998,3165.712,4580.0,1841963.49,-1.3095290795512526,2,4430.0,1559580.8
Malawi,1999,3123.706,4680.0,1834603.2,-1.3269052901843215,2,4580.0,1841963.49
Malawi,2000,3081.7,4730.0,2000260.0,-1.3447488335970204,2,4680.0,1834603.2
Malawi,2001,3039.7,4830.0,2015917.28,-1.3628841223999766,2,4730.0,2000260.0
Malawi,2002,2997.7,4830.0,2398197.24,-1.38171530085206,2,4830.0,2015917.28
Malawi,2003,2955.7,4980.0,2491137.12,-1.4010741568535878,2,4830.0,2398197.24
Malawi,2004,2913.7,4980.0,2491378.36,-1.4209831850323096,2,4980.0,2491137.12
Malawi,2005,2871.7,5180.0,2573287.56,-1.4414661770257742,2,4980.0,2491378.36
Malawi,2006,2829.7,5285.0,2584244.96,-1.4625483163283048,2,5180.0,2573287.56
Malawi,2007,2787.7,5285.0,2829760.92,-1.4842562815846172,2,5285.0,2584244.96
Malawi,2008,2745.7,5435.0,3022600.6,-1.5066183592208682,2,5285.0,2829760.92
Malawi,2009,2703.7,5485.0,3095886.04,-1.529664566412936,2,5435.0,3022600.6
Malawi,2010,2661.7,5485.0,3500309.0,-1.5534267855161432,2,5485.0,3095886.04
Malawi,2011,2619.7,5485.0,3653402.2,-1.5779389112221542,2,5485.0,3500309.0
Malawi,2012,2577.7,5485.0,3829976.92,-1.6032370118715833,2,5485.0,3653402.2
Malawi,2013,2535.7,5545.0,4051057.53,-1.6293595065368316,2,5485.0,3829976.92
Malawi,2014,2493.7,5651.0,4295143.36,-1.6563473597034362,2,5545.0,4051057.53
Malawi,2015,2451.7,5706.0,4542362.16,-1.6842442956249704,2,5651.0,4295143.36
Malawi,2016,2409.7,5762.0,4701685.6,-1.713097034710609,2,5706.0,4542362.16
Malawi,2017,2367.7,5817.0,4907638.64,-1.742955554633352,2,5762.0,4701685.6
Malawi,2018,2325.7,5873.0,5367978.14,-1.7738733792287853,2,5817.0,4907638.64
Malawi,2019,2283.7,5928.0,6045623.79,-1.8059078986971677,2,5873.0,5367978.14
Malawi,2020,2241.7,5984.0,6290819.970000001,-1.8391207251390318,2,5928.0,6045623.79
Malawi,2021,2199.7,6050.0,6618529.02,-1.8735780880581698,2,5984.0,6290819.970000001
Malawi,2022,2157.7,6050.0,6875133.52,-1.9093512751738873,2,6050.0,6618529.02
Malawi,2023,2115.7,6050.0,7159710.27,-1.9465171247161295,2,6050.0,6875133.52
Malaysia,1991,20525.785,6794.5,1846573.42,-0.449668986589713,2,6756.6,2037012.22
Malaysia,1992,20433.07,6806.5,1885498.27,-0.4517001420408562,2,6794.5,1846573.42
Malaysia,1993,20340.355,6891.4,1994732.56,-0.453749730216757,2,6806.5,1885498.27
Malaysia,1994,20247.64,6990.9,2163719.48,-0.4558180031764447,2,6891.4,1994732.56
Malaysia,1995,20154.925,6966.0,2173050.0,-0.4579052175957332,2,6990.9,2163719.48
Malaysia,1996,20062.21,6961.1,2141032.91,-0.4600116348733585,2,6966.0,2173050.0
Malaysia,1997,19969.495,6958.7,2160102.38,-0.46213752124018015,2,6961.1,2141032.91
Malaysia,1998,19876.78,6944.7,2205715.49,-0.46428314787129166,2,6958.7,2160102.38
Malaysia,1999,19784.065,6947.1,2196053.3200000003,-0.4664487910013615,2,6944.7,2205715.49
Malaysia,2000,19691.35,6938.7,2181409.2,-0.46863473204318273,2,6947.1,2196053.3200000003
Malaysia,2001,19616.98,6947.0,2283330.39,-0.37767852381882516,2,6938.7,2181409.2
Malaysia,2002,19542.61,7037.5,2138167.32,-0.3791103421627584,2,6947.0,2283330.39
Malaysia,2003,19468.24,7116.24,2185952.0700000003,-0.38055305816366847,2,7037.5,2138167.32
Malaysia,2004,19393.87,7131.7,2265535.51,-0.38200679671096527,2,7116.24,2185952.0700000003
Malaysia,2005,19319.5,7134.41,2234548.6,-0.38347168460961534,2,7131.7,2265535.51
Malaysia,2006,19245.13,7075.2,2297100.22,-0.38494785061724546,2,7134.41,2234548.6
Malaysia,2007,19170.76,7107.2,2382868.32,-0.3864354254816793,2,7075.2,2297100.22
Malaysia,2008,19096.39,7150.4,2390825.37,-0.387934541979551,2,7107.2,2382868.32
Malaysia,2009,19022.02,7220.0,2440798.68,-0.38944533495597344,2,7150.4,2390825.37
Malaysia,2010,18947.65,7389.3,2420219.05,-0.39096794136479485,2,7220.0,2440798.68
Malaysia,2011,19050.964,7530.6,2308442.91,0.5452602301604603,0,7389.3,2420219.05
Malaysia,2012,19154.278,7829.2,2286260.71,0.5423032661234339,0,7530.6,2308442.91
Malaysia,2013,19257.592,8059.3,2327341.32,0.5393782005252312,0,7829.2,2286260.71
Malaysia,2014,19360.906,8089.0,2361271.37,0.5364845199752777,0,8059.3,2327341.32
Malaysia,2015,19464.22,8569.97,2406593.48,0.533621722041322,0,8089.0,2361271.37
Malaysia,2016,19408.324,8571.0,2251588.04,-0.28717307963022076,2,8569.97,2406593.48
Malaysia,2017,19352.428,8571.0,2122260.5,-0.2880001384972797,2,8571.0,2251588.04
Malaysia,2018,19296.532,8571.0,2013152.38,-0.2888319749852597,2,8571.0,2122260.5
Malaysia,2019,19240.636,8571.0,1897831.97,-0.28966863061197223,2,8571.0,2013152.38
Malaysia,2020,19184.74,8571.0,2058823.27,-0.2905101473776539,2,8571.0,1897831.97
Malaysia,2021,19124.74,8571.0,2098549.9,-0.3127485699571664,2,8571.0,2058823.27
Malaysia,2022,19064.74,8571.0,2127199.45,-0.3137297552803342,2,8571.0,2098549.9
Malaysia,2023,19004.74,8571.0,2123198.56,-0.3147171165198137,2,8571.0,2127199.45
Mali,1991,13897.814,32143.0,13218042.83,-0.7182698544686672,2,32128.0,13159314.8
Mali,1992,13797.268,32253.0,13406919.85,-0.7234662947712467,2,32143.0,13218042.83
Mali,1993,13696.722,33160.0,13571926.54,-0.7287384719931511,2,32253.0,13406919.85
Mali,1994,13596.176,35270.0,13724250.79,-0.7340880540613992,2,33160.0,13571926.54
Mali,1995,13495.63,35419.0,13873793.71,-0.7395167582414319,2,35270.0,13724250.79
Mali,1996,13395.084,36650.0,14029677.4,-0.7450263529749868,2,35419.0,13873793.71
Mali,1997,13294.538,37650.0,14200207.94,-0.7506186598008613,2,36650.0,14029677.4
Mali,1998,13193.992,37650.0,14393106.23,-0.7562955553626627,2,37650.0,14200207.94
Mali,1999,13093.446,37650.0,14615665.19,-0.7620589735085503,2,37650.0,14393106.23
Mali,2000,12992.9,38665.0,14822854.78,-0.7679109074876123,2,37650.0,14615665.19
Mali,2001,12892.354,39309.0,15110319.22,-0.7738534122482266,2,38665.0,14822854.78
Mali,2002,12791.808,39684.0,16716381.27,-0.7798886068440147,2,39309.0,15110319.22
Mali,2003,12691.262,40726.0,17315886.55,-0.7860186769532485,2,39684.0,16716381.27
Mali,2004,12590.716,39691.0,17880907.02,-0.7922458775179386,2,40726.0,17315886.55
Mali,2005,12490.17,40392.0,18463209.18,-0.7985725355095008,2,39691.0,17880907.02
Mali,2006,12389.624,40466.0,18806176.11,-0.8050010528279472,2,40392.0,18463209.18
Mali,2007,12289.078,40597.0,19970265.86,-0.8115339093422103,2,40466.0,18806176.11
Mali,2008,12188.532,40830.9703,20212857.2,-0.8181736660797467,2,40597.0,19970265.86
Mali,2009,12087.986,41056.1075,20867479.6,-0.8249229685740489,2,40830.9703,20212857.2
Mali,2010,11987.44,41075.4446,21130209.9,-0.8317845503791998,2,41056.1075,20867479.6
Mali,2011,11886.894,41253.0663,21723884.34,-0.838761236761143,2,41075.4446,21130209.9
Mali,2012,11786.348,41444.5518,23002754.14,-0.8458559485766459,2,41253.0663,21723884.34
Mali,2013,11685.802,41628.688,22467426.46,-0.8530717063504389,2,41444.5518,23002754.14
Mali,2014,11585.256,41795.8601,23332121.8,-0.8604116345630408,2,41628.688,22467426.46
Mali,2015,11484.71,41953.3454,24188243.8,-0.8678789661618169,2,41795.8601,23332121.8
Mali,2016,11384.164,42225.843,25544546.7,-0.8754770473089701,2,41953.3454,24188243.8
Mali,2017,11283.618,42389.4459,26841891.71,-0.8832093423812304,2,42225.843,25544546.7
Mali,2018,11183.072,42598.8366,27521834.95,-0.8910794392365973,2,42389.4459,26841891.71
Mali,2019,11082.526,42815.0378,28364567.17,-0.8990910547656328,2,42598.8366,27521834.95
Mali,2020,10981.98,43008.8653,29747180.87,-0.9072480407445016,2,42815.0378,28364567.17
Mali,2021,10881.434,43236.683,30112938.39,-0.9155543900098206,2,43008.8653,29747180.87
Mali,2022,10780.888,43275.4121,31056388.05,-0.9240142429756792,2,43236.683,30112938.39
Mali,2023,10680.342,43279.4888,31845902.84,-0.9326318945155565,2,43275.4121,31056388.05
Malta,1991,0.35,13.0,113682.83,0.0,1,13.0,100982.94
Malta,1992,0.35,13.0,132610.09,0.0,1,13.0,113682.83
Malta,1993,0.35,13.0,130293.51,0.0,1,13.0,132610.09
Malta,1994,0.35,13.0,123556.05,0.0,1,13.0,130293.51
Malta,1995,0.35,11.0,106824.67,0.0,1,13.0,123556.05
Malta,1996,0.35,11.0,120367.49,0.0,1,11.0,106824.67
Malta,1997,0.35,10.0,127007.51,0.0,1,11.0,120367.49
Malta,1998,0.35,9.0,120241.65,0.0,1,10.0,127007.51
Malta,1999,0.35,9.0,125371.91,0.0,1,9.0,120241.65
Malta,2000,0.35,9.0,121488.15,0.0,1,9.0,125371.91
Malta,2001,0.35,10.0,119759.66,0.0,1,9.0,121488.15
Malta,2002,0.35,10.0,116727.89,0.0,1,10.0,119759.66
Malta,2003,0.35,10.4,109797.69,0.0,1,10.0,116727.89
Malta,2004,0.35,10.0,105857.85,0.0,1,10.4,109797.69
Malta,2005,0.35,9.3,111360.07,0.0,1,10.0,105857.85
Malta,2006,0.35,9.3,111489.57,0.0,1,9.3,111360.07
Malta,2007,0.35,9.3,108549.82,0.0,1,9.3,111489.57
Malta,2008,0.35,9.3,110183.86,0.0,1,9.3,108549.82
Malta,2009,0.35,9.3,105377.85,0.0,1,9.3,110183.86
Malta,2010,0.35,10.33,103277.06,0.0,1,9.3,105377.85
Malta,2011,0.35,10.33,96902.25,0.0,1,10.33,103277.06
Malta,2012,0.35,10.3,99027.94,0.0,1,10.33,96902.25
Malta,2013,0.35,10.23,95926.13,0.0,1,10.3,99027.94
Malta,2014,0.35,10.23,97210.56,0.0,1,10.23,95926.13
Malta,2015,0.35,10.23,94744.27,0.0,1,10.23,97210.56
Malta,2016,0.372,10.38,96877.44,6.2857142857142945,0,10.23,94744.27
Malta,2017,0.394,10.38,93679.81,5.913978494623651,0,10.38,96877.44
Malta,2018,0.416,10.38,91982.0,5.583756345177648,0,10.38,93679.81
Malta,2019,0.438,10.38,91498.0,5.288461538461542,0,10.38,91982.0
Malta,2020,0.46,9.11,94568.0,5.022831050228316,0,10.38,91498.0
Malta,2021,0.462,8.75,90016.0,0.43478260869564966,0,9.11,94568.0
Malta,2022,0.464,8.75,89807.0,0.43290043290042934,0,8.75,90016.0
Malta,2023,0.466,8.291,88908.0,0.4310344827586299,0,8.75,89807.0
Martinique,1991,47.93,36.0,134251.0,0.1881270903010046,0,39.0,133786.32
Martinique,1992,48.02,35.0,130404.0,0.18777383684540627,0,36.0,134251.0
Martinique,1993,48.11,31.0,114265.0,0.18742190753850974,0,35.0,130404.0
Martinique,1994,48.2,34.0,111331.0,0.1870712949490816,0,31.0,114265.0
Martinique,1995,48.29,32.0,110640.0,0.18672199170124415,0,34.0,111331.0
Martinique,1996,48.38,33.0,112833.0,0.1863739904742312,0,32.0,110640.0
Martinique,1997,48.47,33.0,103289.0,0.18602728400165525,0,33.0,112833.0
Martinique,1998,48.56,34.0,104664.0,0.18568186507117446,0,33.0,103289.0
Martinique,1999,48.65,34.0,102914.0,0.18533772652387093,0,34.0,104664.0
Martinique,2000,48.74,33.0,101140.0,0.184994861253851,0,34.0,102914.0
Martinique,2001,48.895,33.0,96771.0,0.3180139515798208,0,33.0,101140.0
Martinique,2002,49.05,33.0,88039.0,0.3170058288168409,0,33.0,96771.0
Martinique,2003,49.205,32.0,86071.0,0.31600407747196524,0,33.0,88039.0
Martinique,2004,49.36,30.0,89907.0,0.3150086373336025,0,32.0,86071.0
Martinique,2005,49.515,28.0,83553.0,0.314019448946512,0,30.0,89907.0
Martinique,2006,49.67,28.0,84187.0,0.31303645359992416,0,28.0,83553.0
Martinique,2007,49.825,37.8,0.0,0.3120595933158832,0,28.0,84187.0
Martinique,2008,49.98,37.7,0.0,0.31108881083792284,0,37.8,0.0
Martinique,2009,50.135,37.4,0.0,0.3101240496198532,0,37.7,0.0
Martinique,2010,50.29,37.4,0.0,0.3091652538147027,0,37.4,0.0
Martinique,2011,50.49,36.8,0.0,0.39769337840525054,0,37.4,0.0
Martinique,2012,50.69,36.8,0.0,0.39611804317685184,0,36.8,0.0
Martinique,2013,50.89,36.8,0.0,0.39455513908068784,0,36.8,0.0
Martinique,2014,51.09,31.6,0.0,0.393004519551976,0,36.8,0.0
Martinique,2015,51.29,31.5,0.0,0.39146604032098686,0,31.6,0.0
Martinique,2016,51.49,30.9,0.0,0.38993955936830194,0,31.5,0.0
Martinique,2017,51.69,29.95,0.0,0.3884249368809378,0,30.9,0.0
Martinique,2018,51.89,31.33,0.0,0.3869220352099134,0,29.95,0.0
Martinique,2019,52.09,31.3,0.0,0.3854307188283057,0,31.33,0.0
Martinique,2020,52.29,30.2,0.0,0.3839508542906378,0,31.3,0.0
Martinique,2021,52.366,30.189,0.0,0.14534327787338874,0,30.2,0.0
Martinique,2022,52.442,31.304,0.0,0.14513233777642132,0,30.189,0.0
Martinique,2023,52.518,31.223,0.0,0.14492200907669783,0,31.304,0.0
Mauritania,1991,929.778,39666.0,3763751.88,0.28344928005177294,0,39656.0,3585167.6
Mauritania,1992,932.406,39678.0,3316294.22,0.28264811600187123,0,39666.0,3763751.88
Mauritania,1993,935.034,39690.0,3158189.06,0.2818514681372841,0,39678.0,3316294.22
Mauritania,1994,937.662,39710.0,2925853.6,0.2810592983784499,0,39690.0,3158189.06
Mauritania,1995,940.29,39710.0,2964282.66,0.2802715690728652,0,39710.0,2925853.6
Mauritania,1996,942.918,39710.0,3009805.34,0.2794882429888679,0,39710.0,2964282.66
Mauritania,1997,945.546,39710.0,3561757.88,0.2787092833099081,0,39710.0,3009805.34
Mauritania,1998,948.174,39710.0,3691827.0,0.2779346536286864,0,39710.0,3561757.88
Mauritania,1999,950.802,39710.0,3888672.55,0.2771643179416472,0,39710.0,3691827.0
Mauritania,2000,953.43,39710.0,4213593.34,0.2763982406431609,0,39710.0,3888672.55
Mauritania,2001,956.057,39710.0,4346139.45,0.2755315020505078,0,39710.0,4213593.34
Mauritania,2002,958.684,39710.0,4362013.45,0.2747744119858897,0,39710.0,4346139.45
Mauritania,2003,961.311,39710.0,4457356.55,0.2740214710999833,0,39710.0,4362013.45
Mauritania,2004,963.938,39710.0,4043526.66,0.27327264537697626,0,39710.0,4457356.55
Mauritania,2005,966.565,39710.0,4117922.0,0.2725279011720705,0,39710.0,4043526.66
Mauritania,2006,969.192,39710.0,4781494.66,0.27178720520606436,0,39710.0,4117922.0
Mauritania,2007,971.819,39710.0,4132240.66,0.2710505245606676,0,39710.0,4781494.66
Mauritania,2008,974.446,39710.0,4197206.66,0.2703178266734829,0,39710.0,4132240.66
Mauritania,2009,977.073,39710.0,4810004.66,0.2695890793332767,0,39710.0,4197206.66
Mauritania,2010,979.7,39710.0,4783700.99,0.268864250675227,0,39710.0,4810004.66
Mauritania,2011,982.328,39710.0,4852937.0,0.26824538123915165,0,39710.0,4783700.99
Mauritania,2012,984.956,39710.0,4942940.34,0.26752775040517207,0,39710.0,4852937.0
Mauritania,2013,987.584,39710.0,4985577.66,0.2668139490494825,0,39710.0,4942940.34
Mauritania,2014,990.212,39710.0,5149572.22,0.266103946601004,0,39710.0,4985577.66
Mauritania,2015,992.84,39710.0,5193478.99,0.26539771281302027,0,39710.0,5149572.22
Mauritania,2016,995.468,39710.0,5516449.77,0.26469521775915883,0,39710.0,5193478.99
Mauritania,2017,998.096,39710.0,5314088.8,0.2639964318290611,0,39710.0,5516449.77
Mauritania,2018,1000.724,39710.0,5293170.21,0.26330132572418563,0,39710.0,5314088.8
Mauritania,2019,1003.352,39710.0,5382078.22,0.26260987045378936,0,39710.0,5293170.21
Mauritania,2020,1005.98,39710.0,5483785.3,0.26192203733086394,0,39710.0,5382078.22
Mauritania,2021,1008.61,39710.0,5523035.0,0.26143660907771427,0,39710.0,5483785.3
Mauritania,2022,1011.24,39710.0,5585037.359999999,0.26075490030834647,0,39710.0,5523035.0
Mauritania,2023,1013.87,39710.0,5547388.92,0.2600767374708379,0,39710.0,5585037.359999999
Mauritius,1991,41.156,109.4894,123970.81,0.20939858777695441,0,110.617,133764.41
Mauritius,1992,41.242,109.0,133725.2,0.2089610263388053,0,109.4894,123970.81
Mauritius,1993,41.328,107.0,118221.09,0.20852528975316975,0,109.0,133725.2
Mauritius,1994,41.414,105.4894,119701.64,0.20809136662793826,0,107.0,118221.09
Mauritius,1995,41.5,103.4681,114380.5,0.20765924566570337,0,105.4894,119701.64
Mauritius,1996,41.586,101.3191,105640.77,0.20722891566264945,0,103.4681,114380.5
Mauritius,1997,41.672,99.8085,100523.85,0.20680036550762004,0,101.3191,105640.77
Mauritius,1998,41.758,100.6809,115811.75,0.20637358418122975,0,99.8085,100523.85
Mauritius,1999,41.844,98.4255,121457.95,0.2059485607548206,0,100.6809,115811.75
Mauritius,2000,41.93,99.6809,127716.42,0.20552528438964046,0,98.4255,121457.95
Mauritius,2001,41.573,102.0,80986.9,-0.8514190317195358,2,99.6809,127716.42
Mauritius,2002,41.216,100.0,82053.93,-0.8587304259976447,2,102.0,80986.9
Mauritius,2003,40.859,99.0,79960.70999999999,-0.8661684782608647,2,100.0,82053.93
Mauritius,2004,40.502,98.0,86731.64,-0.8737365084803828,2,99.0,79960.70999999999
Mauritius,2005,40.145,96.0,79560.42,-0.8814379536812966,2,98.0,86731.64
Mauritius,2006,39.788,94.0,82030.09,-0.8892763731473519,2,96.0,79560.42
Mauritius,2007,39.431,92.0,57962.5,-0.8972554539056987,2,94.0,82030.09
Mauritius,2008,39.074,91.0,74151.01,-0.9053790165098552,2,92.0,57962.5
Mauritius,2009,38.717,91.0,72206.0,-0.9136510211393722,2,91.0,74151.01
Mauritius,2010,38.36,91.0,65110.86,-0.9220755740372399,2,91.0,72206.0
Mauritius,2011,38.348,89.0,74485.55,-0.03128258602711487,1,91.0,65110.86
Mauritius,2012,38.336,87.0,70659.53,-0.03129237509127414,1,89.0,74485.55
Mauritius,2013,38.324,86.0,65877.91,-0.031302170283808994,1,87.0,70659.53
Mauritius,2014,38.312,86.0,60238.69,-0.03131197161048149,1,86.0,65877.91
Mauritius,2015,38.3,86.0,55920.51,-0.03132177907705369,1,86.0,60238.69
Mauritius,2016,38.298,86.0,48371.74,-0.005221932114873873,1,86.0,55920.51
Mauritius,2017,38.296,86.0,45493.5,-0.005222204814880893,1,86.0,48371.74
Mauritius,2018,38.294,86.0,45874.53,-0.005222477543354032,1,86.0,45493.5
Mauritius,2019,38.292,86.0,44332.17,-0.0052227503002932885,1,86.0,45874.53
Mauritius,2020,38.29,86.0,43714.86,-0.005223023085765277,1,86.0,44332.17
Mauritius,2021,38.29,86.0,41605.2,0.0,1,86.0,43714.86
Mauritius,2022,38.29,86.0,45996.72,0.0,1,86.0,41605.2
Mauritius,2023,38.29,85.9574,45136.8,0.0,1,86.0,45996.72
Melanesia,1991,39898.095,1809.0,1832248.57,-0.044305785832066125,1,1790.0,1816384.48
Melanesia,1992,39880.41,1818.2,1824858.93,-0.04432542455974353,1,1809.0,1832248.57
Melanesia,1993,39862.725,1843.4,1920233.95,-0.04434508070505494,1,1818.2,1824858.93
Melanesia,1994,39845.04,1847.6,1944803.35,-0.044364754291126296,1,1843.4,1920233.95
Melanesia,1995,39827.355,1865.8,1967972.7,-0.04438444534125008,1,1847.6,1944803.35
Melanesia,1996,39809.67,1886.0,1958842.22,-0.04440415387867436,1,1865.8,1967972.7
Melanesia,1997,39791.985,1891.2,1982086.15,-0.044423879926658305,1,1886.0,1958842.22
Melanesia,1998,39774.3,1933.4,1941987.48,-0.04444362350859432,1,1891.2,1982086.15
Melanesia,1999,39756.615,1950.6,1933003.37,-0.044463384647885906,1,1933.4,1941987.48
Melanesia,2000,39738.93,1955.8,1914656.05,-0.044483163367903256,1,1950.6,1933003.37
Melanesia,2001,39720.07,1961.0,1913221.85,-0.0474597579753655,1,1955.8,1914656.05
Melanesia,2002,39701.21,1970.2,1844739.82,-0.04748229295669093,1,1961.0,1913221.85
Melanesia,2003,39682.35,1969.0,1840164.15,-0.04750484934842314,1,1970.2,1844739.82
Melanesia,2004,39663.49,1972.2,1832115.98,-0.047527427181104365,1,1969.0,1840164.15
Melanesia,2005,39644.63,1985.7,1831397.86,-0.04755002648532125,1,1972.2,1832115.98
Melanesia,2006,39625.77,1994.7,1799023.87,-0.04757264729170485,1,1985.7,1831397.86
Melanesia,2007,39606.91,2049.5,1864015.92,-0.04759528963095283,1,1994.7,1799023.87
Melanesia,2008,39588.05,2068.3,1863966.79,-0.04761795353386278,1,2049.5,1864015.92
Melanesia,2009,39569.19,2082.4,1760626.64,-0.04764063903122118,1,2068.3,1863966.79
Melanesia,2010,39550.33,2065.6,1812266.63,-0.04766334615391443,1,2082.4,1760626.64
Melanesia,2011,39557.954,2079.2,1782113.24,0.01927670388590652,1,2065.6,1812266.63
Melanesia,2012,39565.578,2072.134,1786730.95,0.01927298868895644,1,2079.2,1782113.24
Melanesia,2013,39573.202,2072.03,1838313.96,0.019269274923772173,1,2072.134,1786730.95
Melanesia,2014,39580.826,2092.53,1419838.7,0.019265562589554364,1,2072.03,1838313.96
Melanesia,2015,39588.45,2109.73,1215864.49,0.01926185168545924,1,2092.53,1419838.7
Melanesia,2016,39568.904,2115.53,1153112.84,-0.049372986312912204,1,2109.73,1215864.49
Melanesia,2017,39549.358,2192.93,1120550.81,-0.04939737527226429,1,2115.53,1153112.84
Melanesia,2018,39529.812,2193.53,1083648.97,-0.04942178833852173,1,2192.93,1120550.81
Melanesia,2019,39510.266,2192.63,1177792.54,-0.04944622554743372,1,2193.53,1083648.97
Melanesia,2020,39490.72,2192.23,1092946.96,-0.04947068693489376,1,2192.63,1177792.54
Melanesia,2021,39488.484,2196.53,1092045.17,-0.005662089726410358,1,2192.23,1092946.96
Melanesia,2022,39486.248,2194.93,1121237.26,-0.005662410337148316,1,2196.53,1092045.17
Melanesia,2023,39484.012,2196.83,1188453.48,-0.0056627309842127715,1,2194.93,1121237.26
Mexico,1991,71582.903,106154.0,97577172.83,-0.30782019869941557,2,105151.0,94884877.36
Mexico,1992,71361.876,106177.0,96456099.7,-0.3087706571497928,2,106154.0,97577172.83
Mexico,1993,71140.849,106180.0,97842016.5,-0.309727003253113,2,106177.0,96456099.7
Mexico,1994,70919.822,106190.0,100236523.72,-0.31068929188630134,2,106180.0,97842016.5
Mexico,1995,70698.795,106195.0,101187558.17,-0.31165757861039145,2,106190.0,100236523.72
Mexico,1996,70477.768,106310.0,97403543.74,-0.3126319196812388,2,106195.0,101187558.17
Mexico,1997,70256.741,106310.0,98188725.43,-0.31361237206036785,2,106310.0,97403543.74
Mexico,1998,70035.714,106325.0,100379758.66,-0.3145989934261073,2,106310.0,98188725.43
Mexico,1999,69814.687,106326.0,100511760.76,-0.31559184218498126,2,106325.0,100379758.66
Mexico,2000,69593.66,106330.0,102193921.92,-0.3165909774830111,2,106326.0,100511760.76
Mexico,2001,69449.859,106550.0,103158368.54,-0.20662945446467962,2,106330.0,102193921.92
Mexico,2002,69306.058,106550.0,105038093.5,-0.2070572958254524,2,106550.0,103158368.54
Mexico,2003,69162.257,106550.0,105651608.41,-0.20748691261592844,2,106550.0,105038093.5
Mexico,2004,69018.456,106570.0,107229892.59,-0.20791831591036036,2,106550.0,105651608.41
Mexico,2005,68874.655,106570.0,106765307.52,-0.20835151687543796,2,106570.0,107229892.59
Mexico,2006,68730.854,106570.0,108203557.83,-0.20878652677097653,2,106570.0,106765307.52
Mexico,2007,68587.053,106700.0,109783673.98,-0.20922335695117145,2,106570.0,108203557.83
Mexico,2008,68443.252,103355.0,111266152.47,-0.20966201886528646,2,106700.0,109783673.98
Mexico,2009,68299.451,102682.0,113179364.44,-0.21010252405889718,2,103355.0,111266152.47
Mexico,2010,68155.65,101807.0,115016609.09,-0.21054488417484585,2,102682.0,113179364.44
Mexico,2011,68033.172,101322.0,116861722.38,-0.17970337015345006,2,101807.0,115016609.09
Mexico,2012,67910.694,100512.0,115526726.03,-0.18002688453215843,2,101322.0,116861722.38
Mexico,2013,67788.216,99486.0,116077824.84,-0.18035156583733336,2,100512.0,115526726.03
Mexico,2014,67665.738,98748.0,116602491.4,-0.18067742039413748,2,99486.0,116077824.84
Mexico,2015,67543.26,98680.0,117724765.73,-0.18100445457345238,2,98748.0,116602491.4
Mexico,2016,67415.492,98338.0,116314155.98,-0.18916469237640898,2,98680.0,117724765.73
Mexico,2017,67287.724,96946.0,117839211.34,-0.18952320336103057,2,98338.0,116314155.98
Mexico,2018,67159.956,96516.0,119705426.34,-0.18988307584901776,2,96946.0,117839211.34
Mexico,2019,67032.188,96106.0,121307206.25,-0.19024431761094363,2,96516.0,119705426.34
Mexico,2020,66904.42,100142.4756,123218925.97,-0.19060693647654503,2,96106.0,121307206.25
Mexico,2021,66776.654,100125.8815,124947932.29,-0.19096795099636799,2,100142.4756,123218925.97
Mexico,2022,66648.888,98888.975,126395705.69,-0.1913333363483427,2,100125.8815,124947932.29
Mexico,2023,66521.122,98545.4116,127823279.94,-0.1917001225887005,2,98888.975,126395705.69
Micronesia,1991,156.691,81.7,35696.630000000005,0.10925121390237269,0,94.66,0.0
Micronesia,1992,156.862,81.7,35692.4,0.10913198588304862,0,81.7,35696.630000000005
Micronesia,1993,157.033,79.7,35700.75,0.10901301781183204,0,81.7,35692.4
Micronesia,1994,157.204,79.7,35692.54,0.10889430883955775,0,79.7,35700.75
Micronesia,1995,157.375,79.7,35593.2,0.10877585812065771,0,79.7,35692.54
Micronesia,1996,157.546,79.7,35593.2,0.1086576648133386,0,79.7,35593.2
Micronesia,1997,157.717,79.7,35593.2,0.10853972807942647,0,79.7,35593.2
Micronesia,1998,157.888,75.7,35593.2,0.10842204708432224,0,79.7,35593.2
Micronesia,1999,158.059,75.7,35593.2,0.10830462099715721,0,75.7,35593.2
Micronesia,2000,158.23,75.7,35593.2,0.10818744899057098,0,75.7,35593.2
Micronesia,2001,158.355,75.7,35593.2,0.07899892561460398,1,75.7,35593.2
Micronesia,2002,158.48,75.7,35593.2,0.07893656657509407,1,75.7,35593.2
Micronesia,2003,158.605,75.7,35593.2,0.0788743059061181,1,75.7,35593.2
Micronesia,2004,158.73,75.7,35593.2,0.07881214337506215,1,75.7,35593.2
Micronesia,2005,158.855,75.7,35593.2,0.07875007875008944,1,75.7,35593.2
Micronesia,2006,158.98,75.7,35593.2,0.07868811180007373,1,75.7,35593.2
Micronesia,2007,159.105,73.4,36221.37,0.07862624229462156,1,75.7,35593.2
Micronesia,2008,159.23,73.4,35753.05,0.07856447000409439,1,73.4,36221.37
Micronesia,2009,159.355,71.9,37717.05,0.07850279469949761,1,73.4,35753.05
Micronesia,2010,159.48,71.9,37323.86,0.07844121615261379,1,71.9,37717.05
Micronesia,2011,161.256,71.9,39680.19,1.1136192626034713,0,71.9,37323.86
Micronesia,2012,163.032,70.9,39563.130000000005,1.1013543682095506,0,71.9,39680.19
Micronesia,2013,164.808,70.4,40676.8,1.0893566907110186,0,70.9,39563.130000000005
Micronesia,2014,166.584,70.4,40563.89,1.0776175913790764,0,70.4,40676.8
Micronesia,2015,168.36,69.4,41300.27,1.0661287998847468,0,70.4,40563.89
Micronesia,2016,168.538,69.4,42096.66,0.105725825611791,0,69.4,41300.27
Micronesia,2017,168.716,69.4,41524.82,0.10561416416474678,0,69.4,42096.66
Micronesia,2018,168.894,67.24,41768.6,0.1055027383294993,0,69.4,41524.82
Micronesia,2019,169.072,67.24,41734.7,0.1053915473610667,0,67.24,41768.6
Micronesia,2020,169.25,67.24,43370.03,0.10528059051764238,0,67.24,41734.7
Micronesia,2021,169.37,67.24,42547.79,0.07090103397342506,1,67.24,43370.03
Micronesia,2022,169.49,67.24,43069.65,0.0708508000236252,1,67.24,42547.79
Micronesia,2023,169.61,67.24,43641.39,0.07080063720574792,1,67.24,43069.65
Micronesia (Federated States of),1992,63.636,5.5,35692.4,0.0440196201735743,1,5.5,35696.630000000005
Micronesia (Federated States of),1993,63.664,5.5,35700.75,0.04400025143000974,1,5.5,35692.4
Micronesia (Federated States of),1994,63.692,5.5,35692.54,0.04398089972355024,1,5.5,35700.75
Micronesia (Federated States of),1995,63.72,5.5,35593.2,0.043961565031702676,1,5.5,35692.54
Micronesia (Federated States of),1996,63.748,5.5,35593.2,0.04394224733208496,1,5.5,35593.2
Micronesia (Federated States of),1997,63.776,5.5,35593.2,0.04392294660224838,1,5.5,35593.2
Micronesia (Federated States of),1998,63.804,5.5,35593.2,0.043903662819877454,1,5.5,35593.2
Micronesia (Federated States of),1999,63.832,5.5,35593.2,0.04388439596263449,1,5.5,35593.2
Micronesia (Federated States of),2000,63.86,5.5,35593.2,0.04386514600827063,1,5.5,35593.2
Micronesia (Federated States of),2001,63.887,5.5,35593.2,0.042279987472593206,1,5.5,35593.2
Micronesia (Federated States of),2002,63.914,5.5,35593.2,0.0422621190539596,1,5.5,35593.2
Micronesia (Federated States of),2003,63.941,5.5,35593.2,0.04224426573207207,1,5.5,35593.2
Micronesia (Federated States of),2004,63.968,5.5,35593.2,0.04222642748783478,1,5.5,35593.2
Micronesia (Federated States of),2005,63.995,5.5,35593.2,0.0422086043021519,1,5.5,35593.2
Micronesia (Federated States of),2006,64.022,5.5,35593.2,0.04219079615597199,1,5.5,35593.2
Micronesia (Federated States of),2007,64.049,5.5,36221.37,0.04217300303019922,1,5.5,35593.2
Micronesia (Federated States of),2008,64.076,5.5,35753.05,0.04215522490591539,1,5.5,36221.37
Micronesia (Federated States of),2009,64.103,5.0,37717.05,0.04213746176415789,1,5.5,35753.05
Micronesia (Federated States of),2010,64.13,5.0,37323.86,0.04211971358594191,1,5.0,37717.05
Micronesia (Federated States of),2011,64.158,5.0,39680.19,0.04366131295805431,1,5.0,37323.86
Micronesia (Federated States of),2012,64.186,5.0,39563.130000000005,0.04364225817514722,1,5.0,39680.19
Micronesia (Federated States of),2013,64.214,5.0,40676.8,0.04362322001680852,1,5.0,39563.130000000005
Micronesia (Federated States of),2014,64.242,5.0,40563.89,0.04360419846141106,1,5.0,40676.8
Micronesia (Federated States of),2015,64.27,5.0,41300.27,0.043585193487105656,1,5.0,40563.89
Micronesia (Federated States of),2016,64.3,5.0,42096.66,0.04667807686322689,1,5.0,41300.27
Micronesia (Federated States of),2017,64.33,5.0,41524.82,0.04665629860032272,1,5.0,42096.66
Micronesia (Federated States of),2018,64.36,5.0,41768.6,0.04663454064977035,1,5.0,41524.82
Micronesia (Federated States of),2019,64.39,5.0,41734.7,0.046612802983214685,1,5.0,41768.6
Micronesia (Federated States of),2020,64.42,5.0,43370.03,0.04659108557230063,1,5.0,41734.7
Micronesia (Federated States of),2021,64.45,5.0,42547.79,0.04656938838869529,1,5.0,43370.03
Micronesia (Federated States of),2022,64.48,5.0,43069.65,0.046547711404199,1,5.0,42547.79
Micronesia (Federated States of),2023,64.51,5.0,43641.39,0.04652605459056769,1,5.0,43069.65
Middle Africa,1991,361508.254,145633.947,49713225.39,-0.28071262547826326,2,145497.048,48665701.89
Middle Africa,1992,360490.598,145692.618,50741811.77,-0.28150283948980004,2,145633.947,49713225.39
Middle Africa,1993,359472.942,145733.812,51164960.49,-0.2822975150103657,2,145692.618,50741811.77
Middle Africa,1994,358455.286,145745.247,51926676.83,-0.28309668993110604,2,145733.812,51164960.49
Middle Africa,1995,357437.63,145552.727,52984358.67,-0.28390040257351146,2,145745.247,51926676.83
Middle Africa,1996,356419.974,145506.7,55152398.370000005,-0.28470869169539004,2,145552.727,52984358.67
Middle Africa,1997,355402.318,145629.277,57666184.0,-0.2855215964972735,2,145506.7,55152398.370000005
Middle Africa,1998,354384.662,145696.103,59891903.75,-0.2863391566286899,2,145629.277,57666184.0
Middle Africa,1999,353367.006,145667.753,62984408.97,-0.2871614121945365,2,145696.103,59891903.75
Middle Africa,2000,352349.35,145630.192,66030722.4,-0.28798840376172974,2,145667.753,62984408.97
Middle Africa,2001,350955.18,145576.903,67471761.99,-0.395678323232318,2,145630.192,66030722.4
Middle Africa,2002,349561.01,145605.297,68510365.87,-0.39725015598857105,2,145576.903,67471761.99
Middle Africa,2003,348166.84,145757.49,70651541.65,-0.3988345267682991,2,145605.297,68510365.87
Middle Africa,2004,346772.67,145622.367,72768147.77,-0.40043158619013086,2,145757.49,70651541.65
Middle Africa,2005,345378.5,145602.829,76300195.22,-0.40204148729482414,2,145622.367,72768147.77
Middle Africa,2006,343984.33,145596.035,78846555.44,-0.4036643855943489,2,145602.829,76300195.22
Middle Africa,2007,342590.16,145778.674,82155970.82,-0.4053004391217585,2,145596.035,78846555.44
Middle Africa,2008,341195.99,145835.218,82929311.69,-0.40694980848252627,2,145778.674,82155970.82
Middle Africa,2009,339801.82,147623.546,85463867.77,-0.4086126569072479,2,145835.218,82929311.69
Middle Africa,2010,338407.65,149963.224,87738088.35,-0.41028915030530966,2,147623.546,85463867.77
Middle Africa,2011,336632.684,151790.047,91553585.79,-0.5245052823126262,2,149963.224,87738088.35
Middle Africa,2012,334857.718,153398.052,96148038.61,-0.5272708457506825,2,151790.047,91553585.79
Middle Africa,2013,333082.752,154524.56,100269453.64,-0.5300657277966692,2,153398.052,96148038.61
Middle Africa,2014,331307.786,155742.502,104053444.43,-0.532890397158714,2,154524.56,100269453.64
Middle Africa,2015,329532.82,156061.447,108447510.6,-0.5357453325893213,2,155742.502,104053444.43
Middle Africa,2016,328345.998,156424.103,111649980.36,-0.36015289766888614,2,156061.447,108447510.6
Middle Africa,2017,327159.176,157006.8797,115561230.2,-0.3614546871986035,2,156424.103,111649980.36
Middle Africa,2018,325972.354,157626.1744,119609315.76,-0.36276592162586274,2,157006.8797,115561230.2
Middle Africa,2019,324785.532,158295.6931,123371871.3,-0.36408670411356425,2,157626.1744,119609315.76
Middle Africa,2020,323598.71,158443.5989,128157797.18,-0.3654171393324246,2,158295.6931,123371871.3
Middle Africa,2021,322513.328,158574.9679,131289157.88,-0.335409866127101,2,158443.5989,128157797.18
Middle Africa,2022,321427.946,159555.5553,138293972.04,-0.33653864996239236,2,158574.9679,131289157.88
Middle Africa,2023,320342.564,160014.0198,143896306.07999998,-0.3376750570406206,2,159555.5553,138293972.04
Mongolia,1991,14343.19,126130.0,9598337.0,-0.06138517279821176,1,125656.0,8624919.0
Mongolia,1992,14334.38,123590.0,9195601.0,-0.061422877337613535,1,126130.0,9598337.0
Mongolia,1993,14325.57,119124.0,8591260.0,-0.061460628223886093,1,123590.0,9195601.0
Mongolia,1994,14316.76,118469.0,8478520.0,-0.06149842554257212,1,119124.0,8591260.0
Mongolia,1995,14307.95,118469.0,9450162.0,-0.06153626937938084,1,118469.0,8478520.0
Mongolia,1996,14299.14,118469.0,10695116.0,-0.0615741598202435,1,118469.0,9450162.0
Mongolia,1997,14290.33,128891.0,11132724.0,-0.061612096951280115,1,118469.0,10695116.0
Mongolia,1998,14281.52,129132.0,11720632.0,-0.06165008085886603,1,128891.0,11132724.0
Mongolia,1999,14272.71,130282.0,12412199.0,-0.06168811162958754,1,129132.0,11720632.0
Mongolia,2000,14263.9,130470.0,12662958.0,-0.06172618935016416,1,130282.0,12412199.0
Mongolia,2001,14255.9,130129.5,9631827.0,-0.05608564277651551,1,130470.0,12662958.0
Mongolia,2002,14247.9,130118.0,7153936.0,-0.056117116421972035,1,130129.5,9631827.0
Mongolia,2003,14239.9,114271.4,6791732.0,-0.05614862541146737,1,130118.0,7153936.0
Mongolia,2004,14231.9,114152.7,6528350.0,-0.05618016980456497,1,114271.4,6791732.0
Mongolia,2005,14223.9,113927.8,6545901.0,-0.05621174966097264,1,114152.7,6528350.0
Mongolia,2006,14215.9,114727.3,6949510.0,-0.0562433650405314,1,113927.8,6545901.0
Mongolia,2007,14207.9,114680.0,7675686.0,-0.05627501600320439,1,114727.3,6949510.0
Mongolia,2008,14199.9,114507.0,7856808.0,-0.05630670260911019,1,114680.0,7675686.0
Mongolia,2009,14191.9,114270.0562,8349182.25,-0.056338424918489505,1,114507.0,7856808.0
Mongolia,2010,14183.9,114210.03,6690439.15,-0.05637018299170515,1,114270.0562,8349182.25
Mongolia,2011,14182.786,114187.8,7445323.95,-0.00785397528183518,1,114210.03,6690439.15
Mongolia,2012,14181.672,114067.9033,8077036.8,-0.007854592179556974,1,114187.8,7445323.95
Mongolia,2013,14180.558,114030.28,8854323.2,-0.007855209174201239,1,114067.9033,8077036.8
Mongolia,2014,14179.444,113682.0,10763678.84,-0.00785582626580128,1,114030.28,8854323.2
Mongolia,2015,14178.33,113664.41,12027777.21,-0.007856443454334894,1,113682.0,10763678.84
Mongolia,2016,14178.33,113560.79,13035582.39,0.0,1,113664.41,12027777.21
Mongolia,2017,14178.33,113467.19,13766093.36,0.0,1,113560.79,13035582.39
Mongolia,2018,14178.33,113433.0,14628142.24,0.0,1,113467.19,13766093.36
Mongolia,2019,14178.33,113156.9,15144383.35,0.0,1,113433.0,14628142.24
Mongolia,2020,14178.33,112481.5669,16731854.02,0.0,1,113156.9,15144383.35
Mongolia,2021,14178.33,112419.5695,15486703.33,0.0,1,112481.5669,16731854.02
Mongolia,2022,14178.33,112000.0,17659055.9,0.0,1,112419.5695,15486703.33
Mongolia,2023,14178.33,107467.2457,17609869.25,0.0,1,112000.0,17659055.9
Montenegro,2007,766.7,514.0,588170.85,2.6922046611304706,0,515.0,613365.79
Montenegro,2008,786.8,513.0,563131.29,2.6216251467327423,0,514.0,588170.85
Montenegro,2009,806.9,514.0,539928.1699999999,2.554651753940007,0,513.0,563131.29
Montenegro,2010,827.0,512.0,519838.0,2.4910149956624217,0,514.0,539928.1699999999
Montenegro,2011,827.0,513.0,522162.86,0.0,1,512.0,519838.0
Montenegro,2012,827.0,513.0,497278.91,0.0,1,513.0,522162.86
Montenegro,2013,827.0,223.13,514187.59,0.0,1,513.0,497278.91
Montenegro,2014,827.0,230.32,516013.43,0.0,1,223.13,514187.59
Montenegro,2015,827.0,231.4,513805.74,0.0,1,230.32,516013.43
Montenegro,2016,827.0,255.7,528041.81,0.0,1,231.4,513805.74
Montenegro,2017,827.0,256.3,487051.68,0.0,1,255.7,528041.81
Montenegro,2018,827.0,256.8,476914.6,0.0,1,256.3,487051.68
Montenegro,2019,827.0,257.0,504800.97,0.0,1,256.8,476914.6
Montenegro,2020,827.0,257.95,506382.82,0.0,1,257.0,504800.97
Montenegro,2021,827.0,255.56,423363.87,0.0,1,257.95,506382.82
Montenegro,2022,827.0,254.0,418996.29,0.0,1,255.56,423363.87
Montenegro,2023,827.0,263.52,414503.12,0.0,1,254.0,418996.29
Morocco,1991,5700.758,30355.0,12937576.75,-0.004069468636147544,1,30343.0,13143599.59
Morocco,1992,5700.526,30616.0,13045999.06,-0.004069634248637932,1,30355.0,12937576.75
Morocco,1993,5700.294,30711.0,11816255.69,-0.004069799874606428,1,30616.0,13045999.06
Morocco,1994,5700.062,30964.0,10502142.57,-0.004069965514064133,1,30711.0,11816255.69
Morocco,1995,5699.83,30749.0,10423678.59,-0.004070131166988844,1,30964.0,10502142.57
Morocco,1996,5699.598,30966.0,9697428.23,-0.004070296833413867,1,30749.0,10423678.59
Morocco,1997,5699.366,30895.0,10840566.57,-0.004070462513316997,1,30966.0,9697428.23
Morocco,1998,5699.134,30976.0,10336129.94,-0.004070628206720439,1,30895.0,10840566.57
Morocco,1999,5698.902,30693.0,10536862.81,-0.004070793913601989,1,30976.0,10336129.94
Morocco,2000,5698.67,30652.0,11233384.43,-0.004070959633972748,1,30693.0,10536862.81
Morocco,2001,5698.373,30370.0,11095729.06,-0.0052117423890218895,1,30652.0,11233384.43
Morocco,2002,5698.076,30283.0,11557947.17,-0.0052120140257461145,1,30370.0,11095729.06
Morocco,2003,5697.779,30876.0,11522569.69,-0.005212285690814333,1,30283.0,11557947.17
Morocco,2004,5697.482,30041.0,11644282.43,-0.005212557384215444,1,30876.0,11522569.69
Morocco,2005,5697.185,29989.0,11818351.15,-0.005212829105905037,1,30041.0,11644282.43
Morocco,2006,5696.888,29946.0,11772931.92,-0.005213100855960828,1,29989.0,11818351.15
Morocco,2007,5696.591,29960.0,12189256.92,-0.005213372634316205,1,29946.0,11772931.92
Morocco,2008,5696.294,29981.0,12850414.41,-0.005213644441048881,1,29960.0,12189256.92
Morocco,2009,5695.997,30002.6,13015299.67,-0.005213916276081143,1,29981.0,12850414.41
Morocco,2010,5695.7,29988.3,13296443.51,-0.0052141881395018075,1,30002.6,13015299.67
Morocco,2011,5694.54,30103.8,14301801.78,-0.020366241199498702,1,29988.3,13296443.51
Morocco,2012,5693.38,30403.0,14660188.87,-0.02037038988224049,1,30103.8,14301801.78
Morocco,2013,5692.22,30585.0,15842316.83,-0.02037454025551888,1,30403.0,14660188.87
Morocco,2014,5691.06,30082.5,15839515.15,-0.02037869232038858,1,30585.0,15842316.83
Morocco,2015,5689.9,30047.0,16534495.63,-0.020382846077893202,1,30082.5,15839515.15
Morocco,2016,5690.674,30875.0,16975130.58,0.013603051020227852,1,30047.0,16534495.63
Morocco,2017,5691.448,31046.5482,17161792.79,0.0136012008419506,1,30875.0,16975130.58
Morocco,2018,5692.222,30525.8072,17609145.55,0.013599351166870832,1,31046.5482,17161792.79
Morocco,2019,5692.996,29611.907,17244987.37,0.013597501994833117,1,30525.8072,17609145.55
Morocco,2020,5693.77,29911.2594,17125472.72,0.013595653325593204,1,29611.907,17244987.37
Morocco,2021,5694.084,29917.7368,16816747.72,0.005514799508921087,1,29911.2594,17125472.72
Morocco,2022,5694.398,29370.6111,15939462.77,0.005514495395586572,1,29917.7368,16816747.72
Morocco,2023,5694.712,29788.2659,15256454.41,0.0055141913157585876,1,29370.6111,15939462.77
Mozambique,1991,41321.881,35479.0,2201294.12,-0.6420678012479808,2,35260.0,2675504.12
Mozambique,1992,41054.852,35698.0,2301494.12,-0.646216952224421,2,35479.0,2201294.12
Mozambique,1993,40787.823,35917.0,2422691.18,-0.6504200770228175,2,35698.0,2301494.12
Mozambique,1994,40520.794,36136.0,2301494.12,-0.6546782357077396,2,35917.0,2422691.18
Mozambique,1995,40253.765,36355.0,2180297.06,-0.6589925162868271,2,36136.0,2301494.12
Mozambique,1996,39986.736,36574.0,2241494.12,-0.6633640356374149,2,36355.0,2180297.06
Mozambique,1997,39719.707,36793.0,2140297.06,-0.6677939404706512,2,36574.0,2241494.12
Mozambique,1998,39452.678,37012.0,2080297.06,-0.6722834083343066,2,36793.0,2140297.06
Mozambique,1999,39185.649,37231.0,1959100.0,-0.6768336486562498,2,37012.0,2080297.06
Mozambique,2000,38918.62,37450.0,1898102.94,-0.6814459038307463,2,37231.0,1959100.0
Mozambique,2001,38651.591,37671.586,1761303.88,-0.686121450349475,2,37450.0,1898102.94
Mozambique,2002,38384.562,37893.172,1986354.15,-0.6908615999791645,2,37671.586,1761303.88
Mozambique,2003,38117.533,38114.758,2243019.62,-0.6956677009887335,2,37893.172,1986354.15
Mozambique,2004,37850.504,38336.344,2533291.25,-0.7005411394278904,2,38114.758,2243019.62
Mozambique,2005,37583.475,38557.93,2743293.23,-0.7054833404596228,2,38336.344,2533291.25
Mozambique,2006,37316.446,38779.516,2365649.0,-0.7104957697498526,2,38557.93,2743293.23
Mozambique,2007,37049.417,39001.102,2895935.09,-0.7155799349166325,2,38779.516,2365649.0
Mozambique,2008,36782.388,39222.688,3036520.5700000003,-0.7207373870417477,2,39001.102,2895935.09
Mozambique,2009,36515.359,39444.274,2944865.97,-0.7259697222485983,2,39222.688,3036520.5700000003
Mozambique,2010,36248.33,39665.86,2893820.22,-0.7312785833489821,2,39444.274,2944865.97
Mozambique,2011,35981.302,39872.288,3206161.74,-0.7366629028150995,2,39665.86,2893820.22
Mozambique,2012,35714.274,40078.716,3576326.19,-0.742129898467836,2,39872.288,3206161.74
Mozambique,2013,35447.246,40318.244,3809885.43,-0.747678645238592,2,40078.716,3576326.19
Mozambique,2014,35180.218,40515.272,4093886.59,-0.7533109906479041,2,40318.244,3809885.43
Mozambique,2015,34913.19,40752.7,3877604.75,-0.7590288383090726,2,40515.272,4093886.59
Mozambique,2016,34646.16,41087.01,4172221.97,-0.7648398785673804,2,40752.7,3877604.75
Mozambique,2017,34379.13,41347.8,4340989.17,-0.7707347654112517,2,41087.01,4172221.97
Mozambique,2018,34112.1,41501.332,5153511.02,-0.7767212259297995,2,41347.8,4340989.17
Mozambique,2019,33845.07,41519.232,4664750.029999999,-0.7828014106431413,2,41501.332,5153511.02
Mozambique,2020,33578.04,41504.632,4821760.779999999,-0.7889775379397945,2,41519.232,4664750.029999999
Mozambique,2021,33311.012,41500.632,4979527.27,-0.7952459405015877,2,41504.632,4821760.779999999
Mozambique,2022,33043.984,41499.332,5245619.140000001,-0.801620797350755,2,41500.632,4979527.27
Mozambique,2023,32776.956,41512.332,5490341.45,-0.80809868446855,2,41499.332,5245619.140000001
Myanmar,1991,38783.443,10416.0,23909102.83,-1.1092653259381913,2,10428.0,23708014.79
Myanmar,1992,38348.406,10398.0,24187169.52,-1.1217080443322036,2,10416.0,23909102.83
Myanmar,1993,37913.369,10446.0,24359643.98,-1.1344330713511375,2,10398.0,24187169.52
Myanmar,1994,37478.332,10421.0,24473890.79,-1.1474501250469116,2,10446.0,24359643.98
Myanmar,1995,37043.295,10450.0,24846616.09,-1.1607693746882974,2,10421.0,24473890.79
Myanmar,1996,36608.258,10504.0,25620917.48,-1.174401467256081,2,10450.0,24846616.09
Myanmar,1997,36173.221,10519.0,26232753.38,-1.1883575558279902,2,10504.0,25620917.48
Myanmar,1998,35738.184,10513.0,26876228.1,-1.202649330011274,2,10519.0,26232753.38
Myanmar,1999,35303.147,10609.0,27311225.41,-1.2172890485985577,2,10513.0,26876228.1
Myanmar,2000,34868.11,10812.0,28209677.64,-1.232289574637624,2,10609.0,27311225.41
Myanmar,2001,34525.399,10939.0,28946816.43,-0.9828780510328872,2,10812.0,28209677.64
Myanmar,2002,34182.688,10925.0,29816947.6,-0.9926344370415396,2,10939.0,28946816.43
Myanmar,2003,33839.977,10982.0,30649775.58,-1.0025864554595643,2,10925.0,29816947.6
Myanmar,2004,33497.266,11082.0,31261580.94,-1.0127400500301587,2,10982.0,30649775.58
Myanmar,2005,33154.555,11263.0,31848453.38,-1.02310140773878,2,11082.0,31261580.94
Myanmar,2006,32811.844,11597.0,32567851.14,-1.0336769713844784,2,11263.0,31848453.38
Myanmar,2007,32469.133,11984.0,34929474.27,-1.0444734529397204,2,11597.0,32567851.14
Myanmar,2008,32126.422,12277.0,36145215.01,-1.055497847755904,2,11984.0,34929474.27
Myanmar,2009,31783.711,12441.0,36969237.74,-1.066757449678024,2,12277.0,36145215.01
Myanmar,2010,31441.0,12526.0,39715686.74,-1.0782598671375987,2,12441.0,36969237.74
Myanmar,2011,31151.288,12558.0,40541564.370000005,-0.921446518876623,2,12526.0,39715686.74
Myanmar,2012,30861.576,12549.0,42851344.36,-0.9300161200397228,2,12558.0,40541564.370000005
Myanmar,2013,30571.864,12587.0,44074937.46,-0.9387466148844781,2,12549.0,42851344.36
Myanmar,2014,30282.152,12632.0,45466219.48,-0.9476425775019948,2,12587.0,44074937.46
Myanmar,2015,29992.44,12748.9999,48237293.25,-0.9567087570262478,2,12632.0,45466219.48
Myanmar,2016,29702.728,12760.0,49686729.23,-0.965950086088363,2,12748.9999,48237293.25
Myanmar,2017,29413.016,13053.6,52453874.65,-0.9753716897653253,2,12760.0,49686729.23
Myanmar,2018,29123.304,13071.3,27790202.35,-0.9849788950578864,2,13053.6,52453874.65
Myanmar,2019,28833.592,12979.4,26504509.57,-0.9947772409339306,2,13071.3,27790202.35
Myanmar,2020,28543.88,12980.0,27037156.39,-1.0047724889774345,2,12979.4,26504509.57
Myanmar,2021,28254.168,12980.0,27843731.29,-1.0149706346859633,2,12980.0,27037156.39
Myanmar,2022,27964.456,12980.0,28163731.29,-1.0253779194630774,2,12980.0,27843731.29
Myanmar,2023,27674.744,12997.332,28145731.29,-1.0360008433562884,2,12980.0,28163731.29
Namibia,1991,8698.161,38662.0,5554558.79,-0.8097573658624513,2,38662.0,5201532.92
Namibia,1992,8627.152,38662.0,5583530.94,-0.8163679655964096,2,38662.0,5554558.79
Namibia,1993,8556.143,38700.0,5354828.88,-0.8230873873556366,2,38662.0,5583530.94
Namibia,1994,8485.134,38750.0,5252276.47,-0.8299183405419908,2,38700.0,5354828.88
Namibia,1995,8414.125,38820.0,5255830.17,-0.8368636252532924,2,38750.0,5252276.47
Namibia,1996,8343.116,38820.0,5163754.37,-0.8439261361104067,2,38820.0,5255830.17
Namibia,1997,8272.107,38820.0,4943846.95,-0.8511088662796928,2,38820.0,5163754.37
Namibia,1998,8201.098,38820.0,5387251.83,-0.8584149117026652,2,38820.0,4943846.95
Namibia,1999,8130.089,38820.0,5732682.71,-0.8658474755453449,2,38820.0,5387251.83
Namibia,2000,8059.08,38820.0,6488929.05,-0.8734098728808481,2,38820.0,5732682.71
Namibia,2001,8058.435,38820.0,6399850.26,-0.008003394928446372,1,38820.0,6488929.05
Namibia,2002,8057.79,38820.0,5876116.640000001,-0.008004035523034858,1,38820.0,6399850.26
Namibia,2003,8057.145,38820.0,5918020.140000001,-0.00800467622015244,1,38820.0,5876116.640000001
Namibia,2004,8056.5,38820.0,5712701.26,-0.008005317019865732,1,38820.0,5918020.140000001
Namibia,2005,8055.855,38820.0,7340680.52,-0.008005957922174733,1,38820.0,5712701.26
Namibia,2006,8055.21,38820.0,5715985.359999999,-0.008006598927112751,1,38820.0,7340680.52
Namibia,2007,8054.565,38808.0,5632483.58,-0.008007240034713092,1,38820.0,5715985.359999999
Namibia,2008,8053.92,38808.0,6057786.42,-0.008007881244975756,1,38808.0,5632483.58
Namibia,2009,8053.275,38808.0,5900462.52,-0.008008522557967357,1,38808.0,6057786.42
Namibia,2010,8052.63,38809.0,5762604.5,-0.008009163973654587,1,38808.0,5900462.52
Namibia,2011,8051.986,38809.0,5625611.25,-0.007997387189029315,1,38809.0,5762604.5
Namibia,2012,8051.342,38809.0,6690300.93,-0.00799802682220907,1,38809.0,5625611.25
Namibia,2013,8050.698,38809.0,6223017.390000001,-0.007998666557695877,1,38809.0,6690300.93
Namibia,2014,8050.054,38809.0,6753303.63,-0.007999306395545247,1,38809.0,6223017.390000001
Namibia,2015,8049.41,38810.0,6456333.029999999,-0.007999946335768282,1,38809.0,6753303.63
Namibia,2016,8048.764,38810.0,7292157.24,-0.008025432919922526,1,38810.0,6456333.029999999
Namibia,2017,8048.118,38811.0,6858457.38,-0.008026077047351698,1,38810.0,7292157.24
Namibia,2018,8047.472,38811.0,6531593.43,-0.008026721278198146,1,38811.0,6858457.38
Namibia,2019,8046.826,38811.0,6465352.0,-0.008027365612450765,1,38811.0,6531593.43
Namibia,2020,8046.18,38811.0,5753139.33,-0.008028010050165069,1,38811.0,6465352.0
Namibia,2021,8045.536,38812.0,5900294.49,-0.008003798075606472,1,38811.0,5753139.33
Namibia,2022,8044.892,38812.0,7051880.84,-0.00800443873472112,1,38812.0,5900294.49
Namibia,2023,8044.248,38812.0,8272711.46,-0.008005079496409273,1,38812.0,7051880.84
Nepal,1991,5764.851,4147.0,16499641.0,0.29124355657772494,0,4144.4,18506860.52
Nepal,1992,5781.592,4158.2,16504065.0,0.29039779172088664,0,4147.0,16499641.0
Nepal,1993,5798.333,4169.4,16506861.0,0.28955692480547857,0,4158.2,16504065.0
Nepal,1994,5815.074,4180.6,17284681.0,0.2887209134073476,0,4169.4,16506861.0
Nepal,1995,5831.815,4191.8,18009354.0,0.2878897155908833,0,4180.6,17284681.0
Nepal,1996,5848.556,4203.0,18400600.0,0.2870632899020231,0,4191.8,18009354.0
Nepal,1997,5865.297,4214.2,18538453.0,0.2862415953613251,0,4203.0,18400600.0
Nepal,1998,5882.038,4225.4,18661470.0,0.2854245914571729,0,4214.2,18538453.0
Nepal,1999,5898.779,4236.6,18689130.0,0.28461223813924796,0,4225.4,18661470.0
Nepal,2000,5915.52,4249.1,18750412.0,0.28380449581175693,0,4236.6,18689130.0
Nepal,2001,5932.261,4259.0,18784676.0,0.2830013253272812,0,4249.1,18750412.0
Nepal,2002,5949.002,4241.0,18863124.0,0.282202687980182,0,4259.0,18784676.0
Nepal,2003,5965.743,4227.0,18979325.0,0.28140854550058325,0,4241.0,18863124.0
Nepal,2004,5982.484,4218.0,19142247.0,0.28061886004810965,0,4227.0,18979325.0
Nepal,2005,5999.225,4202.0,19352312.0,0.2798335942060248,0,4218.0,19142247.0
Nepal,2006,6015.966,4185.0,19496384.0,0.2790527109751695,0,4202.0,19352312.0
Nepal,2007,6032.707,4166.0,19756874.0,0.27827617376827707,0,4185.0,19496384.0
Nepal,2008,6049.448,4152.0,19994296.0,0.2775039464041562,0,4166.0,19756874.0
Nepal,2009,6066.189,4140.0,20377677.0,0.276735993102184,0,4152.0,19994296.0
Nepal,2010,6082.93,4126.0,20619214.0,0.27597227847664385,0,4140.0,20377677.0
Nepal,2011,6086.434,4126.6,20867057.0,0.057603819212115326,1,4126.0,20619214.0
Nepal,2012,6089.938,4087.6453,21090903.0,0.05757065631533109,1,4126.6,20867057.0
Nepal,2013,6093.442,4056.1921,21307887.0,0.05753753158077579,1,4087.6453,21090903.0
Nepal,2014,6096.946,4037.8167,21223257.0,0.0575044449426132,1,4056.1921,21307887.0
Nepal,2015,6100.45,4008.6468,21234839.0,0.05747139633514031,1,4037.8167,21223257.0
Nepal,2016,6117.03,3975.2701,21444366.0,0.27178322910603736,0,4008.6468,21234839.0
Nepal,2017,6133.61,3947.8703,21567786.0,0.2710465699857556,0,3975.2701,21444366.0
Nepal,2018,6150.19,3866.6261,21824095.0,0.27031389344938095,0,3947.8703,21567786.0
Nepal,2019,6166.77,3838.1798,21953039.0,0.2695851672875227,0,3866.6261,21824095.0
Nepal,2020,6183.35,3798.9328,22261917.0,0.2688603596372241,0,3838.1798,21953039.0
Nepal,2021,6199.93,3772.9584,22363141.0,0.2681394389772551,0,3798.9328,22261917.0
Nepal,2022,6216.51,3744.5,22284198.0,0.2674223741235826,0,3772.9584,22363141.0
Nepal,2023,6233.09,3744.1,14712345.0,0.26670913422481846,0,3744.5,22284198.0
Net Food Importing Developing Countries (NFIDCs),1991,903822.624,1119331.5856,710139980.11,-0.44040260858121405,2,1117305.8307,711134734.13
Net Food Importing Developing Countries (NFIDCs),1992,899824.558,1119865.3999,725966227.4,-0.44235073274730974,2,1119331.5856,710139980.11
Net Food Importing Developing Countries (NFIDCs),1993,895826.492,1103470.3036,735043217.79,-0.444316168574721,2,1119865.3999,725966227.4
Net Food Importing Developing Countries (NFIDCs),1994,891828.426,1106976.4303,745830630.1700001,-0.4462991478488165,2,1103470.3036,735043217.79
Net Food Importing Developing Countries (NFIDCs),1995,887830.36,1111973.2701,765143847.38,-0.4482999065113846,2,1106976.4303,745830630.1700001
Net Food Importing Developing Countries (NFIDCs),1996,883832.294,1114964.7099,784617982.39,-0.4503186847541474,2,1111973.2701,765143847.38
Net Food Importing Developing Countries (NFIDCs),1997,879834.228,1129254.5876,807537459.73,-0.4523557271148948,2,1114964.7099,784617982.39
Net Food Importing Developing Countries (NFIDCs),1998,875836.162,1132119.9727,828383699.4,-0.4544112825762836,2,1129254.5876,807537459.73
Net Food Importing Developing Countries (NFIDCs),1999,871838.096,1137930.6549,856220952.87,-0.45648560466723387,2,1132119.9727,828383699.4
Net Food Importing Developing Countries (NFIDCs),2000,867840.03,1141068.7305,860949434.47,-0.4585789515671679,2,1137930.6549,856220952.87
Net Food Importing Developing Countries (NFIDCs),2001,863873.981,1143897.218,867318361.64,-0.4570023118200761,2,1141068.7305,860949434.47
Net Food Importing Developing Countries (NFIDCs),2002,859907.932,1146442.0862,895419678.9200001,-0.4591004113133512,2,1143897.218,867318361.64
Net Food Importing Developing Countries (NFIDCs),2003,855941.883,1137467.735,919905091.42,-0.4612178644259779,2,1146442.0862,895419678.9200001
Net Food Importing Developing Countries (NFIDCs),2004,851975.834,1138610.5918,930077466.54,-0.4633549401858117,2,1137467.735,919905091.42
Net Food Importing Developing Countries (NFIDCs),2005,848009.785,1146885.7511,958007641.17,-0.46551191263014546,2,1138610.5918,930077466.54
Net Food Importing Developing Countries (NFIDCs),2006,844043.736,1151498.8273,999174879.8,-0.4676890609228046,2,1146885.7511,958007641.17
Net Food Importing Developing Countries (NFIDCs),2007,840077.687,1155427.3151,1038340757.01,-0.46988666947467284,2,1151498.8273,999174879.8
Net Food Importing Developing Countries (NFIDCs),2008,836111.638,1157798.9489,1075655235.17,-0.4721050280674821,2,1155427.3151,1038340757.01
Net Food Importing Developing Countries (NFIDCs),2009,832145.589,1162659.481,1101025274.83,-0.4743444319812218,2,1157798.9489,1075655235.17
Net Food Importing Developing Countries (NFIDCs),2010,828179.54,1167370.3986,1124183745.73,-0.4766051821251671,2,1162659.481,1101025274.83
Net Food Importing Developing Countries (NFIDCs),2011,823087.376,1172915.2637,1143778644.97,-0.6148623280406107,2,1167370.3986,1124183745.73
Net Food Importing Developing Countries (NFIDCs),2012,817995.212,1180731.2676,1188183805.48,-0.6186662738950854,2,1172915.2637,1143778644.97
Net Food Importing Developing Countries (NFIDCs),2013,812903.048,1185961.9021,1208557478.63,-0.6225175802129446,2,1180731.2676,1188183805.48
Net Food Importing Developing Countries (NFIDCs),2014,807810.884,1188233.5144,1248364828.51,-0.6264171370163218,2,1185961.9021,1208557478.63
Net Food Importing Developing Countries (NFIDCs),2015,802718.72,1192332.4442,1270391249.7,-0.6303658567690218,2,1188233.5144,1248364828.51
Net Food Importing Developing Countries (NFIDCs),2016,799087.318,1195532.4183,1302290074.11,-0.4523878551131788,2,1192332.4442,1270391249.7
Net Food Importing Developing Countries (NFIDCs),2017,795455.916,1199686.7754,1321569622.19,-0.4544437032349413,2,1195532.4183,1302290074.11
Net Food Importing Developing Countries (NFIDCs),2018,791824.514,1203365.5856,1322521725.08,-0.4565183220034075,2,1199686.7754,1321569622.19
Net Food Importing Developing Countries (NFIDCs),2019,788193.112,1202940.4564,1357904312.0,-0.4586119696718516,2,1203365.5856,1322521725.08
Net Food Importing Developing Countries (NFIDCs),2020,784561.71,1205729.238,1393238638.49,-0.46072490925295195,2,1202940.4564,1357904312.0
Net Food Importing Developing Countries (NFIDCs),2021,780887.84,1207749.4443,1403293228.01,-0.4682703671582411,2,1205729.238,1393238638.49
Net Food Importing Developing Countries (NFIDCs),2022,777213.97,1207684.2718,1430732347.6,-0.47047345493304027,2,1207749.4443,1403293228.01
Net Food Importing Developing Countries (NFIDCs),2023,773540.1,1205188.9314,1456288290.96,-0.4726973705838078,2,1207684.2718,1430732347.6
Netherlands (Kingdom of the),1991,346.747,1969.5,34046852.19,0.4103321460631859,0,2018.0,32589194.97
Netherlands (Kingdom of the),1992,348.164,1963.8,34705574.629999995,0.4086553019925221,0,1969.5,34046852.19
Netherlands (Kingdom of the),1993,349.581,1966.9,33011036.41,0.4069921071679028,0,1963.8,34705574.629999995
Netherlands (Kingdom of the),1994,350.998,1950.4,32590106.33,0.4053423956107416,0,1966.9,33011036.41
Netherlands (Kingdom of the),1995,352.415,1964.7,32556383.11,0.4037060040228191,0,1950.4,32590106.33
Netherlands (Kingdom of the),1996,353.832,1950.6,32123178.3,0.40208277173219287,0,1964.7,32556383.11
Netherlands (Kingdom of the),1997,355.249,1963.3,32059439.7,0.40047254064077276,0,1950.6,32123178.3
Netherlands (Kingdom of the),1998,356.666,1915.8,31495147.92,0.3988751551728509,0,1963.3,32059439.7
Netherlands (Kingdom of the),1999,358.083,1972.6,31141818.0,0.39729046222516384,0,1915.8,31495147.92
Netherlands (Kingdom of the),2000,359.5,1959.6,30412321.11,0.39571831111779865,0,1972.6,31141818.0
Netherlands (Kingdom of the),2001,360.898,1922.7,27711669.45,0.38887343532685303,0,1959.6,30412321.11
Netherlands (Kingdom of the),2002,362.296,1940.1,27926760.55,0.38736706770332585,0,1922.7,27711669.45
Netherlands (Kingdom of the),2003,363.694,1913.7,28012226.63,0.3858723253914009,0,1940.1,27926760.55
Netherlands (Kingdom of the),2004,365.092,1949.4,28267271.08,0.38438907433171465,0,1913.7,28012226.63
Netherlands (Kingdom of the),2005,366.49,1937.7,28306809.74,0.38291718251839413,0,1949.4,28267271.08
Netherlands (Kingdom of the),2006,367.888,1919.6,28073860.55,0.38145651995959984,0,1937.7,28306809.74
Netherlands (Kingdom of the),2007,369.286,1914.4,28183497.86,0.38000695863960043,0,1919.6,28073860.55
Netherlands (Kingdom of the),2008,370.684,1929.3,28985585.3,0.37856837248095854,0,1914.4,28183497.86
Netherlands (Kingdom of the),2009,372.082,1917.4,29834101.92,0.37714063730831526,0,1929.3,28985585.3
Netherlands (Kingdom of the),2010,373.48,1872.3,29850892.74,0.3757236308125744,0,1917.4,29834101.92
Netherlands (Kingdom of the),2011,371.75,1858.4,29551887.7,-0.46321088143943534,2,1872.3,29850892.74
Netherlands (Kingdom of the),2012,370.02,1841.7,29180313.37,-0.4653665097511861,2,1858.4,29551887.7
Netherlands (Kingdom of the),2013,368.29,1847.6,30116829.19,-0.4675422950110697,2,1841.7,29180313.37
Netherlands (Kingdom of the),2014,366.56,1839.1,30727643.14,-0.46973852127399907,2,1847.6,30116829.19
Netherlands (Kingdom of the),2015,364.83,1846.0,31987319.86,-0.47195547795723103,2,1839.1,30727643.14
Netherlands (Kingdom of the),2016,365.28,1815.0,33616259.41,0.1233451196447577,0,1846.0,31987319.86
Netherlands (Kingdom of the),2017,365.73,1819.0,33235043.74,0.12319316688569337,0,1815.0,33616259.41
Netherlands (Kingdom of the),2018,366.18,1823.0,32452415.0,0.12304158805676035,0,1819.0,33235043.74
Netherlands (Kingdom of the),2019,366.63,1816.8,32504580.0,0.12289038177943912,0,1823.0,32452415.0
Netherlands (Kingdom of the),2020,367.08,1814.45,32260287.0,0.1227395466819381,0,1816.8,32504580.0
Netherlands (Kingdom of the),2021,367.53,1812.0,31984375.0,0.12258908139914926,0,1814.45,32260287.0
Netherlands (Kingdom of the),2022,367.98,1804.0,32462410.0,0.12243898457269253,0,1812.0,31984375.0
Netherlands (Kingdom of the),2023,368.43,1803.0,32722414.0,0.12228925485080477,0,1804.0,32462410.0
New Caledonia,1991,831.802,229.0,327935.37,0.08085377738742405,1,232.0,312207.67
New Caledonia,1992,832.474,230.0,333877.0,0.08078845686834146,1,229.0,327935.37
New Caledonia,1993,833.146,230.0,336838.46,0.0807232418069459,1,230.0,333877.0
New Caledonia,1994,833.818,231.0,318018.29000000004,0.0806581319480637,1,230.0,336838.46
New Caledonia,1995,834.49,233.0,311502.66000000003,0.08059312703732058,1,231.0,318018.29000000004
New Caledonia,1996,835.162,235.0,318395.87,0.08052822682118599,1,233.0,311502.66000000003
New Caledonia,1997,835.834,238.0,314074.18,0.08046343104690656,1,235.0,318395.87
New Caledonia,1998,836.506,240.0,286894.81,0.08039873946261711,1,238.0,314074.18
New Caledonia,1999,837.178,243.0,321287.84,0.08033415181720738,1,240.0,286894.81
New Caledonia,2000,837.85,245.0,313432.79000000004,0.08026966786036649,1,243.0,321287.84
New Caledonia,2001,837.967,248.0,315159.73,0.013964313421244157,1,245.0,313432.79000000004
New Caledonia,2002,838.084,250.0,317062.42,0.013962363673036826,1,248.0,315159.73
New Caledonia,2003,838.201,243.6,314330.43,0.013960414469194049,1,250.0,317062.42
New Caledonia,2004,838.318,236.6,313115.66000000003,0.013958465809515985,1,243.6,314330.43
New Caledonia,2005,838.435,230.1,283224.68,0.013956517693758386,1,236.6,313115.66000000003
New Caledonia,2006,838.552,224.6,244488.73,0.01395457012172141,1,230.1,283224.68
New Caledonia,2007,838.669,218.1,251770.2,0.013952623093138605,1,224.6,244488.73
New Caledonia,2008,838.786,210.6,250418.75,0.01395067660781013,1,218.1,251770.2
New Caledonia,2009,838.903,205.6,252022.53,0.013948730665513942,1,210.6,250418.75
New Caledonia,2010,839.02,198.6,258924.98,0.013946785265983586,1,205.6,252022.53
New Caledonia,2011,849.738,190.3,255443.58,1.2774427308049896,0,198.6,258924.98
New Caledonia,2012,860.456,184.034,245196.14,1.2613299628826624,0,190.3,255443.58
New Caledonia,2013,871.174,183.73,257597.35,1.2456186022295146,0,184.034,245196.14
New Caledonia,2014,881.892,183.73,266397.46,1.2302938333788704,0,183.73,257597.35
New Caledonia,2015,892.61,184.03,252975.81,1.215341561098171,0,183.73,266397.46
New Caledonia,2016,892.61,184.03,238821.22,0.0,1,184.03,252975.81
New Caledonia,2017,892.61,184.03,231183.22,0.0,1,184.03,238821.22
New Caledonia,2018,892.61,184.03,226990.91,0.0,1,184.03,231183.22
New Caledonia,2019,892.61,184.03,229463.38,0.0,1,184.03,226990.91
New Caledonia,2020,892.61,184.03,226302.32,0.0,1,184.03,229463.38
New Caledonia,2021,892.61,184.03,224135.58,0.0,1,184.03,226302.32
New Caledonia,2022,892.61,184.03,222617.67,0.0,1,184.03,224135.58
New Caledonia,2023,892.61,184.03,221740.35,0.0,1,184.03,222617.67
New Zealand,1991,9420.087,13758.5833,38902625.98,0.5101965692409616,0,13917.0,37795211.06
New Zealand,1992,9467.904,13601.2539,39478446.68,0.5076067768800874,0,13758.5833,38902625.98
New Zealand,1993,9515.721,13443.5345,41002166.14,0.5050431436567138,0,13601.2539,39478446.68
New Zealand,1994,9563.538,13285.7919,43083836.29,0.502505275217735,0,13443.5345,41002166.14
New Zealand,1995,9611.355,13128.0648,44369558.82,0.49999278509689216,0,13285.7919,43083836.29
New Zealand,1996,9659.172,12970.3315,47478815.02,0.49750529451884073,0,13128.0648,44369558.82
New Zealand,1997,9706.989,12812.6617,48667487.17,0.495042432208459,0,12970.3315,47478815.02
New Zealand,1998,9754.806,12654.9997,49018167.1,0.49260383420648424,0,12812.6617,48667487.17
New Zealand,1999,9802.623,12497.3449,47155333.6,0.4901891436897676,0,12654.9997,49018167.1
New Zealand,2000,9850.44,12339.7124,48498233.54,0.4877980107977242,0,12497.3449,47155333.6
New Zealand,2001,9850.208,12182.0813,49166100.86,-0.0023552247412350624,1,12339.7124,48498233.54
New Zealand,2002,9849.976,12024.4045,51373362.43,-0.0023552802133730566,1,12182.0813,49166100.86
New Zealand,2003,9849.744,11858.0,53615993.72,-0.002355335688131177,1,12024.4045,51373362.43
New Zealand,2004,9849.512,11890.0,56179009.29,-0.0023553911654983217,1,11858.0,53615993.72
New Zealand,2005,9849.28,11712.0,54266503.61,-0.0023554466454744905,1,11890.0,56179009.29
New Zealand,2006,9849.048,11375.0,54152581.85,-0.0023555021280707855,1,11712.0,54266503.61
New Zealand,2007,9848.816,11487.0,54732822.14,-0.002355557613287207,1,11375.0,54152581.85
New Zealand,2008,9848.584,11374.0,54628982.120000005,-0.0023556131011126524,1,11487.0,54732822.14
New Zealand,2009,9848.352,11490.0,57614153.59,-0.002355668591547122,1,11374.0,54628982.120000005
New Zealand,2010,9848.12,11408.0,57585285.28,-0.002355724084601718,1,11490.0,57614153.59
New Zealand,2011,9847.818,11371.0,58725050.66,-0.003066575143295669,1,11408.0,57585285.28
New Zealand,2012,9847.516,11209.4,60778505.870000005,-0.003066669184992321,1,11371.0,58725050.66
New Zealand,2013,9847.214,11106.0,61884043.65,-0.0030667632324732352,1,11209.4,60778505.870000005
New Zealand,2014,9846.912,11116.0,65291297.05,-0.003066857285727309,1,11106.0,61884043.65
New Zealand,2015,9846.61,10712.0,67023232.67,-0.0030669513447434404,1,11116.0,65291297.05
New Zealand,2016,9870.346,10614.0,66681466.42,0.24105758225418938,0,10712.0,67023232.67
New Zealand,2017,9894.082,10644.0,65233231.47,0.2404778920617412,0,10614.0,66681466.42
New Zealand,2018,9917.818,10498.0,65611198.47,0.23990098323420916,0,10644.0,65233231.47
New Zealand,2019,9941.554,10345.0,65978733.66,0.23932683580198955,0,10498.0,65611198.47
New Zealand,2020,9965.29,10154.0,66392566.43,0.23875542998610388,0,10345.0,65978733.66
New Zealand,2021,10032.838,10175.0,66973611.98,0.6778327575012844,0,10154.0,66392566.43
New Zealand,2022,10100.386,9747.0,64580383.66,0.67326911886747,0,10175.0,66973611.98
New Zealand,2023,10167.934,9711.0,64845074.27,0.6687665204082149,0,9747.0,64580383.66
Nicaragua,1991,6999.58,4060.0,6725875.0,-1.3990899998591266,2,4025.0,8508583.92
Nicaragua,1992,6900.26,4120.0,7410858.74,-1.4189422793938977,2,4060.0,6725875.0
Nicaragua,1993,6800.94,4190.0,8220338.05,-1.439366052873381,2,4120.0,7410858.74
Nicaragua,1994,6701.62,4220.0,8346466.2,-1.460386358356336,2,4190.0,8220338.05
Nicaragua,1995,6602.3,4553.0,7228655.859999999,-1.4820297181875386,2,4220.0,8346466.2
Nicaragua,1996,6502.98,4654.0,7032505.45,-1.5043242506399324,2,4553.0,7228655.859999999
Nicaragua,1997,6403.66,4808.0,7685548.08,-1.5272997917877618,2,4654.0,7032505.45
Nicaragua,1998,6304.34,4913.0,7319415.49,-1.5509880287210676,2,4808.0,7685548.08
Nicaragua,1999,6205.02,5018.0,8972915.43,-1.5754226453522424,2,4913.0,7319415.49
Nicaragua,2000,6105.7,5141.0,9388833.0,-1.6006394822256964,2,5018.0,8972915.43
Nicaragua,2001,6006.38,5175.0,9486198.68,-1.6266767119249126,2,5141.0,9388833.0
Nicaragua,2002,5907.06,5199.0,9701458.14,-1.6535750318827591,2,5175.0,9486198.68
Nicaragua,2003,5807.74,5217.0,10184139.03,-1.6813778766425314,2,5199.0,9701458.14
Nicaragua,2004,5708.42,5225.0,10276351.8,-1.7101316518990162,2,5217.0,10184139.03
Nicaragua,2005,5609.1,5250.0,10622955.31,-1.7398859929717791,2,5225.0,10276351.8
Nicaragua,2006,5509.78,5208.0,11041342.58,-1.7706940507389857,2,5250.0,10622955.31
Nicaragua,2007,5410.46,5175.0,11304761.98,-1.802612808496884,2,5208.0,11041342.58
Nicaragua,2008,5311.14,5132.0,11496527.72,-1.835703433719127,2,5175.0,11304761.98
Nicaragua,2009,5211.82,5089.0,11874600.97,-1.8700316692838226,2,5132.0,11496527.72
Nicaragua,2010,5112.5,5050.0,12344766.13,-1.9056682694337024,2,5089.0,11874600.97
Nicaragua,2011,5090.38,5070.9,13856098.46,-0.4326650366748175,2,5050.0,12344766.13
Nicaragua,2012,5068.26,5073.0,14085391.05,-0.43454516165787327,2,5070.9,13856098.46
Nicaragua,2013,5046.14,5073.0,14348448.4,-0.43644169793972676,2,5073.0,14085391.05
Nicaragua,2014,5024.02,5073.0,14811552.48,-0.4383548613395516,2,5073.0,14348448.4
Nicaragua,2015,5001.9,5073.0,15112548.63,-0.44028487147743656,2,5073.0,14811552.48
Nicaragua,2016,4979.786,5073.0,15088940.88,-0.44211199744096374,2,5073.0,15112548.63
Nicaragua,2017,4957.672,5081.0,15569413.8,-0.44407530765379066,2,5073.0,15088940.88
Nicaragua,2018,4935.558,5084.0,15803585.85,-0.44605613279780076,2,5081.0,15569413.8
Nicaragua,2019,4913.444,5084.0,16258507.17,-0.44805470830248106,2,5084.0,15803585.85
Nicaragua,2020,4891.33,5091.0,16459439.59,-0.4500712738356283,2,5084.0,16258507.17
Nicaragua,2021,4869.204,5091.0,17034711.240000002,-0.4523514054459721,2,5091.0,16459439.59
Nicaragua,2022,4847.078,5091.0,16730699.28,-0.45440692154198326,2,5091.0,17034711.240000002
Nicaragua,2023,4824.952,5091.0,16708167.97,-0.45648120372727696,2,5091.0,16730699.28
Niger,1991,1883.31,34105.0,9314446.0,-3.171722365038565,2,33047.0,8896819.01
Niger,1992,1821.62,35000.0,10131842.99,-3.2756158040896155,2,34105.0,9314446.0
Niger,1993,1759.93,35000.0,10743204.0,-3.386546041435634,2,35000.0,10131842.99
Niger,1994,1698.24,35000.0,11317573.99,-3.505253049837209,2,35000.0,10743204.0
Niger,1995,1636.55,36000.0,11298557.99,-3.6325843225928023,2,35000.0,11317573.99
Niger,1996,1574.86,36000.0,13022503.01,-3.7695151385536696,2,36000.0,11298557.99
Niger,1997,1513.17,36000.0,13564861.01,-3.917173590033385,2,36000.0,13022503.01
Niger,1998,1451.48,36000.0,14378271.01,-4.0768717328522275,2,36000.0,13564861.01
Niger,1999,1389.79,37000.0,15245422.99,-4.250144679912915,2,36000.0,14378271.01
Niger,2000,1328.1,37000.0,12865731.6,-4.438800106490914,2,37000.0,15245422.99
Niger,2001,1315.68,38000.0,13603486.4,-0.9351705443867098,2,37000.0,12865731.6
Niger,2002,1303.26,38000.0,14401425.8,-0.9439985406785922,2,38000.0,13603486.4
Niger,2003,1290.84,38412.0,15198345.0,-0.9529947976612552,2,38000.0,14401425.8
Niger,2004,1278.42,38472.0,16176189.0,-0.962164172166946,2,38412.0,15198345.0
Niger,2005,1266.0,42965.0,17096450.8,-0.971511709766748,2,38472.0,16176189.0
Niger,2006,1253.58,42989.0,17867001.0,-0.9810426540284412,2,42965.0,17096450.8
Niger,2007,1241.16,43782.0,18733239.4,-0.9907624563250672,2,42989.0,17867001.0
Niger,2008,1228.74,43782.0,19825060.81,-1.0006767862322352,2,43782.0,18733239.4
Niger,2009,1216.32,43782.0,21012916.6,-1.0107915425558,2,43782.0,19825060.81
Niger,2010,1203.9,43982.0,20604879.81,-1.0211128650355006,2,43782.0,21012916.6
Niger,2011,1191.48,44482.0,21663540.6,-1.031647146772996,2,43982.0,20604879.81
Niger,2012,1179.06,44782.0,22958806.99,-1.0424010474368028,2,44482.0,21663540.6
Niger,2013,1166.64,45682.0,24398254.25,-1.0533815073024089,2,44782.0,22958806.99
Niger,2014,1154.22,45682.0,25873609.58,-1.064595762188858,2,45682.0,24398254.25
Niger,2015,1141.8,45695.0,27397420.41,-1.0760513593595755,2,45682.0,25873609.58
Niger,2016,1129.38,46395.0,29018076.52,-1.0877561744613629,2,45695.0,27397420.41
Niger,2017,1116.96,46595.0,30717214.09,-1.0997184295808426,2,46395.0,29018076.52
Niger,2018,1104.54,46595.0,32549721.47,-1.111946712505374,2,46595.0,30717214.09
Niger,2019,1092.12,46595.0,34379174.24,-1.1244499972839384,2,46595.0,32549721.47
Niger,2020,1079.7,46597.7,36478690.85,-1.137237666190516,2,46595.0,34379174.24
Niger,2021,1074.78,46598.5,38651687.03,-0.45568213392609414,2,46597.7,36478690.85
Niger,2022,1069.86,46599.1,40479315.08,-0.457768101378897,2,46598.5,38651687.03
Niger,2023,1064.94,46598.5,38686089.91,-0.45987325444448723,2,46599.1,40479315.08
Nigeria,1991,21443.977,59435.0,36186683.99,-0.5882148416892163,2,58714.0,35750643.9
Nigeria,1992,21317.094,60596.0,35245209.0,-0.591695281150495,2,59435.0,36186683.99
Nigeria,1993,21190.211,60957.0,37842049.41,-0.5952171529571615,2,60596.0,35245209.0
Nigeria,1994,21063.328,61918.0,39385587.46,-0.5987812013764193,2,60957.0,37842049.41
Nigeria,1995,20936.445,64079.0,39760331.94,-0.6023881886091376,2,61918.0,39385587.46
Nigeria,1996,20809.562,64240.0,41107975.48,-0.6060388953329832,2,64079.0,39760331.94
Nigeria,1997,20682.679,64400.0,40882337.0,-0.6097341212659924,2,64240.0,41107975.48
Nigeria,1998,20555.796,65211.0,41004938.99,-0.613474685750337,2,64400.0,40882337.0
Nigeria,1999,20428.913,65360.0,41132814.0,-0.6172614283582067,2,65211.0,41004938.99
Nigeria,2000,20302.03,65508.0,41151930.0,-0.6210952095199618,2,65360.0,41132814.0
Nigeria,2001,20175.147,65571.0404,42380126.3,-0.6249769111758674,2,65508.0,41151930.0
Nigeria,2002,20048.264,65705.7273,43833874.5,-0.6289074374526304,2,65571.0404,42380126.3
Nigeria,2003,19921.381,65839.9125,42276001.1,-0.6328877153652712,2,65705.7273,43833874.5
Nigeria,2004,19794.498,65960.7441,43921655.0,-0.6369186955462625,2,65839.9125,42276001.1
Nigeria,2005,19667.615,66193.3737,43815535.0,-0.641001353002224,2,65960.7441,43921655.0
Nigeria,2006,19540.732,66028.734,42738068.1,-0.6451366879003939,2,66193.3737,43815535.0
Nigeria,2007,19413.849,66355.0067,45242973.2,-0.6493257263852859,2,66028.734,42738068.1
Nigeria,2008,19286.966,66419.9899,45248255.0,-0.6535695214277104,2,66355.0067,45242973.2
Nigeria,2009,19160.083,66768.8418,45899731.0,-0.6578691537072356,2,66419.9899,45248255.0
Nigeria,2010,19033.2,66888.9495,45837737.38,-0.6622257325294312,2,66768.8418,45899731.0
Nigeria,2011,18906.316,66933.8249,53200670.16,-0.6666456507576357,2,66888.9495,45837737.38
Nigeria,2012,18779.432,67174.0606,53704717.3,-0.6711196406534059,2,66933.8249,53200670.16
Nigeria,2013,18652.548,66985.6869,54574312.19,-0.6756540879404804,2,67174.0606,53704717.3
Nigeria,2014,18525.664,67118.8418,55515819.48,-0.6802502264033783,2,66985.6869,54574312.19
Nigeria,2015,18398.78,67328.33,56174493.95,-0.6849093236280357,2,67118.8418,55515819.48
Nigeria,2016,18271.898,67536.3704,54953180.17,-0.6896218118809916,2,67328.33,56174493.95
Nigeria,2017,18145.016,67704.0673,55617263.8,-0.6944106189734733,2,67536.3704,54953180.17
Nigeria,2018,18018.134,68068.0101,56214375.66,-0.6992663991037595,2,67704.0673,55617263.8
Nigeria,2019,17891.252,68221.0404,56705867.98,-0.7041905671253068,2,68068.0101,56214375.66
Nigeria,2020,17764.37,68689.4646,57253727.66,-0.7091845780272998,2,68221.0404,56705867.98
Nigeria,2021,17637.488,68914.2862,57789088.51,-0.7142499283678383,2,68689.4646,57253727.66
Nigeria,2022,17510.606,69187.4343,58211272.88,-0.7193881577694183,2,68914.2862,57789088.51
Nigeria,2023,17383.724,69398.2088,58271674.78,-0.7246008504788515,2,69187.4343,58211272.88
Niue,1991,18.92,4.8,597.04,-0.05282620179608566,1,4.8,584.98
Niue,1992,18.91,4.8,607.0699999999999,-0.05285412262157063,1,4.8,597.04
Niue,1993,18.9,4.8,607.09,-0.052882072977267214,1,4.8,607.0699999999999
Niue,1994,18.89,4.8,607.11,-0.05291005291003792,1,4.8,607.09
Niue,1995,18.88,4.8,607.14,-0.0529380624669229,1,4.8,607.11
Niue,1996,18.87,4.8,607.16,-0.052966101694906786,1,4.8,607.14
Niue,1997,18.86,4.8,607.18,-0.05299417064124068,1,4.8,607.16
Niue,1998,18.85,4.8,607.22,-0.053022269353120155,1,4.8,607.18
Niue,1999,18.84,4.8,607.23,-0.05305039787799615,1,4.8,607.22
Niue,2000,18.83,4.8,607.26,-0.05307855626327518,1,4.8,607.23
Niue,2001,18.824,4.8,607.3,-0.031864046733920404,1,4.8,607.26
Niue,2002,18.818,4.8,607.3299999999999,-0.03187420314492151,1,4.8,607.3
Niue,2003,18.812,4.8,608.38,-0.03188436603251965,1,4.8,607.3299999999999
Niue,2004,18.806,4.8,608.43,-0.03189453540293208,1,4.8,608.38
Niue,2005,18.8,4.8,608.47,-0.03190471126236494,1,4.8,608.43
Niue,2006,18.794,4.8,613.42,-0.031914893617024376,1,4.8,608.47
Niue,2007,18.788,4.8,623.35,-0.03192508247312764,1,4.8,613.42
Niue,2008,18.782,4.8,616.9,-0.03193527783691419,1,4.8,623.35
Niue,2009,18.776,4.8,620.97,-0.03194547971462347,1,4.8,616.9
Niue,2010,18.77,4.8,621.01,-0.03195568811248384,1,4.8,620.97
Niue,2011,18.78,4.8,621.06,0.053276505061283785,1,4.8,621.01
Niue,2012,18.79,4.8,610.18,0.05324813631522041,1,4.8,621.06
Niue,2013,18.8,4.8,601.8299999999999,0.05321979776478081,1,4.8,610.18
Niue,2014,18.81,4.8,607.8,0.05319148936169249,1,4.8,601.8299999999999
Niue,2015,18.82,4.8,605.71,0.05316321105794941,1,4.8,607.8
Niue,2016,18.83,4.8,592.75,0.05313496280552332,1,4.8,605.71
Niue,2017,18.84,4.8,588.63,0.05310674455656361,1,4.8,592.75
Niue,2018,18.85,4.8,584.71,0.05307855626328628,1,4.8,588.63
Niue,2019,18.86,4.8,584.8,0.05305039787797394,1,4.8,584.71
Niue,2020,18.87,4.8,583.8,0.05302226935313126,1,4.8,584.8
Niue,2021,18.87,4.8,579.79,0.0,1,4.8,583.8
Niue,2022,18.87,4.8,577.78,0.0,1,4.8,579.79
Niue,2023,18.87,4.8,574.78,0.0,1,4.8,577.78
North Macedonia,1993,925.665,1297.0,1136869.5,0.4945120561062222,0,1307.0,1094463.29
North Macedonia,1994,930.22,1296.0,1101817.94,0.49207866776859177,0,1297.0,1136869.5
North Macedonia,1995,934.775,1287.0,1159923.56,0.48966911053298645,0,1296.0,1101817.94
North Macedonia,1996,939.33,1290.0,1093383.5,0.48728303602472156,0,1287.0,1159923.56
North Macedonia,1997,943.885,1283.0,1135751.99,0.48492010262632945,0,1290.0,1093383.5
North Macedonia,1998,948.44,1291.0,1112700.61,0.4825799753148008,0,1283.0,1135751.99
North Macedonia,1999,952.995,1282.0,1126663.96,0.4802623255029337,0,1291.0,1112700.61
North Macedonia,2000,957.55,1235.0,1128097.65,0.47796683088578984,0,1282.0,1126663.96
North Macedonia,2001,957.838,1242.0,1096589.68,0.030076758393815517,1,1235.0,1128097.65
North Macedonia,2002,958.126,1334.0,1079611.89,0.0300677149998263,1,1242.0,1096589.68
North Macedonia,2003,958.414,1301.0,1191048.18,0.030058677042488213,1,1334.0,1079611.89
North Macedonia,2004,958.702,1262.0,1099917.96,0.030049644516871865,1,1301.0,1191048.18
North Macedonia,2005,958.99,1228.0,1032780.75,0.030040617418136684,1,1262.0,1099917.96
North Macedonia,2006,959.278,1224.0,1081005.99,0.03003159574135328,1,1228.0,1032780.75
North Macedonia,2007,959.566,1076.0,1248891.04,0.030022579481658873,1,1224.0,1081005.99
North Macedonia,2008,959.854,1063.0,1239692.83,0.03001356863414628,1,1076.0,1248891.04
North Macedonia,2009,960.142,1013.0,1198886.73,0.030004563193997136,1,1063.0,1239692.83
North Macedonia,2010,960.43,1119.0,1241573.97,0.029995563156282046,1,1013.0,1198886.73
North Macedonia,2011,967.224,1118.0,1220109.63,0.7073914808991999,0,1119.0,1241573.97
North Macedonia,2012,974.018,1267.0,1142834.79,0.7024226032439129,0,1118.0,1220109.63
North Macedonia,2013,980.812,1260.0,1172253.65,0.6975230437219926,0,1267.0,1142834.79
North Macedonia,2014,987.606,1261.0,1167638.11,0.6926913618511943,0,1260.0,1172253.65
North Macedonia,2015,994.4,1262.0,1133776.06,0.6879261567872108,0,1261.0,1167638.11
North Macedonia,2016,1003.984,1265.0,1191059.34,0.9637972646822313,0,1262.0,1133776.06
North Macedonia,2017,1013.568,1266.0,1204453.5,0.9545968860061427,0,1265.0,1191059.34
North Macedonia,2018,1023.152,1264.0,1150787.56,0.9455704994632885,0,1266.0,1204453.5
North Macedonia,2019,1032.736,1265.0,1038212.12,0.9367132156316904,0,1264.0,1150787.56
North Macedonia,2020,1042.32,1262.0,1054895.72,0.9280203265887632,0,1265.0,1038212.12
North Macedonia,2021,1039.076,1260.0,872311.28,-0.3112287972983241,2,1262.0,1054895.72
North Macedonia,2022,1035.832,1257.0,817823.71,-0.31220045501964,2,1260.0,872311.28
North Macedonia,2023,1032.588,1251.0,678131.23,-0.31317819878128317,2,1257.0,817823.71
Northern Africa,1991,43887.206,224259.0,97879568.06,-0.4052667613584249,2,224227.0,93827261.35
Northern Africa,1992,43708.622,226316.28,105960628.37,-0.4069158560697561,2,224259.0,97879568.06
Northern Africa,1993,43530.038,229212.18,111503245.29,-0.40857842647156195,2,226316.28,105960628.37
Northern Africa,1994,43351.454,231493.66,112704858.72,-0.4102546384177397,2,229212.18,111503245.29
Northern Africa,1995,43172.87,233192.0,116028712.02,-0.4119446604951116,2,231493.66,112704858.72
Northern Africa,1996,42994.286,234311.46,120019970.75,-0.413648664080013,2,233192.0,116028712.02
Northern Africa,1997,42815.702,234678.92,125186628.68,-0.41536682339602393,2,234311.46,120019970.75
Northern Africa,1998,42637.118,235037.62,128691067.02,-0.4170993155735103,2,234678.92,125186628.68
Northern Africa,1999,42458.534,235239.0,135422369.16,-0.41884632071051975,2,235037.62,128691067.02
Northern Africa,2000,42279.95,235544.0,142258013.31,-0.42060802193500946,2,235239.0,135422369.16
Northern Africa,2001,42110.05,235863.0,146933945.54,-0.40184531911696686,2,235544.0,142258013.31
Northern Africa,2002,41940.15,236393.0,148045877.94,-0.40346663088740575,2,235863.0,146933945.54
Northern Africa,2003,41770.25,238958.7,154848639.49,-0.4051010785607656,2,236393.0,148045877.94
Northern Africa,2004,41600.35,239380.0,156563104.42000002,-0.4067488224274496,2,238958.7,154848639.49
Northern Africa,2005,41430.45,240156.0,160468116.57,-0.4084100253964218,2,239380.0,156563104.42000002
Northern Africa,2006,41260.55,240908.0,161917637.48000002,-0.41008485304888653,2,240156.0,160468116.57
Northern Africa,2007,41090.65,241559.0,163467344.06,-0.4117734736933998,2,240908.0,161917637.48000002
Northern Africa,2008,40920.75,241800.0,165677508.26,-0.4134760584220576,2,241559.0,163467344.06
Northern Africa,2009,40750.85,242515.4,165172762.55,-0.415192781168483,2,241800.0,165677508.26
Northern Africa,2010,40580.95,242672.5,167209900.34,-0.4169238187669788,2,242515.4,165172762.55
Northern Africa,2011,40409.556,242785.0,168107609.6,-0.4223508813864685,2,242672.5,167209900.34
Northern Africa,2012,33093.642,217244.15,138068241.04,-18.10441569810863,2,242785.0,168107609.6
Northern Africa,2013,32918.088,217502.965,139444553.86,-0.5304765187222227,2,217244.15,138068241.04
Northern Africa,2014,32742.534,216788.65,140456048.14,-0.5333055795950337,2,217502.965,139444553.86
Northern Africa,2015,32566.98,217231.1571,143596326.26999998,-0.5361649773349852,2,216788.65,140456048.14
Northern Africa,2016,32390.162,218080.3654,143636459.82999998,-0.5429364343884524,2,217231.1571,143596326.26999998
Northern Africa,2017,32213.344,218675.2778,143554227.11,-0.5459003261545914,2,218080.3654,143636459.82999998
Northern Africa,2018,32036.526,218447.1568,142272181.4,-0.5488967553321955,2,218675.2778,143554227.11
Northern Africa,2019,31859.708,217569.407,139385446.5,-0.5519262606688446,2,218447.1568,142272181.4
Northern Africa,2020,31682.89,217889.7594,139346740.93,-0.5549893928720184,2,217569.407,139385446.5
Northern Africa,2021,31504.962,217945.2367,137669736.51999998,-0.5615901832187631,2,217889.7594,139346740.93
Northern Africa,2022,31327.034,217474.5111,135990276.4,-0.5647618302158208,2,217945.2367,137669736.51999998
Northern Africa,2023,31149.106,217910.4659,136337892.62,-0.5679695051883926,2,217474.5111,135990276.4
Northern America,1991,663291.54,488721.6464,464985487.78,0.009250182052200628,1,488591.1,468764334.38
Northern America,1992,663352.89,487134.7,470493706.08,0.009249326472637875,1,488721.6464,464985487.78
Northern America,1993,663414.24,484586.0,473598842.45,0.009248471051348517,1,487134.7,470493706.08
Northern America,1994,663475.59,482709.3,482942820.67,0.009247615788288144,1,484586.0,473598842.45
Northern America,1995,663536.94,481641.7,496401599.41,0.009246760683390143,1,482709.3,482942820.67
Northern America,1996,663598.29,477740.0,505730154.77,0.00924590573663231,1,481641.7,496401599.41
Northern America,1997,663659.64,476342.3,501886532.64,0.009245050947903621,1,477740.0,505730154.77
Northern America,1998,663720.99,476069.6,495135750.24,0.009244196317248488,1,476342.3,501886532.64
Northern America,1999,663782.34,475392.9,498918383.93,0.00924334184457809,1,476069.6,495135750.24
Northern America,2000,663843.69,475929.2,499024073.82,0.009242487529870225,1,475392.9,498918383.93
Northern America,2001,664874.676,476495.6608,492981688.68,0.15530553585589857,0,475929.2,499024073.82
Northern America,2002,665905.662,475398.8,495523217.38,0.15506471177435532,0,476495.6608,492981688.68
Northern America,2003,666936.648,475212.82,491550329.57,0.15482463340281694,0,475398.8,495523217.38
Northern America,2004,667967.634,475026.84,483462621.73,0.1545852972829831,0,475212.82,491550329.57
Northern America,2005,668998.62,474840.86,484535861.55,0.15434669997798078,0,475026.84,483462621.73
Northern America,2006,670029.606,473727.88,493638523.07,0.15410883807205344,0,474840.86,484535861.55
Northern America,2007,671060.592,473110.9,496099298.87,0.15387170817044993,0,473727.88,493638523.07
Northern America,2008,672091.578,474558.3236,497756566.46,0.1536353068993801,0,473110.9,496099298.87
Northern America,2009,673122.564,476005.8472,488520775.05,0.15339963090565956,0,474558.3236,497756566.46
Northern America,2010,674153.55,477453.3707,490981171.41,0.15316467685668744,0,476005.8472,488520775.05
Northern America,2011,674941.134,478895.5943,489716406.04,0.11682561042656303,0,477453.3707,490981171.41
Northern America,2012,675728.718,480990.4179,483248815.23,0.11668928745423024,0,478895.5943,489716406.04
Northern America,2013,676516.302,481914.9528,478828626.04,0.11655328225965711,0,480990.4179,483248815.23
Northern America,2014,677303.886,482839.8277,464514473.7,0.1164175937330203,0,481914.9528,478828626.04
Northern America,2015,678091.47,483765.7125,458184048.75,0.11628222076964789,0,482839.8277,464514473.7
Northern America,2016,678098.204,484684.5874,474812430.21,0.000993081361144732,1,483765.7125,458184048.75
Northern America,2017,678104.938,485356.0523,488032822.12,0.000993071499122422,1,484684.5874,474812430.21
Northern America,2018,678111.672,484237.1173,495655269.92,0.0009930616373221568,1,485356.0523,488032822.12
Northern America,2019,678118.406,482895.1823,500012897.3,0.0009930517756773227,1,484237.1173,495655269.92
Northern America,2020,678125.14,481184.2473,496210105.03,0.0009930419142767377,1,482895.1823,500012897.3
Northern America,2021,678043.302,479917.3124,502490797.82,-0.012068274006182822,1,481184.2473,496210105.03
Northern America,2022,677961.464,478862.7774,500634970.78,-0.012069730614339136,1,479917.3124,502490797.82
Northern America,2023,677879.626,478660.7774,486973246.46,-0.012071187574158593,1,478862.7774,500634970.78
Northern Europe,1991,66053.029,34196.632,120252828.39,0.15938182735710793,0,34356.032,121098833.22
Northern Europe,1992,73517.236,41335.132,143780692.46,11.300325076689543,0,34196.632,120252828.39
Northern Europe,1993,73639.944,40645.732,138751110.6,0.16691051877957275,0,41335.132,143780692.46
Northern Europe,1994,73762.652,40104.732,134424394.24,0.16663239178997813,0,40645.732,138751110.6
Northern Europe,1995,73885.36,39410.324,131989720.32,0.16635519015775202,0,40104.732,134424394.24
Northern Europe,1996,74008.068,39532.801,125833240.43,0.16607890927242686,0,39410.324,131989720.32
Northern Europe,1997,74130.776,39329.741,125650800.22,0.1658035445540884,0,39532.801,125833240.43
Northern Europe,1998,74253.484,39284.973,125395551.59,0.16552909145319816,0,39329.741,125650800.22
Northern Europe,1999,74376.192,38830.513,124828424.64,0.16525554545023802,0,39284.973,125395551.59
Northern Europe,2000,74498.9,38270.453,122698740.7,0.16498290205553268,0,38830.513,124828424.64
Northern Europe,2001,74525.07,37766.093,119137001.22,0.03512803544751808,1,38270.453,122698740.7
Northern Europe,2002,74551.24,37650.439,118008698.14,0.03511569999194997,1,37766.093,119137001.22
Northern Europe,2003,74577.41,37385.109,118136555.19,0.03510337319674317,1,37650.439,118008698.14
Northern Europe,2004,74603.58,37498.739,117626991.78,0.03509105505272725,1,37385.109,118136555.19
Northern Europe,2005,74629.75,37961.149,116143804.06,0.03507874555082058,1,37498.739,117626991.78
Northern Europe,2006,74655.92,38866.399,116546789.95,0.03506644468191933,1,37961.149,116143804.06
Northern Europe,2007,74682.09,38506.159,115505344.99,0.03505415243694188,1,38866.399,116546789.95
Northern Europe,2008,74708.26,38806.819,113482349.57,0.0350418688068288,1,38506.159,115505344.99
Northern Europe,2009,74734.43,38408.31,112336994.65,0.03502959378254289,1,38806.819,113482349.57
Northern Europe,2010,74760.6,38338.485,113517286.48,0.03501732735502472,1,38408.31,112336994.65
Northern Europe,2011,74832.458,38347.423,113040109.71,0.09611747364253187,1,38338.485,113517286.48
Northern Europe,2012,74904.316,38304.063,111846005.97,0.09602517666866817,1,38347.423,113040109.71
Northern Europe,2013,74976.174,38387.1858,112613833.14,0.0959330567813943,1,38304.063,111846005.97
Northern Europe,2014,75048.032,38455.999,115275461.67,0.0958411134716064,1,38387.1858,112613833.14
Northern Europe,2015,75119.89,38391.857,116511235.28,0.09574934623202136,1,38455.999,115275461.67
Northern Europe,2016,75171.8,38621.4028,117673532.1,0.06910287009207483,1,38391.857,116511235.28
Northern Europe,2017,75223.71,38721.2045,119176694.98,0.0690551510007742,1,38621.4028,117673532.1
Northern Europe,2018,75275.62,38646.1366,118147045.07,0.0690074977689692,1,38721.2045,119176694.98
Northern Europe,2019,75327.53,38875.0201,117890287.95,0.06895991026045767,1,38646.1366,118147045.07
Northern Europe,2020,75379.44,38566.8871,118027982.58,0.06891238833930391,1,38875.0201,117890287.95
Northern Europe,2021,75410.418,38336.781,118048309.33,0.041096086678282795,1,38566.8871,118027982.58
Northern Europe,2022,75441.396,38517.0886,118466257.06,0.04107920473268578,1,38336.781,118048309.33
Northern Europe,2023,75472.374,37659.4718,117183979.44,0.04106233665135406,1,38517.0886,118466257.06
Norway,1991,12215.031,1010.0,5599763.26,-0.015052955462402373,1,976.0,5722254.3
Norway,1992,12213.192,1003.0,5678192.41,-0.015055221718240919,1,1010.0,5599763.26
Norway,1993,12211.353,1013.0,5624617.79,-0.015057488656522455,1,1003.0,5678192.41
Norway,1994,12209.514,1030.0,5607580.5,-0.015059756277624459,1,1013.0,5624617.79
Norway,1995,12207.675,1127.0,5524617.2,-0.015062024581813382,1,1030.0,5607580.5
Norway,1996,12205.836,1132.0,5541510.3,-0.015064293569411191,1,1127.0,5524617.2
Norway,1997,12203.997,1038.0,5599950.49,-0.015066563240728748,1,1132.0,5541510.3
Norway,1998,12202.158,1047.0,5645980.5,-0.015068833596076914,1,1038.0,5599950.49
Norway,1999,12200.319,1038.0,5749773.6,-0.01507110463575545,1,1047.0,5645980.5
Norway,2000,12198.48,1042.0,5525624.21,-0.015073376360075219,1,1038.0,5749773.6
Norway,2001,12193.561,1047.0,5317173.9,-0.040324696191651466,1,1042.0,5525624.21
Norway,2002,12188.642,1046.0,5240458.55,-0.04034096356265726,1,1047.0,5317173.9
Norway,2003,12183.723,1040.0,5210372.1,-0.04035724406377117,1,1046.0,5240458.55
Norway,2004,12178.804,1040.0,5177577.8,-0.04037353771092489,1,1040.0,5210372.1
Norway,2005,12173.885,1036.0,5131042.95,-0.04038984452003902,1,1040.0,5177577.8
Norway,2006,12168.966,1035.0,5095092.45,-0.040406164507056364,1,1036.0,5131042.95
Norway,2007,12164.047,1032.0,5040884.69,-0.040422497687975234,1,1035.0,5095092.45
Norway,2008,12159.128,1024.8,5010881.05,-0.04043884407878284,1,1032.0,5040884.69
Norway,2009,12154.209,1014.26,4898164.05,-0.04045520369552191,1,1024.8,5010881.05
Norway,2010,12149.29,1005.9,4869686.19,-0.04047157655425737,1,1014.26,4898164.05
Norway,2011,12146.028,999.0,4805698.7,-0.026849305597287376,1,1005.9,4869686.19
Norway,2012,12142.766,992.8,4807585.3,-0.02685651638544284,1,999.0,4805698.7
Norway,2013,12139.504,987.1428,4859879.4,-0.026863731047754857,1,992.8,4807585.3
Norway,2014,12136.242,986.76,4717989.8100000005,-0.026870949587398663,1,987.1428,4859879.4
Norway,2015,12132.98,986.03,4745802.8,-0.026878172007449574,1,986.76,4717989.8100000005
Norway,2016,12130.546,983.661,4777589.41,-0.02006102375508023,1,986.03,4745802.8
Norway,2017,12128.112,985.112,4824236.4,-0.020065049009343472,1,983.661,4777589.41
Norway,2018,12125.678,986.28,4938303.4,-0.020069075879236564,1,985.112,4824236.4
Norway,2019,12123.244,984.254,4813235.21,-0.020073104365792016,1,986.28,4938303.4
Norway,2020,12120.81,985.962,4807555.24,-0.020077134469953517,1,984.254,4813235.21
Norway,2021,12118.376,985.0,4890804.41,-0.02008116619268696,1,985.962,4807555.24
Norway,2022,12115.942,985.0,4877665.66,-0.02008519953499155,1,985.0,4890804.41
Norway,2023,12113.508,982.0,4762298.85,-0.02008923449781097,1,985.0,4877665.66
Oceania,1991,184279.181,478575.3129,132283259.52,-0.0740332805702848,1,480382.8272,128132666.93
Oceania,1992,184142.652,481645.9458,135035114.69,-0.07408813044378348,1,478575.3129,132283259.52
Oceania,1993,184006.123,475604.1888,136766538.08,-0.07414306165201001,1,481645.9458,135035114.69
Oceania,1994,183869.594,484495.4086,142348252.78,-0.07419807437603065,1,475604.1888,136766538.08
Oceania,1995,183733.065,478601.6437,143687408.07,-0.0742531687974557,1,484495.4086,142348252.78
Oceania,1996,183596.536,480305.7728,147266310.91,-0.07430834509837281,1,478601.6437,143687408.07
Oceania,1997,183460.007,477153.9653,151697197.46,-0.07436360346143589,1,480305.7728,147266310.91
Oceania,1998,183323.478,478682.1658,156189153.34,-0.07441894406992056,1,477153.9653,151697197.46
Oceania,1999,183186.949,468353.1733,153784627.82999998,-0.07447436710752431,1,478682.1658,156189153.34
Oceania,2000,183050.42,469972.6031,156002708.03,-0.07452987275855527,1,468353.1733,153784627.82999998
Oceania,2001,182857.324,470050.5304,157213032.28,-0.10548787596336151,2,469972.6031,156002708.03
Oceania,2002,182664.228,461201.712,161481187.78,-0.10559927039072159,2,470050.5304,157213032.28
Oceania,2003,182471.132,453531.2658,159595164.91,-0.10571090033019148,2,461201.712,161481187.78
Oceania,2004,182278.036,408970.1242,163234526.42,-0.10582276652946199,2,453531.2658,159595164.91
Oceania,2005,182084.94,424128.2825,160526871.23000002,-0.10593486973932142,2,408970.1242,163234526.42
Oceania,2006,181891.844,422871.1409,163184687.11,-0.10604721071385548,2,424128.2825,160526871.23000002
Oceania,2007,181698.748,412087.1992,162685616.11,-0.10615979021028066,2,422871.1409,163184687.11
Oceania,2008,181505.652,402923.6576,159600785.97,-0.10627260898902202,2,412087.1992,162685616.11
Oceania,2009,181312.556,398019.3159,162875783.78,-0.10638566781380199,2,402923.6576,159600785.97
Oceania,2010,181119.46,390041.7743,159544542.92000002,-0.10649896745155152,2,398019.3159,162875783.78
Oceania,2011,181395.384,409774.5326,163005090.41,0.15234365208465217,0,390041.7743,159544542.92000002
Oceania,2012,181671.308,400567.125,165555370.18,0.15211191923163447,0,409774.5326,163005090.41
Oceania,2013,181947.232,385168.1605,172986253.7,0.1518808902944757,0,400567.125,165555370.18
Oceania,2014,182223.156,387853.6999,179336217.82,0.15165056207064875,0,385168.1605,172986253.7
Oceania,2015,182499.08,361170.5594,178407395.76,0.15142093137712198,0,387853.6999,179336217.82
Oceania,2016,182659.79,355554.0888,167496727.09,0.08806071789513314,1,361170.5594,178407395.76
Oceania,2017,182820.5,384890.2183,161893548.06,0.08798323922303286,1,355554.0888,167496727.09
Oceania,2018,182981.21,371794.3677,166950746.34,0.08790589676759275,1,384890.2183,161893548.06
Oceania,2019,183141.92,375216.2472,166423566.82999998,0.08782869016989991,1,371794.3677,166950746.34
Oceania,2020,183302.63,368323.3866,158220877.07,0.0877516190722405,1,375216.2472,166423566.82999998
Oceania,2021,183421.764,376092.2261,155308498.09,0.06499306638425573,1,368323.3866,158220877.07
Oceania,2022,183540.898,375662.1355,151442756.56,0.06495085283335644,1,376092.2261,155308498.09
Oceania,2023,183660.032,375351.7032,168403527.82,0.06490869408299904,1,375662.1355,151442756.56
Oman,1991,1.6,1080.0,479822.47,0.0,1,1080.0,420383.07
Oman,1992,1.6,1083.0,527750.74,0.0,1,1080.0,479822.47
Oman,1993,1.6,1072.0,574100.41,0.0,1,1083.0,527750.74
Oman,1994,1.6,1072.0,631513.3200000001,0.0,1,1072.0,574100.41
Oman,1995,1.6,1071.0,674553.53,0.0,1,1072.0,631513.3200000001
Oman,1996,1.6,1071.0,727723.97,0.0,1,1071.0,674553.53
Oman,1997,1.6,1070.0,778590.04,0.0,1,1071.0,727723.97
Oman,1998,1.6,1071.0,826128.05,0.0,1,1070.0,778590.04
Oman,1999,1.6,1071.0,867729.5700000001,0.0,1,1071.0,826128.05
Oman,2000,1.6,1173.0,793103.24,0.0,1,1071.0,867729.5700000001
Oman,2001,1.6,1173.6,829039.85,0.0,1,1173.0,793103.24
Oman,2002,1.6,1273.4,846529.04,0.0,1,1173.6,829039.85
Oman,2003,1.6,1373.0,910399.0,0.0,1,1273.4,846529.04
Oman,2004,1.6,1472.0,932084.28,0.0,1,1373.0,910399.0
Oman,2005,1.6,1465.0,884313.98,0.0,1,1472.0,932084.28
Oman,2006,1.6,1463.0,911256.6,0.0,1,1465.0,884313.98
Oman,2007,1.6,1465.0,1007982.78,0.0,1,1463.0,911256.6
Oman,2008,1.6,1457.2,1048005.1,0.0,1,1465.0,1007982.78
Oman,2009,1.6,1454.4,1158235.52,0.0,1,1457.2,1048005.1
Oman,2010,1.6,1443.2,1342092.1,0.0,1,1454.4,1158235.52
Oman,2011,1.6,1436.8,1359422.1,0.0,1,1443.2,1342092.1
Oman,2012,1.6,1423.8,1386961.72,0.0,1,1436.8,1359422.1
Oman,2013,1.6,1419.5,1606376.4,0.0,1,1423.8,1386961.72
Oman,2014,1.6,1419.8,1492907.0,0.0,1,1419.5,1606376.4
Oman,2015,1.6,1434.0,1400205.59,0.0,1,1419.8,1492907.0
Oman,2016,1.6,1436.0,1428390.86,0.0,1,1434.0,1400205.59
Oman,2017,1.6,1450.92,1455403.54,0.0,1,1436.0,1428390.86
Oman,2018,1.6,1458.89,1479756.54,0.0,1,1450.92,1455403.54
Oman,2019,1.6,1458.89,1514197.74,0.0,1,1458.89,1479756.54
Oman,2020,1.6,1458.93,1661790.14,0.0,1,1458.89,1514197.74
Oman,2021,1.6,1466.22,1695942.08,0.0,1,1458.93,1661790.14
Oman,2022,1.6,1466.22,1729555.94,0.0,1,1466.22,1695942.08
Oman,2023,1.6,1471.73,1760973.87,0.0,1,1466.22,1729555.94
Pakistan,1991,3446.6,35270.0,68509315.61,-0.4163524520299111,2,35206.0,67810930.86
Pakistan,1992,3432.19,35380.0,69225741.85,-0.4180931932919352,2,35270.0,68509315.61
Pakistan,1993,3417.78,35750.0,70032039.89,-0.41984855150792866,2,35380.0,69225741.85
Pakistan,1994,3403.37,35790.0,70787952.35,-0.42161871156131125,2,35750.0,70032039.89
Pakistan,1995,3388.96,36026.0,71878274.8,-0.42340386146672015,2,35790.0,70787952.35
Pakistan,1996,3374.55,36172.0,82704965.59,-0.42520419243661234,2,36026.0,71878274.8
Pakistan,1997,3360.14,36669.0,85330652.22,-0.4270198989494989,2,36172.0,82704965.59
Pakistan,1998,3345.73,36760.0,87125823.65,-0.4288511788199223,2,36669.0,85330652.22
Pakistan,1999,3331.32,36756.0,89175305.28,-0.43069823327046564,2,36760.0,87125823.65
Pakistan,2000,3316.91,36698.0,90881476.72,-0.4325612670052825,2,36756.0,89175305.28
Pakistan,2001,3301.702,36972.0,92863870.15,-0.45849902469465853,2,36698.0,90881476.72
Pakistan,2002,3286.494,36884.0,94892973.19,-0.46061092127636094,2,36972.0,92863870.15
Pakistan,2003,3271.286,36842.0,97022765.02,-0.4627423631383465,2,36884.0,94892973.19
Pakistan,2004,3256.078,36045.0,99152867.06,-0.46489362287491787,2,36842.0,97022765.02
Pakistan,2005,3240.87,35965.0,101360419.09,-0.4670649781731262,2,36045.0,99152867.06
Pakistan,2006,3225.662,36135.0,120016951.61,-0.4692567119322977,2,35965.0,101360419.09
Pakistan,2007,3210.454,36013.0,124225965.02,-0.4714691123868464,2,36135.0,120016951.61
Pakistan,2008,3195.246,35313.0,128591587.42,-0.47370247323276216,2,36013.0,124225965.02
Pakistan,2009,3180.038,35277.0,135472624.16,-0.47595709375741757,2,35313.0,128591587.42
Pakistan,2010,3164.83,35242.0,139784660.9,-0.4782332789733945,2,35277.0,135472624.16
Pakistan,2011,3139.074,35936.0,145442448.57999998,-0.8138193836635721,2,35242.0,139784660.9
Pakistan,2012,3113.318,36063.0,150648196.59,-0.8204967452184908,2,35936.0,145442448.57999998
Pakistan,2013,3087.562,36280.0,155912744.54,-0.8272845883395274,2,36063.0,150648196.59
Pakistan,2014,3061.806,36252.0,174041636.12,-0.8341856778908308,2,36280.0,155912744.54
Pakistan,2015,3036.05,36202.0,176361698.0,-0.8412028717691422,2,36252.0,174041636.12
Pakistan,2016,3046.546,36794.0,183928021.04,0.3457123565158593,0,36202.0,176361698.0
Pakistan,2017,3057.042,37003.0,192543395.31,0.34452130379780677,0,36794.0,183928021.04
Pakistan,2018,3067.538,36953.0,199547803.46,0.34333842976315143,0,37003.0,192543395.31
Pakistan,2019,3078.034,36274.0,206758521.84,0.3421636504584491,0,36953.0,199547803.46
Pakistan,2020,3088.53,36673.0,214234460.61,0.3409968830753618,0,36274.0,206758521.84
Pakistan,2021,3109.316,36014.0,221793043.59,0.6730062521652647,0,36673.0,214234460.61
Pakistan,2022,3130.102,35947.0,229812401.76,0.6685071572011259,0,36014.0,221793043.59
Pakistan,2023,3150.888,35995.0,238129091.54,0.6640678163203573,0,35947.0,229812401.76
Palestine,1991,9.08,499.0,0.0,0.0,1,501.0,186808.0
Palestine,1992,9.08,497.0,0.0,0.0,1,499.0,0.0
Palestine,1993,9.08,497.0,0.0,0.0,1,497.0,0.0
Palestine,1994,9.08,466.8296,263839.14,0.0,1,497.0,0.0
Palestine,1995,9.08,474.9327,295611.27,0.0,1,466.8296,263839.14
Palestine,1996,9.08,469.9805,303141.51,0.0,1,474.9327,295611.27
Palestine,1997,9.08,468.5332,314993.62,0.0,1,469.9805,303141.51
Palestine,1998,9.08,470.0975,325269.85,0.0,1,468.5332,314993.62
Palestine,1999,9.08,447.5998,335872.85,0.0,1,470.0975,325269.85
Palestine,2000,9.08,468.2131,377931.78,0.0,1,447.5998,335872.85
Palestine,2001,9.17,464.9089,353970.65,0.9911894273127775,0,468.2131,377931.78
Palestine,2002,9.26,468.7831,310823.06,0.9814612868047856,0,464.9089,353970.65
Palestine,2003,9.35,465.4969,306991.15,0.9719222462202914,0,468.7831,310823.06
Palestine,2004,9.44,465.8978,285481.3,0.9625668449197766,0,465.4969,306991.15
Palestine,2005,9.53,467.2159,289404.62,0.9533898305084776,0,465.8978,285481.3
Palestine,2006,9.62,466.4403,279658.96,0.9443861490031402,0,467.2159,289404.62
Palestine,2007,9.71,467.3289,271649.51,0.935550935550955,0,466.4403,279658.96
Palestine,2008,9.8,469.1564,275815.75,0.9268795056642576,0,467.3289,271649.51
Palestine,2009,9.89,429.75,267912.28,0.9183673469387754,0,469.1564,275815.75
Palestine,2010,9.98,374.9,282854.7,0.9100101112234471,0,429.75,267912.28
Palestine,2011,10.098,387.2364,312561.41000000003,1.182364729458918,0,374.9,282854.7
Palestine,2012,10.216,400.6427,287972.27,1.1685482273717351,0,387.2364,312561.41000000003
Palestine,2013,10.334,414.4291,269562.3,1.1550509005481713,0,400.6427,287972.27
Palestine,2014,10.452,420.4555,399346.1,1.1418618153667515,0,414.4291,269562.3
Palestine,2015,10.57,430.4018,332946.37,1.1289705319556198,0,420.4555,399346.1
Palestine,2016,10.676,434.4182,263958.45,1.0028382213812748,0,430.4018,332946.37
Palestine,2017,10.782,429.7545,362036.37,0.9928812289246913,0,434.4182,263958.45
Palestine,2018,10.888,428.7909,456569.31,0.9831200148395558,0,429.7545,362036.37
Palestine,2019,10.994,425.3273,315953.52,0.9735488611315235,0,428.7909,456569.31
Palestine,2020,11.1,407.8636,290922.3,0.9641622703292718,0,425.3273,315953.52
Palestine,2021,11.1,391.2,635565.6,0.0,1,407.8636,290922.3
Palestine,2022,11.1,391.2,502929.98,0.0,1,391.2,635565.6
Palestine,2023,11.1,391.2,530237.96,0.0,1,391.2,502929.98
Panama,1991,4939.514,2134.0,4252780.46,-0.3334517074115584,2,2124.0,4273507.28
Panama,1992,4922.988,2150.0,4252534.66,-0.3345673278788097,2,2134.0,4252780.46
Panama,1993,4906.462,2150.0,4351375.0,-0.3356904384085424,2,2150.0,4252534.66
Panama,1994,4889.936,2135.0,4336254.37,-0.336821114685093,2,2150.0,4351375.0
Panama,1995,4873.41,2132.0,4364980.21,-0.33795943341589085,2,2135.0,4336254.37
Panama,1996,4856.884,2132.0,4437471.88,-0.33910547234892174,2,2132.0,4364980.21
Panama,1997,4840.358,2140.0,4389018.04,-0.3402593102903029,2,2132.0,4437471.88
Panama,1998,4823.832,2149.0,4508442.69,-0.3414210271223683,2,2140.0,4389018.04
Panama,1999,4807.306,2157.0,4412249.6,-0.3425907038222098,2,2149.0,4508442.69
Panama,2000,4790.78,2230.0,4337779.38,-0.34376842248028394,2,2157.0,4412249.6
Panama,2001,4779.365,2240.4,4671850.17,-0.23827017729889377,2,2230.0,4337779.38
Panama,2002,4767.95,2237.8,4644536.9,-0.23883926002722378,2,2240.4,4671850.17
Panama,2003,4756.535,2235.2,4491843.6,-0.23941106764961972,2,2237.8,4644536.9
Panama,2004,4745.12,2232.6,4514011.33,-0.23998561978414434,2,2235.2,4491843.6
Panama,2005,4733.705,2230.0,4724329.99,-0.2405629362376538,2,2232.6,4514011.33
Panama,2006,4722.29,2224.4,4742602.45,-0.241143037008007,2,2230.0,4724329.99
Panama,2007,4710.875,2231.8,4688472.77,-0.24172594228647482,2,2224.4,4742602.45
Panama,2008,4699.46,2229.2,4909232.27,-0.24231167245999385,2,2231.8,4688472.77
Panama,2009,4688.045,2231.6,5087762.73,-0.24290024811360889,2,2229.2,4909232.27
Panama,2010,4676.63,2266.39,5234065.46,-0.24349169003283766,2,2231.6,5087762.73
Panama,2011,4670.254,2263.0,5541991.12,-0.1363374908855297,2,2266.39,5234065.46
Panama,2012,4663.878,2253.0,5650088.33,-0.13652362376864735,2,2263.0,5541991.12
Panama,2013,4657.502,2243.0,5498037.79,-0.13671026557725563,2,2253.0,5650088.33
Panama,2014,4651.126,2233.0,5275337.34,-0.13689741840153813,2,2243.0,5498037.79
Panama,2015,4644.75,2223.0,5037562.74,-0.1370850843430249,2,2233.0,5275337.34
Panama,2016,4641.736,2213.0,4866367.76,-0.06489046773239249,1,2223.0,5037562.74
Panama,2017,4638.722,2203.0,4788934.45,-0.06493260280205915,1,2213.0,4866367.76
Panama,2018,4635.708,2193.0,4860613.4,-0.06497479262607131,1,2203.0,4788934.45
Panama,2019,4632.694,2183.0,4754199.84,-0.06501703731122133,1,2193.0,4860613.4
Panama,2020,4629.68,2174.1,4768553.78,-0.06505933696462352,1,2183.0,4754199.84
Panama,2021,4626.666,2181.316,4847698.19,-0.06510169169359203,1,2174.1,4768553.78
Panama,2022,4623.652,2181.316,4875386.3100000005,-0.06514410160578521,1,2181.316,4847698.19
Panama,2023,4620.638,2189.9662,4776742.2,-0.06518656680909451,1,2181.316,4875386.3100000005
Papua New Guinea,1991,34592.446,933.0,259581.26,-0.0633089850570645,1,928.0,258681.2
Papua New Guinea,1992,34570.532,942.0,254502.52,-0.06334909072346351,1,933.0,259581.26
Papua New Guinea,1993,34548.618,971.0,252832.0,-0.06338924723517936,1,942.0,254502.52
Papua New Guinea,1994,34526.704,978.0,254141.64,-0.06342945468905681,1,971.0,252832.0
Papua New Guinea,1995,34504.79,994.0,249878.96,-0.06346971318199612,1,978.0,254141.64
Papua New Guinea,1996,34482.876,1016.0,247871.86,-0.06351002281134166,1,994.0,249878.96
Papua New Guinea,1997,34460.962,1023.0,245107.7,-0.06355038367448218,1,1016.0,247871.86
Papua New Guinea,1998,34439.048,1064.0,245078.6,-0.06359079586923944,1,1023.0,245107.7
Papua New Guinea,1999,34417.134,1081.0,247078.6,-0.06363125949360171,1,1064.0,245078.6
Papua New Guinea,2000,34395.22,1088.0,251504.4,-0.06367177464572382,1,1081.0,247078.6
Papua New Guinea,2001,34373.302,1093.0,261982.0,-0.06372397094711602,1,1088.0,251504.4
Papua New Guinea,2002,34351.384,1103.0,264026.0,-0.06376460428505482,1,1093.0,261982.0
Papua New Guinea,2003,34329.466,1108.0,268073.9,-0.06380528947537156,1,1103.0,264026.0
Papua New Guinea,2004,34307.548,1123.0,270970.06,-0.06384602661747563,1,1108.0,268073.9
Papua New Guinea,2005,34285.63,1133.0,273866.22,-0.06388681581093181,1,1123.0,270970.06
Papua New Guinea,2006,34263.712,1151.0,276762.38,-0.06392765715548254,1,1133.0,273866.22
Papua New Guinea,2007,34241.794,1212.0,280079.12,-0.06396855075129215,1,1151.0,276762.38
Papua New Guinea,2008,34219.876,1245.0,280134.12,-0.0640094966987026,1,1212.0,280079.12
Papua New Guinea,2009,34197.958,1267.0,280189.12,-0.06405049509822236,1,1245.0,280134.12
Papua New Guinea,2010,34176.04,1267.0,280499.7,-0.06409154605078182,1,1267.0,280189.12
Papua New Guinea,2011,34171.434,1286.0,278975.28,-0.013477278233520185,1,1267.0,280499.7
Papua New Guinea,2012,34166.828,1286.0,282657.6,-0.013479094848634077,1,1286.0,278975.28
Papua New Guinea,2013,34162.222,1286.0,279685.99,-0.01348091195354506,1,1286.0,282657.6
Papua New Guinea,2014,34157.616,1305.0,279887.53,-0.013482729548441874,1,1286.0,279685.99
Papua New Guinea,2015,34153.01,1322.0,277071.39,-0.01348454763353546,1,1305.0,279887.53
Papua New Guinea,2016,34131.95,1328.0,277717.3,-0.06166367181107413,1,1322.0,277071.39
Papua New Guinea,2017,34110.89,1405.0,274272.49,-0.06170171935678814,1,1328.0,277717.3
Papua New Guinea,2018,34089.83,1405.0,274950.93,-0.061739813883476824,1,1405.0,274272.49
Papua New Guinea,2019,34068.77,1405.0,274033.11,-0.06177795547823717,1,1405.0,274950.93
Papua New Guinea,2020,34047.71,1405.0,275342.13,-0.06181614422826609,1,1405.0,274033.11
Papua New Guinea,2021,34043.96,1405.0,275476.95,-0.011013956592087482,1,1405.0,275342.13
Papua New Guinea,2022,34040.21,1405.0,275644.43,-0.011015169798112012,1,1405.0,275476.95
Papua New Guinea,2023,34036.46,1405.0,275811.45,-0.011016383271433838,1,1405.0,275644.43
Paraguay,1991,25302.683,14427.2424,20769633.85,-1.4680751473538534,2,14253.4372,21301311.53
Paraguay,1992,24925.686,14742.1216,21669736.92,-1.4899487141343815,2,14427.2424,20769633.85
Paraguay,1993,24548.689,14891.7089,22937946.31,-1.5124839492883124,2,14742.1216,21669736.92
Paraguay,1994,24171.692,15190.4891,22736499.65,-1.535711336764256,2,14891.7089,22937946.31
Paraguay,1995,23794.695,15481.5533,24249825.11,-1.5596632622987272,2,15190.4891,22736499.65
Paraguay,1996,23417.698,15629.3585,24406996.54,-1.5843741640731213,2,15481.5533,24249825.11
Paraguay,1997,23040.701,15777.6477,24903691.67,-1.609880697923427,2,15629.3585,24406996.54
Paraguay,1998,22663.704,16173.3719,25105190.0,-1.6362219187688765,2,15777.6477,24903691.67
Paraguay,1999,22286.707,16428.7561,24468719.7,-1.663439480148532,2,16173.3719,25105190.0
Paraguay,2000,21909.71,16635.3333,24938827.01,-1.6915778540095627,2,16428.7561,24468719.7
Paraguay,2001,21532.714,16882.9935,25241194.29,-1.7206800090005747,2,16635.3333,24938827.01
Paraguay,2002,21155.718,17134.8798,24111237.11,-1.7508057739493488,2,16882.9935,25241194.29
Paraguay,2003,20778.722,17360.2402,25752342.69,-1.7820052243086248,2,17134.8798,24111237.11
Paraguay,2004,20401.726,17575.1027,24413898.53,-1.8143368008869953,2,17360.2402,25752342.69
Paraguay,2005,20024.73,17792.9441,25594022.45,-1.8478632641179438,2,17575.1027,24413898.53
Paraguay,2006,19647.734,18015.1666,27015626.08,-1.8826521006775065,2,17792.9441,25594022.45
Paraguay,2007,19270.738,18215.491,26038845.14,-1.9187759769141777,2,18015.1666,27015626.08
Paraguay,2008,18893.742,18547.303,26627899.08,-1.9563132455020837,2,18215.491,26038845.14
Paraguay,2009,18516.746,18630.7869,29281242.0,-1.9953485127509385,2,18547.303,26627899.08
Paraguay,2010,18139.75,18850.8384,31165303.380000003,-2.035973275218006,2,18630.7869,29281242.0
Paraguay,2011,17785.734,19065.6148,31538924.75,-1.9516035226505357,2,18850.8384,31165303.380000003
Paraguay,2012,17431.718,19284.6633,32680025.14,-1.9904491993414486,2,19065.6148,31538924.75
Paraguay,2013,17077.702,19502.2397,34492110.67,-2.030872688509533,2,19284.6633,32680025.14
Paraguay,2014,16723.686,19719.6472,38287489.97,-2.0729721129927214,2,19502.2397,34492110.67
Paraguay,2015,16369.67,19924.4289,37315613.38,-2.116853904097471,2,19719.6472,38287489.97
Paraguay,2016,16118.924,20130.3366,37080078.0,-1.5317718683394266,2,19924.4289,37315613.38
Paraguay,2017,15868.178,20335.6673,38223003.72,-1.555600113258182,2,20130.3366,37080078.0
Paraguay,2018,15617.432,20544.198,36686207.85,-1.5801814171734097,2,20335.6673,38223003.72
Paraguay,2019,15366.686,20753.1067,36923305.89,-1.6055520523476696,2,20544.198,36686207.85
Paraguay,2020,15115.94,20959.1654,37986104.24,-1.6317506585349584,2,20753.1067,36923305.89
Paraguay,2021,14952.23,21164.6411,38780650.870000005,-1.0830289085561384,2,20959.1654,37986104.24
Paraguay,2022,14788.52,21427.0,37655923.25,-1.0948868496538533,2,21164.6411,38780650.870000005
Paraguay,2023,14624.81,21427.0,36488863.79,-1.1070073273052428,2,21427.0,37655923.25
Peru,1991,76738.553,22589.2818,12743388.79,-0.388558149762408,2,22669.1091,13165410.72
Peru,1992,76439.216,22509.4545,12244897.78,-0.3900738133542858,2,22589.2818,12743388.79
Peru,1993,76139.879,22429.6273,12089714.5,-0.391601347664261,2,22509.4545,12244897.78
Peru,1994,75840.542,22349.8,12080906.25,-0.393140892698296,2,22429.6273,12089714.5
Peru,1995,75541.205,22444.4794,13108817.36,-0.3946925906726739,2,22349.8,12080906.25
Peru,1996,75241.868,22539.1587,13441303.09,-0.39625658605789704,2,22444.4794,13108817.36
Peru,1997,74942.531,22633.838,13581622.8,-0.3978330256234508,2,22539.1587,13441303.09
Peru,1998,74643.194,22728.5174,13986532.64,-0.3994220584837227,2,22633.838,13581622.8
Peru,1999,74343.857,22823.1967,15099609.62,-0.40102383614506465,2,22728.5174,13986532.64
Peru,2000,74044.52,22917.8761,15115395.04,-0.40263851255389893,2,22823.1967,15099609.62
Peru,2001,73745.183,23012.5554,15506217.46,-0.4042662441460898,2,22917.8761,15115395.04
Peru,2002,73445.846,23107.2348,16020471.63,-0.40590718989740315,2,23012.5554,15506217.46
Peru,2003,73146.509,23201.9141,16292268.67,-0.4075615113753317,2,23107.2348,16020471.63
Peru,2004,72847.172,23296.5935,16505233.96,-0.40922937279207483,2,23201.9141,16292268.67
Peru,2005,72547.835,23391.2728,16970806.46,-0.41091094105890624,2,23296.5935,16505233.96
Peru,2006,72248.498,23485.9522,17323691.39,-0.4126063858418405,2,23391.2728,16970806.46
Peru,2007,71949.161,23580.6315,17849062.09,-0.41431587961872074,2,23485.9522,17323691.39
Peru,2008,71649.824,23675.3109,18072850.1,-0.41603959773762744,2,23580.6315,17849062.09
Peru,2009,71350.487,23769.9902,18278185.78,-0.4177777184770193,2,23675.3109,18072850.1
Peru,2010,71051.15,23864.6696,18638185.76,-0.4195304231069952,2,23769.9902,18278185.78
Peru,2011,70751.812,23959.3489,19083800.74,-0.42129930338916655,2,23864.6696,18638185.76
Peru,2012,70452.474,24054.0283,19528830.26,-0.42308174382870156,2,23959.3489,19083800.74
Peru,2013,70153.136,24020.1642,19568242.34,-0.4248793307102372,2,24054.0283,19528830.26
Peru,2014,69853.798,24007.4002,19669962.6,-0.42669225791988064,2,24020.1642,19568242.34
Peru,2015,69554.46,24313.804,19660437.3,-0.42852072266705843,2,24007.4002,19669962.6
Peru,2016,69374.858,24000.0,19645815.03,-0.25821780515586923,2,24313.804,19660437.3
Peru,2017,69195.256,24250.108,19579094.58,-0.2588862956663607,2,24000.0,19645815.03
Peru,2018,69015.654,24094.589,19791036.29,-0.2595582564215104,2,24250.108,19579094.58
Peru,2019,68836.052,23863.29,19943596.72,-0.2602337145135247,2,24094.589,19791036.29
Peru,2020,68656.45,24480.9895,19592724.49,-0.26091269731738365,2,23863.29,19943596.72
Peru,2021,68357.112,25098.689,20321170.38,-0.43599399619409507,2,24480.9895,19592724.49
Peru,2022,68057.774,24385.56,20470042.15,-0.43790322797719883,2,25098.689,20321170.38
Peru,2023,67758.436,24385.56,20562651.45,-0.43982925448017296,2,24385.56,20470042.15
Philippines,1991,7731.855,11157.0,8057129.0,-0.6036270329266458,2,11140.0,8151700.0
Philippines,1992,7684.9,11115.0,8138922.0,-0.6072928165362645,2,11157.0,8057129.0
Philippines,1993,7637.945,11065.0,8688372.0,-0.6110033962706041,2,11115.0,8138922.0
Philippines,1994,7590.99,11015.0,8877334.0,-0.6147595982950893,2,11065.0,8688372.0
Philippines,1995,7544.035,11015.0,9408066.28,-0.6185622692165271,2,11015.0,8877334.0
Philippines,1996,7497.08,11105.0,10004397.5,-0.6224122767192863,2,11015.0,9408066.28
Philippines,1997,7450.125,11335.0,10703864.53,-0.6263105102253141,2,11105.0,10004397.5
Philippines,1998,7403.17,11285.0,11136148.4,-0.630257881579166,2,11335.0,10703864.53
Philippines,1999,7356.215,11235.0,11359245.33,-0.6342553257591033,2,11285.0,11136148.4
Philippines,2000,7309.26,11234.0,11488682.38,-0.6383038016153697,2,11235.0,11359245.33
Philippines,2001,7262.306,11184.0,11430886.03,-0.6423906113614875,2,11234.0,11488682.38
Philippines,2002,7215.352,11135.0,11594617.0,-0.6465439489880986,2,11184.0,11430886.03
Philippines,2003,7168.398,11240.0,11490308.28,-0.6507513424154454,2,11135.0,11594617.0
Philippines,2004,7121.444,11470.0,11764522.24,-0.6550138538624628,2,11240.0,11490308.28
Philippines,2005,7074.49,11355.0,11495689.18,-0.6593325735623323,2,11470.0,11764522.24
Philippines,2006,7027.536,11580.0,11494370.55,-0.6637086206920939,2,11355.0,11495689.18
Philippines,2007,6980.582,11790.0,11804273.22,-0.6681431443396391,2,11580.0,11494370.55
Philippines,2008,6933.628,12010.0,11803057.18,-0.6726373245096284,2,11790.0,11804273.22
Philippines,2009,6886.674,12100.0,11992350.68,-0.6771923731702878,2,12010.0,11803057.18
Philippines,2010,6839.72,12100.0,12011365.69,-0.6818095353431808,2,12100.0,11992350.68
Philippines,2011,6874.606,12260.0,11736194.44,0.5100501190107076,0,12100.0,12011365.69
Philippines,2012,6909.492,12430.0,11554211.38,0.5074618094476957,0,12260.0,11736194.44
Philippines,2013,6944.378,12469.0,11594695.58,0.5048996366158187,0,12430.0,11554211.38
Philippines,2014,6979.264,12498.0,11598877.22,0.5023632066111672,0,12469.0,11594695.58
Philippines,2015,7014.15,12527.0,11730348.99,0.4998521334054651,0,12498.0,11598877.22
Philippines,2016,7056.598,12556.0,11828781.85,0.6051766785711843,0,12527.0,11730348.99
Philippines,2017,7099.046,12590.0,11757839.33,0.6015363210430946,0,12556.0,11828781.85
Philippines,2018,7141.494,12613.0,11736639.2,0.5979394977860375,0,12590.0,11757839.33
Philippines,2019,7183.942,12636.0,11674640.72,0.5943854325159537,0,12613.0,11736639.2
Philippines,2020,7226.39,12659.0,11336401.78,0.5908733672961297,0,12636.0,11674640.72
Philippines,2021,7268.84,12683.0,11737438.54,0.5874302383347629,0,12659.0,11336401.78
Philippines,2022,7311.29,12640.2,11663189.81,0.5839996478117504,0,12683.0,11737438.54
Philippines,2023,7353.74,12722.6,11631266.71,0.5806088939161125,0,12640.2,11663189.81
Poland,1991,8899.7,18753.0,53817298.69,0.19927944156721278,0,18793.0,58802515.0
Poland,1992,8917.4,18743.0,49250048.24,0.19888310841937873,0,18753.0,53817298.69
Poland,1993,8935.1,18715.0,46646467.24,0.19848834862179476,0,18743.0,49250048.24
Poland,1994,8952.8,18707.0,44679276.46,0.19809515282425139,0,18715.0,46646467.24
Poland,1995,8970.5,18622.0,40857191.15,0.19770351175052436,0,18707.0,44679276.46
Poland,1996,8988.2,18474.0,40684005.92,0.19731341619755316,0,18622.0,40857191.15
Poland,1997,9005.9,18457.0,41051527.46,0.1969248570347748,0,18474.0,40684005.92
Poland,1998,9023.6,18443.0,40554551.15,0.19653782520347995,0,18457.0,41051527.46
Poland,1999,9041.3,18435.0,38248849.08,0.19615231171592473,0,18443.0,40554551.15
Poland,2000,9059.0,18413.0,35434054.46,0.19576830765488662,0,18435.0,38248849.08
Poland,2001,9086.0,17788.0,34271291.85,0.2980461419582747,0,18413.0,35434054.46
Poland,2002,9113.0,16899.0,33845080.31,0.29716046665200224,0,17788.0,34271291.85
Poland,2003,9140.0,16169.0,33969926.92,0.2962800395040155,0,16899.0,33845080.31
Poland,2004,9167.0,16327.0,33512905.08,0.29540481400438523,0,16169.0,33969926.92
Poland,2005,9194.0,15906.0,31084409.46,0.2945347441911217,0,16327.0,33512905.08
Poland,2006,9221.0,15957.0,32232719.92,0.29366978464215876,0,15906.0,31084409.46
Poland,2007,9248.0,15469.0,32883553.54,0.2928098904674048,0,15957.0,32232719.92
Poland,2008,9275.0,15601.0,33887684.69,0.2919550173010377,0,15469.0,32883553.54
Poland,2009,9302.0,15619.0,33660283.85,0.29110512129379984,0,15601.0,33887684.69
Poland,2010,9329.0,14449.0,33272998.31,0.2902601591055598,0,15619.0,33660283.85
Poland,2011,9347.2,14779.0,33409856.54,0.19509057776825323,0,14449.0,33272998.31
Poland,2012,9365.4,14529.0,33390579.24,0.1947107155083838,0,14779.0,33409856.54
Poland,2013,9383.6,14410.0,32776555.69,0.19433232963890212,0,14529.0,33390579.24
Poland,2014,9401.8,14424.0,34359468.85,0.19395541156910223,0,14410.0,32776555.69
Poland,2015,9420.0,14371.0,34913821.31,0.19357995277500262,0,14424.0,34359468.85
Poland,2016,9428.84,14374.0,35088648.08,0.09384288747347203,1,14371.0,34913821.31
Poland,2017,9437.68,14462.0,36242122.08,0.09375490516330132,1,14374.0,35088648.08
Poland,2018,9446.52,14512.0,37091381.0,0.09366708767408749,1,14462.0,36242122.08
Poland,2019,9455.36,14523.0,37173182.0,0.09357943454308959,1,14512.0,37091381.0
Poland,2020,9464.2,14733.0,37476082.0,0.09349194530932081,1,14523.0,37173182.0
Poland,2021,9470.36,14499.7,37695867.0,0.06508738192345653,1,14733.0,37476082.0
Poland,2022,9476.52,14176.0,37844852.0,0.06504504580606696,1,14499.7,37695867.0
Poland,2023,9482.68,14580.0,37670299.0,0.06500276472798383,1,14176.0,37844852.0
Polynesia,1991,395.904,143.0296,127999.54,-0.02424242424242662,1,143.1672,127066.98
Polynesia,1992,395.808,139.7919,121576.76,-0.02424830261881228,1,143.0296,127999.54
Polynesia,1993,395.712,139.5543,124651.33,-0.02425418384671696,1,139.7919,121576.76
Polynesia,1994,395.616,138.3166,127441.2,-0.024260067928194573,1,139.5543,124651.33
Polynesia,1995,395.52,139.079,127233.59,-0.024265954865321238,1,138.3166,127441.2
Polynesia,1996,395.424,138.7413,135323.56,-0.024271844660195274,1,139.079,127233.59
Polynesia,1997,395.328,136.4037,130268.15,-0.024277737314881698,1,138.7413,135323.56
Polynesia,1998,395.232,136.066,136082.62,-0.024283632831456625,1,136.4037,130268.15
Polynesia,1999,395.136,135.5284,140222.16999999998,-0.024289531212051685,1,136.066,136082.62
Polynesia,2000,395.04,131.3907,148528.18,-0.024295432458698585,1,135.5284,140222.16999999998
Polynesia,2001,394.526,130.7491,141669.97999999998,-0.13011340623734213,2,131.3907,148528.18
Polynesia,2002,394.012,130.4075,143370.88,-0.1302829217846302,2,130.7491,141669.97999999998
Polynesia,2003,393.498,127.5658,143836.95,-0.13045287960773422,2,130.4075,143370.88
Polynesia,2004,392.984,125.2242,149885.08000000002,-0.13062328143980118,2,127.5658,143836.95
Polynesia,2005,392.47,123.8825,143950.61,-0.13079412902304854,2,125.2242,149885.08000000002
Polynesia,2006,391.956,122.7409,144638.7,-0.13096542410885315,2,123.8825,143950.61
Polynesia,2007,391.442,120.7992,145206.75,-0.13113716845768453,2,122.7409,144638.7
Polynesia,2008,390.928,118.9576,145139.39,-0.1313093638393492,2,120.7992,145206.75
Polynesia,2009,390.414,117.0159,169909.85,-0.131482012032913,2,118.9576,145139.39
Polynesia,2010,389.9,123.2743,174808.18,-0.13165511482682302,2,117.0159,169909.85
Polynesia,2011,389.45,130.4326,184753.68,-0.11541420877148045,2,123.2743,174808.18
Polynesia,2012,389.0,137.691,190697.43,-0.11554756708177516,2,130.4326,184753.68
Polynesia,2013,388.55,143.7305,190404.08,-0.11568123393316254,2,137.691,190697.43
Polynesia,2014,388.1,150.7699,190287.12,-0.11581521039762954,2,143.7305,190404.08
Polynesia,2015,387.65,159.4294,208187.1,-0.11594949755219242,2,150.7699,190287.12
Polynesia,2016,387.27,152.1588,201727.05,-0.09802657035985485,1,159.4294,208187.1
Polynesia,2017,386.89,145.8883,195945.3,-0.09812275673303228,1,152.1588,201727.05
Polynesia,2018,386.51,139.5977,185081.42,-0.09821913205303456,1,145.8883,195945.3
Polynesia,2019,386.13,133.3772,168279.97,-0.09831569687718256,1,139.5977,185081.42
Polynesia,2020,385.75,133.9166,160842.98,-0.09841245176495095,1,133.3772,168279.97
Polynesia,2021,385.36,133.4561,182388.71,-0.10110174983797293,2,133.9166,160842.98
Polynesia,2022,384.97,132.9655,180942.17,-0.10120406892256684,2,133.4561,182388.71
Polynesia,2023,384.58,131.955,176872.74,-0.10130659531912833,2,132.9655,180942.17
Portugal,1991,3429.435,3920.0,7139439.99,-0.26131188162005214,2,3963.0,6871840.47
Portugal,1992,3420.45,3878.0,7138692.38,-0.26199650962913656,2,3920.0,7139439.99
Portugal,1993,3411.465,3959.0,6789947.07,-0.2626847344647576,2,3878.0,7138692.38
Portugal,1994,3402.48,3952.0,6364672.640000001,-0.26337658454652635,2,3959.0,6789947.07
Portugal,1995,3393.495,3924.0,6583652.75,-0.2640720885942027,2,3952.0,6364672.640000001
Portugal,1996,3384.51,3730.0,6631060.5,-0.26477127563174774,2,3924.0,6583652.75
Portugal,1997,3375.525,3582.0,6975336.12,-0.2654741749913647,2,3730.0,6631060.5
Portugal,1998,3366.54,3722.5,6770230.88,-0.2661808163174628,2,3582.0,6975336.12
Portugal,1999,3357.555,3863.0,6996942.9,-0.2668912295710202,2,3722.5,6770230.88
Portugal,2000,3348.57,3956.38,7035076.34,-0.26760544503365846,2,3863.0,6996942.9
Portugal,2001,3338.901,3853.82,6835360.51,-0.2887501231869205,2,3956.38,7035076.34
Portugal,2002,3329.232,3877.72,7107419.49,-0.28958630399643637,2,3853.82,6835360.51
Portugal,2003,3319.563,3813.68,6906410.91,-0.290427341801347,2,3877.72,7107419.49
Portugal,2004,3309.894,3869.61,7119240.23,-0.29127327904306943,2,3813.68,6906410.91
Portugal,2005,3300.225,3823.89,7313598.47,-0.29212415865885744,2,3869.61,7119240.23
Portugal,2006,3290.556,3757.66,7032779.16,-0.29298002408926216,2,3823.89,7313598.47
Portugal,2007,3280.887,3660.92,6763018.6,-0.2938409192853708,2,3757.66,7032779.16
Portugal,2008,3271.218,3725.86,7211151.88,-0.2947068887163895,2,3660.92,6763018.6
Portugal,2009,3261.549,3695.58,7165373.97,-0.295577977377226,2,3725.86,7211151.88
Portugal,2010,3251.88,3654.17,6788657.16,-0.2964542307964724,2,3695.58,7165373.97
Portugal,2011,3263.87,3649.36,6953947.26,0.3687097924892635,0,3654.17,6788657.16
Portugal,2012,3275.86,3664.41,6928888.58,0.3673553174605715,0,3649.36,6953947.26
Portugal,2013,3287.85,3701.1,6593969.01,0.36601075748046163,0,3664.41,6928888.58
Portugal,2014,3299.84,3663.88,6745770.78,0.36467600407561473,0,3701.1,6593969.01
Portugal,2015,3311.83,3638.78,7075851.43,0.36335095034909504,0,3663.88,6745770.78
Portugal,2016,3316.342,3619.03,7101515.79,0.13623887699549808,0,3638.78,7075851.43
Portugal,2017,3320.854,3673.3928,7170230.6,0.13605351920880082,0,3619.03,7101515.79
Portugal,2018,3325.366,3736.7665,7068694.0,0.13586866510844064,0,3673.3928,7170230.6
Portugal,2019,3329.878,3950.5205,7128979.0,0.13568431264407987,0,3736.7665,7068694.0
Portugal,2020,3334.39,3954.2556,7280269.0,0.13550045977659408,0,3950.5205,7128979.0
Portugal,2021,3340.038,3962.2955,7274518.0,0.16938630454146342,0,3954.2556,7280269.0
Portugal,2022,3345.686,3919.7575,7118293.0,0.16909987251643166,0,3962.2955,7274518.0
Portugal,2023,3351.334,3969.9597,6929237.0,0.16881440756841837,0,3919.7575,7118293.0
Puerto Rico,1991,316.362,420.0,2105168.93,4.124674982720622,0,435.0,2173580.83
Puerto Rico,1992,328.894,410.0,1722976.77,3.961284857220515,0,420.0,2105168.93
Puerto Rico,1993,341.426,311.0,1673198.24,3.8103461905659497,0,410.0,1722976.77
Puerto Rico,1994,353.958,309.0,1643919.45,3.6704878948879305,0,311.0,1673198.24
Puerto Rico,1995,366.49,309.0,1515777.86,3.5405330575944083,0,309.0,1643919.45
Puerto Rico,1996,379.022,309.0,1459866.63,3.4194657425850483,0,309.0,1515777.86
Puerto Rico,1997,391.554,291.0,1530297.51,3.306404377582295,0,309.0,1459866.63
Puerto Rico,1998,404.086,272.5,1517820.0,3.2005802520214344,0,291.0,1530297.51
Puerto Rico,1999,416.618,259.9,1556385.15,3.10132001603618,0,272.5,1517820.0
Puerto Rico,2000,429.15,247.2,1569465.94,3.0080313380602908,0,259.9,1556385.15
Puerto Rico,2001,435.38,234.7,1536137.97,1.4517068624024354,0,247.2,1569465.94
Puerto Rico,2002,441.61,222.0,1484367.69,1.430933896825759,0,234.7,1536137.97
Puerto Rico,2003,447.84,215.6,1496757.12,1.4107470392427546,0,222.0,1484367.69
Puerto Rico,2004,454.07,209.0,1429467.41,1.3911218292247174,0,215.6,1496757.12
Puerto Rico,2005,460.3,202.4,1393479.54,1.3720351487656046,0,209.0,1429467.41
Puerto Rico,2006,466.53,195.8,1333875.23,1.3534651314360158,0,202.4,1393479.54
Puerto Rico,2007,472.76,189.0,1250427.96,1.3353910788159506,0,195.8,1333875.23
Puerto Rico,2008,478.99,190.7,1194253.07,1.317793383534993,0,189.0,1250427.96
Puerto Rico,2009,485.22,192.3,1136190.08,1.300653458318557,0,190.7,1194253.07
Puerto Rico,2010,491.45,193.9,1081094.46,1.283953670499982,0,192.3,1136190.08
Puerto Rico,2011,490.796,195.5,1039231.8,-0.13307559263404656,2,193.9,1081094.46
Puerto Rico,2012,490.142,196.8,967246.52,-0.13325291974669584,2,195.5,1039231.8
Puerto Rico,2013,489.488,192.2,958313.69,-0.13343072007704349,2,196.8,967246.52
Puerto Rico,2014,488.834,187.6,926664.1,-0.13360899552185002,2,192.2,958313.69
Puerto Rico,2015,488.18,183.0,911148.55,-0.1337877479880678,2,187.6,926664.1
Puerto Rico,2016,482.966,178.4,898797.79,-1.0680486705723302,2,183.0,911148.55
Puerto Rico,2017,477.752,173.8,875589.8200000001,-1.0795791008062716,2,178.4,898797.79
Puerto Rico,2018,472.538,168.9,853756.9199999999,-1.0913612083256585,2,173.8,875589.8200000001
Puerto Rico,2019,467.324,168.9,825114.84,-1.103403324177099,2,168.9,853756.9199999999
Puerto Rico,2020,462.11,168.9,865337.25,-1.1157141512098678,2,168.9,825114.84
Puerto Rico,2021,456.9,168.9,851296.06,-1.127437190279379,2,168.9,865337.25
Puerto Rico,2022,451.69,168.9,773537.9,-1.1402932808054267,2,168.9,851296.06
Puerto Rico,2023,446.48,168.9,815265.22,-1.1534459474418224,2,168.9,773537.9
Qatar,1991,1.4,61.0,41293.74,0.0,1,61.0,42777.3
Qatar,1992,1.4,64.0,45974.2,0.0,1,61.0,41293.74
Qatar,1993,1.4,65.0,47889.38,0.0,1,64.0,45974.2
Qatar,1994,1.4,65.0,51452.08,0.0,1,65.0,47889.38
Qatar,1995,1.4,65.0,53280.43,0.0,1,65.0,51452.08
Qatar,1996,1.4,66.0,55943.01,0.0,1,65.0,53280.43
Qatar,1997,1.4,66.0,60397.79,0.0,1,66.0,55943.01
Qatar,1998,1.4,66.0,57978.94,0.0,1,66.0,60397.79
Qatar,1999,1.4,66.0,64133.3,0.0,1,66.0,57978.94
Qatar,2000,1.4,66.0,67094.68,0.0,1,66.0,64133.3
Qatar,2001,1.4,66.3,43084.3,0.0,1,66.0,67094.68
Qatar,2002,1.4,65.7,49404.3,0.0,1,66.3,43084.3
Qatar,2003,1.4,66.2,42157.96,0.0,1,65.7,49404.3
Qatar,2004,1.4,65.2,48154.66,0.0,1,66.2,42157.96
Qatar,2005,1.4,64.6,31467.6,0.0,1,65.2,48154.66
Qatar,2006,1.4,65.3,34493.01,0.0,1,64.6,31467.6
Qatar,2007,1.4,66.0,34271.01,0.0,1,65.3,34493.01
Qatar,2008,1.4,66.7,34971.01,0.0,1,66.0,34271.01
Qatar,2009,1.4,67.4,52060.27,0.0,1,66.7,34971.01
Qatar,2010,1.4,68.1,55165.79,0.0,1,67.4,52060.27
Qatar,2011,1.4,68.8,48447.46,0.0,1,68.1,55165.79
Qatar,2012,1.4,69.5,50286.16,0.0,1,68.8,48447.46
Qatar,2013,1.4,70.2,66555.04000000001,0.0,1,69.5,50286.16
Qatar,2014,1.4,71.0,80505.25,0.0,1,70.2,66555.04000000001
Qatar,2015,1.4,71.0,72521.20999999999,0.0,1,71.0,80505.25
Qatar,2016,1.4,71.0,100886.64,0.0,1,71.0,72521.20999999999
Qatar,2017,1.4,72.0,92601.22,0.0,1,71.0,100886.64
Qatar,2018,1.4,74.0,126403.25,0.0,1,72.0,92601.22
Qatar,2019,1.4,74.0,149021.55,0.0,1,74.0,126403.25
Qatar,2020,1.4,74.0,154860.7,0.0,1,74.0,149021.55
Qatar,2021,1.4,74.0,164724.81,0.0,1,74.0,154860.7
Qatar,2022,1.4,74.0,128197.88,0.0,1,74.0,164724.81
Qatar,2023,1.4,74.0,113958.51,0.0,1,74.0,128197.88
Republic of Korea,1991,6543.5,2161.0,8861014.46,-0.11448633796367069,2,2179.0,8677131.17
Republic of Korea,1992,6536.0,2136.0,9485868.8,-0.11461755941010177,2,2161.0,8861014.46
Republic of Korea,1993,6528.5,2118.0,10748065.46,-0.11474908200734824,2,2136.0,9485868.8
Republic of Korea,1994,6521.0,2096.0,11447162.35,-0.114880906793291,2,2118.0,10748065.46
Republic of Korea,1995,6513.5,2048.0,11950746.17,-0.1150130348106071,2,2096.0,11447162.35
Republic of Korea,1996,6506.0,2008.0,12795197.76,-0.11514546710678086,2,2048.0,11950746.17
Republic of Korea,1997,6498.5,1983.0,13725105.72,-0.11527820473409278,2,2008.0,12795197.76
Republic of Korea,1998,6491.0,1969.0,13727886.18,-0.11541124874970832,2,1983.0,13725105.72
Republic of Korea,1999,6483.5,1954.0,12281752.03,-0.11554460021567792,2,1969.0,13727886.18
Republic of Korea,2000,6476.0,1973.0,11156053.9,-0.11567826019897032,2,1954.0,12281752.03
Republic of Korea,2001,6467.1,1945.0,9723365.1,-0.1374305126621289,2,1973.0,11156053.9
Republic of Korea,2002,6458.2,1919.0,9501340.65,-0.13761964404448435,2,1945.0,9723365.1
Republic of Korea,2003,6449.3,1902.0,9182652.44,-0.13780929670805797,2,1919.0,9501340.65
Republic of Korea,2004,6440.4,1893.0,9360416.06,-0.13799947281101232,2,1902.0,9182652.44
Republic of Korea,2005,6431.5,1881.0,9750310.26,-0.13819017452331162,2,1893.0,9360416.06
Republic of Korea,2006,6422.6,1858.0,10149200.71,-0.1383814040270437,2,1881.0,9750310.26
Republic of Korea,2007,6413.7,1840.0,10727394.79,-0.1385731635163423,2,1858.0,10149200.71
Republic of Korea,2008,6404.8,1817.0,11552287.38,-0.13876545519746486,2,1840.0,10727394.79
Republic of Korea,2009,6395.9,1795.0,12411037.85,-0.13895828128903664,2,1817.0,11552287.38
Republic of Korea,2010,6387.0,1773.0,12305349.06,-0.1391516440219509,2,1795.0,12411037.85
Republic of Korea,2011,6377.0,1756.1,12556967.79,-0.1565680288085125,2,1773.0,12305349.06
Republic of Korea,2012,6367.0,1788.0,13556806.82,-0.15681354869060415,2,1756.1,12556967.79
Republic of Korea,2013,6357.0,1768.7,13707263.85,-0.15705983979896754,2,1788.0,13556806.82
Republic of Korea,2014,6347.0,1748.3,13398827.65,-0.15730690577315798,2,1768.7,13707263.85
Republic of Korea,2015,6337.0,1736.0,13492158.39,-0.15755475027572352,2,1748.3,13398827.65
Republic of Korea,2016,6329.2,1700.8,12837868.72,-0.12308663405397047,2,1736.0,13492158.39
Republic of Korea,2017,6321.4,1676.7,12971666.47,-0.12323832395879641,2,1700.8,12837868.72
Republic of Korea,2018,6313.6,1652.0,13108891.1,-0.1233903882051357,2,1676.7,12971666.47
Republic of Korea,2019,6305.8,1637.0,13457391.92,-0.12354282818043405,2,1652.0,13108891.1
Republic of Korea,2020,6298.0,1621.0,13885507.36,-0.12369564527895394,2,1637.0,13457391.92
Republic of Korea,2021,6294.226,1603.0,14336042.32,-0.05992378532868603,1,1621.0,13885507.36
Republic of Korea,2022,6290.452,1584.0,14881323.21,-0.05995971545984524,1,1603.0,14336042.32
Republic of Korea,2023,6286.678,1568.0,14878613.54,-0.05999568870409533,1,1584.0,14881323.21
Republic of Moldova,1993,331.1,2557.0,3972545.6,0.5771567436209102,0,2560.0,4597066.76
Republic of Moldova,1994,333.0,2557.0,4362375.37,0.5738447598912622,0,2557.0,3972545.6
Republic of Moldova,1995,334.9,2556.0,4095814.44,0.5705705705705721,0,2557.0,4362375.37
Republic of Moldova,1996,336.8,2556.0,3714773.97,0.5673335323977513,0,2556.0,4095814.44
Republic of Moldova,1997,338.7,2556.0,2991746.05,0.5641330166270775,0,2556.0,3714773.97
Republic of Moldova,1998,340.6,2556.0,2530709.45,0.5609684086212097,0,2556.0,2991746.05
Republic of Moldova,1999,342.5,2557.0,2420319.13,0.557839107457414,0,2556.0,2530709.45
Republic of Moldova,2000,344.4,2544.0,2139033.04,0.5547445255474459,0,2557.0,2420319.13
Republic of Moldova,2001,347.41,2539.0,2058620.66,0.8739837398374029,0,2544.0,2139033.04
Republic of Moldova,2002,350.42,2534.0,2152470.85,0.8664114446907067,0,2539.0,2058620.66
Republic of Moldova,2003,353.43,2528.0,2167461.77,0.8589692369157076,0,2534.0,2152470.85
Republic of Moldova,2004,356.44,2522.0,2091388.1,0.8516537928302537,0,2528.0,2167461.77
Republic of Moldova,2005,359.45,2499.0,1984317.83,0.8444619010212095,0,2522.0,2091388.1
Republic of Moldova,2006,362.46,2483.0,1877030.68,0.8373904576436164,0,2499.0,1984317.83
Republic of Moldova,2007,365.47,2485.0,1827787.42,0.8304364619544424,0,2483.0,1877030.68
Republic of Moldova,2008,368.48,2481.0,1443923.75,0.8235970120666458,0,2485.0,1827787.42
Republic of Moldova,2009,371.49,2472.0,1453524.83,0.8168693009118488,0,2481.0,1443923.75
Republic of Moldova,2010,374.5,2465.0,1484052.97,0.8102506123987219,0,2472.0,1453524.83
Republic of Moldova,2011,376.88,2462.0,1388260.6,0.6355140186915964,0,2465.0,1484052.97
Republic of Moldova,2012,379.26,2460.0,1311613.17,0.6315007429420483,0,2462.0,1388260.6
Republic of Moldova,2013,381.64,2461.0,1271068.73,0.627537836840153,0,2460.0,1311613.17
Republic of Moldova,2014,384.02,2315.0,1237324.37,0.6236243580337586,0,2461.0,1271068.73
Republic of Moldova,2015,386.4,2318.0,1220911.86,0.619759387531893,0,2315.0,1237324.37
Republic of Moldova,2016,383.76,2317.9,1188047.76,-0.6832298136645876,2,2318.0,1220911.86
Republic of Moldova,2017,381.12,2317.3,1132441.49,-0.6879299562226326,2,2317.9,1188047.76
Republic of Moldova,2018,378.48,2257.1,1009749.61,-0.6926952141057874,2,2317.3,1132441.49
Republic of Moldova,2019,375.84,2261.6,932487.47,-0.697526949904892,2,2257.1,1009749.61
Republic of Moldova,2020,373.2,2471.1,662994.96,-0.7024265644955285,2,2261.6,932487.47
Republic of Moldova,2021,372.62,2469.0,624657.12,-0.15541264737405358,2,2471.1,662994.96
Republic of Moldova,2022,372.04,2465.0,575492.75,-0.15565455423756092,2,2469.0,624657.12
Republic of Moldova,2023,371.46,2440.0,569984.06,-0.15589721535319567,2,2465.0,575492.75
Romania,1991,6370.5,14798.0,25954564.45,-0.007848061528803463,1,14769.0,27061058.27
Romania,1992,6370.0,14790.0,21212868.66,-0.007848677497845902,1,14798.0,25954564.45
Romania,1993,6369.5,14793.0,19311966.57,-0.007849293563577664,1,14790.0,21212868.66
Romania,1994,6369.0,14798.0,20433966.77,-0.007849909726043158,1,14793.0,19311966.57
Romania,1995,6368.5,14797.0,19418113.68,-0.007850525985242385,1,14798.0,20433966.77
Romania,1996,6368.0,14782.0,18629423.14,-0.00785114234120865,1,14797.0,19418113.68
Romania,1997,6367.5,14798.0,18589450.87,-0.007851758793975261,1,14782.0,18629423.14
Romania,1998,6367.0,14747.0,18766953.1,-0.007852375343542217,1,14798.0,18589450.87
Romania,1999,6366.5,14781.0,18425709.21,-0.007852991989942826,1,14747.0,18766953.1
Romania,2000,6366.0,14857.0,17921350.5,-0.007853608733210393,1,14781.0,18425709.21
Romania,2001,6380.9,14798.0,17783747.14,0.23405592208607384,0,14857.0,17921350.5
Romania,2002,6395.8,14818.0,17107190.259999998,0.23350937955461948,0,14798.0,17783747.14
Romania,2003,6410.7,14800.0,17000397.310000002,0.23296538353294594,0,14818.0,17107190.259999998
Romania,2004,6425.6,14130.0,16779054.490000002,0.23242391626501213,0,14800.0,17000397.310000002
Romania,2005,6440.5,14180.0,17574429.39,0.23188496015935645,0,14130.0,16779054.490000002
Romania,2006,6455.4,14039.0,17562767.66,0.23134849778743138,0,14180.0,17574429.39
Romania,2007,6470.3,13630.0,17574627.04,0.23081451188153856,0,14039.0,17562767.66
Romania,2008,6485.2,13634.0,16651357.86,0.23028298533298575,0,13630.0,17574627.04
Romania,2009,6500.1,13621.0,15600551.09,0.2297539011904215,0,13634.0,16651357.86
Romania,2010,6515.0,14156.0,14441577.09,0.22922724265779237,0,13621.0,15600551.09
Romania,2011,6592.192,13982.0,13010980.78,1.1848349961627092,0,14156.0,14441577.09
Romania,2012,6669.384,13733.0,12050448.4,1.1709610399697201,0,13982.0,13010980.78
Romania,2013,6746.576,13905.0,11756215.06,1.1574082404012032,0,13733.0,12050448.4
Romania,2014,6823.768,13830.0,12179021.48,1.1441655737665979,0,13905.0,11756215.06
Romania,2015,6900.96,13858.0,12412596.48,1.1312225151851596,0,13830.0,12179021.48
Romania,2016,6906.578,13521.0,12366478.36,0.08140896339061676,1,13858.0,12412596.48
Romania,2017,6912.196,13378.0,11986764.1,0.08134274310662715,1,13521.0,12366478.36
Romania,2018,6917.814,13414.0,10858590.0,0.08127663046593181,1,13378.0,11986764.1
Romania,2019,6923.432,13826.0,10454502.0,0.08121062520616285,1,13414.0,10858590.0
Romania,2020,6929.05,13049.0,11154730.0,0.08114472706599596,1,13826.0,10454502.0
Romania,2021,6934.666,13079.0,10967013.0,0.08105007179917134,1,13049.0,11154730.0
Romania,2022,6940.282,12678.0,10927154.0,0.08098443385737841,1,13079.0,10967013.0
Romania,2023,6945.898,12715.0,10750793.0,0.08091890214259045,1,12678.0,10927154.0
Russian Federation,1993,811882.514,218795.0,253813500.48,0.009904876989796918,1,221631.0,261951503.79
Russian Federation,1994,811962.922,217711.0,242577592.43,0.009903896021090652,1,218795.0,253813500.48
Russian Federation,1995,812043.33,216400.0,226493122.21,0.009902915246651212,1,217711.0,242577592.43
Russian Federation,1996,812123.738,216111.0,203379080.42,0.009901934666478596,1,216400.0,226493122.21
Russian Federation,1997,812204.146,217989.0,184284536.69,0.009900954280439578,1,216111.0,203379080.42
Russian Federation,1998,812284.554,217287.0,170724943.42000002,0.009899974088534158,1,217989.0,184284536.69
Russian Federation,1999,812364.962,216790.0,152888315.36,0.009898994090695723,1,217287.0,170724943.42000002
Russian Federation,2000,812445.37,217162.0,152240361.73,0.009898014286835455,1,216790.0,152888315.36
Russian Federation,2001,813351.026,216861.0,148803294.84,0.11147284893751053,0,217162.0,152240361.73
Russian Federation,2002,814256.682,216651.0,149723370.69,0.1113487253411316,0,216861.0,148803294.84
Russian Federation,2003,815162.338,216277.0,148905222.1,0.11122487785737434,0,216651.0,149723370.69
Russian Federation,2004,816067.994,215980.0,142013383.42000002,0.11110130556595266,0,216277.0,148905222.1
Russian Federation,2005,816973.65,215680.0,131953267.53,0.11097800755068832,0,215980.0,142013383.42000002
Russian Federation,2006,817879.306,215488.0,124584806.63,0.11085498289937767,0,215680.0,131953267.53
Russian Federation,2007,818784.962,215463.0,124346195.79,0.11073223070399152,0,215488.0,124584806.63
Russian Federation,2008,819690.618,215494.0,124883772.96,0.11060975006036422,0,215463.0,124346195.79
Russian Federation,2009,820596.274,215494.0,123055424.4,0.11048754006843797,0,215494.0,124883772.96
Russian Federation,2010,821501.93,215494.0,120855355.85,0.11036559983210736,0,215494.0,123055424.4
Russian Federation,2011,821842.778,215494.0,115882451.2,0.041490833746427036,1,215494.0,120855355.85
Russian Federation,2012,822183.626,215494.0,116307835.57,0.041473625993226904,1,215494.0,115882451.2
Russian Federation,2013,822524.474,215494.0,114363384.87,0.04145643250745845,1,215494.0,116307835.57
Russian Federation,2014,822865.322,215494.0,113725077.36,0.041439253271380316,1,215494.0,114363384.87
Russian Federation,2015,823206.17,215494.0,111941812.46,0.04142208826731775,1,215494.0,113725077.36
Russian Federation,2016,824251.376,215494.0,108488158.41,0.1269677072512687,0,215494.0,111941812.46
Russian Federation,2017,825296.582,215494.0,107725672.78,0.12680670368696578,0,215494.0,108488158.41
Russian Federation,2018,826341.788,215494.0,107567799.78,0.12664610793213793,0,215494.0,107725672.78
Russian Federation,2019,827386.994,215494.0,107741561.34,0.1264859184393563,0,215494.0,107567799.78
Russian Federation,2020,828432.2,215494.0,108406009.81,0.1263261336689636,0,215494.0,107741561.34
Russian Federation,2021,829271.746,215494.0,108070626.49,0.10134154611567414,0,215494.0,108406009.81
Russian Federation,2022,830111.292,215494.0,106664198.79,0.10123894899947139,0,215494.0,108070626.49
Russian Federation,2023,830950.838,215701.0,107142911.69,0.1011365594096647,0,215494.0,106664198.79
Rwanda,1991,434.088,1875.0,2006464.08,-0.6322536339704699,2,1878.0,1955180.42
Rwanda,1992,431.326,1835.0,1872900.16,-0.6362765153609451,2,1875.0,2006464.08
Rwanda,1993,428.564,1755.0,1731529.07,-0.6403509178672273,2,1835.0,1872900.16
Rwanda,1994,425.802,1550.0,1562040.66,-0.6444778376158533,2,1755.0,1731529.07
Rwanda,1995,423.04,1550.0,1558578.32,-0.6486582965791632,2,1550.0,1562040.66
Rwanda,1996,420.278,1601.0,1722814.93,-0.6528933434190587,2,1550.0,1558578.32
Rwanda,1997,417.516,1651.0,1933671.47,-0.6571840543640128,2,1601.0,1722814.93
Rwanda,1998,414.754,1671.0,2223802.0,-0.6615315341208516,2,1651.0,1933671.47
Rwanda,1999,411.992,1717.0,2525336.54,-0.6659369168229845,2,1671.0,2223802.0
Rwanda,2000,409.23,1826.0,2457440.65,-0.6704013670168374,2,1717.0,2525336.54
Rwanda,2001,409.931,1897.0,2753231.59,0.1712973144686325,0,1826.0,2457440.65
Rwanda,2002,410.632,1888.0,2749141.06,0.1710043885434498,0,1897.0,2753231.59
Rwanda,2003,411.333,1886.0,3274608.36,0.17071246274036334,0,1888.0,2749141.06
Rwanda,2004,412.034,1883.0,3294701.7,0.17042153194612997,0,1886.0,3274608.36
Rwanda,2005,412.735,1881.0,3336098.13,0.17013159108230091,0,1883.0,3294701.7
Rwanda,2006,413.436,1884.0,3822556.35,0.16984263510484432,0,1881.0,3336098.13
Rwanda,2007,414.137,1878.0,3984203.72,0.16955465900405642,0,1884.0,3822556.35
Rwanda,2008,414.838,1880.0,4309724.47,0.16926765780407305,0,1878.0,3984203.72
Rwanda,2009,415.539,1906.0,4299970.07,0.1689816265626476,0,1880.0,4309724.47
Rwanda,2010,416.24,1922.0,4613657.98,0.16869656037099556,0,1906.0,4299970.07
Rwanda,2011,430.798,1943.0,4132427.44,3.4975014414760697,0,1922.0,4613657.98
Rwanda,2012,445.356,1959.0,4140222.5,3.379310024651927,0,1943.0,4132427.44
Rwanda,2013,459.914,1980.0,4135884.95,3.2688455976791486,0,1959.0,4140222.5
Rwanda,2014,474.472,2006.0,4157189.3,3.165374396082754,0,1980.0,4135884.95
Rwanda,2015,489.03,2007.0,4806952.68,3.068252710381225,0,2006.0,4157189.3
Rwanda,2016,503.59,2005.0,4342410.34,2.9773224546551402,0,2007.0,4806952.68
Rwanda,2017,518.15,2005.0,4162154.42,2.8912408904068876,0,2005.0,4342410.34
Rwanda,2018,532.71,1949.0,4634140.96,2.8099971050854045,0,2005.0,4162154.42
Rwanda,2019,547.27,1904.0,5031325.09,2.733194420979501,0,1949.0,4634140.96
Rwanda,2020,561.83,1958.6,5758020.5600000005,2.66047837447696,0,1904.0,5031325.09
Rwanda,2021,576.39,2004.46,5390283.49,2.591531246106471,0,1958.6,5758020.5600000005
Rwanda,2022,590.95,1974.5073,5140763.76,2.5260674196290855,0,2004.46,5390283.49
Rwanda,2023,605.51,1883.131,5217639.04,2.463829427193498,0,1974.5073,5140763.76
Saint Kitts and Nevis,1991,11.0,12.0,10610.93,0.0,1,12.0,11010.93
Saint Kitts and Nevis,1992,11.0,12.0,10126.09,0.0,1,12.0,10610.93
Saint Kitts and Nevis,1993,11.0,12.0,9556.43,0.0,1,12.0,10126.09
Saint Kitts and Nevis,1994,11.0,10.0,9556.43,0.0,1,12.0,9556.43
Saint Kitts and Nevis,1995,11.0,10.0,9556.43,0.0,1,10.0,9556.43
Saint Kitts and Nevis,1996,11.0,9.0,9556.43,0.0,1,10.0,9556.43
Saint Kitts and Nevis,1997,11.0,9.0,9756.43,0.0,1,9.0,9556.43
Saint Kitts and Nevis,1998,11.0,9.0,10326.09,0.0,1,9.0,9756.43
Saint Kitts and Nevis,1999,11.0,10.0,10895.76,0.0,1,9.0,10326.09
Saint Kitts and Nevis,2000,11.0,9.5,11848.27,0.0,1,10.0,10895.76
Saint Kitts and Nevis,2001,11.0,9.3,11707.86,0.0,1,9.5,11848.27
Saint Kitts and Nevis,2002,11.0,8.1,11707.86,0.0,1,9.3,11707.86
Saint Kitts and Nevis,2003,11.0,8.1,11707.86,0.0,1,8.1,11707.86
Saint Kitts and Nevis,2004,11.0,8.03,11707.86,0.0,1,8.1,11707.86
Saint Kitts and Nevis,2005,11.0,5.0,11965.53,0.0,1,8.03,11707.86
Saint Kitts and Nevis,2006,11.0,5.01,13773.43,0.0,1,5.0,11965.53
Saint Kitts and Nevis,2007,11.0,5.09,15551.78,0.0,1,5.01,13773.43
Saint Kitts and Nevis,2008,11.0,5.1,17045.59,0.0,1,5.09,15551.78
Saint Kitts and Nevis,2009,11.0,5.5,16928.28,0.0,1,5.1,17045.59
Saint Kitts and Nevis,2010,11.0,5.7,16742.93,0.0,1,5.5,16928.28
Saint Kitts and Nevis,2011,11.0,6.0,15223.21,0.0,1,5.7,16742.93
Saint Kitts and Nevis,2012,11.0,6.0,7380.1,0.0,1,6.0,15223.21
Saint Kitts and Nevis,2013,11.0,6.0,6582.0,0.0,1,6.0,7380.1
Saint Kitts and Nevis,2014,11.0,6.0,5147.46,0.0,1,6.0,6582.0
Saint Kitts and Nevis,2015,11.0,6.0,5586.16,0.0,1,6.0,5147.46
Saint Kitts and Nevis,2016,11.0,6.0,5091.46,0.0,1,6.0,5586.16
Saint Kitts and Nevis,2017,11.0,6.0,5183.86,0.0,1,6.0,5091.46
Saint Kitts and Nevis,2018,11.0,6.0,5302.41,0.0,1,6.0,5183.86
Saint Kitts and Nevis,2019,11.0,6.0,5477.43,0.0,1,6.0,5302.41
Saint Kitts and Nevis,2020,11.0,6.0,5077.12,0.0,1,6.0,5477.43
Saint Kitts and Nevis,2021,11.0,6.0,4923.360000000001,0.0,1,6.0,5077.12
Saint Kitts and Nevis,2022,11.0,6.0,4803.63,0.0,1,6.0,4923.360000000001
Saint Kitts and Nevis,2023,11.0,6.0,4754.13,0.0,1,6.0,4803.63
Saint Lucia,1991,27.26,19.8,39802.4,0.739098300073926,0,20.9,39405.7
Saint Lucia,1992,27.46,19.7,39927.4,0.7336757153338258,0,19.8,39802.4
Saint Lucia,1993,27.66,19.7,40279.1,0.7283321194464731,0,19.7,39927.4
Saint Lucia,1994,27.86,19.5,40520.8,0.7230657989877098,0,19.7,40279.1
Saint Lucia,1995,28.06,18.0,39704.0,0.7178750897343766,0,19.5,40520.8
Saint Lucia,1996,28.26,17.4,38475.5,0.7127583749109156,0,18.0,39704.0
Saint Lucia,1997,28.46,17.0,38547.2,0.7077140835102691,0,17.4,38475.5
Saint Lucia,1998,28.66,15.5,39063.6,0.7027406886858767,0,17.0,38547.2
Saint Lucia,1999,28.86,15.4,39164.6,0.6978367062107527,0,15.5,39063.6
Saint Lucia,2000,29.06,14.2,30392.86,0.6930006930006893,0,15.4,39164.6
Saint Lucia,2001,29.26,13.9,30370.0,0.6882312456985673,0,14.2,30392.86
Saint Lucia,2002,29.46,13.1,31393.4,0.6835269993164639,0,13.9,30370.0
Saint Lucia,2003,29.66,12.4,31387.11,0.6788866259334725,0,13.1,31393.4
Saint Lucia,2004,29.86,11.1,32655.28,0.6743088334457248,0,12.4,31387.11
Saint Lucia,2005,30.06,10.9,32655.92,0.6697923643670389,0,11.1,32655.28
Saint Lucia,2006,30.26,10.1,33710.42,0.6653359946773296,0,10.9,32655.92
Saint Lucia,2007,30.46,9.93,33743.6,0.6609385327164485,0,10.1,33710.42
Saint Lucia,2008,30.66,9.94,34555.68,0.6565988181221227,0,9.93,33743.6
Saint Lucia,2009,30.86,9.94,34647.0,0.6523157208088604,0,9.94,34555.68
Saint Lucia,2010,31.06,9.94,34558.01,0.6480881399870464,0,9.94,34647.0
Saint Lucia,2011,31.26,9.94,34707.0,0.6439150032195862,0,9.94,34558.01
Saint Lucia,2012,31.46,9.94,34335.16,0.6397952655150307,0,9.94,34707.0
Saint Lucia,2013,31.66,9.94,34279.2,0.6357279084551859,0,9.94,34335.16
Saint Lucia,2014,31.86,9.94,33996.71,0.6317119393556503,0,9.94,34279.2
Saint Lucia,2015,32.06,9.94,33802.81,0.6277463904582614,0,9.94,33996.71
Saint Lucia,2016,32.166,9.94,33488.92,0.33063006862130706,0,9.94,33802.81
Saint Lucia,2017,32.272,9.94,33095.78,0.329540508611581,0,9.94,33488.92
Saint Lucia,2018,32.378,9.94,32844.78,0.32845810609816173,0,9.94,33095.78
Saint Lucia,2019,32.484,9.94,32552.82,0.3273827907838811,0,9.94,32844.78
Saint Lucia,2020,32.59,9.94,32615.18,0.32631449328901496,0,9.94,32552.82
Saint Lucia,2021,32.64,9.94,32624.83,0.15342129487572187,0,9.94,32615.18
Saint Lucia,2022,32.69,9.94,32536.95,0.15318627450979783,0,9.94,32624.83
Saint Lucia,2023,32.74,9.94,32454.07,0.15295197308047292,0,9.94,32536.95
Saint Vincent and the Grenadines,1991,28.522,10.22,19465.83,0.007012622720892203,1,10.58,20397.27
Saint Vincent and the Grenadines,1992,28.524,9.86,19897.27,0.0070121309866166825,1,10.22,19465.83
Saint Vincent and the Grenadines,1993,28.526,9.5,20137.27,0.007011639321263807,1,9.86,19897.27
Saint Vincent and the Grenadines,1994,28.528,9.14,20197.27,0.007011147724877986,1,9.5,20137.27
Saint Vincent and the Grenadines,1995,28.53,8.78,20217.27,0.007010656197437015,1,9.14,20197.27
Saint Vincent and the Grenadines,1996,28.532,8.42,20217.27,0.0070101647388742805,1,8.78,20217.27
Saint Vincent and the Grenadines,1997,28.534,8.06,20257.27,0.007009673349211987,1,8.42,20217.27
Saint Vincent and the Grenadines,1998,28.536,7.7,20345.29,0.007009182028472338,1,8.06,20257.27
Saint Vincent and the Grenadines,1999,28.538,7.34,20274.27,0.007008690776566517,1,7.7,20345.29
Saint Vincent and the Grenadines,2000,28.54,7.0,19625.83,0.0070081995935167285,1,7.34,20274.27
Saint Vincent and the Grenadines,2001,28.541,7.0,19096.66,0.003503854239661486,1,7.0,19625.83
Saint Vincent and the Grenadines,2002,28.542,7.0,18332.93,0.0035037314740193892,1,7.0,19096.66
Saint Vincent and the Grenadines,2003,28.543,7.0,16563.86,0.003503608716970419,1,7.0,18332.93
Saint Vincent and the Grenadines,2004,28.544,7.0,16563.86,0.003503485968536779,1,7.0,16563.86
Saint Vincent and the Grenadines,2005,28.545,7.0,16343.86,0.0035033632286962657,1,7.0,16563.86
Saint Vincent and the Grenadines,2006,28.546,7.0,16560.010000000002,0.0035032404974488784,1,7.0,16343.86
Saint Vincent and the Grenadines,2007,28.547,7.0,17272.93,0.003503117774816822,1,7.0,16560.010000000002
Saint Vincent and the Grenadines,2008,28.548,7.0,17282.93,0.0035029950607778915,1,7.0,17272.93
Saint Vincent and the Grenadines,2009,28.549,7.0,17794.38,0.0035028723553320873,1,7.0,17282.93
Saint Vincent and the Grenadines,2010,28.55,7.0,16431.47,0.0035027496584794093,1,7.0,17794.38
Saint Vincent and the Grenadines,2011,28.55,7.0,16808.37,0.0,1,7.0,16431.47
Saint Vincent and the Grenadines,2012,28.55,7.0,15753.79,0.0,1,7.0,16808.37
Saint Vincent and the Grenadines,2013,28.55,7.0,15935.64,0.0,1,7.0,15753.79
Saint Vincent and the Grenadines,2014,28.55,7.0,13870.69,0.0,1,7.0,15935.64
Saint Vincent and the Grenadines,2015,28.55,7.0,14274.87,0.0,1,7.0,13870.69
Saint Vincent and the Grenadines,2016,28.552,7.0,12293.77,0.00700525394046192,1,7.0,14274.87
Saint Vincent and the Grenadines,2017,28.554,7.0,11752.7,0.007004763239004674,1,7.0,12293.77
Saint Vincent and the Grenadines,2018,28.556,7.0,11368.16,0.007004272606292439,1,7.0,11752.7
Saint Vincent and the Grenadines,2019,28.558,7.0,10048.78,0.007003782042303008,1,7.0,11368.16
Saint Vincent and the Grenadines,2020,28.56,7.0,9950.58,0.007003291547014179,1,7.0,10048.78
Saint Vincent and the Grenadines,2021,28.56,7.0,9182.81,0.0,1,7.0,9950.58
Saint Vincent and the Grenadines,2022,28.56,7.0,9726.76,0.0,1,7.0,9182.81
Saint Vincent and the Grenadines,2023,28.56,7.0,8952.93,0.0,1,7.0,9726.76
Samoa,1991,176.099,54.0,77969.14,-0.27239778004305437,2,54.0,74772.93
Samoa,1992,175.618,52.0,74629.73999999999,-0.2731418122760454,2,54.0,77969.14
Samoa,1993,175.137,52.0,77937.86,-0.2738899201676359,2,52.0,74629.73999999999
Samoa,1994,174.656,51.0,81285.33,-0.27464213729823106,2,52.0,77937.86
Samoa,1995,174.175,51.0,81202.33,-0.27539849761817337,2,51.0,81285.33
Samoa,1996,173.694,51.0,81174.24,-0.2761590354528609,2,51.0,81202.33
Samoa,1997,173.213,51.0,82814.81,-0.27692378550784325,2,51.0,81174.24
Samoa,1998,172.732,51.0,85023.72,-0.27769278287426147,2,51.0,82814.81
Samoa,1999,172.251,50.8,87028.05,-0.2784660630340663,2,51.0,85023.72
Samoa,2000,171.77,48.0,87354.98,-0.27924366186552474,2,50.8,87028.05
Samoa,2001,171.289,48.0,87040.5,-0.280025615648849,2,48.0,87354.98
Samoa,2002,170.808,47.0,94587.32,-0.2808119610716364,2,48.0,87040.5
Samoa,2003,170.327,45.0,89966.29000000001,-0.281602735234876,2,47.0,94587.32
Samoa,2004,169.846,43.0,93215.51,-0.28239797565858815,2,45.0,89966.29000000001
Samoa,2005,169.365,42.0,93217.35,-0.28319772028778667,2,43.0,93215.51
Samoa,2006,168.884,40.2,93219.19,-0.28400200749860716,2,42.0,93217.35
Samoa,2007,168.403,38.5,93220.02,-0.2848108761043022,2,40.2,93219.19
Samoa,2008,167.922,37.0,93221.86,-0.2856243653616586,2,38.5,93220.02
Samoa,2009,167.441,34.9,116717.64,-0.2864425149771921,2,37.0,93221.86
Samoa,2010,166.96,41.5,123130.8,-0.28726536511367584,2,34.9,116717.64
Samoa,2011,166.48,48.0,132421.07,-0.28749401054145585,2,41.5,123130.8
Samoa,2012,166.0,54.5,137019.56,-0.28832292167226825,2,48.0,132421.07
Samoa,2013,165.52,61.0,137269.81,-0.28915662650601526,2,54.5,137019.56
Samoa,2014,165.04,67.5,137224.09,-0.2899951667472367,2,61.0,137269.81
Samoa,2015,164.56,75.62,154883.57,-0.290838584585551,2,67.5,137224.09
Samoa,2016,164.08,68.81,148148.47,-0.2916869227029606,2,75.62,154883.57
Samoa,2017,163.6,62.0,142548.53,-0.29254022428084614,2,68.81,148148.47
Samoa,2018,163.12,55.17,130432.23,-0.29339853300732743,2,62.0,142548.53
Samoa,2019,162.64,49.41,113059.93,-0.2942618930848573,2,55.17,130432.23
Samoa,2020,162.16,49.41,104774.35,-0.2951303492375712,2,49.41,113059.93
Samoa,2021,161.68,49.41,125966.1,-0.296003946719281,2,49.41,104774.35
Samoa,2022,161.2,49.41,121741.05,-0.2968827313211353,2,49.41,125966.1
Samoa,2023,160.72,48.83,121430.03,-0.29776674937964653,2,49.41,121741.05
Sao Tome and Principe,1991,59.017,30.0,11320.53,-0.08972405620449875,1,29.0,10339.56
Sao Tome and Principe,1992,58.964,30.0,11538.23,-0.08980463256350601,1,30.0,11320.53
Sao Tome and Principe,1993,58.911,30.0,11705.8,-0.08988535377517648,1,30.0,11538.23
Sao Tome and Principe,1994,58.858,31.0,11838.86,-0.08996622023051959,1,30.0,11705.8
Sao Tome and Principe,1995,58.805,28.0,11922.63,-0.09004723232185485,1,31.0,11838.86
Sao Tome and Principe,1996,58.752,28.0,12157.27,-0.09012839044298948,1,28.0,11922.63
Sao Tome and Principe,1997,58.699,27.0,12302.55,-0.09020969498911846,1,28.0,12157.27
Sao Tome and Principe,1998,58.646,31.0,12447.83,-0.09029114635683566,1,27.0,12302.55
Sao Tome and Principe,1999,58.593,35.0,12612.11,-0.09037274494423375,1,31.0,12447.83
Sao Tome and Principe,2000,58.54,36.0,12948.68,-0.09045449115082649,1,35.0,12612.11
Sao Tome and Principe,2001,58.486,36.0,13001.03,-0.09224461906388592,1,36.0,12948.68
Sao Tome and Principe,2002,58.432,36.0,13501.74,-0.09232978832540706,1,36.0,13001.03
Sao Tome and Principe,2003,58.378,36.0,14051.33,-0.09241511500548416,1,36.0,13501.74
Sao Tome and Principe,2004,58.324,35.0,12147.09,-0.09250059954092338,1,36.0,14051.33
Sao Tome and Principe,2005,58.27,34.0,11204.4,-0.09258624237019619,1,35.0,12147.09
Sao Tome and Principe,2006,58.216,34.0,9585.73,-0.09267204393341721,1,34.0,11204.4
Sao Tome and Principe,2007,58.162,34.0,9693.53,-0.09275800467225537,1,34.0,9585.73
Sao Tome and Principe,2008,58.108,34.0,7972.27,-0.09284412503008932,1,34.0,9693.53
Sao Tome and Principe,2009,58.054,34.0,7729.05,-0.09293040545190756,1,34.0,7972.27
Sao Tome and Principe,2010,58.0,33.0,6870.6900000000005,-0.09301684638440832,1,34.0,7729.05
Sao Tome and Principe,2011,57.406,34.0,6201.7,-1.0241379310344856,2,33.0,6870.6900000000005
Sao Tome and Principe,2012,56.812,35.0,6368.57,-1.034735045117241,2,34.0,6201.7
Sao Tome and Principe,2013,56.218,35.0,6688.93,-1.0455537562486739,2,35.0,6368.57
Sao Tome and Principe,2014,55.624,37.0,7390.95,-1.0566010886193022,2,35.0,6688.93
Sao Tome and Principe,2015,55.03,37.0,7138.0,-1.0678843664605253,2,37.0,7390.95
Sao Tome and Principe,2016,55.054,40.0,8381.5,0.04361257495910653,1,37.0,7138.0
Sao Tome and Principe,2017,55.078,41.0,8386.23,0.043593562683907905,1,40.0,8381.5
Sao Tome and Principe,2018,55.102,42.0,8710.619999999999,0.04357456697772211,1,41.0,8386.23
Sao Tome and Principe,2019,55.126,42.0,8930.18,0.0435555878189664,1,42.0,8710.619999999999
Sao Tome and Principe,2020,55.15,42.0,9493.07,0.04353662518594703,1,42.0,8930.18
Sao Tome and Principe,2021,55.176,43.0,10170.51,0.04714415231188429,1,42.0,9493.07
Sao Tome and Principe,2022,55.202,43.0,10888.88,0.04712193707407941,1,43.0,10170.51
Sao Tome and Principe,2023,55.228,43.0,11647.62,0.04709974276295714,1,43.0,10888.88
Saudi Arabia,1991,2768.05,123672.0,1277068.0,0.0,1,123481.0,1271082.0
Saudi Arabia,1992,2768.05,123746.0,1372403.0,0.0,1,123672.0,1277068.0
Saudi Arabia,1993,2768.05,130785.0,1463797.0,0.0,1,123746.0,1372403.0
Saudi Arabia,1994,2768.05,137780.7083,1560022.0,0.0,1,130785.0,1463797.0
Saudi Arabia,1995,2768.05,144783.4167,1626886.0,0.0,1,137780.7083,1560022.0
Saudi Arabia,1996,2768.05,151783.125,1495257.0,0.0,1,144783.4167,1626886.0
Saudi Arabia,1997,2768.05,158780.8334,1540436.0,0.0,1,151783.125,1495257.0
Saudi Arabia,1998,2768.05,166773.5417,1702925.48,0.0,1,158780.8334,1540436.0
Saudi Arabia,1999,2768.05,173807.2501,1717711.78,0.0,1,166773.5417,1702925.48
Saudi Arabia,2000,2768.05,173799.9584,1853169.4,0.0,1,173807.2501,1717711.78
Saudi Arabia,2001,2768.05,173788.6668,1915225.36,0.0,1,173799.9584,1853169.4
Saudi Arabia,2002,2768.05,173781.3751,2036478.38,0.0,1,173788.6668,1915225.36
Saudi Arabia,2003,2768.05,173777.0835,2094774.85,0.0,1,173781.3751,2036478.38
Saudi Arabia,2004,2768.05,173778.7918,2130389.32,0.0,1,173777.0835,2094774.85
Saudi Arabia,2005,2768.05,173777.5002,2296753.6,0.0,1,173778.7918,2130389.32
Saudi Arabia,2006,2768.05,173775.2085,2396998.0,0.0,1,173777.5002,2296753.6
Saudi Arabia,2007,2768.05,173770.9168,2686431.0,0.0,1,173775.2085,2396998.0
Saudi Arabia,2008,2768.05,173765.6252,2973603.0,0.0,1,173770.9168,2686431.0
Saudi Arabia,2009,2768.05,173762.3335,3414521.4,0.0,1,173765.6252,2973603.0
Saudi Arabia,2010,2768.05,173740.0419,3491745.0,0.0,1,173762.3335,3414521.4
Saudi Arabia,2011,2768.05,173733.7502,3629913.4,0.0,1,173740.0419,3491745.0
Saudi Arabia,2012,2768.05,173723.4586,3947373.0,0.0,1,173733.7502,3629913.4
Saudi Arabia,2013,2768.05,173713.1669,4359390.0,0.0,1,173723.4586,3947373.0
Saudi Arabia,2014,2768.05,173622.1753,3910448.0,0.0,1,173713.1669,4359390.0
Saudi Arabia,2015,2768.05,173614.5836,3945348.0,0.0,1,173622.1753,3910448.0
Saudi Arabia,2016,2768.05,173608.292,3986826.0,0.0,1,173614.5836,3945348.0
Saudi Arabia,2017,2768.05,173607.1003,4026795.0,0.0,1,173608.292,3986826.0
Saudi Arabia,2018,2768.05,173605.2087,4348185.48,0.0,1,173607.1003,4026795.0
Saudi Arabia,2019,2768.05,173616.852,4749557.32,0.0,1,173605.2087,4348185.48
Saudi Arabia,2020,2768.05,173637.787,5111463.0,0.0,1,173616.852,4749557.32
Saudi Arabia,2021,2769.55,173637.417,5179526.0,0.054189772583579376,1,173637.787,5111463.0
Saudi Arabia,2022,2771.05,173637.417,5150606.77,0.054160423173432726,1,173637.417,5179526.0
Saudi Arabia,2023,2772.55,173637.417,5080233.26,0.054131105537602586,1,173637.417,5150606.77
Senegal,1991,9177.815,8709.0,7067640.75,-0.16908942976234798,2,8869.0,6870960.0
Senegal,1992,9162.27,8780.0,7173274.0,-0.16937582638133497,2,8709.0,7067640.75
Senegal,1993,9146.725,8818.0,7410878.0,-0.16966319481962477,2,8780.0,7173274.0
Senegal,1994,9131.18,8915.0,7557175.0,-0.16995154003208723,2,8818.0,7410878.0
Senegal,1995,9115.635,8815.0,7645497.0,-0.17024086700733188,2,8915.0,7557175.0
Senegal,1996,9100.09,8907.0,7800034.0,-0.17053118076798546,2,8815.0,7645497.0
Senegal,1997,9084.545,8628.0,7828282.0,-0.17082248637101394,2,8907.0,7800034.0
Senegal,1998,9069.0,8390.0,7825406.5,-0.17111478890797782,2,8628.0,7828282.0
Senegal,1999,9053.455,9112.0,7822192.88,-0.17140809350535413,2,8390.0,7825406.5
Senegal,2000,9037.91,9027.0,7994741.939999999,-0.17170240532481396,2,9112.0,7822192.88
Senegal,2001,9022.365,8799.0,8197095.939999999,-0.17199772956358883,2,9027.0,7994741.939999999
Senegal,2002,9006.82,8750.0,7823105.1,-0.17229407145465947,2,8799.0,8197095.939999999
Senegal,2003,8991.275,8632.0,7911591.1,-0.17259143626718876,2,8750.0,7823105.1
Senegal,2004,8975.73,8687.0,7987726.6,-0.1728898293067438,2,8632.0,7911591.1
Senegal,2005,8960.185,8776.0,8248972.32,-0.17318925591567336,2,8687.0,7987726.6
Senegal,2006,8944.64,8490.0,8388698.68,-0.17348972147338548,2,8776.0,8248972.32
Senegal,2007,8929.095,8503.0,8330547.24,-0.1737912313966805,2,8490.0,8388698.68
Senegal,2008,8913.55,9275.0,8701339.719999999,-0.17409379114008416,2,8503.0,8330547.24
Senegal,2009,8898.005,9278.0,9059560.88,-0.1743974061961806,2,9275.0,8701339.719999999
Senegal,2010,8882.46,9278.0,9217844.68,-0.1747020820959344,2,9278.0,9059560.88
Senegal,2011,8866.916,8965.0,9392446.49,-0.1749965662665498,2,9278.0,9217844.68
Senegal,2012,8851.372,8965.0,9550562.34,-0.17530334109401302,2,8965.0,9392446.49
Senegal,2013,8835.828,8968.0,9908471.43,-0.17561119338335152,2,8965.0,9550562.34
Senegal,2014,8820.284,8972.0,9492349.72,-0.1759201288209722,2,8968.0,9908471.43
Senegal,2015,8804.74,9328.0,9709307.8,-0.1762301531333943,2,8972.0,9492349.72
Senegal,2016,8789.196,9288.0,9872847.61,-0.17654127208753811,2,9328.0,9709307.8
Senegal,2017,8773.652,9323.0,10080541.46,-0.17685349149114682,2,9288.0,9872847.61
Senegal,2018,8758.108,9358.0,10271926.06,-0.17716681719310845,2,9323.0,10080541.46
Senegal,2019,8742.564,9395.0,10306155.53,-0.1774812550838556,2,9358.0,10271926.06
Senegal,2020,8727.02,9430.0,10377081.67,-0.17779681109568735,2,9395.0,10306155.53
Senegal,2021,8711.48,9511.0,10436756.22,-0.17806765654256873,2,9430.0,10377081.67
Senegal,2022,8695.94,9511.0,10441492.05,-0.17838530307133782,2,9511.0,10436756.22
Senegal,2023,8680.4,9511.0,10425392.92,-0.1787040848947985,2,9511.0,10441492.05
Serbia,2007,2760.953,3572.9,6467352.72,1.4581038146103564,0,3537.0,6499354.03
Serbia,2008,2800.632,3603.6,6177808.96,1.4371486946717305,0,3572.9,6467352.72
Serbia,2009,2840.311,3518.0,5998640.21,1.4167873537116016,0,3603.6,6177808.96
Serbia,2010,2879.99,3521.6,5799734.28,1.3969949065436804,0,3518.0,5998640.21
Serbia,2011,2919.672,3528.2,5462085.17,1.377852006430591,0,3521.6,5799734.28
Serbia,2012,2959.354,3462.6,5498897.9,1.3591252716058433,0,3528.2,5462085.17
Serbia,2013,2999.036,3491.2,5132818.35,1.3409007506367976,0,3462.6,5498897.9
Serbia,2014,3038.718,3506.4,5212454.63,1.3231585082673192,0,3491.2,5132818.35
Serbia,2015,3078.4,3481.0,5104638.78,1.3058796505631687,0,3506.4,5212454.63
Serbia,2016,3118.08,3456.0,5151849.6,1.2889812889812946,0,3481.0,5104638.78
Serbia,2017,3157.76,3419.0,4996356.82,1.27257799671594,0,3456.0,5151849.6
Serbia,2018,3197.44,3464.0,5116291.0600000005,1.256586947709759,0,3419.0,4996356.82
Serbia,2019,3237.12,3460.0,5018133.12,1.2409927942353738,0,3464.0,5116291.0600000005
Serbia,2020,3276.8,3482.0,5058767.67,1.225780941083432,0,3460.0,5018133.12
Serbia,2021,3316.48,3485.0,4999949.95,1.2109374999999867,0,3482.0,5058767.67
Serbia,2022,3356.16,3469.0,4824728.08,1.1964492473948152,0,3485.0,4999949.95
Serbia,2023,3395.84,3396.0,4544611.48,1.1823035850495822,0,3469.0,4824728.08
Serbia and Montenegro,1993,2990.06,6205.0,10928505.0,0.5724780023141252,0,6188.0,10619605.0
Serbia and Montenegro,1994,3007.08,6202.0,10233805.0,0.5692193467689677,0,6205.0,10928505.0
Serbia and Montenegro,1995,3024.1,6209.0,11135014.0,0.5659975790467842,0,6202.0,10233805.0
Serbia and Montenegro,1996,3041.12,6188.0,11174929.0,0.5628120763202293,0,6209.0,11135014.0
Serbia and Montenegro,1997,3058.14,6183.0,11122096.0,0.5596622297048492,0,6188.0,11174929.0
Serbia and Montenegro,1998,3075.16,6181.0,11285430.0,0.5565474438711027,0,6183.0,11122096.0
Serbia and Montenegro,1999,3092.18,5600.0,9841535.0,0.5534671366693056,0,6181.0,11285430.0
Serbia and Montenegro,2000,3109.2,5587.0,9255052.0,0.5504207387668325,0,5600.0,9841535.0
Serbia and Montenegro,2001,3168.979,5592.0,8730269.0,1.922648912903635,0,5587.0,9255052.0
Serbia and Montenegro,2002,3228.758,5586.0,8525450.0,1.8863804398830064,0,5592.0,8730269.0
Serbia and Montenegro,2003,3288.537,5595.0,8247240.0,1.8514549557445914,0,5586.0,8525450.0
Serbia and Montenegro,2004,3348.316,5591.0,8026909.0,1.817799221964056,0,5595.0,8247240.0
Serbia and Montenegro,2005,3408.095,5590.0,7496616.0,1.785345230259039,0,5591.0,8026909.0
Seychelles,1991,33.913,4.0,9382.6,-0.6358042777615203,2,4.0,8876.380000000001
Seychelles,1992,33.696,4.0,8914.880000000001,-0.639872615221293,2,4.0,9382.6
Seychelles,1993,33.479,4.0,8390.06,-0.6439933523266772,2,4.0,8914.880000000001
Seychelles,1994,33.262,4.0,7852.27,-0.6481675079900828,2,4.0,8390.06
Seychelles,1995,33.045,4.0,7231.13,-0.6523961277133061,2,4.0,7852.27
Seychelles,1996,32.828,4.0,6794.639999999999,-0.6566802844605757,2,4.0,7231.13
Seychelles,1997,32.611,4.0,6032.91,-0.6610210795662375,2,4.0,6794.639999999999
Seychelles,1998,32.394,4.0,5595.68,-0.6654196436785109,2,4.0,6032.91
Seychelles,1999,32.177,4.0,5112.24,-0.669877137741548,2,4.0,5595.68
Seychelles,2000,31.96,4.0,4711.66,-0.6743947540168382,2,4.0,5112.24
Seychelles,2001,31.743,4.0,4011.7,-0.6789737171464361,2,4.0,4711.66
Seychelles,2002,31.526,4.0,4512.45,-0.6836152852597421,2,4.0,4011.7
Seychelles,2003,31.309,4.0,4068.45,-0.6883207511260481,2,4.0,4512.45
Seychelles,2004,31.092,4.0,3508.2200000000003,-0.693091443354954,2,4.0,4068.45
Seychelles,2005,30.875,4.0,2801.9700000000003,-0.6979287276469792,2,4.0,3508.2200000000003
Seychelles,2006,30.658,4.0,2047.24,-0.702834008097164,2,4.0,2801.9700000000003
Seychelles,2007,30.441,3.0,2442.23,-0.7078087285537271,2,4.0,2047.24
Seychelles,2008,30.224,3.0,1934.98,-0.7128543740350102,2,3.0,2442.23
Seychelles,2009,30.007,2.9,1488.99,-0.7179724722075176,2,3.0,1934.98
Seychelles,2010,29.79,2.4,1425.72,-0.7231645949278609,2,2.9,1488.99
Seychelles,2011,29.572,1.5,738.76,-0.7317891910036955,2,2.4,1425.72
Seychelles,2012,29.354,1.5,943.23,-0.737183822534826,2,1.5,738.76
Seychelles,2013,29.136,1.55,1312.48,-0.742658581453981,2,1.5,943.23
Seychelles,2014,28.918,1.55,1365.48,-0.7482152663371822,2,1.55,1312.48
Seychelles,2015,28.7,1.55,1219.1,-0.7538557299951565,2,1.55,1365.48
Seychelles,2016,28.482,1.55,1188.35,-0.7595818815331001,2,1.55,1219.1
Seychelles,2017,28.264,1.55,1220.92,-0.7653956885050217,2,1.55,1188.35
Seychelles,2018,28.046,1.55,1431.29,-0.7712991791678503,2,1.55,1220.92
Seychelles,2019,27.828,1.55,1655.6,-0.7772944448406149,2,1.55,1431.29
Seychelles,2020,27.61,1.55,2023.94,-0.783383642374591,2,1.55,1655.6
Seychelles,2021,27.392,1.55,2442.91,-0.7895689967403086,2,1.55,2023.94
Seychelles,2022,27.174,1.55,2315.37,-0.7958528037383172,2,1.55,2442.91
Seychelles,2023,26.956,1.55,1830.43,-0.8022374328402138,2,1.55,2315.37
Sierra Leone,1991,3106.973,2825.0,930654.26,-0.6309207790961668,2,2825.0,992462.32
Sierra Leone,1992,3087.246,2815.0,997119.22,-0.6349266633472461,2,2825.0,930654.26
Sierra Leone,1993,3067.519,2811.0,1024018.13,-0.6389837414964794,2,2815.0,997119.22
Sierra Leone,1994,3047.792,2810.0,1049731.14,-0.6430930012169433,2,2811.0,1024018.13
Sierra Leone,1995,3028.065,2810.0,1002128.23,-0.647255455752882,2,2810.0,1049731.14
Sierra Leone,1996,3008.338,2810.0,841578.3200000001,-0.6514721447525074,2,2810.0,1002128.23
Sierra Leone,1997,2988.611,2809.0,724806.76,-0.6557441351337623,2,2810.0,841578.3200000001
Sierra Leone,1998,2968.884,2809.0,725113.95,-0.6600725219842896,2,2809.0,724806.76
Sierra Leone,1999,2949.157,2804.0,569559.53,-0.6644584294974054,2,2809.0,725113.95
Sierra Leone,2000,2929.43,2810.0,568983.3,-0.6689030119454542,2,2804.0,569559.53
Sierra Leone,2001,2909.703,3001.52,430358.74,-0.6734074546925428,2,2810.0,568983.3
Sierra Leone,2002,2889.976,3230.08,429055.1,-0.6779729752486752,2,3001.52,430358.74
Sierra Leone,2003,2870.249,3566.67,481743.63,-0.6826008243667192,2,3230.08,429055.1
Sierra Leone,2004,2850.522,3772.73,556364.76,-0.6872922871848375,2,3566.67,481743.63
Sierra Leone,2005,2830.795,3812.02,708574.53,-0.6920486844163909,2,3772.73,556364.76
Sierra Leone,2006,2811.068,4029.88,989514.2,-0.6968713735893917,2,3812.02,708574.53
Sierra Leone,2007,2791.341,3623.72,913469.18,-0.7017617503383144,2,4029.88,989514.2
Sierra Leone,2008,2771.614,3712.23,1088240.64,-0.7067212497505637,2,3623.72,913469.18
Sierra Leone,2009,2751.887,3800.97,1312252.87,-0.7117513477706394,2,3712.23,1088240.64
Sierra Leone,2010,2732.16,3930.38,1450477.59,-0.7168535626644656,2,3800.97,1312252.87
Sierra Leone,2011,2712.434,4017.63,1591226.67,-0.7219928554696553,2,3930.38,1450477.59
Sierra Leone,2012,2692.708,3836.65,1723979.77,-0.7272435015930334,2,4017.63,1591226.67
Sierra Leone,2013,2672.982,3948.65,1864720.58,-0.732571077146138,2,3836.65,1723979.77
Sierra Leone,2014,2653.256,3949.0,1896776.69,-0.7379772852941113,2,3948.65,1864720.58
Sierra Leone,2015,2633.53,3949.0,1701866.27,-0.7434638798517579,2,3949.0,1896776.69
Sierra Leone,2016,2613.804,3949.0,1581129.59,-0.7490326671805603,2,3949.0,1701866.27
Sierra Leone,2017,2594.078,3949.0,1498841.74,-0.7546855081712378,2,3949.0,1581129.59
Sierra Leone,2018,2574.352,3949.0,1538131.43,-0.7604243203172767,2,3949.0,1498841.74
Sierra Leone,2019,2554.626,3949.0,1586934.43,-0.7662510798833955,2,3949.0,1538131.43
Sierra Leone,2020,2534.9,3949.0,1672983.93,-0.7721678241746632,2,3949.0,1586934.43
Sierra Leone,2021,2515.174,3949.0,1971538.32,-0.7781766539113999,2,3949.0,1672983.93
Sierra Leone,2022,2495.448,3949.0,1747550.15,-0.784279735716098,2,3949.0,1971538.32
Sierra Leone,2023,2475.722,3949.0,1797470.84,-0.790479304718017,2,3949.0,1747550.15
Singapore,1991,15.048,1.2,6583.66,1.4699932569116614,0,2.0,6465.13
Singapore,1992,15.266,1.2,7061.34,1.448697501329077,0,1.2,6583.66
Singapore,1993,15.484,1.2,6685.860000000001,1.4280099567666626,0,1.2,7061.34
Singapore,1994,15.702,1.2,4339.28,1.4079049341255478,0,1.2,6685.860000000001
Singapore,1995,15.92,1.2,2515.71,1.3883581709336346,0,1.2,4339.28
Singapore,1996,16.138,1.2,1873.23,1.369346733668353,0,1.2,2515.71
Singapore,1997,16.356,1.2,1804.2,1.35084892799604,0,1.2,1873.23
Singapore,1998,16.574,1.2,1148.11,1.3328442161897769,0,1.2,1804.2
Singapore,1999,16.792,1.2,1219.4,1.3153131410643226,0,1.2,1148.11
Singapore,2000,17.01,1.2,1243.11,1.29823725583611,0,1.2,1219.4
Singapore,2001,17.083,1.2,1257.81,0.42915931804818896,0,1.2,1243.11
Singapore,2002,17.156,1.2,1286.88,0.42732541122754153,0,1.2,1257.81
Singapore,2003,17.229,0.8,1267.17,0.42550711121474016,0,1.2,1286.88
Singapore,2004,17.302,0.8,1306.59,0.42370421962969473,0,0.8,1267.17
Singapore,2005,17.375,0.76,1277.53,0.42191654144030366,0,0.8,1306.59
Singapore,2006,17.448,0.75,1286.88,0.420143884892088,0,0.76,1277.53
Singapore,2007,17.521,0.8,1286.88,0.4183860614397128,0,0.75,1286.88
Singapore,2008,17.594,0.7,1286.88,0.4166428856800408,0,0.8,1286.88
Singapore,2009,17.667,0.7,1286.88,0.4149141752870289,0,0.7,1286.88
Singapore,2010,17.74,0.74,1315.95,0.4131997509480678,0,0.7,1286.88
Singapore,2011,17.486,0.73,1315.95,-1.4317925591882608,2,0.74,1315.95
Singapore,2012,17.232,0.73,1375.7,-1.4525906439437297,2,0.73,1315.95
Singapore,2013,16.978,0.67,1361.7,-1.4740018570101987,2,0.73,1375.7
Singapore,2014,16.724,0.66,1232.83,-1.496053716574397,2,0.67,1361.7
Singapore,2015,16.47,0.66,1169.8,-1.5187754125807307,2,0.66,1232.83
Singapore,2016,16.336,0.66,1272.89,-0.8136004857316359,2,0.66,1169.8
Singapore,2017,16.202,0.66,1186.51,-0.820274240940233,2,0.66,1272.89
Singapore,2018,16.068,0.66,1157.47,-0.8270583878533522,2,0.66,1186.51
Singapore,2019,15.934,0.66,1148.73,-0.833955688324628,2,0.66,1157.47
Singapore,2020,15.8,0.66,1183.5,-0.8409689971130785,2,0.66,1148.73
Singapore,2021,15.8,0.66,1177.42,0.0,1,0.66,1183.5
Singapore,2022,15.8,0.66,1176.44,0.0,1,0.66,1177.42
Singapore,2023,15.8,0.66,1178.45,0.0,1,0.66,1176.44
Slovakia,1994,1902.052,2446.0,5018190.05,-0.005625186958624351,1,2446.0,6034780.41
Slovakia,1995,1901.945,2446.0,4609602.44,-0.005625503403694498,1,2446.0,5018190.05
Slovakia,1996,1901.838,2444.0,4617296.0,-0.005625819884380601,1,2446.0,4609602.44
Slovakia,1997,1901.731,2445.0,4644741.19,-0.0056261364006826575,1,2444.0,4617296.0
Slovakia,1998,1901.624,2443.0,4328410.16,-0.005626452952600669,1,2445.0,4644741.19
Slovakia,1999,1901.517,2443.0,3730729.13,-0.005626769540134635,1,2443.0,4328410.16
Slovakia,2000,1901.41,2440.0,3418086.93,-0.00562708616330676,1,2443.0,3730729.13
Slovakia,2001,1903.06,2255.0,3283638.4,0.0867777070700182,1,2440.0,3418086.93
Slovakia,2002,1904.71,2237.0,3341128.23,0.0867024686557416,1,2255.0,3283638.4
Slovakia,2003,1906.36,2236.0,3152933.47,0.0866273605955703,1,2237.0,3341128.23
Slovakia,2004,1908.01,1934.0,2909295.41,0.0865523825510417,1,2236.0,3152933.47
Slovakia,2005,1909.66,1941.0,2816219.73,0.08647753418482562,1,1934.0,2909295.41
Slovakia,2006,1911.31,1939.0,2701838.97,0.08640281516081316,1,1941.0,2816219.73
Slovakia,2007,1912.96,1930.0,2656057.14,0.08632822514400562,1,1939.0,2701838.97
Slovakia,2008,1914.61,1937.0,2576932.24,0.08625376380060334,1,1930.0,2656057.14
Slovakia,2009,1916.26,1930.0,2410692.12,0.0861794307979169,1,1937.0,2576932.24
Slovakia,2010,1917.91,1944.7,2293695.49,0.0861052258044337,1,1930.0,2410692.12
Slovakia,2011,1918.678,1929.7,2252670.13,0.04004358911524619,1,1944.7,2293695.49
Slovakia,2012,1919.446,1927.4,2240341.13,0.040027560643318694,1,1929.7,2252670.13
Slovakia,2013,1920.214,1893.4,2258161.4,0.04001154499788662,1,1927.4,2240341.13
Slovakia,2014,1920.982,1889.4,2216705.12,0.039995542163540065,1,1893.4,2258161.4
Slovakia,2015,1921.75,1888.6,2211487.0,0.03997955212491355,1,1889.4,2216705.12
Slovakia,2016,1923.644,1886.0,2188646.33,0.09855600364250261,1,1888.6,2211487.0
Slovakia,2017,1925.538,1879.0,2137523.35,0.09845896641997864,1,1886.0,2188646.33
Slovakia,2018,1927.432,1889.0,2085739.0,0.09836212009319834,1,1879.0,2137523.35
Slovakia,2019,1929.326,1885.0,2058081.0,0.09826546409938963,1,1889.0,2085739.0
Slovakia,2020,1931.22,1883.0,2083735.0,0.09816899787802313,1,1885.0,2058081.0
Slovakia,2021,1933.074,1856.0,2068229.0,0.09600149128530244,1,1883.0,2083735.0
Slovakia,2022,1934.928,1849.0,2060887.0,0.09590941681487664,1,1856.0,2068229.0
Slovakia,2023,1936.782,1825.0,2040511.0,0.09581751879139677,1,1849.0,2060887.0
Slovenia,1993,1201.5,560.0,2704122.8,0.3759398496240518,0,564.0,2396196.2800000003
Slovenia,1994,1206.0,549.0,2587782.66,0.3745318352059934,0,560.0,2704122.8
Slovenia,1995,1210.5,538.0,2594599.49,0.3731343283582156,0,549.0,2587782.66
Slovenia,1996,1215.0,525.0,2341228.06,0.3717472118959009,0,538.0,2594599.49
Slovenia,1997,1219.5,495.0,2299024.98,0.37037037037037646,0,525.0,2341228.06
Slovenia,1998,1224.0,490.0,2242567.88,0.36900369003689537,0,495.0,2299024.98
Slovenia,1999,1228.5,500.0,2247600.06,0.3676470588235281,0,490.0,2242567.88
Slovenia,2000,1233.0,518.0,2302520.22,0.366300366300365,0,500.0,2247600.06
Slovenia,2001,1234.4,510.0,2398462.41,0.1135442011354515,0,518.0,2302520.22
Slovenia,2002,1235.8,505.0,2478942.81,0.11341542449772035,0,510.0,2398462.41
Slovenia,2003,1237.2,510.0,2459569.15,0.11328693963426062,0,505.0,2478942.81
Slovenia,2004,1238.6,492.0,2343464.8,0.1131587455544647,0,510.0,2459569.15
Slovenia,2005,1240.0,509.0,2299706.09,0.11303084127241014,0,492.0,2343464.8
Slovenia,2006,1241.4,491.0,2286160.0,0.11290322580645995,0,509.0,2299706.09
Slovenia,2007,1242.8,498.0,2227427.02,0.11277589817946243,0,491.0,2286160.0
Slovenia,2008,1244.2,618.56,2321458.04,0.11264885741872899,0,498.0,2227427.02
Slovenia,2009,1245.6,625.12,2258989.63,0.11252210255585648,0,618.56,2321458.04
Slovenia,2010,1247.0,623.86,2235438.44,0.11239563262686048,0,625.12,2258989.63
Slovenia,2011,1247.2,620.61,2200484.97,0.016038492381720282,1,623.86,2235438.44
Slovenia,2012,1247.4,611.79,2165229.84,0.01603592046184321,1,620.61,2200484.97
Slovenia,2013,1247.6,610.21,2114314.19,0.01603334936666201,1,611.79,2165229.84
Slovenia,2014,1247.8,614.84,2126462.06,0.01603077909586581,1,610.21,2114314.19
Slovenia,2015,1248.0,616.49,2171579.8600000003,0.016028209648988323,1,614.84,2126462.06
Slovenia,2016,1247.166,617.48,2250182.95,-0.06682692307692362,1,616.49,2171579.8600000003
Slovenia,2017,1246.332,615.04,2265157.46,-0.06687161131716524,1,617.48,2250182.95
Slovenia,2018,1245.498,612.0,2183471.0,-0.06691635936492135,1,615.04,2265157.46
Slovenia,2019,1244.664,612.28,2191247.0,-0.06696116734029589,1,612.0,2183471.0
Slovenia,2020,1243.83,610.49,2210369.0,-0.06700603536377026,1,612.28,2191247.0
Slovenia,2021,1243.774,610.96,2237134.0,-0.004502222972591063,1,610.49,2210369.0
Slovenia,2022,1243.718,610.72,2175274.0,-0.004502425681818245,1,610.96,2237134.0
Slovenia,2023,1243.662,611.2,2093767.0,-0.004502628409341902,1,610.72,2175274.0
Small Island Developing States (SIDS),1991,85852.48,16367.8145,32300544.64,0.1811025974219893,0,16319.2765,32949742.05
Small Island Developing States (SIDS),1992,85876.23,16357.9108,31991204.58,0.02766373202032213,1,16367.8145,32300544.64
Small Island Developing States (SIDS),1993,85899.98,16282.5965,31183455.59,0.027656081316096426,1,16357.9108,31991204.58
Small Island Developing States (SIDS),1994,85923.73,16260.5715,30905890.1,0.02764843484248658,1,16282.5965,31183455.59
Small Island Developing States (SIDS),1995,85947.48,16260.281,30715487.78,0.027640792595939878,1,16260.5715,30905890.1
Small Island Developing States (SIDS),1996,85971.23,16206.5627,31075751.8,0.027633154572992424,1,16260.281,30715487.78
Small Island Developing States (SIDS),1997,85994.98,16353.6828,31458607.84,0.027625520770135914,1,16206.5627,31075751.8
Small Island Developing States (SIDS),1998,86018.73,16351.5858,32067254.47,0.027617891183884247,1,16353.6828,31458607.84
Small Island Developing States (SIDS),1999,86042.48,16336.4612,30752173.48,0.027610265810706913,1,16351.5858,32067254.47
Small Island Developing States (SIDS),2000,86066.23,16217.5672,30219439.4,0.027602644647162222,1,16336.4612,30752173.48
Small Island Developing States (SIDS),2001,86086.784,16300.4897,30366760.41,0.02388160838462383,1,16217.5672,30219439.4
Small Island Developing States (SIDS),2002,86107.338,16286.1241,30140722.65,0.023875906434134286,1,16300.4897,30366760.41
Small Island Developing States (SIDS),2003,86127.892,16122.238,29808183.73,0.023870207205800575,1,16286.1241,30140722.65
Small Island Developing States (SIDS),2004,86148.446,15952.8043,30000370.71,0.0238645106976465,1,16122.238,29808183.73
Small Island Developing States (SIDS),2005,86169.0,16160.9163,28742459.46,0.023858816907740277,1,15952.8043,30000370.71
Small Island Developing States (SIDS),2006,86189.554,16124.1611,28478350.59,0.02385312583412791,1,16160.9163,28742459.46
Small Island Developing States (SIDS),2007,86210.108,16195.9,29525573.29,0.0238474374748332,1,16124.1611,28478350.59
Small Island Developing States (SIDS),2008,86230.662,16117.126,30190047.94,0.023841751827990976,1,16195.9,29525573.29
Small Island Developing States (SIDS),2009,86251.216,16199.0138,30608716.44,0.023836068891602835,1,16117.126,30190047.94
Small Island Developing States (SIDS),2010,86271.77,16261.1896,31171354.44,0.02383038866373699,1,16199.0138,30608716.44
Small Island Developing States (SIDS),2011,86318.164,16284.6758,31141798.45,0.053776571409169804,1,16261.1896,31171354.44
Small Island Developing States (SIDS),2012,86364.188,16279.385,31264170.46,0.05331902101159969,1,16284.6758,31141798.45
Small Island Developing States (SIDS),2013,86410.212,16392.3558,31597346.1,0.05329060698169297,1,16279.385,31264170.46
Small Island Developing States (SIDS),2014,86456.236,16368.7355,31282537.23,0.053262223219641136,1,16392.3558,31597346.1
Small Island Developing States (SIDS),2015,86502.26,16357.5605,31163728.41,0.05323386967712729,1,16368.7355,31282537.23
Small Island Developing States (SIDS),2016,86464.784,16427.7956,31397405.55,-0.04332372356513625,1,16357.5605,31163728.41
Small Island Developing States (SIDS),2017,86427.308,16536.2998,30981457.37,-0.04334250115052285,1,16427.7956,31397405.55
Small Island Developing States (SIDS),2018,86389.832,16573.2444,31041657.31,-0.043361295020327706,1,16536.2998,30981457.37
Small Island Developing States (SIDS),2019,86352.356,16478.0528,31255403.7,-0.04338010519571167,1,16573.2444,31041657.31
Small Island Developing States (SIDS),2020,86314.88,16416.8632,30635144.55,-0.04339893169793552,1,16478.0528,31255403.7
Small Island Developing States (SIDS),2021,86283.212,16446.9433,30199953.23,-0.0366889231613432,1,16416.8632,30635144.55
Small Island Developing States (SIDS),2022,86251.544,16543.7045,30142028.44,-0.03670238887258925,1,16446.9433,30199953.23
Small Island Developing States (SIDS),2023,86219.876,16582.7118,30080086.25,-0.036715864471936754,1,16543.7045,30142028.44
Solomon Islands,1991,2538.973,69.0,44913.65,-0.02901906123140563,1,68.0,43540.62
Solomon Islands,1992,2538.236,71.0,44916.4,-0.02902748473497807,1,69.0,44913.65
Solomon Islands,1993,2537.499,71.0,44919.15,-0.029035913130226465,1,71.0,44916.4
Solomon Islands,1994,2536.762,72.0,44205.66,-0.029044346421402967,1,71.0,44919.15
Solomon Islands,1995,2536.025,73.0,44920.45,-0.029052784612826343,1,72.0,44205.66
Solomon Islands,1996,2535.288,73.0,44927.4,-0.029061227708715442,1,73.0,44920.45
Solomon Islands,1997,2534.551,73.0,44930.16,-0.02906967571337793,1,73.0,44927.4
Solomon Islands,1998,2533.814,74.0,44932.91,-0.029078128631065958,1,73.0,44930.16
Solomon Islands,1999,2533.077,76.0,44935.67,-0.029086586466076092,1,74.0,44932.91
Solomon Islands,2000,2532.34,76.0,44938.43,-0.029095049222749303,1,76.0,44935.67
Solomon Islands,2001,2531.602,77.0,44517.37,-0.029143006073439892,1,76.0,44938.43
Solomon Islands,2002,2530.864,79.0,45791.61,-0.02915150169733316,1,77.0,44517.37
Solomon Islands,2003,2530.126,83.0,46009.55,-0.029160002275896435,1,79.0,45791.61
Solomon Islands,2004,2529.388,83.0,47983.99,-0.029168507813459588,1,83.0,46009.55
Solomon Islands,2005,2528.65,96.8,47986.8,-0.02917701831430808,1,83.0,47983.99
Solomon Islands,2006,2527.912,97.1,49751.9,-0.029185533782860595,1,96.8,47986.8
Solomon Islands,2007,2527.174,101.2,51368.79,-0.0291940542234026,1,97.1,49751.9
Solomon Islands,2008,2526.436,100.3,51369.21,-0.029202579640330573,1,101.2,51368.79
Solomon Islands,2009,2525.698,103.0,51369.630000000005,-0.029211110038029897,1,100.3,51369.21
Solomon Islands,2010,2524.96,93.9,51370.05,-0.029219645420786033,1,103.0,51369.630000000005
Solomon Islands,2011,2524.222,97.5,51370.47,-0.029228185793039874,1,93.9,51370.05
Solomon Islands,2012,2523.484,97.4,52202.0,-0.029236731159154594,1,97.5,51370.47
Solomon Islands,2013,2522.746,98.3,52782.34,-0.029245281523471167,1,97.4,52202.0
Solomon Islands,2014,2522.008,100.5,52721.35,-0.02925383689045269,1,98.3,52782.34
Solomon Islands,2015,2521.27,101.1,52871.37,-0.029262397264395723,1,100.5,52721.35
Solomon Islands,2016,2520.536,101.6,52850.3,-0.029112312445711552,1,101.1,52871.37
Solomon Islands,2017,2519.802,102.7,52903.84,-0.029120790181136336,1,101.6,52850.3
Solomon Islands,2018,2519.068,104.0,52861.82,-0.02912927285556588,1,102.7,52903.84
Solomon Islands,2019,2518.334,103.8,52941.23,-0.029137760473330054,1,104.0,52861.82
Solomon Islands,2020,2517.6,104.6,53599.96,-0.02914625303871432,1,103.8,52941.23
Solomon Islands,2021,2516.866,108.9,53797.72,-0.029154750556081854,1,104.6,53599.96
Solomon Islands,2022,2516.132,107.3,54011.19,-0.029163253029762526,1,108.9,53797.72
Solomon Islands,2023,2515.398,109.2,54220.69,-0.029171760464075103,1,107.3,54011.19
Somalia,1991,8206.75,44042.0,9802696.17,-0.9265407134665282,2,44042.0,11200478.08
Somalia,1992,8130.0,44043.0,9169470.64,-0.9352057757333943,2,44042.0,9802696.17
Somalia,1993,8053.25,44044.0,11521252.55,-0.944034440344399,2,44043.0,9169470.64
Somalia,1994,7976.5,44050.0,13512365.32,-0.953031384844627,2,44044.0,11521252.55
Somalia,1995,7899.75,44056.0,14131537.49,-0.9622014668087542,2,44050.0,13512365.32
Somalia,1996,7823.0,44061.0,14780372.76,-0.9715497325864741,2,44056.0,14131537.49
Somalia,1997,7746.25,44066.0,15415711.07,-0.9810814265627021,2,44061.0,14780372.76
Somalia,1998,7669.5,44067.0,14707762.45,-0.990802000968205,2,44066.0,15415711.07
Somalia,1999,7592.75,44067.0,14116598.29,-1.0007171262794157,2,44067.0,14707762.45
Somalia,2000,7516.0,44067.0,14185267.45,-1.010832702248854,2,44067.0,14116598.29
Somalia,2001,7439.25,44071.0,14566291.83,-1.0211548696114958,2,44067.0,14185267.45
Somalia,2002,7362.5,44090.0,14673134.45,-1.0316900225157077,2,44071.0,14566291.83
Somalia,2003,7285.75,44109.0,14712020.22,-1.0424448217317472,2,44090.0,14673134.45
Somalia,2004,7209.0,44157.0,14887936.59,-1.0534262086950519,2,44109.0,14712020.22
Somalia,2005,7132.25,44126.0,15205587.55,-1.0646414204466659,2,44157.0,14887936.59
Somalia,2006,7055.5,44076.0,14795132.97,-1.0760980055382285,2,44126.0,15205587.55
Somalia,2007,6978.75,44026.0,13524154.68,-1.0878038409751212,2,44076.0,14795132.97
Somalia,2008,6902.0,44126.0,13448970.72,-1.0997671502776307,2,44026.0,13524154.68
Somalia,2009,6825.25,44126.0,13383462.42,-1.1119965227470274,2,44126.0,13448970.72
Somalia,2010,6748.5,44126.0,13471410.41,-1.1245009340317247,2,44126.0,13383462.42
Somalia,2011,6594.6,44026.0,13657465.96,-2.280506779284275,2,44126.0,13471410.41
Somalia,2012,6440.7,44026.0,13715777.24,-2.333727595305257,2,44026.0,13657465.96
Somalia,2013,6286.8,44126.0,13742711.07,-2.389491825422696,2,44026.0,13715777.24
Somalia,2014,6132.9,44126.0,13771707.04,-2.4479862569192656,2,44126.0,13742711.07
Somalia,2015,5979.0,44126.0,13645332.95,-2.509416426160538,2,44126.0,13771707.04
Somalia,2016,5825.1,44126.0,13509163.61,-2.5740090316106357,2,44126.0,13645332.95
Somalia,2017,5671.2,44126.7,13292250.05,-2.6420147293608753,2,44126.0,13509163.61
Somalia,2018,5517.3,44126.6,13365596.65,-2.7137113838341054,2,44126.7,13292250.05
Somalia,2019,5363.4,44127.9,13356670.65,-2.789407862541471,2,44126.6,13365596.65
Somalia,2020,5209.5,44128.1,13384123.27,-2.869448484170478,2,44127.9,13356670.65
Somalia,2021,5133.55,44128.0,13032753.5,-1.4579134273922656,2,44128.1,13384123.27
Somalia,2022,5057.6,44129.0,12757957.7,-1.4794830088340372,2,44128.0,13032753.5
Somalia,2023,4981.65,44129.2,12664788.99,-1.5017004112622745,2,44129.0,12757957.7
South Africa,1991,19904.128,96005.0,43378061.91,0.4418930429902934,0,95600.0,41387725.370000005
South Africa,1992,19991.696,96473.0,43620304.0,0.439948939235113,0,96005.0,43378061.91
South Africa,1993,20079.264,96936.0,42692715.82,0.4380218666790503,0,96473.0,43620304.0
South Africa,1994,20166.832,97265.0,39805348.63,0.4361116024969913,0,96936.0,42692715.82
South Africa,1995,20254.4,97520.0,38126114.54,0.43421792773403745,0,97265.0,39805348.63
South Africa,1996,20341.968,97890.0,39323777.63,0.43234062722172784,0,97520.0,38126114.54
South Africa,1997,20429.536,97945.0,40107693.73,0.4304794894967934,0,97890.0,39323777.63
South Africa,1998,20517.104,97988.0,40429667.46,0.42863430672139824,0,97945.0,40107693.73
South Africa,1999,20604.672,98058.0,41216839.73,0.4268048746060904,0,97988.0,40429667.46
South Africa,2000,20692.24,98125.0,42207584.91,0.42499099233417326,0,98058.0,41216839.73
South Africa,2001,20779.808,98013.0,40373138.0,0.4231924624883421,0,98125.0,42207584.91
South Africa,2002,20867.376,98028.0,41610251.63,0.42140909097907464,0,98013.0,40373138.0
South Africa,2003,20954.944,97928.0,41445424.73,0.41964068697473156,0,98028.0,41610251.63
South Africa,2004,21042.512,97608.0,42123984.09,0.41788706283347743,0,97928.0,41445424.73
South Africa,2005,21130.08,97483.0,43665289.82,0.4161480340370227,0,97608.0,42123984.09
South Africa,2006,21217.648,96888.0,44231916.63,0.4144234191257201,0,97483.0,43665289.82
South Africa,2007,21305.216,96890.0,45190280.370000005,0.4127130396356815,0,96888.0,44231916.63
South Africa,2008,21392.784,97108.0,44533511.54,0.4110167200370052,0,96890.0,45190280.370000005
South Africa,2009,21480.352,96988.0,44175221.0,0.40933428767382374,0,97108.0,44533511.54
South Africa,2010,21567.92,96891.0,44481231.54,0.4076655727056844,0,96988.0,44175221.0
South Africa,2011,21655.488,96374.0,44386258.82,0.4060104080504834,0,96891.0,44481231.54
South Africa,2012,21743.056,96341.0,44768052.54,0.4043686293285109,0,96374.0,44386258.82
South Africa,2013,21830.624,96341.0,45940596.23,0.4027400748082499,0,96341.0,44768052.54
South Africa,2014,21918.192,96341.0,47042245.84,0.4011245853531298,0,96341.0,45940596.23
South Africa,2015,22005.76,96341.0,47686704.8,0.3995220043697012,0,96341.0,47042245.84
South Africa,2016,22093.326,96341.0,47490726.07,0.3979230892275698,0,96341.0,47686704.8
South Africa,2017,22180.892,96341.0,46031326.07,0.3963459372300804,0,96341.0,47490726.07
South Africa,2018,22268.458,96341.0,45029691.29,0.39478123783298624,0,96341.0,46031326.07
South Africa,2019,22356.024,96341.0,43913053.43,0.3932288441346188,0,96341.0,45029691.29
South Africa,2020,22443.59,96341.0,43903932.31,0.39168861153484613,0,96341.0,43913053.43
South Africa,2021,22531.156,96341.0,43910229.58,0.3901603976903756,0,96341.0,43903932.31
South Africa,2022,22618.722,96341.0,43536573.89,0.3886440624706555,0,96341.0,43910229.58
South Africa,2023,22706.288,96341.0,43422123.49,0.38713946791510967,0,96341.0,43536573.89
South America,1991,1021088.536,541328.9998,829728125.49,-0.7135687317137651,2,542457.8219,809467267.81
South America,1992,1013750.002,539952.2517,833041934.7,-0.7186971297070688,2,541328.9998,829728125.49
South America,1993,1006411.468,538937.2117,844396041.5799999,-0.7238997766236266,2,539952.2517,833041934.7
South America,1994,999072.934,538077.3646,855900020.81,-0.7291782966845073,2,538937.2117,844396041.5799999
South America,1995,991734.4,536919.3082,864546737.61,-0.7345343618326838,2,538077.3646,855900020.81
South America,1996,984395.866,537566.4927,864707274.31,-0.7399696934985767,2,536919.3082,864546737.61
South America,1997,977057.332,538386.4613,878683522.6700001,-0.7454860644447225,2,537566.4927,864707274.31
South America,1998,969718.798,539661.8649,881298588.36,-0.7510853006934992,2,538386.4613,878683522.6700001
South America,1999,962380.264,540298.9284,898609012.56,-0.7567692835423356,2,539661.8649,881298588.36
South America,2000,955041.73,540115.185,914932036.13,-0.762539951671326,2,540298.9284,898609012.56
South America,2001,950087.575,537322.5245,933692416.98,-0.5187370189572826,2,540115.185,914932036.13
South America,2002,945133.42,537963.5212,965933855.76,-0.5214419312872143,2,537322.5245,933692416.98
South America,2003,940179.265,538093.7921,1006618632.95,-0.5241752005764488,2,537963.5212,965933855.76
South America,2004,935225.11,539947.065,1045440622.73,-0.5269372750950851,2,538093.7921,1006618632.95
South America,2005,930270.955,541226.4169,1073832883.05,-0.5297286126117795,2,539947.065,1045440622.73
South America,2006,925316.8,541349.8965,1086945726.6,-0.5325496806465324,2,541226.4169,1073832883.05
South America,2007,920362.645,542356.2781,1085256519.02,-0.5354009567317908,2,541349.8965,1086945726.6
South America,2008,915408.49,540764.4218,1088442495.86,-0.5382829286818769,2,542356.2781,1085256519.02
South America,2009,910454.335,538822.5385,1092506827.36,-0.5411960948712657,2,540764.4218,1088442495.86
South America,2010,905500.18,541069.7207,1070254750.24,-0.5441409645218442,2,538822.5385,1092506827.36
South America,2011,902319.724,540179.3288,1071047409.99,-0.3512374784950367,2,541069.7207,1070254750.24
South America,2012,899139.268,541144.909,1086176964.18,-0.35247550456959376,2,540179.3288,1071047409.99
South America,2013,895958.812,542383.4748,1101104070.3,-0.35372228899249736,2,541144.909,1086176964.18
South America,2014,892778.356,539169.8967,1098041949.87,-0.3549779250343499,2,542383.4748,1101104070.3
South America,2015,889597.9,540172.7644,1087446335.44,-0.356242507294835,2,539169.8967,1098041949.87
South America,2016,885763.32,537883.0886,1086226912.96,-0.4310464312022422,2,540172.7644,1087446335.44
South America,2017,881928.74,536113.7286,1091470451.13,-0.4329124850191324,2,537883.0886,1086226912.96
South America,2018,878094.16,534676.5777,1099542135.33,-0.4347947658446816,2,536113.7286,1091470451.13
South America,2019,874259.58,535293.8456,1113418871.23,-0.4366934862657601,2,534676.5777,1099542135.33
South America,2020,870425.0,536688.3233,1121664974.57,-0.4386088625988993,2,535293.8456,1113418871.23
South America,2021,866057.344,536516.1647,1133144649.1,-0.5017843007726008,2,536688.3233,1121664974.57
South America,2022,861689.688,535605.183,1162914311.05,-0.5043148736349812,2,536516.1647,1133144649.1
South America,2023,857322.032,531759.85,1190176801.77,-0.5068710999823312,2,535605.183,1162914311.05
South Sudan,2013,7148.68,28462.625,35988025.49,0.058226444883624495,1,28497.9125,35858091.65
South Sudan,2014,7152.84,28427.3375,36227836.25,0.05819256142391982,1,28462.625,35988025.49
South Sudan,2015,7157.0,28392.05,36362581.04,0.05815871737659961,1,28427.3375,36227836.25
South Sudan,2016,7156.1,28356.7625,37161813.71,-0.012575101299416858,1,28392.05,36362581.04
South Sudan,2017,7155.2,28321.475,36947690.41,-0.012576682830045538,1,28356.7625,37161813.71
South Sudan,2018,7154.3,28250.9,41070382.05,-0.012578264758489333,1,28321.475,36947690.41
South Sudan,2019,7153.4,28250.9,42160475.91,-0.012579847084981388,1,28250.9,41070382.05
South Sudan,2020,7152.5,28250.7,42494585.15,-0.01258142980959942,1,28250.9,42160475.91
South Sudan,2021,7154.0,28252.7,42572598.03,0.02097168822090545,1,28250.7,42494585.15
South Sudan,2022,7155.5,28252.7,42540501.38,0.02096729102600836,1,28252.7,42572598.03
South Sudan,2023,7157.0,28347.2333,44118769.02,0.02096289567465881,1,28252.7,42540501.38
South-eastern Asia,1991,237655.152,104674.7,108185159.91,-1.1803085752093656,2,107964.6,105281352.01
South-eastern Asia,1992,234816.584,104597.7,113889523.6,-1.1944062546559109,2,104674.7,108185159.91
South-eastern Asia,1993,231978.016,105286.822,116505583.7,-1.2088447722244378,2,104597.7,113889523.6
South-eastern Asia,1994,229139.448,105484.651,118480729.45,-1.2236366397753828,2,105286.822,116505583.7
South-eastern Asia,1995,226300.88,106535.346,118420198.8,-1.2387949891543792,2,105484.651,118480729.45
South-eastern Asia,1996,223462.312,107374.964,119723767.09,-1.2543336110756642,2,106535.346,118420198.8
South-eastern Asia,1997,220623.744,107928.86,119145352.8,-1.2702669969690494,2,107374.964,119723767.09
South-eastern Asia,1998,217785.176,108373.9,117257944.28,-1.2866103840573073,2,107928.86,119145352.8
South-eastern Asia,1999,214946.608,109887.3,115055929.14,-1.3033798039587374,2,108373.9,117257944.28
South-eastern Asia,2000,212108.04,111203.9,114467662.23,-1.32059213514083,2,109887.3,115055929.14
South-eastern Asia,2001,212170.912,113063.8,115587401.11,0.029641497795185323,1,111203.9,114467662.23
South-eastern Asia,2002,212233.784,113900.9,117145593.66,0.029632714214855582,1,113063.8,115587401.11
South-eastern Asia,2003,212296.656,114948.84,118540762.62,0.029623935838585247,1,113900.9,117145593.66
South-eastern Asia,2004,212359.528,115902.1306,121748259.19,0.029615162661822403,1,114948.84,118540762.62
South-eastern Asia,2005,212422.4,116678.5312,124908683.0,0.02960639467988191,1,115902.1306,121748259.19
South-eastern Asia,2006,212485.272,118424.7418,130372713.68,0.02959763188816744,1,116678.5312,124908683.0
South-eastern Asia,2007,212548.144,120159.7224,136200688.4,0.029588874282082678,1,118424.7418,130372713.68
South-eastern Asia,2008,212611.016,121324.253,140491916.43,0.02958012185700909,1,120159.7224,136200688.4
South-eastern Asia,2009,212673.888,122524.0156,144073053.4,0.029571374608350354,1,121324.253,140491916.43
South-eastern Asia,2010,212736.76,123408.8652,148534823.65,0.029562632531554556,1,122524.0156,144073053.4
South-eastern Asia,2011,212049.174,124824.9706,149807011.8,-0.32320977343078816,2,123408.8652,148534823.65
South-eastern Asia,2012,211361.588,125409.0126,154697057.97,-0.32425780635203516,2,124824.9706,149807011.8
South-eastern Asia,2013,210674.002,126409.7266,148334855.71,-0.32531265804076615,2,125409.0126,154697057.97
South-eastern Asia,2014,209986.416,126917.6107,153310620.35,-0.3263743952611753,2,126409.7266,148334855.71
South-eastern Asia,2015,209298.83,129095.8411,157063866.32,-0.3274430856517907,2,126917.6107,153310620.35
South-eastern Asia,2016,209054.186,129714.5618,160491437.22,-0.11688741881643594,2,129095.8411,157063866.32
South-eastern Asia,2017,208809.542,129850.0123,164655094.73,-0.11702420538950431,2,129714.5618,160491437.22
South-eastern Asia,2018,208564.898,131119.5803,136178790.88,-0.11716131248445949,2,129850.0123,164655094.73
South-eastern Asia,2019,208320.254,132123.6474,136736504.98,-0.11729874122922146,2,131119.5803,136178790.88
South-eastern Asia,2020,208075.61,132842.4616,140980470.51999998,-0.11743649275696155,2,132123.6474,136736504.98
South-eastern Asia,2021,207389.468,133585.6505,144235542.93,-0.32975609202827716,2,132842.4616,140980470.51999998
South-eastern Asia,2022,206703.326,133664.4811,145280189.8,-0.33084708043129574,2,133585.6505,144235542.93
South-eastern Asia,2023,206017.184,132877.1707,144968270.07,-0.3319453118040272,2,133664.4811,145280189.8
Southern Africa,1991,44848.779,164118.0,57577561.13,0.03358855789794557,1,163842.0,56517332.24
Southern Africa,1992,44863.838,164545.0,58048162.66,0.03357727977388869,1,164118.0,57577561.13
Southern Africa,1993,44878.897,165143.0,56092127.4,0.03356600922104214,1,164545.0,58048162.66
Southern Africa,1994,44893.956,165562.0,53267210.95,0.03355474623183419,1,165143.0,56092127.4
Southern Africa,1995,44909.015,165832.0,52715261.07,0.03354349079862651,1,165562.0,53267210.95
Southern Africa,1996,44924.074,166204.0,53012201.91,0.03353224291380297,1,165832.0,52715261.07
Southern Africa,1997,44939.133,166218.0,53550861.77,0.03352100256981405,1,166204.0,53012201.91
Southern Africa,1998,44954.192,166191.0,54301314.16,0.033509769759021424,1,166218.0,53550861.77
Southern Africa,1999,44969.251,166271.0,56288455.24,0.03349854447387557,1,166191.0,54301314.16
Southern Africa,2000,44984.31,166453.0,58025924.94,0.03348732670687138,1,166271.0,56288455.24
Southern Africa,2001,45069.733,166192.0,55683668.7,0.18989509898006407,0,166453.0,58025924.94
Southern Africa,2002,45155.156,166222.0,55267433.09,0.1895351809605872,0,166192.0,55683668.7
Southern Africa,2003,45240.579,166072.0,55471522.09,0.18917662470261387,0,166222.0,55267433.09
Southern Africa,2004,45326.002,165793.0,56130283.28,0.18881942249235895,0,166072.0,55471522.09
Southern Africa,2005,45411.425,165669.0,59586625.64,0.18846356667416853,0,165793.0,56130283.28
Southern Africa,2006,45496.848,165041.0,58342407.35,0.18810904964994268,0,165669.0,59586625.64
Southern Africa,2007,45582.271,165034.0,59356251.53,0.18775586387875798,0,165041.0,58342407.35
Southern Africa,2008,45667.694,165382.0,59104465.22,0.1874040018760903,0,165034.0,59356251.53
Southern Africa,2009,45753.117,165277.0,59011996.13,0.1870534562134818,0,165382.0,59104465.22
Southern Africa,2010,45838.54,165108.0433,59879692.16,0.18670421951798577,0,165277.0,59011996.13
Southern Africa,2011,45923.964,164642.0,59575775.56,0.18635846604189155,0,165108.0433,59879692.16
Southern Africa,2012,46009.388,164542.3,60529629.42,0.18601181727255778,0,164642.0,59575775.56
Southern Africa,2013,46094.812,164502.8465,60670140.870000005,0.18566645572419826,0,164542.3,60529629.42
Southern Africa,2014,46180.236,164646.3,61348456.35,0.1853223742402932,0,164502.8465,60670140.870000005
Southern Africa,2015,46265.66,164447.6,61889338.57,0.18497956571725815,0,164646.3,61348456.35
Southern Africa,2016,46351.54,164576.6,61843291.71,0.18562363532692583,0,164447.6,61889338.57
Southern Africa,2017,46437.42,164635.6,59008620.67,0.18527971238926355,0,164576.6,61843291.71
Southern Africa,2018,46523.3,164647.9,57618820.68,0.18493706153357437,0,164635.6,59008620.67
Southern Africa,2019,46609.18,164365.4,56103531.61,0.18459567571518232,0,164647.9,57618820.68
Southern Africa,2020,46695.06,164558.4,55615833.27,0.1842555479414143,0,164365.4,56103531.61
Southern Africa,2021,46780.482,164439.4,55605221.06,0.18293583946569214,0,164558.4,55615833.27
Southern Africa,2022,46865.904,164485.4,57267491.72,0.18260179533848842,0,164439.4,55605221.06
Southern Africa,2023,46951.326,164570.748,57728883.41,0.18226896892887812,0,164485.4,57267491.72
Southern Asia,1991,92330.431,335204.0,729057414.11,0.3883531352866232,0,333490.4,770861388.11
Southern Asia,1992,92687.612,335065.2,739898785.3,0.38685078812206175,0,335204.0,729057414.11
Southern Asia,1993,93044.793,335666.4,742779447.22,0.385360019848191,0,335065.2,739898785.3
Southern Asia,1994,93401.974,335429.6,748250290.31,0.3838806971175668,0,335666.4,742779447.22
Southern Asia,1995,93759.155,335406.8,753338611.88,0.38241268862262423,0,335429.6,748250290.31
Southern Asia,1996,94116.336,335380.0,767226728.37,0.38095586505659806,0,335406.8,753338611.88
Southern Asia,1997,94473.517,335764.2,771381130.36,0.3795100990756861,0,335380.0,767226728.37
Southern Asia,1998,94830.698,336857.4,771579644.71,0.37807526526190127,0,335764.2,771381130.36
Southern Asia,1999,95187.879,335875.6,772506645.9,0.3766512400868338,0,336857.4,771579644.71
Southern Asia,2000,95545.06,334937.1,768129915.38,0.3752379018761465,0,335875.6,772506645.9
Southern Asia,2001,95736.295,335679.0,767551100.23,0.2001516352598376,0,334937.1,768129915.38
Southern Asia,2002,95927.53,335820.0,771652950.8,0.19975182870821673,0,335679.0,767551100.23
Southern Asia,2003,96118.765,335775.9,774329585.84,0.1993536162142373,0,335820.0,771652950.8
Southern Asia,2004,96310.0,335258.4,788876030.6700001,0.19895698826342123,0,335775.9,774329585.84
Southern Asia,2005,96501.235,318246.5,804968140.37,0.1985619354168744,0,335258.4,788876030.6700001
Southern Asia,2006,96692.47,318282.2,836734398.8,0.1981684483105317,0,318246.5,804968140.37
Southern Asia,2007,96883.705,318004.4,860956261.99,0.19777651765437998,0,318282.2,836734398.8
Southern Asia,2008,97074.94,316201.9,859830048.54,0.19738613423174733,0,318004.4,860956261.99
Southern Asia,2009,97266.175,316469.8,868177396.65,0.1969972888986593,0,316201.9,859830048.54
Southern Asia,2010,97457.41,315785.3,877095111.5799999,0.19660997258297286,0,316469.8,868177396.65
Southern Asia,2011,97691.006,316424.7,885137029.7,0.23969034268405132,0,315785.3,877095111.5799999
Southern Asia,2012,97924.602,316338.4453,892028194.25,0.23911720184353058,0,316424.7,885137029.7
Southern Asia,2013,98158.198,316272.1921,897853688.28,0.23854679542123503,0,316338.4453,892028194.25
Southern Asia,2014,98391.794,316252.8167,912824176.5,0.237979103895114,0,316272.1921,897853688.28
Southern Asia,2015,98625.39,316183.8868,923828032.48,0.23741410792856854,0,316252.8167,912824176.5
Southern Asia,2016,98957.506,316680.8801,943037343.26,0.3367449294750413,0,316183.8868,923828032.48
Southern Asia,2017,99289.622,316998.8003,962569325.58,0.3356147637754825,0,316680.8801,943037343.26
Southern Asia,2018,99621.738,317393.9261,982499426.36,0.3344921587071781,0,316998.8003,962569325.58
Southern Asia,2019,99953.854,316883.1526,1001348960.04,0.3333770386539703,0,317393.9261,982499426.36
Southern Asia,2020,100285.97,317105.8328,1030322982.97,0.3322693290045642,0,316883.1526,1001348960.04
Southern Asia,2021,100394.92,316465.1917,1051147560.97,0.10863932412479294,0,317105.8328,1030322982.97
Southern Asia,2022,100503.87,316396.5667,1065750597.91,0.1085214271797863,0,316465.1917,1051147560.97
Southern Asia,2023,100612.82,316431.9,1077995900.46,0.1084037858442688,0,316396.5667,1065750597.91
Southern Europe,1991,38954.212,74644.0,118093432.42,1.0522880615286168,0,75739.0,119598785.35
Southern Europe,1992,39359.854,73129.0,112144197.2,1.041330267443219,0,74644.0,118093432.42
Southern Europe,1993,39765.496,72749.0,109131167.78,1.0305983350446413,0,73129.0,112144197.2
Southern Europe,1994,40171.138,72709.0,106764996.01,1.0200853523869124,0,72749.0,109131167.78
Southern Europe,1995,40576.78,71843.0,108400615.41,1.0097846867071603,0,72709.0,106764996.01
Southern Europe,1996,40982.422,71664.0,109378039.22,0.9996899704707962,0,71843.0,108400615.41
Southern Europe,1997,41388.064,71207.0,110697294.28,0.9897950882453932,0,71664.0,109378039.22
Southern Europe,1998,41793.706,71288.5,110948894.46,0.9800941643465233,0,71207.0,110697294.28
Southern Europe,1999,42199.348,70807.0,110767617.83,0.9705815512029536,0,71288.5,110948894.46
Southern Europe,2000,42604.99,69704.38,111065355.52,0.9612518183930163,0,70807.0,110767617.83
Southern Europe,2001,42875.04,69134.57,107041991.56,0.633845941520006,0,69704.38,111065355.52
Southern Europe,2002,43145.09,68815.57,109762934.32,0.6298536397866705,0,69134.57,107041991.56
Southern Europe,2003,43415.14,68051.94,108854939.39,0.6259113145899109,0,68815.57,109762934.32
Southern Europe,2004,43685.19,67749.82,108301747.24,0.6220180333404546,0,68051.94,108854939.39
Southern Europe,2005,43955.24,67532.99,106966397.39,0.6181728865091163,0,67749.82,108301747.24
Southern Europe,2006,44225.29,64744.74,105121404.42,0.61437498691852,0,67532.99,106966397.39
Southern Europe,2007,44495.34,63741.89,103784291.05,0.610623469060334,0,64744.74,105121404.42
Southern Europe,2008,44765.39,64411.38,103274083.92,0.6069174884381301,0,63741.89,103784291.05
Southern Europe,2009,45035.44,63538.07,101244584.87,0.6032562209331793,0,64411.38,103274083.92
Southern Europe,2010,45305.49,63502.63,100837081.65,0.599638862193852,0,63538.07,101244584.87
Southern Europe,2011,45432.252,62400.97,98423639.95,0.27979390577168584,0,63502.63,100837081.65
Southern Europe,2012,45559.014,62191.16,97565211.4,0.27901324371946146,0,62400.97,98423639.95
Southern Europe,2013,45685.776,61747.48,93700677.94,0.2782369258474082,0,62191.16,97565211.4
Southern Europe,2014,45812.538,60087.26,92285523.78,0.2774649159948739,0,61747.48,93700677.94
Southern Europe,2015,45939.3,59869.01,94047465.79,0.27669717840126395,0,60087.26,92285523.78
Southern Europe,2016,46328.602,59395.11,95088958.35,0.8474269307542803,0,59869.01,94047465.79
Southern Europe,2017,46717.904,59336.1546,95048893.99,0.8403059518178546,0,59395.11,95088958.35
Southern Europe,2018,47107.206,58766.1758,97769200.68,0.8333036516364078,0,59336.1546,95048893.99
Southern Europe,2019,47496.508,59661.4994,98066262.28,0.8264170878655053,0,58766.1758,97769200.68
Southern Europe,2020,47885.81,58795.1065,98068624.43,0.8196434146274356,0,59661.4994,98066262.28
Southern Europe,2021,47972.846,58822.3576,98205981.65,0.18175739326535822,0,58795.1065,98068624.43
Southern Europe,2022,48059.882,58277.0675,96804425.9,0.18142763512509763,0,58822.3576,98205981.65
Southern Europe,2023,48146.918,56396.8692,93573127.85,0.1810990713626781,0,58277.0675,96804425.9
Spain,1991,14223.587,30371.0,27599117.57,2.2936698919642673,0,30472.0,26716108.78
Spain,1992,14542.514,30279.0,27329914.32,2.242240301268583,0,30371.0,27599117.57
Spain,1993,14861.441,30033.0,26186798.38,2.1930664808024414,0,30279.0,27329914.32
Spain,1994,15180.368,30183.0,25756254.68,2.1460032038615795,0,30033.0,26186798.38
Spain,1995,15499.295,29719.0,26640993.81,2.1009174481145587,0,30183.0,25756254.68
Spain,1996,15818.222,30139.0,28013447.03,2.05768713996346,0,29719.0,26640993.81
Spain,1997,16137.149,30059.0,29083911.04,2.016200050802164,0,30139.0,28013447.03
Spain,1998,16456.076,29958.0,30154972.65,1.9763528241574901,0,30059.0,29083911.04
Spain,1999,16775.003,29778.0,30551990.65,1.9380501159571573,0,29958.0,30154972.65
Spain,2000,17093.93,29766.0,30737041.85,1.9012038328696468,0,29778.0,30551990.65
Spain,2001,17241.156,29520.0,31417309.2,0.8612764882037105,0,29766.0,30737041.85
Spain,2002,17388.382,29419.0,32217789.68,0.8539218599959542,0,29520.0,31417309.2
Spain,2003,17535.608,29153.0,32668041.35,0.8466917738522151,0,29419.0,32217789.68
Spain,2004,17682.834,29071.0,32643515.68,0.8395830928702219,0,29153.0,32668041.35
Spain,2005,17830.06,29164.0,32309380.05,0.8325927846181358,0,29071.0,32643515.68
Spain,2006,17977.286,28613.0,30807097.46,0.8257179168213558,0,29164.0,32309380.05
Spain,2007,18124.512,28004.0,30833565.97,0.818955653261555,0,28613.0,30807097.46
Spain,2008,18271.738,28142.0,30088071.28,0.8123032498750904,0,28004.0,30833565.97
Spain,2009,18418.964,27970.0,29342429.33,0.8057580510403506,0,28142.0,30088071.28
Spain,2010,18566.19,27545.0,29366663.19,0.7993174860431829,0,27970.0,29342429.33
Spain,2011,18568.022,27014.0,29244606.82,0.009867398750107448,1,27545.0,29366663.19
Spain,2012,18569.854,26942.0,28906747.1,0.009866425190563355,1,27014.0,29244606.82
Spain,2013,18571.686,26733.2,28485553.0,0.009865451823154459,1,26942.0,28906747.1
Spain,2014,18573.518,26578.0,29312248.56,0.009864478647747532,1,26733.2,28485553.0
Spain,2015,18575.35,26576.5,30219630.54,0.009863505664342576,1,26578.0,29312248.56
Spain,2016,18656.692,26265.7,30789423.27,0.4379029197296491,0,26576.5,30219630.54
Spain,2017,18738.034,26295.53,31113618.45,0.43599369062854443,0,26265.7,30789423.27
Spain,2018,18819.376,26183.3239,31694142.0,0.4341010374941279,0,26295.53,31113618.45
Spain,2019,18900.718,26206.6906,32213387.0,0.43222474539006406,0,26183.3239,31694142.0
Spain,2020,18982.06,26142.6381,32058290.0,0.4303646030801689,0,26206.6906,32213387.0
Spain,2021,19012.204,26228.4464,32513171.0,0.1588025746415367,0,26142.6381,32058290.0
Spain,2022,19042.348,26663.3633,32291932.0,0.15855079190187915,0,26228.4464,32513171.0
Spain,2023,19072.492,24772.662,31440395.0,0.1582998063053731,0,26663.3633,32291932.0
Sri Lanka,1991,2356.06,2342.0,5006098.84,-0.5856688354979545,2,2339.0,5647852.8
Sri Lanka,1992,2342.18,2344.0,5355901.640000001,-0.589119122602999,2,2342.0,5006098.84
Sri Lanka,1993,2328.3,2320.0,5504040.88,-0.5926103032217744,2,2344.0,5355901.640000001
Sri Lanka,1994,2314.42,2323.0,5565248.88,-0.5961431087059266,2,2320.0,5504040.88
Sri Lanka,1995,2300.54,2326.0,5587397.32,-0.5997182879512009,2,2323.0,5565248.88
Sri Lanka,1996,2286.66,2327.0,5354565.2,-0.603336607926841,2,2326.0,5587397.32
Sri Lanka,1997,2272.78,2328.0,5209459.84,-0.6069988542240501,2,2327.0,5354565.2
Sri Lanka,1998,2258.9,2329.0,3783883.6,-0.6107058316247138,2,2328.0,5209459.84
Sri Lanka,1999,2245.02,2345.0,3777578.48,-0.6144583646907842,2,2329.0,3783883.6
Sri Lanka,2000,2231.14,2350.0,3804527.96,-0.6182572983759682,2,2345.0,3777578.48
Sri Lanka,2001,2223.622,2351.0,3783952.88,-0.33695778839517576,2,2350.0,3804527.96
Sri Lanka,2002,2216.104,2356.0,3702490.2,-0.33809703267911884,2,2351.0,3783952.88
Sri Lanka,2003,2208.586,2385.9,3806519.2,-0.339244006598971,2,2356.0,3702490.2
Sri Lanka,2004,2201.068,2288.4,3840863.6,-0.34039878908946886,2,2385.9,3806519.2
Sri Lanka,2005,2193.55,2492.5,3937675.04,-0.3415614601638861,2,2288.4,3840863.6
Sri Lanka,2006,2186.032,2430.2,3861266.0,-0.3427321009322748,2,2492.5,3937675.04
Sri Lanka,2007,2178.514,2382.4,3889871.36,-0.3439107936205943,2,2430.2,3861266.0
Sri Lanka,2008,2170.996,2597.6,3790205.04,-0.34509762158976276,2,2382.4,3889871.36
Sri Lanka,2009,2163.478,2609.6,3742058.48,-0.34629266935545244,2,2597.6,3790205.04
Sri Lanka,2010,2155.96,2620.0,4026014.32,-0.34749602260804036,2,2609.6,3742058.48
Sri Lanka,2011,2144.418,2730.0,3891744.76,-0.5353531605410078,2,2620.0,4026014.32
Sri Lanka,2012,2132.876,2740.0,4128411.2,-0.5382346165719532,2,2730.0,3891744.76
Sri Lanka,2013,2121.334,2740.0,3962501.6,-0.5411472584435417,2,2740.0,4128411.2
Sri Lanka,2014,2109.792,2740.0,3654319.4,-0.5440915951943404,2,2740.0,3962501.6
Sri Lanka,2015,2098.25,2740.0,3814478.04,-0.547068147002161,2,2740.0,3654319.4
Sri Lanka,2016,2107.682,2750.0,3472228.92,0.44951745502204155,0,2740.0,3814478.04
Sri Lanka,2017,2117.114,2760.2,3559243.8,0.4475058381672392,0,2750.0,3472228.92
Sri Lanka,2018,2126.546,2811.6,3925028.8,0.4455121453072364,0,2760.2,3559243.8
Sri Lanka,2019,2135.978,2811.5728,3842795.2,0.4435361379438785,0,2811.6,3925028.8
Sri Lanka,2020,2145.41,2812.0,3972871.24,0.4415775817915524,0,2811.5728,3842795.2
Sri Lanka,2021,2140.466,2812.0,4019078.0,-0.2304454626388397,2,2812.0,3972871.24
Sri Lanka,2022,2135.522,2812.0,3977102.44,-0.23097774036120455,2,2812.0,4019078.0
Sri Lanka,2023,2130.578,3006.9,3950145.8,-0.2315124826623216,2,2812.0,3977102.44
Sudan,2013,24070.08,111453.36,84169432.0,-0.7182742938316777,2,111465.96,83421433.0
Sudan,2014,23895.94,111444.96,84728079.0,-0.7234707986014333,2,111453.36,84169432.0
Sudan,2015,23721.8,111749.88,86254773.67,-0.7287430417049934,2,111444.96,84728079.0
Sudan,2016,23547.66,112054.8,86202142.75999999,-0.7340926911111323,2,111749.88,86254773.67
Sudan,2017,23373.52,112359.72,87217855.16,-0.7395214641284897,2,112054.8,86202142.75999999
Sudan,2018,23199.38,112665.0,88257135.52,-0.7450311292436895,2,112359.72,87217855.16
Sudan,2019,23025.24,112665.0,88912526.41,-0.7506235080420254,2,112665.0,88257135.52
Sudan,2020,22851.1,112665.0,89573200.3,-0.7563004772154547,2,112665.0,88912526.41
Sudan,2021,22676.96,112665.0,87361161.24000001,-0.7620639706622412,2,112665.0,89573200.3
Sudan,2022,22502.82,112665.0,84788733.17,-0.767915981683609,2,112665.0,87361161.24000001
Sudan,2023,22328.68,112665.0,86413822.11,-0.7738585652820373,2,112665.0,84788733.17
Sudan (former),1991,35006.36,122965.0,57407384.0,-0.4921616282209773,2,122910.0,55648665.01
Sudan (former),1992,34833.22,124015.0,65061726.0,-0.49459583915608674,2,122965.0,57407384.0
Sudan (former),1993,34660.08,126733.0,71087879.0,-0.4970542487889418,2,124015.0,65061726.0
Sudan (former),1994,34486.94,128115.0,74636502.0,-0.49953721976405685,2,126733.0,71087879.0
Sudan (former),1995,34313.8,129644.0,77577005.0,-0.5020451220084987,2,128115.0,74636502.0
Sudan (former),1996,34140.66,130539.0,81584865.0,-0.5045783329156173,2,129644.0,77577005.0
Sudan (former),1997,33967.52,130832.0,84978409.0,-0.507137237534383,2,130539.0,81584865.0
Sudan (former),1998,33794.38,131102.0,88731510.0,-0.5097222287644199,2,130832.0,84978409.0
Sudan (former),1999,33621.24,131352.0,93469020.0,-0.5123337075572887,2,131102.0,88731510.0
Sudan (former),2000,33448.1,131575.0,98288714.0,-0.5149720831236437,2,131352.0,93469020.0
Sudan (former),2001,33276.16,132093.0,102799999.0,-0.5140501254181751,2,131575.0,98288714.0
Sudan (former),2002,33104.22,132614.0,103521001.0,-0.5167062545678447,2,132093.0,102799999.0
Sudan (former),2003,32932.28,134530.0,109580921.0,-0.5193899750545516,2,132614.0,103521001.0
Sudan (former),2004,32760.34,134497.0,110569921.0,-0.5221017190428334,2,134530.0,109580921.0
Sudan (former),2005,32588.4,135220.0,113254973.0,-0.5248419277699812,2,134497.0,110569921.0
Sudan (former),2006,32416.46,136053.0,113741021.0,-0.5276110517853039,2,135220.0,113254973.0
Sudan (former),2007,32244.52,136615.0,113681921.0,-0.5304095511971307,2,136053.0,113741021.0
Sudan (former),2008,32072.58,136698.0,114396921.0,-0.5332378959277406,2,136615.0,113681921.0
Sudan (former),2009,31900.64,137265.8,114778331.0,-0.5360965659763073,2,136698.0,114396921.0
Sudan (former),2010,31728.7,137246.2,115312742.0,-0.5389860516904932,2,137265.8,114778331.0
Sudan (former),2011,31558.72,137246.2,114713561.0,-0.5357294815104274,2,137246.2,115312742.0
Suriname,1991,14869.823,89.0,279539.62,0.024034305894216068,1,88.0,272103.58
Suriname,1992,14873.396,89.0,286729.1,0.024028530803632542,1,89.0,279539.62
Suriname,1993,14876.969,89.0,282731.77,0.024022758487696194,1,89.0,286729.1
Suriname,1994,14880.542,89.0,272057.77,0.024016988944453033,1,89.0,282731.77
Suriname,1995,14884.115,89.0,280748.47,0.02401122217188245,1,89.0,272057.77
Suriname,1996,14887.688,89.0,265729.03,0.02400545816798605,1,89.0,280748.47
Suriname,1997,14891.261,88.0,266672.63,0.02399969693078763,1,89.0,265729.03
Suriname,1998,14894.834,88.0,295042.47,0.023993938458266584,1,88.0,266672.63
Suriname,1999,14898.407,88.0,318265.27,0.023988182748446718,1,88.0,295042.47
Suriname,2000,14901.98,88.0,286972.15,0.02398242979937404,1,88.0,318265.27
Suriname,2001,14897.984,86.0,243710.88,-0.026815228580356898,1,88.0,286972.15
Suriname,2002,14893.988,74.0,138692.03,-0.02682242107389099,1,86.0,243710.88
Suriname,2003,14889.992,80.5,132250.37,-0.02682961742683787,1,74.0,138692.03
Suriname,2004,14885.996,77.5,137665.83000000002,-0.026836817642350574,1,80.5,132250.37
Suriname,2005,14882.0,72.8,122917.42,-0.02684402172350442,1,77.5,137665.83000000002
Suriname,2006,14878.004,72.8,133936.35,-0.026851229673430232,1,72.8,122917.42
Suriname,2007,14874.008,70.0,135009.12,-0.026858441495247742,1,72.8,133936.35
Suriname,2008,14870.012,70.8,148478.27000000002,-0.02686565719205447,1,70.0,135009.12
Suriname,2009,14866.016,80.4,161741.22,-0.026872876767014553,1,70.8,148478.27000000002
Suriname,2010,14862.02,78.3,174865.27,-0.02688010022321441,1,80.4,161741.22
Suriname,2011,14857.338,80.0,166861.23,-0.031503120033482546,1,78.3,174865.27
Suriname,2012,14852.656,73.2,167251.8,-0.03151304762669671,1,80.0,166861.23
Suriname,2013,14847.974,83.2,139876.27000000002,-0.03152298147887089,1,73.2,167251.8
Suriname,2014,14843.292,88.2,116579.7,-0.03153292159591148,1,83.2,139876.27000000002
Suriname,2015,14838.61,87.0,114962.88,-0.031542867983724854,1,88.2,116579.7
Suriname,2016,14823.98,87.0,120569.27,-0.09859414055629623,1,87.0,114962.88
Suriname,2017,14809.35,84.0,121785.13,-0.09869144453783507,1,87.0,120569.27
Suriname,2018,14794.72,84.0,111064.3,-0.09878894077053335,1,84.0,121785.13
Suriname,2019,14780.09,84.0,111433.38,-0.09888662982469043,1,84.0,111064.3
Suriname,2020,14765.46,80.0,116625.9,-0.09898451227293714,1,84.0,111433.38
Suriname,2021,14747.208,78.0,113965.33,-0.12361280989551249,2,80.0,116625.9
Suriname,2022,14728.956,72.0,109516.48,-0.12376580027894102,2,78.0,113965.33
Suriname,2023,14710.704,71.432,103337.82,-0.12391916983118811,2,72.0,109516.48
Sweden,1991,28073.0,3358.0,9477947.33,0.03563410896909591,1,3413.0,10039787.22
Sweden,1992,28083.0,3344.0,9417530.45,0.03562141559505516,1,3358.0,9477947.33
Sweden,1993,28093.0,3356.0,9775651.23,0.035608731260894366,1,3344.0,9417530.45
Sweden,1994,28103.0,3356.0,9857947.55,0.035596055956998995,1,3356.0,9775651.23
Sweden,1995,28113.0,3267.0,9632475.77,0.03558338967371011,1,3356.0,9857947.55
Sweden,1996,28123.0,3297.0,9518204.44,0.03557073240139097,1,3267.0,9632475.77
Sweden,1997,28133.0,3259.0,9776709.67,0.03555808413042705,1,3297.0,9518204.44
Sweden,1998,28143.0,3231.0,9521131.67,0.03554544485124822,1,3259.0,9776709.67
Sweden,1999,28153.0,3194.0,9413364.22,0.035532814554239955,1,3231.0,9521131.67
Sweden,2000,28163.0,2974.1,9432256.77,0.035520193229854335,1,3194.0,9413364.22
Sweden,2001,28154.0,3053.9,9219302.0,-0.03195682278166467,1,2974.1,9432256.77
Sweden,2002,28145.0,3139.9,9162206.78,-0.03196703843147963,1,3053.9,9219302.0
Sweden,2003,28136.0,3128.7,8974437.0,-0.03197726061467954,1,3139.9,9162206.78
Sweden,2004,28127.0,3153.2,9068014.22,-0.03198748933750384,1,3128.7,8974437.0
Sweden,2005,28118.0,3201.2,8832823.219999999,-0.0319977246062475,1,3153.2,9068014.22
Sweden,2006,28109.0,3150.1,8763991.9,-0.03200796642719439,1,3201.2,8832823.219999999
Sweden,2007,28100.0,3120.9,8463631.89,-0.03201821480665057,1,3150.1,8763991.9
Sweden,2008,28091.0,3075.8,8380946.0,-0.0320284697508888,1,3120.9,8463631.89
Sweden,2009,28082.0,3067.2,8407143.33,-0.03203873126623735,1,3075.8,8380946.0
Sweden,2010,28073.0,3073.7,8287695.55,-0.0320489993590245,1,3067.2,8407143.33
Sweden,2011,28054.4,3063.1,8244297.0,-0.06625583300680082,1,3073.7,8287695.55
Sweden,2012,28035.8,3031.5,8074450.33,-0.06629976046539365,1,3063.1,8244297.0
Sweden,2013,28017.2,3036.08,8062356.33,-0.06634374621019568,1,3031.5,8074450.33
Sweden,2014,27998.6,3036.07,8179257.22,-0.06638779035735842,1,3036.08,8062356.33
Sweden,2015,27980.0,3028.35,8160165.890000001,-0.06643189302322217,1,3036.07,8179257.22
Sweden,2016,27970.8,3020.92,7856287.67,-0.03288062902072619,1,3028.35,8160165.890000001
Sweden,2017,27961.6,3011.37,7817339.23,-0.03289144393439081,1,3020.92,7856287.67
Sweden,2018,27952.4,3000.39,7823438.0,-0.03290226596474044,1,3011.37,7817339.23
Sweden,2019,27943.2,3005.0,7723700.0,-0.03291309511884721,1,3000.39,7823438.0
Sweden,2020,27934.0,3006.0,7776661.0,-0.03292393140370553,1,3005.0,7723700.0
Sweden,2021,27934.0,3003.0,7683096.0,0.0,1,3006.0,7776661.0
Sweden,2022,27934.0,2995.0,7665645.0,0.0,1,3003.0,7683096.0
Sweden,2023,27934.0,2982.0,7707854.0,0.0,1,2995.0,7665645.0
Switzerland,1991,1157.768,1600.914,11908549.38,0.3700043346337223,0,1605.0303,11744602.25
Switzerland,1992,1162.036,1596.1788,11651297.86,0.3686403493618817,0,1600.914,11908549.38
Switzerland,1993,1166.304,1591.4576,11354652.27,0.36728638355438825,0,1596.1788,11651297.86
Switzerland,1994,1170.572,1586.7503,11129423.7,0.3659423272148521,0,1591.4576,11354652.27
Switzerland,1995,1174.84,1582.057,11255001.58,0.36460807195115574,0,1586.7503,11129423.7
Switzerland,1996,1179.108,1578.3105,11489061.12,0.3632835109461663,0,1582.057,11255001.58
Switzerland,1997,1183.376,1575.2201,11165127.06,0.3619685389294247,0,1578.3105,11489061.12
Switzerland,1998,1187.644,1572.1444,11019232.18,0.36066305214910166,0,1575.2201,11165127.06
Switzerland,1999,1191.912,1568.8881,10910776.86,0.359366948344797,0,1572.1444,11019232.18
Switzerland,2000,1196.18,1565.8165,10469650.87,0.35808012672076117,0,1568.8881,10910776.86
Switzerland,2001,1200.034,1562.7446,10674213.01,0.32219231219381417,0,1565.8165,10469650.87
Switzerland,2002,1203.888,1559.7256,10665056.1,0.3211575672022571,0,1562.7446,10674213.01
Switzerland,2003,1207.742,1556.6689,10502163.08,0.32012944725756665,0,1559.7256,10665056.1
Switzerland,2004,1211.596,1553.5559,10333141.32,0.31910788893654285,0,1556.6689,10502163.08
Switzerland,2005,1215.45,1550.4631,10276135.19,0.3180928296230734,0,1553.5559,10333141.32
Switzerland,2006,1219.304,1547.4187,10348547.69,0.3170842074951663,0,1550.4631,10276135.19
Switzerland,2007,1223.158,1544.3686,10314646.3,0.31608196151244883,0,1547.4187,10348547.69
Switzerland,2008,1227.012,1541.0273,10590231.11,0.31508603140395497,0,1544.3686,10314646.3
Switzerland,2009,1230.866,1537.6983,10659984.6,0.3140963576558464,0,1541.0273,10590231.11
Switzerland,2010,1234.72,1534.4107,10661385.28,0.31311288149968863,0,1537.6983,10659984.6
Switzerland,2011,1237.516,1531.1226,10693467.97,0.22644810159389017,0,1534.4107,10661385.28
Switzerland,2012,1240.312,1527.8375,10608699.57,0.22593647274053996,0,1531.1226,10693467.97
Switzerland,2013,1243.108,1524.5633,10496898.03,0.22542715058793128,0,1527.8375,10608699.57
Switzerland,2014,1245.904,1521.2778,10570762.06,0.22492011957127023,0,1524.5633,10496898.03
Switzerland,2015,1248.7,1518.0055,10439081.48,0.2244153642656288,0,1521.2778,10570762.06
Switzerland,2016,1250.532,1514.7463,10348840.24,0.1467125810843184,0,1518.0055,10439081.48
Switzerland,2017,1252.364,1511.6338,10158723.6,0.14649765059990827,0,1514.7463,10348840.24
Switzerland,2018,1254.196,1508.5727,10282014.12,0.1462833489304982,0,1511.6338,10158723.6
Switzerland,2019,1256.028,1505.5158,10050735.74,0.1460696733206035,0,1508.5727,10282014.12
Switzerland,2020,1257.86,1502.4369,9969917.31,0.1458566210307266,0,1505.5158,10050735.74
Switzerland,2021,1259.692,1499.3783,9970596.62,0.14564418933744605,0,1502.4369,9969917.31
Switzerland,2022,1261.524,1496.2808,9873182.38,0.1454323755330611,0,1499.3783,9970596.62
Switzerland,2023,1263.356,1493.2228,9917783.93,0.1452211769257028,0,1496.2808,9873182.38
Syrian Arab Republic,1991,451.968,13512.0,3906563.08,0.21685624958425187,0,13495.0,3896137.43
Syrian Arab Republic,1992,452.946,13613.0,3717300.76,0.21638700084962714,0,13512.0,3906563.08
Syrian Arab Republic,1993,453.924,13642.0,3555439.45,0.2159197785166267,0,13613.0,3717300.76
Syrian Arab Republic,1994,454.902,13786.0,3661847.08,0.2154545694873944,0,13642.0,3555439.45
Syrian Arab Republic,1995,455.88,13789.0,4084279.49,0.2149913607766063,0,13786.0,3661847.08
Syrian Arab Republic,1996,456.858,13790.0,4440797.0,0.2145301395104049,0,13789.0,4084279.49
Syrian Arab Republic,1997,457.836,13804.0,4692405.12,0.21407089292515558,0,13790.0,4440797.0
Syrian Arab Republic,1998,458.814,13754.0,5070291.0600000005,0.21361360836631427,0,13804.0,4692405.12
Syrian Arab Republic,1999,459.792,13767.0,5331645.93,0.21315827328720616,0,13754.0,5070291.0600000005
Syrian Arab Republic,2000,460.77,13711.0,5364217.34,0.21270487524793769,0,13767.0,5331645.93
Syrian Arab Republic,2001,465.891,13723.0,4719666.14,1.111400481802205,0,13711.0,5364217.34
Syrian Arab Republic,2002,471.012,13759.0,5137917.05,1.0991841439306649,0,13723.0,4719666.14
Syrian Arab Republic,2003,476.133,13813.0,5318692.6,1.0872334462816102,0,13759.0,5137917.05
Syrian Arab Republic,2004,481.254,13905.0,5763538.8,1.0755398176560016,0,13813.0,5318692.6
Syrian Arab Republic,2005,486.375,13828.0,6319109.13,1.0640950516774828,0,13905.0,5763538.8
Syrian Arab Republic,2006,491.496,13877.0,6737384.74,1.0528912875867436,0,13828.0,6319109.13
Syrian Arab Republic,2007,496.617,13897.0,6516957.74,1.0419209922359673,0,13877.0,6737384.74
Syrian Arab Republic,2008,501.738,13898.0,6228381.38,1.0311769431976758,0,13897.0,6516957.74
Syrian Arab Republic,2009,506.859,13908.0,6147598.07,1.0206522129079243,0,13898.0,6228381.38
Syrian Arab Republic,2010,511.98,13908.0,5726412.02,1.0103401537705725,0,13908.0,6147598.07
Syrian Arab Republic,2011,515.038,13915.0,6532144.07,0.5972889565998729,0,13908.0,5726412.02
Syrian Arab Republic,2012,518.096,13921.0,6362639.390000001,0.593742597633562,0,13915.0,6532144.07
Syrian Arab Republic,2013,521.154,13921.0,6340675.92,0.590238102591023,0,13921.0,6362639.390000001
Syrian Arab Republic,2014,524.212,13919.0,6251273.42,0.5867747345314367,0,13921.0,6340675.92
Syrian Arab Republic,2015,527.27,13917.0,6024772.52,0.5833517737098726,0,13919.0,6251273.42
Syrian Arab Republic,2016,527.346,13916.126,6025951.7,0.014413867657947499,1,13917.0,6024772.52
Syrian Arab Republic,2017,527.422,13920.031,5207052.26,0.01441179036154594,1,13916.126,6025951.7
Syrian Arab Republic,2018,527.498,13917.688,4930830.92,0.014409713663821044,1,13920.031,5207052.26
Syrian Arab Republic,2019,527.574,13911.334,4894908.7,0.014407637564484155,1,13917.688,4930830.92
Syrian Arab Republic,2020,527.65,13913.376,5373435.279999999,0.014405562063335431,1,13911.334,4894908.7
Syrian Arab Republic,2021,527.682,13770.977,5244890.98,0.006064626172652687,1,13913.376,5373435.279999999
Syrian Arab Republic,2022,527.714,13606.0,5113871.17,0.006064258398064126,1,13770.977,5244890.98
Syrian Arab Republic,2023,527.746,13606.0,5044331.2,0.006063890668039917,1,13606.0,5113871.17
Tajikistan,1993,408.6,4543.0,4403057.1,0.04897159647405669,1,4489.0,5258938.65
Tajikistan,1994,408.8,4470.0,4273405.18,0.04894762604013003,1,4543.0,4403057.1
Tajikistan,1995,409.0,4582.0,4085084.77,0.04892367906066397,1,4470.0,4273405.18
Tajikistan,1996,409.2,4585.0,3785773.06,0.04889975550121939,1,4582.0,4085084.77
Tajikistan,1997,409.4,4562.0,3547410.05,0.04887585532746819,1,4585.0,3785773.06
Tajikistan,1998,409.6,4547.0,3426186.85,0.048851978505148885,1,4562.0,3547410.05
Tajikistan,1999,409.8,4568.0,3422569.73,0.048828125,1,4547.0,3426186.85
Tajikistan,2000,410.0,4573.0,3423422.8,0.048804294777937685,1,4568.0,3422569.73
Tajikistan,2001,410.0,4573.0,3565681.1,0.0,1,4573.0,3423422.8
Tajikistan,2002,410.0,4571.0,3698392.01,0.0,1,4573.0,3565681.1
Tajikistan,2003,410.0,4596.0,3857455.23,0.0,1,4571.0,3698392.01
Tajikistan,2004,410.0,4650.0,4138703.48,0.0,1,4596.0,3857455.23
Tajikistan,2005,410.0,4672.0,4391751.63,0.0,1,4650.0,4138703.48
Tajikistan,2006,410.0,4735.0,4548063.68,0.0,1,4672.0,4391751.63
Tajikistan,2007,410.0,4729.0,4756882.15,0.0,1,4735.0,4548063.68
Tajikistan,2008,410.0,4727.0,5434576.2,0.0,1,4729.0,4756882.15
Tajikistan,2009,410.0,4759.4,5743970.25,0.0,1,4727.0,5434576.2
Tajikistan,2010,410.0,3808.2,5915648.0600000005,0.0,1,4759.4,5743970.25
Tajikistan,2011,412.36,3752.0,6147597.72,0.5756097560975615,0,3808.2,5915648.0600000005
Tajikistan,2012,414.72,3669.0,6533657.12,0.5723154525172136,0,3752.0,6147597.72
Tajikistan,2013,417.08,3702.9,6928233.48,0.5690586419752952,0,3669.0,6533657.12
Tajikistan,2014,419.44,3719.6,7074635.48,0.5658386880214916,0,3702.9,6928233.48
Tajikistan,2015,421.8,3757.9,8790662.91,0.5626549685294746,0,3719.6,7074635.48
Tajikistan,2016,422.04,3797.9,9582164.37,0.056899004267418896,1,3757.9,8790662.91
Tajikistan,2017,422.28,3841.7,9844975.08,0.05686664771109573,1,3797.9,9582164.37
Tajikistan,2018,422.52,3854.6,10028192.0,0.05683432793406329,1,3841.7,9844975.08
Tajikistan,2019,422.76,3864.0,10742776.2,0.056802044873616175,1,3854.6,10028192.0
Tajikistan,2020,423.0,3862.7,10804193.27,0.05676979846722663,1,3864.0,10742776.2
Tajikistan,2021,423.3,3856.8,11025822.27,0.07092198581559739,1,3862.7,10804193.27
Tajikistan,2022,423.6,3896.2,11253468.27,0.07087172218285254,1,3856.8,11025822.27
Tajikistan,2023,423.9,3878.7,10961714.04,0.07082152974502431,1,3896.2,11253468.27
Thailand,1991,20228.0,21516.0,22373961.19,-0.03459352606869359,1,21383.0,20434666.39
Thailand,1992,20221.0,21374.0,24827758.96,-0.034605497330431056,1,21516.0,22373961.19
Thailand,1993,20214.0,21245.0,25667503.8,-0.0346174768804719,1,21374.0,24827758.96
Thailand,1994,20207.0,21338.0,25865197.06,-0.034629464727420345,1,21245.0,25667503.8
Thailand,1995,20200.0,21431.0,23328180.53,-0.03464146087989173,1,21338.0,25865197.06
Thailand,1996,20193.0,21524.0,21477871.73,-0.034653465346534684,1,21431.0,23328180.53
Thailand,1997,20186.0,21617.0,19334935.54,-0.03466547813598675,1,21524.0,21477871.73
Thailand,1998,20179.0,21709.0,17068607.06,-0.03467749925690766,1,21617.0,19334935.54
Thailand,1999,20172.0,21802.0,15694058.3,-0.03468952871797937,1,21709.0,17068607.06
Thailand,2000,20165.0,21895.0,13144266.3,-0.034701566527861605,1,21802.0,15694058.3
Thailand,2001,20158.0,21988.0,13486966.21,-0.03471361269525852,1,21895.0,13144266.3
Thailand,2002,20151.0,22081.0,13772763.37,-0.03472566722889647,1,21988.0,13486966.21
Thailand,2003,20144.0,22174.0,14268019.46,-0.0347377301374574,1,22081.0,13772763.37
Thailand,2004,20137.0,22267.0,15070922.7,-0.034749801429700966,1,22174.0,14268019.46
Thailand,2005,20130.0,22360.0,15932990.74,-0.03476188111436462,1,22267.0,15070922.7
Thailand,2006,20123.0,22453.0,16866853.810000002,-0.03477396920019693,1,22360.0,15932990.74
Thailand,2007,20116.0,22545.0,17881835.240000002,-0.03478606569596865,1,22453.0,16866853.810000002
Thailand,2008,20109.0,22638.0,18512829.880000003,-0.03479817061046164,1,22545.0,17881835.240000002
Thailand,2009,20102.0,22731.0,18607273.78,-0.03481028395245778,1,22638.0,18512829.880000003
Thailand,2010,20095.0,22824.0,18388396.42,-0.03482240573077222,1,22731.0,18607273.78
Thailand,2011,20088.0,22828.0,16970362.75,-0.03483453595422015,1,22824.0,18388396.42
Thailand,2012,20081.0,22832.0,17861069.41,-0.034846674631616725,1,22828.0,16970362.75
Thailand,2013,20074.0,22836.2654,17068899.53,-0.034858821771821535,1,22832.0,17861069.41
Thailand,2014,20067.0,22842.0,16181273.88,-0.034870977383683055,1,22836.2654,17068899.53
Thailand,2015,20060.0,22846.0,15924164.49,-0.03488314147604976,1,22842.0,16181273.88
Thailand,2016,20115.512,22842.0,15989089.52,0.27672981056829915,0,22846.0,15924164.49
Thailand,2017,20171.024,22847.0,15909304.04,0.27596613001947823,0,22842.0,15989089.52
Thailand,2018,20226.536,22845.6965,15949497.52,0.2752066528699748,0,22847.0,15909304.04
Thailand,2019,20282.048,23000.0,15602196.62,0.2744513445109842,0,22845.6965,15949497.52
Thailand,2020,20337.56,23271.8997,15811715.85,0.27370017071255415,0,23000.0,15602196.62
Thailand,2021,20199.544,23500.0,15702943.15,-0.678626147876149,2,23271.8997,15811715.85
Thailand,2022,20061.528,23500.0,15497203.63,-0.6832629489061937,2,23500.0,15702943.15
Thailand,2023,19923.512,22376.0,15526937.4,-0.687963548938042,2,23500.0,15497203.63
Timor-Leste,1991,1099.17,330.0,235036.33,-0.12720681101610065,2,318.0,210252.98
Timor-Leste,1992,1097.77,330.0,253173.11,-0.12736883284660827,2,330.0,235036.33
Timor-Leste,1993,1096.37,335.0,277001.77,-0.12753126793408898,2,330.0,253173.11
Timor-Leste,1994,1094.97,340.0,344984.97,-0.1276941178616542,2,335.0,277001.77
Timor-Leste,1995,1093.57,340.0,361885.54,-0.12785738422057547,2,340.0,344984.97
Timor-Leste,1996,1092.17,342.0,385244.21,-0.12802106861014018,2,340.0,361885.54
Timor-Leste,1997,1090.77,343.0,406585.04,-0.12818517263796236,2,342.0,385244.21
Timor-Leste,1998,1089.37,341.0,470426.23,-0.1283496979198273,2,343.0,406585.04
Timor-Leste,1999,1087.97,337.0,320726.0,-0.12851464607983587,2,341.0,470426.23
Timor-Leste,2000,1086.57,337.0,393892.67,-0.1286800187505266,2,337.0,320726.0
Timor-Leste,2001,1085.17,336.6,481432.43,-0.1288458175727203,2,337.0,393892.67
Timor-Leste,2002,1083.77,336.2,496443.35,-0.1290120441958531,2,336.6,481432.43
Timor-Leste,2003,1082.37,333.8,445892.67,-0.12917870027774336,2,336.2,496443.35
Timor-Leste,2004,1080.97,333.4,400545.0,-0.12934578748485803,2,333.8,445892.67
Timor-Leste,2005,1079.57,333.0,407786.0,-0.12951330749235712,2,333.4,400545.0
Timor-Leste,2006,1078.17,332.6,416231.54,-0.12968126198392715,2,333.0,407786.0
Timor-Leste,2007,1076.77,332.2,424730.07,-0.12984965265219195,2,332.6,416231.54
Timor-Leste,2008,1075.37,336.8,432726.6,-0.13001848119841286,2,332.2,424730.07
Timor-Leste,2009,1073.97,338.4,440991.14,-0.13018774933277744,2,336.8,432726.6
Timor-Leste,2010,1072.57,338.0,461685.44,-0.13035745877446603,2,338.4,440991.14
Timor-Leste,2011,1071.17,338.6,482530.27,-0.13052761125146306,2,338.0,461685.44
Timor-Leste,2012,1069.77,339.1,494344.8,-0.13069820850099,2,338.6,482530.27
Timor-Leste,2013,1068.37,339.6,506534.35,-0.13086925226918344,2,339.1,494344.8
Timor-Leste,2014,1066.97,340.1,505097.37,-0.131040744311417,2,339.6,506534.35
Timor-Leste,2015,1065.57,340.6,624803.22,-0.13121268639231243,2,340.1,505097.37
Timor-Leste,2016,1064.17,341.1,637767.94,-0.13138508028565088,2,340.6,624803.22
Timor-Leste,2017,1062.77,341.6,636020.3,-0.13155792777470587,2,341.1,637767.94
Timor-Leste,2018,1061.37,342.1,647797.23,-0.131731230651988,2,341.6,636020.3
Timor-Leste,2019,1059.97,341.4,769772.98,-0.13190499071953354,2,342.1,647797.23
Timor-Leste,2020,1058.57,341.4,676889.05,-0.13207920978896004,2,341.4,769772.98
Timor-Leste,2021,1057.722,341.4,621425.1799999999,-0.08010807032128309,1,341.4,676889.05
Timor-Leste,2022,1056.874,341.4,652515.88,-0.08017229479957422,1,341.4,621425.1799999999
Timor-Leste,2023,1056.026,341.4,674419.23,-0.08023662234097895,1,341.4,652515.88
Togo,1991,1295.1,3185.0,667963.8300000001,-0.2280326024991175,2,3160.0,698223.8
Togo,1992,1292.14,3205.0,654633.56,-0.2285537796309023,2,3185.0,667963.8300000001
Togo,1993,1289.18,3230.0,653364.55,-0.22907734456019124,2,3205.0,654633.56
Togo,1994,1286.22,3250.0,691049.11,-0.22960331373431675,2,3230.0,653364.55
Togo,1995,1283.26,3270.0,633492.87,-0.23013170375207892,2,3250.0,691049.11
Togo,1996,1280.3,3290.0,698006.84,-0.23066253136543313,2,3270.0,633492.87
Togo,1997,1277.34,3330.0,805564.63,-0.23119581348122198,2,3290.0,698006.84
Togo,1998,1274.38,3350.0,800801.5,-0.23173156716299603,2,3330.0,805564.63
Togo,1999,1271.42,3370.0,839373.75,-0.23226980963292343,2,3350.0,800801.5
Togo,2000,1268.46,3400.0,834044.28,-0.232810558273433,2,3370.0,839373.75
Togo,2001,1265.501,3420.0,891145.96,-0.23327499487567627,2,3400.0,834044.28
Togo,2002,1262.542,3440.0,901043.0,-0.23382043949392584,2,3420.0,891145.96
Togo,2003,1259.583,3460.0,883006.4,-0.23436844081224928,2,3440.0,901043.0
Togo,2004,1256.624,3480.0,907047.2,-0.23491901684923322,2,3460.0,883006.4
Togo,2005,1253.665,3520.0,940532.8,-0.23547218579305085,2,3480.0,907047.2
Togo,2006,1250.706,3570.0,950035.8,-0.23602796600368237,2,3520.0,940532.8
Togo,2007,1247.747,3595.0,957800.0,-0.23658637601481347,2,3570.0,950035.8
Togo,2008,1244.788,3635.0,966042.2,-0.2371474345360114,2,3595.0,957800.0
Togo,2009,1241.829,3655.0,986715.24,-0.23771116045463447,2,3635.0,966042.2
Togo,2010,1238.87,3665.0,979488.0,-0.23827757283813034,2,3655.0,986715.24
Togo,2011,1235.91,3665.0,988573.0,-0.2389274096555538,2,3665.0,979488.0
Togo,2012,1232.95,3850.0,1232857.0,-0.23949963994142065,2,3665.0,988573.0
Togo,2013,1229.99,3820.0,1270757.0,-0.240074617786612,2,3850.0,1232857.0
Togo,2014,1227.03,3820.0,1192168.78,-0.24065236302734938,2,3820.0,1270757.0
Togo,2015,1224.07,3820.0,1227445.95,-0.24123289569122353,2,3820.0,1192168.78
Togo,2016,1221.108,3820.0,1201309.12,-0.24197962534822093,2,3820.0,1227445.95
Togo,2017,1218.146,3820.0,1163617.29,-0.2425665870668281,2,3820.0,1201309.12
Togo,2018,1215.184,3820.0,1169953.23,-0.24315640325544008,2,3820.0,1163617.29
Togo,2019,1212.222,3820.0,1186814.31,-0.24374909478729334,2,3820.0,1169953.23
Togo,2020,1209.26,3820.0,1215938.06,-0.24434468273962784,2,3820.0,1186814.31
Togo,2021,1212.3,3820.0,1239162.7,0.25139341415409966,0,3820.0,1215938.06
Togo,2022,1215.34,3820.0,1340886.81,0.250763012455657,0,3820.0,1239162.7
Togo,2023,1218.38,3820.0,1225171.2,0.2501357644774549,0,3820.0,1340886.81
Tonga,1991,8.73,32.0,27053.99,0.0,1,32.0,27377.98
Tonga,1992,8.73,32.0,26245.61,0.0,1,32.0,27053.99
Tonga,1993,8.73,32.0,25617.57,0.0,1,32.0,26245.61
Tonga,1994,8.73,32.0,25526.36,0.0,1,32.0,25617.57
Tonga,1995,8.73,33.0,25037.36,0.0,1,32.0,25526.36
Tonga,1996,8.73,33.0,34134.34,0.0,1,33.0,25037.36
Tonga,1997,8.73,31.0,25618.31,0.0,1,33.0,34134.34
Tonga,1998,8.73,31.0,25618.49,0.0,1,31.0,25618.31
Tonga,1999,8.73,31.0,27957.98,0.0,1,31.0,25618.49
Tonga,2000,8.73,30.0,30989.48,0.0,1,31.0,27957.98
Tonga,2001,8.73,30.0,30861.11,0.0,1,30.0,30989.48
Tonga,2002,8.73,30.0,30862.31,0.0,1,30.0,30861.11
Tonga,2003,8.73,30.0,30862.51,0.0,1,30.0,30862.31
Tonga,2004,8.73,30.0,30862.71,0.0,1,30.0,30862.51
Tonga,2005,8.73,30.0,30862.91,0.0,1,30.0,30862.71
Tonga,2006,8.73,31.0,31076.0,0.0,1,30.0,30862.91
Tonga,2007,8.73,31.0,31389.77,0.0,1,31.0,31076.0
Tonga,2008,8.73,31.0,31390.98,0.0,1,31.0,31389.77
Tonga,2009,8.73,32.0,31391.18,0.0,1,31.0,31390.98
Tonga,2010,8.73,32.0,31251.120000000003,0.0,1,32.0,31391.18
Tonga,2011,8.73,32.0,31203.38,0.0,1,32.0,31251.120000000003
Tonga,2012,8.73,33.0,32147.64,0.0,1,32.0,31203.38
Tonga,2013,8.73,33.0,32300.85,0.0,1,33.0,32147.64
Tonga,2014,8.73,34.0,32338.59,0.0,1,33.0,32300.85
Tonga,2015,8.73,35.0,32221.83,0.0,1,34.0,32338.59
Tonga,2016,8.73,35.0,32368.47,0.0,1,35.0,32221.83
Tonga,2017,8.73,35.0,32568.45,0.0,1,35.0,32368.47
Tonga,2018,8.73,35.0,32651.61,0.0,1,35.0,32568.45
Tonga,2019,8.73,35.0,32659.86,0.0,1,35.0,32651.61
Tonga,2020,8.73,35.0,32904.57,0.0,1,35.0,32659.86
Tonga,2021,8.73,35.0,32850.51,0.0,1,35.0,32904.57
Tonga,2022,8.73,35.0,32879.94,0.0,1,35.0,32850.51
Tonga,2023,8.73,35.0,32906.37,0.0,1,35.0,32879.94
Trinidad and Tobago,1991,240.475,81.0,148467.61,-0.17642175176422192,2,77.0,150570.63
Trinidad and Tobago,1992,240.05,81.0,124158.28,-0.17673354818587006,2,81.0,148467.61
Trinidad and Tobago,1993,239.625,81.0,128695.37,-0.17704644865653707,2,81.0,124158.28
Trinidad and Tobago,1994,239.2,81.0,132469.02000000002,-0.17736045905060172,2,81.0,128695.37
Trinidad and Tobago,1995,238.775,76.0,132729.15,-0.17767558528427596,2,81.0,132469.02000000002
Trinidad and Tobago,1996,238.35,76.0,138755.97999999998,-0.17799183331588253,2,76.0,132729.15
Trinidad and Tobago,1997,237.925,71.0,134298.32,-0.17830920914621018,2,76.0,138755.97999999998
Trinidad and Tobago,1998,237.5,66.0,123337.59,-0.17862771881895778,2,71.0,134298.32
Trinidad and Tobago,1999,237.075,67.0,127892.92,-0.1789473684210563,2,66.0,123337.59
Trinidad and Tobago,2000,236.65,67.0,113760.78,-0.17926816408309065,2,67.0,127892.92
Trinidad and Tobago,2001,236.226,60.0,113584.17,-0.17916754701035043,2,67.0,113760.78
Trinidad and Tobago,2002,235.802,60.0,117306.34,-0.17948913328761362,2,60.0,113584.17
Trinidad and Tobago,2003,235.378,60.0,109496.56,-0.17981187606551652,2,60.0,117306.34
Trinidad and Tobago,2004,234.954,55.0,109421.57,-0.1801357815938487,2,60.0,109496.56
Trinidad and Tobago,2005,234.53,54.0,110022.57,-0.18046085616759688,2,55.0,109421.57
Trinidad and Tobago,2006,234.106,54.0,101726.8,-0.18078710612715598,2,54.0,110022.57
Trinidad and Tobago,2007,233.682,54.0,99155.0,-0.1811145378589174,2,54.0,101726.8
Trinidad and Tobago,2008,233.258,54.0,103545.6,-0.18144315779562437,2,54.0,99155.0
Trinidad and Tobago,2009,232.834,54.0,118462.5,-0.181772972416816,2,54.0,103545.6
Trinidad and Tobago,2010,232.41,54.0,117311.59,-0.1821039882491382,2,54.0,118462.5
Trinidad and Tobago,2011,231.986,54.0,117475.55,-0.18243621186696535,2,54.0,117311.59
Trinidad and Tobago,2012,231.562,54.0,115450.63,-0.18276964989265565,2,54.0,117475.55
Trinidad and Tobago,2013,231.138,54.0,116805.7,-0.1831043089971618,2,54.0,115450.63
Trinidad and Tobago,2014,230.714,54.0,115739.84,-0.18344019590028626,2,54.0,116805.7
Trinidad and Tobago,2015,230.29,54.0,111848.7,-0.183777317371292,2,54.0,115739.84
Trinidad and Tobago,2016,229.866,54.0,110760.97,-0.18411568022926872,2,54.0,111848.7
Trinidad and Tobago,2017,229.442,54.0,111766.41,-0.1844552913436548,2,54.0,110760.97
Trinidad and Tobago,2018,229.018,54.0,115456.0,-0.18479615763461466,2,54.0,111766.41
Trinidad and Tobago,2019,228.594,54.0,116345.6,-0.18513828607358285,2,54.0,115456.0
Trinidad and Tobago,2020,228.17,54.0,114368.6,-0.1854816836837414,2,54.0,116345.6
Trinidad and Tobago,2021,227.746,54.0,113695.06,-0.18582635754041954,2,54.0,114368.6
Trinidad and Tobago,2022,227.322,54.0,113601.31,-0.18617231477172647,2,54.0,113695.06
Trinidad and Tobago,2023,226.898,54.0,114499.2,-0.18651956255884006,2,54.0,113601.31
Tunisia,1991,646.366,9210.0,2906404.54,0.3705084008820192,0,9191.0,2722908.0
Tunisia,1992,648.752,9355.0,2881120.0,0.36914070356421913,0,9210.0,2906404.54
Tunisia,1993,651.138,9422.0,2994188.31,0.3677830665647308,0,9355.0,2881120.0
Tunisia,1994,653.524,9283.0,3181581.93,0.36643537928979786,0,9422.0,2994188.31
Tunisia,1995,655.91,9348.0,3208091.54,0.36509753276083856,0,9283.0,3181581.93
Tunisia,1996,658.296,9324.0,3404904.93,0.36376941958502496,0,9348.0,3208091.54
Tunisia,1997,660.682,9347.0,3532419.54,0.3624509339263726,0,9324.0,3404904.93
Tunisia,1998,663.068,9420.0,3704918.46,0.3611419714779629,0,9347.0,3532419.54
Tunisia,1999,665.454,9526.0,3935035.15,0.3598424294340763,0,9420.0,3704918.46
Tunisia,2000,667.84,9551.0,4120589.0,0.35855220646356933,0,9526.0,3935035.15
Tunisia,2001,671.399,9499.0,4179101.77,0.5329120747484373,0,9551.0,4120589.0
Tunisia,2002,674.958,9763.0,4194711.69,0.5300871761798831,0,9499.0,4179101.77
Tunisia,2003,678.517,9784.0,3825190.54,0.5272920685435389,0,9763.0,4194711.69
Tunisia,2004,682.076,9830.0,3647480.31,0.5245262830555486,0,9784.0,3825190.54
Tunisia,2005,685.635,9824.0,3811322.07,0.521789360716407,0,9830.0,3647480.31
Tunisia,2006,689.194,9806.0,3945821.85,0.5190808520568524,0,9824.0,3811322.07
Tunisia,2007,692.753,9805.0,4015388.77,0.5164003168919074,0,9806.0,3945821.85
Tunisia,2008,696.312,9881.0,3932319.85,0.5137473240823143,0,9805.0,4015388.77
Tunisia,2009,699.871,9789.0,4245199.23,0.5111214513034312,0,9881.0,3932319.85
Tunisia,2010,703.43,10038.0,4079350.31,0.5085222848210558,0,9789.0,4245199.23
Tunisia,2011,703.73,10072.0,4056015.93,0.042648166839631685,1,10038.0,4079350.31
Tunisia,2012,704.03,9922.0,3885454.0,0.04262998593209666,1,10072.0,4056015.93
Tunisia,2013,704.33,9943.0,3945170.69,0.0426118205190118,1,9922.0,3885454.0
Tunisia,2014,704.63,9761.0,4092458.54,0.042593670580548526,1,9943.0,3945170.69
Tunisia,2015,704.93,9834.0,4318998.54,0.042575536096944866,1,9761.0,4092458.54
Tunisia,2016,703.744,9702.6,4208456.54,-0.16824365539839237,2,9834.0,4318998.54
Tunisia,2017,702.558,9742.9,4133712.0,-0.16852719170608044,2,9702.6,4208456.54
Tunisia,2018,701.372,9700.5,3881796.54,-0.1688116852985866,2,9742.9,4133712.0
Tunisia,2019,700.186,9700.5,3787287.46,-0.16909714103213735,2,9700.5,3881796.54
Tunisia,2020,699.0,9700.5,4008378.0,-0.16938356379591069,2,9700.5,3787287.46
Tunisia,2021,696.698,9700.5,3975929.46,-0.32932761087267615,2,9700.5,4008378.0
Tunisia,2022,694.396,9700.5,3907821.18,-0.33041576120500515,2,9700.5,3975929.46
Tunisia,2023,692.094,9700.5,3921169.98,-0.3315111262161552,2,9700.5,3907821.18
Turkmenistan,1993,2330.0,35450.0,4312478.25,0.0,1,35350.0,3472333.39
Turkmenistan,1994,2330.0,35450.0,4601764.21,0.0,1,35450.0,4312478.25
Turkmenistan,1995,2330.0,35500.0,4822064.21,0.0,1,35450.0,4601764.21
Turkmenistan,1996,2330.0,35500.0,4947365.5600000005,0.0,1,35500.0,4822064.21
Turkmenistan,1997,2330.0,35500.0,4435793.68,0.0,1,35500.0,4947365.5600000005
Turkmenistan,1998,2330.0,35500.0,4889052.46,0.0,1,35500.0,4435793.68
Turkmenistan,1999,2330.0,35540.0,5406595.79,0.0,1,35500.0,4889052.46
Turkmenistan,2000,2330.0,35500.0,6101769.48,0.0,1,35540.0,5406595.79
Turkmenistan,2001,2330.0,35500.0,7033057.19,0.0,1,35500.0,6101769.48
Turkmenistan,2002,2330.0,35350.0,7806490.77,0.0,1,35500.0,7033057.19
Turkmenistan,2003,2330.0,35190.0,8558422.48,0.0,1,35350.0,7806490.77
Turkmenistan,2004,2330.0,35050.0,8728778.5,0.0,1,35190.0,8558422.48
Turkmenistan,2005,2330.0,34880.0,9260641.39,0.0,1,35050.0,8728778.5
Turkmenistan,2006,2330.0,34700.0,9503350.42,0.0,1,34880.0,9260641.39
Turkmenistan,2007,2330.0,34550.0,10156145.16,0.0,1,34700.0,9503350.42
Turkmenistan,2008,2330.0,34350.0,10618471.23,0.0,1,34550.0,10156145.16
Turkmenistan,2009,2330.0,34205.0,10765115.09,0.0,1,34350.0,10618471.23
Turkmenistan,2010,2330.0,34000.0,10792266.51,0.0,1,34205.0,10765115.09
Turkmenistan,2011,2330.0,33838.0,10958373.11,0.0,1,34000.0,10792266.51
Turkmenistan,2012,2330.0,34575.625,11126619.95,0.0,1,33838.0,10958373.11
Turkmenistan,2013,2330.0,35313.25,11305334.24,0.0,1,34575.625,11126619.95
Turkmenistan,2014,2330.0,36050.875,11484938.98,0.0,1,35313.25,11305334.24
Turkmenistan,2015,2330.0,36788.5,11658042.28,0.0,1,36050.875,11484938.98
Turkmenistan,2016,2330.0,37526.125,12380843.86,0.0,1,36788.5,11658042.28
Turkmenistan,2017,2330.0,38263.75,12663557.9,0.0,1,37526.125,12380843.86
Turkmenistan,2018,2330.0,39001.375,12702613.82,0.0,1,38263.75,12663557.9
Turkmenistan,2019,2330.0,39739.0,12681463.03,0.0,1,39001.375,12702613.82
Turkmenistan,2020,2330.0,39736.7,12974286.93,0.0,1,39739.0,12681463.03
Turkmenistan,2021,2330.0,39734.3,12932365.83,0.0,1,39736.7,12974286.93
Turkmenistan,2022,2330.0,39734.3,13133127.48,0.0,1,39734.3,12932365.83
Turkmenistan,2023,2330.0,39578.2392,13466549.99,0.0,1,39734.3,13133127.48
USSR,1991,850463.492,555420.0,545822929.0,0.026228108708403752,1,556220.0,570124705.0
Uganda,1991,4433.311,12032.0,14480387.27,-2.5223888144977114,2,11962.0,13756380.94
Uganda,1992,4318.592,12052.0,14742793.78,-2.5876596521200557,2,12032.0,14480387.27
Uganda,1993,4203.873,12082.0,15279174.8,-2.6563981964492167,2,12052.0,14742793.78
Uganda,1994,4089.154,12102.0,14454719.97,-2.7288883370168326,2,12082.0,15279174.8
Uganda,1995,3974.435,12122.0,14812215.82,-2.805445820822594,2,12102.0,14454719.97
Uganda,1996,3859.716,12172.0,15002224.01,-2.8864228500403266,2,12122.0,14812215.82
Uganda,1997,3744.997,12172.0,15369779.6,-2.9722134996460925,2,12172.0,15002224.01
Uganda,1998,3630.278,12242.0,15979917.72,-3.063260130782486,2,12172.0,15369779.6
Uganda,1999,3515.559,12262.0,16466632.78,-3.1600610201202084,2,12242.0,15979917.72
Uganda,2000,3400.84,12512.0,16785904.46,-3.2631794829783844,2,12262.0,16466632.78
Uganda,2001,3350.693,12612.0,17330601.54,-1.4745474647440027,2,12512.0,16785904.46
Uganda,2002,3300.546,12812.0,18795901.78,-1.4966157747069109,2,12612.0,17330601.54
Uganda,2003,3250.399,13112.0,20439719.57,-1.519354676468676,2,12812.0,18795901.78
Uganda,2004,3200.252,13262.0,21032945.94,-1.5427952076037421,2,13112.0,20439719.57
Uganda,2005,3150.105,13262.0,21923648.12,-1.566970351084851,2,13262.0,21032945.94
Uganda,2006,3099.958,13462.75,22758038.31,-1.5919151901285788,2,13262.0,21923648.12
Uganda,2007,3049.811,13663.5,23720780.75,-1.6176670780700841,2,13462.75,22758038.31
Uganda,2008,2999.664,13914.25,32197517.34,-1.6442658249970266,2,13663.5,23720780.75
Uganda,2009,2949.517,14115.0,33092187.98,-1.671753903103823,2,13914.25,32197517.34
Uganda,2010,2899.37,14265.0,34073238.379999995,-1.700176672994258,2,14115.0,33092187.98
Uganda,2011,2849.224,14365.0,35000651.11,-1.7295481432173077,2,14265.0,34073238.379999995
Uganda,2012,2799.078,14415.0,35965711.5,-1.7599879826928344,2,14365.0,35000651.11
Uganda,2013,2748.932,14415.0,36627378.4,-1.791518492875166,2,14415.0,35965711.5
Uganda,2014,2698.786,14415.0,38097917.24,-1.8241993617884922,2,14415.0,36627378.4
Uganda,2015,2648.64,14415.0,38771669.88,-1.8580947136972004,2,14415.0,38097917.24
Uganda,2016,2620.544,14415.0,39449785.43,-1.0607708106802005,2,14415.0,38771669.88
Uganda,2017,2592.448,14415.0,38999924.33,-1.0721437991501048,2,14415.0,39449785.43
Uganda,2018,2564.352,14415.0,40438270.79,-1.0837633001703373,2,14415.0,38999924.33
Uganda,2019,2536.256,14415.0,41042964.75,-1.0956374163921367,2,14415.0,40438270.79
Uganda,2020,2508.16,14415.0,41862577.0,-1.1077746095031427,2,14415.0,41042964.75
Uganda,2021,2480.062,14415.0,42627254.0,-1.1202634600663397,2,14415.0,41862577.0
Uganda,2022,2451.964,14415.0,43227862.75,-1.132955547079062,2,14415.0,42627254.0
Uganda,2023,2423.866,14415.0,43165790.77,-1.1459385211202155,2,14415.0,43227862.75
Ukraine,1993,9344.8,41890.0,104838516.6,0.2531862850276623,0,41929.0,112278929.92
Ukraine,1994,9368.4,41861.0,106393628.79,0.2525468709870804,0,41890.0,104838516.6
Ukraine,1995,9392.0,41853.0,98638804.0,0.2519106784509617,0,41861.0,106393628.79
Ukraine,1996,9415.6,41840.0,91334055.39,0.25127768313457644,0,41853.0,98638804.0
Ukraine,1997,9439.2,41854.0,82564282.34,0.2506478609966445,0,41840.0,91334055.39
Ukraine,1998,9462.8,41611.0,70536221.18,0.2500211882362713,0,41854.0,82564282.34
Ukraine,1999,9486.4,41453.0,67204961.16,0.24939764129010555,0,41611.0,70536221.18
Ukraine,2000,9510.0,41406.0,62757228.27,0.2487771968291419,0,41453.0,67204961.16
Ukraine,2001,9513.8,41385.0,55605503.66,0.039957939011570076,1,41406.0,62757228.27
Ukraine,2002,9517.6,41396.0,57398723.93,0.03994197901995289,1,41385.0,55605503.66
Ukraine,2003,9521.4,41355.0,58793771.29,0.03992603177271903,1,41396.0,57398723.93
Ukraine,2004,9525.2,41354.0,51750974.13,0.03991009725461403,1,41355.0,58793771.29
Ukraine,2005,9529.0,41304.0,47100109.83,0.03989417545038343,1,41354.0,51750974.13
Ukraine,2006,9532.8,41284.0,45247427.25,0.039878266344839375,1,41304.0,47100109.83
Ukraine,2007,9536.6,41266.0,43305506.34,0.039862369922794016,1,41284.0,45247427.25
Ukraine,2008,9540.4,41292.0,39254974.46,0.0398464861690595,1,41266.0,43305506.34
Ukraine,2009,9544.2,41276.0,36700921.79,0.039830615068559005,1,41292.0,39254974.46
Ukraine,2010,9548.0,41267.0,35505081.230000004,0.03981475660610467,1,41276.0,36700921.79
Ukraine,2011,9578.4,41281.0,33271271.97,0.31839128613322387,0,41267.0,35505081.230000004
Ukraine,2012,9608.8,41297.0,32325042.27,0.317380773406839,0,41281.0,33271271.97
Ukraine,2013,9639.2,41526.0,33968439.77,0.3163766547331859,0,41297.0,32325042.27
Ukraine,2014,9669.6,41511.0,33473237.43,0.31537886961572337,0,41526.0,33968439.77
Ukraine,2015,9700.0,41508.0,30112223.62,0.3143873583188572,0,41511.0,33473237.43
Ukraine,2016,9740.0,41515.0,29315901.6,0.4123711340206171,0,41508.0,30112223.62
Ukraine,2017,9780.0,41489.0,28938061.92,0.4106776180698102,0,41515.0,29315901.6
Ukraine,2018,9820.0,41329.0,27938761.75,0.4089979550102152,0,41489.0,28938061.92
Ukraine,2019,9860.0,41311.0,27008060.44,0.40733197556008793,0,41329.0,27938761.75
Ukraine,2020,9900.0,41311.0,25412362.82,0.40567951318457585,0,41311.0,27008060.44
Ukraine,2021,9938.0,41311.0,23509759.44,0.3838383838383752,0,41311.0,25412362.82
Ukraine,2022,9976.0,41311.0,21132045.29,0.3823706983296482,0,41311.0,23509759.44
Ukraine,2023,10014.0,41311.0,19500261.82,0.3809141940657623,0,41311.0,21132045.29
United Arab Emirates,1991,314.79,310.0,230717.98,0.006353845665096891,1,285.0,220412.29
United Arab Emirates,1992,314.81,339.0,242098.46,0.006353441977191565,1,310.0,230717.98
United Arab Emirates,1993,314.83,355.0,264656.72,0.006353038340578543,1,339.0,242098.46
United Arab Emirates,1994,314.85,372.0,309321.27,0.006352634755280029,1,355.0,264656.72
United Arab Emirates,1995,314.87,383.0,366166.17,0.006352231221207205,1,372.0,309321.27
United Arab Emirates,1996,314.89,387.0,307756.04000000004,0.006351827738426685,1,383.0,366166.17
United Arab Emirates,1997,314.91,395.0,328034.5,0.006351424306916265,1,387.0,307756.04000000004
United Arab Emirates,1998,314.93,398.0,367721.75,0.00635102092660933,1,395.0,328034.5
United Arab Emirates,1999,314.95,516.0,376746.67,0.00635061759755029,1,398.0,367721.75
United Arab Emirates,2000,314.97,547.0,512166.06,0.006350214319739145,1,516.0,376746.67
United Arab Emirates,2001,315.428,562.0,403381.71,0.14541067403244234,0,547.0,512166.06
United Arab Emirates,2002,315.886,566.0,436432.59,0.14519953840497202,0,562.0,403381.71
United Arab Emirates,2003,316.344,554.0,636606.08,0.14498901502439931,0,566.0,436432.59
United Arab Emirates,2004,316.802,554.0,614311.15,0.14477910123158466,0,554.0,636606.08
United Arab Emirates,2005,317.26,557.0,264741.88,0.14456979438259854,0,554.0,614311.15
United Arab Emirates,2006,317.718,538.6,236441.77,0.14436109184896573,0,557.0,264741.88
United Arab Emirates,2007,318.176,532.6,287887.15,0.14415299101717682,0,538.6,236441.77
United Arab Emirates,2008,318.634,539.6,361729.73,0.14394548928895468,0,532.6,287887.15
United Arab Emirates,2009,319.092,387.9,530850.27,0.1437385840807881,0,539.6,361729.73
United Arab Emirates,2010,319.55,392.3,526684.31,0.14353227282415393,0,387.9,530850.27
United Arab Emirates,2011,319.884,388.5,512364.87,0.10452198404005131,0,392.3,526684.31
United Arab Emirates,2012,320.218,376.7,511683.42,0.10441284965800879,0,388.5,512364.87
United Arab Emirates,2013,320.552,379.4,520986.46,0.10430394293887701,0,376.7,511683.42
United Arab Emirates,2014,320.886,382.5,514415.95,0.10419526317102523,0,379.4,520986.46
United Arab Emirates,2015,321.22,382.8,621533.98,0.10408680964579808,0,382.5,514415.95
United Arab Emirates,2016,321.556,383.8,619751.43,0.10460120789488325,0,382.8,621533.98
United Arab Emirates,2017,321.892,383.8,623714.63,0.10449190809689313,0,383.8,619751.43
United Arab Emirates,2018,322.228,381.75,609856.69,0.1043828364793109,0,383.8,623714.63
United Arab Emirates,2019,322.564,390.4,613722.73,0.10427399232841861,0,381.75,609856.69
United Arab Emirates,2020,322.9,389.8,617392.42,0.10416537493334044,0,390.4,613722.73
United Arab Emirates,2021,323.236,391.5615,670092.49,0.1040569835862426,0,389.8,617392.42
United Arab Emirates,2022,323.572,391.5615,671155.74,0.10394881758220009,0,391.5615,670092.49
United Arab Emirates,2023,323.908,391.7037,667545.13,0.10384087621919669,0,391.5615,671155.74
United Kingdom of Great Britain and Northern Ireland,1991,2795.6,18143.0,57087842.52,0.6335493160547045,0,18203.0,57647513.64
United Kingdom of Great Britain and Northern Ireland,1992,2813.2,18070.0,57669429.22,0.6295607383030477,0,18143.0,57087842.52
United Kingdom of Great Britain and Northern Ireland,1993,2830.8,17534.0,56216889.33,0.6256220673965807,0,18070.0,57669429.22
United Kingdom of Great Britain and Northern Ireland,1994,2848.4,17409.0,57375754.45,0.6217323724742041,0,17534.0,56216889.33
United Kingdom of Great Britain and Northern Ireland,1995,2866.0,17379.0,57680329.67,0.6178907456817928,0,17409.0,57375754.45
United Kingdom of Great Britain and Northern Ireland,1996,2883.6,17494.0,51962873.78,0.6140963014654499,0,17379.0,57680329.67
United Kingdom of Great Britain and Northern Ireland,1997,2901.2,17585.0,50596589.89,0.610348175891251,0,17494.0,51962873.78
United Kingdom of Great Britain and Northern Ireland,1998,2918.8,17518.0,50314583.33,0.6066455259892578,0,17585.0,50596589.89
United Kingdom of Great Britain and Northern Ireland,1999,2936.4,17219.0,50332134.89,0.602987529121557,0,17518.0,50314583.33
United Kingdom of Great Britain and Northern Ireland,2000,2954.0,16964.0,49713206.67,0.5993733823729697,0,17219.0,50332134.89
United Kingdom of Great Britain and Northern Ireland,2001,2964.5,16953.0,47634881.33,0.35545023696681444,0,16964.0,49713206.67
United Kingdom of Great Britain and Northern Ireland,2002,2975.0,16976.0,47793426.22,0.35419126328217754,0,16953.0,47634881.33
United Kingdom of Great Britain and Northern Ireland,2003,2985.5,16956.0,48225890.33,0.3529411764705781,0,16976.0,47793426.22
United Kingdom of Great Britain and Northern Ireland,2004,2996.0,17051.0,48084734.78,0.3516998827667095,0,16956.0,48225890.33
United Kingdom of Great Britain and Northern Ireland,2005,3006.5,16956.0,48632849.34,0.3504672897196359,0,17051.0,48084734.78
United Kingdom of Great Britain and Northern Ireland,2006,3017.0,17838.0,49108957.71,0.34924330616996624,0,16956.0,48632849.34
United Kingdom of Great Britain and Northern Ireland,2007,3027.5,17647.0,48351431.0,0.34802784222738303,0,17838.0,49108957.71
United Kingdom of Great Britain and Northern Ireland,2008,3038.0,17684.0,47466983.55,0.3468208092485492,0,17647.0,48351431.0
United Kingdom of Great Britain and Northern Ireland,2009,3048.5,17325.0,46878092.11,0.3456221198156584,0,17684.0,47466983.55
United Kingdom of Great Britain and Northern Ireland,2010,3059.0,17224.0,48140512.78,0.3444316877152742,0,17325.0,46878092.11
United Kingdom of Great Britain and Northern Ireland,2011,3078.2,17164.0,48073130.0,0.6276560967636513,0,17224.0,48140512.78
United Kingdom of Great Britain and Northern Ireland,2012,3097.4,17182.0,47291246.66,0.6237411474238286,0,17164.0,48073130.0
United Kingdom of Great Britain and Northern Ireland,2013,3116.6,17250.2,46994895.22,0.6198747336475741,0,17182.0,47291246.66
United Kingdom of Great Britain and Northern Ireland,2014,3135.8,17232.0,48367067.89,0.6160559584162284,0,17250.2,46994895.22
United Kingdom of Great Britain and Northern Ireland,2015,3155.0,17138.0,48785250.66,0.6122839466802699,0,17232.0,48367067.89
United Kingdom of Great Britain and Northern Ireland,2016,3167.0,17349.9818,48909412.33,0.38034865293186115,0,17138.0,48785250.66
United Kingdom of Great Britain and Northern Ireland,2017,3179.0,17466.1525,49339690.11,0.3789074834227968,0,17349.9818,48909412.33
United Kingdom of Great Britain and Northern Ireland,2018,3191.0,17350.8616,49393316.89,0.3774771940861843,0,17466.1525,49339690.11
United Kingdom of Great Britain and Northern Ireland,2019,3203.0,17521.2961,49483584.11,0.3760576621748779,0,17350.8616,49393316.89
United Kingdom of Great Britain and Northern Ireland,2020,3215.0,17259.2981,49261911.11,0.37464876678114933,0,17521.2961,49483584.11
United Kingdom of Great Britain and Northern Ireland,2021,3227.6,17215.141,49123417.78,0.3919129082426087,0,17259.2981,49261911.11
United Kingdom of Great Britain and Northern Ireland,2022,3240.2,17414.5186,49326670.0,0.3903829470814246,0,17215.141,49123417.78
United Kingdom of Great Britain and Northern Ireland,2023,3252.8,17009.4506,48942325.34,0.3888648848836551,0,17414.5186,49326670.0
United Republic of Tanzania,1991,57762.0,31561.99,37799310.54,-0.6928565288403687,2,31189.99,37493671.46
United Republic of Tanzania,1992,57359.0,31933.99,38201354.08,-0.6976905231813268,2,31561.99,37799310.54
United Republic of Tanzania,1993,56956.0,32305.99,38617641.620000005,-0.7025924440802633,2,31933.99,38201354.08
United Republic of Tanzania,1994,56553.0,32677.99,38868343.54,-0.7075637334082452,2,32305.99,38617641.620000005
United Republic of Tanzania,1995,56150.0,33049.99,44666064.69,-0.7126058741357633,2,32677.99,38868343.54
United Republic of Tanzania,1996,55747.0,33421.99,38509365.69,-0.7177203918076636,2,33049.99,44666064.69
United Republic of Tanzania,1997,55344.0,33703.0,38813397.38,-0.7229088560819386,2,33421.99,38509365.69
United Republic of Tanzania,1998,54941.0,33800.0,39782033.92,-0.7281728823359312,2,33703.0,38813397.38
United Republic of Tanzania,1999,54538.0,33900.0,48444132.0,-0.7335141333430384,2,33800.0,39782033.92
United Republic of Tanzania,2000,54135.0,34000.0,46175361.85,-0.7389343210238764,2,33900.0,48444132.0
United Republic of Tanzania,2001,53732.0,34100.0,46415577.69,-0.7444352082756067,2,34000.0,46175361.85
United Republic of Tanzania,2002,53329.0,34200.0,47738445.0,-0.7500186108836404,2,34100.0,46415577.69
United Republic of Tanzania,2003,52926.0,34270.0,49038127.65,-0.7556863995199614,2,34200.0,47738445.0
United Republic of Tanzania,2004,52523.0,34757.1,49355914.620000005,-0.7614405018327441,2,34270.0,49038127.65
United Republic of Tanzania,2005,52120.0,35314.2,51204320.77,-0.7672829046322605,2,34757.1,49355914.620000005
United Republic of Tanzania,2006,51717.0,35871.3,53597343.9,-0.7732156561780501,2,35314.2,51204320.77
United Republic of Tanzania,2007,51314.0,36418.4,52439275.43,-0.7792408685731944,2,35871.3,53597343.9
United Republic of Tanzania,2008,50911.0,36974.4,55219502.57,-0.7853607202712665,2,36418.4,52439275.43
United Republic of Tanzania,2009,50508.0,37186.7,56312109.61,-0.7915774587024416,2,36974.4,55219502.57
United Republic of Tanzania,2010,50105.0,37399.0,57624287.14,-0.7978934030252627,2,37186.7,56312109.61
United Republic of Tanzania,2011,49702.0,37611.3,62649998.2,-0.8043109470112775,2,37399.0,57624287.14
United Republic of Tanzania,2012,49299.0,37497.594,67005078.63,-0.8108325620699408,2,37611.3,62649998.2
United Republic of Tanzania,2013,48896.0,38035.9,70682351.4,-0.8174608004219097,2,37497.594,67005078.63
United Republic of Tanzania,2014,48493.0,38248.2,73131273.73,-0.8241982984293239,2,38035.9,70682351.4
United Republic of Tanzania,2015,48090.0,38460.5,75273954.28999999,-0.8310477800919758,2,38248.2,73131273.73
United Republic of Tanzania,2016,47621.0,38672.8,78144405.05,-0.9752547307132486,2,38460.5,75273954.28999999
United Republic of Tanzania,2017,47152.0,38885.1,80754490.08,-0.9848596207555516,2,38672.8,78144405.05
United Republic of Tanzania,2018,46683.0,39097.4,85687180.1,-0.9946555819477454,2,38885.1,80754490.08
United Republic of Tanzania,2019,46214.0,39309.7,89858885.8,-1.0046483730694278,2,39097.4,85687180.1
United Republic of Tanzania,2020,45745.0,39521.2,95212397.88,-1.0148439866707104,2,39309.7,89858885.8
United Republic of Tanzania,2021,45276.0,39521.2,99592919.71,-1.0252486610558553,2,39521.2,95212397.88
United Republic of Tanzania,2022,44807.0,39521.2,103482819.77,-1.0358688930117488,2,39521.2,99592919.71
United Republic of Tanzania,2023,44338.0,39521.2,107219529.82,-1.0467114513357245,2,39521.2,103482819.77
United States of America,1991,302558.6,426948.0,419676608.1,0.03590676144815674,1,426948.0,422516644.78
United States of America,1992,302667.2,425429.0,423871797.68,0.03589387312079584,1,426948.0,419676608.1
United States of America,1993,302775.8,422948.0,428030891.91,0.03588099404230327,1,425429.0,423871797.68
United States of America,1994,302884.4,421139.0,436646545.99,0.03586812420279806,1,422948.0,428030891.91
United States of America,1995,302993.0,420139.0,448160433.23,0.035855263592310394,1,421139.0,436646545.99
United States of America,1996,303101.6,416306.0,454597648.77,0.03584241220093709,1,420139.0,448160433.23
United States of America,1997,303210.2,414885.0,449947415.8,0.03582957001877496,1,416306.0,454597648.77
United States of America,1998,303318.8,414588.0,442641285.88,0.0358167370358764,1,414885.0,449947415.8
United States of America,1999,303427.4,413887.0,445967115.19,0.03580391324244925,1,414588.0,442641285.88
United States of America,2000,303536.0,414399.0,446549609.3,0.0357910986285237,1,413887.0,445967115.19
United States of America,2001,304054.4,414944.0,439888944.3,0.17078699066996883,0,414399.0,446549609.3
United States of America,2002,304572.8,413064.0,442122976.64,0.17049580601364855,0,414944.0,439888944.3
United States of America,2003,305091.2,413022.72,440355848.19,0.1702056125826079,0,413064.0,442122976.64
United States of America,2004,305609.6,412981.44,425901961.61,0.16991640532404428,0,413022.72,440355848.19
United States of America,2005,306128.0,412940.16,426238625.71,0.16962817921950535,0,412981.44,425901961.61
United States of America,2006,306646.4,412898.88,437109789.47,0.1693409292844894,0,412940.16,426238625.71
United States of America,2007,307164.8,412857.6,441925680.17,0.16905465056820113,0,412898.88,437109789.47
United States of America,2008,307683.2,414880.8236,444236662.92,0.1687693381533295,0,412857.6,441925680.17
United States of America,2009,308201.6,416904.0472,437025805.53,0.16848498715560378,0,414880.8236,444236662.92
United States of America,2010,308720.0,418927.2707,440344858.66,0.1682015927237268,0,416904.0472,437025805.53
United States of America,2011,308995.0,420950.4943,438959880.83,0.0890774812127404,1,418927.2707,440344858.66
United States of America,2012,309270.0,422973.7179,432565202.97,0.08899820385444013,1,420950.4943,438959880.83
United States of America,2013,309545.0,423827.5828,428496135.83,0.08891906748149658,1,422973.7179,432565202.97
United States of America,2014,309820.0,424681.4477,417487143.33,0.08884007171816588,1,423827.5828,428496135.83
United States of America,2015,310095.0,425535.3125,412701948.67,0.08876121619003641,1,424681.4477,417487143.33
United States of America,2016,309927.0,426389.1774,428261158.48,-0.05417694577468657,1,425535.3125,412701948.67
United States of America,2017,309759.0,427243.0423,440232808.01,-0.054206313099536274,1,426389.1774,428261158.48
United States of America,2018,309591.0,426102.5073,446494433.19,-0.05423571227954893,1,427243.0423,440232808.01
United States of America,2019,309423.0,424961.9723,450227960.26,-0.054265143366571955,1,426102.5073,446494433.19
United States of America,2020,309255.0,423821.4373,446812366.63,-0.05429460641258599,1,424961.9723,450227960.26
United States of America,2021,309183.0,422680.9024,452232584.5,-0.023281757772708467,1,423821.4373,446812366.63
United States of America,2022,309111.0,421540.3674,450646382.81,-0.023287179437425642,1,422680.9024,452232584.5
United States of America,2023,309039.0,421540.3674,437777698.17,-0.023292603627822484,1,421540.3674,450646382.81
Uruguay,1991,925.125,14921.0,25104679.01,5.1947830437551135,0,14917.0,25783237.47
Uruguay,1992,970.81,14925.0,26825582.41,4.938251587623288,0,14921.0,25104679.01
Uruguay,1993,1016.495,14930.0,28154849.11,4.70586417527632,0,14925.0,26825582.41
Uruguay,1994,1062.18,14934.0,29836146.630000003,4.494365442033654,0,14930.0,28154849.11
Uruguay,1995,1107.865,14938.0,29363759.17,4.3010600839782365,0,14934.0,29836146.630000003
Uruguay,1996,1153.55,14941.0,31274247.76,4.123697381901215,0,14938.0,29363759.17
Uruguay,1997,1199.235,14945.0,32290298.27,3.960383165012349,0,14941.0,31274247.76
Uruguay,1998,1244.92,14950.0,31330591.31,3.8095118971677833,0,14945.0,32290298.27
Uruguay,1999,1290.605,14954.0,31206728.31,3.669713716544032,0,14950.0,31330591.31
Uruguay,2000,1336.29,14958.0,31092714.74,3.539812723490132,0,14954.0,31206728.31
Uruguay,2001,1372.254,14962.0,29493962.39,2.6913319713535166,0,14958.0,31092714.74
Uruguay,2002,1408.218,14923.0,31990539.37,2.6207976074400285,0,14962.0,29493962.39
Uruguay,2003,1444.182,14927.0,33317353.34,2.5538659497322147,0,14923.0,31990539.37
Uruguay,2004,1480.146,14829.0,35532878.95,2.490267847127292,0,14927.0,33317353.34
Uruguay,2005,1516.11,14832.0,36853249.39,2.4297603074291185,0,14829.0,35532878.95
Uruguay,2006,1552.074,14695.0,38655652.15,2.3721233947404885,0,14832.0,36853249.39
Uruguay,2007,1588.038,14550.0,36915832.51,2.317157558209204,0,14695.0,38655652.15
Uruguay,2008,1624.002,14674.0,37476585.66,2.2646813237466645,0,14550.0,36915832.51
Uruguay,2009,1659.966,14814.0,37666609.24,2.214529292451606,0,14674.0,37476585.66
Uruguay,2010,1695.93,14433.0,35874216.31,2.1665503992250645,0,14814.0,37666609.24
Uruguay,2011,1723.622,14526.0,35384675.99,1.6328504124580645,0,14433.0,35874216.31
Uruguay,2012,1751.314,14237.0,34794734.92,1.606616764000468,0,14526.0,35384675.99
Uruguay,2013,1779.006,14346.7,34695389.92,1.5812127351234606,0,14237.0,34794734.92
Uruguay,2014,1806.698,14475.1,35863543.31,1.5565995842622193,0,14346.7,34695389.92
Uruguay,2015,1834.39,14467.6,36407328.41,1.532740945083244,0,14475.1,35863543.31
Uruguay,2016,1853.918,14265.3,36670718.38,1.0645500684151044,0,14467.6,36407328.41
Uruguay,2017,1873.446,14222.9,36554114.47,1.053336771097757,0,14265.3,36670718.38
Uruguay,2018,1892.974,14190.8,36171147.4,1.0423572390130253,0,14222.9,36554114.47
Uruguay,2019,1912.502,14127.3,35539112.0,1.0316042375648093,0,14190.8,36171147.4
Uruguay,2020,1932.03,14063.4,34111080.92,1.0210708276383595,0,14127.3,35539112.0
Uruguay,2021,1950.424,14070.0,37798014.75,0.9520556099025468,0,14063.4,34111080.92
Uruguay,2022,1968.818,14154.485,36581000.65,0.943076992489833,0,14070.0,37798014.75
Uruguay,2023,1987.212,14238.6,36611050.08,0.9342661434424082,0,14154.485,36581000.65
Uzbekistan,1993,2672.997,27647.0,24867283.74,1.5658176114489386,0,27724.0,22688254.46
Uzbekistan,1994,2714.206,27640.0,25881807.32,1.5416777497318623,0,27647.0,24867283.74
Uzbekistan,1995,2755.415,27643.0,26526268.25,1.5182709050086673,0,27640.0,25881807.32
Uzbekistan,1996,2796.624,27640.0,24918790.3,1.4955641890604499,0,27643.0,26526268.25
Uzbekistan,1997,2837.833,27637.0,25206540.42,1.473526652134871,0,27640.0,24918790.3
Uzbekistan,1998,2879.042,27334.0,25824057.96,1.4521291422010973,0,27637.0,25206540.42
Uzbekistan,1999,2920.251,27331.0,25218822.0,1.431344176291982,0,27334.0,25824057.96
Uzbekistan,2000,2961.46,27328.0,25930498.32,1.4111458227392015,0,27331.0,25218822.0
Uzbekistan,2001,3000.274,27325.0,25888113.82,1.3106373207809607,0,27328.0,25930498.32
Uzbekistan,2002,3039.088,27046.0,25854319.88,1.2936818437249586,0,27325.0,25888113.82
Uzbekistan,2003,3077.902,26865.0,27226234.41,1.2771594636285633,0,27046.0,25854319.88
Uzbekistan,2004,3116.716,26684.0,30387730.28,1.26105379573489,0,26865.0,27226234.41
Uzbekistan,2005,3155.53,26503.0,31932326.42,1.2453492714767922,0,26684.0,30387730.28
Uzbekistan,2006,3194.344,26322.0,33916371.38,1.230031088279926,0,26503.0,31932326.42
Uzbekistan,2007,3233.158,26141.0,35061246.66,1.215085163025642,0,26322.0,33916371.38
Uzbekistan,2008,3271.972,25960.0,37209155.44,1.2004980888654426,0,26141.0,35061246.66
Uzbekistan,2009,3310.786,25779.0,39789450.34,1.1862570951096219,0,25960.0,37209155.44
Uzbekistan,2010,3349.6,25598.0,42330732.46,1.1723500099372064,0,25779.0,39789450.34
Uzbekistan,2011,3389.56,25417.0,46504817.58,1.1929782660616173,0,25598.0,42330732.46
Uzbekistan,2012,3429.52,25236.0,48234659.34,1.1789140773433626,0,25417.0,46504817.58
Uzbekistan,2013,3469.48,25060.0,50991614.68,1.1651776341878861,0,25236.0,48234659.34
Uzbekistan,2014,3509.44,25542.0,52800170.93,1.1517576120917195,0,25060.0,50991614.68
Uzbekistan,2015,3549.4,25548.0,54571906.18,1.1386432023342774,0,25542.0,52800170.93
Uzbekistan,2016,3577.32,25545.7,58663391.620000005,0.7866118217163542,0,25548.0,54571906.18
Uzbekistan,2017,3605.24,25533.2,58518508.7,0.7804725325103679,0,25545.7,58663391.620000005
Uzbekistan,2018,3633.16,25520.3,64894116.79,0.7744283320944012,0,25533.2,58518508.7
Uzbekistan,2019,3661.08,25555.3,63985913.08,0.7684770282619047,0,25520.3,64894116.79
Uzbekistan,2020,3689.0,25682.5,64975005.1,0.7626164956788806,0,25555.3,63985913.08
Uzbekistan,2021,3730.038,25690.6,67191424.64,1.1124423963133623,0,25682.5,64975005.1
Uzbekistan,2022,3771.076,25769.0,68824850.59,1.1002032687066565,0,25690.6,67191424.64
Uzbekistan,2023,3812.114,25582.0,70796338.92,1.0882305209441556,0,25769.0,68824850.59
Vanuatu,1991,988.506,154.0,347849.99,-0.24059179121799223,2,152.0,326243.66000000003
Vanuatu,1992,986.122,157.0,361589.67,-0.24117203132808518,2,154.0,347849.99
Vanuatu,1993,983.738,159.0,390806.99,-0.2417550769580168,2,157.0,361589.67
Vanuatu,1994,981.354,160.0,400105.34,-0.24234094850458243,2,159.0,390806.99
Vanuatu,1995,978.97,165.0,398490.27,-0.24292966656273007,2,160.0,400105.34
Vanuatu,1996,976.586,167.0,388983.56,-0.2435212519280472,2,165.0,398490.27
Vanuatu,1997,974.202,168.0,391402.81,-0.24411572559918104,2,167.0,388983.56
Vanuatu,1998,971.818,172.0,387421.34,-0.2447131087803145,2,168.0,391402.81
Vanuatu,1999,969.434,173.0,392791.66,-0.2453134228837084,2,172.0,387421.34
Vanuatu,2000,967.05,175.0,368467.88,-0.245916689532244,2,173.0,392791.66
Vanuatu,2001,964.665,177.0,334389.33,-0.24662633783154586,2,175.0,368467.88
Vanuatu,2002,962.28,178.0,325517.0,-0.24723608713905776,2,177.0,334389.33
Vanuatu,2003,959.895,180.0,350483.33,-0.24784885895996478,2,178.0,325517.0
Vanuatu,2004,957.51,181.0,350799.53,-0.24846467582392284,2,180.0,350483.33
Vanuatu,2005,955.125,183.0,360588.0,-0.24908356048500835,2,181.0,350799.53
Vanuatu,2006,952.74,185.0,363955.66,-0.24970553592461586,2,183.0,360588.0
Vanuatu,2007,950.355,187.0,430739.99,-0.2503306253542448,2,185.0,363955.66
Vanuatu,2008,947.97,187.0,436826.0,-0.2509588522183859,2,187.0,430739.99
Vanuatu,2009,945.585,187.0,392059.33,-0.25159024019747456,2,187.0,436826.0
Vanuatu,2010,943.2,187.0,419892.27,-0.2522248132108662,2,187.0,392059.33
Vanuatu,2011,940.816,187.0,424007.34,-0.2527565733672632,2,187.0,419892.27
Vanuatu,2012,938.432,187.0,433927.01,-0.25339705107055854,2,187.0,424007.34
Vanuatu,2013,936.048,187.0,439009.34,-0.254040782923004,2,187.0,433927.01
Vanuatu,2014,933.664,187.0,436898.97,-0.25468779378835515,2,187.0,439009.34
Vanuatu,2015,931.28,187.0,378746.17,-0.25533810878431984,2,187.0,436898.97
Vanuatu,2016,928.896,187.0,305620.21,-0.25599175328580026,2,187.0,378746.17
Vanuatu,2017,926.512,187.0,265043.3,-0.25664875292821243,2,187.0,305620.21
Vanuatu,2018,924.128,187.0,235421.9,-0.25730913361078356,2,187.0,265043.3
Vanuatu,2019,921.744,187.0,235030.44,-0.25797292150004925,2,187.0,235421.9
Vanuatu,2020,919.36,187.0,228652.19,-0.25864014303320637,2,187.0,235030.44
Vanuatu,2021,916.976,187.0,231079.63,-0.259310824921688,2,187.0,228652.19
Vanuatu,2022,914.592,187.0,238408.47,-0.259984994154705,2,187.0,231079.63
Vanuatu,2023,912.208,187.0,242803.64,-0.26066267800286536,2,187.0,238408.47
Venezuela (Bolivarian Republic of),1991,50358.38,21857.0,36665151.8,-0.24800142937565495,2,21860.0,36982657.61
Venezuela (Bolivarian Republic of),1992,50233.18,21607.0,37554596.73,-0.2486180055831788,2,21857.0,36665151.8
Venezuela (Bolivarian Republic of),1993,50107.98,21603.0,37602715.46,-0.24923765527087305,2,21607.0,37554596.73
Venezuela (Bolivarian Republic of),1994,49982.78,21606.0,37799877.57,-0.24986040147697564,2,21603.0,37602715.46
Venezuela (Bolivarian Republic of),1995,49857.58,21616.0,37995301.13,-0.2504862674705066,2,21606.0,37799877.57
Venezuela (Bolivarian Republic of),1996,49732.38,21626.0,39006869.04,-0.2511152767543212,2,21616.0,37995301.13
Venezuela (Bolivarian Republic of),1997,49607.18,21636.0,39853997.83,-0.25174745306779656,2,21626.0,39006869.04
Venezuela (Bolivarian Republic of),1998,49481.98,21636.0,40048412.98,-0.25238282039010684,2,21636.0,39853997.83
Venezuela (Bolivarian Republic of),1999,49356.78,21633.0,40066554.2,-0.2530214029430655,2,21636.0,40048412.98
Venezuela (Bolivarian Republic of),2000,49231.58,21635.0,41649985.51,-0.2536632251941784,2,21633.0,40066554.2
Venezuela (Bolivarian Republic of),2001,49146.627,21638.0,41926907.47,-0.17255793943643516,2,21635.0,41649985.51
Venezuela (Bolivarian Republic of),2002,49061.674,21638.0,42539378.89,-0.17285621656192296,2,21638.0,41926907.47
Venezuela (Bolivarian Republic of),2003,48976.721,21540.0,43012554.55,-0.17315552665406742,2,21638.0,42539378.89
Venezuela (Bolivarian Republic of),2004,48891.768,21590.0,42082445.21,-0.17345587508809102,2,21540.0,43012554.55
Venezuela (Bolivarian Republic of),2005,48806.815,21595.0,44094998.08,-0.17375726727655305,2,21590.0,42082445.21
Venezuela (Bolivarian Republic of),2006,48721.862,21555.0,45832513.7,-0.1740597086697826,2,21595.0,44094998.08
Venezuela (Bolivarian Republic of),2007,48636.909,21559.0,46221064.95,-0.17436320475601175,2,21555.0,45832513.7
Venezuela (Bolivarian Republic of),2008,48551.956,21600.0,47373717.79,-0.1746677610618752,2,21559.0,46221064.95
Venezuela (Bolivarian Republic of),2009,48467.003,21500.0,47150374.08,-0.17497338315267674,2,21600.0,47373717.79
Venezuela (Bolivarian Republic of),2010,48382.05,21500.0,41418593.68,-0.17528007663274447,2,21500.0,47150374.08
Venezuela (Bolivarian Republic of),2011,48281.486,21500.0,42170825.4,-0.20785394583322514,2,21500.0,41418593.68
Venezuela (Bolivarian Republic of),2012,48180.922,21500.0,49585389.5,-0.20828687832846748,2,21500.0,42170825.4
Venezuela (Bolivarian Republic of),2013,48080.358,21500.0,48911969.75,-0.20872161807115042,2,21500.0,49585389.5
Venezuela (Bolivarian Republic of),2014,47979.794,21500.0,47822748.2,-0.20915817640125844,2,21500.0,48911969.75
Venezuela (Bolivarian Republic of),2015,47879.23,21500.0,46527345.48,-0.20959656475389998,2,21500.0,47822748.2
Venezuela (Bolivarian Republic of),2016,47770.324,21500.0,45932001.7,-0.22745979833009855,2,21500.0,46527345.48
Venezuela (Bolivarian Republic of),2017,47661.418,21500.0,44135603.5,-0.2279783574421712,2,21500.0,45932001.7
Venezuela (Bolivarian Republic of),2018,47552.512,21500.0,43703840.18,-0.2284992863619717,2,21500.0,44135603.5
Venezuela (Bolivarian Republic of),2019,47443.606,21500.0,43749143.22,-0.22902260137173114,2,21500.0,43703840.18
Venezuela (Bolivarian Republic of),2020,47334.7,21500.0,44003776.45,-0.22954831890308336,2,21500.0,43749143.22
Venezuela (Bolivarian Republic of),2021,47285.408,21500.0,44012859.45,-0.10413502145358855,2,21500.0,44003776.45
Venezuela (Bolivarian Republic of),2022,47236.116,21500.0,45366324.33,-0.10424357552334396,2,21500.0,44012859.45
Venezuela (Bolivarian Republic of),2023,47186.824,21500.0,44791205.23,-0.10435235615053884,2,21500.0,45366324.33
Viet Nam,1991,9616.774,6751.0,11173581.81,2.5684196604934373,0,6726.0,11146060.0
Viet Nam,1992,9857.588,7025.0,11306882.63,2.504103767022081,0,6751.0,11173581.81
Viet Nam,1993,10098.402,7087.0,11881801.0,2.442930258395881,0,7025.0,11306882.63
Viet Nam,1994,10339.216,7140.0,12138998.31,2.384674327680769,0,7087.0,11881801.0
Viet Nam,1995,10580.03,7079.0,12573313.92,2.3291321121446718,0,7140.0,12138998.31
Viet Nam,1996,10820.844,7682.0,12929904.0,2.276118309683417,0,7079.0,12573313.92
Viet Nam,1997,11061.658,7844.0,13183883.99,2.225464113520159,0,7682.0,12929904.0
Viet Nam,1998,11302.472,8055.0,13377650.99,2.177015416676231,0,7844.0,13183883.99
Viet Nam,1999,11543.286,8413.0,13624597.99,2.1306312459787646,0,8055.0,13377650.99
Viet Nam,2000,11784.1,8780.0,13666362.69,2.08618239208489,0,8413.0,13624597.99
Viet Nam,2001,11944.496,9483.0,13144297.08,1.3611221900696524,0,8780.0,13666362.69
Viet Nam,2002,12104.892,9455.0,13476095.58,1.3428444364668168,0,9483.0,13144297.08
Viet Nam,2003,12265.288,9537.0,14424242.9,1.3250510620004041,0,9455.0,13476095.58
Viet Nam,2004,12425.684,9795.6,15813224.41,1.3077230636573622,0,9537.0,14424242.9
Viet Nam,2005,12586.08,10054.1,17740858.369999997,1.2908424196205193,0,9795.6,15813224.41
Viet Nam,2006,12746.476,10078.0,20109121.59,1.2743920267470177,0,10054.1,17740858.369999997
Viet Nam,2007,12906.872,10062.6,21792026.14,1.2583556427674614,0,10078.0,20109121.59
Viet Nam,2008,13067.268,10240.8,21397782.79,1.2427178327948152,0,10062.6,21792026.14
Viet Nam,2009,13227.664,10292.0,21818208.69,1.2274639197726867,0,10240.8,21397782.79
Viet Nam,2010,13388.06,10760.1,21622316.87,1.2125799385288127,0,10292.0,21818208.69
Viet Nam,2011,13522.82,10768.6,20954302.32,1.0065685394299084,0,10760.1,21622316.87
Viet Nam,2012,13657.58,10793.3,20590697.24,0.9965377044137247,0,10768.6,20954302.32
Viet Nam,2013,13792.34,10852.8,20378359.75,0.9867048188624938,0,10793.3,20590697.24
Viet Nam,2014,13927.1,10873.7,20160284.99,0.9770640804968478,0,10852.8,20378359.75
Viet Nam,2015,14061.86,12147.8,20814936.59,0.967609911611178,0,10873.7,20160284.99
Viet Nam,2016,14184.932,12172.2,21304474.28,0.8752184988330081,0,12147.8,20814936.59
Viet Nam,2017,14308.004,12168.8,21922962.83,0.8676248853360713,0,12172.2,21304474.28
Viet Nam,2018,14431.076,12140.5,22473188.99,0.8601619065803812,0,12168.8,21922962.83
Viet Nam,2019,14554.148,12388.0,23345243.0,0.852826220304026,0,12140.5,22473188.99
Viet Nam,2020,14677.22,12360.0,24022302.0,0.845614597295552,0,12388.0,23345243.0
Viet Nam,2021,14699.792,12360.0,24327520.0,0.15378934157830315,0,12360.0,24022302.0
Viet Nam,2022,14722.364,12315.0,24405517.0,0.15355319313361537,0,12360.0,24327520.0
Viet Nam,2023,14744.936,12291.036,24156029.0,0.1533177688039844,0,12315.0,24405517.0
Western Africa,1991,98458.17,240080.2988,98057897.15,-0.9082272961543403,2,238648.9443,95512021.79
Western Africa,1992,97555.75,242537.9135,98596550.08,-0.9165516685918473,2,240080.2988,98057897.15
Western Africa,1993,96653.33,245034.1862,102780692.03,-0.925030046921882,2,242537.9135,98596550.08
Western Africa,1994,95750.91,248106.6055,106180492.39,-0.9336667448498703,2,245034.1862,102780692.03
Western Africa,1995,94848.49,252562.5159,107255485.82,-0.9424662387020666,2,248106.6055,106180492.39
Western Africa,1996,93946.07,254619.311,111785849.34,-0.9514331751617755,2,252562.5159,107255485.82
Western Africa,1997,93043.65,255936.7127,113776080.22,-0.9605723794513299,2,254619.311,111785849.34
Western Africa,1998,92141.23,256362.5855,115925116.79,-0.9698888639901759,2,255936.7127,113776080.22
Western Africa,1999,91238.81,258638.467,118045360.09,-0.9793878375619625,2,256362.5855,115925116.79
Western Africa,2000,90336.39,259728.4214,117455463.71,-0.9890747150253287,2,258638.467,118045360.09
Western Africa,2001,89589.223,261276.1888,120740383.56,-0.8270941533085385,2,259728.4214,117455463.71
Western Africa,2002,88842.056,262574.8681,124964183.26,-0.8339920528164457,2,261276.1888,120740383.56
Western Africa,2003,88094.889,264249.2481,132046279.38,-0.8410059758184762,2,262574.8681,124964183.26
Western Africa,2004,87347.722,263875.025,136143075.42000002,-0.8481388744357221,2,264249.2481,132046279.38
Western Africa,2005,86600.555,270173.1777,139229087.37,-0.8553938017982876,2,263875.025,136143075.42000002
Western Africa,2006,85853.388,270413.9012,141767457.73000002,-0.8627739164027148,2,270173.1777,139229087.37
Western Africa,2007,85106.221,272387.8141,146683572.1,-0.8702824866969716,2,270413.9012,141767457.73000002
Western Africa,2008,84359.054,273638.9955,150123826.38,-0.8779228959067575,2,272387.8141,146683572.1
Western Africa,2009,83611.887,274878.9897,155327305.66,-0.885698647118538,2,273638.9955,150123826.38
Western Africa,2010,82864.72,276121.2982,156740933.07999998,-0.8936133686350156,2,274878.9897,155327305.66
Western Africa,2011,82050.692,277096.0032,167175989.57999998,-0.9823577512842685,2,276121.2982,156740933.07999998
Western Africa,2012,81236.664,279545.2943,172394156.78,-0.9921037594661453,2,277096.0032,167175989.57999998
Western Africa,2013,80422.636,281807.9289,176327316.19,-1.0020450864402841,2,279545.2943,172394156.78
Western Africa,2014,79608.608,283155.1634,180940494.85,-1.0121876631847826,2,281807.9289,176327316.19
Western Africa,2015,78794.58,285805.4526,185787677.3,-1.022537663263745,2,283155.1634,180940494.85
Western Africa,2016,78165.72,286495.948,189734859.41,-0.7981005800145158,2,285805.4526,185787677.3
Western Africa,2017,77536.86,288085.8984,194726510.6,-0.8045214705372117,2,286495.948,189734859.41
Western Africa,2018,76908.0,290797.4331,199454132.13,-0.8110465138774003,2,288085.8984,194726510.6
Western Africa,2019,76279.14,291832.2384,204255789.22,-0.817678264939925,2,290797.4331,199454132.13
Western Africa,2020,75650.28,293239.14,202600151.45,-0.8244193628821672,2,291832.2384,204255789.22
Western Africa,2021,75068.262,295038.0805,212902328.8,-0.7693533982954137,2,293239.14,202600151.45
Western Africa,2022,74486.244,296030.1067,218430249.87,-0.7753183362630645,2,295038.0805,212902328.8
Western Africa,2023,73904.226,297179.2497,217248391.35,-0.7813764914767485,2,296030.1067,218430249.87
Western Asia,1991,25230.718,214964.7,65156324.29,0.16792637251563658,0,213979.6,70747831.53
Western Asia,1992,29592.624,223728.5,79910257.35,17.288077176400595,0,214964.7,65156324.29
Western Asia,1993,29639.791,231276.0,80324567.33,0.15938769066237146,0,223728.5,79910257.35
Western Asia,1994,29686.958,238081.4379,81428936.71000001,0.15913405057410568,0,231276.0,80324567.33
Western Asia,1995,29734.125,244232.8494,79927520.36,0.15888121645875053,0,238081.4379,81428936.71000001
Western Asia,1996,29781.292,251152.8055,80767467.59,0.15862918448079633,0,244232.8494,79927520.36
Western Asia,1997,29828.459,257692.7666,84471980.15,0.15837795082898065,0,251152.8055,80767467.59
Western Asia,1998,29875.626,266376.8392,82862549.53999999,0.15812751171624395,0,257692.7666,84471980.15
Western Asia,1999,29922.793,273646.0499,83532428.86,0.15787786337932985,0,266376.8392,82862549.53999999
Western Asia,2000,29969.96,274001.1715,85019019.03999999,0.15762900207878516,0,273646.0499,83532428.86
Western Asia,2001,30078.803,274385.9657,87854217.03999999,0.36317365788942624,0,274001.1715,85019019.03999999
Western Asia,2002,30187.646,275094.9482,87401713.72,0.36185947958102815,0,274385.9657,87854217.03999999
Western Asia,2003,30296.489,274574.8604,88869952.66,0.3605547779379714,0,275094.9482,87401713.72
Western Asia,2004,30405.332,274893.5696,88842742.16,0.3592594508228242,0,274574.8604,88869952.66
Western Asia,2005,30514.175,275071.1861,90907785.13,0.3579733975606736,0,274893.5696,88842742.16
Western Asia,2006,30623.018,274836.4188,93274488.37,0.35669651891292453,0,275071.1861,90907785.13
Western Asia,2007,30731.861,273955.8057,95543029.75,0.35542871705198653,0,274836.4188,93274488.37
Western Asia,2008,30840.704,272482.7416,98500349.17,0.3541698955360939,0,273955.8057,95543029.75
Western Asia,2009,30949.547,271718.8335,102698530.07,0.35291995928496966,0,272482.7416,98500349.17
Western Asia,2010,31058.39,272120.1919,105145767.8,0.3516788145558447,0,271718.8335,102698530.07
Western Asia,2011,31174.08,271512.7266,110543212.76,0.37249194179094225,0,272120.1919,105145767.8
Western Asia,2012,31289.77,271784.1413,117373192.46,0.3711095884786353,0,271512.7266,110543212.76
Western Asia,2013,31405.46,272171.806,123591625.69,0.36973745732231666,0,271784.1413,117373192.46
Western Asia,2014,31521.15,272574.3408,126108044.02,0.3683754353542401,0,272171.806,123591625.69
Western Asia,2015,31636.84,272512.3854,123301308.03,0.3670234112651327,0,272574.3408,126108044.02
Western Asia,2016,31760.61,272286.5062,123645454.98,0.3912211206934746,0,272512.3854,123301308.03
Western Asia,2017,31884.38,272062.0558,126919573.43,0.38969654550085053,0,272286.5062,123645454.98
Western Asia,2018,32008.15,271955.5245,136569670.86,0.3881838066162713,0,272062.0558,126919573.43
Western Asia,2019,32131.92,271954.5317,141103044.57999998,0.38668276673283764,0,271955.5245,136569670.86
Western Asia,2020,32255.69,271913.8197,144450234.72,0.3851932906592692,0,271954.5317,141103044.57999998
Western Asia,2021,32380.952,272114.1215,147385445.05,0.3883407857652399,0,271913.8197,144450234.72
Western Asia,2022,32506.214,272326.5238,145007254.86,0.38683853396279666,0,272114.1215,147385445.05
Western Asia,2023,32631.476,272415.2608,144528182.69,0.3853478599507021,0,272326.5238,145007254.86
Western Europe,1991,31880.53,55658.214,283956098.07,0.31980339155854853,0,56721.7303,286691902.08
Western Europe,1992,31982.16,55386.2788,269370738.75,0.3187839098032663,0,55658.214,283956098.07
Western Europe,1993,32083.79,55500.6576,257430498.27,0.31777090728082324,0,55386.2788,269370738.75
Western Europe,1994,32185.42,55543.1503,252332599.34,0.316764322419516,0,55500.6576,257430498.27
Western Europe,1995,32287.05,55523.057,252652997.35,0.3157640944253748,0,55543.1503,252332599.34
Western Europe,1996,32388.68,55443.5105,254135640.47,0.31477016326979523,0,55523.057,252652997.35
Western Europe,1997,32490.31,55386.7201,251737522.64,0.3137824696776814,0,55443.5105,254135640.47
Western Europe,1998,32591.94,55325.8444,245361081.83,0.312800955115522,0,55386.7201,251737522.64
Western Europe,1999,32693.57,55105.7881,243261251.4,0.3118255617799992,0,55325.8444,245361081.83
Western Europe,2000,32795.2,54865.6165,241835349.39,0.3108562325863984,0,55105.7881,243261251.4
Western Europe,2001,32923.876,54670.5446,240856850.52,0.39236229692150015,0,54865.6165,241835349.39
Western Europe,2002,33052.552,54503.5956,238948169.12,0.3908288319394826,0,54670.5446,240856850.52
Western Europe,2003,33181.228,54418.0389,233485477.74,0.38930730673989444,0,54503.5956,238948169.12
Western Europe,2004,33309.904,54367.5659,230336285.9,0.3877975824161828,0,54418.0389,233485477.74
Western Europe,2005,33438.58,54284.7431,227514828.41000003,0.38629952220816666,0,54367.5659,230336285.9
Western Europe,2006,33567.256,54084.2687,224954912.57,0.384812991460759,0,54284.7431,227514828.41000003
Western Europe,2007,33695.932,53948.9886,225424577.16,0.38333785758359884,0,54084.2687,224954912.57
Western Europe,2008,33824.608,53813.1173,228890014.83,0.38187399001161637,0,53948.9886,225424577.16
Western Europe,2009,33953.284,53656.1583,228863701.55,0.3804212601665524,0,53813.1173,228890014.83
Western Europe,2010,34081.96,53304.6806,229677208.14,0.378979541419322,0,53656.1583,228863701.55
Western Europe,2011,34174.01,53216.9926,229431198.12,0.27008423224486044,0,53304.6806,229677208.14
Western Europe,2012,34266.06,53082.4275,226889936.18,0.26935674215580185,0,53216.9926,229431198.12
Western Europe,2013,34358.11,53031.9833,227061304.12,0.2686331606259973,0,53082.4275,226889936.18
Western Europe,2014,34450.16,53033.6078,231543597.85,0.2679134562407537,0,53031.9833,227061304.12
Western Europe,2015,34542.21,53004.8455,233894491.66000003,0.26719759792115383,0,53033.6078,231543597.85
Western Europe,2016,34650.754,52863.5883,236109390.4,0.3142358291493341,0,53004.8455,233894491.66000003
Western Europe,2017,34759.298,52833.0909,233422688.53,0.31325148076142284,0,52863.5883,236109390.4
Western Europe,2018,34867.842,52780.2417,230977899.12,0.3122732800875161,0,52833.0909,233422688.53
Western Europe,2019,34976.386,52651.1273,228314168.62,0.31130116971391786,0,52780.2417,230977899.12
Western Europe,2020,35084.93,52435.1136,225655220.6,0.3103350929395621,0,52651.1273,228314168.62
Western Europe,2021,35184.316,52433.6623,222275040.09,0.28327261875682463,0,52435.1136,225655220.6
Western Europe,2022,35283.702,52378.0014,219661844.18,0.2824724516457877,0,52433.6623,222275040.09
Western Europe,2023,35383.088,52268.199,218784131.04,0.28167679230486353,0,52378.0014,219661844.18
World,1991,4332832.888,4781469.6599,4496489071.52,-0.24622226300012873,2,4777977.816,4535266832.17
World,1992,4322138.156,4820557.1589,4498526403.03,-0.24683001344499855,2,4781469.6599,4496489071.52
World,1993,4311443.424,4804597.5367,4498287794.110001,-0.24744077153466826,2,4820557.1589,4498526403.03
World,1994,4300748.692,4826861.7525,4539995290.42,-0.24805455965087875,2,4804597.5367,4498287794.110001
World,1995,4290053.96,4826370.4837,4570728330.3,-0.24867140039811497,2,4826861.7525,4539995290.42
World,1996,4279359.228,4834237.4844,4590951958.1,-0.24929131660618165,2,4826370.4837,4570728330.3
World,1997,4268664.496,4853605.046,4578655091.07,-0.24991433133315644,2,4834237.4844,4590951958.1
World,1998,4257969.764,4867036.2785,4595816271.9,-0.2505404678681433,2,4853605.046,4578655091.07
World,1999,4247275.032,4868829.326,4623132205.91,-0.2511697497342924,2,4867036.2785,4595816271.9
World,2000,4236580.3,4873348.154,4642228090.68,-0.25180220069157544,2,4868829.326,4623132205.91
World,2001,4233021.685,4874032.2678,4639825263.48,-0.08399734568940165,1,4873348.154,4642228090.68
World,2002,4229463.07,4865637.7619,4703038426.3,-0.08406796054482024,1,4874032.2678,4639825263.48
World,2003,4225904.455,4846777.8578,4767687351.01,-0.0841386942291078,1,4865637.7619,4703038426.3
World,2004,4222345.84,4805045.0843,4829387670.25,-0.08420954704240202,1,4846777.8578,4767687351.01
World,2005,4218787.225,4812571.5691,4889018037.85,-0.08428051928593971,1,4805045.0843,4829387670.25
World,2006,4215228.61,4812215.6002,4965581843.51,-0.08435161126191248,1,4812571.5691,4889018037.85
World,2007,4211669.995,4804269.3138,5027925996.41,-0.08442282327364437,1,4812215.6002,4965581843.51
World,2008,4208111.38,4792762.8378,5072581822.97,-0.08449415562532536,1,4804269.3138,5027925996.41
World,2009,4204552.765,4791081.3922,5076347903.17,-0.08456560862227791,1,4792762.8378,5072581822.97
World,2010,4200994.15,4793919.9868,5089327458.57,-0.08463718257081254,1,4791081.3922,5076347903.17
World,2011,4197086.74,4817180.6742,5111733638.24,-0.09301155537195793,1,4793919.9868,5089327458.57
World,2012,4193173.51,4817352.3827,5164324446.42,-0.09323681501994807,1,4817180.6742,5111733638.24
World,2013,4189260.28,4808527.4137,5199592138.3,-0.0933238271840553,1,4817352.3827,5164324446.42
World,2014,4185347.05,4809697.5197,5242368511.42,-0.09341100190604079,1,4808527.4137,5199592138.3
World,2015,4181433.82,4790039.2625,5266302323.77,-0.09349833964187315,1,4809697.5197,5242368511.42
World,2016,4178195.034,4785695.4664,5322400774.95,-0.0774563496499403,1,4790039.2625,5266302323.77
World,2017,4174956.248,4815944.3312,5369669236.67,-0.07751639101679642,1,4785695.4664,5322400774.95
World,2018,4171717.462,4804410.3187,5423342267.05,-0.07757652553967986,1,4815944.3312,5369669236.67
World,2019,4168478.676,4807253.1778,5487954828.68,-0.07763675343552823,1,4804410.3187,5423342267.05
World,2020,4165239.89,4804946.2147,5562274362.74,-0.07769707492201183,1,4807253.1778,5487954828.68
World,2021,4160234.958,4813413.9874,5621152742.3,-0.12015951378973044,2,4804946.2147,5562274362.74
World,2022,4155230.026,4809931.6448,5686251379.35,-0.120304070576005,2,4813413.9874,5621152742.3
World,2023,4150225.094,4799308.5916,5766521196.13,-0.12044897559662093,2,4809931.6448,5686251379.35
Yemen,1991,549.0,23631.0,4301227.390000001,0.0,1,23626.0,4481517.02
Yemen,1992,549.0,23481.0,4387234.95,0.0,1,23631.0,4301227.390000001
Yemen,1993,549.0,23725.0,4493586.73,0.0,1,23481.0,4387234.95
Yemen,1994,549.0,23730.0,4510094.3,0.0,1,23725.0,4493586.73
Yemen,1995,549.0,23736.0,4600520.6,0.0,1,23730.0,4510094.3
Yemen,1996,549.0,23755.0,4666161.35,0.0,1,23736.0,4600520.6
Yemen,1997,549.0,23720.0,4688222.8,0.0,1,23755.0,4666161.35
Yemen,1998,549.0,23680.0,4920925.0,0.0,1,23720.0,4688222.8
Yemen,1999,549.0,23668.0,5063165.66,0.0,1,23680.0,4920925.0
Yemen,2000,549.0,23669.0,5389381.83,0.0,1,23668.0,5063165.66
Yemen,2001,549.0,23595.0,5737687.24,0.0,1,23669.0,5389381.83
Yemen,2002,549.0,23656.0,5912170.77,0.0,1,23595.0,5737687.24
Yemen,2003,549.0,23495.0,6545031.02,0.0,1,23656.0,5912170.77
Yemen,2004,549.0,23557.0,6649666.9,0.0,1,23495.0,6545031.02
Yemen,2005,549.0,23523.0,6765745.9,0.0,1,23557.0,6649666.9
Yemen,2006,549.0,23627.0,6929168.23,0.0,1,23523.0,6765745.9
Yemen,2007,549.0,23627.0,7368126.189999999,0.0,1,23627.0,6929168.23
Yemen,2008,549.0,23517.0,7880688.6,0.0,1,23627.0,7368126.189999999
Yemen,2009,549.0,23452.0,8298744.56,0.0,1,23517.0,7880688.6
Yemen,2010,549.0,23579.0,8689155.36,0.0,1,23452.0,8298744.56
Yemen,2011,549.0,23452.0,8903693.8,0.0,1,23579.0,8689155.36
Yemen,2012,549.0,23501.0,9047576.05,0.0,1,23452.0,8903693.8
Yemen,2013,549.0,23499.0,9160474.08,0.0,1,23501.0,9047576.05
Yemen,2014,549.0,23451.6,9440176.39,0.0,1,23499.0,9160474.08
Yemen,2015,549.0,23432.6,9039778.66,0.0,1,23451.6,9440176.39
Yemen,2016,549.0,23385.8,8466656.51,0.0,1,23432.6,9039778.66
Yemen,2017,549.0,23452.0,8272788.77,0.0,1,23385.8,8466656.51
Yemen,2018,549.0,23452.0,7817191.36,0.0,1,23452.0,8272788.77
Yemen,2019,549.0,23452.0,9436831.87,0.0,1,23452.0,7817191.36
Yemen,2020,549.0,23452.0,9266991.62,0.0,1,23452.0,9436831.87
Yemen,2021,549.0,23452.0,10108069.38,0.0,1,23452.0,9266991.62
Yemen,2022,549.0,23452.0,9662210.25,0.0,1,23452.0,10108069.38
Yemen,2023,549.0,23452.0,9716538.24,0.0,1,23452.0,9662210.25
Yugoslav SFR,1991,9118.74,13971.0,25294930.0,0.21694691724365445,0,14084.0,26687126.0
Zambia,1991,47376.2,20826.0,8126434.45,-0.07550831013246606,1,20811.0,7546165.6
Zambia,1992,47340.4,21065.0,8177612.43,-0.07556536826507365,1,20826.0,8126434.45
Zambia,1993,47304.6,21202.0,7696444.29,-0.07562251269529474,1,21065.0,8177612.43
Zambia,1994,47268.8,21473.0,7110970.28,-0.07567974361900598,1,21202.0,7696444.29
Zambia,1995,47233.0,21653.0,6662298.34,-0.07573706123278345,1,21473.0,7110970.28
Zambia,1996,47197.2,21834.0,6117133.7,-0.07579446573371396,1,21653.0,6662298.34
Zambia,1997,47161.4,22007.0,7218845.24,-0.0758519573194949,1,21834.0,6117133.7
Zambia,1998,47125.6,22174.0,7431754.65,-0.07590953618850094,1,22007.0,7218845.24
Zambia,1999,47089.8,22354.0,7867125.27,-0.07596720253958411,1,22174.0,7431754.65
Zambia,2000,47054.0,22526.0,7229032.73,-0.07602495657234032,1,22354.0,7867125.27
Zambia,2001,47018.2,22555.0,7453162.0,-0.07608279848685395,1,22526.0,7229032.73
Zambia,2002,46982.4,22616.0,7262557.56,-0.07614072848385334,1,22555.0,7453162.0
Zambia,2003,46946.6,22909.0,6978457.37,-0.07619874676475513,1,22616.0,7262557.56
Zambia,2004,46910.8,22897.0,6803315.07,-0.0762568535314534,1,22909.0,6978457.37
Zambia,2005,46875.0,22762.0,7361127.01,-0.07631504898659713,1,22897.0,6803315.07
Zambia,2006,46839.2,23048.0,7761533.67,-0.07637333333333496,1,22762.0,7361127.01
Zambia,2007,46803.4,22984.0,7121790.28,-0.07643170677551492,1,23048.0,7761533.67
Zambia,2008,46767.6,23087.0,7375907.01,-0.07649016951760679,1,22984.0,7121790.28
Zambia,2009,46731.8,23586.0,9970653.77,-0.07654872176463545,1,23087.0,7375907.01
Zambia,2010,46696.0,23436.0,10949183.36,-0.07660736372235855,1,23586.0,9970653.77
Zambia,2011,46507.82,23636.0,9838573.38,-0.40298954942608045,2,23436.0,10949183.36
Zambia,2012,46319.64,23836.0,12785688.45,-0.40462012624973287,2,23636.0,9838573.38
Zambia,2013,46131.46,23737.0,13967083.41,-0.40626395196508014,2,23836.0,12785688.45
Zambia,2014,45943.28,23738.0,14363635.81,-0.4079211887072276,2,23737.0,13967083.41
Zambia,2015,45755.1,23739.0,12764165.0,-0.4095920012676557,2,23738.0,14363635.81
Zambia,2016,45676.094,23739.0,12403970.2,-0.17267146176055403,2,23739.0,12764165.0
Zambia,2017,45597.088,23839.0,13597269.4,-0.17297013181555299,2,23739.0,12403970.2
Zambia,2018,45518.082,23839.0,12941262.95,-0.17326983688081832,2,23839.0,13597269.4
Zambia,2019,45439.076,23839.0,13512913.58,-0.17357058234571676,2,23839.0,12941262.95
Zambia,2020,45360.07,23839.0,13034201.04,-0.1738723736371739,2,23839.0,13512913.58
Zambia,2021,45262.914,23839.0,13866636.04,-0.2141883819844259,2,23839.0,13034201.04
Zambia,2022,45165.758,23839.0,15016110.82,-0.2146481333481831,2,23839.0,13866636.04
Zambia,2023,45068.602,23839.0,15520493.84,-0.2151098626530401,2,23839.0,15016110.82
Zimbabwe,1991,16609.661,13231.2051,23451057.14,-0.6324654300410848,2,13044.6111,16179094.28
Zimbabwe,1992,16503.942,13102.8041,26382451.44,-0.6364910156805736,2,13231.2051,23451057.14
Zimbabwe,1993,16398.223,13334.0093,18479102.59,-0.6405681745609515,2,13102.8041,26382451.44
Zimbabwe,1994,16292.504,13736.2838,19009096.15,-0.6446979041570544,2,13334.0093,18479102.59
Zimbabwe,1995,16186.785,13842.5446,19747595.79,-0.6488812278333755,2,13736.2838,19009096.15
Zimbabwe,1996,16081.066,14112.3606,23858232.1,-0.6531191956895666,2,13842.5446,19747595.79
Zimbabwe,1997,15975.347,14127.5101,23705608.130000003,-0.6574128854393124,2,14112.3606,23858232.1
Zimbabwe,1998,15869.628,14308.0183,25280582.52,-0.6617634033238784,2,14127.5101,23705608.130000003
Zimbabwe,1999,15763.909,14699.3668,26641723.51,-0.6661718850624609,2,14308.0183,25280582.52
Zimbabwe,2000,15658.19,15117.3584,27161383.07,-0.6706394968405305,2,14699.3668,26641723.51
Zimbabwe,2001,15552.471,15196.1166,27037872.35,-0.6751674363384308,2,15117.3584,27161383.07
Zimbabwe,2002,15446.752,15427.1169,24328399.31,-0.6797569338017007,2,15196.1166,27037872.35
Zimbabwe,2003,15341.033,15609.9177,23272420.66,-0.6844092531556156,2,15427.1169,24328399.31
Zimbabwe,2004,15235.314,15957.417,22555016.29,-0.6891256931655043,2,15609.9177,23272420.66
Zimbabwe,2005,15129.595,16055.5164,22845854.86,-0.6939075886457036,2,15957.417,22555016.29
Zimbabwe,2006,15023.876,16251.5152,21627859.47,-0.6987563117188511,2,16055.5164,22845854.86
Zimbabwe,2007,14918.157,16148.7144,21946077.87,-0.7036732731287243,2,16251.5152,21627859.47
Zimbabwe,2008,14812.438,16389.4117,21877776.5,-0.7086599236085234,2,16148.7144,21946077.87
Zimbabwe,2009,14706.719,16238.3113,23270776.34,-0.7137177553080742,2,16389.4117,21877776.5
Zimbabwe,2010,14601.0,16136.8109,25296658.42,-0.7188483032823267,2,16238.3113,23270776.34
Zimbabwe,2011,14541.334,16337.211,26572639.42,-0.40864324361344906,2,16136.8109,25296658.42
Zimbabwe,2012,14481.668,16190.1722,26709305.58,-0.4103199885237552,2,16337.211,26572639.42
Zimbabwe,2013,14422.002,16187.4492,26822043.0,-0.4120105501658977,2,16190.1722,26709305.58
Zimbabwe,2014,14362.336,16185.3264,21797242.0,-0.4137151000256467,2,16187.4492,26822043.0
Zimbabwe,2015,14302.67,16182.9035,23560787.56,-0.4154338124383039,2,16185.3264,21797242.0
Zimbabwe,2016,14248.338,16180.9808,24482936.23,-0.3798731285836854,2,16182.9035,23560787.56
Zimbabwe,2017,14194.006,16178.758,23230252.2,-0.38132166713058524,2,16180.9808,24482936.23
Zimbabwe,2018,14139.674,16176.8353,23210120.92,-0.3827812951466836,2,16178.758,23230252.2
Zimbabwe,2019,14085.342,16177.9134,21648610.31,-0.38425214046661216,2,16176.8353,23210120.92
Zimbabwe,2020,14031.01,16176.8909,21752546.73,-0.38573433289728065,2,16177.9134,21648610.31
Zimbabwe,2021,13978.01,16173.8679,23577251.41,-0.3777347461087932,2,16176.8909,21752546.73
Zimbabwe,2022,13925.01,16169.4444,24118564.9,-0.3791669915817808,2,16173.8679,23577251.41
Zimbabwe,2023,13872.01,16167.1216,24930940.74,-0.3806101395977479,2,16169.4444,24118564.9
