Country_Name,Year,Forest_Change_%,Forest_Area_Lag1,Arable_Land_Lag1,Pop_Density_Lag1,Rural_Elec_Access_Lag1,Rural_Clean_Fuel_Lag1,Renewable_Energy_Lag1,Urban_Pop_Growth_Lag1,Population_Total_Lag1,Export_quantity_Lag1,Import_quantity_Lag1,Production_Lag1
Afghanistan,2001,0.0,1.85278199408184,11.7795869555218,30.8638471091486,,0.9,45.0,2.12085038492534,20130327.0,2071.0,203.0,3038715.0
Afghanistan,2002,0.0,1.85278199408184,11.7795869555218,31.099929472732,,1.2,45.6,1.74346718707473,20284307.0,2071.0,203.0,3074150.0
Afghanistan,2003,0.0,1.85278199408184,11.7719209481318,32.77696058139,,1.5,37.8,6.31359641742295,21378117.0,10033.0,203.0,3110626.0
Afghanistan,2004,0.0,1.85278199408184,11.9160418870644,34.8543443263879,2.1,1.75,36.7,7.2936567313355,22733049.0,34107.0,203.0,3148176.0
Afghanistan,2005,0.0,1.85278199408184,11.9835027520967,36.1232295355933,7.8,2.1,44.2,4.81718391804813,23560654.0,100020.0,5725.0,3186832.0
Afghanistan,2006,0.0,1.85278199408184,11.9666375358386,37.4171181945019,15.4,2.6,33.9,5.08707018829666,24404567.0,100020.0,5725.0,3226629.0
Afghanistan,2007,0.0,1.85278199408184,11.9497723195805,38.9802584977692,19.3,3.1,31.9,6.12480680891873,25424094.0,10331.0,2401.0,3258194.0
Afghanistan,2008,0.0,1.85278199408184,11.9497723195805,39.7250233813225,25.0,3.7,28.8,4.25238138079512,25909852.0,8845.0,902.0,3290522.0
Afghanistan,2009,0.0,1.85278199408184,11.9497723195805,40.6031951918802,28.0,4.4,21.2,4.74447801790221,26482622.0,2602.0,112.0,3323634.0
Afghanistan,2010,0.0,1.85278199408184,11.9482391181025,42.1110666482682,36.7,5.1,16.5,6.2831311002891,27466101.0,667.0,128.0,3357549.0
Afghanistan,2011,0.0,1.85278199408184,11.9482391181025,43.3652070588596,30.2,5.9,15.2,5.5420431342597,28284089.0,311.0,39.0,3401290.0
Afghanistan,2012,0.0,1.85278199408184,11.9451727151465,44.9959492816951,29.6,6.9,12.6,6.17194562448142,29347708.0,11511.0,100.0,3415317.0
Afghanistan,2013,0.0,1.85278199408184,11.9436395136685,46.8546892967205,60.8,7.8,15.4,6.31323146961438,30560034.0,11511.0,559.0,3453939.0
Afghanistan,2014,0.0,1.85278199408184,11.9359735062785,48.4839765113534,60.2,8.8,16.9,5.3875947897599,31622704.0,11276.0,118.0,3485812.0
Afghanistan,2015,0.0,1.85278199408184,11.9145086855864,50.2775447311531,86.5,9.9,19.1,5.22969224047253,32792523.0,2015.0,13.0,3518409.0
Afghanistan,2016,0.0,1.85278199408184,11.9053094767183,51.8709105683578,64.6,11.1,17.7,4.24580956643691,33831764.0,2610.0,20.0,3551747.0
Afghanistan,2017,0.0,1.85278199408184,11.8501142235101,53.2030296061205,97.1,12.3,20.2,3.32526007388198,34700612.0,7204.0,464.0,3583797.0
Afghanistan,2018,0.0,1.85278199408184,11.8041181791699,54.7183278904681,97.1,13.4,19.5,3.5213421801472,35688935.0,559.0,146.0,3616559.0
Afghanistan,2019,0.0,1.85278199408184,11.9497723195805,56.3344817012404,91.6,14.5,18.3,3.5685183296085,36743039.0,87.0,1548.0,3650051.0
Afghanistan,2020,0.0,1.85278199408184,11.9405731107125,58.0410606687825,97.1,15.7,18.9,3.56098277767391,37856121.0,373.0,1658.0,3684292.0
Afghanistan,2021,0.0,1.85278199408184,12.0034343713107,59.9006163469942,97.1,16.8,18.2,3.62373772331126,39068979.0,264.0,1253.0,3719300.0
Afghanistan,2022,0.0,1.85278199408184,12.0034343713107,61.3286907992579,97.1,18.0,20.0,2.69456903003537,40000412.0,853.0,242.0,3755045.0
Albania,2001,0.04660583941609886,28.0766423357664,21.0948905109489,112.738211678832,100.0,17.1,41.4,1.09893665605738,3089027.0,379.0,0.0,447000.0
Albania,2002,0.046605839415999384,28.1232481751825,21.0948905109489,111.685145985401,100.0,19.2,39.0,0.82632164926655,3060173.0,25700.0,10000.0,264600.0
Albania,2003,0.04660583941610241,28.1698540145985,21.0948905109489,111.350729927007,100.0,21.1,35.8,1.56561907044502,3051010.0,96600.0,400.0,304800.0
Albania,2004,0.04660583941609886,28.2164598540146,21.0948905109489,110.934890510949,100.0,24.1,33.7,1.63889251927365,3039616.0,56767.0,590.0,296200.0
Albania,2005,0.046605839415999384,28.2630656934307,21.0948905109489,110.472226277372,100.0,26.5,35.8,1.7145393700869,3026939.0,56767.0,590.0,296200.0
Albania,2006,0.04660583941609886,28.3096715328467,19.6350364963504,109.908284671533,100.0,29.2,36.8,1.72029839491102,3011487.0,56767.0,590.0,296200.0
Albania,2007,0.04660583941600294,28.3562773722628,21.3138686131387,109.21704379562,100.0,32.3,31.6,1.68233023825186,2992547.0,56767.0,590.0,296200.0
Albania,2008,0.04660583941609886,28.4028832116788,21.0948905109489,108.394781021898,100.0,35.4,32.0,1.62111224543769,2970017.0,56767.0,590.0,430000.0
Albania,2009,0.046605839415999384,28.4494890510949,22.2627737226277,107.566204379562,100.0,38.6,35.8,1.65682804141033,2947314.0,56767.0,590.0,430000.0
Albania,2010,0.04660583941609886,28.4960948905109,22.2262773722628,106.843759124088,100.0,41.65,37.1,1.78260194375695,2927519.0,56767.0,590.0,430000.0
Albania,2011,0.05195255474450278,28.542700729927,22.8467153284672,106.314635036496,100.0,44.2,37.0,1.97859268141243,2913021.0,56767.0,1860.0,430000.0
Albania,2012,0.0519525547445987,28.5946532846715,22.7007299270073,106.02901459854,100.0,47.2,35.8,2.41275942237856,2905195.0,15918.0,7006.0,1180000.0
Albania,2013,0.051952554744499224,28.6466058394161,22.5948905109489,104.405401459854,99.9,50.1,39.9,-0.475477035550876,2860708.0,78900.0,6380.0,1180000.0
Albania,2014,0.051952554744499224,28.6985583941606,22.521897810219,102.806642335766,99.8,52.5,41.1,-0.740231219590145,2816902.0,78900.0,105000.0,1180010.0
Albania,2015,0.05195255474450278,28.7505109489051,22.4671532846715,101.232372262774,99.9,55.1,38.6,-0.745949138851179,2773767.0,78900.0,120000.0,1180010.0
Albania,2016,-0.0002737226276998683,28.8024635036496,22.4489051094891,99.6822262773723,100.0,57.3,38.5,-0.768944889658625,2731293.0,78900.0,120000.0,1180010.0
Albania,2017,-0.010127737226302003,28.8021897810219,22.6386861313869,98.155802919708,99.7,59.7,39.4,-0.79189609231711,2689469.0,78900.0,120000.0,1180010.0
Albania,2018,-9.124087589995611e-05,28.7920620437956,22.3357664233577,96.6527372262774,99.7,61.7,36.9,-0.814539434305938,2648285.0,26674.0,30472.0,1230010.0
Albania,2019,0.0,28.7919708029197,22.311897810219,95.1727372262774,100.0,63.4,37.8,-0.836872014010015,2607733.0,15356.0,23801.0,905349.0
Albania,2020,0.0,28.7919708029197,22.2627737226277,93.7153649635036,100.0,65.7,40.1,-0.859232828535257,2567801.0,14029.0,18464.0,917845.0
Albania,2021,0.0,28.7919708029197,21.8832116788321,92.2802919708029,100.0,67.4,44.4,-0.881282752690579,2528480.0,11804.0,39047.0,874458.0
Albania,2022,0.0,28.7919708029197,21.8941605839416,90.8672262773723,100.0,69.1,41.9,-0.903155690630907,2489762.0,14261.0,23377.0,1021914.0
Algeria,2001,0.01423329162712994,0.662960692602887,3.21697582439729,12.9753428165963,97.4,92.6,0.4,2.690555724532,30903893.0,0.0,38800.0,7236136.0
Algeria,2002,0.014233291627129052,0.677193984230017,3.18380679671165,13.1547612249868,97.4,93.4,0.4,2.64432292195359,31331221.0,0.0,29500.0,7396295.0
Algeria,2003,0.01423329162712994,0.691427275857146,3.16869179675363,13.3309408247752,97.4,94.1,0.5,2.58213808067625,31750835.0,0.0,30423.0,7512790.0
Algeria,2004,0.014233291627130051,0.705660567484276,3.15051181069302,13.5093746588628,97.4,94.8,0.5,2.56263039448902,32175818.0,75.0,16844.0,7523973.0
Algeria,2005,0.01423329162712994,0.719893859111406,3.14601929681661,13.6993483755574,97.4,95.4,0.4,2.6112559050635,32628286.0,517.0,78525.0,7666503.0
Algeria,2006,0.014233291627129052,0.734127150738536,3.15357679679562,13.9012860345798,97.4,95.9,0.6,2.66042812445488,33109249.0,517.0,78525.0,7742132.0
Algeria,2007,0.01423329162712994,0.748360442365665,3.13636249128788,14.1172025493967,97.4,96.3,0.4,2.72118821083371,33623506.0,517.0,33655.0,7841881.0
Algeria,2008,0.014233291627130051,0.762593733992795,3.13594263017794,14.3548061501255,97.4,96.7,0.4,2.83225069291589,34189416.0,241.0,23939.0,7969540.0
Algeria,2009,0.01423329162712994,0.776827025619925,3.14433985237683,14.6182878903659,97.9,97.1,0.3,2.93644506601372,34816961.0,944.0,34715.0,8071039.0
Algeria,2010,0.014233291627129052,0.791060317247055,3.14601929681661,14.901057630136,97.4,97.4,0.3,2.8346221345593,35490445.0,384.0,3958.0,8174209.0
Algeria,2011,0.003190944435580989,0.805293608874184,3.14979804680612,15.1940329339055,97.5,97.6,0.3,2.86565199964367,36188236.0,317.0,6103.0,8321080.0
Algeria,2012,0.003190944435580989,0.808484553309765,3.14979804680612,15.4942924080714,97.6,97.9,0.2,2.86288407843621,36903376.0,317.0,4498.0,8384777.0
Algeria,2013,0.003190944435580989,0.811675497745346,3.15168742180087,15.8061610419273,97.7,98.1,0.2,2.88602241172015,37646166.0,290.0,5393.0,8455290.0
Algeria,2014,0.00319094443557999,0.814866442180927,3.14736285236844,16.1286164736705,97.8,98.2,0.1,2.89981288675777,38414171.0,290.0,2591.0,8526630.0
Algeria,2015,0.003190599625490065,0.818057386616507,3.13611057462191,16.4606678310815,97.9,98.4,0.1,2.90504768262655,39205031.0,290.0,13855.0,8598808.0
Algeria,2016,0.0,0.821247986241997,3.13304427307587,16.8026368106356,98.1,98.5,0.1,2.9101879451251,40019529.0,0.0,10355.0,8671832.0
Algeria,2017,-0.005458192137600015,0.821247986241997,3.10873432501687,17.1516218598076,98.3,98.6,0.1,2.89623687610993,40850721.0,47.0,38154.0,8722372.0
Algeria,2018,-0.005458192137600015,0.815789794104397,3.13670004421136,17.5037080018356,98.6,98.8,0.1,2.85900986820642,41689299.0,21.0,36280.0,8773392.0
Algeria,2019,0.0037790902162290196,0.810331601966797,3.14925241661457,17.846203680417,98.9,98.8,0.2,2.75114136393457,42505035.0,0.0,40427.0,8824897.0
Algeria,2020,0.004198611099447969,0.814110692183026,3.16197401899452,18.1776961381175,98.7,98.9,0.2,2.63993767594076,43294546.0,0.0,43671.0,8876893.0
Algeria,2021,0.0037787499895040044,0.818309303282474,3.16197401899452,18.4915612115512,99.1,98.9,0.1,2.49750261880048,44042091.0,0.0,13961.0,8929385.0
Algeria,2022,0.004198611099447969,0.822088053271978,3.16197401899452,18.7934447084904,99.3,99.0,0.1,2.39088665245616,44761099.0,0.0,27195.0,8982380.0
American Samoa,2001,-0.15000000000000568,88.65,3.8,284.275,,,0.0,1.23632200775277,56855.0,,15.0,
American Samoa,2002,-0.15000000000000568,88.5,3.85,285.265,,,0.0,0.285431313707099,57053.0,,15.0,
American Samoa,2003,-0.14999999999999147,88.35,3.9,285.31,,,0.0,-0.118830719837539,57062.0,,15.0,
American Samoa,2004,-0.15000000000000568,88.2,3.95,284.855,,,0.0,-0.359330563421029,56971.0,,15.0,
American Samoa,2005,-0.14999999999999147,88.05,4.0,284.09,,,0.0,-0.520434669850488,56818.0,,15.0,
American Samoa,2006,-0.15000000000000568,87.9,4.05,283.085,,,0.0,-0.645823460529093,56617.0,,15.0,
American Samoa,2007,-0.15000000000000568,87.75,4.1,281.87,,,0.0,-0.75133654461307,56374.0,,15.0,
American Samoa,2008,-0.14999999999999147,87.6,4.15,280.565,,,0.0,-0.801974621338142,56113.0,,15.0,
American Samoa,2009,-0.15000000000000568,87.45,4.2,279.14,,,0.0,-0.855855070740714,55828.0,,15.0,
American Samoa,2010,-0.14999999999999147,87.3,4.25,277.64,,,0.0,-0.881956774783532,55528.0,,15.0,
American Samoa,2011,-0.15000000000000568,87.15,4.3,276.14,,,0.0,-0.870923728474964,55228.0,,15.0,
American Samoa,2012,-0.15000000000000568,87.0,4.35,274.475,,,0.0,-0.942081005710455,54895.0,,15.0,
American Samoa,2013,-0.14999999999999147,86.85,4.4,272.445,,,0.1,-1.10507773081383,54489.0,,15.0,
American Samoa,2014,-0.15000000000000568,86.7,4.45,270.03,,,0.2,-1.27777301685301,54006.0,,15.0,
American Samoa,2015,-0.14999999999999147,86.55,4.5,267.33,,,0.2,-1.41521067330287,53466.0,,15.0,
American Samoa,2016,-0.15000000000000568,86.4,4.55,264.39,,,0.2,-1.53821907884826,52878.0,26.0,3.0,
American Samoa,2017,-0.15000000000000568,86.25,4.6,261.225,,,0.2,-1.65758361319708,52245.0,48.0,18.0,
American Samoa,2018,-0.14999999999999147,86.1,4.65,257.93,,,0.3,-1.74096711951499,51586.0,0.0,283.0,
American Samoa,2019,-0.15000000000000568,85.95,4.7,254.54,,,0.3,-1.81416158586626,50908.0,0.0,380.0,
American Samoa,2020,-0.14999999999999147,85.8,4.75,251.045,,,0.4,-1.89083758710419,50209.0,21.0,0.0,
American Samoa,2021,-0.15000000000000568,85.65,4.8,248.805,,,0.4,-1.41520909097095,49761.0,0.0,0.0,
American Samoa,2022,-0.15000000000000568,85.5,4.85,246.125,,,0.4,-1.5836769501851,49225.0,0.0,0.0,
Andorra,2001,0.0,34.0425531914894,2.12765957446809,139.755319148936,100.0,100.0,14.5,-0.345947003342152,65685.0,112.0,2696.0,
Andorra,2002,0.0,34.0425531914894,1.59574468085106,140.110638297872,100.0,100.0,15.4,-0.137062103975066,65852.0,112.0,2696.0,
Andorra,2003,0.0,34.0425531914894,1.80851063829787,141.502127659574,100.0,100.0,15.8,0.514250115504874,66506.0,112.0,2696.0,
Andorra,2004,0.0,34.0425531914894,1.82978723404255,147.842553191489,100.0,100.0,16.5,3.86502065570581,69486.0,112.0,2696.0,
Andorra,2005,0.0,34.0425531914894,1.72340425531915,158.13829787234,100.0,100.0,16.6,6.21195849625123,74325.0,112.0,2696.0,
Andorra,2006,0.0,34.0425531914894,1.70212765957447,164.725531914894,100.0,100.0,16.6,3.46073492748083,77421.0,112.0,2696.0,
Andorra,2007,0.0,34.0425531914894,1.65957446808511,169.329787234043,100.0,100.0,17.6,2.11263957414195,79585.0,112.0,2696.0,
Andorra,2008,0.0,34.0425531914894,1.63829787234043,174.206382978723,100.0,100.0,16.6,2.47022133825741,81877.0,112.0,2696.0,
Andorra,2009,0.0,34.0425531914894,1.61702127659574,177.648936170213,100.0,100.0,17.0,1.83463955941156,83495.0,112.0,2696.0,
Andorra,2010,0.0,34.0425531914894,1.63829787234043,178.485106382979,100.0,100.0,17.1,0.36158140354984,83888.0,112.0,2696.0,0.0
Andorra,2011,0.0,34.0425531914894,1.63829787234043,171.714893617021,100.0,100.0,18.7,-3.96179475482668,80706.0,112.0,2696.0,0.0
Andorra,2012,0.0,34.0425531914894,1.63829787234043,165.495744680851,100.0,100.0,18.6,-3.76946916853388,77783.0,112.0,2696.0,0.0
Andorra,2013,0.0,34.0425531914894,1.61702127659574,163.476595744681,100.0,100.0,18.8,-1.29559303383221,76834.0,112.0,2696.0,0.0
Andorra,2014,0.0,34.0425531914894,1.72340425531915,159.987234042553,100.0,100.0,19.1,-2.2108468869055,75194.0,112.0,2696.0,0.0
Andorra,2015,0.0,34.0425531914894,1.70212765957447,156.887234042553,100.0,100.0,19.4,-1.99858052540775,73737.0,112.0,2696.0,0.0
Andorra,2016,0.0,34.0425531914894,1.72340425531915,153.56170212766,100.0,100.0,19.0,-2.1722987391862,72174.0,520.0,2880.0,0.0
Andorra,2017,0.0,34.0425531914894,1.74468085106383,153.576595744681,100.0,100.0,18.9,-0.0078266246156032,72181.0,213.0,2456.0,0.0
Andorra,2018,0.0,34.0425531914894,1.74468085106383,156.942553191489,100.0,100.0,18.0,2.16327603505452,73763.0,381.0,3764.0,0.0
Andorra,2019,0.0,34.0425531914894,1.75425531914894,159.91914893617,100.0,100.0,17.6,1.88923928968242,75162.0,747.0,3740.0,0.0
Andorra,2020,0.0,34.0425531914894,1.6831914893617,162.710638297872,100.0,100.0,17.2,1.76563257133718,76474.0,2571.0,3512.0,0.0
Andorra,2021,0.0,34.0425531914894,1.63595744680851,164.63829787234,100.0,100.0,20.9,1.23734708455524,77380.0,1788.0,3428.0,0.0
Andorra,2022,0.0,34.0425531914894,1.59063829787234,166.731914893617,100.0,100.0,18.4,1.34463600060865,78364.0,711.0,2962.0,0.0
Angola,2001,-0.44522419186649387,62.3314430095452,2.40635277131627,12.9901892997513,3.5,7.2,73.8,5.81332913270952,16194869.0,6039.0,325.0,4259117.0
Angola,2002,-0.44522419186660045,61.8862188176787,2.40635277131627,13.4332301275367,9.5,7.2,72.8,5.73163358353889,16747208.0,1300.0,474.0,4336501.0
Angola,2003,-0.445224191866501,61.4409946258121,2.48656453036015,13.8988521697281,2.8,7.2,70.8,5.64462250840875,17327699.0,715.0,474.0,4416171.0
Angola,2004,-0.445224191866501,60.9957704339456,2.6469880484479,14.392967032967,2.3,7.2,65.6,5.57341954263671,17943712.0,824.0,696.0,4498202.0
Angola,2005,-0.445224191866501,60.5505462420791,2.6469880484479,14.9197264779017,1.7,7.3,62.3,5.50223295731547,18600423.0,12270.0,3419.0,4582673.0
Angola,2006,-0.44522419186660045,60.1053220502126,2.6469880484479,15.4737795780861,1.0,7.3,68.9,5.36719121043528,19291161.0,12270.0,3419.0,4669664.0
Angola,2007,-0.445224191866501,59.660097858346,2.6469880484479,16.0546073634395,0.7,7.3,62.6,5.26853898942941,20015279.0,4468.0,2074.0,4751966.0
Angola,2008,-0.445224191866501,59.2148736664795,2.72719980749178,16.6668492821048,,7.3,58.9,5.24729216790819,20778561.0,2736.0,2462.0,4836600.0
Angola,2009,-0.44522419186649387,58.769649474613,2.72719980749178,17.3086187535093,6.6,7.2,55.4,5.20293269221403,21578655.0,6439.0,2462.0,4923638.0
Angola,2010,-0.44522419186660045,58.3244252827465,3.20847036175503,17.9792837089917,,7.3,53.0,5.14498291018555,22414773.0,5765.0,2948.0,5024258.0
Angola,2011,-0.4452249939841053,57.8792010908799,3.36889387984278,18.6851888986925,,7.3,53.1,5.11210771678984,23294825.0,1833.0,3336.0,5136338.0
Angola,2012,-0.4452249939840982,57.4339760968958,3.76995267506216,19.4259661506377,,7.3,51.7,5.06528893008459,24218352.0,2897.0,4170.0,5234538.0
Angola,2013,-0.4452249939840982,56.9887511029117,3.76995267506216,20.1952306088073,,7.4,49.0,4.97592832005976,25177394.0,13839.0,2569.0,5335293.0
Angola,2014,-0.4452249939840982,56.5435261089276,3.88625972567578,20.9879040667362,,7.5,46.8,4.85591199730458,26165620.0,4170.0,2292.0,5441681.0
Angola,2015,-0.4452249939842048,56.0983011149435,4.01860912809818,21.7861305847437,,7.6,47.5,4.67751677790276,27160769.0,15000.0,2497.0,5554785.0
Angola,2016,-0.4452314109247979,55.6530761209593,4.11085265099864,22.5858650838213,3.8,7.7,47.1,4.86073952875732,28157798.0,45589.0,1857.0,5704689.0
Angola,2017,-0.4452153685730025,55.2078447100345,4.28892275607604,23.4082537900056,,7.7,48.1,4.80252986936282,29183070.0,107897.0,424.0,5803131.0
Angola,2018,-0.4452233897489961,54.7626293414615,4.28731852089516,24.2518962059838,,7.9,52.5,4.75534049674966,30234839.0,94633.0,673.0,5926932.0
Angola,2019,-0.445231410924805,54.3174059517125,4.28571428571429,25.1039985561883,7.3,7.8,52.5,4.6569307143155,31297155.0,98643.0,332.0,6023161.0
Angola,2020,-0.44522338974889664,53.8721745407877,4.28491216812385,25.969063928772,,8.0,51.0,4.58087613993067,32375632.0,64264.0,390.0,6121886.0
Angola,2021,-0.44522876393690325,53.4269511510388,4.28330793294297,26.8317413972888,,8.1,60.1,4.45055498779966,33451132.0,9385.0,1698.0,6223180.0
Angola,2022,-0.4452251544075949,52.9817223871019,4.28972487366648,27.6990687414775,,8.2,52.9,4.35382721450146,34532429.0,30352.0,217.0,6327197.0
Antigua and Barbuda,2001,-0.15227272727270247,21.4772727272727,9.09090909090909,170.254545454545,96.6,100.0,0.0,0.149204271711606,74912.0,,377.0,
Antigua and Barbuda,2002,-0.15227272727269892,21.325,9.09090909090909,172.884090909091,96.7,100.0,0.0,0.0414061535459097,76069.0,,377.0,
Antigua and Barbuda,2003,-0.15227272727280194,21.1727272727273,9.09090909090909,175.072727272727,100.0,100.0,0.0,-0.414835075942676,77032.0,,377.0,
Antigua and Barbuda,2004,-0.15227272727269892,21.0204545454545,9.09090909090909,177.009090909091,97.0,100.0,0.0,-0.931327076616692,77884.0,,377.0,
Antigua and Barbuda,2005,-0.15227272727269892,20.8681818181818,9.09090909090909,178.906818181818,97.1,100.0,0.0,-1.23275931066152,78719.0,,377.0,
Antigua and Barbuda,2006,-0.15227272727269892,20.7159090909091,9.09090909090909,180.934090909091,100.0,100.0,0.0,-1.34712409898798,79611.0,,377.0,
Antigua and Barbuda,2007,-0.15227272727280194,20.5636363636364,9.09090909090909,183.190909090909,100.0,100.0,0.0,-1.32624489770272,80604.0,,377.0,
Antigua and Barbuda,2008,-0.15227272727269892,20.4113636363636,9.09090909090909,185.690909090909,100.0,100.0,0.0,-1.19383440369404,81704.0,,377.0,
Antigua and Barbuda,2009,-0.15227272727270247,20.2590909090909,9.09090909090909,188.436363636364,100.0,100.0,0.0,-0.944930838165184,82912.0,,377.0,
Antigua and Barbuda,2010,-0.15227272727269892,20.1068181818182,9.09090909090909,191.302272727273,98.0,100.0,0.0,-0.648409203016915,84173.0,,377.0,
Antigua and Barbuda,2011,-0.14999999999999858,19.9545454545455,9.09090909090909,193.909090909091,98.2,100.0,0.0,-0.413595266798976,85320.0,,377.0,
Antigua and Barbuda,2012,-0.15000000000000213,19.8045454545455,9.09090909090909,196.209090909091,92.7,100.0,0.1,-0.0675964965690748,86332.0,,713.0,
Antigua and Barbuda,2013,-0.14999999999999858,19.6545454545455,9.09090909090909,198.318181818182,100.0,100.0,0.1,0.135147331138841,87260.0,,92.0,
Antigua and Barbuda,2014,-0.14999999999999858,19.5045454545455,9.09090909090909,200.145454545455,100.0,100.0,0.1,0.0944945735937835,88064.0,,438.0,
Antigua and Barbuda,2015,-0.15000000000000213,19.3545454545455,9.09090909090909,201.738636363636,100.0,100.0,0.1,0.166273490728923,88765.0,,8.0,
Antigua and Barbuda,2016,-0.15909090909099888,19.2045454545455,9.09090909090909,203.202272727273,100.0,100.0,0.4,0.363041879589354,89409.0,0.0,692.0,
Antigua and Barbuda,2017,-0.13636363636360116,19.0454545454545,9.09090909090909,204.475,100.0,100.0,0.4,0.321601134788121,89969.0,1.0,305.0,
Antigua and Barbuda,2018,-0.1590909090908994,18.9090909090909,9.09090909090909,205.609090909091,100.0,100.0,0.4,0.253869415938506,90468.0,2.0,6565.0,
Antigua and Barbuda,2019,-0.1590909090908994,18.75,9.09090909090909,206.65,100.0,100.0,0.7,0.21772464222807,90926.0,34.0,4194.0,
Antigua and Barbuda,2020,-0.13636363636360116,18.5909090909091,9.09090909090909,207.645454545455,100.0,100.0,0.7,0.199534485889597,91364.0,0.0,2062.0,
Antigua and Barbuda,2021,-0.1515909090909986,18.4545454545455,9.09090909090909,208.740909090909,100.0,100.0,0.9,0.247754849556015,91846.0,0.0,1554.0,
Antigua and Barbuda,2022,-0.14136363636360016,18.3029545454545,9.09090909090909,209.884090909091,100.0,100.0,0.9,0.282398810981951,92349.0,0.0,1075.0,
Argentina,2001,-0.11561411778460062,12.1964855354461,10.0997920845985,13.5981729753827,91.8,77.6,9.8,1.34737382914344,37213984.0,123000.0,4000.0,10703792.0
Argentina,2002,-0.11561411778460062,12.0808714176615,10.1385250064859,13.7482962995443,88.6,80.1,11.5,1.31332212006024,37624825.0,25000.0,2000.0,9543261.0
Argentina,2003,-0.1156141177847001,11.9652572998769,10.180911977608,13.8961113608045,92.6,82.2,11.6,1.28555793668095,38029349.0,36230.0,0.0,11545389.0
Argentina,2004,-0.11561411778459885,11.8496431820922,10.8993711381267,14.0404218234436,92.9,84.3,10.8,1.24595059100681,38424282.0,54462.0,0.0,13018128.0
Argentina,2005,-0.11561411778460062,11.7340290643076,11.6178302986454,14.1835268152403,93.2,86.2,9.3,1.22249144364105,38815916.0,12604.0,7475.0,15003911.0
Argentina,2006,-0.11561411778460062,11.618414946523,12.3476170117916,14.3300077831249,93.4,87.7,9.6,1.23144270883711,39216789.0,47062.0,7475.0,14337344.0
Argentina,2007,-0.1156141177847001,11.5028008287384,13.0020206892268,14.4781158991336,93.6,89.1,9.2,1.22777387763405,39622115.0,36943.0,1748.0,14027118.0
Argentina,2008,-0.11561411778459885,11.3871867109537,13.5144645538954,14.6223222213696,93.8,90.6,7.7,1.18613134853839,40016763.0,124448.0,1748.0,13658208.0
Argentina,2009,-0.11561411778460062,11.2715725931691,13.0216794741092,14.7711827061158,94.0,92.0,7.7,1.20338998232365,40424148.0,80392.0,1748.0,13119301.0
Argentina,2010,-0.11561411778460062,11.1559584753845,12.6030715937867,14.9285563947689,94.2,92.8,8.6,1.24570930115813,40854831.0,19943.0,1748.0,14089211.0
Argentina,2011,-0.08163145990229914,11.0403443575999,13.8865198469684,15.0870920710786,98.6,93.8,8.8,1.24568014237339,41288694.0,49300.0,317.0,15009546.0
Argentina,2012,-0.08163145990230092,10.9587128976976,14.1143132762571,15.2485886234831,97.8,94.4,8.8,1.19019303632813,41730660.0,23409.0,2046.0,14624000.0
Argentina,2013,-0.08163145990229914,10.8770814377953,14.4784027419985,15.4061004351973,96.1,95.3,8.6,1.13395408758061,42161721.0,14226.0,1475.0,16496000.0
Argentina,2014,-0.08163145990229914,10.795449977893,14.3937749617238,15.5598387102668,95.4,95.7,8.9,1.0996181152745,42582455.0,14383.0,0.0,18261000.0
Argentina,2015,-0.08163145990230092,10.7138185179907,14.2425068604774,15.7212073709481,100.0,96.3,9.8,1.13692628317335,43024071.0,22396.0,19.0,15033332.0
Argentina,2016,-0.03179022834149947,10.6321870580884,14.7452706006161,15.8867142423877,97.6,96.5,9.4,1.15089236473826,43477012.0,12582.0,192.0,16221000.0
Argentina,2017,-0.040559946504700406,10.6003968297469,14.6285035937574,16.0413905118958,99.3,96.9,9.4,1.07092245651493,43900313.0,4049.0,1328.0,16979000.0
Argentina,2018,-0.03946373173440065,10.5598368832422,14.7534014813516,16.1833799224611,100.0,97.3,10.4,0.981564518342997,44288894.0,2773.0,92.0,17884109.0
Argentina,2019,-0.04019454158119906,10.5203731515078,14.6823352297849,16.3171137395905,99.9,97.5,10.5,0.921517466894255,44654882.0,2805.0,99.0,16976659.0
Argentina,2020,-0.03946373173430118,10.4801786099266,14.9267911235836,16.4335255363231,100.0,97.8,10.7,0.807610964891665,44973465.0,486817.0,42.0,17642496.0
Argentina,2021,-0.03982913665779897,10.4407148781923,15.3214284409268,16.5133665121004,100.0,97.8,9.8,0.579460817835625,45191965.0,681008.0,0.0,17195507.0
Argentina,2022,-0.039829136657800746,10.4008857415345,15.4306845130431,16.5573305708721,100.0,98.1,9.2,0.358692838886458,45312281.0,473214.0,63.0,19089000.0
Armenia,2001,-0.007305936073001007,11.6838777660695,15.8061116965227,113.140147523709,98.5,55.5,7.2,1.36411627698375,3221100.0,0.0,0.0,57400.0
Armenia,2002,-0.007305936073098707,11.6765718299965,15.9817351598174,112.813487881981,100.0,61.0,5.4,-0.499380466746851,3211800.0,1000.0,4000.0,49000.0
Armenia,2003,-0.007305936073001007,11.6692658939234,15.9817351598174,112.391991570074,95.8,66.5,8.9,-0.502755712448261,3199800.0,1000.0,2000.0,54000.0
Armenia,2004,-0.007305936073098707,11.6619599578504,15.9817351598174,111.784334387074,98.9,71.2,9.8,-0.655328779547709,3182500.0,4000.0,1000.0,66000.0
Armenia,2005,-0.007305936073100483,11.6546540217773,15.9817351598174,111.166139796277,98.9,75.5,8.7,-0.661461453492112,3164900.0,700.0,1200.0,65000.0
Armenia,2006,-0.007305936073001007,11.6473480857042,15.9817351598174,110.516332982086,99.6,79.4,6.5,-0.685120592668242,3146400.0,1500.0,1000.0,42700.0
Armenia,2007,-0.007305936073098707,11.6400421496312,15.9079733052336,109.838426413769,98.9,82.5,7.7,-0.704477120437997,3127100.0,1500.0,2500.0,68000.0
Armenia,2008,-0.007305936073001007,11.6327362135581,15.8798735511064,109.146469968388,98.9,85.2,7.0,-0.709774936880129,3107400.0,2622.0,1220.0,46000.0
Armenia,2009,-0.007305936073098707,11.6254302774851,15.8201615735862,108.433438707411,98.9,87.6,6.4,-0.720131386659096,3087100.0,0.0,1266.0,1370000.0
Armenia,2010,-0.007305936073001007,11.618124341412,15.7850368809273,107.692307692308,99.0,89.2,7.8,-0.735744483466482,3066000.0,700.0,3482.0,1502000.0
Armenia,2011,-0.007305936073100483,11.610818405339,15.7534246575342,106.947664207938,100.0,90.6,9.4,-0.727310338461337,3044800.0,15.0,2.0,1751000.0
Armenia,2012,-0.007305936073098707,11.6035124692659,15.7780119423955,106.354056902002,99.3,91.8,8.0,-0.571642093307427,3027900.0,98.0,256.0,2075000.0
Armenia,2013,-0.007305936073001007,11.5962065331928,15.7499121882684,106.220583069898,99.2,92.9,6.6,-0.116109542348646,3024100.0,0.0,745.0,2076000.0
Armenia,2014,-0.007305936073098707,11.5889005971198,15.7428872497366,106.146821215314,99.4,93.6,6.8,-0.0204101620694436,3022000.0,0.0,1053.0,1547100.0
Armenia,2015,-0.007305936073001007,11.5815946610467,15.7182999648753,105.858798735511,99.8,94.2,7.1,-0.184909382527369,3013800.0,0.0,499.0,1547100.0
Armenia,2016,-0.007376185458399576,11.5742887249737,15.6902002107482,105.535651563049,100.0,94.9,10.7,-0.183652129408332,3004600.0,0.0,104.0,1547900.0
Armenia,2017,-0.007376185458399576,11.5669125395153,15.6796628029505,105.103617843344,99.8,95.3,13.2,-0.255414782023444,2992300.0,0.0,937.0,1548200.0
Armenia,2018,-0.007376185458401352,11.5595363540569,15.6656129258869,104.650509308044,99.5,95.6,12.6,-0.247043722440776,2979400.0,0.0,1324.0,1548100.0
Armenia,2019,-0.007376185458399576,11.5521601685985,15.6515630488233,104.285212504391,99.9,96.0,11.1,-0.136968228336233,2969000.0,0.0,1085.0,1548200.0
Armenia,2020,0.10415824240470073,11.5447839831401,15.6234632946962,104.056902002107,100.0,96.35,10.3,0.018643689801186,2962500.0,0.0,1163.0,1546781.0
Armenia,2021,-0.007315376816800168,11.6489422255448,15.7461270379088,105.027376627853,100.0,96.7,8.4,0.226665843909451,2961500.0,0.0,1575.0,1546070.0
Armenia,2022,-0.00795505551480069,11.641626848728,15.7257362373209,105.056940272915,100.0,97.0,9.1,0.307536324852261,2962300.0,8.0,1747.0,726131.0
Aruba,2001,0.0,2.33333333333333,11.1111111111111,503.266666666667,100.0,,0.2,1.02033905882721,90588.0,,1022.0,1282.0
Aruba,2002,0.0,2.33333333333333,11.1111111111111,507.994444444444,100.0,,0.2,0.906307435233529,91439.0,,1022.0,1331.0
Aruba,2003,0.0,2.33333333333333,11.1111111111111,511.522222222222,100.0,,0.2,0.610765352947782,92074.0,,1022.0,1382.0
Aruba,2004,0.0,2.33333333333333,11.1111111111111,517.377777777778,100.0,,0.2,1.00972503050077,93128.0,,1022.0,1435.0
Aruba,2005,0.0,2.33333333333333,11.1111111111111,528.544444444444,100.0,,0.2,1.96676322097312,95138.0,,1022.0,1491.0
Aruba,2006,0.0,2.33333333333333,11.1111111111111,542.416666666667,100.0,,0.2,2.39029777278648,97635.0,,1022.0,1548.0
Aruba,2007,0.0,2.33333333333333,11.1111111111111,552.25,100.0,,0.2,1.57064739365999,99405.0,,1022.0,1586.0
Aruba,2008,0.0,2.33333333333333,11.1111111111111,556.388888888889,100.0,,0.2,0.501642223696357,100150.0,,1022.0,1625.0
Aruba,2009,0.0,2.33333333333333,11.1111111111111,560.65,100.0,,0.2,0.508358177118996,100917.0,,1022.0,1665.0
Aruba,2010,0.0,2.33333333333333,11.1111111111111,564.466666666667,100.0,,0.3,0.421666588667797,101604.0,,2459.0,1705.0
Aruba,2011,0.0,2.33333333333333,11.1111111111111,565.766666666667,100.0,,5.5,-0.0214237620945557,101838.0,,2667.0,1748.0
Aruba,2012,0.0,2.33333333333333,11.1111111111111,569.95,100.0,,5.7,0.482451049530272,102591.0,,3433.0,1808.0
Aruba,2013,0.0,2.33333333333333,11.1111111111111,578.388888888889,100.0,,6.9,1.19754657765253,104110.0,8.0,159.0,1872.0
Aruba,2014,0.0,2.33333333333333,11.1111111111111,587.083333333333,100.0,,6.9,1.19973315935507,105675.0,8.0,245.0,1872.0
Aruba,2015,0.0,2.33333333333333,11.1111111111111,593.372222222222,100.0,,6.9,0.752551548763964,106807.0,0.0,1237.0,2005.0
Aruba,2016,0.0,2.33333333333333,11.1111111111111,599.477777777778,100.0,,6.7,0.691250380903823,107906.0,0.0,436.0,2075.0
Aruba,2017,0.0,2.33333333333333,11.1111111111111,604.038888888889,100.0,,7.0,0.406629489454034,108727.0,0.0,231.0,2153.0
Aruba,2018,0.0,2.33333333333333,11.1111111111111,604.083333333333,100.0,,6.8,-0.359738919460584,108735.0,0.0,200.0,2233.0
Aruba,2019,0.0,2.33333333333333,11.1111111111111,605.044444444444,100.0,,8.6,-0.222926292016348,108908.0,0.0,489.0,2317.0
Aruba,2020,0.0,2.33333333333333,11.1111111111111,606.683333333333,100.0,,8.3,-0.127819952904969,109203.0,0.0,996.0,2403.0
Aruba,2021,0.0,2.33333333333333,11.1111111111111,603.261111111111,100.0,,9.1,-1.02551361260566,108587.0,0.0,566.0,2494.0
Aruba,2022,0.0,2.33333333333333,11.1111111111111,598.333333333333,100.0,,8.8,-0.94163637949789,107700.0,0.0,267.0,2588.0
Australia,2001,-0.02952240865370115,17.1581557606446,3.05546516017339,2.47696679379873,100.0,100.0,8.4,1.12407378634971,19028802.0,1127000.0,3100.0,31181000.0
Australia,2002,-0.02952240865359812,17.1286333519909,3.15009827785949,2.50897530687424,100.0,100.0,8.4,1.33206839446048,19274701.0,998000.0,1200.0,31087000.0
Australia,2003,-0.02952240865370115,17.0991109433373,3.08956952995848,2.53767882014501,100.0,100.0,8.7,1.29725496047805,19495210.0,1280000.0,2200.0,29712000.0
Australia,2004,-0.029522408653601673,17.0695885346836,3.02513570154771,2.5670355232157,100.0,100.0,7.2,1.29723693466376,19720737.0,1275000.0,2200.0,31604000.0
Australia,2005,-0.029522408653697596,17.04006612603,3.35094958541062,2.5946294729443,100.0,100.0,6.7,1.19680473803693,19932722.0,1048283.0,2200.0,31933000.0
Australia,2006,-0.02952240865370115,17.0105437173763,3.43673118727464,2.62640667508428,100.0,100.0,6.7,1.33453226603131,20176844.0,748582.0,1200.0,31933000.0
Australia,2007,-0.02952240865359812,16.9810213087226,3.15374301966859,2.66208895773401,100.0,100.0,6.8,1.50136477458865,20450966.0,1064658.0,1700.0,31777000.0
Australia,2008,-0.02952240865370115,16.951498900069,3.01016622626037,2.71111802454994,100.0,100.0,7.0,1.9969770081027,20827622.0,1064679.0,1700.0,32264000.0
Australia,2009,-0.029522408653601673,16.9219764914153,3.12329640862762,2.76599442875181,100.0,100.0,6.8,2.15343266105649,21249199.0,942855.0,733.0,33269000.0
Australia,2010,-0.029522408653697596,16.8924540827617,3.53300443877485,2.8235883784804,100.0,100.0,7.1,2.17983445022066,21691653.0,1144822.0,3200.0,30316000.0
Australia,2011,0.09237858453849768,16.862931674108,3.331261471174,2.86785858401781,100.0,100.0,8.2,1.66251815322792,22031750.0,1564408.0,2231.0,30414000.0
Australia,2012,0.09237858453850123,16.9553102586465,4.12570454160863,2.90798641031983,100.0,100.0,8.3,1.51359196582587,22340024.0,2016410.0,1025.0,31394000.0
Australia,2013,0.09237858453850123,17.047688843185,4.11821980396496,2.95920036968095,100.0,100.0,8.3,1.88268157810649,22733465.0,1395691.0,1648.0,28242000.0
Australia,2014,0.09237858453849768,17.1400674277235,4.06399125261966,3.01057352615753,100.0,100.0,9.2,1.87018257065215,23128129.0,2017184.0,1335.0,27324000.0
Australia,2015,0.09237858453840175,17.232446012262,4.16025148718483,3.05581479504836,100.0,100.0,9.3,1.66246486076665,23475686.0,2648641.0,6883.0,30012000.0
Australia,2016,0.10066311644009929,17.3248245968004,4.04705622014241,3.10011259648803,100.0,100.0,9.4,1.61863464615058,23815995.0,3324304.0,7778.0,31386248.0
Australia,2017,-0.002574096271199977,17.4254877132405,3.90755614259973,3.14493553058884,100.0,100.0,9.6,1.72153704896083,24190907.0,4362919.0,6313.0,34127611.0
Australia,2018,-0.0015990598048993832,17.4229136169693,3.99790952181612,3.19715601363491,100.0,100.0,9.9,1.77484017509352,24592588.0,5230504.0,3743.0,37274909.0
Australia,2019,0.0,17.4213145571644,4.02677060122049,3.24534491589985,100.0,100.0,9.8,1.60918451255785,24963258.0,4958526.0,1678.0,37175389.0
Australia,2020,0.0,17.4213145571644,3.97463865148557,3.29365056253104,100.0,100.0,10.3,1.56366317600073,25334826.0,4971895.0,8466.0,36703120.0
Australia,2021,0.0,17.4213145571644,3.98386899670048,3.33452695130798,100.0,100.0,11.2,1.19834939074175,25649248.0,4940541.0,7164.0,33353689.0
Australia,2022,0.0,17.4213145571644,4.0646020161154,3.33922844714392,100.0,100.0,12.3,0.0996311835698593,25685412.0,2181955.0,6982.0,30969000.0
Austria,2001,0.0303683955405063,46.5116335433834,16.9534658264663,97.0863548230732,100.0,100.0,26.4,0.406114445387678,8011566.0,942000.0,8590000.0,13276000.0
Austria,2002,0.030368395540499193,46.5420019389239,16.8080465341735,97.4587130392632,100.0,100.0,25.5,0.490267540444084,8042293.0,957000.0,7666000.0,13467000.0
Austria,2003,0.030368395540499193,46.5723703344644,16.7838099854581,97.9393722733883,100.0,100.0,24.7,0.563673145641291,8081957.0,893000.0,7452000.0,14846000.0
Austria,2004,0.030368395540399717,46.6027387300049,16.7235821619001,98.4176320891905,100.0,100.0,22.6,0.543349810054314,8121423.0,841000.0,7694000.0,17055000.0
Austria,2005,0.030368395540499193,46.6331071255453,16.714735821619,99.0301260300533,100.0,100.0,23.2,0.664475837733704,8171966.0,1037000.0,9069000.0,16483000.0
Austria,2006,0.030368395540499193,46.6634755210858,16.7317014057198,99.7070891904993,100.0,100.0,24.4,0.717010430626877,8227829.0,901000.0,8901000.0,16471000.0
Austria,2007,0.030368395540399717,46.6938439166263,16.6892874454678,100.201660203587,100.0,100.0,26.6,0.525997432098956,8268641.0,772000.0,9428000.0,19135000.0
Austria,2008,0.030368395540499193,46.7242123121667,16.6747455162385,100.526987396995,100.0,100.0,29.0,0.354602185986857,8295487.0,921000.0,8983000.0,21317341.0
Austria,2009,0.030368395540499193,46.7545807077072,16.5899175957344,100.842171594765,100.0,100.0,29.7,0.346538209107887,8321496.0,1013000.0,7817000.0,21795428.0
Austria,2010,0.030368395540499193,46.7849491032477,16.5608337372758,101.106677169171,100.0,100.0,31.3,0.302265753996283,8343323.0,805400.0,8599710.0,16727438.0
Austria,2011,0.0436015511391048,46.8153174987882,16.5269025690742,101.350024236549,100.0,100.0,31.1,0.291305904162053,8363404.0,1030625.0,8651751.0,17830956.0
Austria,2012,0.043601551139097694,46.8589190499273,16.4760058167717,101.692232186137,100.0,100.0,31.6,0.402148758531327,8391643.0,1081825.0,8252239.0,18695671.0
Austria,2013,0.043601551139097694,46.9025206010664,16.4214735821619,102.156943771207,100.0,100.0,34.4,0.545497698254538,8429991.0,884324.0,8041736.0,18020680.0
Austria,2014,0.0436015511391048,46.9461221522055,16.4069316529326,102.760821619001,100.0,100.0,34.6,0.722521793531845,8479823.0,882630.0,9146272.0,17389735.0
Austria,2015,0.04360155113919717,46.9897237033446,16.3802714493456,103.567086766844,100.0,100.0,35.7,0.955700455115768,8546356.0,762550.0,8092780.0,17088560.0
Austria,2016,0.043625787687801676,47.0333252544838,16.3124091129423,104.734597673291,100.0,100.0,34.8,1.33168467457813,8642699.0,843620.0,8513041.0,17549526.0
Austria,2017,0.04350460494429598,47.0769510421716,16.2928986912264,105.873339796413,100.0,100.0,34.6,1.32412222255029,8736668.0,891370.0,9718350.0,16763033.0
Austria,2018,0.043504604944203606,47.1204556471159,16.1044595249636,106.61131846825,100.0,100.0,34.0,0.964952397392997,8797566.0,889790.0,9272458.0,17647118.0
Austria,2019,-0.06022782355790213,47.1639602520601,16.0827678138633,107.131858943286,100.0,100.0,34.1,0.780508457343464,8840521.0,968200.0,10651918.0,19192060.0
Austria,2020,0.03417353368880072,47.1037324285022,16.0631362094038,107.609306834707,100.0,100.0,34.0,0.756844003891464,8879920.0,906078.0,10958314.0,18903715.0
Austria,2021,0.03417353368880072,47.137905962191,16.0563669413475,108.057004362579,100.0,100.0,35.8,0.74165298520757,8916864.0,638672.0,12491361.0,16789570.0
Austria,2022,0.03405235094520265,47.1720794958798,16.0315232670868,108.528805138148,100.0,100.0,36.0,0.774435610983729,8955797.0,1105553.0,11072732.0,18420265.0
Azerbaijan,2001,0.05495437379000023,11.9510925488772,22.1003571212396,97.434779976999,98.1,42.6,2.1,1.08360208540498,8048600.0,1600.0,1100.0,63700.0
Azerbaijan,2002,0.052764716442899484,12.0060469226672,22.2228947750714,98.1937920681807,97.6,48.9,1.8,0.826382588134839,8111200.0,900.0,1000.0,13500.0
Azerbaijan,2003,0.04981731118749977,12.0588116391101,22.2384952431673,98.9124645960929,100.0,54.9,2.4,0.855456299934033,8171950.0,0.0,1439.0,52800.0
Azerbaijan,2004,0.05183408434530001,12.1086289502976,22.2438658471664,99.6237235638581,98.1,61.0,2.9,1.75119945610409,8234100.0,0.0,8106.0,6500.0
Azerbaijan,2005,0.05653793317710054,12.1604630346429,22.265095800271,100.475372556609,98.4,66.3,3.1,1.94726997622705,8306500.0,0.0,6400.0,6500.0
Azerbaijan,2006,0.058188112132098624,12.21700096782,22.2985724655214,101.522501814662,98.6,71.0,3.4,1.44151480025888,8391850.0,0.0,4091.0,6500.0
Azerbaijan,2007,0.055980364189800014,12.2751890799521,22.281786608904,102.672531674674,99.2,75.15,2.9,1.38607223192299,8484550.0,0.0,20854.0,6500.0
Azerbaijan,2008,0.055092915619400884,12.3311694441419,22.4376429582834,103.853368672016,99.2,78.8,3.8,1.46405173304048,8581300.0,10.0,5440.0,6500.0
Azerbaijan,2009,0.05554611739970028,12.3862623597613,22.5132220702676,106.059762547351,99.5,81.8,3.1,2.54398407189366,8763400.0,10.0,3954.0,6500.0
Azerbaijan,2010,0.04965735714019992,12.441808477161,22.6816102248796,108.291290455327,99.9,84.5,3.3,2.21268573399995,8947243.0,10.0,7551.0,6500.0
Azerbaijan,2011,0.1095298345996003,12.4914658343012,22.7944734804491,109.542344173442,99.9,86.9,4.4,1.46985935173433,9054332.0,10.0,10700.0,6500.0
Azerbaijan,2012,0.10983086936529851,12.6009956689008,22.8132788114883,110.976336228798,99.9,88.7,3.5,1.72196316630026,9173082.0,10.0,16000.0,6500.0
Azerbaijan,2013,0.10967697617270034,12.7108265382661,22.9475670836459,112.460790244138,100.0,90.3,2.8,1.88616849276356,9295784.0,0.0,13000.0,6500.0
Azerbaijan,2014,0.10920506134480057,12.8205035144388,23.2920795073737,113.923480806688,100.0,91.7,2.5,1.98696905365425,9416801.0,0.0,4000.0,425300.0
Azerbaijan,2015,0.10982543580560034,12.9297085757836,23.3054691941981,115.348813858679,100.0,92.9,2.1,2.07497820790512,9535079.0,0.0,4000.0,425300.0
Azerbaijan,2016,0.11487750407549946,13.0395340115892,23.4409590747977,116.731076781631,100.0,93.8,2.3,2.14783204348123,9649341.0,0.0,1473.0,425300.0
Azerbaijan,2017,0.11873454903249936,13.1544115156647,24.1804765936857,118.033288980283,100.0,94.7,1.9,2.20055294155423,9757812.0,1000.0,1500.0,425300.0
Azerbaijan,2018,0.14078429559990013,13.2731460646972,25.3381239263507,119.208741622511,100.0,95.3,1.9,2.18584907915885,9854033.0,0.0,3600.0,425300.0
Azerbaijan,2019,0.13943668787960029,13.4139303602971,25.3817117138916,120.25759188908,100.0,95.9,1.9,2.18825781318829,9939771.0,0.0,800.0,425300.0
Azerbaijan,2020,0.14082262827469982,13.5533670481767,25.358724320662,121.280071139933,100.0,96.4,1.7,2.48856313521789,10024283.0,0.0,509.0,425300.0
Azerbaijan,2021,0.13880124913839964,13.6941896764514,25.2196113544515,122.124736829369,100.0,96.8,1.3,0.963765103599974,10093121.0,0.0,570.0,425300.0
Azerbaijan,2022,0.13949062310950033,13.8329909255898,25.275257108288,122.658802177858,100.0,97.2,1.3,0.565547632089917,10137750.0,0.0,1070.0,425300.0
"Bahamas, The",2001,0.0,50.9350649350649,0.699300699300699,32.3511488511488,100.0,100.0,0.0,1.41417389751608,323835.0,0.0,17300.0,48127.0
"Bahamas, The",2002,0.0,50.9350649350649,0.699300699300699,32.7508491508491,100.0,100.0,0.4,1.37190379624645,327836.0,0.0,11700.0,48343.0
"Bahamas, The",2003,0.0,50.9350649350649,0.699300699300699,33.1282717282717,100.0,100.0,0.4,1.33368166327457,331614.0,4034.0,9657.0,48565.0
"Bahamas, The",2004,0.0,50.9350649350649,0.699300699300699,33.5282717282717,100.0,100.0,1.5,1.41710529257165,335618.0,6419.0,27541.0,48793.0
"Bahamas, The",2005,0.0,50.9350649350649,0.699300699300699,33.9442557442557,100.0,100.0,1.6,1.4647130750229,339782.0,4088.0,67327.0,49027.0
"Bahamas, The",2006,0.0,50.9350649350649,0.699300699300699,34.355044955045,100.0,100.0,1.7,1.43504359743684,343894.0,4088.0,67327.0,49268.0
"Bahamas, The",2007,0.0,50.9350649350649,0.699300699300699,34.8026973026973,100.0,100.0,2.0,1.51275801810781,348375.0,97.0,24932.0,49418.0
"Bahamas, The",2008,0.0,50.9350649350649,0.699300699300699,35.2981018981019,100.0,100.0,3.5,1.6045936941126,353334.0,1336.0,28370.0,49573.0
"Bahamas, The",2009,0.0,50.9350649350649,0.699300699300699,35.7762237762238,100.0,100.0,2.0,1.49516396187397,358120.0,13.0,24232.0,49732.0
"Bahamas, The",2010,0.0,50.9350649350649,0.699300699300699,36.2447552447552,100.0,100.0,1.5,1.39589634994551,362810.0,13.0,12799.0,49896.0
"Bahamas, The",2011,0.0,50.9350649350649,0.699300699300699,36.7110889110889,100.0,100.0,1.3,1.30538789830589,367478.0,139.0,10871.0,49896.0
"Bahamas, The",2012,0.0,50.9350649350649,0.799200799200799,37.1357642357642,100.0,100.0,1.4,1.14178527077696,371729.0,645.0,9303.0,50187.0
"Bahamas, The",2013,0.0,50.9350649350649,0.799200799200799,37.5093906093906,100.0,100.0,1.4,0.979024255829771,375469.0,645.0,6971.0,50312.0
"Bahamas, The",2014,0.0,50.9350649350649,0.799200799200799,37.8574425574426,100.0,100.0,1.4,0.885625094473334,378953.0,656.0,8869.0,50441.0
"Bahamas, The",2015,0.0,50.9350649350649,0.799200799200799,38.1916083916084,100.0,100.0,1.4,0.823527872287064,382298.0,646.0,7330.0,50574.0
"Bahamas, The",2016,0.0,50.9350649350649,0.799200799200799,38.4961038961039,100.0,100.0,1.4,0.719994751573838,385346.0,1.0,9435.0,50711.0
"Bahamas, The",2017,0.0,50.9350649350649,0.799200799200799,38.7667332667333,100.0,100.0,1.2,0.605155085176367,388055.0,25.0,4456.0,50744.0
"Bahamas, The",2018,0.0,50.9350649350649,0.799200799200799,39.0094905094905,100.0,100.0,1.1,0.506089467367979,390485.0,151.0,1756.0,50779.0
"Bahamas, The",2019,0.0,50.9350649350649,0.799200799200799,39.2324675324675,100.0,100.0,1.1,0.427146184038446,392717.0,15.0,5906.0,50818.0
"Bahamas, The",2020,0.0,50.9350649350649,0.799200799200799,39.4280719280719,100.0,100.0,1.1,0.328146763161097,394675.0,0.0,30675.0,50859.0
"Bahamas, The",2021,0.0,50.9350649350649,0.799200799200799,39.5467532467532,100.0,100.0,1.4,0.103060088815605,395863.0,0.0,80730.0,50904.0
"Bahamas, The",2022,0.0,50.9350649350649,0.799200799200799,39.5977022977023,100.0,100.0,1.1,-0.099344366354879,396373.0,0.0,56828.0,50957.0
Bahrain,2001,0.02112676056338092,0.52112676056338,2.83098591549296,898.002816901408,100.0,100.0,0.0,2.58442976241112,637582.0,0.0,0.0,5590.0
Bahrain,2002,0.02112676056338003,0.542253521126761,2.83098591549296,931.430985915493,100.0,100.0,0.0,3.65955421054697,661316.0,0.0,0.0,5700.0
Bahrain,2003,0.013008607198747968,0.563380281690141,2.84507042253521,1000.77887323944,100.0,100.0,0.0,7.52559041498198,710553.0,160.0,71.0,5813.0
Bahrain,2004,0.012652207001522031,0.576388888888889,2.80555555555556,1061.82916666667,100.0,100.0,0.0,8.09962056633834,764517.0,2152.0,726.0,5928.0
Bahrain,2005,0.01231025546094,0.589041095890411,2.78082191780822,1128.41232876712,100.0,100.0,0.0,8.60769161136193,823741.0,256.0,906.0,6045.0
Bahrain,2006,0.020270270270271062,0.601351351351351,2.74324324324324,1201.11081081081,100.0,100.0,0.0,9.05287256267753,888822.0,256.0,954.0,6164.0
Bahrain,2007,0.011711711711710926,0.621621621621622,2.75675675675676,1297.87027027027,100.0,100.0,0.0,9.43411853595712,960424.0,4982.0,401.0,6248.0
Bahrain,2008,0.011403508771930082,0.633333333333333,2.72,1385.72666666667,100.0,100.0,0.0,9.75350721977301,1039295.0,569.0,883.0,6333.0
Bahrain,2009,0.01973684210526294,0.644736842105263,2.69736842105263,1451.96842105263,100.0,100.0,0.0,7.97067426107426,1103496.0,827.0,2592.0,6419.0
Bahrain,2010,0.017941013952204043,0.664473684210526,2.69736842105263,1550.54605263158,100.0,100.0,0.0,8.60457995174799,1178415.0,449.0,1468.0,6506.0
Bahrain,2011,0.01641189896895201,0.68241469816273,2.70341207349081,1612.26115485564,100.0,100.0,0.0,5.85224600853769,1228543.0,306.0,1833.0,6595.0
Bahrain,2012,0.018056519751434963,0.698826597131682,2.6857887874837,1558.0443285528,100.0,100.0,0.0,-2.76659927564462,1195020.0,469.0,851.0,6680.0
Bahrain,2013,0.020779220779221008,0.716883116883117,2.68831168831169,1570.08311688312,100.0,100.0,0.0,1.1600872869288,1208964.0,341.0,2113.0,6767.0
Bahrain,2014,0.019795509289671998,0.737662337662338,2.68831168831169,1627.52077922078,100.0,100.0,0.0,3.59293039406625,1253191.0,364.0,4600.0,6855.0
Bahrain,2015,0.013750379269069968,0.75745784695201,2.69779507133593,1705.00907911803,100.0,100.0,0.0,4.78104318433597,1314562.0,901.0,2725.0,6944.0
Bahrain,2016,0.024683943226930016,0.77120822622108,2.67352185089974,1761.33933161954,100.0,100.0,0.0,4.15422184212278,1370322.0,292.0,3729.0,7035.0
Bahrain,2017,0.02462065106481004,0.79589216944801,2.68292682926829,1827.63286264442,100.0,100.0,0.0,3.82316300255316,1423726.0,84.0,6803.0,7107.0
Bahrain,2018,0.02781622833036801,0.82051282051282,2.67948717948718,1924.50769230769,100.0,100.0,0.0,5.29314527321994,1501116.0,737.0,6070.0,7180.0
Bahrain,2019,0.02346582295168398,0.848329048843188,2.69922879177378,1931.99357326478,100.0,100.0,0.0,0.131482303617889,1503091.0,37.0,2547.0,7253.0
Bahrain,2020,0.019924873428057932,0.871794871794872,2.69230769230769,1902.25128205128,100.0,100.0,0.0,-1.294694377206,1483756.0,0.0,3725.0,7328.0
Bahrain,2021,0.01967265984036104,0.89171974522293,2.67515923566879,1875.41910828025,100.0,100.0,0.0,-0.781611308056252,1472204.0,0.0,2555.0,7403.0
Bahrain,2022,0.025316455696203,0.911392405063291,2.65822784810127,1904.25949367089,100.0,100.0,0.0,2.16102845934147,1504365.0,0.0,2082.0,7478.0
Bangladesh,2001,-0.02457248213869967,14.7524629330875,64.1468848428977,1033.6045478989,16.8,0.7,60.2,3.37231349221847,134544304.0,131200.0,4900.0,28458888.0
Bangladesh,2002,-0.024572482138800922,14.7278904509488,63.7858185449796,1050.97802873166,21.5,0.8,55.9,3.30647108329831,136805810.0,0.0,3700.0,28386728.0
Bangladesh,2003,-0.02457248213869967,14.70331796881,63.401705462088,1067.32471383575,24.3,0.9,54.4,3.2723310409713,138933658.0,0.0,123633.0,28017752.0
Bangladesh,2004,-0.024572482138799145,14.6787454866713,63.2096489206422,1082.97112237843,27.1,1.0,52.6,3.26080093893616,140970351.0,293.0,194226.0,28108946.0
Bangladesh,2005,-0.024572482138701446,14.6541730045325,62.5566566797265,1097.8171314435,27.9,1.2,52.0,3.20545305759678,142902856.0,677.0,343783.0,28114290.0
Bangladesh,2006,-0.02457248213869967,14.6296005223938,62.3108243066759,1111.74453407083,30.2,1.3,50.6,3.11259205915081,144715786.0,677.0,3156.0,28081784.0
Bangladesh,2007,-0.024572482138799145,14.6050280402551,62.0726741952831,1124.7289928555,40.2,1.5,48.6,2.99286532012132,146405973.0,720.0,34.0,28004197.0
Bangladesh,2008,-0.02457248213869967,14.5804555581163,61.5810094491818,1136.89235614965,32.5,1.7,47.2,2.86086990423088,147989278.0,564.0,407.0,27928000.0
Bangladesh,2009,-0.024573250364900545,14.5558830759776,61.48114004763,1148.30040715987,41.7,1.9,45.2,2.7127996000916,149474264.0,589.0,722.0,27852955.0
Bangladesh,2010,-0.024572482138800922,14.5313098256127,61.3735883844204,1159.05134823692,44.7,2.1,43.1,2.55259258065882,150873714.0,589.0,515.0,27779263.0
Bangladesh,2011,-0.007593147422598534,14.5067373434739,61.2737189828686,1169.25544288238,40.0,2.4,40.3,2.38215024620493,152201981.0,589.0,16701.0,27706834.0
Bangladesh,2012,-0.00759314742260031,14.4991441960513,60.4056234155335,1179.92683413997,45.7,2.8,38.4,2.28609018354601,153591076.0,186.0,10739.0,27547819.0
Bangladesh,2013,-0.00759314742260031,14.4915510486287,60.3441653222709,1191.28909118845,53.8,3.2,37.3,2.26174678800571,155070101.0,149.0,17520.0,27390764.0
Bangladesh,2014,-0.00759314742260031,14.4839579012061,59.2916954751479,1202.52086502266,48.6,3.6,37.0,2.20119341986716,156532141.0,243.0,4283.0,27235639.0
Bangladesh,2015,-0.00759314742260031,14.4763647537835,59.1457325036491,1213.52791733886,48.1,4.1,35.4,2.13023875711627,157964929.0,187.0,163428.0,27074413.0
Bangladesh,2016,0.0,14.4687716063609,59.6315587308904,1224.42328493508,63.8,4.7,33.1,2.06884580523583,159383179.0,52.0,75556.0,26925057.0
Bangladesh,2017,0.0,14.4687716063609,59.8771606360913,1235.3993393255,66.1,5.3,30.2,2.0230746254932,160811932.0,48.0,139521.0,26663531.0
Bangladesh,2018,0.0,14.4687716063609,59.8243066758854,1245.95641852962,81.6,6.0,28.1,1.93683060952504,162186147.0,0.0,146742.0,26405391.0
Bangladesh,2019,0.0,14.4687716063609,59.7088422831682,1256.22726434662,81.3,6.7,27.0,1.86177443141625,163523103.0,21.0,65021.0,26159246.0
Bangladesh,2020,0.0,14.4687716063609,60.3595298455865,1266.90523930245,88.9,7.4,26.1,1.84176302855583,164913055.0,13.0,49313.0,26301809.0
Bangladesh,2021,0.0,14.4687716063609,60.613044480295,1277.54493354844,95.2,8.1,27.2,1.78580073795354,166298024.0,0.0,62256.0,26059832.0
Bangladesh,2022,-0.00999684818489932,14.4687716063609,60.4908965199355,1287.99918568026,98.5,9.0,25.0,1.7181839550393,167658854.0,2.0,14193.0,26616914.0
Barbados,2001,0.0,14.6511627906977,34.8837209302326,609.448837209302,100.0,100.0,11.9,-0.424386054403519,262063.0,0.0,3000.0,10423.0
Barbados,2002,0.0,14.6511627906977,34.8837209302326,610.290697674419,100.0,100.0,10.8,-0.235191453371948,262425.0,0.0,3100.0,10377.0
Barbados,2003,0.0,14.6511627906977,32.5581395348837,614.297674418605,100.0,100.0,9.8,0.108195679671618,264148.0,41.0,3470.0,10333.0
Barbados,2004,0.0,14.6511627906977,32.5581395348837,618.083720930233,100.0,100.0,8.6,-0.0513325074368095,265776.0,3.0,4815.0,10289.0
Barbados,2005,0.0,14.6511627906977,30.2325581395349,621.623255813954,100.0,100.0,8.7,-0.167012864549687,267298.0,4.0,8042.0,10245.0
Barbados,2006,0.0,14.6511627906977,30.2325581395349,624.897674418605,99.9,100.0,8.7,-0.234778585461381,268706.0,4.0,8042.0,11202.0
Barbados,2007,0.0,14.6511627906977,30.2325581395349,627.911627906977,100.0,100.0,8.8,-0.251941928566502,270002.0,3.0,8006.0,11161.0
Barbados,2008,0.0,14.6511627906977,30.2325581395349,630.902325581395,100.0,100.0,8.6,-0.178586871451608,271288.0,3.0,9500.0,11121.0
Barbados,2009,0.0,14.6511627906977,30.2325581395349,634.218604651163,100.0,100.0,7.6,0.0030817875603083,272714.0,3.0,2138.0,11082.0
Barbados,2010,0.0,14.6511627906977,30.2325581395349,637.495348837209,100.0,100.0,8.5,0.181042335754611,274123.0,3.0,1312.0,11043.0
Barbados,2011,0.0,14.6511627906977,27.906976744186,640.1,100.0,100.0,8.2,0.310211100002615,275243.0,53.0,2812.0,11004.0
Barbados,2012,0.0,14.6511627906977,25.5813953488372,642.183720930233,100.0,100.0,4.1,0.325147781566834,276139.0,53.0,1017.0,10972.0
Barbados,2013,0.0,14.6511627906977,23.2558139534884,644.041860465116,100.0,100.0,3.8,0.289354526635743,276938.0,51.0,309.0,10940.0
Barbados,2014,0.0,14.6511627906977,22.093023255814,645.732558139535,100.0,100.0,3.1,0.264812123033935,277665.0,51.0,1316.0,10909.0
Barbados,2015,0.0,14.6511627906977,20.9302325581395,647.320930232558,100.0,100.0,3.0,0.249559150836374,278348.0,51.0,3165.0,10878.0
Barbados,2016,0.0,14.6511627906977,18.6046511627907,648.813953488372,100.0,100.0,3.0,0.237443476469299,278990.0,50.0,812.0,10847.0
Barbados,2017,0.0,14.6511627906977,16.2790697674419,650.227906976744,100.0,100.0,2.8,0.227827010523342,279598.0,50.0,622.0,10812.0
Barbados,2018,0.0,14.6511627906977,16.2790697674419,651.560465116279,100.0,100.0,4.3,0.21827487170376,280171.0,0.0,369.0,10777.0
Barbados,2019,0.0,14.6511627906977,16.2790697674419,652.816279069767,100.0,100.0,4.9,0.211188237515293,280711.0,0.0,92.0,10742.0
Barbados,2020,0.0,14.6511627906977,16.2790697674419,653.96976744186,100.0,100.0,3.4,0.199946627442374,281207.0,0.0,2625.0,10708.0
Barbados,2021,0.0,14.6511627906977,16.2790697674419,655.111627906977,100.0,100.0,4.7,0.203738063416084,281698.0,0.0,601.0,10674.0
Barbados,2022,0.0,14.6511627906977,16.2790697674419,656.155813953488,100.0,100.0,5.5,0.193764899482124,282147.0,6.0,1802.0,10640.0
Belarus,2001,0.17680156637670308,40.78423252879,30.2344612714939,49.1974779144976,79.4,83.4,5.7,0.155090481033272,9979610.0,945000.0,105300.0,6135800.0
Belarus,2002,0.17903956293939416,40.9610340951667,28.4011358482381,48.9467226045631,80.2,85.3,6.3,0.0539305326503877,9928549.0,1107845.0,106548.0,6485000.0
Belarus,2003,0.1766214401555004,41.1400736581061,27.688348313111,48.6397310049352,81.0,87.4,6.5,0.164820677505241,9865548.0,1341800.0,131300.0,6947000.0
Belarus,2004,0.17826336141840216,41.3166950982616,27.4570321359195,48.3012483606638,81.8,89.0,6.2,-0.0967183512751099,9796749.0,1517550.0,76504.0,7542300.0
Belarus,2005,0.1723244775146,41.49495845968,27.3549786751473,47.9754751867465,82.6,90.2,6.3,-0.0438831701056403,9730146.0,1517550.0,76504.0,8622000.0
Belarus,2006,0.16136509340120142,41.6672829371946,27.322970128135,47.6446879945571,83.3,91.7,6.8,-0.314201311305064,9663915.0,1517550.0,76504.0,8696000.0
Belarus,2007,0.17656633503079888,41.8286480305958,27.3035524188779,47.3372826558372,84.2,93.0,7.2,0.190193525941322,9604924.0,1517550.0,76504.0,8756100.0
Belarus,2008,0.17573998672079938,42.0052143656266,27.2004573659075,47.1212709646576,85.0,93.9,7.3,0.199978623489365,9560953.0,1517550.0,76504.0,8756100.0
Belarus,2009,0.176782047222801,42.1809543523474,27.1855378458566,46.9585563473992,85.9,94.9,7.1,0.28444549486557,9527985.0,1517550.0,76504.0,8756100.0
Belarus,2010,0.1751119705788966,42.3577363995702,27.3240741653442,46.8441433626748,86.8,95.6,7.4,0.617469916477847,9504583.0,1479488.0,5455.0,8811800.0
Belarus,2011,0.0017728905083060909,42.5328483701491,27.279179111098,46.7409685463919,87.7,96.2,7.3,0.26442904411515,9483836.0,2221923.0,35410.0,10364200.0
Belarus,2012,0.005755971364393986,42.5346212606574,27.2485338327337,46.6297521068454,88.7,96.8,7.5,0.446977582256702,9461643.0,2520000.0,13000.0,10364200.0
Belarus,2013,0.001562957620805605,42.5403772320218,27.2155111656539,46.5593029044007,89.7,97.2,7.2,0.465411081732417,9446836.0,2503354.0,13100.0,18067000.0
Belarus,2014,-0.010174880956199672,42.5419401896426,27.4001025095117,46.5393725235082,90.7,97.7,7.0,0.518275050140599,9443211.0,2699649.0,18640.0,18522300.0
Belarus,2015,0.002400955637796187,42.5317653086864,27.8958285092106,46.5506003261518,91.9,98.0,6.7,0.569408698098076,9448515.0,2469830.0,11712.0,19568000.0
Belarus,2016,0.37280360581590344,42.5341662643242,27.9705189724995,46.611337189252,93.1,98.2,6.8,0.506613702316921,9461076.0,3001552.0,26188.0,19568000.0
Belarus,2017,0.07143279405679692,42.9069698701401,28.0006699903443,46.6499448243246,94.7,98.6,6.7,0.373744765075005,9469379.0,2995434.0,31210.0,21071101.0
Belarus,2018,0.07312950646029748,42.9784026641969,28.2134904526376,46.5987595325832,96.6,98.7,7.3,0.117619458619697,9458989.0,2061700.0,45600.0,23802015.0
Belarus,2019,0.07462258508890329,43.0515321706572,28.1407035175879,46.5010592176569,98.2,98.9,7.2,0.0357363762644192,9438785.0,155213.0,40250.0,28590000.0
Belarus,2020,0.06824863375040024,43.1261547557461,28.1477101963393,46.4107506220284,100.0,99.0,7.8,0.110888078594174,9419758.0,455975.0,41400.0,26996400.0
Belarus,2021,0.0778311510307006,43.1944033894965,27.8845206424278,46.211212927382,100.0,99.1,8.4,0.0067568238978775,9379952.0,776975.0,37700.0,27049890.0
Belarus,2022,0.0629051215250982,43.2722345405272,27.7112589307711,45.8368317319537,100.0,99.3,8.2,-0.389474144015336,9302585.0,213533.0,180928.0,27289590.0
Belgium,2001,0.07440741107049931,21.9991428477236,28.4178947021396,337.957010516599,100.0,100.0,1.4,0.640146650174042,10251250.0,1181000.0,4024000.0,4510000.0
Belgium,2002,0.07440741107039983,22.0735502587941,27.8574489829559,339.121418916691,100.0,100.0,1.6,0.733884995232088,10286570.0,1041100.0,4162132.0,4215000.0
Belgium,2003,0.07440741107049931,22.1479576698645,27.4288728447565,340.64500708799,100.0,100.0,1.7,0.830462045200906,10332785.0,1028953.0,2688133.0,4500000.0
Belgium,2004,0.07440741107039983,22.222365080935,27.5277750304948,342.074077737118,100.0,100.0,1.9,0.792993029148288,10376133.0,1141521.0,2691904.0,4765000.0
Belgium,2005,0.07440741107050286,22.2967724920054,27.6926120067253,343.557742392774,100.0,100.0,2.0,0.799235835058145,10421137.0,1088278.0,2898085.0,4850000.0
Belgium,2006,0.07440741107039983,22.3711799030759,27.7915141924637,345.452708271519,100.0,100.0,2.5,0.908537998740837,10478617.0,1113000.0,3207000.0,4950000.0
Belgium,2007,0.07440741107049931,22.4455873141463,27.7585467972176,347.738700425279,100.0,100.0,2.9,1.00997898353865,10547958.0,1033369.0,3330248.0,5075000.0
Belgium,2008,0.07440741107039983,22.5199947252168,27.6596446114792,350.301651666502,100.0,100.0,3.4,1.07663461275406,10625700.0,820575.0,4145343.0,5015000.0
Belgium,2009,0.07440741107049931,22.5944021362872,27.8244815877098,353.079912966077,100.0,100.0,4.0,1.12408606699601,10709973.0,1106738.0,3712527.0,4700000.0
Belgium,2010,0.07440741107039983,22.6688095473577,27.6926120067253,355.932252002769,100.0,100.0,4.9,1.13043356206228,10796493.0,682989.0,3098601.0,4395000.0
Belgium,2011,-0.0037582830580014104,22.7432169584281,27.4948076352487,359.199090099891,100.0,100.0,6.2,1.23113435395175,10895586.0,872479.0,4254764.0,4827425.0
Belgium,2012,-0.0037582830580973337,22.7394586753701,27.1981010780338,363.902812118814,100.0,100.0,6.7,1.61007193292056,11038264.0,1030592.0,4433477.0,5128001.0
Belgium,2013,-0.0037582830581008864,22.735700392312,26.4728183826196,366.166617215574,100.0,100.0,7.7,0.920734858287189,11106932.0,1077620.0,4940920.0,5128001.0
Belgium,2014,-0.0037582830580014104,22.7319421092539,26.9013945208189,367.896581281113,100.0,100.0,8.3,0.763348350314063,11159407.0,1285230.0,4864760.0,5512140.0
Belgium,2015,-0.0037582830580973337,22.7281838261959,26.934361916065,369.533412455082,100.0,100.0,9.1,0.727273585166951,11209057.0,1278584.0,4898458.0,5412140.0
Belgium,2016,0.0,22.7244255431378,27.3464543566413,371.680875614018,100.0,100.0,9.4,0.85406436417664,11274196.0,1326487.0,4240108.0,5412140.0
Belgium,2017,0.0,22.7244255431378,28.0025055220387,373.567467774371,100.0,100.0,9.2,0.772115743211402,11331422.0,1158686.0,4106248.0,5412140.0
Belgium,2018,-0.11923746718590067,22.7244255431378,27.5607424257409,375.009329772855,100.0,100.0,9.7,0.642139017041796,11375158.0,1543266.0,3562692.0,5412140.0
Belgium,2019,-0.0007412995369016073,22.6051880759519,27.8752500573902,374.74351490506,100.0,100.0,10.7,0.703136535361722,11427054.0,1802587.0,4299540.0,5212140.0
Belgium,2020,0.0,22.604446776415,28.113268183905,376.761985964452,100.0,100.0,10.2,0.779357530690887,11488980.0,2737725.0,4278177.0,5212140.0
Belgium,2021,0.0,22.604446776415,28.3621892831377,378.38932248967,100.0,100.0,12.3,0.660743951222393,11538604.0,4981074.0,4993534.0,5212140.0
Belgium,2022,0.0,22.604446776415,28.3872237161409,379.949990161999,100.0,100.0,11.7,0.565055472554392,11586195.0,5621124.0,5324774.0,5212140.0
Belize,2001,-0.2977202981148963,63.9763261727313,2.80578693555458,10.5567295046032,65.7,67.0,34.5,3.28624015600657,240799.0,0.0,519.0,187600.0
Belize,2002,-0.2977202981149034,63.6786058746164,2.84962735642262,10.889039894783,67.5,68.5,23.9,2.97730408586968,248379.0,0.0,700.0,187600.0
Belize,2003,-0.29772029811479683,63.3808855765015,3.06882946076282,11.2235423060061,68.9,69.6,25.7,2.73340845530227,256009.0,0.0,643.0,187600.0
Belize,2004,-0.2977202981149034,63.0831652783867,3.06882946076282,11.5642262165717,70.3,70.4,24.4,2.55569420118265,263780.0,10.0,9089.0,187600.0
Belize,2005,-0.29772029811479683,62.7854449802718,3.06882946076282,11.9109162647961,71.7,71.4,26.3,2.40671966816249,271688.0,475.0,3476.0,187600.0
Belize,2006,-0.2977202981149034,62.487724682157,3.06882946076282,12.2635247698378,73.1,71.8,25.6,2.28667615363065,279731.0,475.0,3476.0,187600.0
Belize,2007,-0.2977202981148963,62.1900043840421,3.06882946076282,12.6206926786497,85.1,72.3,32.7,2.1869132305085,287878.0,230.0,1824.0,155000.0
Belize,2008,-0.29772029811480394,61.8922840859272,3.06882946076282,12.9811486190267,76.0,72.8,28.0,2.10859997346192,296100.0,66.0,3776.0,167000.0
Belize,2009,-0.2977202981148963,61.5945637878124,3.06882946076282,13.3433143358176,77.5,72.7,29.8,2.05141350697145,304361.0,2080.0,3608.0,167000.0
Belize,2010,-0.2977202981149034,61.2968434896975,3.20035072336694,13.7051293292416,78.9,72.8,25.1,2.01580464746098,312614.0,2126.0,902.0,167000.0
Belize,2011,-0.5134590092064002,60.9991231915826,3.28803156510302,14.0396755808856,84.1,73.0,29.4,1.82131281756025,320245.0,1607.0,1523.0,167000.0
Belize,2012,-0.5134590092064997,60.4856641823762,3.28803156510302,14.3488820692679,87.9,73.2,42.2,1.62502676392259,327298.0,3508.0,9152.0,167000.0
Belize,2013,-0.5134590092064997,59.9722051731697,3.41955282770715,14.6608505041648,85.7,73.3,47.9,1.58967417123142,334414.0,1975.0,389.0,167000.0
Belize,2014,-0.5134590092064997,59.4587461639632,3.41955282770715,14.977071459886,85.9,73.3,38.0,1.56743333119013,341627.0,595.0,175.0,167000.0
Belize,2015,-0.5134590092064997,58.9452871547567,3.41955282770715,15.2969311705392,86.4,73.6,37.4,1.54259490600527,348923.0,2050.0,1734.0,167000.0
Belize,2016,-0.48882069267870065,58.4318281455502,3.85795703638755,15.6217886891714,87.6,73.8,30.3,1.52490942193077,356333.0,6304.0,842.0,167000.0
Belize,2017,-0.4892590968872952,57.9430074528715,3.85795703638755,15.9888206926786,89.4,74.0,33.3,1.74147616449427,364705.0,2415.0,291.0,167000.0
Belize,2018,-0.4888206926786012,57.4537483559842,3.94563787812363,16.3613327487944,90.9,74.1,37.2,1.71598694967655,373202.0,656.0,823.0,167000.0
Belize,2019,-0.48925909688740177,56.9649276633056,3.94563787812363,16.6692678649715,86.5,74.1,35.5,1.27296520458128,380226.0,312.0,3295.0,167000.0
Belize,2020,-0.4892590968873023,56.4756685664182,4.03331871985971,16.9149057430951,87.8,74.1,30.4,0.86570647587542,385829.0,180.0,16113.0,167000.0
Belize,2021,-0.4892590968872952,55.9864094695309,4.29636124506795,17.1333625602806,95.5,74.3,31.4,0.680250161012556,390812.0,77.0,1177.0,167000.0
Belize,2022,-0.4892590968873023,55.4971503726436,4.38404208680403,17.3321350284963,97.1,74.4,26.6,0.544468126582082,395346.0,6000.0,4690.0,167000.0
Benin,2001,-0.4434196523590046,36.6721355090458,21.106775452288,64.0441557289819,5.4,0.2,70.3,3.88786909395408,7221619.0,591.0,48001.0,6242329.0
Benin,2002,-0.4434196523589975,36.2287158566868,21.7275629655906,66.0304717985101,4.4,0.2,66.9,3.94566327052938,7445596.0,2000.0,48001.0,6294375.0
Benin,2003,-0.4434196523589975,35.7852962043278,22.6144022703086,68.0686945725434,6.8,0.3,64.0,4.03177961555619,7675426.0,15300.0,66001.0,6352969.0
Benin,2004,-0.4434196523590046,35.3418765519688,23.5012415750266,70.1762149698475,7.4,0.3,61.7,4.1036863782595,7913070.0,28300.0,66001.0,6383125.0
Benin,2005,-0.4434196523589975,34.8984568996098,23.5012415750266,72.3580525008868,7.9,0.4,60.7,4.16080169303907,8159094.0,47900.0,15001.0,6414859.0
Benin,2006,-0.4434196523589975,34.4550372472508,23.5367151472153,74.7263568641362,8.5,0.5,59.2,4.3613203982248,8426144.0,53900.0,15001.0,6448188.0
Benin,2007,-0.4434196523590046,34.0116175948918,22.1709826179496,77.0950869102519,7.9,0.6,57.3,4.29950092533551,8693242.0,51900.0,16.0,6612554.0
Benin,2008,-0.4434196523589975,33.5681979425328,22.1709826179496,79.4073164242639,9.7,0.7,54.5,4.16866939711149,8953969.0,50216.0,165.0,6568000.0
Benin,2009,-0.4434196523589975,33.1247782901738,22.1709826179496,81.8416637105357,10.3,0.8,54.8,4.26452160146063,9228466.0,50516.0,45.0,6611200.0
Benin,2010,-0.4434196523590046,32.6813586378148,22.1709826179496,84.3333008158922,10.9,0.9,52.8,4.27207587479964,9509423.0,14911.0,15.0,6655498.0
Benin,2011,-0.4434196523589975,32.2379389854558,22.1709826179496,86.8879389854558,10.6,0.9,47.2,4.28225895129775,9797484.0,87716.0,1.0,6741503.0
Benin,2012,-0.44341965235900105,31.7945193330968,22.1709826179496,89.5142160340546,13.6,1.0,48.7,4.29782353859138,10093623.0,237702.0,34.0,6784761.0
Benin,2013,-0.4434196523589016,31.3510996807378,23.0578219226676,92.2105090457609,14.6,1.1,50.3,4.30674713102812,10397657.0,262024.0,191.0,6884592.0
Benin,2014,-0.4434196523589975,30.9076800283789,23.9446612273856,94.9701489890032,13.4,1.2,52.0,4.30804043455076,10708834.0,237025.0,5324.0,6880015.0
Benin,2015,-0.44341965235900105,30.4642603760199,23.9446612273856,97.8184107839659,16.2,1.3,51.0,4.37327321723222,11030004.0,354013.0,171.0,6955050.0
Benin,2016,-0.44341965235900105,30.0208407236609,23.9446612273856,100.750984391628,11.1,1.3,49.9,4.38482275823725,11360681.0,220151.0,85.0,6798877.0
Benin,2017,-0.4434196523589975,29.5774210713019,24.8315005321036,103.741060659808,15.2,1.4,45.4,4.36972283746272,11697842.0,133671.0,88.0,6921148.0
Benin,2018,-0.44341965235900105,29.1340014189429,26.5482165661582,106.773501241575,17.2,1.5,45.4,4.33975713790507,12039780.0,41208.0,801.0,6952183.0
Benin,2019,-0.44341965235900105,28.6905817665839,30.291952820149,109.820388435615,16.3,1.6,44.0,4.28497689850954,12383347.0,66872.0,181.0,6984488.0
Benin,2020,-0.4434196523589975,28.2471621142249,31.3762185172047,112.865865555161,16.9,1.7,46.5,4.21879370461655,12726755.0,34942.0,619.0,7018070.0
Benin,2021,-0.44341965235900105,27.8037424618659,29.5429106065981,115.911395885066,17.4,1.8,46.2,4.15735693765436,13070169.0,7894.0,1393.0,7052935.0
Benin,2022,-0.44341965235900105,27.3603228095069,30.9233283079106,118.955454061724,18.0,1.9,54.5,4.09776573732486,13413417.0,27060.0,568.0,7090420.0
Bermuda,2016,0.0,18.5185185185185,5.55555555555556,1175.25925925926,100.0,,0.6,-0.102367855986115,63464.0,0.0,3281.0,
Bermuda,2017,0.0,18.5185185185185,5.55555555555556,1174.98148148148,100.0,,1.1,-0.0236382404794606,63449.0,0.0,4642.0,
Bermuda,2018,0.0,18.5185185185185,5.55555555555556,1177.37037037037,100.0,,0.6,0.203106496014494,63578.0,0.0,2081.0,
Bermuda,2019,0.0,18.5185185185185,5.55555555555556,1182.05555555556,100.0,,0.7,0.397146720463835,63831.0,1.0,828.0,
Bermuda,2020,0.0,18.5185185185185,5.55555555555556,1187.16666666667,100.0,,0.8,0.431459657274573,64107.0,19.0,5425.0,
Bermuda,2021,0.0,18.5185185185185,5.55555555555556,1192.25925925926,100.0,,0.9,0.428052860400863,64382.0,0.0,14913.0,
Bermuda,2022,0.0,18.5185185185185,5.55555555555556,1197.18518518519,100.0,,0.9,0.412307799470159,64648.0,0.0,14745.0,
Bhutan,2001,0.2494723618089978,65.4773869346734,3.86934673366834,14.9965577889447,8.8,8.9,91.4,4.99570174695617,596863.0,0.0,0.0,4354796.0
Bhutan,2002,0.24947236180909726,65.7268592964824,3.89447236180905,15.3465829145729,19.8,11.9,90.2,4.78053990188071,610794.0,0.0,0.0,4417723.0
Bhutan,2003,0.2494723618089978,65.9763316582915,3.91959798994975,15.6886683417085,23.9,15.0,89.7,4.5823014291638,624409.0,0.0,0.0,4480414.0
Bhutan,2004,3.1845902921485987,66.2258040201005,3.94472361809045,16.0216834170854,18.5,18.8,89.7,4.38678686940282,637663.0,17163.0,0.0,4545689.0
Bhutan,2005,0.2604874465462075,69.4103943122491,4.14513209329171,17.0670304588504,32.5,22.9,90.9,4.19784081424795,650544.0,2767.0,0.0,4611867.0
Bhutan,2006,0.26048744654619327,69.6708817587953,4.38124721252984,17.3640370438387,43.2,27.1,88.7,3.83744546721667,661865.0,2767.0,0.0,4679168.0
Bhutan,2007,0.260487446546108,69.9313692053415,3.96935750452554,17.5984206522024,42.0,31.7,91.6,3.35192574301546,670799.0,2767.0,0.0,4737049.0
Bhutan,2008,0.26048744654619327,70.1918566518876,3.57583230579531,17.8041556260986,58.9,36.3,92.0,3.06794922668367,678641.0,2767.0,0.0,4963900.0
Bhutan,2009,0.260487446546108,70.4523440984338,2.62350132486817,18.0064275782459,52.3,41.1,87.8,2.94638646918157,686351.0,2767.0,0.0,4980000.0
Bhutan,2010,0.26048744654619327,70.7128315449799,2.62350132486817,18.2067843744261,57.7,45.45,87.8,2.84908815342163,693988.0,2767.0,0.0,4967000.0
Bhutan,2011,0.05189285620589601,70.9733189915261,2.63924233281738,18.407324815699,59.4,49.9,84.8,2.77772550771019,701632.0,2812.0,1297.0,5035000.0
Bhutan,2012,0.05189285620591022,71.025211847732,2.62874832751791,18.6105149933101,72.1,54.3,84.9,2.73169433592469,709377.0,2812.0,777.0,5025103.0
Bhutan,2013,0.05189285620589601,71.0771047039379,2.62874832751791,18.8178240680012,86.9,58.3,82.8,2.70564318283192,717279.0,2787.0,337.0,5078401.0
Bhutan,2014,0.05189285620589601,71.1289975601438,2.62874832751791,19.0275467639111,80.3,62.1,81.7,2.68127108893837,725273.0,2787.0,300.0,5128760.0
Bhutan,2015,0.05189285620589601,71.1808904163497,2.62874832751791,19.2339113781252,86.4,66.0,82.1,2.63692532080841,733139.0,2787.0,300.0,5184336.0
Bhutan,2016,0.0014868616726033679,71.2327832725556,2.62874832751791,19.4301230422121,92.6,69.2,81.6,2.56807051759891,740618.0,20.0,153.0,5239825.0
Bhutan,2017,0.051908557046999704,71.2342701342282,2.62164429530201,19.6063863255034,99.0,72.4,80.8,2.53175320399705,747866.0,20.0,153.0,5279812.0
Bhutan,2018,0.059390265200903514,71.2861786912752,2.4774538590604,19.7759804949664,96.8,75.1,79.7,2.43213042782636,754335.0,0.0,0.0,5320254.0
Bhutan,2019,0.04929208180389821,71.3455689564761,2.46460409019402,19.920267435763,99.9,77.5,80.0,2.29263376157455,759759.0,0.0,6.0,5361159.0
Bhutan,2020,0.05243838489779762,71.39486103828,2.46460409019402,20.0530676455165,100.0,80.1,81.0,2.23422133485435,764824.0,0.0,6.0,5402530.0
Bhutan,2021,0.05243838489769814,71.4472994231778,2.50393287886733,20.1889355007866,100.0,81.9,83.9,2.23481490884737,770006.0,0.0,0.0,5444372.0
Bhutan,2022,0.05243838489781183,71.4997378080755,2.54326166754064,20.3314630309386,100.0,84.1,81.8,2.24996873382202,775442.0,0.0,4.0,5482955.0
Bolivia,2001,-0.18604080125550126,50.8643865965107,2.90224314594295,7.94454537062679,28.2,18.4,29.2,2.48487925190585,8606326.0,3070.0,1200.0,2609914.0
Bolivia,2002,-0.18604080125539468,50.6783457952552,2.90778177790086,8.07969722145297,28.0,19.1,29.0,2.45786073210311,8752736.0,958.0,856.0,2721520.0
Bolivia,2003,-0.1860408012554018,50.4923049939998,3.04624757684852,8.21596510661866,22.5,20.2,28.1,2.4415804320936,8900355.0,2305.0,798.0,2727753.0
Bolivia,2004,-0.1860408012554018,50.3062641927444,3.24379211668051,8.35474937690391,35.0,21.5,27.0,2.42539573531518,9050700.0,4320.0,1200.0,2855626.0
Bolivia,2005,-0.18604080125550126,50.120223391489,3.30379396289117,8.49652635465707,40.3,23.4,25.8,2.41410019705844,9204287.0,6267.0,1360.0,2958150.0
Bolivia,2006,-0.18604080125539468,49.9341825902335,3.51333887196529,8.64096187575002,29.5,25.6,24.6,2.39964143893467,9360754.0,5619.0,2300.0,3061337.0
Bolivia,2007,-0.1860408012554018,49.7481417889781,3.63221434505677,8.78952183144097,41.6,28.0,23.7,2.40272120124863,9521689.0,8641.0,5618.0,3179860.0
Bolivia,2008,-0.1860408012554018,49.5621009877227,3.75108981814825,8.94116126650051,46.5,30.9,22.1,2.39417978259317,9685960.0,10553.0,7258.0,3198800.0
Bolivia,2009,-0.1860408012554018,49.3760601864673,3.8699651989292,9.09337948859965,57.0,33.6,21.3,2.35875085977442,9850858.0,17226.0,1883.0,3218800.0
Bolivia,2010,-0.18604080125549416,49.1900193852119,3.98884067202068,9.24607680236315,63.3,36.4,20.6,2.32426365025958,10016275.0,14394.0,1888.0,3242150.0
Bolivia,2011,-0.19547493769040614,49.0039785839564,4.10771614511216,9.39937690390474,66.4,39.2,19.9,2.29309010425276,10182345.0,12621.0,6712.0,3292841.0
Bolivia,2012,-0.19547493769039903,48.808503646266,4.23213025016154,9.55315148158405,66.6,41.7,18.1,2.26243348520799,10348929.0,20508.0,8144.0,3310861.0
Bolivia,2013,-0.19547493769029956,48.6130287085756,4.35746736822671,9.7071974522293,72.2,44.1,17.4,2.23269733778787,10515807.0,16000.0,6267.0,3329260.0
Bolivia,2014,-0.19547493769039903,48.4175537708853,4.48280457860242,9.86117234376442,68.5,46.0,16.0,2.18378253730469,10682608.0,10338.0,6968.0,3348041.0
Bolivia,2015,-0.19547493769039903,48.2220788331949,4.60537247299917,10.0146662974245,70.3,48.3,15.0,2.08649576914007,10848888.0,10732.0,13412.0,3377208.0
Bolivia,2016,-0.25527554693989885,48.0266038955045,4.59337210375704,10.1677328533186,74.3,50.4,14.2,2.04221674881054,11014705.0,12996.0,8302.0,4118766.0
Bolivia,2017,-0.23858580264010243,47.7713283485646,4.46413735807256,10.3203360103388,74.9,52.7,13.6,1.99842910811731,11180020.0,12951.0,5300.0,3887293.0
Bolivia,2018,-0.22060371088340247,47.5327425459245,4.33213329640912,10.4722486845749,74.8,55.0,14.3,1.95340392867073,11344587.0,15610.0,2046.0,3853042.0
Bolivia,2019,-0.20260315702019938,47.3121388350411,4.57080125542324,10.6234357980246,77.6,57.6,14.3,1.90931653258492,11508368.0,13381.0,2587.0,3955015.0
Bolivia,2020,-0.1846210652635989,47.1095356780209,4.84781279423982,10.7739185821102,84.9,60.5,13.5,1.86668783176649,11671386.0,12677.0,304.0,4017212.0
Bolivia,2021,-0.1966091572047972,46.9249146127573,4.86957629465522,10.9076885442629,90.9,63.0,16.9,1.67862306674807,11816299.0,14893.0,0.0,3738633.0
Bolivia,2022,-0.18861709591070053,46.7283054555525,4.98791673589957,11.0194405981723,95.1,65.9,12.8,1.44780191806532,11937360.0,44103.0,56.0,4280257.0
Bosnia and Herzegovina,2001,-0.017558593750003126,41.2431640625,19.53125,81.24552734375,98.9,33.0,19.4,1.47253005956612,4159771.0,0.0,0.0,4282000.0
Bosnia and Herzegovina,2002,-0.01755859374999602,41.22560546875,19.7265625,81.6296484375,99.6,31.9,20.3,1.22585460257396,4179438.0,0.0,0.0,3818000.0
Bosnia and Herzegovina,2003,-0.017558593750003126,41.208046875,19.47265625,81.7969140625,97.9,30.4,21.2,0.951550556689194,4188002.0,0.0,0.0,4224000.0
Bosnia and Herzegovina,2004,-0.01755859374999602,41.19048828125,19.86328125,81.61177734375,98.9,29.15,20.1,0.512911689302017,4178523.0,132970.0,0.0,4097886.0
Bosnia and Herzegovina,2005,-0.017558593750003126,41.1729296875,20.078125,80.87865234375,98.9,27.8,20.1,-0.170072467630351,4140987.0,437733.0,13387.0,3993000.0
Bosnia and Herzegovina,2006,-0.01755859374999602,41.15537109375,20.01953125,80.00962890625,98.9,26.4,19.7,-0.355166450462684,4096493.0,445510.0,53634.0,3806000.0
Bosnia and Herzegovina,2007,-0.017558593750003126,41.1378125,20.05859375,79.36078125,99.1,25.5,18.1,-0.0962931101497754,4063272.0,445510.0,53634.0,4105000.0
Bosnia and Herzegovina,2008,-0.01755859374999602,41.12025390625,19.9609375,78.3871875,99.8,23.9,14.8,-0.523404548361185,4013424.0,409002.0,30371.0,3752000.0
Bosnia and Herzegovina,2009,-0.017558593750003126,41.1026953125,19.6875,77.10046875,99.0,22.8,14.3,-0.951098112817447,3947544.0,555710.0,153150.0,4011000.0
Bosnia and Herzegovina,2010,-0.017558593750003126,41.08513671875,19.47265625,75.7772265625,99.0,21.7,17.4,-1.0340809730766,3879794.0,586230.0,54320.0,3428530.0
Bosnia and Herzegovina,2011,0.22593750000000057,41.067578125,19.609375,74.4428125,99.1,20.7,19.6,-1.08646430373777,3811472.0,706100.0,112020.0,3879000.0
Bosnia and Herzegovina,2012,0.22593750000000057,41.293515625,19.62890625,73.0819921875,99.7,19.8,14.2,-1.16145833489124,3741798.0,826000.0,117000.0,4171000.0
Bosnia and Herzegovina,2013,0.22593750000000057,41.519453125,19.58984375,71.68189453125,99.5,18.6,15.3,-1.25769751557954,3670113.0,742000.0,48000.0,4090000.0
Bosnia and Herzegovina,2014,0.22593750000000057,41.745390625,19.70703125,70.52458984375,99.1,18.0,19.5,-0.918780584901492,3610859.0,825000.0,34000.0,4335000.0
Bosnia and Herzegovina,2015,0.22593750000000057,41.971328125,19.6484375,69.62556640625,99.9,17.1,23.6,-0.354936654609947,3564829.0,814000.0,22628.0,4152200.0
Bosnia and Herzegovina,2016,0.31269531249999716,42.197265625,19.9609375,68.72150390625,99.4,16.2,25.2,-0.376929928973779,3518541.0,739080.0,44396.0,4421710.0
Bosnia and Herzegovina,2017,0.22265625,42.5099609375,20.0390625,67.83208984375,100.0,15.5,23.0,-0.353411503493823,3473003.0,898150.0,43060.0,4573100.0
Bosnia and Herzegovina,2018,0.0,42.7326171875,20.703125,66.9664453125,100.0,14.7,18.5,-0.316765999645651,3428682.0,973050.0,36080.0,4375300.0
Bosnia and Herzegovina,2019,0.0,42.7326171875,20.09765625,66.15234375,100.0,14.3,35.4,-0.237978500359108,3387000.0,894390.0,84450.0,4613406.0
Bosnia and Herzegovina,2020,0.0,42.7326171875,19.82421875,65.34244140625,100.0,13.5,36.8,-0.22996508148154,3345533.0,708410.0,159490.0,4458000.0
Bosnia and Herzegovina,2021,0.0,42.7326171875,19.82421875,64.44041015625,100.0,13.4,37.7,-0.372201580556775,3299349.0,609500.0,163590.0,4303000.0
Bosnia and Herzegovina,2022,0.0,42.7326171875,19.6875,63.37708984375,100.0,12.2,36.6,-0.63089772531694,3244907.0,771710.0,146080.0,4225000.0
Botswana,2001,-0.20874137596389986,31.0918779665802,0.617578035396044,2.95975508619625,12.1,19.8,38.5,3.56937779145218,1677382.0,,400.0,740448.0
Botswana,2002,-0.20874137596380038,30.8831365906163,0.352901734512025,3.02128703262577,10.4,21.3,37.5,3.6319460877134,1712254.0,,400.0,744809.0
Botswana,2003,-0.20874137596389986,30.6743952146525,0.432304624777231,3.07864944506202,6.4,22.7,36.1,3.65102278031213,1744763.0,,400.0,749515.0
Botswana,2004,-0.20874137596380038,30.4656538386886,0.344079191149224,3.13330157217723,16.4,24.3,36.2,3.71020357019451,1775736.0,,400.0,754570.0
Botswana,2005,-0.20874137596389986,30.2569124627248,0.398778959998588,3.18872478958234,17.9,25.3,34.3,3.80066138928458,1807146.0,,400.0,759980.0
Botswana,2006,-0.20874137596389986,30.0481710867609,0.376722601591587,3.24647892294391,19.3,26.3,33.0,3.86113072010981,1839877.0,,400.0,765750.0
Botswana,2007,-0.20874137596380038,29.839429710797,0.354666243184585,3.30759973885272,20.7,26.6,31.8,3.87807745558753,1874516.0,,400.0,770032.0
Botswana,2008,-0.20874137596389986,29.6306883348332,0.321140578405943,3.37233073950558,21.3,27.3,29.0,3.83172166231267,1911201.0,,400.0,774000.0
Botswana,2009,-0.20874137596389986,29.4219469588693,0.492297919644275,3.44073897623207,21.6,27.9,27.8,3.72082898466704,1949970.0,,400.0,778900.0
Botswana,2010,-0.20874137596380038,29.2132055829054,0.557584740529,3.51255977273128,16.2,27.9,28.9,3.53963448967082,1990673.0,,5697.0,783556.0
Botswana,2011,-0.20874137596389986,29.0044642069416,0.457007746193072,3.58744199177739,25.2,28.3,29.9,3.28879233538026,2033111.0,,8490.0,788295.0
Botswana,2012,-0.20874137596389986,28.7957228309777,0.571700809909481,3.65877049035696,25.2,28.5,28.9,2.79092713809452,2073535.0,8.0,8713.0,791401.0
Botswana,2013,-0.20874137596380038,28.5869814550138,0.502884971679636,3.72067298360771,25.3,28.3,27.8,2.27038481961917,2108617.0,44.0,7117.0,794538.0
Botswana,2014,-0.20874137596389986,28.37824007905,0.494062428316835,3.77725195419335,25.9,28.1,26.7,2.06457526078877,2140682.0,1.0,5999.0,797706.0
Botswana,2015,-0.20874137596379683,28.1694987030861,0.70933248636917,3.83259047518219,26.8,28.0,25.8,1.97586089570463,2172044.0,130.0,3061.0,800906.0
Botswana,2016,-0.2087413759639034,27.9607573271223,0.458066451396609,3.88769431651757,26.5,27.75,26.1,1.90850647582917,2203273.0,2.0,1899.0,804139.0
Botswana,2017,-0.20874137596389986,27.7520159511584,0.458066451396609,3.94328163322923,28.8,27.6,26.7,1.85382980093925,2234776.0,37.0,1948.0,804218.0
Botswana,2018,-0.20874137596379683,27.5432745751945,0.458066451396609,3.99969473999965,31.0,27.4,26.7,1.80135794157243,2266747.0,2.0,18630.0,804300.0
Botswana,2019,-0.2087413759639034,27.3345331992307,0.458066451396609,4.05685423393856,29.1,27.2,25.6,1.74036227397811,2299141.0,132.0,42478.0,804385.0
Botswana,2020,-0.20874137596389986,27.1257918232668,0.458772254865633,4.11498067863004,27.9,27.1,26.2,1.67814232532808,2332083.0,40.0,77316.0,804472.0
Botswana,2021,-0.20874137596379683,26.9170504473029,0.458772254865633,4.17464048135797,26.2,26.7,27.7,1.62265167998702,2365894.0,35.0,69289.0,804563.0
Botswana,2022,-0.20874137596389986,26.7083090713391,0.458772254865633,4.23736347114146,25.0,26.7,27.4,1.59573994219443,2401441.0,0.0,64820.0,804644.0
Brazil,2001,-0.47268770324500053,65.9343586013156,5.43757343140938,20.8202162203552,74.6,55.4,42.7,2.11961613870917,174018282.0,753600.0,25640.0,235401621.0
Brazil,2002,-0.47268770324488685,65.4616708980706,5.50660792951542,21.0933536648106,81.9,56.55,41.3,1.85343169136034,176301203.0,563079.0,90034.0,223256218.0
Brazil,2003,-0.4726877032451,64.9889831948257,5.57564242762146,21.3568430296693,84.1,58.0,42.9,1.72837458122615,178503484.0,950611.0,16480.0,230912063.0
Brazil,2004,-0.47268770324490106,64.5162954915806,5.64467692572749,21.610392742883,85.3,59.3,45.1,1.61792423832168,180622688.0,123305.0,19157.0,255902476.0
Brazil,2005,-0.47268770324500764,64.0436077883357,5.71371142383353,21.8559563491399,83.5,60.8,45.2,1.52697920659059,182675143.0,100021.0,14005.0,243254745.0
Brazil,2006,-0.47268770324500053,63.5709200850907,5.78274592193957,22.0967943824822,84.8,62.0,46.1,1.46073467565998,184688101.0,25004.0,12464.0,231569000.0
Brazil,2007,-0.47268770324500053,63.0982323818457,5.85225899542243,22.3318951345634,87.2,63.6,46.7,1.39918487577637,186653106.0,7225.0,16490.0,229984000.0
Brazil,2008,-0.47268770324489395,62.6255446786007,5.92679711036187,22.5591243984906,89.8,65.2,47.2,1.33735429441892,188552320.0,18553.0,8000.0,235158000.0
Brazil,2009,-0.47268770324500053,62.1528569753558,6.00121558145712,22.7762758221327,91.9,66.7,47.0,1.2751176413848,190367302.0,27473.0,18832.0,229064000.0
Brazil,2010,-0.47268770324500053,61.6801692721108,6.07575369639657,22.9811837322658,93.6,68.0,48.9,1.21281560260939,192079951.0,5610.0,39761.0,226707000.0
Brazil,2011,-0.18415341212280367,61.2074815688658,6.15029181133602,23.175243415401,92.1,69.8,46.8,1.16628221038283,193701929.0,34254.0,28788.0,235432000.0
Brazil,2012,-0.18415341212279657,61.023328156743,6.22471028243126,23.3646162902273,96.2,71.3,45.2,1.14373726656016,195284734.0,91766.0,31302.0,253144000.0
Brazil,2013,-0.18415341212280367,60.8391747446202,6.29924839737071,23.555014752086,97.2,72.7,43.5,1.13582229672967,196876111.0,86776.0,39750.0,266769000.0
Brazil,2014,-0.18415341212279657,60.6550213324974,6.37366686846595,23.7467066835444,97.5,74.0,42.3,1.12835615908882,198478299.0,115017.0,38402.0,261381000.0
Brazil,2015,-0.18412948335389956,60.4708679203746,6.4482049834054,23.93895376244,97.9,75.2,41.7,1.11754171317172,200085127.0,196279.0,31177.0,261563000.0
Brazil,2016,-0.21571785110090502,60.2867384370207,6.52274309834485,24.1292359304821,98.2,76.5,43.7,1.09609675577337,201675532.0,110555.0,16430.0,247998050.0
Brazil,2017,-0.2380912499670984,60.0710205859198,6.59716156944009,24.3137963709629,98.5,77.8,45.4,1.05925972214881,203218114.0,174206.0,46461.0,267575000.0
Brazil,2018,-0.12454924181690075,59.8329293359527,6.67158004053533,24.4915070817191,99.2,78.8,45.3,1.01821425229253,204703445.0,248974.0,11136.0,271537000.0
Brazil,2019,-0.1497940929441981,59.7083800941358,6.66870858827442,24.659465024515,98.4,79.7,46.9,0.965855875269478,206107261.0,402144.0,39139.0,282103000.0
Brazil,2020,-0.14110794985479913,59.5585860011916,6.66583713601351,24.8207686159839,98.5,80.5,47.5,0.926629993198714,207455459.0,903200.0,34377.0,264561000.0
Brazil,2021,-0.1469944269896999,59.4174780513368,6.66296568375261,24.9649852718428,98.7,81.2,50.0,0.845977299612384,208660842.0,1686384.0,11982.0,276865000.0
Brazil,2022,-0.1429743938245025,59.2704836243471,6.6600942314917,25.0714027283582,97.3,82.2,46.5,0.683749836538948,209550294.0,2765157.0,37530.0,292596000.0
British Virgin Islands,2001,-0.019999999999999574,24.4666666666667,6.66666666666667,134.94,96.7,,0.9,2.78044282040668,20241.0,,179.0,1032.0
British Virgin Islands,2002,-0.019999999999999574,24.4466666666667,6.66666666666667,138.64,96.8,,0.9,2.80826066240029,20796.0,,179.0,1070.0
British Virgin Islands,2003,-0.020000000000003126,24.4266666666667,6.66666666666667,142.866666666667,96.9,,0.8,3.99290453246783,21430.0,,179.0,1110.0
British Virgin Islands,2004,-0.019999999999999574,24.4066666666667,6.66666666666667,147.56,97.0,,0.8,4.1986791416892,22134.0,,179.0,1151.0
British Virgin Islands,2005,-0.019999999999999574,24.3866666666667,6.66666666666667,152.54,97.1,,0.8,4.32271125552629,22881.0,,179.0,1194.0
British Virgin Islands,2006,-0.019999999999999574,24.3666666666667,6.66666666666667,157.766666666667,97.3,,0.8,4.41444174593729,23665.0,,179.0,1239.0
British Virgin Islands,2007,-0.019999999999999574,24.3466666666667,6.66666666666667,163.286666666667,97.4,,0.7,4.52369276112861,24493.0,,179.0,1267.0
British Virgin Islands,2008,-0.019999999999999574,24.3266666666667,6.66666666666667,169.106666666667,97.6,,0.7,4.62807525640062,25366.0,,179.0,1296.0
British Virgin Islands,2009,-0.019999999999999574,24.3066666666667,6.66666666666667,175.253333333333,97.7,,0.7,4.72650915589458,26288.0,,179.0,1325.0
British Virgin Islands,2010,-0.019999999999999574,24.2866666666667,6.66666666666667,181.453333333333,97.9,,0.7,4.66576082234558,27218.0,,2641.0,1355.0
British Virgin Islands,2011,-0.02666666666670281,24.2666666666667,6.66666666666667,184.5,97.5,,0.7,2.88728776975261,27675.0,,1481.0,1355.0
British Virgin Islands,2012,-0.026666666666699257,24.24,6.66666666666667,191.4,98.0,,0.9,4.92912917168775,28710.0,,2087.0,1416.0
British Virgin Islands,2013,-0.02666666666659978,24.2133333333333,6.66666666666667,202.3,98.2,,0.9,6.82751296204526,30345.0,,3976.0,1445.0
British Virgin Islands,2014,-0.026666666666699257,24.1866666666667,6.66666666666667,211.353333333333,98.4,,1.0,5.68618168072113,31703.0,,10614.0,1476.0
British Virgin Islands,2015,-0.026666666666699257,24.16,6.66666666666667,219.746666666667,98.7,,1.0,5.23733318029173,32962.0,,3719.0,1507.0
British Virgin Islands,2016,0.0,24.1333333333333,6.66666666666667,229.986666666667,100.0,,1.0,5.92417335551056,34498.0,0.0,1461.0,1539.0
British Virgin Islands,2017,0.0,24.1333333333333,6.66666666666667,225.853333333333,100.0,,1.0,-0.422635050318147,33878.0,0.0,670.0,1568.0
British Virgin Islands,2018,0.0,24.1333333333333,6.66666666666667,217.993333333333,100.0,,1.1,-2.1283723577978,32699.0,0.0,948.0,1598.0
British Virgin Islands,2019,0.0,24.1333333333333,6.66666666666667,231.046666666667,100.0,,1.2,7.25358406471661,34657.0,0.0,556.0,1628.0
British Virgin Islands,2020,0.0,24.1333333333333,6.66666666666667,242.633333333333,100.0,,1.2,6.35460762171749,36395.0,0.0,9054.0,1659.0
British Virgin Islands,2021,0.0,24.1333333333333,6.66666666666667,247.566666666667,100.0,,1.3,3.48887573960334,37135.0,0.0,5869.0,1690.0
British Virgin Islands,2022,0.0,24.1333333333333,6.66666666666667,252.06,100.0,,1.3,3.29776845083359,37809.0,0.0,10228.0,1723.0
Brunei Darussalam,2001,-0.3225806451611959,75.3320683111954,0.759013282732448,61.9400379506641,100.0,100.0,0.0,2.8033002729164,326424.0,1035.0,189.0,126232.0
Brunei Darussalam,2002,-0.3225806451613096,75.0094876660342,0.759013282732448,63.253320683112,100.0,100.0,0.0,2.70466798589557,333345.0,1035.0,257.0,129750.0
Brunei Darussalam,2003,-0.32258064516129537,74.6869070208729,0.759013282732448,64.5349146110057,100.0,100.0,0.0,2.62405907233626,340099.0,1035.0,121.0,127269.0
Brunei Darussalam,2004,-0.32258064516129537,74.3643263757116,0.759013282732448,65.7755218216319,100.0,100.0,0.0,2.56133164564683,346637.0,303.0,1544.0,123690.0
Brunei Darussalam,2005,-0.3225806451613096,74.0417457305503,0.759013282732448,66.9660341555977,100.0,100.0,0.0,2.46634308535413,352911.0,303.0,259.0,123713.0
Brunei Darussalam,2006,-0.32258064516129537,73.719165085389,0.759013282732448,68.1055028462998,100.0,100.0,0.0,2.34941515081342,358916.0,303.0,259.0,134137.0
Brunei Darussalam,2007,-0.32258064516129537,73.3965844402277,0.759013282732448,69.1960151802657,100.0,100.0,0.0,2.21474575888683,364663.0,303.0,259.0,134143.0
Brunei Darussalam,2008,-0.3225806451613096,73.0740037950664,0.759013282732448,70.3743833017078,100.0,100.0,0.0,2.25373209014653,370873.0,303.0,324.0,134200.0
Brunei Darussalam,2009,-0.32258064516129537,72.7514231499051,0.759013282732448,71.6874762808349,100.0,100.0,0.0,2.32906293996389,377793.0,289.0,266.0,119000.0
Brunei Darussalam,2010,-0.32258064516129537,72.4288425047438,0.759013282732448,73.0459203036053,100.0,100.0,0.0,2.24871692257595,384952.0,289.0,292.0,118968.0
Brunei Darussalam,2011,0.0,72.1062618595825,0.759013282732448,74.4462998102467,100.0,100.0,0.0,2.13763231763551,392332.0,289.0,243.0,118979.0
Brunei Darussalam,2012,0.0,72.1062618595825,0.759013282732448,75.7853889943074,100.0,100.0,0.0,1.86442097275366,399389.0,289.0,243.0,118972.0
Brunei Darussalam,2013,0.0,72.1062618595825,0.759013282732448,76.9557874762808,100.0,100.0,0.0,1.47876574530849,405557.0,4.0,177.0,118966.0
Brunei Darussalam,2014,0.0,72.1062618595825,0.759013282732448,78.026944971537,100.0,100.0,0.0,1.25491357830479,411202.0,28.0,930.0,118961.0
Brunei Darussalam,2015,0.0,72.1062618595825,0.759013282732448,79.0796963946869,100.0,100.0,0.0,1.18247146979674,416750.0,67.0,170.0,118957.0
Brunei Darussalam,2016,0.0,72.1062618595825,0.759013282732448,80.1161290322581,100.0,100.0,0.0,1.1569604707954,422212.0,12.0,72.0,96654.0
Brunei Darussalam,2017,0.0,72.1062618595825,0.759013282732448,81.1316888045541,100.0,100.0,0.0,1.17059243594279,427564.0,12.0,5.0,91650.0
Brunei Darussalam,2018,0.0,72.1062618595825,0.759013282732448,82.1199240986717,100.0,100.0,0.0,1.16538370595317,432772.0,0.0,23.0,77192.0
Brunei Darussalam,2019,0.0,72.1062618595825,0.759013282732448,83.0759013282732,100.0,100.0,0.0,1.11655140087142,437810.0,0.0,63.0,91033.0
Brunei Darussalam,2020,0.0,72.1062618595825,0.759013282732448,84.0,100.0,100.0,0.0,1.07311763309346,442680.0,0.0,1.0,100036.0
Brunei Darussalam,2021,0.0,72.1062618595825,0.759013282732448,84.896394686907,100.0,100.0,0.0,1.03781376044761,447404.0,0.0,155.0,82956.0
Brunei Darussalam,2022,0.0,72.1062618595825,0.759013282732448,85.715559772296,100.0,100.0,0.0,0.949608642411604,451721.0,0.0,1.0,82198.0
Bulgaria,2001,0.3272168489559988,30.507095724487,31.8720057850493,73.8513242339329,77.8,,8.0,-0.178227572734904,8170172.0,360000.0,105000.0,4783890.0
Bulgaria,2002,0.8513491912628979,30.834312573443,31.3386965560879,72.3957516044473,78.6,,7.2,-0.63229130442258,8009142.0,308045.0,124068.0,3991890.0
Bulgaria,2003,0.34155162133799877,31.6856617647059,30.8363970588235,72.0327297794118,79.5,,8.7,-1.75362841741821,7837161.0,224273.0,71000.0,4832890.0
Bulgaria,2004,0.3357877173028996,32.0272133860439,30.5507033189299,71.4841132665257,80.3,,9.2,-0.368563396885562,7775327.0,224270.0,71000.0,4832890.0
Bulgaria,2005,0.3689576595398023,32.3630011033468,30.4615667524825,70.953107760206,81.2,,9.6,-0.556535209871054,7716860.0,460000.0,78000.0,5985670.0
Bulgaria,2006,0.3362544378867014,32.7319587628866,29.2065537555228,70.4986377025037,82.0,,9.8,-0.513513532084883,7658972.0,556310.0,48037.0,5861670.0
Bulgaria,2007,0.3393919921186992,33.0682132007733,28.8318144159072,69.9716652858326,82.9,,10.0,-0.161253174497776,7601022.0,516000.0,52211.0,5992000.0
Bulgaria,2008,0.3333026424823018,33.407605192892,28.404382653531,69.4718534204953,83.8,,8.8,-0.484706826927714,7545338.0,892635.0,135536.0,5696000.0
Bulgaria,2009,0.34899636506779785,33.7409078353743,28.4320044194826,68.98592210662,84.7,,9.9,-0.394429805799949,7492561.0,413075.0,205489.0,6071000.0
Bulgaria,2010,0.33345615327930034,34.0899042004421,28.9793662490789,68.5744565217391,85.6,,11.6,-0.082219130088333,7444443.0,278217.0,44829.0,4599000.0
Bulgaria,2011,0.17686072218130278,34.4233603537214,29.3478260869565,68.1245302137067,86.6,,14.3,-0.35970681350484,7395599.0,679366.0,39815.0,5668000.0
Bulgaria,2012,0.17686072218129567,34.6002210759027,29.9373618275608,67.6890935887988,87.5,,13.2,0.878627709438502,7348328.0,919314.0,60132.0,6205000.0
Bulgaria,2013,0.17686072218130278,34.777081798084,30.5545320560059,67.2981577008106,88.4,,15.6,-0.361415513188157,7305888.0,1031185.0,60230.0,5972510.0
Bulgaria,2014,0.17686072218130278,34.9539425202653,32.0467943994105,65.9543570375829,89.4,,18.2,-1.74964823578273,7160005.0,665788.0,44224.0,5804272.0
Bulgaria,2015,0.17686072218129567,35.1308032424466,32.1112748710391,65.1581798084009,90.7,,17.1,-1.04853258518919,7073572.0,1159870.0,32380.0,5570040.0
Bulgaria,2016,0.073691967575499,35.3076639646279,32.3295873249816,64.3351602800295,92.3,,17.9,-1.24575275865969,6984225.0,525358.0,15313.0,6372102.0
Bulgaria,2017,0.11974944731019832,35.3813559322034,32.2033898305085,63.5053334561533,94.2,,17.7,-1.19988025388411,6894139.0,494462.0,13558.0,6409662.0
Bulgaria,2018,0.1197494473103049,35.5011053795136,32.1396462785556,62.6701179071481,96.0,,17.1,-1.02990764186942,6803468.0,466840.0,15631.0,6405268.0
Bulgaria,2019,0.11974944731019832,35.6208548268239,32.0375829034635,61.816488577745,97.4,,19.6,-1.08604770687718,6710798.0,463883.0,18354.0,6529115.0
Bulgaria,2020,0.1197494473102978,35.7406042741341,32.0191599115696,60.9499447310243,98.4,,19.3,-1.25421805522404,6616726.0,370675.0,18609.0,6163699.0
Bulgaria,2021,0.11974944731020543,35.8603537214444,32.1665438467207,60.3417096536478,99.4,,21.1,-1.53644759703136,6550696.0,247209.0,13899.0,5404161.0
Bulgaria,2022,0.1197494473102978,35.9801031687546,32.2402358142962,59.9419767870302,99.5,,20.4,-0.633598562114185,6507301.0,197279.0,36130.0,5528875.0
Burkina Faso,2001,-0.1827485380117011,26.3760964912281,18.7833263888889,43.5875219298246,2.3,0.6,83.9,7.62879177550086,11925546.0,,8.0,7996000.0
Burkina Faso,2002,-0.18274853801169755,26.1933479532164,19.2432331871345,44.9378691520468,2.2,0.6,81.7,7.7116655529497,12295001.0,2900.0,8.0,7996000.0
Burkina Faso,2003,-0.1827485380117011,26.0105994152047,19.7031399853801,46.348307748538,2.1,0.7,81.8,7.5795709254613,12680897.0,1098.0,0.0,7192000.0
Burkina Faso,2004,-0.1827485380117011,25.827850877193,20.1630467836257,47.8162719298246,1.2,0.7,80.8,7.28008333746817,13082532.0,1098.0,0.0,7337000.0
Burkina Faso,2005,-0.1827485380117011,25.6451023391813,20.6229532163743,49.3440533625731,1.8,0.8,82.0,6.84884950664997,13500533.0,3496.0,3404.0,9211000.0
Burkina Faso,2006,-0.18274853801169755,25.4623538011696,21.0828600146199,50.9215021929825,1.6,0.8,85.4,6.27808469740722,13932123.0,3496.0,3404.0,11704000.0
Burkina Faso,2007,-0.1827485380117011,25.2796052631579,21.5427668128655,52.5354788011696,1.4,0.9,84.8,5.5204727764138,14373707.0,3496.0,3404.0,12231000.0
Burkina Faso,2008,-0.1827485380117011,25.0968567251462,22.0026736111111,54.1531688596491,1.2,1.0,82.9,4.88377868131355,14816307.0,3496.0,3404.0,12744000.0
Burkina Faso,2009,-0.18274853801169755,24.9141081871345,22.4625804093567,55.7678837719298,1.2,1.0,83.5,4.61804701256379,15258093.0,2760.0,1559.0,13589300.0
Burkina Faso,2010,-0.1827485380117011,24.7313596491228,22.9224868421053,57.419831871345,2.6,1.1,83.3,4.54039680545131,15710066.0,2140.0,57.0,13770731.0
Burkina Faso,2011,-0.18282163742690116,24.5486111111111,23.3823936403509,59.1246271929825,1.5,1.2,82.1,4.47137126154822,16176498.0,669.0,138.0,13955959.0
Burkina Faso,2012,-0.1828216374268976,24.3657894736842,23.8423004385965,60.8987865497076,1.9,1.2,81.4,4.41061818413126,16661908.0,492.0,407.0,14134077.0
Burkina Faso,2013,-0.18282163742690116,24.1829678362573,24.3022072368421,62.764206871345,1.5,1.3,79.2,4.36448216727922,17172287.0,17866.0,1040.0,14315921.0
Burkina Faso,2014,-0.18282163742690116,24.0001461988304,24.7621140350877,64.6762024853801,1.0,1.4,78.7,4.22685053238766,17695409.0,15223.0,1961.0,14501580.0
Burkina Faso,2015,-0.1828216374268976,23.8173245614035,25.2220204678363,66.6281469298246,4.7,1.6,78.9,4.06394733568158,18229461.0,11887.0,2509.0,14691146.0
Burkina Faso,2016,-0.1827485380117011,23.6345029239766,25.6819272660819,68.6311659356725,,1.7,78.8,3.90316251357792,18777487.0,16.0,1860.0,14884710.0
Burkina Faso,2017,-0.1827485380117011,23.4517543859649,26.1418340643275,70.6683333333333,,1.8,77.1,3.70295599634333,19334856.0,14.0,1859.0,15041233.0
Burkina Faso,2018,-0.18274853801169755,23.2690058479532,26.6017408625731,72.713475877193,,2.0,74.6,3.453237263364,19894407.0,68.0,103.0,15200882.0
Burkina Faso,2019,-0.1827485380117011,23.0862573099415,27.0616472953216,74.7013450292398,,2.1,73.7,3.10525103527391,20438288.0,136.0,77.0,15363725.0
Burkina Faso,2020,-0.1827485380117011,22.9035087719298,27.5215540935673,76.6153216374269,,2.3,72.7,2.66592775967332,20961952.0,0.0,11.0,15529830.0
Burkina Faso,2021,-0.1827485380117011,22.7207602339181,27.9814608918129,78.5039839181287,,2.6,73.1,3.34653648375742,21478690.0,0.0,7.0,15699271.0
Burkina Faso,2022,-0.18274853801169755,22.5380116959064,28.4413676900585,80.3919700292398,,2.9,71.2,4.08275479819578,21995243.0,1994.0,84.0,15870877.0
Burundi,2001,0.0,7.55218068535826,37.3831775700935,251.954595015576,,0.2,93.2,4.42724757676657,6470194.0,0.0,,6187000.0
Burundi,2002,0.0,7.55218068535826,37.9672897196262,258.347546728972,,0.2,94.7,4.92850345870584,6634365.0,0.0,,8718615.0
Burundi,2003,0.0,7.55218068535826,38.3956386292835,265.73722741433,,0.2,94.6,5.33658858683554,6824132.0,3602.0,,8862237.0
Burundi,2004,0.0,7.55218068535826,38.5514018691589,274.266121495327,,0.2,95.8,5.78733223507489,7043154.0,4505.0,,9086433.0
Burundi,2005,0.0,7.55218068535826,38.3566978193146,284.682866043614,,0.2,96.0,6.48341658412648,7310656.0,6856.0,234.0,9235247.0
Burundi,2006,0.0,7.55218068535826,37.2274143302181,295.455568535826,,0.2,96.0,6.61031395369321,7587299.0,6856.0,234.0,9424727.0
Burundi,2007,0.0,7.55218068535826,36.5654205607477,306.290771028037,,0.2,95.3,6.64836041653792,7865547.0,6856.0,235.0,9563678.0
Burundi,2008,0.0,7.55218068535826,36.6822429906542,317.829984423676,,0.2,95.3,6.90321841176974,8161874.0,3201.0,1464.0,9705000.0
Burundi,2009,0.0,7.55218068535826,36.7990654205608,331.216394080997,0.9,0.2,95.0,7.48157827841844,8505637.0,3210.0,44.0,9848300.0
Burundi,2010,0.0,7.55218068535826,36.9158878504673,348.428582554517,,0.2,94.6,8.86724618071864,8947646.0,3270.0,635.0,9994143.0
Burundi,2011,0.6674454828660403,7.55218068535826,36.993769470405,365.126323987539,,0.2,93.2,9.20944822168978,9376444.0,2845.0,341.0,10142292.0
Burundi,2012,0.6674454828660394,8.2196261682243,38.9408099688474,378.425934579439,,0.2,92.1,8.70036095016159,9717978.0,2777.0,247.0,10279845.0
Burundi,2013,0.6674454828660501,8.88707165109034,39.9922118380062,392.173987538941,,0.2,91.7,9.14294188066085,10071028.0,3754.0,247.0,6359896.0
Burundi,2014,0.667445482866011,9.55451713395639,41.0436137071651,406.516394080997,1.0,0.1,90.8,9.48944364876661,10439341.0,3658.0,2153.0,6632000.0
Burundi,2015,0.6674454828660998,10.2219626168224,42.095015576324,420.552375389408,1.0,0.2,91.3,9.50368804171174,10799785.0,3667.0,1140.0,6624000.0
Burundi,2016,0.0,10.8894080996885,43.1464174454829,430.201713395639,1.2,0.1,91.2,8.4949542888441,11047580.0,3037.0,0.0,6624000.0
Burundi,2017,0.0,10.8894080996885,44.1978193146417,437.673325545171,1.5,0.1,89.6,7.98774207472562,11239451.0,1037.0,1.0,6624000.0
Burundi,2018,0.0,10.8894080996885,45.2492211838006,448.082632398754,1.7,0.1,88.2,8.59299773061035,11506762.0,20.0,179.0,6624000.0
Burundi,2019,0.0,10.8894080996885,46.3006230529595,461.816433021807,2.0,0.1,85.7,9.18830907813434,11859446.0,2.0,60.0,6624000.0
Burundi,2020,0.0,10.8894080996885,47.3520249221184,477.232710280374,2.0,0.1,84.8,9.34095492036934,12255336.0,0.0,0.0,6624000.0
Burundi,2021,0.0,10.8894080996885,48.4034267912773,491.317601246106,0.9,0.1,83.4,8.82413774093098,12617036.0,0.0,0.0,6624000.0
Burundi,2022,0.0,10.8894080996885,49.4548286604361,504.886331775701,1.6,0.1,83.1,8.47552856935213,12965481.0,0.0,4.0,6624000.0
Cabo Verde,2001,0.07444168734491008,9.8560794044665,10.9181141439206,112.485607940447,31.8,29.8,27.9,3.12326771114376,453317.0,409.0,471.0,147181.0
Cabo Verde,2002,0.07444168734488876,9.93052109181141,11.4143920595534,114.216625310174,33.9,29.3,26.0,3.07825657547249,460293.0,409.0,604.0,186000.0
Cabo Verde,2003,0.0744416873449012,10.0049627791563,11.6625310173697,115.892307692308,30.7,29.1,26.0,2.89581866204217,467046.0,409.0,604.0,186000.0
Cabo Verde,2004,0.0744416873449989,10.0794044665012,11.6625310173697,117.46476426799,38.3,29.1,24.8,2.70487077117372,473383.0,409.0,459.0,186000.0
Cabo Verde,2005,0.0744416873449012,10.1538461538462,11.9106699751861,118.950372208437,40.6,29.2,24.4,2.55872209777565,479370.0,409.0,2921.0,186000.0
Cabo Verde,2006,0.07444168734489942,10.2282878411911,11.9106699751861,120.375930521092,42.5,29.2,23.9,2.46243162201188,485115.0,409.0,2921.0,186000.0
Cabo Verde,2007,0.07444168734489942,10.302729528536,11.9106699751861,121.768734491315,45.4,29.7,21.2,2.41473965861488,490728.0,409.0,1952.0,186000.0
Cabo Verde,2008,0.0744416873449012,10.3771712158809,11.9106699751861,123.124069478908,48.0,30.3,21.0,2.38738037792844,496190.0,409.0,2349.0,186000.0
Cabo Verde,2009,0.07444168734489942,10.4516129032258,12.4069478908189,124.40570719603,50.6,30.9,23.8,2.35362682827583,501355.0,409.0,3910.0,186000.0
Cabo Verde,2010,0.07444168734489942,10.5260545905707,12.4069478908189,125.593300248139,53.4,31.9,22.1,2.32578162495795,506141.0,530.0,8914.0,186000.0
Cabo Verde,2011,0.0744416873449012,10.6004962779156,12.4069478908189,126.497270471464,65.7,33.0,21.2,2.16948851048454,509784.0,530.0,1020.0,186000.0
Cabo Verde,2012,0.0744416873449989,10.6749379652605,12.4069478908189,126.909925558313,67.8,34.0,20.8,1.84272226771072,511447.0,530.0,779.0,186000.0
Cabo Verde,2013,0.0744416873449012,10.7493796526055,12.4069478908189,127.035980148883,69.5,35.5,24.3,1.65562755777489,511955.0,530.0,1389.0,186000.0
Cabo Verde,2014,0.07444168734489942,10.8238213399504,12.4069478908189,127.102977667494,71.5,37.1,25.9,1.64464391473185,512225.0,530.0,559.0,186000.0
Cabo Verde,2015,0.07444168734489942,10.8982630272953,12.4069478908189,127.128039702233,73.8,38.4,26.1,1.64324666202082,512326.0,530.0,1233.0,186000.0
Cabo Verde,2016,0.07444168734489942,10.9727047146402,12.4069478908189,127.144913151365,76.2,40.3,26.4,1.66511437935516,512394.0,17.0,142.0,186000.0
Cabo Verde,2017,0.0744416873449012,11.0471464019851,12.4069478908189,127.184615384615,78.8,42.2,23.9,1.70726295941253,512554.0,0.0,162.0,186000.0
Cabo Verde,2018,0.07444168734489942,11.12158808933,12.4069478908189,127.268734491315,81.2,44.2,21.8,1.76344743706428,512893.0,0.0,169.0,186000.0
Cabo Verde,2019,0.07444168734500067,11.1960297766749,12.4069478908189,127.398263027295,84.6,46.3,21.9,1.81675714123481,513415.0,0.0,2027.0,186000.0
Cabo Verde,2020,0.07444168734489942,11.2704714640199,12.4069478908189,127.569230769231,87.3,48.6,19.7,1.86394088037893,514104.0,0.0,363.0,186000.0
Cabo Verde,2021,0.07444168734489942,11.3449131513648,12.4069478908189,127.711910669975,92.7,51.0,23.4,1.85356158998151,514679.0,0.0,794.0,186000.0
Cabo Verde,2022,0.0744416873449012,11.4193548387097,12.4069478908189,128.200744416873,96.9,53.1,22.6,2.11885242169885,516649.0,0.0,715.0,227572.0
Cambodia,2001,-0.10863924767730282,61.0752322682982,20.9607976433265,70.6001359619307,6.6,0.9,81.6,2.19895630421638,12462336.0,100.0,0.0,10298409.0
Cambodia,2002,-0.10863924767729571,60.9665930206209,20.9607976433265,71.7113301608883,,1.0,80.5,2.06756561447297,12658484.0,0.0,0.0,10047319.0
Cambodia,2003,-0.10863924767730282,60.8579537729436,20.9607976433265,72.8259743938364,0.6,1.3,81.0,1.99523870051082,12855241.0,234.0,0.0,9862332.0
Cambodia,2004,-0.1086392476774023,60.7493145252663,20.9607976433265,73.934783593927,7.6,1.5,79.9,1.95965465238348,13050968.0,84.0,0.0,9683046.0
Cambodia,2005,-0.10863924767729571,60.6406752775889,20.9607976433265,75.0324665760254,0.8,1.6,80.7,1.96587252867563,13244731.0,3376.0,1452.0,9511078.0
Cambodia,2006,-0.10863924767730282,60.5320360299116,20.9607976433265,76.1341604350782,9.5,1.9,79.2,2.04023747372197,13439202.0,2406.0,5.0,9334072.0
Cambodia,2007,-0.10863924767729571,60.4233967822343,20.9607976433265,77.2661907999094,16.1,2.1,78.0,2.19465497553282,13639028.0,421.0,0.0,9165642.0
Cambodia,2008,-0.10863924767730282,60.314757534557,20.9607976433265,78.4147405393157,6.5,2.4,74.8,2.37419227439471,13841770.0,15883.0,0.0,9009000.0
Cambodia,2009,-0.10863924767730282,60.2061182868797,20.9607976433265,79.6140890550646,11.7,2.7,74.1,2.81784476240447,14053479.0,3921.0,61.0,8853400.0
Cambodia,2010,-0.10863924767739519,60.0974790392024,20.9607976433265,80.8792771357353,11.8,3.1,68.0,4.2892191883162,14276810.0,5451.0,184.0,8704007.0
Cambodia,2011,-1.974178563335606,59.988839791525,21.2327215046454,82.1477792884659,15.8,3.7,64.8,6.03531538358603,14500726.0,5648.0,10.0,8730343.0
Cambodia,2012,-1.9741785633355988,58.0146612281894,21.5029107183322,83.4046227056424,22.8,4.3,64.0,7.30891542673121,14722584.0,13607.0,2.0,8583490.0
Cambodia,2013,-1.9741785633355988,56.0404826648538,21.8239984137775,84.6651087695445,28.5,5.3,64.4,8.23181776993511,14945085.0,15532.0,47.0,8446025.0
Cambodia,2014,-1.9741785633355988,54.0663041015182,21.9925458871516,85.9404486743712,38.9,6.5,65.0,8.83507933051835,15170208.0,32625.0,26.0,8313699.0
Cambodia,2015,-1.9741785633355988,52.0921255381826,22.1610927940177,87.2239519601178,44.7,8.05,63.7,9.15095326291101,15396772.0,62020.0,4640.0,8186280.0
Cambodia,2016,-0.8819963743485033,50.117946974847,22.3296397008838,88.5069737140267,53.3,9.8,60.6,9.2346421781822,15623251.0,113283.0,1611.0,8101547.0
Cambodia,2017,-0.8819963743484962,49.2359506004985,22.4981871742579,89.8074042601405,60.7,12.4,58.0,9.1684596553929,15852803.0,198958.0,2184.0,7959390.0
Cambodia,2018,-0.8819963743485033,48.35395422615,22.666734081124,91.0569453886245,86.1,15.4,56.3,8.90068697489984,16073372.0,80117.0,8985.0,7822297.0
Cambodia,2019,-0.8819963743484962,47.4719578518015,22.83528098799,92.1964763199638,75.0,19.1,58.1,8.4802293554275,16274522.0,43591.0,23195.0,7690039.0
Cambodia,2020,-0.8819963743485033,46.589961477453,23.0038284613642,93.3679129843644,80.0,23.8,53.0,6.29473515740915,16481304.0,28108.0,30165.0,7562400.0
Cambodia,2021,-0.8819963743484962,45.7079651031045,23.1723753682302,94.7511556764106,82.9,29.3,51.4,2.0993035471418,16725474.0,13618.0,20996.0,7439174.0
Cambodia,2022,-0.8819963743486028,44.825968728756,23.3409228416044,96.160803308407,77.1,35.45,52.4,2.16860829481836,16974305.0,101200.0,19268.0,7319588.0
Cameroon,2001,-0.14744981066620255,45.6886674705422,12.6081529902054,31.5471028749127,9.2,1.0,84.6,3.80386520381468,14912631.0,894000.0,437.0,11005347.0
Cameroon,2002,-0.14744981066609597,45.541217659876,12.6081529902054,32.3866429734933,13.9,1.1,85.3,3.7398306237181,15309490.0,233000.0,75.0,10452669.0
Cameroon,2003,-0.14744981066620255,45.3937678492099,12.6081529902054,33.2667555160669,13.8,1.2,85.2,3.73669307454353,15725528.0,144844.0,9.0,10555659.0
Cameroon,2004,-0.14744981066609597,45.2463180385437,12.6081529902054,34.1865837405598,14.3,1.3,85.3,3.72468900917391,16160340.0,70081.0,9.0,10980353.0
Cameroon,2005,-0.14744981066620255,45.0988682278776,12.6081529902054,35.1388525734594,19.5,1.4,85.5,3.68602843223233,16610487.0,29350.0,0.0,11206789.0
Cameroon,2006,-0.14744981066620255,44.9514184172114,12.6144993759387,36.1206532546381,15.4,1.5,86.3,3.58474428382333,17074594.0,237271.0,0.0,11285004.0
Cameroon,2007,-0.14744981066609597,44.8039686065452,12.6144993759387,37.1272175329483,25.8,1.7,85.5,4.01791443003393,17550407.0,502461.0,5842.0,11861824.0
Cameroon,2008,-0.14744981066620255,44.6565187958791,12.6144993759387,38.1838674874659,6.4,1.8,80.8,3.81386179296223,18049896.0,524891.0,4319.0,12542000.0
Cameroon,2009,-0.14744981066609597,44.5090689852129,12.6144993759387,39.2927080027924,17.1,2.0,80.8,3.63047789347456,18574056.0,363848.0,6832.0,11898500.0
Cameroon,2010,-0.14744981066620255,44.3616191745468,12.6144993759387,40.4348839669142,17.7,2.1,79.2,3.63228149370686,19113974.0,450331.0,630.0,11693344.0
Cameroon,2011,-0.1184658670221026,44.2141693638806,13.1158638488714,41.607044488164,16.1,2.2,78.7,3.60595579565578,19668066.0,702349.0,811.0,12253983.0
Cameroon,2012,-0.11846586702199602,44.0957034968585,13.1158638488714,42.8006684859639,16.8,2.4,78.6,3.55825175007158,20232304.0,780731.0,5154.0,12433570.0
Cameroon,2013,-0.1184658670221026,43.9772376298365,13.1158638488714,44.0217659876034,18.3,2.6,78.6,3.52450092325214,20809529.0,852232.0,953.0,12135710.0
Cameroon,2014,-0.1184658670221026,43.8587717628144,13.1158638488714,45.2759112352182,19.5,2.8,77.7,3.50227847270815,21402376.0,804465.0,0.0,12870432.0
Cameroon,2015,-0.11846586702199602,43.7403058957923,13.1158638488714,46.6668634046244,18.8,2.9,76.9,3.70092347007428,22059893.0,1051235.0,739.0,13508763.0
Cameroon,2016,-0.1184658670221026,43.6218400287703,13.1158638488714,48.1551352837892,21.2,3.1,78.1,3.79625667917574,22763414.0,1152600.0,4.0,13925903.0
Cameroon,2017,-0.11846586702199602,43.5033741617482,13.1158638488714,49.6163842525015,21.8,3.3,78.8,3.62822886976368,23454161.0,1390052.0,12.0,14257524.0
Cameroon,2018,-0.1184658670221026,43.3849082947262,13.1158638488714,51.0431363838294,22.4,3.6,79.2,3.45594975125264,24128601.0,1420041.0,5694.0,14329688.0
Cameroon,2019,-0.1184658670221026,43.2664424277041,13.1158638488714,52.4769583888642,26.3,3.9,78.7,3.37336649428071,24806383.0,1345001.0,0.0,14403106.0
Cameroon,2020,-0.11846586702199602,43.147976560682,13.1158638488714,53.9571724736096,23.6,4.1,78.9,3.36687989748001,25506095.0,964040.0,0.0,14113142.0
Cameroon,2021,-0.1184658670221026,43.02951069366,13.1158638488714,55.4474371178947,24.2,4.3,78.9,3.29194071591452,26210558.0,836960.0,8042.0,13939958.0
Cameroon,2022,-0.1184658670220955,42.9110448266379,13.1158638488714,56.9392608576083,24.8,4.7,79.2,3.20467043533678,26915758.0,788049.0,1331.0,14171543.0
Canada,2001,-0.005351125804303081,38.7929818338782,4.56980522196531,3.42261133957721,100.0,100.0,20.3,1.16731088703444,30685730.0,3048104.0,6539938.0,201845000.0
Canada,2002,-0.005351125804395451,38.7876307080739,4.56723985816884,3.45999036315513,100.0,100.0,19.8,1.35567841809064,31020855.0,4004105.0,7594072.0,185853000.0
Canada,2003,-0.005351125804303081,38.7822795822695,4.5300978518982,3.497728426127,100.0,100.0,20.1,1.41092492598597,31359199.0,4636853.0,6995307.0,198077000.0
Canada,2004,-0.005351125804303081,38.7769284564652,4.49295584562756,3.529322777419,100.0,100.0,19.7,1.26815659186692,31642461.0,5243544.0,6653064.0,179642000.0
Canada,2005,-0.005351125804295975,38.7715773306609,4.45581383935692,3.56237648609852,100.0,100.0,20.4,1.31051014712804,31938807.0,4060733.0,6027072.0,208073000.0
Canada,2006,-0.005351125804402557,38.7662262048566,4.41867183308628,3.59627553791775,100.0,100.0,21.6,1.30251629121625,32242732.0,5932499.0,6345655.0,203121000.0
Canada,2007,-0.005351125804295975,38.7608750790522,4.38152982681564,3.63291127522004,100.0,100.0,21.5,1.31694665786845,32571193.0,4858207.0,5877350.0,183931000.0
Canada,2008,-0.005351125804303081,38.7555239532479,4.33702634182469,3.66834597611535,100.0,100.0,21.6,1.24887120396072,32888886.0,3819375.0,5172068.0,164599000.0
Canada,2009,-0.005351125804295975,38.7501728274436,4.29252285683374,3.70832237476842,100.0,100.0,21.6,1.35739939686093,33247298.0,2951833.0,4739185.0,139236000.0
Canada,2010,-0.005351125804402557,38.7448217016393,4.24801937184279,3.75101571675707,100.0,100.0,22.2,1.38775584514494,33630069.0,2792065.0,4728170.0,116306000.0
Canada,2011,-0.004606501078001202,38.7394705758349,4.20351588685184,3.79293521117963,100.0,100.0,21.4,1.30027665386689,34005902.0,4069069.0,4839948.0,142013000.0
Canada,2012,-0.004606501078001202,38.7348640747569,4.15867778919179,3.83011279793076,100.0,100.0,21.5,1.08773638886182,34339221.0,5771163.0,4376425.0,148178150.0
Canada,2013,-0.004606501078001202,38.7302575736789,4.18645064072749,3.8718472515473,100.0,100.0,21.8,1.14316744184132,34713395.0,6137000.0,4588000.0,148183000.0
Canada,2014,-0.004606501077994096,38.7256510726009,4.2142234922632,3.91284812265562,100.0,100.0,22.2,1.09291862874073,35080992.0,7061531.0,4941105.0,152076046.0
Canada,2015,-0.004606501078001202,38.7210445715229,4.2419963437989,3.9522291338328,100.0,100.0,22.2,1.03558991869828,35434066.0,6758295.0,4346930.0,153464371.0
Canada,2016,-0.00442469486110042,38.7164380704449,4.26988073289098,3.98239245827659,100.0,100.0,22.3,0.803862028871096,35704498.0,6129593.0,4648766.0,155996540.0
Canada,2017,-0.004125774210102406,38.7120133755838,4.29754204687031,4.02771072511681,100.0,100.0,22.1,1.20011528869285,36110803.0,8235467.0,6192080.0,156744000.0
Canada,2018,-0.004124658834498973,38.7078876013737,4.29519975818658,4.07614836279598,100.0,100.0,22.8,1.3178563611904,36545075.0,7469436.0,4295958.0,156717000.0
Canada,2019,-0.004125774210102406,38.7037629425392,4.31538805588924,4.13498944297029,100.0,100.0,22.3,1.61504670889367,37072620.0,8529295.0,5132670.0,156802812.0
Canada,2020,-0.004124658834498973,38.6996371683291,4.31070347852177,4.19587500655283,100.0,100.0,22.4,1.68994141226541,37618495.0,7670289.0,4745205.0,141690443.0
Canada,2021,0.7746154161372019,38.6955125094946,4.26463846774167,4.24162135453439,100.0,100.0,23.9,1.34660379355715,38028638.0,6066426.0,4364257.0,142634060.0
Canada,2022,-0.0042079260868987944,39.4701279256318,4.35320354546179,4.351026204103,100.0,100.0,23.8,0.830440218936475,38239864.0,4301123.0,3469820.0,145642474.0
Cayman Islands,2001,-0.08749999999999858,53.875,0.833333333333333,165.308333333333,100.0,,0.0,3.56640069722567,39674.0,,1738.0,
Cayman Islands,2002,-0.08749999999999858,53.7875,0.833333333333333,171.204166666667,100.0,,0.0,3.50443844716451,41089.0,,1738.0,
Cayman Islands,2003,-0.08750000000000568,53.7,0.833333333333333,177.141666666667,100.0,,0.0,3.40929876733717,42514.0,,1738.0,
Cayman Islands,2004,-0.08749999999999858,53.6125,0.833333333333333,183.058333333333,100.0,,0.0,3.28550743410603,43934.0,,1738.0,
Cayman Islands,2005,-0.08749999999999858,53.525,0.833333333333333,188.966666666667,100.0,,0.0,3.17657692300086,45352.0,,1738.0,
Cayman Islands,2006,-0.08749999999999858,53.4375,0.833333333333333,194.95,100.0,,0.0,3.11724827664581,46788.0,,1738.0,
Cayman Islands,2007,-0.08749999999999858,53.35,0.833333333333333,200.966666666667,100.0,,0.0,3.03959413986438,48232.0,,1738.0,
Cayman Islands,2008,-0.08750000000000568,53.2625,0.833333333333333,207.029166666667,100.0,,0.0,2.97206282837332,49687.0,,1738.0,
Cayman Islands,2009,-0.08749999999999858,53.175,0.833333333333333,213.129166666667,100.0,,0.0,2.90387130778235,51151.0,,1738.0,
Cayman Islands,2010,-0.08749999999999858,53.0875,0.833333333333333,219.241666666667,100.0,,0.0,2.827622397931,52618.0,,1159.0,
Cayman Islands,2011,0.0,53.0,0.833333333333333,225.4125,100.0,,0.0,2.77574348652733,54099.0,,1927.0,
Cayman Islands,2012,0.0,53.0,0.833333333333333,231.691666666667,100.0,,0.0,2.74754077100958,55606.0,,1553.0,
Cayman Islands,2013,0.0,53.0,0.833333333333333,238.066666666667,100.0,,0.0,2.71432817487524,57136.0,,838.0,
Cayman Islands,2014,0.0,53.0,0.833333333333333,244.395833333333,100.0,,0.0,2.6238432105591,58655.0,,1150.0,
Cayman Islands,2015,0.0,53.0,0.833333333333333,250.666666666667,100.0,,0.0,2.53348566839008,60160.0,,2848.0,
Cayman Islands,2016,0.0,53.0,0.833333333333333,256.841666666667,100.0,,0.0,2.43357767472909,61642.0,0.0,2012.0,
Cayman Islands,2017,0.0,53.0,0.833333333333333,262.916666666667,100.0,,0.0,2.33773131582921,63100.0,0.0,1640.0,
Cayman Islands,2018,0.375,53.0,0.833333333333333,268.895833333333,100.0,,0.0,2.24869427399836,64535.0,0.0,165.0,
Cayman Islands,2019,-0.375,53.375,0.833333333333333,274.754166666667,100.0,,0.0,2.15526905432315,65941.0,0.0,3464.0,
Cayman Islands,2020,0.0,53.0,0.833333333333333,280.529166666667,100.0,,0.0,2.08009420729087,67327.0,0.0,7925.0,
Cayman Islands,2021,-0.25,53.0,0.833333333333333,286.183333333333,100.0,,0.0,1.9954930548265,68684.0,0.0,41912.0,
Cayman Islands,2022,-0.08333333333330017,52.75,0.833333333333333,292.116666666667,100.0,,0.0,2.05206347593734,70108.0,0.0,43009.0,
Central African Republic,2001,-0.04815563902530329,36.7636200199043,3.00170149924556,6.15335323766413,,0.1,88.9,2.88101973712682,3833416.0,249900.0,0.0,2955000.0
Central African Republic,2002,-0.04815563902529618,36.715464380879,3.00170149924556,6.29151337121577,0.8,0.1,88.9,2.36495487368306,3919487.0,313000.0,0.0,2998000.0
Central African Republic,2003,-0.04815563902540276,36.6673087418537,3.00170149924556,6.43050659732255,0.9,0.1,89.2,2.34649320075814,4006077.0,91958.0,0.0,2919000.0
Central African Republic,2004,-0.04815563902529618,36.6191531028283,3.00170149924556,6.58622427686282,1.0,0.1,90.2,2.57588395247972,4103086.0,126149.0,0.0,2783000.0
Central African Republic,2005,-0.04815563902530329,36.570997463803,3.00170149924556,6.73027384506726,1.1,0.1,90.6,2.36491849167949,4192826.0,93171.0,0.0,2832000.0
Central African Republic,2006,-0.04815563902530329,36.5228418247777,3.00170149924556,6.88434620694083,1.2,0.1,91.0,2.47963613125001,4288810.0,86417.0,0.0,2762402.0
Central African Republic,2007,-0.04815563902539566,36.4746861857524,3.00170149924556,7.02683713762882,,0.1,90.8,2.28386715162959,4377579.0,95394.0,0.0,2934861.0
Central African Republic,2008,-0.04815563902530329,36.426530546727,3.00170149924556,7.16358470576905,1.4,0.1,90.9,2.18898295697007,4462770.0,78314.0,0.0,2845998.0
Central African Republic,2009,-0.04815563902529618,36.3783749077017,3.00170149924556,7.31802626087515,4.7,0.1,93.6,2.42844314334803,4558984.0,155301.0,0.0,2863143.0
Central African Republic,2010,-0.04815563902540276,36.3302192686764,2.99528074737552,7.26997174869177,1.7,0.1,93.9,-0.322383081720057,4529047.0,110842.0,0.0,2656779.0
Central African Republic,2011,-0.04815563902529618,36.282063629651,2.94391473241517,7.21210151208707,,0.0,93.8,-0.415753911662989,4492995.0,147893.0,0.0,2632283.0
Central African Republic,2012,-0.04815563902530329,36.2339079906257,2.88933834151979,7.32771678063501,,0.0,93.3,2.05159237549988,4565021.0,152278.0,0.0,2732447.0
Central African Republic,2013,-0.04815563902540276,36.1857523516004,2.88933834151979,7.40127772962214,0.5,0.0,93.1,1.58245134263534,4610848.0,158178.0,0.0,2731122.0
Central African Republic,2014,-0.04815563902529618,36.137596712575,2.88933834151979,7.45195511894443,0.7,0.0,95.1,1.38225059173611,4642419.0,144615.0,0.0,2649977.0
Central African Republic,2015,-0.04815563902530329,36.0894410735497,2.88933834151979,7.42107611801342,0.8,0.0,94.8,0.391468071212373,4623182.0,113993.0,8.0,2545489.0
Central African Republic,2016,-0.04815563902529618,36.0412854345244,2.88933834151979,7.430928761758,1.3,0.0,92.9,1.03662819347201,4629320.0,110015.0,0.0,2623154.0
Central African Republic,2017,-0.04815563902540276,35.9931297954991,2.88933834151979,7.56631513050178,1.7,0.0,92.1,2.79711059597392,4713663.0,232562.0,0.0,2726250.0
Central African Republic,2018,-0.04815563902529618,35.9449741564737,2.88933834151979,7.6944861793316,2.1,0.0,91.6,2.74947006627498,4793511.0,328000.0,0.0,2844713.0
Central African Republic,2019,-0.04815563902530329,35.8968185174484,2.88933834151979,7.83116151401329,2.2,0.0,91.4,2.89917718795956,4878657.0,169240.0,0.0,2844713.0
Central African Republic,2020,-0.04815563902539566,35.8486628784231,2.88933834151979,7.93717775851552,1.5,0.0,91.3,2.5427792849473,4944703.0,116840.0,0.0,2844713.0
Central African Republic,2021,-0.04815563902530329,35.8005072393977,2.88933834151979,8.06868278275386,1.9,0.0,90.9,2.89208877763453,5026628.0,196342.0,0.0,2844713.0
Central African Republic,2022,-0.04815563902530329,35.7523516003724,2.88933834151979,8.20588140871296,1.6,0.0,90.9,2.97708178008193,5112100.0,110131.0,0.0,2844713.0
Chad,2001,-0.06535895806861003,5.0452668360864,2.85895806861499,6.75992137865311,1.2,2.5,88.7,3.58770464599491,8512093.0,,,6646198.0
Chad,2002,-0.0653589580686198,4.97990787801779,2.93837357052097,6.99183926302414,1.3,2.1,88.6,3.4901591861495,8804124.0,,,6761676.0
Chad,2003,-0.06535895806861003,4.91454891994917,2.93837357052097,7.23966963151207,1.4,1.9,88.5,3.58771035758799,9116192.0,,,6879605.0
Chad,2004,-0.0653589580686198,4.84918996188056,3.01778907242694,7.53481019695044,1.5,1.6,83.9,4.08761005557237,9487833.0,,,7000038.0
Chad,2005,-0.06535895806861003,4.78383100381194,3.01778907242694,7.87804637865311,,1.4,84.0,4.53324068274152,9920036.0,,30.0,7123032.0
Chad,2006,-0.0653589580686198,4.71847204574333,3.09720457433291,8.20210609911055,1.6,1.2,83.8,4.09605123580983,10328092.0,,30.0,7248646.0
Chad,2007,-0.06535895806861003,4.65311308767471,3.09720457433291,8.50256035578145,1.8,1.0,83.7,3.64853252715221,10706424.0,,184.0,7360653.0
Chad,2008,-0.06535895806862069,4.5877541296061,3.09720457433291,8.80055590851334,1.9,0.8,82.4,3.48117380347143,11081660.0,,184.0,7474800.0
Chad,2009,-0.06535895806861003,4.52239517153748,3.09720457433291,9.11395806861499,2.0,0.7,79.8,3.52067712681126,11476296.0,,1165.0,7591300.0
Chad,2010,-0.0653589580686198,4.45703621346887,3.17662007623888,9.44548443456163,2.2,0.6,79.4,3.58610050390321,11893754.0,,513.0,7709988.0
Chad,2011,-0.1016518424396402,4.39167725540025,3.33545108005083,9.77809323379924,3.0,0.5,79.2,3.77619184872469,12312575.0,,120.0,7831029.0
Chad,2012,-0.10165184243963932,4.29002541296061,3.4148665819568,10.1294448856417,7.7,0.4,80.7,4.02620372114781,12754997.0,,1011.0,7944997.0
Chad,2013,-0.10165184243964998,4.18837357052097,3.6928208386277,10.4915803684879,3.0,0.4,76.1,4.19494118489297,13210998.0,,926.0,8061182.0
Chad,2014,-0.1016518424396402,4.08672172808132,3.9707750952986,10.8728391041931,3.0,0.3,72.6,4.43159492885477,13691079.0,145.0,926.0,8179635.0
Chad,2015,-0.10165184243964998,3.98506988564168,4.12960609911055,11.2680098475222,3.0,0.3,72.5,4.60444642513961,14188678.0,0.0,921.0,8300404.0
Chad,2016,-0.09609275730622002,3.88341804320203,4.12960609911055,11.6324817344346,0.5,0.2,72.7,4.38203688630914,14647621.0,23.0,5.0,8423541.0
Chad,2017,-0.09371029224905003,3.78732528589581,4.20902160101652,12.0033791296061,2.8,0.2,72.7,4.49276053097361,15114655.0,786.0,5.0,8527918.0
Chad,2018,-0.09212198221093004,3.69361499364676,4.20902160101652,12.4068924714104,4.2,0.2,72.8,4.8067498781235,15622759.0,70.0,58.0,8634254.0
Chad,2019,-0.08973951715375028,3.60149301143583,4.20902160101652,12.830790184244,2.3,0.1,73.1,4.99671796942231,16156531.0,0.0,0.0,8742591.0
Chad,2020,-0.08656289707750986,3.51175349428208,4.20902160101652,13.2506535895807,,0.1,72.8,4.98422178448643,16685223.0,0.0,2.0,8852974.0
Chad,2021,-0.08868067026683013,3.42519059720457,4.20902160101652,13.6790652795426,1.6,0.1,71.9,5.06372185820467,17224679.0,0.0,0.0,8965445.0
Chad,2022,-0.08726882147394965,3.33650992693774,4.20902160101652,14.1584124841169,1.3,0.1,69.9,5.43382373867708,17828273.0,0.0,0.0,9079618.0
Chile,2001,0.1221467267045,21.2728705691214,2.35363104748686,20.8513352485165,86.5,100.0,31.4,1.543709260176,15503635.0,681000.0,0.0,36568000.0
Chile,2002,0.12214672670439697,21.3950172958259,2.35363104748686,21.0937108288547,82.2,100.0,32.1,1.40985614677537,15683849.0,512000.0,0.0,37790000.0
Chile,2003,0.12214672670440052,21.5171640225303,2.21913784477332,21.3278312164103,83.1,100.0,33.1,1.24333493224465,15857925.0,522000.0,0.0,37817139.0
Chile,2004,0.1221467267045,21.6393107492347,2.01739804070302,21.5522021917012,92.8,100.0,31.6,1.12485876059736,16024752.0,300000.0,0.0,37001371.0
Chile,2005,0.12214672670440052,21.7614574759392,2.01739804070302,21.7708477913526,85.3,100.0,31.4,1.07209759160522,16187322.0,347000.0,0.0,42587709.0
Chile,2006,0.12214672670440052,21.8836042026436,1.95015143934626,21.9879951367258,86.4,100.0,32.3,1.0422172158163,16348778.0,149000.0,0.0,45642000.0
Chile,2007,0.1221467267045,22.005750929348,1.81565823663272,22.2037450977228,96.4,100.0,32.9,1.01755508417991,16509195.0,111000.0,0.0,46705000.0
Chile,2008,0.12214672670440052,22.1278976560525,1.69730421824481,22.4221432298812,88.5,100.0,30.5,1.01564895136237,16671581.0,85000.0,0.0,52633000.0
Chile,2009,0.12214672670440052,22.2500443827569,1.76847990402565,22.6472942657478,89.6,100.0,30.8,1.0360588229595,16838988.0,44000.0,0.0,54833000.0
Chile,2010,0.1221467267045,22.3721911094613,1.83965572429969,22.876931994857,97.7,100.0,31.5,1.0502016492111,17009731.0,10644.0,0.0,51023000.0
Chile,2011,0.23423874157399993,22.4943378361658,1.81466877014036,23.107901206673,98.3,100.0,27.0,1.05461577052545,17181464.0,36747.0,165.0,47215000.0
Chile,2012,0.23423874157399993,22.7285765777398,1.90400103828752,23.3370130673596,97.8,100.0,28.8,1.04972318808154,17351816.0,46173.0,2998.0,55148000.0
Chile,2013,0.23423874157399993,22.9628153193138,1.88573874426387,23.5620242302954,100.0,100.0,30.3,1.04179427750506,17519119.0,11266.0,5941.0,55073000.0
Chile,2014,0.29266005893349956,23.1970540608878,1.94817250636153,23.7878208335351,100.0,100.0,30.2,1.06883542948556,17687006.0,7032.0,7130.0,57190789.0
Chile,2015,0.23482276977819794,23.4897141198213,1.95386771562548,24.0860324163393,100.0,100.0,27.0,1.14650064237485,17864195.0,28000.0,0.0,58702789.0
Chile,2016,0.14630515532660127,23.7245368895995,2.0134907814225,24.333348398175,100.0,100.0,25.1,1.19545463195369,18047625.0,16532.0,9023.0,59756789.0
Chile,2017,0.16560985137340012,23.8708420449261,1.98116547303093,24.6093854617587,100.0,100.0,24.6,1.39822570998977,18267221.0,30677.0,27136.0,60675789.0
Chile,2018,0.16560985137330064,24.0364518962995,2.02511263975664,25.002288872834,100.0,100.0,24.1,1.77707410607162,18558868.0,172271.0,1009.0,62108789.0
Chile,2019,0.14773573806699858,24.2020617476728,1.9600722771884,25.4526848895971,100.0,100.0,25.5,1.9697460611581,18893191.0,289911.0,560.0,63717133.0
Chile,2020,0.16544798764899937,24.3497974857398,1.88363799366435,25.84400416762,100.0,100.0,25.3,1.78688760175712,19197744.0,281640.0,2265.0,61432334.0
Chile,2021,0.16547491165029982,24.5152454733888,1.85089719657068,26.0767352343796,100.0,100.0,26.7,1.08691881982985,19370624.0,192905.0,423.0,59685199.0
Chile,2022,0.16545687256940056,24.6807203850391,2.01809524430058,26.192118041714,100.0,100.0,24.2,0.634640418623304,19456334.0,219842.0,80.0,59775374.0
China,2001,0.2514953642773001,18.8534727562839,12.6797199043056,134.492481002789,94.9,20.9,29.6,5.42936917155015,1262645000.0,38452.0,15742895.0,323645681.0
China,2002,0.2514857784619018,19.1049681205612,12.742981982665,135.473048750848,95.4,21.2,28.4,4.04073839565183,1271850000.0,38410.0,18523231.0,316881400.0
China,2003,0.2514847877515969,19.3564538990231,12.7849342939932,136.383779609948,95.7,21.9,27.0,4.39693854459371,1280400000.0,459066.0,25867001.0,312013507.0
China,2004,0.2514841799318006,19.6079386867747,12.8055826110544,137.235919250104,96.0,22.5,23.9,4.24156391258526,1288400000.0,23856.0,26738649.0,309907568.0
China,2005,0.2514852617190009,19.8594228667065,12.8262305311048,138.053436689892,96.3,23.5,20.2,3.58304456989003,1296075000.0,37743.0,27380324.0,305931686.0
China,2006,0.2514846485415987,20.1109081284255,12.8522049534502,138.867766063821,96.6,24.5,17.4,3.49094616926234,1303720000.0,31694.0,30725712.0,302036684.0
China,2007,0.25148510911530053,20.3623927769671,12.8888306349812,139.645342881819,96.9,25.7,16.4,3.65713483288953,1311020000.0,140310.0,33142479.0,298178141.0
China,2008,0.2514838077559993,20.6138778860824,12.8828499568842,140.376588050196,97.3,27.0,14.9,3.94983887273664,1317885000.0,174540.0,38265922.0,301628495.0
China,2009,0.2514833578972002,20.8653616938384,12.9088234363038,141.097705219827,97.8,29.0,14.1,2.88174098874863,1324655000.0,99549.0,33637374.0,321001166.0
China,2010,0.251483802398603,21.1168450517356,12.9294708011995,141.801244134798,98.3,31.0,13.4,3.33441700614159,1331260000.0,49339.0,28851726.0,339941511.0
China,2011,0.2062985162987978,21.3683288541342,12.7960801051446,142.487743405,99.4,33.6,12.3,2.31199368347925,1337705000.0,51294.0,36582570.0,350632552.0
China,2012,0.20629851629880136,21.574627370433,12.6413860958174,143.268509836432,99.8,36.4,11.3,5.68492664212314,1345035000.0,42919.0,43305810.0,346358990.0
China,2013,0.2062985162987978,21.7809258867318,12.4973437431264,144.243669001474,99.9,39.4,11.5,3.09965622046239,1354190000.0,44419.0,38684328.0,341666115.0
China,2014,0.20629851629880136,21.9872244030306,12.39590801698,145.207643927049,100.0,42.9,11.5,3.24951694056691,1363240000.0,70771.0,45859129.0,347523624.0
China,2015,0.20629851629880136,22.1935229193294,12.3136452727788,146.125816729087,100.0,46.8,11.9,2.91680288008358,1371860000.0,65423.0,52294839.0,338124995.0
China,2016,0.23069066412239891,22.3998214356282,12.2356431912321,146.977949259981,100.0,50.5,12.2,3.37528532053127,1379860000.0,49538.0,49967976.0,321181826.0
China,2017,0.20014464951259825,22.6305120997506,12.0845187740794,147.822641376791,100.0,54.6,12.6,3.17308241612449,1387790000.0,178941.0,51830373.0,333695387.0
China,2018,0.20025116609020088,22.8306567492632,11.890871635807,148.720043543977,100.0,58.3,13.1,2.95728932457474,1396215000.0,127178.0,55641341.0,329278204.0
China,2019,0.20025116609020088,23.0309079153534,11.7685906045987,149.417194545073,100.0,61.8,13.5,2.5376076856921,1402760000.0,96438.0,60188084.0,334111668.0
China,2020,0.20014464951259825,23.2311590814436,11.6042142218804,149.948179684945,100.0,65.6,14.3,2.30265796342305,1407745000.0,64702.0,61029894.0,308800559.0
China,2021,0.20025116609020088,23.4313037309562,11.5894936308412,150.305542803154,100.0,68.7,14.9,1.52695413125789,1411100000.0,49789.0,59984868.0,324851055.0
China,2022,0.20014464951250233,23.6315548970464,11.6065788899055,150.439753691066,100.0,72.0,15.2,1.95707313202645,1412360000.0,26643.0,63569285.0,321443063.0
Colombia,2001,-0.17374583145559797,56.5439387111311,2.53988283010365,35.2320270392068,83.3,34.3,27.9,2.2848085458455,39089934.0,20641.0,202.0,13057000.0
Colombia,2002,-0.17374583145559797,56.3701928796755,2.26372329878324,35.790231635872,94.3,34.7,27.1,2.16799286636615,39709262.0,13167.0,7.0,12501000.0
Colombia,2003,-0.17374583145560507,56.1964470482199,1.88473636773321,36.3449121225777,82.1,35.6,28.6,2.06944954660421,40324680.0,25640.0,210.0,11610000.0
Colombia,2004,-0.17374583145559797,56.0227012167643,1.88934745380802,36.8971870211807,82.7,36.3,30.6,1.96156159247295,40937429.0,55326.0,1776.0,11992700.0
Colombia,2005,-0.17374583145559797,55.8489553853087,1.79660928346102,37.4431464623704,83.2,36.9,29.0,1.83076689126206,41543171.0,65949.0,1899.0,10462200.0
Colombia,2006,-0.17374583145559797,55.6752095538531,1.65178639026589,37.9711374493015,88.9,37.8,28.9,1.65963709218783,42128977.0,17088.0,249.0,11927059.0
Colombia,2007,-0.17374583145560507,55.5014637223975,1.42341865705273,38.477768364128,84.4,38.5,30.6,1.53175752892236,42691084.0,9287.0,269.0,10469700.0
Colombia,2008,-0.17374583145559797,55.3277178909419,1.57037404236142,38.9683406940063,85.0,39.5,31.0,1.46690192407447,43235374.0,17782.0,151.0,10439900.0
Colombia,2009,-0.17374583145569744,55.1539720594863,1.52489229382605,39.4401153672826,87.0,40.4,30.8,1.39357096149422,43758808.0,26926.0,1967.0,11137000.0
Colombia,2010,-0.17374583145560507,54.9802262280306,1.45745831455611,39.9022451554754,83.8,41.5,31.4,1.3435906913679,44271541.0,33513.0,81.0,12572000.0
Colombia,2011,-0.12133934204589991,54.806480396575,1.38715187021181,40.3581063542136,86.2,43.4,30.6,1.30148378099655,44777319.0,17746.0,199.0,12376000.0
Colombia,2012,-0.12133934204599939,54.6851410545291,1.44869130238846,40.7928021631365,85.5,45.3,29.6,1.22203107314956,45259614.0,23911.0,200.0,12145000.0
Colombia,2013,-0.12133934204599939,54.5638017124831,1.43516719242902,41.2039747634069,87.1,47.1,29.6,1.13713538990829,45715810.0,25568.0,1308.0,13237000.0
Colombia,2014,-0.12133934204589991,54.4424623704371,1.3252248760703,41.5967408742677,90.1,49.2,32.0,1.06481703774622,46151584.0,46496.0,8018.0,13258000.0
Colombia,2015,-0.12133934204599939,54.3211230283912,1.39257232987832,41.969742226228,89.9,50.95,32.1,0.989047886543664,46565429.0,55920.0,8563.0,12753000.0
Colombia,2016,-0.15788192879669793,54.1997836863452,1.40620009013069,42.3343307796305,91.8,53.4,31.1,0.939856195848094,46969940.0,47141.0,2624.0,12563000.0
Colombia,2017,-0.19803515096899815,54.0419017575485,1.51567913474538,42.7557566471383,92.8,55.1,30.5,1.04237157660807,47437512.0,38054.0,643.0,10418959.0
Colombia,2018,-0.17962145110410432,53.8438666065795,1.60510860748085,43.3808724650744,92.7,57.0,32.2,1.478535433614,48131078.0,36273.0,3149.0,9788634.0
Colombia,2019,-0.1796124380351003,53.6642451554754,2.01521676430825,44.1860883280757,92.6,58.5,30.4,1.91157850356555,49024465.0,96282.0,2832.0,8755681.0
Colombia,2020,-0.17962145110409722,53.4846327174403,2.0873510590356,44.9824109959441,97.1,60.0,31.5,2.01760208281262,49907985.0,109795.0,2222.0,9014104.0
Colombia,2021,-0.1796154123478999,53.3050112663362,2.11305425867508,45.6331653898152,98.5,60.9,32.0,1.66675683392305,50629997.0,85385.0,120.0,8751480.0
Colombia,2022,-0.17961946822899932,53.1253958539883,2.1601922487607,46.1362532672375,100.0,62.0,29.7,1.34818422237933,51188173.0,119635.0,5005.0,8076000.0
Comoros,2001,-0.23535733476619924,22.3965609887157,34.9274583557227,288.060182697474,30.2,0.2,69.9,1.72000925202685,536080.0,0.0,0.0,225737.0
Comoros,2002,-0.23535733476629872,22.1612036539495,34.9274583557227,294.046211714132,32.7,0.3,69.5,1.89286752389996,547220.0,0.0,0.0,231560.0
Comoros,2003,-0.23535733476619924,21.9258463191832,34.9274583557227,300.334766254702,33.2,0.4,70.3,2.00307244942228,558923.0,0.0,0.0,237565.0
Comoros,2004,-0.23535733476630227,21.690488984417,34.9274583557227,306.178398710371,37.6,0.4,64.4,1.87773349268179,569798.0,0.0,0.0,243756.0
Comoros,2005,-0.23535733476619924,21.4551316496507,34.9274583557227,312.038688876948,40.1,0.5,63.5,1.94911516324547,580704.0,0.0,0.0,250140.0
Comoros,2006,-0.23535733476629872,21.2197743148845,34.9274583557227,318.472326706072,42.5,0.6,65.7,2.24543785652628,592677.0,0.0,0.0,256722.0
Comoros,2007,-0.2353573347662028,20.9844169801182,34.9274583557227,324.961311123052,45.0,0.8,61.8,2.3638892619232,604753.0,0.0,0.0,263105.0
Comoros,2008,-0.23535733476629872,20.749059645352,34.9274583557227,331.502955400322,47.5,0.8,74.4,2.47238849553151,616927.0,0.0,0.0,269676.0
Comoros,2009,-0.23535733476619924,20.5137023105857,34.9274583557227,338.155292853305,50.0,1.0,73.4,2.58677835289024,629307.0,0.0,0.0,276439.0
Comoros,2010,-0.23535733476629872,20.2783449758195,34.9274583557227,344.94734013971,52.5,1.1,68.5,2.69858783646424,641947.0,0.0,0.0,283400.0
Comoros,2011,-0.23535733476630227,20.0429876410532,34.9274583557227,351.873186458893,63.7,1.4,66.0,2.79611651624115,654836.0,0.0,0.0,290563.0
Comoros,2012,-0.23535733476619924,19.8076303062869,34.9274583557227,358.976894142934,63.3,1.6,69.0,2.8945044841069,668056.0,0.0,0.0,297390.0
Comoros,2013,-0.23535733476629872,19.5722729715207,34.9274583557227,366.270822138635,63.1,1.8,68.3,2.98289188155572,681630.0,0.0,0.0,304404.0
Comoros,2014,-0.2353573347662028,19.3369156367544,34.9274583557227,374.095647501343,62.5,2.0,63.6,3.15067909227555,696192.0,0.0,0.0,311609.0
Comoros,2015,-0.23535733476629872,19.1015583019882,34.9274583557227,382.322944653412,65.0,2.3,68.0,3.26667410902472,711503.0,0.0,0.0,319012.0
Comoros,2016,-0.23643202579259892,18.8662009672219,34.9274583557227,390.479312197743,67.6,2.5,67.0,3.2467289812656,726682.0,2.0,328.0,326617.0
Comoros,2017,-0.23643202579249945,18.6297689414293,34.9274583557227,398.571198280494,70.1,2.9,64.0,3.22054856018395,741741.0,0.0,147.0,333025.0
Comoros,2018,-0.231058570661002,18.3933369156368,34.9274583557227,406.592692101021,72.6,3.2,59.5,3.18637159823942,756669.0,0.0,43.0,339580.0
Comoros,2019,-0.23643202579259892,18.1622783449758,34.9274583557227,414.610424502955,75.1,3.7,57.7,2.93746534116347,771590.0,0.0,143.0,346285.0
Comoros,2020,-0.23643202579260247,17.9258463191832,34.9274583557227,422.664159054272,77.6,4.0,55.3,2.94182509163203,786578.0,0.0,732.0,353142.0
Comoros,2021,-0.23643202579249945,17.6894142933906,34.9274583557227,431.038688876948,80.1,4.4,50.8,3.01261004943326,802163.0,0.0,1690.0,360155.0
Comoros,2022,-0.23643202579259892,17.4529822675981,34.9274583557227,439.642127888232,82.9,5.0,41.2,3.05770058680522,818174.0,0.0,277.0,367261.0
"Congo, Dem. Rep.",2001,-0.29686156017729814,63.4741183476324,2.95538254559891,22.2789272402461,,0.0,97.9,4.67026172829358,50507442.0,74928.0,0.0,68466848.0
"Congo, Dem. Rep.",2002,-0.2968615601773976,63.1772567874551,2.95538254559891,22.995807767804,,0.0,98.3,4.63041678553612,52132646.0,33024.0,0.0,69712688.0
"Congo, Dem. Rep.",2003,-0.29686156017730525,62.8803952272777,2.95538254559891,23.709456783044,,0.0,98.3,4.5185842320562,53750524.0,46024.0,100.0,71024264.0
"Congo, Dem. Rep.",2004,-0.29686156017729814,62.5835336671004,2.95538254559891,24.4122833638429,,0.1,98.0,4.38088342501025,55343867.0,68165.0,46.0,72383264.0
"Congo, Dem. Rep.",2005,-0.29686156017729814,62.2866721069231,2.95538254559891,25.1418102820846,,0.0,97.9,4.39981145786011,56997741.0,116738.0,122.0,73887400.0
"Congo, Dem. Rep.",2006,-0.29686156017729814,61.9898105467458,2.95538254559891,25.9260819126177,,0.1,97.4,4.15201719742576,58775724.0,128484.0,122.0,75274400.0
"Congo, Dem. Rep.",2007,-0.2968615601774047,61.6929489865685,2.95538254559891,26.7377905207208,,0.1,97.3,4.14824293140344,60615908.0,209387.0,920.0,76498004.0
"Congo, Dem. Rep.",2008,-0.29686156017729814,61.3960874263911,2.95538254559891,27.5590533953817,1.8,0.1,97.2,4.07605218945203,62477752.0,317861.0,1764.0,77800800.0
"Congo, Dem. Rep.",2009,-0.29686156017729814,61.0992258662138,2.97743763922278,28.4028424604662,,0.1,97.0,4.05211332732979,64390664.0,227934.0,4628.0,78950504.0
"Congo, Dem. Rep.",2010,-0.29686156017730525,60.8023643060365,3.49882005249112,29.2944769634547,,0.1,97.0,4.11305527281654,66412044.0,124510.0,10100.0,80101418.0
"Congo, Dem. Rep.",2011,-0.48581901590179655,60.5055027458592,4.02020246575947,30.2432844445425,,0.1,96.8,4.19558449694885,68563038.0,164002.0,1564.0,81133569.0
"Congo, Dem. Rep.",2012,-0.48581901590169707,60.0196837299574,4.54158487902781,31.2517637458371,,0.2,96.2,4.27442453978763,70849311.0,183975.0,877.0,82346615.0
"Congo, Dem. Rep.",2013,-0.4858190159017042,59.5338647140557,5.0620850885512,32.3127491674202,,0.2,95.5,4.31924989076148,73254618.0,161240.0,1035.0,83505164.0
"Congo, Dem. Rep.",2014,-0.48581901590169707,59.048045698154,5.19838556714673,33.430844048433,,0.2,93.9,4.36893465854831,75789395.0,155315.0,2715.0,84689351.0
"Congo, Dem. Rep.",2015,-0.48581901590180365,58.5622266822523,5.4317284576873,34.5838168545025,,0.3,92.9,4.34467556104621,78403242.0,157388.0,804.0,85899854.0
"Congo, Dem. Rep.",2016,-0.4858207803091972,58.0764076663505,5.49612933106901,35.7449244613043,1.0,0.3,95.8,4.24317443146634,81035531.0,182005.0,1596.0,87137375.0
"Congo, Dem. Rep.",2017,-0.48581636929050376,57.5905868860413,5.58523190930945,37.0333318629938,1.0,0.4,97.0,4.46904992839239,83956415.0,117185.0,345.0,88148851.0
"Congo, Dem. Rep.",2018,-0.4858163692903972,57.1047705167508,5.8406298934739,38.4126499194989,1.0,0.4,96.7,4.57217173759111,87083398.0,63161.0,3524.0,89181523.0
"Congo, Dem. Rep.",2019,-0.48565316159770333,56.6189541474604,5.95222866721069,39.7201843805827,1.0,0.5,96.4,4.25003232593599,90047644.0,69503.0,33051.0,90235913.0
"Congo, Dem. Rep.",2020,-0.4860942634701999,56.1333009858627,6.0342736154915,40.9992907081891,1.0,0.5,96.3,4.05989799278496,92947442.0,79061.0,16380.0,91312556.0
"Congo, Dem. Rep.",2021,-0.48565316159759675,55.6472067223925,6.0342736154915,42.3413678569066,1.0,0.6,96.2,4.09910653013793,95989998.0,141018.0,1859.0,92412005.0
"Congo, Dem. Rep.",2022,-0.4860942634701999,55.1615535607949,6.04502913477868,43.7347795593392,1.0,0.6,96.3,4.10393394791464,99148932.0,225704.0,2121.0,93541135.0
"Congo, Rep.",2001,-0.03513909224010092,64.9926793557833,1.43484626647145,9.22795021961933,5.6,1.0,64.9,4.76927727996038,3151345.0,281834.0,0.0,2515140.0
"Congo, Rep.",2002,-0.03513909224010092,64.9575402635432,1.43484626647145,9.58283162518302,6.0,1.2,61.2,4.6981856557834,3272537.0,481438.0,0.0,2795297.0
"Congo, Rep.",2003,-0.03513909224008671,64.9224011713031,1.43484626647145,9.81192093704246,6.4,1.2,68.6,3.249884908689,3350771.0,455400.0,0.0,3095715.0
"Congo, Rep.",2004,-0.0351390922402004,64.887262079063,1.43484626647145,10.0900527086384,6.8,1.3,62.1,3.62191961878632,3445753.0,776013.0,0.0,3283401.0
"Congo, Rep.",2005,-0.03513909224010092,64.8521229868228,1.43484626647145,10.4408609077599,7.2,1.4,63.1,4.16100779904244,3565554.0,844020.0,0.0,3456000.0
"Congo, Rep.",2006,-0.03513909224010092,64.8169838945827,1.43484626647145,10.8239912152269,7.2,1.5,63.1,4.24141838769461,3696393.0,742243.0,0.0,3550000.0
"Congo, Rep.",2007,-0.03513909224010092,64.7818448023426,1.43484626647145,11.2369224011713,7.9,1.6,69.3,4.25399784281425,3837409.0,659000.0,0.0,3398926.0
"Congo, Rep.",2008,-0.03513909224010092,64.7467057101025,1.43484626647145,11.6557247437775,8.2,1.7,60.2,4.02610013181682,3980430.0,648795.0,72.0,3614948.0
"Congo, Rep.",2009,-0.03513909224010092,64.7115666178624,1.43484626647145,12.0454377745242,8.6,1.9,56.8,3.5878820900119,4113517.0,630000.0,873.0,3457693.0
"Congo, Rep.",2010,-0.0351390922402004,64.6764275256223,1.46412884333821,12.5365124450952,9.2,2.1,55.9,4.2884947618823,4281219.0,514248.0,0.0,3294598.0
"Congo, Rep.",2011,-0.03513909224010092,64.6412884333821,1.49341142020498,13.0667349926794,10.7,2.2,54.5,4.42340256783818,4462290.0,607500.0,0.0,3371314.0
"Congo, Rep.",2012,-0.03513909224010092,64.606149341142,1.55197657393851,13.4984597364568,10.5,2.3,64.3,3.51863244092681,4609724.0,789196.0,1459.0,3448230.0
"Congo, Rep.",2013,-0.03513909224010092,64.5710102489019,1.55197657393851,13.8812591508053,10.6,2.5,65.1,3.05016951875323,4740450.0,774531.0,2541.0,3702724.0
"Congo, Rep.",2014,-0.03513909224010092,64.5358711566618,1.61054172767204,14.2228374816984,10.4,2.8,62.3,2.6691374871158,4857099.0,661000.0,14.0,3633672.0
"Congo, Rep.",2015,-0.03513909224010092,64.5007320644217,1.61054172767204,14.5706588579795,10.7,2.9,62.1,2.63735533471059,4975880.0,790000.0,132.0,3539990.0
"Congo, Rep.",2016,-0.0351390922402004,64.4655929721816,1.61054172767204,14.9270307467057,11.1,3.2,64.2,2.6194024381139,5097581.0,641710.0,5.0,3589685.0
"Congo, Rep.",2017,-0.03513909224010092,64.4304538799414,1.61054172767204,15.2929311859444,11.6,3.4,67.7,2.6051648404399,5222536.0,786302.0,21.0,3655111.0
"Congo, Rep.",2018,-0.043923865300101284,64.3953147877013,1.61054172767204,15.6691390922401,11.8,3.7,69.8,2.59283378977474,5351011.0,928615.0,0.0,3756848.0
"Congo, Rep.",2019,-0.04392386530020076,64.3513909224012,1.61054172767204,16.0559824304539,11.8,3.9,70.6,2.5792312097329,5483118.0,889750.0,811.0,3926902.0
"Congo, Rep.",2020,-0.04392386530008707,64.307467057101,1.61054172767204,16.4470307467057,11.4,4.0,69.8,2.52317802749057,5616661.0,709398.0,24.0,3581881.0
"Congo, Rep.",2021,-0.04392386530020076,64.2635431918009,1.61054172767204,16.845654465593,11.8,4.2,71.4,2.48678206982997,5752791.0,625174.0,0.0,3484298.0
"Congo, Rep.",2022,-0.043923865300101284,64.2196193265007,1.61054172767204,17.2538301610542,12.4,4.5,71.4,2.45989791194584,5892183.0,622005.0,2.0,3506935.0
Costa Rica,2001,0.027379553466495565,55.9580885233059,4.11280846063455,77.119839404622,92.8,77.2,33.0,3.79130411492904,3937739.0,500.0,4800.0,4473321.0
Costa Rica,2002,0.02737955346650267,55.9854680767724,4.11280846063455,78.5144339992166,95.8,77.6,32.1,3.63218844675115,4008947.0,500.0,1266.0,4669232.0
Costa Rica,2003,0.027379553466495565,56.0128476302389,3.91696043869957,79.8218762240501,96.3,78.0,32.5,3.52277060544041,4075705.0,1500.0,1622.0,4452401.0
Costa Rica,2004,0.02737955346650267,56.0402271837054,4.11280846063455,81.0572659616138,96.7,78.1,33.3,3.43198088437489,4138784.0,34186.0,1014.0,4413781.0
Costa Rica,2005,0.027379553466602147,56.0676067371719,4.11280846063455,82.257696827262,97.3,78.4,39.2,3.38562463737481,4200078.0,62268.0,3434.0,4519330.0
Costa Rica,2006,0.027379553466495565,56.0949862906385,4.11280846063455,83.4555424990208,97.4,78.6,41.7,3.37524492519834,4261240.0,62268.0,3711.0,4703007.0
Costa Rica,2007,0.02737955346650267,56.122365844105,4.11280846063455,84.63258911085,97.6,78.8,42.4,3.33916476526711,4321340.0,102268.0,3218.0,4799697.0
Costa Rica,2008,0.02737955346650267,56.1497453975715,3.91696043869957,85.7862906384645,97.7,79.1,41.2,3.29709379566706,4380248.0,122268.0,3218.0,4995500.0
Costa Rica,2009,0.027379553466495565,56.177124951038,3.91696043869957,86.9576184880533,97.8,79.5,40.7,3.29945301492026,4440056.0,103947.0,1775.0,4873300.0
Costa Rica,2010,0.02737955346650267,56.2045045045045,4.30865648256953,88.1275166470819,98.2,79.7,40.7,3.27593114016652,4499791.0,107821.0,1054.0,4681194.0
Costa Rica,2011,0.3205248726987975,56.231884057971,4.40658049353701,89.2276145710928,97.1,80.3,40.4,3.17259250348764,4555962.0,114384.0,845.0,4703039.0
Costa Rica,2012,0.3205248726988046,56.5524089306698,4.5436741088915,90.2826674500588,97.3,80.9,38.0,3.02453188023227,4609833.0,193955.0,1351.0,4628882.0
Costa Rica,2013,0.3205248726987975,56.8729338033686,4.5436741088915,91.3422248335292,98.1,81.7,38.1,1.91468078389962,4663934.0,221300.0,3932.0,4755659.0
Costa Rica,2014,0.3205248726987975,57.1934586760674,4.5436741088915,92.3648061104583,98.4,82.6,37.8,1.86488768727343,4716147.0,141810.0,778.0,4744334.0
Costa Rica,2015,0.3205248726987051,57.5139835487662,4.5436741088915,93.3630826478653,98.3,83.4,37.6,1.8073453869239,4767119.0,123874.0,1714.0,4692876.0
Costa Rica,2016,0.32060321190759566,57.8345084214649,4.33194085389738,94.360321190756,97.7,84.1,38.3,1.7756467904847,4818038.0,187685.0,1258.0,4683253.0
Costa Rica,2017,0.32060321190760277,58.1551116333725,4.12020759890325,95.3191931061496,98.5,85.1,34.1,1.7051277417864,4866998.0,167397.0,3240.0,4612096.0
Costa Rica,2018,0.3204073638856002,58.4757148452801,3.90847434390913,96.2235996866432,98.9,85.9,33.3,1.61931271806193,4913177.0,176916.0,11764.0,4610064.0
Costa Rica,2019,0.3206032119074962,58.7961222091657,3.696741088915,97.0978848413631,98.9,86.8,33.1,1.56042131697455,4957818.0,163230.0,7412.0,4588712.0
Costa Rica,2020,0.32060321190760277,59.1167254210732,3.48500783392088,97.9152565609087,98.9,87.5,33.4,1.47522101905517,4999553.0,148462.0,8448.0,4478540.0
Costa Rica,2021,0.32060321190759566,59.4373286329808,3.27327457892675,98.5961613787701,99.7,88.4,36.4,1.31094825050875,5034320.0,81733.0,5218.0,4404691.0
Costa Rica,2022,0.3206032119075033,59.7579318448884,3.27327457892675,99.0988640814728,100.0,89.1,34.2,1.10754509405765,5059988.0,103687.0,4549.0,4450440.0
Croatia,2001,0.06259836886529513,33.7136929460581,15.0593790241809,79.9166905136643,100.0,100.0,26.8,-0.905124044278068,4468302.0,586000.0,96000.0,3669000.0
Croatia,2002,0.06259836886540171,33.7762913149234,15.2561167549006,76.9001645442839,100.0,100.0,26.9,-3.83050670968818,4299642.0,575000.0,98000.0,3468000.0
Croatia,2003,0.031098165542900347,33.8388896837888,15.3455429961368,76.9454499928459,100.0,100.0,24.6,0.028644525396151,4302174.0,544000.0,89000.0,3641000.0
Croatia,2004,0.06254020441709685,33.8699878493317,15.4384961761132,76.8958437567007,100.0,100.0,24.8,-0.0359531160212279,4303399.0,562000.0,95000.0,3847000.0
Croatia,2005,0.06254020441720343,33.9325280537488,15.1347294689443,76.9173039811307,100.0,100.0,26.6,-0.061287887241967,4304600.0,540260.0,50000.0,3841000.0
Croatia,2006,0.06254020441709685,33.995068258166,15.5993138446144,77.0163855335573,100.0,100.0,26.8,0.0236924099527442,4310145.0,548000.0,63000.0,4018000.0
Croatia,2007,0.06254020441710395,34.0576084625831,15.7422628832821,77.0345043242084,100.0,100.0,25.5,-0.0884468647111154,4311159.0,907000.0,70000.0,4452000.0
Croatia,2008,0.06254020441709685,34.1201486670002,15.2240726181116,77.0176720749053,100.0,100.0,22.7,-0.13164470723675,4310217.0,835000.0,50000.0,4210000.0
Croatia,2009,0.06254020441720343,34.1826888714173,15.3795296976628,77.0085233364306,100.0,100.0,24.1,-0.110563055345429,4309705.0,728000.0,20000.0,4469000.0
Croatia,2010,0.06254020441709685,34.2452290758345,15.5153312843971,76.927685655064,100.0,100.0,27.2,-0.183479938650026,4305181.0,752000.0,11000.0,4242000.0
Croatia,2011,0.007147451933398941,34.3077692802516,16.1603888213852,76.7533950396684,100.0,100.0,29.8,-0.275957952995837,4295427.0,825000.0,13000.0,4477000.0
Croatia,2012,0.007147451933406046,34.314916732185,16.0228003716675,76.4888499749839,100.0,100.0,27.2,-0.354494885386375,4280622.0,1080000.0,15000.0,5258000.0
Croatia,2013,0.007147451933299465,34.3220641841184,16.1961260810521,76.1269387463369,100.0,100.0,29.4,-0.425633299993768,4260368.0,972000.0,12000.0,5714000.0
Croatia,2014,0.007147451933398941,34.3292116360517,15.6600671860482,75.6543849617611,100.0,100.0,32.8,-0.511243227621612,4233922.0,1232849.0,25259.0,5436000.0
Croatia,2015,0.007147451933398941,34.3363590879851,14.5254091916232,75.0767993710242,100.0,100.0,33.6,-0.598120483956671,4201598.0,1095643.0,24134.0,4996590.0
Croatia,2016,0.037885068972897784,34.3435065399185,15.0757629904939,74.1856371953399,100.0,100.0,33.1,-0.974229489153471,4151725.0,1020156.0,84815.0,5178471.0
Croatia,2017,0.13380387391899973,34.3813916088914,15.6171824744479,73.3840861982703,100.0,100.0,31.8,-0.820096343732849,4106867.0,1178010.0,121426.0,5165279.0
Croatia,2018,0.044700164391400676,34.5151954828104,14.5986705739404,72.2144056893717,100.0,100.0,29.8,-1.29942548529598,4041407.0,1036425.0,118249.0,5374500.0
Croatia,2019,0.044671574583603046,34.5598956472018,14.3663783861054,71.2739439639768,100.0,100.0,32.8,-0.967668565244336,3988775.0,781997.0,190243.0,5389721.0
Croatia,2020,0.0471482892939008,34.6045672217854,14.7058823529412,70.5701879779859,100.0,100.0,31.6,-0.618464154693749,3949390.0,782532.0,227175.0,5400097.0
Croatia,2021,0.044674767691297745,34.6517155110793,15.8863473909936,69.946497498213,100.0,100.0,32.4,-0.495641953143935,3914206.0,794106.0,193551.0,5233867.0
Croatia,2022,0.04467476769119827,34.6963902787706,15.3145103645461,69.3170300214439,100.0,100.0,34.1,-0.480534599299897,3878981.0,1014830.0,261919.0,4985791.0
Cuba,2001,0.4627560521416001,22.6722532588454,32.6256983240223,103.436769087523,87.8,27.4,34.4,0.668514059159221,11109109.0,0.0,0.0,1819000.0
Cuba,2002,0.6867784510206967,23.135009310987,34.8137802607076,103.762867783985,85.3,33.5,34.0,0.647628069595281,11144132.0,0.0,0.0,1696000.0
Cuba,2003,0.4648663733306009,23.8217877620077,35.6988438763042,105.060795187518,82.4,39.9,34.8,0.250696194326925,11177418.0,0.0,0.0,2778000.0
Cuba,2004,0.4647790006452013,24.2866541353383,35.2631578947368,105.351343984962,86.5,46.6,33.6,0.301623933698648,11209383.0,0.0,0.0,2636000.0
Cuba,2005,0.45995356074709903,24.7514331359835,34.8275538013345,105.617479560192,87.1,53.1,33.8,0.332870857413441,11238756.0,46.0,112.0,2513000.0
Cuba,2006,0.46934242099939993,25.2113866967306,34.4983089064262,105.811292747088,87.7,59.0,26.3,0.324278391520763,11262554.0,46.0,112.0,2579000.0
Cuba,2007,0.46451703033460134,25.68072911773,34.1445081274077,105.971530583482,88.4,64.1,22.0,0.285005153471217,11278550.0,46.0,112.0,2579000.0
Cuba,2008,0.4669297256671001,26.1452461480646,33.5682074408117,106.043517474634,89.0,69.0,18.6,0.239475005651017,11287272.0,20.0,30438.0,2174200.0
Cuba,2009,0.46692972566700064,26.6121758737317,32.9631717399474,106.085700864337,89.7,72.45,18.7,0.209856917085505,11291762.0,25.0,12034.0,1912100.0
Cuba,2010,0.4669297256671001,27.0791055993987,32.3750469748215,106.113481773769,90.4,75.0,19.0,0.193087134892243,11294719.0,25.0,6362.0,2361600.0
Cuba,2011,0.36259535159499734,27.5460353250658,31.7925591882751,106.138754227734,91.1,78.2,15.6,0.176505935781862,11297409.0,25.0,12668.0,1730500.0
Cuba,2012,0.5285792362309998,27.9086306766608,31.0790451325529,105.757568101214,91.8,79.8,19.2,0.164349066028095,11301571.0,25.0,14765.0,1732000.0
Cuba,2013,1.1463632976244007,28.4372099128918,29.3945559733331,105.984819360707,92.7,81.7,19.4,0.105444671267923,11303175.0,25.0,13442.0,1702000.0
Cuba,2014,0.5414027556441994,29.5835732105162,30.2859336019958,108.40689886778,93.6,83.5,18.2,0.0060954661791693,11298167.0,498.0,2314.0,1748000.0
Cuba,2015,0.46099905785500184,30.1249759661604,29.6863103249375,108.496202653336,94.5,84.7,23.2,-0.0735045186733101,11285775.0,146.0,6602.0,1748000.0
Cuba,2016,0.565505175907699,30.5859750240154,28.9500480307397,108.309942363112,95.5,86.15,21.1,-0.0610623858770564,11275065.0,24.0,1559.0,1794000.0
Cuba,2017,0.08166045518289877,31.1514801999231,28.7312572087659,108.2815455594,96.4,86.9,19.2,-0.0301643184481945,11265612.0,130.0,550.0,1752000.0
Cuba,2018,0.0,31.233140655106,28.0211946050096,108.360587668593,97.4,88.1,22.0,-0.0946254275129914,11247829.0,0.0,1011.0,1752000.0
Cuba,2019,0.0,31.233140655106,28.0211946050096,108.16105973025,98.3,88.6,24.0,-0.11246604520524,11227118.0,0.0,6573.0,1752000.0
Cuba,2020,0.0,31.233140655106,28.0211946050096,107.927225433526,99.5,89.4,23.1,-0.142190984588659,11202846.0,0.0,8961.0,1752000.0
Cuba,2021,0.0,31.233140655106,28.0211946050096,107.672003853565,99.7,89.7,24.5,-0.191082746238495,11176354.0,4.0,7904.0,1752000.0
Cuba,2022,0.0,31.233140655106,28.0211946050096,107.149980732177,100.0,90.3,20.9,-0.498019923391772,11122168.0,0.0,5313.0,1752000.0
Cyprus,2001,0.013311688311699044,18.5725108225108,10.6493506493506,102.561363636364,100.0,100.0,3.1,1.8458936936154,947667.0,4.0,2110.0,20580.0
Cyprus,2002,0.013311688311699044,18.5858225108225,10.6060606060606,104.342748917749,100.0,100.0,3.0,1.76526298547433,964127.0,60.0,3100.0,18310.0
Cyprus,2003,0.013311688311702596,18.5991341991342,10.8225108225108,106.21645021645,100.0,100.0,3.2,1.75641824432786,981440.0,0.0,2280.0,15430.0
Cyprus,2004,0.013311688311699044,18.6124458874459,12.1212121212121,108.180735930736,100.0,100.0,3.2,1.72435282495365,999590.0,0.0,781.0,11990.0
Cyprus,2005,0.013311688311699044,18.6257575757576,12.2294372294372,110.159632034632,100.0,100.0,3.3,1.63612812984299,1017875.0,0.0,777.0,10058.0
Cyprus,2006,0.013311688311702596,18.6390692640693,13.3116883116883,112.137554112554,100.0,100.0,3.4,1.55071613457715,1036151.0,0.0,493.0,9656.0
Cyprus,2007,0.013311688311599568,18.652380952381,12.4458874458874,114.114502164502,100.0,100.0,3.5,1.48327555841323,1054418.0,0.0,787.0,7437.0
Cyprus,2008,0.013311688311699044,18.6656926406926,11.8831168831169,116.094588744589,100.0,100.0,4.3,1.43721822462344,1072714.0,1.0,698.0,19672.0
Cyprus,2009,0.013311688311699044,18.6790043290043,8.91774891774892,118.076406926407,100.0,100.0,5.7,1.40753627522943,1091026.0,0.0,520.0,19831.0
Cyprus,2010,0.013311688311699044,18.692316017316,9.40476190476191,120.061796536797,100.0,100.0,6.3,1.3973224157531,1109371.0,0.0,944.0,9878.0
Cyprus,2011,-0.002813852813797979,18.7056277056277,8.93939393939394,122.058008658009,100.0,100.0,6.5,1.41129401723492,1127816.0,0.0,594.0,8958.0
Cyprus,2012,-0.0028138528139010077,18.7028138528139,9.09090909090909,124.079329004329,100.0,100.0,7.6,1.45728788630941,1146493.0,0.0,611.0,8495.0
Cyprus,2013,-0.0028138528139010077,18.7,9.28571428571429,126.125216450216,100.0,100.0,8.6,1.49145013647247,1165397.0,0.0,2252.0,10990.0
Cyprus,2014,-0.002813852813797979,18.6971861471861,8.62878787878788,128.127164502165,100.0,100.0,9.7,1.43987733416976,1183895.0,0.0,1668.0,9399.0
Cyprus,2015,-0.0028138528139010077,18.6943722943723,8.67748917748918,130.065043290043,100.0,100.0,9.5,1.37135235099275,1201801.0,0.0,1560.0,8810.0
Cyprus,2016,-0.010822510822499964,18.6915584415584,10.6471861471861,131.980735930736,100.0,100.0,10.4,1.33861279738232,1219502.0,0.0,2444.0,10595.0
Cyprus,2017,-0.0021645021645007034,18.6807359307359,8.83116883116883,133.88658008658,100.0,100.0,10.3,1.31779186997351,1237112.0,0.0,2473.0,15738.0
Cyprus,2018,-0.0021645021644971507,18.6785714285714,10.2088744588745,135.744047619048,100.0,100.0,10.9,1.27050112598286,1254275.0,0.0,2838.0,15529.0
Cyprus,2019,-0.0021645021645007034,18.6764069264069,11.3165584415584,137.525649350649,100.0,100.0,12.0,1.20640900767097,1270737.0,0.0,3959.0,10951.0
Cyprus,2020,-0.0021645021645007034,18.6742424242424,10.4324025974026,139.250108225108,100.0,100.0,12.0,1.15955680836967,1286671.0,0.0,10219.0,9366.0
Cyprus,2021,-0.0021645021645007034,18.6720779220779,10.7626623376623,140.935822510823,100.0,100.0,15.0,1.12888696208826,1302247.0,0.0,7648.0,8615.0
Cyprus,2022,-0.0021645021645007034,18.6699134199134,10.1207792207792,142.565909090909,100.0,100.0,15.6,1.08065349911939,1317309.0,0.0,1559.0,10033.0
Czechia,2001,0.025999741167296975,34.1308399119969,41.9697165782322,132.717264138734,100.0,100.0,5.9,-0.436473816021378,10255063.0,2030000.0,954000.0,14441000.0
Czechia,2002,0.025999741167403556,34.1568396531642,41.8791251455934,132.219554807817,100.0,100.0,6.3,-0.498291846764764,10216605.0,2485000.0,976000.0,14374000.0
Czechia,2003,0.025999741167296975,34.1828393943316,35.9737284845348,131.96474699107,100.0,100.0,7.3,-0.297352818126327,10196916.0,2514000.0,994000.0,14541000.0
Czechia,2004,0.030430861912400076,34.2088391354989,35.7095897502265,131.926983305293,100.0,100.0,6.7,-0.124955244622152,10193998.0,3174000.0,597000.0,15140000.0
Czechia,2005,0.026003106394000497,34.2392699974113,35.3415739062904,131.984222107171,100.0,100.0,7.1,-0.0587438256727885,10197101.0,3096000.0,707000.0,15601000.0
Czechia,2006,0.030442106550701453,34.2652731038053,35.1076883251359,132.166916903961,100.0,100.0,7.5,0.0547009724924329,10211216.0,3216000.0,1162000.0,15510000.0
Czechia,2007,0.026006472491900468,34.295715210356,34.1416181229773,132.542459546926,100.0,100.0,7.9,0.19108537410986,10238905.0,2959000.0,1273000.0,17678000.0
Czechia,2008,0.030453355992101194,34.3217216828479,33.9971521035599,133.318161812298,100.0,100.0,8.3,0.506132229029942,10298828.0,2511000.0,884000.0,18508000.0
Czechia,2009,0.02600983946139479,34.35217503884,33.6644225789746,134.445921802175,100.0,100.0,9.0,0.752677471990865,10384603.0,2006000.0,780321.0,16187000.0
Czechia,2010,0.030464610239306467,34.3781848783014,33.4267219057483,135.214085965821,100.0,100.0,10.2,0.492030133633757,10443936.0,2729606.0,569000.0,15502000.0
Czechia,2011,0.028512236177697048,34.4086494885407,32.9914540981484,135.626181535673,100.0,100.0,10.9,0.211053475581419,10474410.0,1839000.0,1049000.0,16736000.0
Czechia,2012,0.028512236177597572,34.4371617247184,32.650653890975,135.90687556649,100.0,100.0,12.2,0.122560305261246,10496088.0,3599200.0,1830050.0,15381000.0
Czechia,2013,0.03297923775720335,34.465673960896,32.614269066425,136.097177262722,100.0,100.0,12.8,0.0540390568142467,10510785.0,4049000.0,1896000.0,15061000.0
Czechia,2014,0.028515928515901123,34.4986531986532,32.3879823879824,136.159958559959,100.0,100.0,13.9,-0.0524920784951204,10514272.0,4464000.0,2498000.0,15331000.0
Czechia,2015,0.0329914737892949,34.5271691271691,32.2325822325822,136.30337995338,100.0,100.0,14.8,0.0196406438733083,10525347.0,5100000.0,2461000.0,15476000.0
Czechia,2016,0.018909467685602976,34.5601606009584,32.2497085869706,136.589288952208,100.0,100.0,14.8,0.110986159167901,10546059.0,4690350.0,2347800.0,16163000.0
Czechia,2017,0.023442559253901152,34.579070068644,32.2626602771662,136.851858567543,100.0,100.0,14.8,0.106479713972685,10566332.0,5420145.0,1820526.0,17617000.0
Czechia,2018,0.023442559254000628,34.6025126278979,32.327418728144,137.21587877218,100.0,100.0,14.5,0.180105847237297,10594438.0,6800799.0,1933779.0,19387000.0
Czechia,2019,0.025462134152896,34.6259551871519,32.1719984457972,137.675534257221,100.0,100.0,14.7,0.248931426132289,10629928.0,8516500.0,1459800.0,25689000.0
Czechia,2020,0.026574604189100626,34.6514173213048,32.1799871770794,138.226810266108,100.0,100.0,15.9,0.308335402043916,10671870.0,14411452.0,1403788.0,32572000.0
Czechia,2021,0.02870609539900215,34.6779919254939,32.1787733522905,138.575928842168,100.0,100.0,17.0,0.157796536482863,10697858.0,18270280.0,1080502.0,33313000.0
Czechia,2022,0.030245157651897614,34.7066980208929,32.0693957764556,136.108349053848,100.0,100.0,17.2,-1.87299322902636,10505772.0,12999240.0,1204956.0,30255000.0
Denmark,2001,0.037225000000001174,14.29,57.025,133.4904,100.0,100.0,10.7,0.334227739208391,5339616.0,877000.0,637000.0,4660600.0
Denmark,2002,0.0372249999999994,14.327225,57.3,133.969575,100.0,100.0,11.1,0.462045794759963,5358783.0,726000.0,533000.0,2191800.0
Denmark,2003,0.0372249999999994,14.36445,56.9,134.398275,100.0,100.0,11.9,0.450500536463652,5375931.0,239600.0,596459.0,1870000.0
Denmark,2004,0.037225000000001174,14.401675,56.65,134.76435,100.0,100.0,12.7,0.412587904280369,5390574.0,249533.0,870374.0,2099700.0
Denmark,2005,0.0372249999999994,14.4389,56.725,135.113075,100.0,100.0,14.4,0.600889021701703,5404523.0,306458.0,782809.0,2175200.0
Denmark,2006,0.037225000000001174,14.476125,58.3,135.4858,100.0,100.0,16.1,0.61667515783182,5419432.0,681479.0,771072.0,3566400.0
Denmark,2007,0.0372249999999994,14.51335,58.675,135.9318,100.0,100.0,15.3,0.612127926892126,5437272.0,473018.0,617090.0,2796600.0
Denmark,2008,0.0372249999999994,14.550575,57.65,136.53595,100.0,100.0,17.7,0.646185818431538,5461438.0,893861.0,788998.0,3010500.0
Denmark,2009,0.037225000000001174,14.5878,60.05,137.340525,100.0,100.0,18.5,0.770174136987135,5493621.0,891270.0,547745.0,2864300.0
Denmark,2010,0.0372249999999994,14.625025,60.775,138.077375,100.0,100.0,19.3,0.74118911436296,5523095.0,658794.0,517906.0,2713300.0
Denmark,2011,0.19094999999999906,14.66225,60.525,138.692075,100.0,100.0,21.2,0.563380130491019,5547683.0,851884.0,1140263.0,3057500.0
Denmark,2012,0.19095000000000084,14.8532,62.475,139.2643,100.0,100.0,23.8,0.746778015158289,5570572.0,792556.0,828654.0,2894900.0
Denmark,2013,0.19094999999999906,15.04415,60.45,139.7893,100.0,100.0,26.9,0.464427481784497,5591572.0,599051.0,649519.0,3420300.0
Denmark,2014,0.19095000000000084,15.2351,60.19,140.3733,100.0,100.0,27.0,0.771678354492753,5614932.0,672706.0,566154.0,3862600.0
Denmark,2015,0.19095000000000084,15.42605,60.8,141.086875,100.0,100.0,30.2,0.665401800647245,5643475.0,672706.0,566154.0,4166200.0
Denmark,2016,-0.0005000000000006111,15.617,58.791275,142.087075,100.0,100.0,32.5,0.75547512466927,5683483.0,854562.0,529341.0,4311300.0
Denmark,2017,0.0235000000000003,15.6165,59.2625,143.20025,100.0,100.0,32.0,0.751422912226005,5728010.0,833580.0,486410.0,3842100.0
Denmark,2018,0.023999999999999133,15.64,59.185,144.1245,100.0,100.0,35.0,1.0032387921328,5764980.0,676349.0,460022.0,3842100.0
Denmark,2019,0.0235000000000003,15.664,59.71,144.8409,100.0,100.0,34.6,0.597801725578871,5793636.0,545145.0,793410.0,3842100.0
Denmark,2020,0.0235000000000003,15.6875,59.8983,145.36055,100.0,100.0,37.2,0.475716691502162,5814422.0,669464.0,633399.0,3842100.0
Denmark,2021,0.0235000000000003,15.711,59.27325,145.7851,100.0,100.0,39.5,0.325427948744826,5831404.0,532662.0,570364.0,3842100.0
Denmark,2022,0.023499999999998522,15.7345,58.925,146.418325,100.0,100.0,39.5,0.458563062542163,5856733.0,557475.0,790178.0,3842100.0
Djibouti,2001,0.0,0.241587575496117,0.0431406384814495,32.2397756686799,54.0,1.4,31.4,2.52061094109125,747318.0,,3461.0,293339.0
Djibouti,2002,0.0,0.241587575496117,0.0431406384814495,33.2749352890423,52.5,1.3,31.7,2.53781457072678,771313.0,,41.0,299366.0
Djibouti,2003,0.0,0.241587575496117,0.0431406384814495,34.3215703192407,26.1,1.2,32.4,2.4871455291189,795574.0,,74.0,305519.0
Djibouti,2004,0.0,0.241587575496117,0.0431406384814495,35.0957290767903,49.2,1.2,32.9,1.64924413671504,813519.0,,183.0,311799.0
Djibouti,2005,0.0,0.241587575496117,0.0431406384814495,35.639516824849,47.6,1.1,33.6,1.00148562580664,826124.0,,850.0,318209.0
Djibouti,2006,0.0,0.241587575496117,0.0431406384814495,36.2022001725626,45.9,1.0,33.1,1.09204391773025,839167.0,,850.0,324752.0
Djibouti,2007,0.0,0.241587575496117,0.0560828300258844,36.9182053494392,32.6,1.0,33.0,1.56265097548361,855764.0,,902.0,330763.0
Djibouti,2008,0.0,0.241587575496117,0.0647109577221743,37.7276962899051,42.6,0.9,32.5,1.86905791423425,874528.0,815.0,273.0,336886.0
Djibouti,2009,0.0,0.241587575496117,0.0517687661777394,38.5131147540984,40.9,0.9,33.1,1.87328313045479,892734.0,0.0,3171.0,343125.0
Djibouti,2010,0.0,0.241587575496117,0.0560828300258844,39.3238567730802,39.2,0.8,34.4,2.02506633896399,911527.0,0.0,712.0,349480.0
Djibouti,2011,0.0,0.241587575496117,0.0690250215703192,40.1316220880069,37.5,0.7,32.5,2.04803572456047,930251.0,0.0,447.0,355953.0
Djibouti,2012,0.0,0.241587575496117,0.0862812769628991,40.9213977566868,35.8,0.7,32.0,1.98992879395316,948558.0,0.0,60.0,361561.0
Djibouti,2013,0.0,0.241587575496117,0.0862812769628991,41.7060828300259,22.1,0.6,32.3,1.96865386311597,966747.0,0.0,79.0,367259.0
Djibouti,2014,0.0,0.241587575496117,0.0862812769628991,42.4859361518551,32.5,0.6,29.9,1.95187420333648,984824.0,15.0,60.0,373047.0
Djibouti,2015,0.0,0.241587575496117,0.0862812769628991,43.2578515962036,30.8,0.5,29.4,1.93180965800062,1002717.0,2099.0,1098.0,378927.0
Djibouti,2016,0.0,0.241587575496117,0.0862812769628991,44.0169542709232,29.1,0.4,24.8,1.90444523021938,1020313.0,1695.0,92.0,384902.0
Djibouti,2017,0.0004314063848149807,0.241587575496117,0.0862812769628991,44.7650129421915,29.5,0.4,23.6,1.88551458329428,1037653.0,1256.0,76.0,389739.0
Djibouti,2018,0.0012942191544429993,0.242018981880932,0.0862812769628991,45.5065142364107,,0.3,23.3,1.88013395579821,1054841.0,0.0,16.0,394638.0
Djibouti,2019,0.0025884383088870255,0.243313201035375,0.0862812769628991,46.2416738567731,33.6,0.3,24.7,1.87857681421132,1071882.0,0.0,186.0,399598.0
Djibouti,2020,0.004314063848144978,0.245901639344262,0.0862812769628991,46.9676013805004,40.3,0.3,23.4,1.87389983378836,1088709.0,0.0,349.0,404621.0
Djibouti,2021,0.003162208800691013,0.250215703192407,0.129421915444349,47.6785159620362,35.8,0.2,27.5,1.86004205773285,1105188.0,0.0,380.0,409708.0
Djibouti,2022,0.003930112165659971,0.253377911993098,0.129421915444349,48.3713546160483,36.6,0.2,26.6,1.84371963893357,1121248.0,0.0,0.0,414887.0
Dominica,2001,0.0,63.8266666666667,6.66666666666667,91.348,,56.1,11.1,-0.377422144187325,68511.0,25.0,425.0,8086.0
Dominica,2002,0.0,63.8266666666667,6.66666666666667,91.0506666666667,,58.1,9.4,-0.136579926073301,68288.0,25.0,200.0,8038.0
Dominica,2003,0.0,63.8266666666667,6.66666666666667,91.156,,59.7,13.6,0.364543550631446,68367.0,25.0,254.0,7990.0
Dominica,2004,0.0,63.8266666666667,6.66666666666667,91.3746666666667,,61.6,10.6,0.549886176937853,68531.0,25.0,546.0,7943.0
Dominica,2005,0.0,63.8266666666667,6.66666666666667,91.532,,62.9,11.4,0.538046400799146,68649.0,477.0,1376.0,7895.0
Dominica,2006,0.0,63.8266666666667,6.66666666666667,91.6453333333333,,64.3,10.0,0.537363373805415,68734.0,477.0,1376.0,7848.0
Dominica,2007,0.0,63.8266666666667,6.66666666666667,91.7413333333333,,66.2,9.8,0.565072246942304,68806.0,64.0,1118.0,7781.0
Dominica,2008,0.0,63.8266666666667,6.66666666666667,91.796,,68.3,7.8,0.557553442622499,68847.0,64.0,1384.0,7714.0
Dominica,2009,0.0,63.8266666666667,6.66666666666667,91.8053333333333,,69.2,8.0,0.539341752521743,68854.0,64.0,1056.0,7648.0
Dominica,2010,0.0,63.8266666666667,8.0,91.8186666666667,,71.3,7.5,0.570820837176619,68864.0,64.0,477.0,7582.0
Dominica,2011,0.0,63.8266666666667,8.0,91.812,,72.3,10.3,0.56971668339869,68859.0,147.0,954.0,7517.0
Dominica,2012,0.0,63.8266666666667,8.0,92.0706666666667,,74.25,13.8,0.867592147557042,69053.0,53.0,781.0,7519.0
Dominica,2013,0.0,63.8266666666667,8.0,92.1573333333333,,75.8,11.3,0.614230504366666,69118.0,53.0,781.0,7521.0
Dominica,2014,0.0,63.8266666666667,8.0,92.9533333333333,,76.5,11.4,1.38965134240048,69715.0,53.0,1093.0,7523.0
Dominica,2015,0.0,63.8266666666667,8.0,93.8306666666667,,77.5,9.9,1.47494691574363,70373.0,53.0,3127.0,7525.0
Dominica,2016,0.0,63.8266666666667,8.0,93.88,,77.8,8.7,0.593292054983326,70410.0,24.0,681.0,7528.0
Dominica,2017,0.0,63.8266666666667,8.0,92.808,,78.7,10.7,-0.601471846812178,69606.0,24.0,48.0,7490.0
Dominica,2018,0.0,63.8266666666667,8.0,91.328,,79.6,9.7,-1.05464306923781,68496.0,138.0,30.0,7453.0
Dominica,2019,0.0,63.8266666666667,8.0,90.8986666666667,,79.3,7.9,0.0867643163898225,68174.0,0.0,1140.0,7417.0
Dominica,2020,0.0,63.8266666666667,8.0,90.5066666666667,,79.7,7.6,0.132067703884301,67880.0,0.0,1101.0,7380.0
Dominica,2021,0.0,63.8266666666667,8.0,90.0973333333333,100.0,78.8,8.6,0.117476131852116,67573.0,0.0,858.0,7343.0
Dominica,2022,0.0,63.8266666666667,8.0,89.6026666666667,100.0,79.0,8.8,0.0247142417075143,67202.0,0.0,873.0,7309.0
Dominican Republic,2001,0.20834195818670054,40.8294348996067,18.5210101428276,177.689712274891,76.2,66.1,19.1,3.18441431784926,8584190.0,,9200.0,562300.0
Dominican Republic,2002,0.20834195818669343,41.0377768577934,18.557234527013,180.506789484579,77.8,68.1,18.9,3.16684387314016,8720283.0,,9200.0,562300.0
Dominican Republic,2003,0.20834195818670054,41.2461188159801,18.5934589111985,183.238149451459,77.8,69.0,17.9,3.08394128457494,8852235.0,,9200.0,562300.0
Dominican Republic,2004,0.20834195818670054,41.4544607741668,15.8700641689091,185.895673773546,78.5,69.7,18.9,3.21697455989494,8980620.0,,9200.0,562300.0
Dominican Republic,2005,0.2083419581868,41.6628027323535,15.3361208859449,188.468060442972,80.2,70.1,20.7,3.62307126026471,9104892.0,,12673.0,562300.0
Dominican Republic,2006,0.20834195818670054,41.8711446905403,15.9581660111778,190.954957565721,79.7,70.1,19.4,3.83525040170113,9225034.0,,12673.0,567700.0
Dominican Republic,2007,0.20834195818670054,42.079486648727,15.7044876837094,193.359200993583,80.7,69.9,18.0,3.81936895468632,9341183.0,2681.0,16672.0,891981.0
Dominican Republic,2008,0.20834195818670054,42.2878286069137,16.3912792382529,195.728793210515,90.5,69.3,17.9,3.61993649696838,9455658.0,1699.0,5638.0,903400.0
Dominican Republic,2009,0.20834195818670054,42.4961705651004,15.6572034775409,198.160422272821,92.6,68.8,17.7,3.27951740569737,9573130.0,771.0,5195.0,905000.0
Dominican Republic,2010,0.20834195818670054,42.7045125232871,16.9755350859035,200.688573794245,92.9,68.5,17.3,2.7779254175587,9695265.0,174.0,7096.0,913633.0
Dominican Republic,2011,0.12639205133510245,42.9128544814738,16.5945911819499,203.274166839164,93.6,68.4,16.9,2.05815948612866,9820175.0,14401.0,10758.0,922354.0
Dominican Republic,2012,0.12639205133519482,43.0392465328089,17.2265100393293,205.870854895467,92.5,68.6,16.8,1.37683172832955,9945621.0,5461.0,28899.0,929813.0
Dominican Republic,2013,0.12639205133510245,43.1656385841441,17.0631277168288,208.453963982612,92.3,68.8,16.5,1.24129714864431,10070411.0,2282.0,24182.0,937337.0
Dominican Republic,2014,0.12639205133510245,43.2920306354792,17.2074353135997,211.008755951149,93.4,69.5,16.6,1.19828756755863,10193833.0,472.0,21411.0,970228.0
Dominican Republic,2015,0.12639205133509535,43.4184226868143,16.8844462844132,213.527799627406,93.6,70.5,17.3,1.14365414983597,10315528.0,11855.0,23324.0,969885.0
Dominican Republic,2016,0.1674601531774016,43.5448147381494,16.6892858621403,215.997288346098,93.9,71.5,14.9,1.07446956767328,10434829.0,4060.0,35170.0,1000610.0
Dominican Republic,2017,0.1674601531774016,43.7122748913268,17.5984247567791,218.410888014904,95.0,72.3,15.3,0.994406855820273,10551430.0,1102.0,21999.0,1007347.0
Dominican Republic,2018,0.1674601531774016,43.8797350445042,18.1168702132064,220.799896501759,100.0,73.6,16.9,0.920456454248758,10666843.0,116.0,50521.0,1017126.0
Dominican Republic,2019,0.27018547480249566,44.0471951976816,19.3031235768992,223.18470296005,95.9,74.75,15.9,0.846935007753125,10782053.0,762.0,9252.0,1043127.0
Dominican Republic,2020,0.16784921870230107,44.3173806724841,19.2206215110081,226.026774543851,96.3,75.7,14.4,0.736536843963976,10894043.0,454.0,25888.0,1077641.0
Dominican Republic,2021,0.16784921870240055,44.4852298911864,18.6567435757734,228.397349102723,100.0,76.7,16.0,0.667379074704618,11008300.0,0.0,13501.0,1028718.0
Dominican Republic,2022,0.16784921870230107,44.6530791098888,18.7447886863402,230.786990834893,94.8,77.6,14.8,0.57561306059437,11123476.0,0.0,35651.0,1146830.0
Ecuador,2001,-0.28277903043969843,55.2846674182638,6.50668384602996,51.0919874375906,85.4,71.5,19.4,2.38941142346578,12689206.0,108188.0,0.0,5908756.0
Ecuador,2002,-0.28277903043970554,55.0018883878241,6.03961990658721,51.9839748751812,85.9,73.6,17.1,2.26628625328154,12910740.0,174226.0,300.0,6234789.0
Ecuador,2003,-0.28277903043959896,54.7191093573844,5.47592204863907,52.9009180222258,86.5,75.5,17.1,2.19786969760478,13138472.0,81520.0,922.0,6304239.0
Ecuador,2004,-0.28277903043969843,54.4363303269448,5.23031083910453,53.8424303430504,88.1,77.1,16.6,2.1788683871213,13372306.0,78569.0,176.0,6319111.0
Ecuador,2005,-0.28277903043969843,54.1535512965051,5.14172974714125,54.7942543082622,87.8,78.3,16.7,2.14337083826627,13608701.0,116806.0,690.0,6632410.0
Ecuador,2006,-0.28277903043969843,53.8707722660654,5.21823159929135,55.7503744564342,89.6,79.5,16.2,2.09163752145728,13846163.0,38150.0,0.0,6648142.0
Ecuador,2007,-0.28277903043970554,53.5879932356257,4.96456756321469,56.7165847962635,91.1,80.6,14.2,2.04531380113818,14086131.0,63522.0,0.0,5840356.0
Ecuador,2008,-0.28277903043969843,53.305214205186,4.81156385891448,57.6935617651796,92.2,81.4,15.9,1.99482113300523,14328773.0,145244.0,0.0,6082000.0
Ecuador,2009,-0.28277903043959896,53.0224351747463,4.97664680302786,58.6857867611532,93.3,82.2,15.3,1.94661210601644,14575202.0,95817.0,152.0,6016000.0
Ecuador,2010,-0.28277903043969843,52.7396561443067,4.82928007730713,59.6954179416975,92.3,83.0,12.9,1.89626661178188,14825954.0,56791.0,68.0,6855375.0
Ecuador,2011,-0.1683121275568027,52.456877113867,4.77693670478338,60.7050048316959,93.7,83.5,11.8,1.80743449686683,15076695.0,110525.0,83.0,7031180.0
Ecuador,2012,-0.1683121275567956,52.2885649863102,4.65332581736189,61.7097237880496,91.9,83.9,13.2,1.72817287923561,15326227.0,140445.0,171.0,7043454.0
Ecuador,2013,-0.1683121275568027,52.1202528587534,4.62191979384764,62.700088581092,93.1,84.2,13.2,1.66531126779304,15572194.0,168440.0,896.0,7299106.0
Ecuador,2014,-0.16831212755670322,51.9519407311966,4.80753744564342,63.6460299565147,95.4,84.7,11.8,1.56557446806144,15807128.0,174185.0,7.0,7418134.0
Ecuador,2015,-0.1683121275567956,51.7836286036399,3.9056208729264,64.5640360766629,97.5,85.0,12.2,1.49488071532535,16035124.0,203391.0,36.0,7431536.0
Ecuador,2016,-0.25877758093090364,51.6153164760831,4.3002093734901,65.4945442100177,97.0,85.4,13.1,1.48803809763377,16266225.0,186174.0,141.0,7445312.0
Ecuador,2017,-0.25877758093089653,51.3565388951522,3.92977935255275,66.4565107102593,96.8,85.5,14.8,1.50914602221411,16505139.0,241772.0,112.0,7455657.0
Ecuador,2018,-0.25877758093090364,51.0977613142213,4.15928490900306,67.4807497181511,97.8,85.9,17.0,1.57409057351628,16759519.0,220898.0,190.0,7466346.0
Ecuador,2019,-0.25877758093089653,50.8389837332904,3.89756804638428,68.6485223063295,96.9,85.7,16.3,1.75359579102237,17049547.0,308691.0,108.0,7477375.0
Ecuador,2020,-0.25877758093090364,50.5802061523595,3.9821227250765,69.8180906748269,97.8,86.0,17.7,1.72010020448132,17340021.0,283164.0,395.0,7488738.0
Ecuador,2021,-0.25877758093089653,50.3214285714286,4.17941697535835,70.6477089708488,97.4,86.0,20.2,1.20452193974601,17546065.0,205712.0,414.0,7500430.0
Ecuador,2022,-0.25877758093090364,50.0626509904977,4.12304718956354,71.1968674504751,100.0,86.1,18.9,0.789746169544204,17682454.0,511074.0,136.0,7835623.0
"Egypt, Arab Rep.",2001,0.0006459390225525968,0.0594806368978854,2.81380280275252,73.4173328645336,96.4,71.8,8.3,2.26370494062555,73083284.0,0.0,184300.0,16449909.0
"Egypt, Arab Rep.",2002,0.0006459390225526038,0.060126575920438,2.87407705058014,74.9932482796725,95.9,78.2,7.8,2.23982848766454,74652029.0,0.0,144098.0,16600028.0
"Egypt, Arab Rep.",2003,0.0006459390225525968,0.0607725149429906,2.94941986036466,76.587610628359,96.2,83.8,7.3,2.22335298941666,76239137.0,0.0,129091.0,16751738.0
"Egypt, Arab Rep.",2004,0.0006459390225526038,0.0614184539655432,2.91928273645085,78.2094007735195,98.1,88.0,7.4,2.20909389781444,77853548.0,0.0,104474.0,16905059.0
"Egypt, Arab Rep.",2005,0.0006459390225526038,0.0620643929880958,2.97855241348134,79.8407182681199,96.4,91.3,7.6,2.16248020598376,79477443.0,0.0,186062.0,17060010.0
"Egypt, Arab Rep.",2006,0.000645939022552694,0.0627103320106484,2.57471495303632,81.4717002360741,99.1,93.8,6.5,2.09525702327091,81101004.0,0.0,122539.0,17216608.0
"Egypt, Arab Rep.",2007,0.0006459390225525968,0.0633562710332011,2.61690692651565,83.0784097644281,98.8,95.7,6.2,1.9903198936217,82700403.0,0.0,97224.0,17326879.0
"Egypt, Arab Rep.",2008,0.0006459390225525968,0.0640022100557537,2.57571952383344,84.6614345270983,97.7,97.0,6.0,1.88745771321833,84276225.0,1600.0,120773.0,17438300.0
"Egypt, Arab Rep.",2009,0.0006459390225526107,0.0646481490783063,2.65407604600934,86.2572595308654,99.7,98.0,5.9,1.83931765033308,85864789.0,28.0,152872.0,17551000.0
"Egypt, Arab Rep.",2010,0.0006459390225525968,0.0652940881008589,2.89718217891406,87.9015882264303,98.4,98.7,5.7,1.83585769490311,87501636.0,522.0,149959.0,17664556.0
"Egypt, Arab Rep.",2011,-0.0034597418253051043,0.0659400271234115,2.88613190014566,89.6037691496308,99.1,99.2,5.4,1.84193194859835,89196072.0,2017.0,133935.0,17779447.0
"Egypt, Arab Rep.",2012,-0.0034597418253050974,0.0624802852981064,2.82083479833241,91.5094268923602,99.2,99.5,5.4,2.00582252594129,91093059.0,2598.0,128753.0,17823613.0
"Egypt, Arab Rep.",2013,-0.0034597418253052015,0.0590205434728013,2.84193078507208,93.5868210357125,99.8,99.7,5.3,2.12438195987039,93161001.0,4896.0,114006.0,17868575.0
"Egypt, Arab Rep.",2014,-0.0034597418253050974,0.0555608016474961,2.72034758149581,95.7693033301522,99.9,99.8,5.3,2.16402697926394,95333553.0,1602.0,98002.0,17914337.0
"Egypt, Arab Rep.",2015,-0.0034597418253052015,0.052101059822191,2.65225777286654,97.9744376914963,99.7,99.9,5.4,2.11520354384702,97528654.0,2625.0,83374.0,17960905.0
"Egypt, Arab Rep.",2016,-0.0034557235421166024,0.0486413179968858,2.87897644281481,100.052581244663,99.4,99.9,5.3,1.91854512173738,99597342.0,5617.0,121198.0,18008286.0
"Egypt, Arab Rep.",2017,0.0,0.0451855944547692,2.79950313928374,102.109185795369,100.0,99.9,5.1,1.83601700503567,101644589.0,6610.0,148458.0,18037592.0
"Egypt, Arab Rep.",2018,0.0,0.0451855944547692,2.92527881862474,104.170030639409,100.0,99.9,4.9,1.82759613179123,103696057.0,6482.0,265149.0,18067550.0
"Egypt, Arab Rep.",2019,0.0,0.0451855944547692,3.06293636044,106.165145411623,100.0,99.9,5.0,1.91861386574064,105682094.0,1744.0,290296.0,18098162.0
"Egypt, Arab Rep.",2020,0.0,0.0451855944547692,3.23371339595158,108.044761665578,100.0,99.9,6.2,1.81027310113949,107553158.0,1991.0,128666.0,18129431.0
"Egypt, Arab Rep.",2021,0.0,0.0451855944547692,3.38038073233211,109.814781254709,100.0,99.9,6.7,1.71189724860369,109315124.0,2531.0,136570.0,18161362.0
"Egypt, Arab Rep.",2022,0.0,0.0451855944547692,3.09106434275956,111.464169973379,100.0,99.9,6.1,1.60939752041338,110957008.0,4696.0,91271.0,18194360.0
El Salvador,2001,-0.21718146718139764,32.523166023166,30.265444015444,286.841988416988,67.9,24.5,33.5,2.05934457026348,5943366.0,0.0,800.0,5200021.0
El Salvador,2002,-0.21718146718150422,32.3059845559846,30.0772200772201,288.033783783784,72.3,26.5,33.1,1.97376097674819,5968060.0,0.0,7900.0,5200129.0
El Salvador,2003,-0.2171814671814971,32.0888030888031,29.8889961389961,288.930067567568,73.0,28.5,34.0,1.85811986211269,5986631.0,0.0,4000.0,5200238.0
El Salvador,2004,-0.2171814671814012,31.8716216216216,29.7007722007722,289.507673745174,72.3,31.2,33.9,1.72739228029706,5998599.0,10909.0,20272.0,4829082.0
El Salvador,2005,-0.2171814671814971,31.6544401544402,29.5125482625483,289.800723938224,73.0,32.8,33.3,1.60166028798843,6004671.0,9888.0,1751.0,4854610.0
El Salvador,2006,-0.21718146718150066,31.4372586872587,29.3243243243243,289.844498069498,73.2,35.1,34.1,1.4812650657243,6005578.0,8762.0,579.0,4880520.0
El Salvador,2007,-0.2171814671814012,31.2200772200772,29.1505791505791,289.68721042471,76.1,37.25,34.8,1.37092787505474,6002319.0,1819.0,2344.0,4886196.0
El Salvador,2008,-0.21718146718150066,31.0028957528958,30.4295366795367,290.049420849421,81.0,39.5,28.2,1.50588924145946,6009824.0,20421.0,246.0,4892100.0
El Salvador,2009,-0.21718146718150066,30.7857142857143,30.8301158301158,290.989237451737,81.4,42.8,31.5,1.6993467382623,6029297.0,28007.0,478.0,4898700.0
El Salvador,2010,-0.21718146718139764,30.5685328185328,31.230694980695,291.905357142857,81.1,45.2,32.2,1.70731455273205,6048279.0,23614.0,433.0,4904555.0
El Salvador,2011,-0.21718146718150066,30.3513513513514,31.6312741312741,292.86916023166,81.6,48.3,32.6,1.71910917971922,6068249.0,23772.0,659.0,4907392.0
El Salvador,2012,-0.21718146718150066,30.1341698841699,32.0318532818533,293.925048262548,83.4,51.1,29.5,1.7284049532239,6090127.0,23804.0,659.0,4898531.0
El Salvador,2013,-0.21718146718139764,29.9169884169884,32.4324324324324,295.076013513513,85.2,54.7,30.3,1.72188722574762,6113975.0,25476.0,524.0,4891876.0
El Salvador,2014,-0.21718146718150066,29.699806949807,32.8330115830116,296.276013513514,89.3,58.0,27.5,1.68379206567679,6138839.0,13771.0,1223.0,4885423.0
El Salvador,2015,-0.21718146718150066,29.4826254826255,33.2335907335907,297.439913127413,89.2,61.8,24.0,1.60198377795495,6162955.0,16889.0,1416.0,4879167.0
El Salvador,2016,-0.21718146718150066,29.265444015444,33.6341698841699,298.439961389961,89.4,65.2,21.0,1.46332930091099,6183676.0,14372.0,294.0,4873102.0
El Salvador,2017,-0.2171814671814012,29.0482625482625,34.034749034749,299.266409266409,90.3,69.1,20.7,1.27698873369579,6200800.0,9157.0,242.0,4853702.0
El Salvador,2018,-0.2171814671814971,28.8310810810811,34.4353281853282,299.880936293436,91.3,72.1,25.0,1.17579638205998,6213533.0,16356.0,15.0,4834568.0
El Salvador,2019,-0.21718146718150066,28.6138996138996,34.7972972972973,300.183735521236,92.6,75.4,23.2,1.0418867680294,6219807.0,10894.0,1148.0,4815693.0
El Salvador,2020,-0.2171814671814012,28.3967181467181,34.7972972972973,300.304922779923,93.6,78.4,19.4,0.952011504586522,6222318.0,6960.0,1079.0,4797071.0
El Salvador,2021,-0.21718146718150066,28.1795366795367,34.7972972972973,300.901206563707,100.0,81.2,23.7,1.08117918999429,6234673.0,4794.0,587.0,4778695.0
El Salvador,2022,-0.2171814671814971,27.9623552123552,34.7972972972973,301.919980694981,94.1,83.5,21.9,1.19234961422949,6255782.0,4160.0,469.0,4762030.0
Equatorial Guinea,2001,-0.2979322638146016,93.2470588235294,0.784313725490196,25.0723351158645,36.2,4.1,45.9,5.27208629047149,703279.0,504000.0,0.0,1136000.0
Equatorial Guinea,2002,-0.2979322638146016,92.9491265597148,1.06951871657754,26.7321212121212,34.5,4.3,46.1,6.53461723777714,749836.0,514800.0,0.0,1082000.0
Equatorial Guinea,2003,-0.2979322638146016,92.6511942959002,1.31907308377897,28.4476648841355,32.6,4.5,31.3,7.07357141323182,797957.0,432000.0,0.0,1021000.0
Equatorial Guinea,2004,-0.29793226381470106,92.3532620320856,1.31907308377897,30.2268092691622,30.6,4.6,29.5,7.83366609365533,847862.0,597000.0,0.0,866000.0
Equatorial Guinea,2005,-0.2979322638145874,92.0553297682709,1.31907308377897,32.0826024955437,28.6,4.9,7.2,8.51856815274429,899917.0,390000.0,0.0,912000.0
Equatorial Guinea,2006,-0.2979322638146016,91.7573975044563,1.31907308377897,33.7742245989305,26.3,5.0,7.1,8.38596398560062,947367.0,388000.0,0.0,1081000.0
Equatorial Guinea,2007,-0.2979322638146016,91.4594652406417,1.46167557932264,35.3063458110517,24.0,5.1,7.0,8.26155895519129,990343.0,452000.0,0.0,1050000.0
Equatorial Guinea,2008,-0.2979322638146016,91.1615329768271,1.46167557932264,36.935614973262,21.5,5.1,8.5,8.80499685576741,1036044.0,551000.0,0.0,972000.0
Equatorial Guinea,2009,-0.2979322638146016,90.8636007130125,1.63992869875223,38.6641711229947,18.9,5.4,7.2,9.23278181264273,1084530.0,272000.0,0.0,972000.0
Equatorial Guinea,2010,-0.29793226381470106,90.5656684491979,1.92513368983957,40.4874509803922,16.2,5.3,9.2,9.53752551945363,1135673.0,27000.0,0.0,972000.0
Equatorial Guinea,2011,-0.2979679144385017,90.2677361853832,1.92513368983957,42.3916221033868,13.8,5.3,5.7,9.71229112496052,1189085.0,226811.0,0.0,756849.0
Equatorial Guinea,2012,-0.2979679144385017,89.9697682709447,1.92513368983957,44.272192513369,10.1,5.2,5.6,9.57110605962947,1241835.0,329700.0,271.0,784222.0
Equatorial Guinea,2013,-0.2979679144385017,89.6718003565062,1.92513368983957,46.1134759358289,6.8,5.15,4.4,9.35733002563124,1293483.0,355000.0,0.0,839922.0
Equatorial Guinea,2014,-0.2979679144385017,89.3738324420677,1.92513368983957,47.9935115864528,6.2,4.9,3.7,9.27900418539084,1346218.0,370000.0,0.0,867000.0
Equatorial Guinea,2015,-0.29796791443848747,89.0758645276292,1.92513368983957,49.9047415329768,5.5,4.8,4.9,9.1458143975497,1399828.0,490000.0,0.0,987000.0
Equatorial Guinea,2016,-0.2980392156863019,88.7778966131907,1.92513368983957,51.8332620320856,4.8,4.5,5.5,8.83600102806311,1453923.0,466102.0,0.0,1217000.0
Equatorial Guinea,2017,-0.2980392156862024,88.4798573975044,1.92513368983957,53.7677718360071,4.1,4.3,4.8,4.10127796927805,1508186.0,684866.0,1.0,1437000.0
Equatorial Guinea,2018,-0.2980392156863019,88.1818181818182,1.92513368983957,55.7003921568627,3.5,4.1,5.0,3.96112295557081,1562396.0,1100000.0,1.0,1647000.0
Equatorial Guinea,2019,-0.2980392156863019,87.8837789661319,1.92513368983957,57.6264527629233,2.9,3.9,4.8,3.81283561186818,1616422.0,1240000.0,0.0,1747000.0
Equatorial Guinea,2020,-0.2980392156862024,87.5857397504456,1.88948306595365,59.5428520499109,2.4,3.6,7.4,3.66851267784634,1670177.0,662860.0,1.0,1747000.0
Equatorial Guinea,2021,-0.2980392156863019,87.2877005347594,1.88948306595365,61.1931550802139,1.8,3.3,6.5,3.11512649433144,1716468.0,265868.0,5.0,1747000.0
Equatorial Guinea,2022,-0.29803921568628766,86.9896613190731,1.88948306595365,62.7018181818182,1.4,3.1,5.2,2.80104478929665,1758786.0,250244.0,0.0,1747000.0
Eritrea,2001,-0.03128712871289885,11.0738613861386,5.54455445544555,22.2478316831683,11.2,0.4,76.8,3.33008724100128,2247031.0,,,2246531.0
Eritrea,2002,-0.03128712871280115,11.0425742574257,5.56435643564356,22.8918712871287,11.9,0.4,74.8,3.51715602337604,2312079.0,,,2285742.0
Eritrea,2003,-0.03128712871289885,11.0112871287129,5.56435643564356,23.6928514851485,14.0,0.4,74.7,4.06854478488672,2392978.0,,,1266190.0
Eritrea,2004,-1.839679230798641,10.98,5.91089108910891,24.6921089108911,13.3,0.5,75.0,4.7172104279383,2493903.0,,,1266190.0
Eritrea,2005,-0.02933518920795919,9.14032076920136,4.94285853030549,21.4765054072847,14.1,0.5,69.8,4.63796832199601,2598284.0,,4429.0,1266190.0
Eritrea,2006,-0.02451142773974091,9.1109855799934,5.12289469065343,21.9889099906246,14.8,0.5,74.7,2.8778339442139,2661215.0,,4429.0,1265020.0
Eritrea,2007,-0.02825392356585965,9.08647415225366,5.53700562256476,22.3422474247986,15.6,0.5,77.3,2.00388435267391,2703502.0,174.0,6444.0,1265020.0
Eritrea,2008,-0.027965563082378964,9.0582202286878,5.53569837205687,22.6651485964038,16.4,0.6,79.1,1.82531935841967,2743222.0,174.0,1289.0,1265020.0
Eritrea,2009,-0.027003048138990238,9.03025466560542,5.53456029744016,23.2643755206101,17.2,0.6,81.4,2.93374473809349,2816327.0,174.0,1363.0,1265020.0
Eritrea,2010,-0.025767825130341038,9.00325161746643,5.69920149726779,23.8530992984597,18.5,0.7,81.7,2.74690063328976,2887885.0,174.0,1376.0,896922.0
Eritrea,2011,-0.02786740731531978,8.97748379233609,5.6994128192333,24.3272910774296,19.8,0.7,80.9,2.13456458243916,2945186.0,174.0,267.0,926641.0
Eritrea,2012,-0.0255902777804895,8.94961638502077,5.69828855371813,24.7626561652109,21.1,0.8,77.1,1.89436480581747,2998485.0,174.0,58.0,965440.0
Eritrea,2013,-0.0236838846290901,8.92402610724028,5.6986118181611,25.0820517513238,22.4,0.8,78.4,1.30901732580085,3036988.0,174.0,29.0,991950.0
Eritrea,2014,-0.025145106971759645,8.90034222261119,5.70015791420086,25.3975905581196,23.8,0.8,79.7,1.19194049359041,3074360.0,177.0,649.0,1023031.0
Eritrea,2015,-0.029951138049851167,8.87519711563943,5.70077452457709,25.572294764578,25.1,0.9,80.5,0.586061348968297,3095173.0,177.0,649.0,1023031.0
Eritrea,2016,-0.02527231098000904,8.84524597758958,5.69829862429445,25.6468528978016,26.6,0.9,81.2,0.197789782494565,3105546.0,9.0,151.0,1023031.0
Eritrea,2017,-0.025646776422529882,8.81997366660957,5.69883119202229,25.8074296058691,28.0,0.9,81.4,0.430360195441271,3124698.0,0.0,29.0,1023031.0
Eritrea,2018,-0.026569679310069816,8.79432689018704,5.69912425026678,26.0206072238481,29.5,1.0,81.6,0.584382543587525,3150347.0,0.0,15.0,1023031.0
Eritrea,2019,-0.02630340210409088,8.76775721087697,5.69881918979739,26.3695100817645,31.0,0.9,80.8,1.06154440063105,3192760.0,0.0,0.0,1023031.0
Eritrea,2020,-0.023238569186240454,8.74145380877288,5.69868589789808,26.7606490641362,32.5,1.0,80.6,1.1634481731027,3240194.0,0.0,0.0,1023031.0
Eritrea,2021,-0.03596051060072902,8.71821523958664,5.70055580171216,27.1914115855899,34.1,1.0,80.9,1.22545720479682,3291271.0,0.0,0.0,1023031.0
Eritrea,2022,-0.0260772977317707,8.68225472898591,5.69409349206375,27.6467466920618,35.7,1.0,80.7,1.40601199577143,3350183.0,0.0,0.0,1023031.0
Estonia,2001,0.2291342297711978,52.8164661476763,19.8867657466384,32.9555319650861,100.0,100.0,19.8,0.406512197121298,1396985.0,4431960.0,346480.0,8910000.0
Estonia,2002,0.2291342297711978,53.0456003774475,15.9707478178816,32.7462845010616,100.0,100.0,18.9,-0.626476258702144,1388115.0,3682900.0,582890.0,10200000.0
Estonia,2003,0.2291342297712049,53.2747346072187,14.4751120547299,32.5395140363293,100.0,100.0,19.3,-0.609021157655893,1379350.0,3359540.0,639060.0,10500000.0
Estonia,2004,0.22913422977109832,53.5038688369899,12.8568058504364,32.3359282849729,100.0,100.0,19.9,-0.590355954095625,1370720.0,3364978.0,941109.0,10500000.0
Estonia,2005,0.2291342297711978,53.733003066761,12.2505307855626,32.1431941495636,100.0,100.0,20.0,-0.548707447942885,1362550.0,2434169.0,1484365.0,6800000.0
Estonia,2006,0.2291342297712049,53.9621372965322,13.9608398207124,31.9597782495872,100.0,100.0,18.9,-0.511927341297398,1354775.0,1923766.0,1883926.0,5500000.0
Estonia,2007,0.2291342297711978,54.1912715263034,13.1894314696862,31.7718801604152,100.0,100.0,17.2,-0.519067678852238,1346810.0,1656591.0,1811022.0,5400000.0
Estonia,2008,0.22913422977109832,54.4204057560746,14.13776834159,31.6272705826846,100.0,100.0,18.6,-0.376154314241163,1340680.0,1543752.0,1433953.0,4500000.0
Estonia,2009,0.2291342297711978,54.6495399858457,14.1023826374145,31.5425807973579,100.0,100.0,20.5,-0.179545949485094,1337090.0,1555837.0,568328.0,4860000.0
Estonia,2010,0.2291342297712049,54.8786742156169,14.069355980184,31.4818353385232,100.0,100.0,24.2,-0.0965314545775049,1334515.0,1275174.0,284792.0,5636054.0
Estonia,2011,0.4009907997169009,55.1078084453881,15.2158527954706,31.4101203113942,100.0,100.0,25.3,-0.124866073024554,1331475.0,2453141.0,336396.0,7489928.0
Estonia,2012,0.4009907997168938,55.508799245105,14.9186128803963,31.3149091766926,100.0,100.0,25.2,-0.196359268496707,1327439.0,2798617.0,346599.0,7997845.0
Estonia,2013,-0.9980348113274999,55.9097900448219,14.6378862939372,31.2030195800896,100.0,100.0,25.0,-0.232225422923109,1322696.0,2565328.0,328833.0,9044423.0
Estonia,2014,0.3910282953761026,54.9117552334944,14.6767885898321,30.3196917414309,100.0,100.0,24.5,-0.16566488498831,1317997.0,3080206.0,298539.0,9048022.0
Estonia,2015,0.3910282953761026,55.3027835288705,15.0448585231194,30.2402806533241,100.0,100.0,25.3,-0.0063514950827924,1314545.0,2989047.0,240587.0,8808243.0
Estonia,2016,0.005521048999298728,55.6938118242466,15.527950310559,30.26011042098,100.0,100.0,28.2,0.376825064515229,1315407.0,2719319.0,293412.0,9515031.0
Estonia,2017,1.3392636179821977,55.6993328732459,16.0110420979986,30.2689210950081,100.0,100.0,27.2,0.385363763239305,1315790.0,2841950.0,207451.0,10218940.0
Estonia,2018,0.0,57.0385964912281,15.8830409356725,30.816,100.0,100.0,27.5,0.511922510846607,1317384.0,2823454.0,235958.0,11458637.0
Estonia,2019,0.0,57.0385964912281,15.9766081871345,30.9234385964912,100.0,100.0,28.6,0.763385494011981,1321977.0,3225106.0,294529.0,12225530.0
Estonia,2020,0.0,57.0385964912281,16.140350877193,31.0385497076023,100.0,100.0,31.3,0.801370602402878,1326898.0,2659239.0,341827.0,10986970.0
Estonia,2021,0.0,57.0385964912281,16.233918128655,31.0999298245614,100.0,100.0,40.4,0.631854957769353,1329522.0,1737928.0,557696.0,11288333.0
Estonia,2022,0.026697213429102362,57.0385964912281,16.374269005848,31.1329122807018,100.0,100.0,38.0,0.528902118507097,1330932.0,1953728.0,888427.0,10082501.0
Eswatini,2001,0.07063953488379937,27.5162790697674,10.3488372093023,60.5473255813953,10.4,10.8,60.1,0.543368484902739,1041414.0,,,1818750.0
Eswatini,2002,0.0706395348836999,27.5869186046512,10.3488372093023,61.1083720930233,18.3,11.9,60.9,0.345391594430572,1051064.0,,,1836760.0
Eswatini,2003,0.0706395348836999,27.6575581395349,10.3488372093023,61.5954069767442,16.7,13.0,63.6,0.173295034138915,1059441.0,,,1855232.0
Eswatini,2004,0.0706395348836999,27.7281976744186,10.3488372093023,62.0174418604651,19.8,14.3,66.5,0.0702370529313686,1066700.0,,,1874178.0
Eswatini,2005,0.07063953488380292,27.7988372093023,10.3488372093023,62.3929651162791,23.0,15.5,66.6,0.0513922935407365,1073159.0,,,1893614.0
Eswatini,2006,0.0706395348836999,27.8694767441861,10.3488372093023,62.7338372093023,26.1,16.7,67.0,0.106878206604296,1079022.0,,,1913556.0
Eswatini,2007,0.0706395348836999,27.9401162790698,10.2906976744186,63.0486046511628,27.3,18.0,66.8,0.231733393688877,1084436.0,,,1929511.0
Eswatini,2008,0.0706395348836999,28.0107558139535,10.2906976744186,63.4130813953488,32.4,19.3,66.9,0.528555843336189,1090705.0,,,1945797.0
Eswatini,2009,0.0706395348836999,28.0813953488372,10.2906976744186,63.8425,35.5,20.4,67.8,0.806735382490606,1098091.0,,,1962423.0
Eswatini,2010,0.07063953488379937,28.1520348837209,10.2906976744186,64.2530813953488,28.9,21.7,66.7,0.934666487618942,1105153.0,21.0,,1979398.0
Eswatini,2011,0.0705813953487997,28.2226744186047,10.2906976744186,64.6308139534884,39.8,22.7,68.5,1.02917971520787,1111650.0,312589.0,61265.0,2248000.0
Eswatini,2012,0.0705813953487997,28.2932558139535,10.2906976744186,64.9902906976744,44.7,23.9,69.3,1.13664439385607,1117833.0,411682.0,44772.0,2366000.0
Eswatini,2013,0.07058139534889918,28.3638372093023,10.2906976744186,65.3408720930233,48.2,25.2,68.8,1.24901695769136,1123863.0,268517.0,91543.0,2197000.0
Eswatini,2014,0.0705813953487997,28.4344186046512,10.2906976744186,65.6970930232558,51.8,26.5,66.1,1.37297458820309,1129990.0,280529.0,156391.0,2152000.0
Eswatini,2015,0.0705813953487997,28.505,10.2906976744186,66.0638953488372,59.3,27.8,68.3,1.49359088952915,1136299.0,305570.0,217496.0,2107000.0
Eswatini,2016,0.07093023255820086,28.5755813953488,10.2906976744186,66.4426162790698,59.1,28.8,68.8,1.60483861941318,1142813.0,443700.0,249161.0,2263000.0
Eswatini,2017,0.07034883720930196,28.646511627907,10.2906976744186,66.8318023255814,58.1,29.4,64.3,1.70343193587855,1149507.0,838720.0,206407.0,2698000.0
Eswatini,2018,0.07034883720929841,28.7168604651163,10.2906976744186,67.3369186046512,69.8,30.0,65.3,1.92474898219469,1158195.0,762344.0,139101.0,2688000.0
Eswatini,2019,0.07034883720929841,28.7872093023256,10.2906976744186,67.960988372093,69.7,30.2,65.7,1.97840654885066,1168929.0,777708.0,225207.0,2754000.0
Eswatini,2020,0.07034883720930196,28.8575581395349,10.2906976744186,68.5973255813954,72.9,30.6,64.4,2.12225981181099,1179874.0,874263.0,265348.0,2872843.0
Eswatini,2021,0.07034883720929841,28.9279069767442,10.2906976744186,69.3447093023256,76.1,30.8,63.7,2.38659378262032,1192729.0,613569.0,298798.0,2251819.0
Eswatini,2022,0.07034883720930196,28.9982558139535,10.2906976744186,70.1507558139535,79.1,31.1,65.4,2.56613194591283,1206593.0,870488.0,613956.0,2263760.0
Ethiopia,2001,-0.0730000000000004,18.5285,9.872,67.411494,1.7,0.5,95.5,4.45854279783597,67411494.0,0.0,0.0,89930092.0
Ethiopia,2002,-0.0730000000000004,18.4555,9.862,69.487762,,0.5,94.6,4.35494220213118,69487762.0,0.0,0.0,91282143.0
Ethiopia,2003,-0.0730000000000004,18.3825,9.853,71.635517,,0.5,94.5,4.45922572494006,71635517.0,0.0,0.0,92661252.0
Ethiopia,2004,-2.1509463688686985,18.3095,10.928,73.832663,1.4,0.4,94.2,4.38529242436668,73832663.0,0.0,0.0,94533392.0
Ethiopia,2005,-0.06471771161400142,16.1585536311313,10.9551919006009,67.4086372526321,3.1,0.4,94.1,4.36678804226886,76077206.0,0.0,0.0,95957336.0
Ethiopia,2006,-0.06487223204669945,16.0938359195173,11.3618662700454,69.4377847665754,0.6,0.4,94.7,4.37981291296883,78367470.0,0.0,0.0,97408674.0
Ethiopia,2007,-0.0649357570004998,16.0289636874706,11.8694340984139,71.5067748631684,6.5,0.4,94.5,4.37766477704282,80703490.0,0.0,0.0,98631059.0
Ethiopia,2008,-0.06379397918860086,15.9640279304701,12.4380754315493,73.6318622061839,8.2,0.4,94.1,2.18725340604446,83103217.0,0.0,643.0,100059100.0
Ethiopia,2009,-0.06496855873719909,15.9002339512815,12.0559827881042,75.7983969601131,9.7,0.4,94.1,7.14473573638509,85543668.0,23.0,2469.0,101417400.0
Ethiopia,2010,-0.0644366188119001,15.8352653925443,12.3587993002942,77.9802631357432,11.3,0.3,94.2,4.9456857455889,88007636.0,23.0,5233.0,102805321.0
Ethiopia,2011,-0.06474062771540012,15.7708287737324,12.9057011034308,80.224030211657,12.9,0.3,94.1,4.81350246767762,90538514.0,23.0,1233.0,104209300.0
Ethiopia,2012,-0.06478034926920095,15.706088146017,13.4622853188946,82.537679592612,9.6,0.3,93.6,4.93656502383621,93149970.0,74.0,2943.0,105544380.0
Ethiopia,2013,-0.06454491203709978,15.6413077967478,13.5975929442794,84.8841807786957,16.1,0.3,93.3,4.7021913043003,95798767.0,69.0,5288.0,106901441.0
Ethiopia,2014,-0.0642189152237993,15.5767628847107,13.7084728569845,87.224157853982,17.8,0.4,92.4,4.94213797545556,98438751.0,2671.0,25703.0,108280917.0
Ethiopia,2015,-0.06470050030899976,15.5125439694869,13.8196461741706,89.598740246565,12.0,0.3,91.4,4.86561713361329,101115610.0,2672.0,12079.0,109683244.0
Ethiopia,2016,-0.0649457283873005,15.4478434691779,13.9303953410931,92.0367822337439,15.5,0.3,91.5,4.89540924357463,103867135.0,2679.0,1955.0,111108872.0
Ethiopia,2017,-0.06460691735730073,15.3828977407906,14.0409203421887,94.5614799764478,32.4,0.3,90.4,4.86823874191839,106718162.0,2671.0,5851.0,112323671.0
Ethiopia,2018,-0.06480084938320019,15.3182908234333,14.1501576177916,97.1744352590326,31.0,0.3,90.8,4.87600186096141,109666481.0,4.0,182.0,113557265.0
Ethiopia,2019,-0.06481197428949947,15.2534899740501,14.3430388457376,99.8298825389562,32.5,0.3,90.0,5.01030377934689,112664152.0,0.0,9.0,114810013.0
Ethiopia,2020,-0.06469027510270031,15.1886779997606,14.3473484917961,102.552159549746,36.0,0.3,89.3,4.9032414205172,115737383.0,244.0,696.0,116082277.0
Ethiopia,2021,-0.06380548010369935,15.1239877246579,14.3500889708883,105.370090895445,39.4,0.3,90.7,4.47099523245079,118917671.0,400.0,14.0,117374430.0
Ethiopia,2022,-0.06459695904040075,15.0601822445542,14.560115607756,108.230378298522,42.8,0.3,90.6,4.87095365413555,122138588.0,12.0,0.0,118664769.0
Faroe Islands,2001,0.0,0.0573065902578797,0.0458452722063037,32.7750716332378,100.0,,2.8,1.41811365985936,45754.0,43.0,1214.0,
Faroe Islands,2002,0.0,0.0573065902578797,0.0458452722063037,33.4061604584527,100.0,,2.6,2.56269312550108,46635.0,43.0,1214.0,
Faroe Islands,2003,0.0,0.0573065902578797,0.0458452722063037,33.9075931232092,100.0,,3.4,1.49844374363511,47335.0,43.0,1214.0,
Faroe Islands,2004,0.0,0.0573065902578797,0.0458452722063037,34.4068767908309,100.0,,3.1,1.99052084809209,48032.0,43.0,1214.0,
Faroe Islands,2005,0.0,0.0573065902578797,0.0458452722063037,34.6590257879656,100.0,,3.4,1.25413240051664,48384.0,43.0,1214.0,
Faroe Islands,2006,0.0,0.0573065902578797,0.0458452722063037,34.64111747851,100.0,,3.8,-0.011382391452735,48359.0,43.0,1214.0,
Faroe Islands,2007,0.0,0.0573065902578797,0.0458452722063037,34.6239255014327,100.0,,4.3,0.295521924553209,48335.0,43.0,1214.0,
Faroe Islands,2008,0.0,0.0573065902578797,0.0458452722063037,34.6547277936963,100.0,,4.5,-0.363843494052099,48378.0,43.0,1214.0,
Faroe Islands,2009,0.0,0.0573065902578797,0.0458452722063037,34.775787965616,100.0,,4.5,0.828091624473149,48547.0,43.0,1214.0,
Faroe Islands,2010,0.0,0.0573065902578797,0.0458452722063037,34.9505730659026,100.0,,5.1,1.64700378630082,48791.0,43.0,1214.0,0.0
Faroe Islands,2011,0.0,0.0573065902578797,0.0458452722063037,34.8545845272206,100.0,,3.4,0.714189886902527,48657.0,0.0,2339.0,0.0
Faroe Islands,2012,0.0,0.0573065902578797,0.0458452722063037,34.7729226361032,100.0,,5.0,-0.121439626317744,48543.0,0.0,3726.0,0.0
Faroe Islands,2013,0.0,0.0573065902578797,0.0458452722063037,34.5924068767908,100.0,,4.7,-0.448394008766118,48291.0,0.0,3320.0,0.0
Faroe Islands,2014,0.0,0.0573065902578797,0.0458452722063037,34.5601719197708,100.0,,4.5,1.02117742197629,48246.0,0.0,3621.0,0.0
Faroe Islands,2015,0.0,0.0573065902578797,0.0458452722063037,34.6905444126075,100.0,,6.5,0.820394012836231,48428.0,0.0,2396.0,0.0
Faroe Islands,2016,0.0,0.0573065902578797,0.0458452722063037,35.0279369627507,100.0,,7.5,1.58334614680059,48899.0,2.0,2324.0,0.0
Faroe Islands,2017,0.0,0.0573065902578797,0.0472779369627507,35.432664756447,100.0,,6.3,1.61143700222237,49464.0,0.0,4196.0,0.0
Faroe Islands,2018,0.0,0.0573065902578797,0.0472779369627507,35.945558739255,100.0,,6.0,1.46637872359604,50180.0,0.0,4292.0,0.0
Faroe Islands,2019,0.0,0.0573065902578797,0.0472779369627507,36.5300859598854,100.0,,5.9,1.80324309135361,50996.0,0.0,3908.0,0.0
Faroe Islands,2020,0.0012585634756488995,0.0573065902578797,0.0472779369627507,37.1002865329513,100.0,,5.4,1.52017115418594,51792.0,6.0,4425.0,0.0
Faroe Islands,2021,-0.00017099314958700373,0.0585651537335286,0.0512445095168375,38.4809663250366,100.0,,5.3,2.19351760559207,52565.0,0.0,6398.0,0.0
Faroe Islands,2022,0.0,0.0583941605839416,0.0510948905109489,38.9021897810219,100.0,,5.1,1.74112521016119,53296.0,0.0,3226.0,0.0
Fiji,2001,0.36546250684180137,55.0886699507389,6.33825944170772,46.0267651888342,62.2,10.0,50.1,1.89168369803276,840909.0,600.0,,486000.0
Fiji,2002,0.36546250684180137,55.4541324575807,6.0207991242474,46.5022441160372,63.7,10.2,40.4,1.78173299216929,849596.0,600.0,,516000.0
Fiji,2003,0.36546250684190085,55.8195949644225,5.70333880678708,46.9649151614669,67.8,10.5,49.0,1.71160598764759,858049.0,130.0,16.0,383000.0
Fiji,2004,0.36546250684180137,56.1850574712644,5.38587848932677,47.415763546798,68.4,10.3,40.8,1.66330108932547,866286.0,9879.0,23.0,441873.0
Fiji,2005,0.36546250684180137,56.5505199781062,5.06841817186645,47.8580186097428,68.1,10.95,35.7,1.64094175332059,874366.0,7492.0,98.0,490000.0
Fiji,2006,0.36546250684179427,56.915982484948,4.75095785440613,48.2966064586754,69.7,11.2,40.0,1.64696928922606,882379.0,7825.0,243.0,509000.0
Fiji,2007,0.36546250684180137,57.2814449917898,4.43349753694581,48.7337164750958,71.2,11.6,39.1,1.67508028707413,890365.0,5099.0,1424.0,520080.0
Fiji,2008,0.36546250684190085,57.6469074986316,4.1160372194855,49.1424192665572,83.6,11.9,36.0,1.66771606593994,897832.0,5140.0,100.0,485917.0
Fiji,2009,0.36546250684180137,58.0123700054735,3.79857690202518,49.4471264367816,75.4,12.4,42.1,1.4998655180166,903399.0,6384.0,172.0,482205.0
Fiji,2010,0.36546250684180137,58.3778325123153,3.38259441707718,49.6573070607553,76.1,13.0,41.6,1.32967032842999,907239.0,3251.0,5.0,482205.0
Fiji,2011,0.36540777230429455,58.7432950191571,3.4592227695676,49.8313628899836,87.4,13.6,28.0,1.27402704986954,910419.0,5236.0,179.0,837000.0
Fiji,2012,0.36540777230430166,59.1087027914614,3.53585112205802,49.972030651341,87.5,14.3,33.4,1.22276992588198,912989.0,8856.0,2941.0,837000.0
Fiji,2013,0.36540777230440113,59.4741105637657,3.61247947454844,50.0776135741653,87.5,15.4,33.3,1.16740989317941,914918.0,9818.0,4323.0,837000.0
Fiji,2014,0.36540777230430166,59.8395183360701,3.68910782703886,50.1561029009305,85.4,16.5,32.8,1.12663740927672,916352.0,43034.0,5961.0,837000.0
Fiji,2015,0.36540777230430166,60.2049261083744,3.76573617952928,50.2235905856596,88.2,17.5,33.2,1.11650366531568,917585.0,44164.0,1377.0,837000.0
Fiji,2016,0.3656267104542934,60.5703338806787,3.8423645320197,50.2779419813903,88.8,18.7,32.7,1.10098664904739,918578.0,10661.0,3021.0,837000.0
Fiji,2017,0.3656267104543005,60.935960591133,3.91899288451013,50.3101258894362,89.3,20.3,27.7,1.0659287460668,919166.0,3666.0,1340.0,837000.0
Fiji,2018,0.3656267104543005,61.3015873015873,3.99562123700055,50.2878489326765,95.1,21.6,28.6,0.978757102087304,918759.0,2679.0,741.0,837000.0
Fiji,2019,0.3656267104543005,61.6672140120416,4.07224958949097,50.2014230979748,92.7,22.9,25.8,0.706700221022609,917180.0,1573.0,258.0,837000.0
Fiji,2020,0.3656267104543005,62.0328407224959,4.14887794198139,50.0765736179529,94.8,24.4,26.5,0.595791028505697,914899.0,288.0,90.0,837000.0
Fiji,2021,0.3656267104543005,62.3984674329502,4.20361247947455,50.0800766283525,96.9,25.9,31.8,0.844282058484471,914963.0,95.0,18.0,837000.0
Fiji,2022,0.3656267104543005,62.7640941434045,4.20361247947455,50.1757525998905,86.8,27.4,29.7,1.0182351441623,916711.0,1230.0,183.0,837000.0
Finland,2001,-0.06685708657539635,73.6913227617453,7.18375521192423,16.9940214714863,100.0,100.0,31.7,0.881692349721489,5176209.0,533276.0,10004597.0,54261855.0
Finland,2002,-0.06685708657539635,73.6244656751699,7.20082734167241,17.0327587905053,100.0,100.0,29.2,0.785500042465216,5188008.0,404098.0,11992921.0,52210000.0
Finland,2003,-0.06685708657541056,73.5576085885945,7.2395679437933,17.0740930431071,100.0,100.0,29.5,0.681319415395477,5200598.0,408040.0,12688494.0,53388566.0
Finland,2004,-0.06685708657539635,73.4907515020191,7.26813093010276,17.1148560359828,100.0,100.0,28.4,0.602703263829698,5213014.0,442478.0,13043674.0,54240434.0
Finland,2005,-0.06685708657539635,73.4238944154437,7.29078433303785,17.1646212941988,100.0,100.0,31.1,0.633808095267457,5228172.0,530731.0,13114524.0,54398265.0
Finland,2006,0.048822392942895476,73.3570373288683,7.34265734265734,17.2234676122,100.0,100.0,31.5,0.689344647212792,5246096.0,753555.0,16211820.0,52250182.0
Finland,2007,-0.06213911278099715,73.4058597218112,7.43316563085726,17.3169839860577,100.0,100.0,31.2,0.740398460179694,5266268.0,717985.0,14829207.0,50811617.0
Finland,2008,-0.02115397526910101,73.3437206090302,7.42115820974054,17.3919563287185,100.0,100.0,31.8,0.804619636097445,5288720.0,655804.0,13097525.0,56612179.0
Finland,2009,-0.06700888450150444,73.3225666337611,7.43369529450477,17.4840375123396,100.0,100.0,34.6,0.862206577174019,5313399.0,716304.0,13612281.0,50931600.0
Finland,2010,-0.06700888450149023,73.2555577492596,7.43106284962159,17.5678545574202,100.0,100.0,32.5,0.84110144292635,5338871.0,539492.0,4649790.0,42157800.0
Finland,2011,0.11231657997520017,73.1885488647581,7.41954590325765,17.6484106614018,100.0,100.0,33.4,0.801014928123848,5363352.0,501939.0,6407984.0,52124600.0
Finland,2012,0.10990819046359945,73.3008654447333,7.40564019875613,17.7309947678436,100.0,100.0,35.1,0.853634959104373,5388272.0,730682.0,5823297.0,52777900.0
Finland,2013,0.10990819046369893,73.4107736351969,7.40103326861693,17.8155615518773,100.0,100.0,38.7,0.914208754071021,5413971.0,696886.0,5552685.0,52309505.0
Finland,2014,0.10990819046369893,73.5206818256606,7.31876665898845,17.8978314521702,100.0,100.0,38.5,0.89760221485794,5438972.0,885397.0,6771395.0,56991580.0
Finland,2015,0.10505540521749879,73.6305900161243,7.34081411036888,17.9720030274112,100.0,100.0,41.2,0.856452583333272,5461512.0,869480.0,6290720.0,57033450.0
Finland,2016,0.0,73.7356454213418,7.37817116909611,18.0301108880919,100.0,100.0,43.2,0.775752677519932,5479531.0,842183.0,5730060.0,59410884.0
Finland,2017,-0.002426153113304963,73.7356454213418,7.39034582606693,18.0820078312658,100.0,100.0,42.4,0.721692078308568,5495303.0,894889.0,5939664.0,61433874.0
Finland,2018,0.0,73.7332192682285,7.3769413003422,18.1238944459068,100.0,100.0,44.4,0.708952212929987,5508214.0,976682.0,4841339.0,63279358.0
Finland,2019,-0.0024259934613013456,73.7332192682285,7.38023163990524,18.1479501184522,100.0,100.0,44.2,0.667702897337291,5515525.0,1591838.0,6951823.0,68289165.0
Finland,2020,-0.002425833824887036,73.7307932747672,7.38656927582009,18.1673609054717,100.0,100.0,45.4,0.662676659933095,5521606.0,1447303.0,6323364.0,63683594.0
Finland,2021,-0.001867783270910195,73.7283674409423,7.37974600250049,18.1928768835954,100.0,100.0,47.3,0.612423189678435,5529543.0,1264373.0,6462947.0,60117643.0
Finland,2022,0.0,73.7264996576714,7.37955904913905,18.2301659134121,100.0,100.0,50.2,0.597971575912131,5541017.0,1119099.0,6441412.0,66785028.0
France,2001,0.20985249095459935,28.3662677428333,34.0558493366732,113.032119862696,100.0,100.0,9.3,1.13973245323091,60918661.0,5859116.0,2043152.0,70522000.0
France,2002,0.20985249095469882,28.5761202337879,34.040077929307,113.859127933946,100.0,100.0,9.4,1.24136345965381,61364377.0,5429191.0,2008815.0,64320000.0
France,2003,0.20985249095459935,28.7859727247426,34.0875776973745,114.6899378421,100.0,100.0,8.7,1.17713925018148,61812142.0,4618873.0,2019441.0,59301000.0
France,2004,0.2098524909546029,28.9958252156972,34.0565915205492,115.50209666945,100.0,100.0,8.8,0.983212158223715,62249855.0,4519279.0,2281159.0,56980000.0
France,2005,0.20985249095469882,29.2056777066518,34.081083588459,116.351401799796,100.0,100.0,8.9,0.759636119443505,62707588.0,4268582.0,2213819.0,57269000.0
France,2006,0.20985249095459935,29.4155301976065,34.0988960014844,117.229527785509,100.0,100.0,8.6,0.682539514520476,63180854.0,4325471.0,2393854.0,52498737.0
France,2007,0.20985249095459935,29.6253826885611,34.027275257445,118.048690973189,100.0,100.0,8.5,0.580552453496514,63622342.0,4254589.0,2645661.0,53266796.0
France,2008,0.20985249095470238,29.8352351795157,33.9293069858057,118.780758883013,100.0,100.0,9.4,0.487654776464133,64016890.0,4467266.0,3229704.0,50048654.0
France,2009,0.20985249095459935,30.0450876704704,33.8968364412283,119.445432785973,100.0,100.0,10.5,0.441951013329883,64375116.0,4002983.0,2393142.0,49365100.0
France,2010,0.20985249095459935,30.254940161425,33.8736431951016,120.060183690509,100.0,100.0,11.2,0.441197047500017,64706436.0,5637345.0,1542880.0,52080771.0
France,2011,0.15474533815759983,30.4647926523796,33.9562111513127,120.653513312923,100.0,100.0,11.9,0.487458679950618,65026211.0,7478314.0,1733081.0,56058900.0
France,2012,0.15474533815750036,30.6195379905372,33.9074125614621,121.237276185175,100.0,100.0,10.6,0.511182130966785,65340830.0,7228337.0,1512633.0,50654152.0
France,2013,0.15474533815750036,30.7742833286947,33.9209574172001,121.825139623342,100.0,100.0,12.3,0.546812513127674,65657659.0,5328873.0,1438825.0,49869180.0
France,2014,0.15474533815750036,30.9290286668522,33.9654884497634,122.456502458484,100.0,100.0,13.4,0.616810366986242,65997932.0,5490495.0,1357377.0,52288174.0
France,2015,0.15474533815759983,31.0837740050097,34.0163280452732,123.039367288246,100.0,100.0,13.2,0.615029382003644,66312067.0,5054576.0,1722566.0,49376288.0
France,2016,0.15474533815750036,31.2385193431673,34.2864829761573,123.477636144355,100.0,100.0,13.3,0.88249072680784,66548272.0,5021326.0,1521197.0,50419331.0
France,2017,0.15474533815750036,31.3932646813248,34.0586622135634,123.803885332591,100.0,100.0,14.2,1.3368064229986,66724104.0,4551568.0,1654521.0,52184919.0
France,2018,0.15474533815759983,31.5480100194823,34.2598886724186,124.163688653864,100.0,100.0,14.1,0.349813019619046,66918020.0,4641697.0,1429724.0,50256656.0
France,2019,0.1547453381574968,31.7027553576399,33.6328045273216,124.609607570276,100.0,100.0,15.2,0.389849816707503,67158348.0,4650669.0,1350775.0,49868834.0
France,2020,0.1547453381575039,31.8575006957974,33.2921152240468,125.024698023935,100.0,100.0,15.5,0.354972490012461,67382061.0,4364208.0,1440453.0,49666627.0
France,2021,0.1547453381574968,32.0122460339549,31.5143631134614,125.431134613601,100.0,100.0,16.8,0.353572181852013,67601110.0,4032250.0,1125672.0,47351869.0
France,2022,0.15474533815760338,32.1669913721124,31.5621764542165,125.879601076167,100.0,100.0,16.2,0.388083616553456,67842811.0,4568118.0,1182857.0,53138615.0
French Polynesia,2001,0.026217228464403775,42.7974647075771,0.720253529242293,69.241428983002,100.0,,8.8,1.41765615388299,240337.0,463.0,39.0,4013.0
French Polynesia,2002,0.02621722846439667,42.8236819360415,0.720253529242293,70.3246902909824,100.0,,6.7,1.4432928186967,244097.0,463.0,804.0,4057.0
French Polynesia,2003,0.026217228464403775,42.8498991645059,0.720253529242293,71.3843272832037,100.0,,6.2,1.44154376038995,247775.0,463.0,2508.0,4100.0
French Polynesia,2004,0.02621722846439667,42.8761163929703,0.720253529242293,72.4969749351772,100.0,,7.2,1.66293761186874,251637.0,463.0,11223.0,4144.0
French Polynesia,2005,0.02621722846450325,42.9023336214347,0.720253529242293,73.6542783059637,100.0,,7.7,2.19826139305998,255654.0,32.0,1919.0,4189.0
French Polynesia,2006,0.02621722846439667,42.9285508498992,0.720253529242293,74.7643330452319,100.0,,8.0,2.51156869642063,259507.0,32.0,1919.0,5234.0
French Polynesia,2007,0.026217228464403775,42.9547680783636,0.720253529242293,75.8349178910977,100.0,,10.1,2.70700662063639,263223.0,32.0,3557.0,5270.0
French Polynesia,2008,0.02621722846439667,42.980985306828,0.720253529242293,76.7611639297033,100.0,,9.8,2.640795650855,266438.0,32.0,4892.0,5306.0
French Polynesia,2009,0.02621722846439667,43.0072025352924,0.720253529242293,77.320368769807,100.0,,9.3,2.17313500127757,268379.0,32.0,2601.0,5343.0
French Polynesia,2010,0.02621722846450325,43.0334197637568,0.720253529242293,77.637856525497,100.0,,9.3,1.76124309087429,269481.0,32.0,1945.0,5380.0
French Polynesia,2011,0.0,43.0596369922213,0.720253529242293,77.9544799769519,100.0,,7.5,1.55391613275078,270580.0,32.0,848.0,5417.0
French Polynesia,2012,0.0,43.0596369922213,0.720253529242293,78.2849322961683,100.0,,6.9,1.26021994270639,271727.0,32.0,1147.0,5449.0
French Polynesia,2013,0.0,43.0596369922213,0.720253529242293,78.675885911841,100.0,,6.6,0.916551763792345,273084.0,32.0,960.0,5482.0
French Polynesia,2014,0.0,43.0596369922213,0.720253529242293,79.1495246326707,100.0,,6.5,0.73704798323897,274728.0,32.0,449.0,5515.0
French Polynesia,2015,0.0,43.0596369922213,0.720253529242293,79.6274848746759,100.0,,7.4,0.714646161454515,276387.0,32.0,10.0,5549.0
French Polynesia,2016,0.0,43.0596369922213,0.720253529242293,80.0535868625756,100.0,,7.8,0.62275622356434,277866.0,1.0,8.0,5582.0
French Polynesia,2017,0.0,43.0596369922213,0.720253529242293,80.431575914722,100.0,,8.1,0.53138424147762,279178.0,0.0,8467.0,5603.0
French Polynesia,2018,0.0,43.0596369922213,0.720253529242293,80.6934600979545,100.0,,8.1,0.349612252170775,280087.0,0.0,1392.0,5623.0
French Polynesia,2019,0.0,43.0596369922213,0.720253529242293,80.6150965139729,100.0,,7.7,-0.0988556527945417,279815.0,0.0,199.0,5644.0
French Polynesia,2020,0.0,43.0596369922213,0.720253529242293,80.3900893114376,100.0,,7.7,-0.289613510740725,279034.0,0.0,3478.0,5665.0
French Polynesia,2021,0.0,43.0596369922213,0.720253529242293,80.4405070584846,100.0,,8.2,0.0382770684439434,279209.0,0.0,197.0,5686.0
French Polynesia,2022,0.0,43.0596369922213,0.720253529242293,80.6084701815039,100.0,,7.4,0.164540424835211,279792.0,0.0,858.0,5706.0
Gabon,2001,-0.019633639927008062,91.9781115380137,1.26130321729344,4.950409438429,11.6,14.9,72.8,3.68672052311394,1275572.0,2584000.0,0.0,3099409.0
Gabon,2002,-0.01963363992699385,91.9584778980867,1.26130321729344,5.08242713548337,21.5,16.2,72.4,3.68590108832774,1309589.0,2500000.0,0.0,3101740.0
Gabon,2003,-0.019633639927107538,91.9388442581597,1.26130321729344,5.22037877905849,21.0,17.3,79.8,3.68216731979442,1345135.0,2016000.0,0.0,3220173.0
Gabon,2004,-0.01963363992699385,91.9192106182326,1.26130321729344,5.36480769977103,20.6,18.6,83.6,3.68062756666185,1382350.0,1927744.0,0.0,4069000.0
Gabon,2005,-0.019633639927107538,91.8995769783056,1.26130321729344,5.5171692474871,20.1,19.9,85.8,3.69697761444143,1421609.0,1513002.0,0.0,3670000.0
Gabon,2006,-0.01963363992699385,91.8799433383785,1.26130321729344,5.67972600613187,27.1,21.6,85.2,3.74287236479107,1463495.0,1677780.0,0.0,4270000.0
Gabon,2007,-0.019633639927008062,91.8603096984515,1.26130321729344,5.85375480265456,19.2,23.05,86.2,3.79715262363783,1508337.0,1716226.0,0.0,4570000.0
Gabon,2008,-0.019633639927093327,91.8406760585245,1.26130321729344,6.03965149221873,18.7,24.8,87.3,3.84292372184483,1556237.0,1859781.0,0.0,4470000.0
Gabon,2009,-0.01963363992699385,91.8210424185974,1.26130321729344,6.23733845616486,18.3,26.2,87.3,3.8725163276972,1607175.0,2162094.0,0.0,4370000.0
Gabon,2010,-0.019633639927008062,91.8014087786704,1.26130321729344,6.44838747234835,17.9,28.1,87.9,3.91184632654159,1661556.0,1741788.0,0.0,3570000.0
Gabon,2011,-0.04611324562429786,91.7817751387434,1.26130321729344,6.67473512632437,50.0,29.8,85.8,3.96411803855293,1719879.0,906360.0,0.0,2870000.0
Gabon,2012,-0.046113245624198385,91.7356618931191,1.26130321729344,6.91576434974968,42.4,31.6,79.7,3.98884571113285,1781985.0,42120.0,0.0,2570000.0
Gabon,2013,-0.04611324562429786,91.6895486474949,1.26130321729344,7.16765242364264,32.3,33.9,75.5,3.94337917922585,1846889.0,57651.0,0.0,2870000.0
Gabon,2014,-0.046113245624198385,91.6434354018706,1.26130321729344,7.42445375868359,32.8,35.4,82.2,3.82387320744059,1913059.0,31297.0,35.0,3070000.0
Gabon,2015,-0.04611324562431207,91.5973221562464,1.26130321729344,7.67803391935421,19.8,37.1,81.3,3.90240948445026,1978399.0,18322.0,1.0,3270000.0
Gabon,2016,-0.04610548375829637,91.5512089106221,1.26130321729344,7.92094151434005,18.1,39.2,81.9,3.64019457322204,2040989.0,37256.0,0.0,3070000.0
Gabon,2017,-0.04610548375829637,91.5051034268638,1.26130321729344,8.15114681569449,18.9,40.5,81.5,3.38491347068966,2100306.0,20939.0,0.0,3070000.0
Gabon,2018,-0.04610548375829637,91.4589979431055,1.26130321729344,8.37078433655451,,42.4,90.2,3.17301804411434,2156900.0,34918.0,0.0,3370000.0
Gabon,2019,-0.046105483758310584,91.4128924593472,1.26130321729344,8.58585788023441,21.3,44.0,90.3,3.04460748782722,2212318.0,41047.0,0.0,3104000.0
Gabon,2020,-0.04610548375829637,91.3667869755889,1.26130321729344,8.80081499592502,22.8,45.5,90.2,2.97367662206361,2267706.0,49000.0,5169.0,3209000.0
Gabon,2021,-0.04610548375829637,91.3206814918306,1.26130321729344,9.01361819381379,24.7,47.0,91.3,2.88284063261207,2322539.0,2133.0,0.0,3988585.0
Gabon,2022,-0.04610548375829637,91.2745760080723,1.26130321729344,9.22389878526798,26.8,48.5,91.3,2.79209294085073,2376722.0,928.0,5.0,3988585.0
"Gambia, The",2001,-0.5665019762845986,35.3092885375494,23.1225296442688,143.783003952569,18.8,1.7,62.9,5.93833206679698,1455084.0,5.0,224.0,715382.0
"Gambia, The",2002,-0.5665019762845986,34.7427865612648,24.1106719367589,147.728359683794,9.8,1.6,59.6,5.59638192378176,1495011.0,5.0,224.0,723939.0
"Gambia, The",2003,-0.5665019762844992,34.1762845849802,25.098814229249,151.748122529644,10.8,1.5,61.0,5.18458335055058,1535691.0,5.0,490.0,732675.0
"Gambia, The",2004,-0.5665019762846057,33.6097826086957,26.0869565217391,155.890415019763,1.0,1.4,62.4,4.74538191147206,1577611.0,16.0,759.0,741594.0
"Gambia, The",2005,-0.5665019762845986,33.0432806324111,26.9762845849802,160.208695652174,13.0,1.3,61.2,4.50545567586714,1621312.0,2318.0,759.0,750701.0
"Gambia, The",2006,-0.5665019762845986,32.4767786561265,27.9644268774704,164.726976284585,4.5,1.1,61.7,4.42192130885832,1667037.0,2318.0,759.0,760000.0
"Gambia, The",2007,-0.5665019762845986,31.9102766798419,28.9525691699605,169.493577075099,15.3,1.05,60.2,4.3729164405186,1715275.0,227.0,116.0,769021.0
"Gambia, The",2008,-0.5665019762846022,31.3437747035573,29.9407114624506,174.483596837945,16.5,1.0,57.3,4.31968545029437,1765774.0,1075.0,116.0,778200.0
"Gambia, The",2009,-0.5665019762845986,30.7772727272727,36.7588932806324,179.629644268775,17.7,0.8,56.3,4.23959711655364,1817852.0,153.0,116.0,787600.0
"Gambia, The",2010,-0.5665019762844992,30.2107707509881,42.2924901185771,184.923122529644,18.8,0.8,53.9,4.16780997680637,1871422.0,266.0,69.0,797198.0
"Gambia, The",2011,-0.5664031620554013,29.6442687747036,44.4664031620553,190.378458498024,24.3,0.7,56.6,4.11646916286062,1926630.0,19272.0,926.0,825974.0
"Gambia, The",2012,-0.5664031620552983,29.0778656126482,44.4664031620553,196.026086956522,25.1,0.7,56.2,4.09237754154315,1983784.0,85999.0,759.0,900034.0
"Gambia, The",2013,-0.5664031620554013,28.5114624505929,44.4664031620553,201.886758893281,25.9,0.6,57.0,4.0881910676081,2043094.0,150450.0,573.0,975072.0
"Gambia, The",2014,-0.5664031620553018,27.9450592885375,44.4664031620553,207.887351778656,30.3,0.5,59.3,4.05584162947176,2103820.0,123894.0,2450.0,959492.0
"Gambia, The",2015,-0.5664031620552983,27.3786561264822,44.4664031620553,213.886166007905,27.8,0.5,53.2,3.94929615721524,2164528.0,85246.0,9141.0,845097.0
"Gambia, The",2016,-0.5671936758893992,26.8122529644269,44.4664031620553,219.815118577075,28.9,0.4,49.0,3.80621520749896,2224529.0,204458.0,9147.0,958892.0
"Gambia, The",2017,-0.5662055335968006,26.2450592885375,44.4664031620553,225.668873517787,30.0,0.4,48.6,3.66824797174221,2283769.0,328507.0,9161.0,1086921.0
"Gambia, The",2018,-0.5662055335968006,25.6788537549407,43.4782608695652,231.441600790514,20.5,0.3,48.0,3.53384623156014,2342189.0,253649.0,166.0,1035093.0
"Gambia, The",2019,-0.5671936758893992,25.1126482213439,43.4782608695652,237.117786561265,,0.3,48.1,3.39854485527017,2399632.0,19990.0,55.0,803411.0
"Gambia, The",2020,-0.5662055335968006,24.5454545454545,43.4782608695652,242.771146245059,,0.2,47.4,3.29937642644388,2456844.0,62529.0,3.0,851878.0
"Gambia, The",2021,-0.5668675889328014,23.9792490118577,43.4782608695652,248.590217391304,31.0,0.2,49.8,3.27894394266836,2515733.0,17797.0,9.0,820496.0
"Gambia, The",2022,-0.5664229249012003,23.4123814229249,43.4782608695652,254.546442687747,31.2,0.2,48.6,3.24506862655307,2576010.0,28446.0,7.0,839267.0
Georgia,2001,0.08893365951930576,39.7265793639373,11.4117139156713,71.3308898141992,99.7,7.6,47.2,-2.23409715868154,4077131.0,56814.0,0.0,375100.0
Georgia,2002,0.08893365951939813,39.8155130234566,11.4404950352569,70.232915777319,99.7,8.8,53.1,-1.71095784573147,4014373.0,55198.0,500.0,298800.0
Georgia,2003,0.08893365951929866,39.904446682976,11.498057274428,69.6055670247384,99.8,10.5,56.8,-0.89163710147,3978515.0,55198.0,0.0,383600.0
Georgia,2004,0.08893365951939813,39.9933803424953,11.5412289538063,69.13705867945,100.0,12.0,55.3,-0.481531560425149,3951736.0,55198.0,0.0,449700.0
Georgia,2005,0.08893365951929866,40.0823140020147,6.50453302633472,68.7102417859267,99.9,14.4,54.5,-0.233740720913795,3927340.0,55198.0,63.0,542900.0
Georgia,2006,0.08893365951940524,40.171247661534,6.76356310260469,68.2751145946324,97.5,16.7,41.5,-0.093649480440604,3902469.0,55337.0,1.0,615900.0
Georgia,2007,0.08893365951929866,40.2601813210534,6.64843862426248,67.8880821582281,100.0,19.6,37.2,0.100507863053146,3880347.0,2674.0,4410.0,641164.0
Georgia,2008,0.08893365951939813,40.3491149805727,6.66282918405526,67.5348682599111,100.0,22.6,36.2,0.24601089066305,3860158.0,941.0,16735.0,838006.0
Georgia,2009,0.08893365951939813,40.4380486400921,6.60526694488416,67.3300150460128,100.0,26.1,36.3,0.534550575733225,3848449.0,941.0,16735.0,838006.0
Georgia,2010,0.08893365951930576,40.5269822996115,6.23111239027198,66.7346478183281,100.0,30.05,36.7,-0.0066612817337024,3814419.0,941.0,16735.0,838006.0
Georgia,2011,0.0,40.6159159591308,5.6842711181465,66.2496063543161,100.0,34.5,39.1,0.168743438026874,3786695.0,941.0,16735.0,838006.0
Georgia,2012,0.0,40.6159159591308,5.43099726579364,65.7203016200707,100.0,39.1,31.5,0.0869898161046183,3756441.0,32.0,21015.0,838006.0
Georgia,2013,0.0,40.6159159591308,5.3245071233271,65.238006928164,100.0,44.1,28.7,0.118860917594664,3728874.0,0.0,34000.0,420394.0
Georgia,2014,0.0,40.6159159591308,5.98215570585696,65.0419538822212,100.0,49.1,32.4,0.496747640686589,3717668.0,0.0,10000.0,626242.0
Georgia,2015,0.0,40.6159159591308,5.25255432436322,65.0725007872914,100.0,54.0,30.7,0.760706839565619,3719414.0,0.0,34040.0,592397.0
Georgia,2016,0.0,40.6159159591308,5.29140883580371,65.1750586094685,100.0,59.2,27.5,0.780931087233035,3725276.0,4665.0,25495.0,642724.0
Georgia,2017,0.0,40.6159159591308,4.95035256871492,65.2140557752196,100.0,64.2,27.2,0.612507275450642,3727505.0,7078.0,23000.0,576881.0
Georgia,2018,0.0,40.6159159591308,4.6625413728594,65.2227859617201,100.0,68.1,27.5,0.534161139190591,3728004.0,8737.0,25821.0,584542.0
Georgia,2019,0.0,40.6159159591308,4.47546409555332,65.197330207495,100.0,72.4,27.4,0.483974231568531,3726549.0,8833.0,24322.0,554312.0
Georgia,2020,0.0,40.6159159591308,4.41790185638221,65.0855698239966,100.0,76.0,24.7,0.387058789566444,3720161.0,8828.0,38453.0,584893.0
Georgia,2021,0.0,40.6159159591308,4.46107353576054,65.1302704783232,100.0,79.6,23.4,0.695420497520256,3722716.0,202.0,27664.0,550179.0
Georgia,2022,0.0,40.6159159591308,4.48985465534609,64.8834808775675,100.0,82.2,25.2,0.347062072724148,3708610.0,100.0,40133.0,544000.0
Germany,2001,0.02042671436500143,32.5376128385155,33.8271958733343,235.596813297034,100.0,100.0,3.7,0.149864704609412,82211508.0,5604000.0,3596000.0,58666633.0
Germany,2002,0.01949871461939523,32.5580395528805,33.8578389223273,236.027300085985,100.0,100.0,3.9,0.184285905856991,82349925.0,4954000.0,3566000.0,54419097.0
Germany,2003,0.02043770795950195,32.5775382674999,33.7986584876455,236.451570830706,100.0,100.0,4.4,0.185998657156482,82488495.0,4932000.0,2703000.0,52676203.0
Germany,2004,0.019508326516103125,32.5979759754594,33.9067113901551,236.616427281328,100.0,100.0,5.4,0.0752240772473077,82534176.0,4607000.0,2608000.0,60566711.0
Germany,2005,0.01670539867819798,32.6174843019755,34.1141726639333,236.592195429653,100.0,100.0,6.3,0.0003220403679406,82516260.0,5621000.0,2347000.0,66952400.0
Germany,2006,0.019515277552301313,32.6341897006537,34.1323546278243,236.464680582636,100.0,100.0,7.3,-0.0323936858765878,82469422.0,6889000.0,3421000.0,73916025.0
Germany,2007,0.020456836690598834,32.653704978206,34.0272998394127,236.225197866483,100.0,100.0,8.6,-0.0858814875318384,82376451.0,7635124.0,4216283.0,79374119.0
Germany,2008,0.01952490167970211,32.6741618148966,34.0637278802306,235.943361918146,100.0,100.0,10.5,-0.104091683009841,82266372.0,7757000.0,5218000.0,91487915.0
Germany,2009,0.01765260243350042,32.6936867165763,34.2253965522187,235.522178240542,100.0,100.0,10.2,-0.157623396232742,82110097.0,7181000.0,6231000.0,74995130.0
Germany,2010,0.019532528825600082,32.7113393190098,34.2646510427125,234.939637417171,100.0,100.0,10.7,-0.217793429062725,81902307.0,4009838.0,4904877.0,64068927.0
Germany,2011,0.006676924255501149,32.7308718478354,33.9845655105144,234.606908225034,100.0,100.0,11.6,-0.114360105650343,81776930.0,3858698.0,8071435.0,74573550.0
Germany,2012,0.0076167756223952665,32.7375487720909,34.0687399586872,230.304633348634,100.0,100.0,12.5,-1.81029751623121,80274983.0,3774922.0,7482510.0,74160935.0
Germany,2013,-0.02617907672039621,32.7451655477133,33.9530613415964,230.750625466231,100.0,100.0,13.6,0.253515268002969,80425823.0,3511647.0,6965568.0,72652792.0
Germany,2014,0.00385675056059398,32.7189864709929,34.0403577161202,231.155712565925,100.0,100.0,13.6,0.372093511446876,80645605.0,3433945.0,9245170.0,71316578.0
Germany,2015,0.009484933007101404,32.7228432215535,34.018343364861,232.108053883634,100.0,100.0,14.0,0.544178034998626,80982500.0,3535805.0,9195354.0,69240278.0
Germany,2016,-0.04684613028759799,32.7323281545606,33.9563148540962,234.152986871524,100.0,100.0,14.6,1.01662328817406,81686611.0,3915056.0,9371561.0,68458659.0
Germany,2017,-0.0009355549139016262,32.685482024273,33.6701396839936,235.712929356538,100.0,100.0,14.2,0.977276415779668,82348669.0,4083760.0,9223638.0,66016490.0
Germany,2018,-0.0009355013585974348,32.6845464693591,33.694936600166,236.588722557747,100.0,100.0,15.2,0.558459225538694,82657002.0,4393671.0,9212794.0,66008830.0
Germany,2019,-0.0009354478082030937,32.6836109680005,33.5766214437003,237.294012250272,100.0,100.0,16.0,0.495496093754333,82905782.0,5505334.0,9340788.0,73802724.0
Germany,2020,0.0,32.6826755201923,33.5270042073328,237.822954291766,100.0,100.0,17.1,0.426317421770722,83092962.0,9056743.0,7642251.0,73220686.0
Germany,2021,0.0,32.6826755201923,33.3838976501903,238.017318755545,100.0,100.0,18.5,0.283943245187797,83160871.0,12229347.0,6330698.0,78615761.0
Germany,2022,0.0028065040807021546,32.6826755201923,33.3667248633332,238.118085806692,100.0,100.0,17.6,0.241688772523701,83196078.0,11035994.0,6535529.0,82969134.0
Ghana,2001,-0.39803111540829406,38.8881515337963,16.4576320646919,86.301692010196,14.9,1.2,71.6,4.16366738975373,19637087.0,0.0,0.0,27723457.0
Ghana,2002,-0.39803111540830116,38.490120418388,16.6697112595588,88.6308736925376,17.4,1.3,69.3,4.25195889895073,20167069.0,0.0,0.0,28929105.0
Ghana,2003,-0.39803111540830116,38.0920893029797,16.8817904544256,91.1021710468489,19.8,1.5,65.7,4.32238727993582,20729388.0,0.0,0.0,29835088.0
Ghana,2004,-0.39803111540830116,37.6940581875714,17.0938696492924,93.5954337698866,24.0,1.7,64.5,4.24554562899423,21296705.0,109.0,0.0,31168142.0
Ghana,2005,-0.3980311154082017,37.2960270721631,17.3059492836424,96.1074887931792,24.7,1.9,62.4,4.16220125880549,21868298.0,96379.0,65.0,32179033.0
Ghana,2006,-0.39803111540829406,36.8979959567549,17.5180284785093,98.6615012745012,7.9,2.2,61.4,4.09957808175436,22449438.0,115784.0,65.0,33114547.0
Ghana,2007,-0.39803111540830116,36.4999648413466,17.7301076733761,101.260007031731,31.4,2.5,58.6,4.03506914596971,23040702.0,175827.0,65.0,34343530.0
Ghana,2008,-0.39803111540830116,36.1019337259383,17.9421868682429,103.903836688055,32.4,2.8,54.5,3.96704905987592,23642279.0,281865.0,487.0,35492900.0
Ghana,2009,-0.39803111540830116,35.70390261053,18.1542660631098,106.574430869298,36.8,3.1,57.3,3.87751383533853,24249946.0,209243.0,23017.0,36755400.0
Ghana,2010,-0.3980311154082017,35.3058714951217,18.3663456974598,109.267223345346,37.9,3.4,51.9,3.78119286883322,24862664.0,158234.0,9200.0,37863781.0
Ghana,2011,-0.05492660631099966,34.9078403797135,18.5784248923266,111.958315021535,55.4,3.8,51.9,3.65984926569384,25474995.0,156658.0,7354.0,39740966.0
Ghana,2012,-0.05492660631099966,34.8529137734025,18.7905040871935,114.683519381208,42.0,4.3,50.1,3.58216104729888,26095088.0,171965.0,1281.0,40923647.0
Ghana,2013,-0.05492660631099966,34.7979871670915,19.0025832820603,117.492607893118,23.6,4.9,46.5,3.56158178744475,26734268.0,279197.0,3709.0,42235470.0
Ghana,2014,-0.05492660631099966,34.7430605607805,19.2146624769271,120.357708534763,50.8,5.3,46.2,3.5178842180058,27386193.0,256549.0,11349.0,43785188.0
Ghana,2015,-0.05492660631090018,34.6881339544695,19.4267421112771,123.238076821658,64.0,6.0,47.7,3.44066234134795,28041592.0,452620.0,146565.0,44911574.0
Ghana,2016,0.18370396413810397,34.6332073481586,19.638821306144,126.114388678914,57.0,6.6,44.0,3.34998307543356,28696068.0,391120.0,33697.0,46628427.0
Ghana,2017,0.18370396413819634,34.8169113122967,19.8509005010108,129.017939702909,66.6,7.4,45.2,3.28635493979485,29356742.0,661768.0,7155.0,47543347.0
Ghana,2018,0.03173068471480178,35.0006152764349,20.0629796958777,131.88166476224,65.3,8.0,45.3,3.17287473958836,30008354.0,334733.0,10316.0,48799988.0
Ghana,2019,0.032809422904499286,35.0323459611497,20.2750593302277,134.647029093786,68.3,8.8,42.1,3.0201335835211,30637585.0,409076.0,30534.0,50326628.0
Ghana,2020,0.03223836622049703,35.0651553840542,20.487768807162,137.382028101418,70.0,9.8,42.6,2.92026302698363,31258945.0,403379.0,42156.0,49852861.0
Ghana,2021,0.031283408642899246,35.0973937502747,20.7001274557201,140.147712389575,73.1,10.7,40.0,2.87180548038571,31887809.0,253369.0,29709.0,52011401.0
Ghana,2022,0.0317659416436058,35.1286771589176,20.6998545265961,142.918455784436,74.0,11.7,39.0,2.80589068483195,32518665.0,300981.0,14491.0,54162027.0
Gibraltar,2001,0.0,0.0,,2770.9,,,0.0,0.0613707353064771,27709.0,0.0,121.0,
Gibraltar,2002,0.0,0.0,,2765.7,,,0.0,-0.187840968427667,27657.0,0.0,121.0,
Gibraltar,2003,0.0,0.0,,2783.1,,,0.0,0.627164685467723,27831.0,0.0,121.0,
Gibraltar,2004,0.0,0.0,,2827.4,,,0.0,1.57921471055966,28274.0,0.0,121.0,
Gibraltar,2005,0.0,0.0,,2871.5,,,0.0,1.54769798714191,28715.0,0.0,121.0,
Gibraltar,2006,0.0,0.0,,2916.3,,,0.0,1.54811481907819,29163.0,0.0,121.0,
Gibraltar,2007,0.0,0.0,,2959.4,,,0.0,1.46708555733008,29594.0,0.0,121.0,
Gibraltar,2008,0.0,0.0,,3000.6,,,0.0,1.38257235844791,30006.0,0.0,121.0,
Gibraltar,2009,0.0,0.0,,3041.3,,,0.0,1.34727869179767,30413.0,0.0,121.0,
Gibraltar,2010,0.0,0.0,,3082.3,100.0,,0.0,1.33910159620069,30823.0,0.0,121.0,0.0
Gibraltar,2011,0.0,0.0,,3124.8,100.0,,0.0,1.3694209589518,31248.0,0.0,121.0,0.0
Gibraltar,2012,0.0,0.0,,3166.0,,,0.0,1.30986803185429,31660.0,0.0,121.0,0.0
Gibraltar,2013,0.0,0.0,,3202.9,,,0.0,1.15876879502585,32029.0,0.0,121.0,0.0
Gibraltar,2014,0.0,0.0,,3240.7,,,0.0,1.17327064425683,32407.0,0.0,121.0,0.0
Gibraltar,2015,0.0,0.0,,3281.3,,,0.0,1.24503294852891,32813.0,0.0,121.0,0.0
Gibraltar,2016,0.0,0.0,,3319.3,100.0,,0.0,1.1514231987378,33193.0,0.0,535.0,0.0
Gibraltar,2017,0.0,0.0,,3365.8,100.0,,0.0,1.39117589725216,33658.0,0.0,80.0,0.0
Gibraltar,2018,0.0,0.0,,3424.5,100.0,,0.0,1.72897993589869,34245.0,0.0,41.0,0.0
Gibraltar,2019,0.0,0.0,,3485.4,100.0,,0.0,1.76273395885819,34854.0,0.0,246.0,0.0
Gibraltar,2020,0.0,0.0,,3549.4,100.0,,0.0,1.81957598739227,35494.0,0.0,690.0,0.0
Gibraltar,2021,0.0,0.0,,3617.3,100.0,,0.0,1.89493160765265,36173.0,0.0,6.0,0.0
Gibraltar,2022,0.0,0.0,,3685.8,100.0,,0.0,1.87597072209458,36858.0,0.0,14.0,0.0
Greece,2001,0.23395888285489974,27.93040806827,21.2645461598138,83.83093871218,100.0,100.0,7.8,0.612510435497636,10805808.0,9845.0,445371.0,2244935.0
Greece,2002,0.23395965865010027,28.1643669511249,21.1016291698991,84.2678975950349,100.0,100.0,7.1,0.767868983053819,10862132.0,3702.0,631894.0,1915522.0
Greece,2003,0.23395888285499922,28.398326609775,21.0783553141971,84.5773622963538,100.0,100.0,7.3,0.711422669577151,10902022.0,16095.0,459766.0,1591297.0
Greece,2004,0.23395965865010027,28.63228549263,21.0395655546936,84.7794414274632,100.0,100.0,7.6,0.695282157823037,10928070.0,18989.0,493283.0,1672856.0
Greece,2005,0.23395888285489974,28.8662451512801,20.3956555469356,84.9894569433669,100.0,100.0,7.8,0.78319445433736,10955141.0,16429.0,650568.0,1693678.0
Greece,2006,0.23395888285489974,29.100204034135,20.4732350659426,85.2390535298681,100.0,100.0,8.0,0.880699197949606,10987314.0,16026.0,327835.0,1522857.0
Greece,2007,0.23395965865010027,29.3341629169899,20.0465477114042,85.4954383242824,100.0,100.0,8.5,0.912524478746775,11020362.0,27280.0,284660.0,1561840.0
Greece,2008,0.23395888285499922,29.56812257564,19.9146625290923,85.7135221101629,100.0,100.0,8.1,0.865319236024093,11048473.0,35790.0,490330.0,1742916.0
Greece,2009,0.23395965865010027,29.802081458495,19.8293250581846,85.9413576415826,100.0,100.0,8.3,0.848691775715674,11077841.0,25183.0,622071.0,1742916.0
Greece,2010,0.23395888285489974,30.0360411171451,19.7595034910784,86.1677036462374,100.0,100.0,9.2,0.793806993726538,11107017.0,7536.0,386065.0,1033897.0
Greece,2011,0.0,30.27,19.9146625290923,86.278828549263,100.0,100.0,11.4,0.582551762085436,11121341.0,11556.0,439426.0,1047962.0
Greece,2012,0.0,30.27,19.7982932505818,86.1512723041117,100.0,100.0,11.4,0.207753187521547,11104899.0,13501.0,408871.0,1196326.0
Greece,2013,0.0,30.27,19.7051978277735,85.6866640806827,100.0,100.0,14.2,-0.237536467568573,11045011.0,30122.0,540892.0,1611662.0
Greece,2014,0.0,30.27,19.4724592707525,85.067579519007,100.0,100.0,16.6,-0.429965071644918,10965211.0,27689.0,404993.0,1586400.0
Greece,2015,0.0,30.27,17.2536850271528,84.5028161365399,100.0,100.0,16.4,-0.383931453629587,10892413.0,21383.0,309281.0,1432000.0
Greece,2016,-2.327385569955709e-05,30.27,16.8425135764158,83.947889837083,100.0,100.0,17.5,-0.392265730870757,10820883.0,21383.0,309281.0,1432000.0
Greece,2017,0.0,30.2699767261443,16.6020170674942,83.5994647013189,100.0,100.0,16.4,-0.16743286836985,10775971.0,21383.0,309281.0,1432000.0
Greece,2018,0.0,30.2699767261443,16.6244173778123,83.4342823894492,100.0,100.0,16.4,0.0300160756605159,10754679.0,17683.0,203057.0,1636126.0
Greece,2019,0.0,30.2699767261443,16.61206128782,83.2651823118697,100.0,100.0,17.9,0.0017309626785186,10732882.0,31966.0,202489.0,1453201.0
Greece,2020,0.0,30.2699767261443,16.5113157486424,83.1775174553918,100.0,100.0,18.5,0.0735441955521784,10721582.0,38773.0,201313.0,1359105.0
Greece,2021,0.0,30.2699767261443,13.9927090768037,82.999216446858,100.0,100.0,20.1,-0.0639468495690935,10698599.0,42336.0,196000.0,1359105.0
Greece,2022,0.0,30.2699767261443,14.0607439875873,81.9953995345229,100.0,100.0,21.5,-1.11238421055086,10569207.0,38181.0,115669.0,1359105.0
Greenland,2001,0.0,0.0005359970763795,,0.136886344256304,100.0,,9.2,0.503845618886669,56185.0,0.0,1149.0,
Greenland,2002,0.0,0.0005359970763795,,0.137358996223657,100.0,,8.7,0.759715007220731,56379.0,0.0,1154.0,
Greenland,2003,0.0,0.0005359970763795,,0.137885247898648,100.0,,9.5,0.730308764250339,56595.0,0.0,883.0,
Greenland,2004,0.0,0.0005359970763795,,0.138265318552808,100.0,,9.5,0.607395761245821,56751.0,0.0,882.0,
Greenland,2005,0.0,0.0005359970763795,,0.138623462053843,100.0,,6.7,0.518616906554916,56898.0,0.0,882.0,
Greenland,2006,0.0,0.0005359970763795,,0.138713607016689,100.0,,7.0,0.219016216066037,56935.0,0.0,378.0,
Greenland,2007,0.0,0.0005359970763795,,0.13832379096114,100.0,,7.1,-0.0935016430906643,56775.0,0.0,671.0,
Greenland,2008,0.0,0.0005359970763795,,0.137787793884761,100.0,,6.9,0.0425115850469923,56555.0,0.0,624.0,
Greenland,2009,0.0,0.0005359970763795,,0.137234742355951,100.0,,6.9,0.0998311449855134,56328.0,0.0,640.0,
Greenland,2010,0.0,0.0005359970763795,,0.137222560604215,100.0,,8.8,0.269259064653142,56323.0,0.0,82.0,
Greenland,2011,0.0,0.0005359970763795,,0.13773663052747,100.0,,10.1,0.876939723310327,56534.0,0.0,61.0,
Greenland,2012,0.0,0.0005359970763795,,0.138603971251066,100.0,,10.2,0.923398459573192,56890.0,0.0,72.0,
Greenland,2013,0.0,0.0005359970763795,,0.138409063223292,100.0,,10.1,0.282415670722414,56810.0,0.0,107.0,
Greenland,2014,0.0,0.0005359970763795,,0.137612376659764,100.0,,11.2,-0.0062211623224997,56483.0,0.0,90.0,
Greenland,2015,0.0,0.0005359970763795,,0.137154342794494,100.0,,12.5,0.0228090366244538,56295.0,0.0,81.0,
Greenland,2016,0.0,0.0005359970763795,,0.136713363381654,100.0,,13.1,0.107754165177619,56114.0,0.0,192.0,
Greenland,2017,0.0,0.0005359970763795,,0.136888780606651,100.0,,12.4,0.337017407615888,56186.0,0.0,101.0,
Greenland,2018,0.0,0.0005359970763795,,0.136854671701791,100.0,,11.3,0.16705340311857,56172.0,0.0,1247.0,
Greenland,2019,0.0,0.0005359970763795,,0.136491655500061,100.0,,11.4,0.11944726176664,56023.0,0.0,20.0,
Greenland,2020,0.0,0.0005359970763795,,0.136983798270191,100.0,,10.9,0.701440618276006,56225.0,0.0,38.0,
Greenland,2021,0.0,0.0005359970763795,,0.137329760019491,100.0,,11.8,0.552346834179881,56367.0,0.0,746.0,
Greenland,2022,0.0,0.0005359970763795,,0.138026556218784,100.0,,11.6,0.805704994224028,56653.0,0.0,21.0,
Grenada,2001,0.0,52.0588235294118,2.94117647058824,316.032352941176,,92.4,10.5,1.11403596747531,107451.0,,0.0,
Grenada,2002,0.0,52.0588235294118,5.88235294117647,317.608823529412,,92.8,10.4,0.636220011870998,107987.0,,0.0,
Grenada,2003,0.0,52.0588235294118,5.88235294117647,318.835294117647,,92.7,10.5,0.385961780074285,108404.0,,0.0,
Grenada,2004,0.0,52.0588235294118,5.88235294117647,320.247058823529,,92.9,10.4,0.440743826860356,108884.0,,0.0,
Grenada,2005,0.0,52.0588235294118,5.88235294117647,321.538235294118,,92.9,10.6,0.398071412894061,109323.0,,0.0,
Grenada,2006,0.0,52.0588235294118,5.88235294117647,322.747058823529,,93.0,10.6,0.368586698253619,109734.0,,0.0,
Grenada,2007,0.0,52.0588235294118,5.88235294117647,323.926470588235,,92.8,10.4,0.354592337499738,110135.0,,0.0,
Grenada,2008,0.0,52.0588235294118,5.88235294117647,325.064705882353,,92.6,9.9,0.333182195243042,110522.0,,0.0,
Grenada,2009,0.0,52.0588235294118,5.88235294117647,326.164705882353,,92.4,10.8,0.31700532245699,110896.0,,0.0,
Grenada,2010,0.0,52.0588235294118,8.82352941176471,327.217647058824,,92.1,10.5,0.293464976030285,111254.0,,0.0,
Grenada,2011,0.0,52.0588235294118,8.82352941176471,328.194117647059,,91.8,10.8,0.260136718397879,111586.0,,0.0,
Grenada,2012,0.0,52.0588235294118,8.82352941176471,329.644117647059,,91.4,11.4,0.40138168892259,112079.0,,0.0,
Grenada,2013,0.0,52.0588235294118,8.82352941176471,331.691176470588,,91.1,11.5,0.632450427177208,112775.0,,0.0,
Grenada,2014,0.0,52.0588235294118,8.82352941176471,333.785294117647,,90.7,10.8,0.667778000497986,113487.0,,700.0,
Grenada,2015,0.0,52.0588235294118,8.82352941176471,335.682352941176,,90.0,11.0,0.629186950740804,114132.0,,500.0,
Grenada,2016,0.0,52.0588235294118,8.82352941176471,337.282352941176,,89.7,10.5,0.55974835854534,114676.0,0.0,336.0,
Grenada,2017,0.0,52.0588235294118,8.82352941176471,338.617647058824,,89.1,10.4,0.503523298704187,115130.0,0.0,0.0,
Grenada,2018,0.0,52.0588235294118,8.82352941176471,339.523529411765,,88.7,10.2,0.39763400225336,115438.0,0.0,110.0,
Grenada,2019,0.0,52.0588235294118,8.82352941176471,340.267647058824,,88.0,10.7,0.369703938080061,115691.0,0.0,274.0,
Grenada,2020,0.0,52.0588235294118,8.82352941176471,341.120588235294,,87.4,10.4,0.423238039280532,115981.0,0.0,1544.0,
Grenada,2021,0.0,52.0588235294118,8.82352941176471,342.179411764706,,86.7,10.3,0.504582767582537,116341.0,0.0,1359.0,
Grenada,2022,0.0,52.0588235294118,8.82352941176471,343.2,,85.9,10.2,0.513859926103473,116688.0,0.0,4211.0,
Guam,2016,5.5555555555555,46.2962962962963,1.85185185185185,305.37962962963,100.0,,2.3,-0.351320062277022,164905.0,0.0,0.0,
Guam,2017,0.0,51.8518518518518,1.85185185185185,304.135185185185,100.0,,4.4,-0.407556167052318,164233.0,0.0,0.0,
Guam,2018,0.0,51.8518518518518,1.85185185185185,302.759259259259,100.0,,3.9,-0.453424319188375,163490.0,0.0,0.0,
Guam,2019,0.0,51.8518518518518,1.85185185185185,301.257407407407,100.0,,4.5,-0.497297828936292,162679.0,0.0,0.0,
Guam,2020,0.0,51.8518518518518,1.85185185185185,299.644444444444,100.0,,4.5,-0.536563163891644,161808.0,0.0,0.0,
Guam,2021,0.0,51.8518518518518,1.85185185185185,300.292592592593,100.0,,4.6,0.216544043040498,162158.0,0.0,0.0,
Guam,2022,0.0,51.8518518518518,1.85185185185185,303.203703703704,100.0,,4.5,0.973230994793566,163730.0,0.0,0.0,
Guatemala,2001,-0.45408734602460044,39.2795819335573,15.7775289287047,109.160059723778,55.0,17.1,62.7,6.19469739796459,11697592.0,0.0,1800.0,15007108.0
Guatemala,2002,-0.4540873460246999,38.8254945875327,16.5467525195969,111.696733855916,57.3,16.0,61.3,5.56093080742646,11969422.0,0.0,300.0,15313828.0
Guatemala,2003,-0.45408734602460044,38.371407241508,17.315976110489,114.286254199328,64.1,15.4,63.8,4.71838263078734,12246915.0,1451.0,45.0,15725027.0
Guatemala,2004,-0.45408734602460044,37.9173198954834,18.0851063829787,116.889156401642,63.4,14.5,64.3,4.00830168186291,12525842.0,14797.0,2434.0,15934873.0
Guatemala,2005,-0.4540873460246999,37.4632325494588,15.5748413587159,119.516629339306,62.7,13.9,66.1,3.79949628121521,12807402.0,11660.0,11819.0,16323542.0
Guatemala,2006,-0.45408734602460044,37.0091452034341,13.0645763344532,122.131662933931,64.5,13.1,65.2,3.69297148932721,13087629.0,39285.0,1216.0,16670211.0
Guatemala,2007,-0.45408734602460044,36.5550578574095,14.053751399776,124.742991787981,74.2,12.5,64.7,3.58601168329022,13367459.0,21902.0,79.0,17063047.0
Guatemala,2008,-0.4540873460246999,36.1009705113849,14.7069802164987,127.398656215006,68.3,12.2,63.3,3.50924729396584,13652040.0,16703.0,60.0,17414100.0
Guatemala,2009,-0.45408734602460044,35.6468831653602,14.7536394176932,130.040817469205,70.2,11.9,66.5,3.37855071457734,13935174.0,4257.0,2581.0,17772700.0
Guatemala,2010,-0.4540873460246999,35.1927958193356,14.3766330720418,132.65781075028,72.2,11.8,65.3,3.23272468905488,14215611.0,10732.0,494.0,18466804.0
Guatemala,2011,-0.25531914893610264,34.7387084733109,13.9996267263904,135.312728630086,74.2,11.6,67.1,3.12785613760591,14500112.0,10156.0,609.0,18750663.0
Guatemala,2012,-0.255319148936195,34.4833893243748,13.6226203807391,138.037756625607,74.0,11.6,67.1,3.03796058280127,14792126.0,16546.0,1091.0,19261795.0
Guatemala,2013,-0.2553191489362021,34.2280701754386,13.2456140350877,140.814175065323,78.3,11.8,67.4,2.92518270058141,15089647.0,10610.0,4658.0,19310716.0
Guatemala,2014,-0.25531914893610264,33.9727510265024,12.8686076894364,143.59217058604,80.4,12.0,67.2,2.76904108141309,15387337.0,8233.0,3056.0,19880141.0
Guatemala,2015,-0.255319148936195,33.7174318775663,13.1849570735349,146.339352370287,76.7,12.4,66.2,2.58401494103428,15681725.0,20693.0,13163.0,20158523.0
Guatemala,2016,-0.10824934677120268,33.4621127286301,13.7178051511758,149.045754012691,84.6,12.8,63.3,2.38652740828906,15971743.0,31204.0,2105.0,20537791.0
Guatemala,2017,-0.10824934677120268,33.3538633818589,13.876446435237,151.817469204927,86.8,13.2,63.2,2.25304647269904,16268760.0,27324.0,238.0,20872958.0
Guatemala,2018,-0.10824934677119558,33.2456140350877,14.0350877192982,154.603928704741,89.6,13.6,65.0,2.07662367754925,16567357.0,22898.0,775.0,21213778.0
Guatemala,2019,-0.10824934677120268,33.1373646883165,14.1937290033595,157.201241134752,91.2,14.3,64.0,1.75239272500443,16845685.0,25905.0,565.0,21560345.0
Guatemala,2020,-0.1082493467710961,33.0291153415453,14.3523702874207,159.609957073535,93.5,14.7,62.8,2.15426111506963,17103803.0,43109.0,592.0,21912756.0
Guatemala,2021,-0.10824934677120268,32.9208659947742,14.501679731243,161.97578387458,95.8,15.3,65.5,2.13369514486211,17357325.0,25537.0,346.0,22590308.0
Guatemala,2022,-0.10824934677120268,32.812616648003,14.501679731243,164.227790220231,98.1,16.1,62.1,2.03197521046402,17598650.0,37653.0,1524.0,23673655.0
Guinea,2001,-0.14650822073900116,28.1987628194693,11.1509034673612,34.3025883118997,,0.5,85.5,2.91304388234434,8428832.0,31700.0,0.0,12095377.0
Guinea,2002,-0.14650822073910064,28.0522545987303,11.1509034673612,34.75484291063,,0.5,84.8,2.25795168848004,8539960.0,31700.0,0.0,12140757.0
Guinea,2003,-0.14650822073900116,27.9057463779912,11.1549731401595,35.3006104509197,,0.5,84.3,2.50005195958883,8674066.0,31700.0,0.0,12187722.0
Guinea,2004,-0.14650822073909708,27.7592381572522,11.1590428129578,36.1011761354387,,0.5,83.5,3.17573982990512,8870781.0,31700.0,0.0,12236288.0
Guinea,2005,-0.14650822073900116,27.6127299365131,11.1631124857561,36.8823294807097,,0.5,83.2,3.0627923057285,9062726.0,22988.0,697.0,12286470.0
Guinea,2006,-0.14650822073910064,27.4662217157741,11.1549731401595,37.6275598241901,,0.5,81.6,2.90902124903325,9245844.0,22988.0,697.0,12338298.0
Guinea,2007,-0.14650822073910064,27.319713495035,11.4197969233274,38.422476802865,2.2,0.5,81.1,2.98341885184102,9441171.0,22988.0,697.0,12389441.0
Guinea,2008,-0.1465082207389976,27.1732052742959,11.9405872537848,39.3223221552987,3.1,0.5,80.4,3.18984350958655,9662281.0,22988.0,697.0,12442200.0
Guinea,2009,-0.14650822073910064,27.0266970535569,12.46224116881,40.2851619729774,4.0,0.4,80.2,3.27395620430403,9898870.0,15327.0,365.0,12496500.0
Guinea,2010,-0.14650822073900116,26.8801888328178,12.0387290411851,41.2808643985024,5.0,0.4,79.2,3.27433759636281,10143534.0,17656.0,365.0,12552398.0
Guinea,2011,-0.14650822073910064,26.7336806120788,14.8265769982093,42.3086684030604,5.9,0.4,75.7,3.26801169796393,10396086.0,149501.0,69.0,12609951.0
Guinea,2012,-0.1465082207389976,26.5871723913397,14.9299556405665,43.3697297737262,6.8,0.4,74.8,3.2597237641902,10656810.0,51004.0,69.0,12661208.0
Guinea,2013,-0.14650822073910064,26.4406641706007,16.9222179716751,44.4472611102067,1.2,0.3,76.4,3.20904510528716,10921581.0,9715.0,1.0,12714046.0
Guinea,2014,-0.14650822073900116,26.2941559498616,17.269160833469,45.5472611102067,8.6,0.3,78.5,3.16991908975339,11191873.0,4193.0,278.0,12768481.0
Guinea,2015,-0.14650822073910064,26.1476477291226,18.697251342992,46.6910467198437,9.5,0.3,78.6,3.1618249067092,11472924.0,9004.0,180.0,12824531.0
Guinea,2016,-0.16278691193229733,26.0011395083835,19.5101782516686,47.8881246947745,10.4,0.2,76.2,3.16003471314611,11767070.0,10084.0,844.0,12882215.0
Guinea,2017,-0.1627869119322014,25.8383525964512,19.8483363177601,49.1332817841446,6.7,0.2,75.3,3.34222394241771,12073030.0,134650.0,4.0,12917165.0
Guinea,2018,-0.16278691193230088,25.675565684519,20.5018305388247,50.4055795214065,8.6,0.2,72.0,3.32587914490066,12385659.0,25719.0,133.0,12953556.0
Guinea,2019,-0.16278691193230088,25.5127787725867,21.0845323945955,51.7042731564382,21.4,0.2,73.2,3.30732219795115,12704774.0,745.0,418.0,12991396.0
Guinea,2020,-0.16278691193229733,25.3499918606544,20.0183118997233,53.0455233599219,17.0,0.1,68.3,3.3187418503644,13034346.0,47.0,619.0,13030696.0
Guinea,2021,-0.16278691193230088,25.1872049487221,20.1584352108091,54.4163397362852,19.3,0.1,65.8,3.52116599546792,13371183.0,729.0,219.0,13071467.0
Guinea,2022,-0.1627869119322014,25.0244180367898,21.3538258993977,55.7973018069347,21.3,0.1,66.8,3.51523893910055,13710513.0,319.0,113.0,13115300.0
Guinea-Bissau,2001,-0.30032005689899677,76.4182076813656,10.6685633001422,43.9097083926031,,0.1,91.2,2.92434151642679,1234741.0,6547.0,0.0,2364018.0
Guinea-Bissau,2002,-0.300320056899011,76.1178876244666,10.6685633001422,44.8532361308677,,0.1,91.2,2.99518826194216,1261273.0,6547.0,0.0,2403414.0
Guinea-Bissau,2003,-0.30032005689899677,75.8175675675676,9.95732574679943,45.8501778093883,,0.1,91.0,3.03089158559382,1289307.0,6547.0,0.0,2439978.0
Guinea-Bissau,2004,-0.30032005689899677,75.5172475106686,9.60170697012802,46.8992176386913,,0.1,89.0,3.06966427634725,1318806.0,25002.0,0.0,2474894.0
Guinea-Bissau,2005,-0.30032005689909624,75.2169274537696,9.95732574679943,47.9929943100996,,0.1,88.6,3.09876211274669,1349563.0,6961.0,0.0,2508669.0
Guinea-Bissau,2006,-0.30032005689899677,74.9166073968705,9.95732574679943,49.1317567567568,,0.1,88.5,3.13488482013439,1381585.0,6961.0,0.0,2544171.0
Guinea-Bissau,2007,-0.3003200568989115,74.6162873399715,9.95732574679943,50.3308321479374,2.1,0.1,88.3,3.20793813548385,1415303.0,6961.0,6.0,2584499.0
Guinea-Bissau,2008,-0.30032005689909624,74.3159672830726,9.95732574679943,51.599786628734,,0.1,87.9,3.30331102559209,1450986.0,6961.0,6.0,2625845.0
Guinea-Bissau,2009,-0.30032005689899677,74.0156472261735,9.95732574679943,52.9179943100996,,0.1,88.4,3.36251537259113,1488054.0,1663.0,6.0,2654976.0
Guinea-Bissau,2010,-0.30032005689899677,73.7153271692745,9.95732574679943,54.2808321479374,,0.1,87.9,3.40251881332859,1526377.0,1433.0,41.0,2693189.0
Guinea-Bissau,2011,-0.3002844950213017,73.4150071123755,10.6685633001422,55.702240398293,2.1,0.1,87.8,3.4331434320929,1566347.0,14503.0,41.0,2731864.0
Guinea-Bissau,2012,-0.3002844950213017,73.1147226173542,10.6685633001422,57.1862019914651,4.0,0.1,87.9,3.69710879662524,1608076.0,14043.0,41.0,2769266.0
Guinea-Bissau,2013,-0.3002844950214012,72.8144381223329,10.6685633001422,58.7274893314367,6.0,0.1,87.8,3.71593375424775,1651417.0,16801.0,41.0,2807102.0
Guinea-Bissau,2014,-0.3002844950213017,72.5141536273115,10.6685633001422,60.3119843527738,8.0,0.1,87.7,3.70664868083605,1695973.0,0.0,41.0,2845377.0
Guinea-Bissau,2015,-0.3002844950214012,72.2138691322902,10.6685633001422,61.9175675675676,5.8,0.1,87.3,3.6620071169076,1741122.0,134000.0,43.0,2884099.0
Guinea-Bissau,2016,-0.3001422475105926,71.9135846372688,10.6685633001422,63.5297652916074,8.9,0.1,87.2,3.5947894637225,1786457.0,63278.0,0.0,2923273.0
Guinea-Bissau,2017,-0.3001422475107063,71.6134423897582,11.196493598862,65.1455547652916,10.5,0.0,86.8,3.52478531928369,1831893.0,553.0,0.0,2957065.0
Guinea-Bissau,2018,-0.3001422475106921,71.3133001422475,11.1978698435277,66.7522048364154,12.5,0.0,86.8,3.43969433832537,1877072.0,243.0,47.0,2991181.0
Guinea-Bissau,2019,-0.3001422475106068,71.0131578947368,11.7213300142248,68.3559032716927,13.3,0.0,86.6,3.36722390753198,1922168.0,10153.0,6.0,3025626.0
Guinea-Bissau,2020,-0.3001422475107063,70.7130156472262,13.0495448079659,69.9749644381223,14.3,0.0,86.2,3.32507866564611,1967696.0,9710.0,0.0,3025626.0
Guinea-Bissau,2021,-0.3001422475106921,70.4128733997155,13.3325533428165,71.5951280227596,15.1,0.0,87.2,3.26258508075794,2013255.0,0.0,0.0,3095525.0
Guinea-Bissau,2022,-0.3001422475106068,70.1127311522048,14.0239971550498,73.2162517780939,15.8,0.0,87.4,3.20402223754893,2058841.0,0.0,0.0,3130205.0
Guyana,2001,-0.022560325120593916,94.3064262128524,0.484001016002032,3.88535433070866,69.5,100.0,30.4,-0.433655171277845,764832.0,54000.0,,1168873.0
Guyana,2002,-0.022560325120707603,94.2838658877318,0.484001016002032,3.88355092710185,70.3,100.0,31.0,-0.540156248915806,764477.0,41000.0,,1188420.0
Guyana,2003,-0.022560325120593916,94.2613055626111,0.486191008382017,3.87935991871984,71.0,100.0,34.2,-0.597331442005026,763652.0,48000.0,,1165008.0
Guyana,2004,-0.022560325120707603,94.2387452374905,0.488381000762002,3.87656083312167,71.8,100.0,34.6,-0.67588554603368,763101.0,66095.0,1.0,1210635.0
Guyana,2005,-0.022560325120593916,94.2161849123698,0.490570993141986,3.87309118618237,72.5,100.0,35.5,-0.946035966752723,762418.0,71196.0,1.0,1332302.0
Guyana,2006,-0.022560325120707603,94.1936245872492,0.492760985521971,3.8654508509017,75.9,100.0,34.7,-1.23997385002871,760914.0,123196.0,1002.0,1360009.0
Guyana,2007,-0.022560325120593916,94.1710642621285,0.492760985521971,3.85555499110998,69.9,100.0,36.8,-1.39794446488079,758966.0,200044.0,1013.0,1433952.0
Guyana,2008,-0.022560325120707603,94.1485039370079,0.492760985521971,3.84486156972314,74.9,100.0,33.1,-1.42993160647389,756861.0,171044.0,1013.0,1381900.0
Guyana,2009,-0.022560325120593916,94.1259436118872,0.492760985521971,3.83340614681229,75.7,100.0,32.6,-1.36725282657054,754606.0,103044.0,1088.0,1314900.0
Guyana,2010,-0.022560325120707603,94.1033832867666,0.492760985521971,3.82064516129032,72.7,100.0,31.3,-1.22074119108477,752094.0,67044.0,1289.0,1309005.0
Guyana,2011,-0.05938531877059461,94.0808229616459,0.492760985521971,3.80622809245618,80.1,100.0,30.6,-0.984309813081285,749256.0,121289.0,427.0,1364096.0
Guyana,2012,-0.059385318770694084,94.0214376428753,0.492760985521971,3.79046482092964,81.1,100.0,32.8,-0.639122082639212,746153.0,104720.0,318.0,1346403.0
Guyana,2013,-0.05938531877060882,93.9620523241046,0.492760985521971,3.79115062230124,82.1,100.0,28.7,0.0182739262038779,746288.0,101202.0,18.0,1329744.0
Guyana,2014,-0.05938531877059461,93.902667005334,0.492760985521971,3.8101143002286,83.1,100.0,26.9,0.5002187491185,750021.0,84152.0,462.0,1360120.0
Guyana,2015,-0.059385318770694084,93.8432816865634,0.492760985521971,3.83149098298197,84.2,100.0,24.0,0.565044385186566,754229.0,147062.0,144.0,1268630.0
Guyana,2016,-0.04673609347210572,93.7838963677927,0.492760985521971,3.85461518923038,85.5,100.0,25.0,0.611794179231611,758781.0,223253.0,183.0,1186256.0
Guyana,2017,-0.046786893573795396,93.7371602743206,0.492760985521971,3.8788315976632,86.7,100.0,21.3,0.639819093540866,763548.0,124017.0,99.0,1123640.0
Guyana,2018,-0.0467360934722052,93.6903733807468,0.492760985521971,3.90388112776226,87.9,100.0,22.1,0.662358828631445,768479.0,190309.0,2761.0,1128560.0
Guyana,2019,-0.046786893573795396,93.6436372872746,0.492760985521971,4.02111252222504,88.9,100.0,16.8,2.98106510912889,791556.0,127754.0,7.0,1140835.0
Guyana,2020,-6.378227678914399,93.5968503937008,0.492760985521971,4.10294640589281,89.8,100.0,11.3,2.04147162115941,807665.0,77716.0,70.0,1137736.0
Guyana,2021,-0.04360471724920956,87.2186227147864,0.459410817467083,3.82438666287771,90.5,100.0,12.0,0.007964711646507,807481.0,62366.0,0.0,1134179.0
Guyana,2022,-0.04358340437629238,87.1750179975372,0.459410817467083,3.86228095102775,91.2,100.0,13.2,1.02077373794968,815482.0,85522.0,1126.0,1119749.0
Haiti,2001,-0.008236574746000258,13.8116835994194,32.656023222061,301.275435413643,7.1,0.6,80.8,6.01494696690854,8303151.0,0.0,1000.0,2202646.0
Haiti,2002,-0.008236574746000258,13.8034470246734,32.656023222061,306.818505079826,13.2,0.7,80.9,5.93480335666234,8455918.0,0.0,600.0,2209701.0
Haiti,2003,-0.008236574745998482,13.7952104499274,32.656023222061,312.323693759071,9.9,0.7,79.1,5.82115526768999,8607641.0,0.0,600.0,2216872.0
Haiti,2004,-0.008236574746000258,13.7869738751814,32.656023222061,317.848766328012,18.7,0.7,79.0,4.78406545793522,8759912.0,0.0,600.0,2224158.0
Haiti,2005,-0.008236574746000258,13.7787373004354,32.656023222061,323.304172714078,8.5,0.8,81.1,3.31445034378911,8910263.0,0.0,600.0,2231557.0
Haiti,2006,-0.008236574746000258,13.7705007256894,36.2844702467344,328.783490566038,8.3,0.9,81.1,3.35878502928294,9061273.0,0.0,600.0,2239070.0
Haiti,2007,-0.008236574746000258,13.7622641509434,36.2844702467344,334.418069666183,6.8,0.9,81.4,3.34251730786204,9216562.0,0.0,600.0,2247047.0
Haiti,2008,-0.008236574746000258,13.7540275761974,36.2844702467344,340.105079825835,7.7,0.9,79.3,3.29502691908864,9373296.0,0.0,600.0,2255100.0
Haiti,2009,-0.008236574746000258,13.7457910014514,36.2844702467344,345.81908563135,7.4,1.0,79.6,3.24075817092751,9530774.0,0.0,600.0,2263400.0
Haiti,2010,-0.008236574745998482,13.7375544267054,37.2398403483309,351.581313497823,7.1,1.0,80.3,3.19348249324595,9689581.0,0.0,600.0,2271686.0
Haiti,2011,-0.11269956458639996,13.7293178519594,42.8156748911466,355.70732946299,6.7,1.1,79.0,2.67437921499906,9803294.0,0.0,14931.0,2280135.0
Haiti,2012,-0.11269956458639996,13.616618287373,42.8156748911466,359.757039187228,6.0,1.1,79.0,2.6067646521269,9914904.0,0.0,5094.0,2289471.0
Haiti,2013,-0.11269956458630048,13.5039187227866,42.8156748911466,365.376306240929,3.9,1.1,82.2,2.99201159534367,10069771.0,0.0,3171.0,2298933.0
Haiti,2014,-0.11269956458639996,13.3912191582003,42.8156748911466,370.912989840348,3.3,1.1,80.4,2.91382955670818,10222362.0,2.0,3334.0,2308520.0
Haiti,2015,-0.11269956458630048,13.2785195936139,42.8156748911466,376.387336719884,2.2,1.1,77.8,2.84308520108614,10373235.0,2.0,9930.0,2318234.0
Haiti,2016,-0.11284470246740064,13.1658200290276,42.8156748911466,381.830261248186,2.2,1.2,76.1,2.78207435598764,10523242.0,0.0,2763.0,2328074.0
Haiti,2017,-0.11284470246729938,13.0529753265602,42.8156748911466,387.208164005806,,1.3,76.1,2.71363174147076,10671457.0,0.0,1974.0,2337954.0
Haiti,2018,-0.11284470246740064,12.9401306240929,42.8156748911466,392.516473149492,2.1,1.2,76.2,2.64559740814467,10817754.0,0.0,1302.0,2347961.0
Haiti,2019,-0.11284470246729938,12.8272859216255,42.8156748911466,397.763497822932,1.8,1.3,76.2,2.58109906788243,10962362.0,1.0,789.0,2358091.0
Haiti,2020,-0.11284470246729938,12.7144412191582,36.2844702467344,402.944956458636,1.2,1.3,76.4,2.51693036071465,11105163.0,0.0,1980.0,2368349.0
Haiti,2021,-0.11284470246740064,12.6015965166909,36.2844702467344,407.977068214804,,1.3,76.3,2.43348868178673,11243848.0,0.0,4630.0,2378734.0
Haiti,2022,-0.11284470246729938,12.4887518142235,36.4658925979681,412.720827285922,,1.4,76.7,2.318380403402,11374586.0,0.0,6345.0,2389726.0
Honduras,2001,-0.18124944141569443,60.5797658414514,9.54508892662436,58.7878541424613,44.9,8.2,55.2,3.88433071604736,6577773.0,40000.0,0.0,9488405.0
Honduras,2002,-0.18124944141560206,60.3985164000357,9.54508892662436,60.3985432120833,38.3,8.8,50.4,3.88511451612268,6757993.0,20000.0,0.0,9551959.0
Honduras,2003,-0.18124944141570154,60.2172669586201,9.54508892662436,62.015005809277,37.0,9.6,49.8,3.84858524711227,6938859.0,20074.0,300.0,9681323.0
Honduras,2004,-0.18124944141570154,60.0360175172044,9.54508892662436,63.6268924836893,38.8,10.3,47.9,3.78806021980111,7119213.0,20025.0,10000.0,9504428.0
Honduras,2005,-0.18124944141569443,59.8547680757887,9.38421664134418,65.2336580570203,40.6,11.0,46.7,3.72866908442755,7298994.0,12526.0,0.0,9619212.0
Honduras,2006,-0.18124944141560206,59.673518634373,9.38421664134418,66.8366699436947,43.3,11.7,51.4,3.67349098714044,7478355.0,14926.0,300.0,9632614.0
Honduras,2007,-0.18124944141570154,59.4922691929574,9.38421664134418,68.431781213692,46.4,12.5,52.2,3.61410304852634,7656832.0,1335.0,981.0,9541133.0
Honduras,2008,-0.18124944141570154,59.3110197515417,9.38421664134418,70.0223254982572,49.6,13.2,50.6,3.56153768074022,7834798.0,4151.0,1691.0,9463200.0
Honduras,2009,-0.18124944141570154,59.129770310126,9.09822146751274,71.6112878720172,54.3,13.9,50.0,3.51472965029217,8012587.0,2027.0,4067.0,9313800.0
Honduras,2010,-0.18124944141559496,58.9485208687103,9.09822146751274,73.1959871302172,57.6,14.5,50.5,3.46537722647873,8189899.0,2226.0,987.0,9119185.0
Honduras,2011,-0.19955313254089901,58.7672714272947,9.09822146751274,74.7687729019573,61.8,15.4,53.6,3.40704870812598,8365878.0,2707.0,442.0,9195298.0
Honduras,2012,-0.19955313254090612,58.5677182947538,9.09822146751274,76.3301724908392,63.4,16.0,50.9,3.35123657593766,8540583.0,1761.0,163.0,9358905.0
Honduras,2013,-0.19955313254089901,58.3681651622129,9.09822146751274,77.8896773616945,66.7,17.1,49.3,3.30916659478128,8715076.0,1602.0,1294.0,9122285.0
Honduras,2014,-0.19955313254089901,58.168612029672,9.09822146751274,79.4465814639378,73.4,17.5,51.1,3.28499764728886,8889278.0,2054.0,783.0,9079767.0
Honduras,2015,-0.19955313254089901,57.9690588971311,9.09822146751274,81.0002859951738,76.5,18.2,52.2,2.90743919857304,9063122.0,10386.0,2022.0,9103329.0
Honduras,2016,-0.18571811600679666,57.7695057645902,9.09822146751274,82.5570202877826,79.0,19.1,50.8,2.8385087128297,9237305.0,5173.0,144.0,9097616.0
Honduras,2017,-0.18714809187590475,57.5837876485834,9.09822146751274,84.121726695862,82.1,19.7,52.7,2.80005852993068,9412380.0,7599.0,51.0,9037300.0
Honduras,2018,-0.18723746536780084,57.3966395567075,9.09822146751274,85.6925283760837,71.8,20.2,45.6,2.75853361125808,9588137.0,10628.0,986.0,9331419.0
Honduras,2019,-0.18723746536780084,57.2094020913397,9.09822146751274,87.2750916078291,81.9,21.2,48.9,2.72419291715727,9765210.0,9085.0,78.0,9289272.0
Honduras,2020,-0.18723746536769426,57.0221646259719,9.09822146751274,88.8697202609706,80.3,21.9,46.2,2.69051680883977,9943633.0,5980.0,3894.0,9030225.0
Honduras,2021,-0.18723746536780084,56.8349271606042,9.09822146751274,90.4427562784878,83.4,23.3,50.2,2.61995106856383,10119640.0,11189.0,1898.0,8982595.0
Honduras,2022,-0.18723746536780084,56.6476896952364,9.09822146751274,91.9642237912235,85.7,23.4,45.9,2.51895580975708,10289877.0,10780.0,1033.0,8940160.0
Hungary,2001,0.13972327605439716,21.4368444543629,51.3501450569069,113.936297701406,100.0,100.0,5.2,0.248357635514275,10210971.0,1593400.0,353700.0,5902000.0
Hungary,2002,0.1397232760545002,21.5765677304173,51.3947779513501,113.675251060031,100.0,100.0,5.1,0.370503081970927,10187576.0,1515000.0,317000.0,5811000.0
Hungary,2003,0.1397232760544007,21.7162910064718,51.3947779513501,113.352019638474,100.0,100.0,5.2,0.321516607954962,10158608.0,1575000.0,332000.0,5836400.0
Hungary,2004,0.1397232760545002,21.8560142825262,51.2943539388529,113.027806293238,100.0,100.0,5.0,-0.586247704581116,10129552.0,1753000.0,530000.0,5785000.0
Hungary,2005,0.14219347590210063,21.9957375585807,51.3055121624637,112.777795135015,100.0,100.0,4.6,0.05152026363267,10107146.0,1479000.0,589000.0,5660300.0
Hungary,2006,0.13973886842979866,22.1379310344828,51.3447159915188,112.566287244727,100.0,100.0,7.3,1.48412618618,10087065.0,1117000.0,350000.0,5940000.0
Hungary,2007,0.13973886842990169,22.2776699029126,51.3000781162817,112.391139381765,100.0,100.0,7.9,1.18040885116061,10071370.0,1309000.0,357000.0,5913000.0
Hungary,2008,0.13973886842979866,22.4174087713425,51.2442807722352,112.217163263029,100.0,100.0,9.0,-0.171970771027436,10055780.0,1274000.0,496000.0,5640000.0
Hungary,2009,-0.09091545154739933,22.5571476397723,51.1661644905703,112.020845887736,100.0,100.0,9.0,1.44377243298542,10038188.0,827000.0,290300.0,5276000.0
Hungary,2010,0.1383187893516009,22.4662321882249,50.6461946316138,110.710814094775,100.0,100.0,12.3,0.374631558210917,10022650.0,912050.0,284109.0,5244000.0
Hungary,2011,0.031878935159600275,22.6045509775765,48.5143046503921,110.460874848117,100.0,100.0,13.5,1.32672661752856,10000023.0,1119116.0,509449.0,5740275.0
Hungary,2012,0.031878935159600275,22.6364299127361,48.5474428366287,110.148315475533,100.0,100.0,14.7,-0.35897441566366,9971727.0,1160421.0,328224.0,6232450.0
Hungary,2013,0.03187893515959672,22.6683088478957,48.5695349607865,109.580934496852,99.9,100.0,16.5,-0.373711550591779,9920362.0,1197822.0,276411.0,5946115.0
Hungary,2014,-0.14995767128669968,22.7001877830553,47.6748039323981,109.05483265216,100.0,100.0,17.2,0.0212804562846152,9872734.0,1297610.0,284365.0,6027202.0
Hungary,2015,0.031623931623901314,22.5502301117686,47.3591935130397,107.747512601359,100.0,100.0,15.7,0.138118669957661,9833038.0,1171620.0,314894.0,5798162.0
Hungary,2016,-0.022901599824699304,22.5818540433925,47.3811089195705,107.360891957046,100.0,100.0,15.6,-0.10708252969486,9797755.0,947970.0,430837.0,5743969.0
Hungary,2017,-0.015998246767399138,22.5589524435678,47.3701512163051,106.944499232961,100.0,100.0,15.3,-0.404761044405015,9759755.0,956413.0,480789.0,5586169.0
Hungary,2018,-0.014792899408302418,22.5429541968004,47.3701512163051,106.582905982906,100.0,100.0,14.6,-0.365831099004188,9726756.0,822302.0,393688.0,5689370.0
Hungary,2019,-0.015888669734898997,22.5281612973921,47.3811089195705,106.366031119877,100.0,100.0,13.6,-0.179661603696541,9706964.0,707734.0,500019.0,5856004.0
Hungary,2020,-0.015998246767399138,22.5122726276572,47.3044049967127,106.233004602235,100.0,100.0,13.6,-0.145941347427049,9694824.0,712223.0,322111.0,5575423.0
Hungary,2021,-0.0159248301556012,22.4962743808898,44.115379136533,105.965581854043,100.0,100.0,14.8,-0.486215475310381,9670419.0,798401.0,286454.0,4972420.0
Hungary,2022,-0.015974139820301048,22.4803495507342,45.3616524216524,105.532895025203,100.0,100.0,15.3,-0.53130926026005,9630932.0,930872.0,293119.0,5984776.0
Iceland,2001,0.014802992518702984,0.297556109725686,1.28678304239401,2.80503740648379,100.0,100.0,60.7,1.53835400093893,281205.0,0.0,3817.0,0.0
Iceland,2002,0.014802992518702984,0.312359102244389,1.28678304239401,2.84257356608479,100.0,100.0,62.1,1.41368716675525,284968.0,0.0,100.0,0.0
Iceland,2003,0.014802992518702984,0.327162094763092,1.28678304239401,2.86805985037406,100.0,100.0,61.9,1.02522986905101,287523.0,0.0,752.0,0.0
Iceland,2004,0.014802992518704039,0.341965087281795,1.28678304239401,2.88799002493766,100.0,100.0,61.9,0.861928544594206,289521.0,0.0,978.0,0.0
Iceland,2005,0.014802992518702984,0.356768079800499,1.28678304239401,2.91345635910224,100.0,100.0,61.9,1.00171511175715,292074.0,0.0,825.0,0.0
Iceland,2006,0.014802992518702984,0.371571072319202,1.28678304239401,2.95994014962594,100.0,100.0,62.7,1.51739166734219,296734.0,0.0,604.0,0.0
Iceland,2007,0.01480299251870304,0.386374064837905,1.28678304239401,3.03024438902743,100.0,100.0,64.2,2.14989866063453,303782.0,0.0,1484.0,0.0
Iceland,2008,0.014802992518703983,0.401177057356608,1.24688279301746,3.10789027431421,100.0,100.0,67.6,2.71044119477439,311566.0,0.0,1417.0,0.0
Iceland,2009,0.014802992518702984,0.415980049875312,1.24688279301746,3.16622443890274,100.0,100.0,74.0,2.61792451787009,317414.0,0.0,1366.0,0.0
Iceland,2010,0.014802992518702984,0.430783042394015,1.23690773067332,3.17704738154613,100.0,100.0,74.7,0.748377490973193,318499.0,12.0,2083.0,0.0
Iceland,2011,0.006962593516210036,0.445586034912718,1.22693266832918,3.17247880299252,100.0,100.0,76.0,-0.12843446229353,318041.0,10.0,194.0,0.0
Iceland,2012,0.006962593516208981,0.452548628428928,1.21895261845387,3.18218453865337,100.0,100.0,77.1,0.254355169044416,319014.0,0.0,150.0,3466.0
Iceland,2013,0.006962593516209981,0.459511221945137,1.20897755610973,3.19916209476309,100.0,100.0,77.7,0.643241763573145,320716.0,41.0,583.0,3624.0
Iceland,2014,0.006962593516209037,0.466473815461347,1.20897755610973,3.22956608478803,100.0,100.0,76.8,1.05471165809994,323764.0,12.0,675.0,3640.0
Iceland,2015,0.006962593516209981,0.473436408977556,1.20897755610973,3.2656957605985,100.0,100.0,77.6,1.11583437782441,327386.0,101.0,585.0,3640.0
Iceland,2016,0.004987531172069015,0.480399002493766,1.2069825436409,3.29990024937656,100.0,100.0,78.0,1.15739479748277,330815.0,101.0,585.0,3640.0
Iceland,2017,0.007182044887781014,0.485386533665835,1.2069825436409,3.34602493765586,100.0,100.0,80.9,1.44595954312237,335439.0,137.0,219.0,3640.0
Iceland,2018,0.0037122902354349563,0.492568578553616,1.2069825436409,3.42543640897756,100.0,100.0,80.8,2.33471439247147,343400.0,1000.0,1100.0,4000.0
Iceland,2019,0.006446494098978017,0.496280868789051,1.20003967073292,3.49817514628583,100.0,100.0,81.4,2.76412550127473,352721.0,0.0,6000.0,3000.0
Iceland,2020,0.006545670931271008,0.502727362888029,1.20003967073292,3.5759496181692,100.0,100.0,81.7,2.33155056549321,360563.0,0.0,1000.0,2000.0
Iceland,2021,0.006446494098978017,0.5092730338193,1.20003967073292,3.63446394922146,100.0,100.0,82.9,1.79261713262557,366463.0,0.0,1000.0,2000.0
Iceland,2022,0.006545670931271008,0.515719527918278,1.20003967073292,3.69453535654071,100.0,100.0,82.4,1.71803113522722,372520.0,0.0,1000.0,2600.0
India,2001,0.06407259542779897,22.7334950003195,54.127048725443,355.82076254797,49.2,6.6,46.9,2.74716354214945,1057922733.0,3100.0,2241500.0,313183016.0
India,2002,0.06407259542779897,22.7975675957473,53.9235635798587,362.539418940599,51.2,7.2,47.1,2.79167632635927,1077898575.0,2800.0,2505200.0,313881476.0
India,2003,0.06407259542780253,22.8616401911751,53.959551861805,369.165905979773,51.3,7.9,45.8,2.78430381700354,1097600380.0,5700.0,2144000.0,337654867.0
India,2004,0.06407259542779897,22.9257127866029,53.7466492218795,375.624499611528,55.2,8.5,45.6,2.75957503853038,1116803006.0,11753.0,3482250.0,340405827.0
India,2005,0.06407259542789845,22.9897853820307,53.7069612100135,382.078344471763,53.4,9.2,44.9,2.77480790295643,1135991513.0,8743.0,3787136.0,344169564.0
India,2006,0.06407259542780253,23.0538579774586,53.6272488471978,388.36277600826,59.3,9.7,44.2,2.74412999366421,1154676322.0,11371.0,3796868.0,345846733.0
India,2007,0.06407259542779897,23.1179305728864,53.3642316838144,394.485011048739,57.3,10.4,43.2,2.7138445773411,1172878890.0,17818.0,3326769.0,346844248.0
India,2008,0.06407259542779897,23.1820031683142,53.1489746703036,400.470881780175,63.5,11.1,41.5,2.68838973840524,1190676021.0,9403.0,4247855.0,348282000.0
India,2009,0.06407259542780253,23.246075763742,53.1398935150461,406.274393496547,65.7,12.0,39.4,2.6496554632103,1207930964.0,12165.0,4184275.0,349716300.0
India,2010,0.06407259542779897,23.3101483591698,53.1160134401098,412.191872366045,65.7,13.0,37.4,2.68133844908469,1225524753.0,10021.0,4916259.0,357174224.0
India,2011,0.08960073187380146,23.3742209545976,52.8082631786061,418.231449722352,68.4,14.6,36.2,2.71046640355998,1243481564.0,5435.0,5308463.0,356955678.0
India,2012,0.08960073187389739,23.4638216864714,52.7981730060978,424.199245255096,72.3,16.4,35.0,2.60834363267832,1261224954.0,13015.0,6346146.0,355625349.0
India,2013,0.08960073187380146,23.5534224183453,52.6525381828945,430.068210238834,72.4,18.6,34.8,2.37699314592326,1278674502.0,15727.0,6534450.0,353490881.0
India,2014,0.08960073187390094,23.6430231502191,52.617558918199,435.838110245225,76.8,21.4,34.9,2.33991754994745,1295829511.0,5914.0,6537064.0,353383300.0
India,2015,0.08960073187379791,23.732623882093,52.6246220389548,441.370107863944,79.4,24.3,33.9,2.25647131147126,1312277191.0,11251.0,6987070.0,353897633.0
India,2016,0.08946619624040153,23.8222246139668,52.6078050847743,446.666542669658,83.4,28.0,33.4,2.17617533145353,1328024498.0,11097.0,5780440.0,354489908.0
India,2017,0.08980253532399729,23.9116908102072,52.5755165327477,452.020992940243,85.3,32.0,33.0,2.16325487902533,1343944296.0,16904.0,5238074.0,354429309.0
India,2018,0.08946619624040153,24.0014933455312,52.433581439464,457.30592394028,88.3,36.4,32.5,2.12248866445848,1359657400.0,19265.0,4378563.0,353221052.0
India,2019,0.08980253532400084,24.0909595417716,52.2933280415984,462.351569862673,93.9,41.1,32.9,2.0460160617663,1374659064.0,6127.0,4072663.0,352380168.0
India,2020,0.08946619624039798,24.1807620770956,52.2566670814849,467.185182245332,93.8,46.0,33.5,1.97750804279549,1389030312.0,6405.0,4378146.0,352110688.0
India,2021,0.08946619624040153,24.270228273336,51.9383557727559,471.755150192218,95.2,51.0,36.1,1.89985832105548,1402617695.0,6435.0,2634075.0,351016640.0
India,2022,0.08980253532410032,24.3596944695764,51.8513672856427,475.652042419085,99.3,56.1,34.9,1.73813803578169,1414203896.0,9923.0,4815421.0,349927215.0
Indonesia,2001,-0.08632668963669943,53.943528667353,9.55569557485171,115.08687262286,79.6,1.7,45.6,3.82045814402057,216077790.0,1608700.0,186700.0,137829628.0
Indonesia,2002,-0.08632668963669943,53.8572019777163,9.55569557485171,116.695437968937,79.2,2.2,44.3,3.54561596136928,219097902.0,1469600.0,116000.0,130160672.0
Indonesia,2003,-0.08632668963659995,53.7708752880796,9.55569557485171,118.288280970792,81.1,2.9,44.7,3.38734585823671,222088495.0,1827722.0,106491.0,134904252.0
Indonesia,2004,-0.08632668963669943,53.684548598443,9.55569557485171,119.864570212072,79.8,3.7,43.0,3.24159691103248,225048008.0,229520.0,103753.0,131356236.0
Indonesia,2005,-0.08632668963669943,53.5982219088063,9.5512378836113,121.397785588322,82.9,4.9,41.5,3.08615306919124,227926649.0,140550.0,75606.0,128412276.0
Indonesia,2006,-0.08632668963669943,53.5118952191696,9.54678019237089,122.966345480392,74.7,6.7,41.6,3.0064894781374,230871650.0,98504.0,179836.0,123791356.0
Indonesia,2007,-0.08632668963670653,53.4255685295329,9.54232250113048,124.606809305259,85.1,8.7,40.1,2.96491038303978,233951652.0,63694.0,72477.0,118169686.0
Indonesia,2008,-0.08632668963669943,53.3392418398962,9.53786480989007,126.263615441442,84.7,11.3,40.0,2.8862360170776,237062337.0,82013.0,142527.0,115275886.0
Indonesia,2009,-0.08632668963669943,53.2529151502595,9.53340711864966,127.912368929422,88.2,14.8,41.1,2.79658074920626,240157903.0,70881.0,139808.0,119337700.0
Indonesia,2010,-0.08632668963669943,53.1665884606228,9.52894942740926,129.543311146252,88.4,18.5,38.2,2.70769171130937,243220028.0,41564.0,68592.0,110146921.0
Indonesia,2011,-0.4933425440700958,53.0802617709861,9.52449173616885,131.186593584406,89.4,22.9,36.0,2.64287044610157,246305322.0,55393.0,145340.0,113848742.0
Indonesia,2012,-0.4933425440702024,52.586919226916,9.52003404492844,132.872174396105,90.2,27.9,32.4,2.53421908807298,249470032.0,61096.0,82821.0,117993552.0
Indonesia,2013,-0.4933425440701029,52.0935766828458,9.51557635368803,134.591727167608,92.6,33.1,30.1,2.61678137317138,252698525.0,69900.0,62395.0,117522499.0
Indonesia,2014,-0.4933425440700958,51.6002341387757,9.51111866244762,136.271572751061,93.0,38.8,30.6,2.54412753349937,255852467.0,76317.0,126887.0,126667821.0
Indonesia,2015,-0.4933425440702024,51.1068915947056,9.50666097120722,137.882705314833,94.0,44.6,29.3,2.45872531939777,258877399.0,68663.0,234740.0,124455397.0
Indonesia,2016,0.12990547632280425,50.6135490506354,9.50220327996681,139.438934572699,94.9,50.6,26.6,2.39395586558881,261799249.0,61681.0,565048.0,122317741.0
Indonesia,2017,-0.7041207039716042,50.7434545269582,9.4977455887264,140.945267664402,95.1,56.1,27.8,2.27183339757092,264627418.0,72155.0,927801.0,120250104.0
Indonesia,2018,-0.3225160437789967,50.0393338229866,9.49328789748599,142.393583234045,96.0,61.3,25.2,2.20746225144714,267346658.0,46088.0,1184467.0,118251621.0
Indonesia,2019,-0.3225213699569025,49.7168177792076,9.48883020624558,143.781152680745,96.8,66.1,22.0,2.14106407789818,269951846.0,58687.0,764706.0,123059669.0
Indonesia,2020,-0.3225160437789967,49.3942964092507,9.48437251500517,145.132688936836,97.5,70.5,19.8,2.09504868385799,272489381.0,43819.0,635555.0,123756739.0
Indonesia,2021,-0.7098354973511007,49.0717803654717,9.47991482376477,146.371283592869,93.5,74.4,21.9,1.81452799005677,274814866.0,10515.0,438274.0,125275877.0
Indonesia,2022,-0.3199547963580045,48.3619448681206,9.40017404086973,146.235107708626,98.2,78.2,20.2,1.76093756390187,276758053.0,41143.0,20835.0,125207262.0
"Iran, Islamic Rep.",2001,0.08388712885876082,5.72561948967313,9.16279869348461,40.778665365063,94.2,83.25,0.4,2.6748660354635,66418659.0,0.0,8400.0,1114000.0
"Iran, Islamic Rep.",2002,0.08388712885875993,5.80950661853189,9.73808295881529,41.4131026056632,94.7,85.0,0.5,2.68321137769338,67452005.0,0.0,15180.0,1114000.0
"Iran, Islamic Rep.",2003,0.0838871288587697,5.89339374739065,9.8412289103367,41.7565000368378,94.9,86.25,0.7,1.90902331504455,68011317.0,0.0,36500.0,710000.0
"Iran, Islamic Rep.",2004,0.08388712885875993,5.97728087624942,9.9443748618581,42.2218988678504,95.2,87.3,0.8,2.13119250089634,68769340.0,46.0,22683.0,906000.0
"Iran, Islamic Rep.",2005,0.08388712885875993,6.06116800510818,10.0475208133795,43.1348485964783,95.4,88.3,0.7,3.11308440643363,70256316.0,46.0,14684.0,820000.0
"Iran, Islamic Rep.",2006,0.0838871288587697,6.14505513396694,10.1506667649009,44.1000853409956,95.7,89.5,1.4,3.12203832482132,71828455.0,46.0,98013.0,774000.0
"Iran, Islamic Rep.",2007,0.08388712885876082,6.22894226282571,10.2538127164223,45.0605043100273,95.0,90.1,1.4,2.79961943625756,73392747.0,46.0,98013.0,794000.0
"Iran, Islamic Rep.",2008,0.0838871288587697,6.31282939168447,10.3569586679437,45.8033399641445,96.2,90.7,1.3,2.35857317074097,74602648.0,46.0,122751.0,867000.0
"Iran, Islamic Rep.",2009,0.08388712885875993,6.39671652054324,9.54407033571551,46.3630025295317,96.6,91.5,0.7,2.04353825930913,75514204.0,46.0,107751.0,886000.0
"Iran, Islamic Rep.",2010,0.08388712885875993,6.480603649402,9.55696357965569,46.9423518504875,99.0,91.9,0.8,2.11876431749892,76457825.0,46.0,100751.0,853000.0
"Iran, Islamic Rep.",2011,0.0,6.56449077826076,9.44890591615708,47.5336096171321,98.3,92.4,0.9,2.13246162558843,77420842.0,107.0,7056.0,750000.0
"Iran, Islamic Rep.",2012,0.0,6.56449077826076,9.34084825265846,48.1247071391734,98.3,92.6,0.9,2.07470457348419,78383598.0,107.0,100067.0,706000.0
"Iran, Islamic Rep.",2013,0.0,6.56449077826076,9.23279058915985,48.7306785530097,98.4,92.8,0.9,2.03374542048051,79370580.0,7107.0,83129.0,782000.0
"Iran, Islamic Rep.",2014,0.0,6.56449077826076,9.01728922615978,49.3717220462192,99.4,93.1,1.0,2.05617955741136,80414686.0,121.0,7758.0,782000.0
"Iran, Islamic Rep.",2015,0.0,6.56449077826076,9.01728922615978,50.0393213241976,100.0,93.3,0.9,2.07254598370063,81502045.0,18.0,13081.0,782000.0
"Iran, Islamic Rep.",2016,0.006151919251459859,6.56449077826076,9.01728922615978,50.7253137356025,99.8,93.5,0.9,2.07811544941703,82619362.0,47.0,7642.0,499000.0
"Iran, Islamic Rep.",2017,0.03089813453709045,6.57064269751222,9.01728922615978,51.4576905130283,99.8,93.4,1.0,2.14455177475144,83812228.0,124.0,19402.0,446000.0
"Iran, Islamic Rep.",2018,0.00986132511555926,6.60154083204931,9.32758089368259,52.4047790446841,99.8,93.5,1.0,2.14220311569348,85026754.0,155.0,22226.0,446000.0
"Iran, Islamic Rep.",2019,0.009861325115560149,6.61140215716487,9.60308166409861,53.0773485362096,100.0,93.6,1.0,1.81443237055824,86117998.0,1.0,19386.0,446000.0
"Iran, Islamic Rep.",2020,0.005546995377510022,6.62126348228043,9.6271186440678,53.6527876733436,100.0,93.5,1.0,1.61223873464224,87051648.0,5.0,20963.0,446000.0
"Iran, Islamic Rep.",2021,0.008628659476110023,6.62681047765794,9.6517719568567,54.0668369799692,100.0,93.5,0.9,1.29229367371229,87723443.0,2.0,2507.0,446000.0
"Iran, Islamic Rep.",2022,0.0061633281972302,6.63543913713405,9.67580893682589,54.518020338983,100.0,93.3,0.9,1.35084522567964,88455488.0,1.0,82.0,446000.0
Iraq,2001,0.0016004755698799666,1.87027002309258,9.83149278642797,55.8430070649564,91.3,46.9,0.4,3.40915333628561,24424056.0,,35.0,177000.0
Iraq,2002,0.0016004755698801887,1.87187049866246,9.83149278642797,57.6121819054805,91.8,52.8,0.3,3.29439679419147,25197840.0,,300.0,177000.0
Iraq,2003,0.0016004755698899586,1.87347097423234,10.2887715206804,59.4612319089101,92.2,59.0,0.3,3.36822527388826,26006559.0,,300.0,177000.0
Iraq,2004,0.0016004755698799666,1.87507144980223,10.2887715206804,61.281429910602,92.6,64.5,0.3,3.24814529112422,26802659.0,,300.0,177000.0
Iraq,2005,0.0016004755698799666,1.87667192537211,10.2887715206804,63.0538857260443,93.0,70.05,0.4,3.0979873152546,27577878.0,,1342.0,177000.0
Iraq,2006,0.0016004755698899586,1.87827240094199,10.6317305713698,64.9506093239134,93.4,75.0,2.4,3.21438593466037,28407448.0,,1342.0,177000.0
Iraq,2007,0.0016004755698799666,1.87987287651188,10.9746896220591,65.4286187895832,93.4,79.1,2.6,0.978083844445856,28616515.0,,1342.0,177000.0
Iraq,2008,0.0016004755698901807,1.88147335208176,11.3176486727485,64.9143905617669,95.3,82.6,2.0,-0.559710124816692,28391607.0,,1342.0,177000.0
Iraq,2009,0.014835547923959913,1.88307382765165,9.14557468504927,66.2391933603128,94.6,85.8,1.1,2.22456201212416,28971036.0,,1832.0,177000.0
Iraq,2010,0.001611714864619973,1.89790937557561,8.40394179406889,69.2075105912691,95.0,88.5,1.2,3.85405009722464,30058206.0,,1353.0,177000.0
Iraq,2011,0.0,1.89952109044023,9.20979922637686,71.4803969423467,95.5,90.5,1.7,3.35318834206134,31045366.0,,382.0,177000.0
Iraq,2012,0.0,1.89952109044023,9.90053416835513,74.0500644685946,93.5,92.2,1.1,3.62868217492157,32161424.0,36.0,976.0,177000.0
Iraq,2013,0.0008400933581000913,1.89952109044023,9.94312948977712,77.4885844538589,98.4,93.8,1.3,4.67914528644835,33654842.0,15.0,920.0,177000.0
Iraq,2014,0.0,1.90036118379833,10.5124525485571,81.2709362215752,96.9,95.0,1.5,5.04208929439101,35281989.0,15.0,2203.0,177000.0
Iraq,2015,0.0,1.90036118379833,11.4459329967199,84.1918950171378,97.5,96.0,1.0,3.85049825533816,36550059.0,15.0,194.0,177000.0
Iraq,2016,0.0,1.90036118379833,11.4459329967199,86.5194942505436,98.2,96.8,0.8,3.09083944537055,37560535.0,0.0,648.0,177000.0
Iraq,2017,0.0,1.90036118379833,11.4459329967199,88.6135586739395,98.8,97.45,0.9,2.37986064109657,38469627.0,0.0,624.0,177000.0
Iraq,2018,0.0,1.90036118379833,11.4459329967199,90.6123378358457,99.6,97.9,0.5,2.20490554096878,39337353.0,0.0,20043.0,177000.0
Iraq,2019,-8.75480241013804e-06,1.90036118379833,11.4459329967199,92.7505804739616,99.9,98.3,0.5,2.30669328334418,40265624.0,0.0,50070.0,177000.0
Iraq,2020,0.0,1.90035242899592,11.4458802662797,94.8844148066247,100.0,98.6,0.9,2.2633102268141,41192171.0,0.0,19886.0,177000.0
Iraq,2021,0.0,1.90035242899592,11.4458802662797,97.0138092276507,100.0,98.9,1.1,2.21935377129703,42116605.0,0.0,17016.0,177000.0
Iraq,2022,0.0,1.90035242899592,11.4458802662797,99.2127035680556,100.0,99.1,1.1,2.24120653185218,43071211.0,0.0,20662.0,177000.0
Ireland,2001,0.1306720859340995,9.15023951226593,7.08520830309189,55.2355058789374,100.0,100.0,2.0,1.7479629551171,3805174.0,42000.0,107000.0,2673100.0
Ireland,2002,0.1306720859340995,9.28091159820003,7.39149368558572,56.1219770648861,100.0,100.0,2.0,2.01677169595997,3866243.0,51500.0,100020.0,2455000.0
Ireland,2003,0.13067208593409063,9.41158368413413,7.52213673973,57.075729423719,100.0,100.0,2.2,2.12260044200519,3931947.0,129005.0,142974.0,2646100.0
Ireland,2004,0.1306720859340995,9.54225577006822,7.71127885034112,58.0130788213093,100.0,100.0,2.0,2.08950732665526,3996521.0,341645.0,163585.0,2683300.0
Ireland,2005,0.1306720859341013,9.67292785600232,7.57221657715198,59.0834954274931,100.0,100.0,2.3,2.30696642826746,4070262.0,255260.0,194653.0,2562035.0
Ireland,2006,0.1306720859340995,9.80359994193642,7.09377268108579,60.3848744375091,100.0,100.0,2.9,2.65733982740277,4159914.0,337917.0,232911.0,2648000.0
Ireland,2007,0.13067208593407997,9.93427202787052,6.78008419219045,62.0349978226158,100.0,100.0,3.2,3.16125122897498,4273591.0,308890.0,208850.0,2671000.0
Ireland,2008,0.1306720859340995,10.0649441138046,6.75642328349543,63.8545797648425,100.0,100.0,3.5,3.36676331661211,4398942.0,308006.0,272000.0,2710000.0
Ireland,2009,0.1306720859341013,10.1956161997387,7.04964436057483,65.1697488750181,100.0,100.0,4.2,2.525541779799,4489544.0,262150.0,330880.0,2232000.0
Ireland,2010,0.1306720859340995,10.3262882856728,6.71490782406735,65.8350268544056,100.0,100.0,5.3,1.47728896767132,4535375.0,285314.0,193809.0,2428772.0
Ireland,2011,0.09955000725799934,10.4569603716069,6.37015532007548,66.1947307301495,100.0,100.0,5.3,0.947990814064616,4560155.0,349980.0,121298.0,2617996.0
Ireland,2012,0.09955000725789986,10.5565103788649,6.66482798664538,66.4840179997097,100.0,100.0,7.0,0.752565598465323,4580084.0,311132.0,113445.0,2635326.0
Ireland,2013,0.09955000725800112,10.6560603861228,7.00551604006387,66.7663376397155,100.0,100.0,6.9,0.690208598016633,4599533.0,201880.0,220424.0,2580419.0
Ireland,2014,0.09955000725789986,10.7556103933808,6.8811148207287,67.1188271156917,100.0,100.0,7.7,0.770074479120179,4623816.0,357653.0,252915.0,2759623.0
Ireland,2015,0.09955000725789986,10.8551604006387,6.7525039918711,67.6112643344462,100.0,100.0,8.8,0.940192827773099,4657740.0,332771.0,257661.0,2827986.0
Ireland,2016,0.11148207286979961,10.9547104078966,6.57570039192916,68.2531136594571,100.0,100.0,9.5,1.11073085365773,4701957.0,306314.0,292811.0,2907990.0
Ireland,2017,0.11133691392080003,11.0661924807664,6.69182755116853,69.1351720133546,100.0,100.0,8.6,1.41761754596201,4762722.0,378371.0,312551.0,3050423.0
Ireland,2018,0.058063579619700434,11.1775293946872,6.69182755116853,70.0746842792858,100.0,100.0,10.1,1.63730061762284,4827445.0,33890.0,366809.0,3679000.0
Ireland,2019,0.05806357961959918,11.2355929743069,6.54666860211932,71.0991725939904,100.0,100.0,10.8,1.73861557460969,4898022.0,50848.0,324907.0,3764000.0
Ireland,2020,0.058063579619700434,11.2936565539265,6.43054144287995,72.237712294963,100.0,100.0,12.3,1.88821253224221,4976456.0,50848.0,324907.0,3963000.0
Ireland,2021,0.058063579619700434,11.3517201335462,6.44505733778487,73.1564377993903,100.0,100.0,13.7,1.57565594952931,5039747.0,406600.0,287500.0,3912000.0
Ireland,2022,0.05806357961969866,11.4097837131659,6.32893017854551,74.1847147626651,100.0,100.0,12.7,1.71996422325885,5110585.0,444002.0,320689.0,3769000.0
Israel,2001,0.004621072088730749,7.07024029574861,15.6192236598891,290.619223659889,100.0,100.0,6.0,2.73762418687083,6289000.0,56.0,42697.0,81000.0
Israel,2002,0.0046210720887192025,7.07486136783734,15.8040665434381,297.550831792976,100.0,100.0,6.3,2.44916296941042,6439000.0,353.0,21784.0,27000.0
Israel,2003,0.004621072088730749,7.07948243992606,16.1275415896488,303.604436229205,100.0,100.0,6.5,2.10099531976994,6570000.0,405.0,10737.0,27000.0
Israel,2004,0.0046210720887192025,7.08410351201479,15.4343807763401,309.135859519408,100.0,100.0,6.5,1.88553768724482,6689700.0,760.0,7742.0,27000.0
Israel,2005,0.004621072088730749,7.08872458410351,14.3715341959335,314.648798521257,100.0,100.0,6.7,1.8388561841691,6809000.0,114.0,6603.0,27000.0
Israel,2006,0.004621072088720091,7.09334565619224,14.3715341959335,320.244916820702,100.0,100.0,7.0,1.82350999991085,6930100.0,5.0,12606.0,27000.0
Israel,2007,0.004621072088729861,7.09796672828096,14.0018484288355,325.956561922366,100.0,100.0,6.9,1.8159679394043,7053700.0,0.0,11407.0,27000.0
Israel,2008,0.004621072088720091,7.10258780036969,14.1312384473198,331.797597042514,100.0,100.0,6.7,1.80997413961889,7180100.0,0.0,11119.0,27000.0
Israel,2009,0.0046210720887192025,7.10720887245841,13.8493530499076,337.744916820702,100.0,100.0,8.9,1.79363744656515,7308800.0,1026.0,7691.0,27000.0
Israel,2010,0.004621072088730749,7.11182994454713,14.0619223659889,345.914972273567,100.0,100.0,8.5,2.39314363885042,7485600.0,2303.0,6595.0,27000.0
Israel,2011,0.1016635859519397,7.11645101663586,13.5674676524954,352.292051756007,100.0,100.0,8.6,1.82639305491015,7623600.0,592.0,5375.0,27000.0
Israel,2012,0.1016635859519397,7.2181146025878,13.6645101663586,358.863216266174,100.0,100.0,9.1,1.8467245521291,7765800.0,594.0,8624.0,27000.0
Israel,2013,0.10166358595194058,7.31977818853974,13.6229205175601,365.549907578558,100.0,100.0,2.9,1.84314838349049,7910500.0,810.0,8261.0,27000.0
Israel,2014,0.1016635859519397,7.42144177449168,13.2070240295749,372.435304990758,100.0,100.0,3.3,1.86074754266787,8059500.0,810.0,8260.0,27000.0
Israel,2015,0.1016635859519397,7.52310536044362,13.8863216266174,379.653419593346,100.0,100.0,3.7,1.91127620225883,8215700.0,94.0,9001.0,27000.0
Israel,2016,-1.15526802218114,7.62476894639556,13.7338262476895,387.250462107209,100.0,100.0,3.7,1.96938590176616,8380100.0,0.0,7801.0,27000.0
Israel,2017,0.0,6.46950092421442,13.6321626617375,394.916820702403,100.0,100.0,4.0,1.94417558375778,8546000.0,0.0,7801.0,27000.0
Israel,2018,0.0,6.46950092421442,17.8835489833641,402.647874306839,100.0,100.0,3.9,1.917614118333,8713300.0,0.0,16771.0,27000.0
Israel,2019,0.0,6.46950092421442,17.7218114602588,410.480591497227,100.0,100.0,3.8,1.89991099418778,8882800.0,0.0,29459.0,27000.0
Israel,2020,0.0,6.46950092421442,17.4676524953789,418.391866913124,100.0,100.0,4.5,1.87600018653148,9054000.0,0.0,35543.0,27000.0
Israel,2021,0.0,6.46950092421442,12.7264325323475,425.836414048059,100.0,100.0,5.6,1.7237730170063,9215100.0,0.0,36542.0,27000.0
Israel,2022,0.0,6.46950092421442,12.5924214417745,433.059149722736,100.0,100.0,6.2,1.63440381639427,9371400.0,82.0,30079.0,27000.0
Italy,2001,0.22277642889509863,28.3014561169763,28.672586721133,192.555434569421,100.0,100.0,5.1,0.168926985499614,56942108.0,24380.0,6295000.0,12836000.0
Italy,2002,0.22277642889510219,28.5242325458714,28.1991627158306,192.673361107542,100.0,100.0,5.4,0.183140415968692,56976981.0,23000.0,5721000.0,12181000.0
Italy,2003,0.22277642889509863,28.7470089747665,28.0233195138612,193.054951000615,100.0,100.0,5.6,0.314739393916689,57089824.0,16364.0,5308132.0,10515000.0
Italy,2004,0.22277642889509863,28.9697854036616,26.9141547014385,194.101082788332,100.0,100.0,6.2,0.653285386067723,57399184.0,10884.0,4958975.0,10742000.0
Italy,2005,0.22277642889510219,29.1925618325567,26.981786702196,195.55177229658,100.0,100.0,5.9,0.859193552161939,57828179.0,17039.0,5417537.0,11321316.0
Italy,2006,0.22277642889509863,29.4153382614518,26.3088482946591,196.6964540542,100.0,100.0,6.7,0.70574060642554,58166682.0,15113.0,5620037.0,12469392.0
Italy,2007,0.22277642889510219,29.6381146903469,24.942681879358,197.484972169432,100.0,100.0,7.5,0.535419295128108,58399861.0,16706.0,5585558.0,11795753.0
Italy,2008,0.22277642889509863,29.860891119242,24.2494538715939,198.690127080529,100.0,100.0,8.7,0.76271124517982,58756247.0,17449.0,4965000.0,12568113.0
Italy,2009,0.22277642889509863,30.0836675481371,25.3552370839787,200.22853191216,100.0,100.0,10.8,0.950252281949337,59211181.0,33859.0,4260000.0,13342678.0
Italy,2010,0.22277642889510219,30.3064439770322,23.6069498643978,201.392725501999,100.0,100.0,12.5,0.788972594278065,59555454.0,27087.0,3657000.0,12068080.0
Italy,2011,0.18195713483789788,30.5292204059273,23.8132274667081,202.285308976795,100.0,100.0,12.8,0.687264555295751,59819407.0,47540.0,4150000.0,14076228.0
Italy,2012,0.18195713483790144,30.7111775407652,22.7243522545127,202.986767799052,100.0,100.0,11.9,0.617189372806765,60026841.0,105860.0,4413507.0,12647100.0
Italy,2013,0.18195713483789788,30.8931346756031,24.0702290695866,203.542723134878,100.0,100.0,14.4,0.797524630948807,60191247.0,177267.0,3760399.0,13015500.0
Italy,2014,0.18195713483790144,31.075091810441,23.0861834585653,203.949752805037,100.0,100.0,16.3,0.991441534324826,60311613.0,204718.0,3742532.0,13021144.0
Italy,2015,0.1819571348380009,31.2570489452789,22.7514050548157,203.980505075782,100.0,100.0,17.1,0.408726542292715,60320707.0,192835.0,4159978.0,13084500.0
Italy,2016,0.18196389803799917,31.4390060801169,22.3219418500058,203.672434549131,100.0,100.0,16.6,-0.109135645094824,60229605.0,247714.0,3961417.0,13077800.0
Italy,2017,0.18196389803799917,31.6209699781549,22.6465754536416,203.285640373599,100.0,100.0,16.1,-0.208876964050744,60115223.0,205814.0,4067067.0,13057500.0
Italy,2018,0.18196389803800272,31.8029338761929,22.779370887129,202.903617635721,100.0,100.0,16.4,-0.301452905692446,60002252.0,213918.0,3751792.0,13051800.0
Italy,2019,0.1820726738664007,31.9848977742309,22.7344970546264,203.398704170865,100.0,100.0,17.1,0.188918624266272,60148658.0,115708.0,4871135.0,13045600.0
Italy,2020,0.18196451336919495,32.1669704480973,23.3810805601301,201.980545589195,100.0,100.0,17.3,-0.664041140382544,59729081.0,861737.0,4567488.0,18366548.0
Italy,2021,0.18196451336920205,32.3489349614665,24.3456209822229,200.999100491348,100.0,100.0,18.7,-0.467315458844802,59438851.0,443264.0,3321020.0,15841077.0
Italy,2022,0.1816326501473995,32.5308994748357,24.3232955832773,199.965416259464,100.0,100.0,17.5,-0.569555707316573,59133173.0,533953.0,4069859.0,15841077.0
Jamaica,2001,0.3457987072945059,48.1071098799631,12.927054478301,240.79649122807,77.4,51.5,9.3,1.12742951462302,2607826.0,1.0,1266.0,882110.0
Jamaica,2002,0.3457987072945983,48.4529085872576,12.927054478301,242.327146814404,82.3,54.5,7.9,1.05354192450869,2624403.0,0.0,1173.0,874825.0
Jamaica,2003,0.3457987072944988,48.7987072945522,12.4653739612188,243.820129270545,80.2,57.8,8.0,1.02266128316609,2640572.0,0.0,2544.0,735981.0
Jamaica,2004,0.3457987072945983,49.1445060018467,12.4653739612188,245.302216066482,80.1,60.1,8.1,1.00749184767797,2656623.0,0.0,2926.0,728419.0
Jamaica,2005,0.3457987072944988,49.4903047091413,12.280701754386,246.742843951985,81.0,62.85,6.4,0.980642348527001,2672225.0,0.0,2926.0,722258.0
Jamaica,2006,0.3457987072946054,49.8361034164358,11.8190212373038,248.113204062789,81.9,64.9,5.4,0.942630787252552,2687066.0,0.0,2926.0,715789.0
Jamaica,2007,0.3457987072944988,50.1819021237304,11.8190212373038,249.396860572484,82.8,67.2,4.8,0.898537559281986,2700968.0,4.0,4071.0,712080.0
Jamaica,2008,0.3457987072945983,50.5277008310249,11.5420129270545,250.581717451524,83.8,69.3,5.3,0.850140191807753,2713800.0,0.0,1247.0,707893.0
Jamaica,2009,0.3457987072944988,50.8734995383195,11.0803324099723,251.674515235457,83.4,71.4,5.9,0.80503233865858,2725635.0,0.0,2992.0,704289.0
Jamaica,2010,0.3457987072945983,51.219298245614,11.0803324099723,252.723453370268,85.7,73.3,7.4,0.77950531407727,2736995.0,9.0,7085.0,700046.0
Jamaica,2011,0.35106186518930116,51.5650969529086,11.0803324099723,253.792059095106,88.0,74.7,8.9,0.779296994839887,2748568.0,19.0,207.0,699856.0
Jamaica,2012,0.35106186518930116,51.9161588180979,11.0803324099723,254.893259464451,84.5,76.8,9.8,0.809934991959458,2760494.0,0.0,283.0,692751.0
Jamaica,2013,0.35106186518930116,52.2672206832872,11.0803324099723,255.995383194829,88.1,78.4,12.2,0.969924285260541,2772430.0,19.0,8639.0,688738.0
Jamaica,2014,0.3510618651892017,52.6182825484765,11.0803324099723,257.034810710988,90.7,79.7,11.4,0.958367978023587,2783687.0,1.0,10361.0,685037.0
Jamaica,2015,0.35106186518930116,52.9693444136657,11.0803324099723,257.963896583564,89.2,81.1,11.9,0.940659191960653,2793749.0,42.0,43810.0,680502.0
Jamaica,2016,0.3582640812557969,53.320406278855,11.0803324099723,258.775069252078,91.1,82.4,12.1,0.919935158425351,2802534.0,151.0,6548.0,676590.0
Jamaica,2017,0.35918744228990107,53.6786703601108,11.0803324099723,259.456602031394,93.0,83.7,11.1,0.894637406138107,2809915.0,85.0,4121.0,671130.0
Jamaica,2018,0.35918744229000055,54.0378578024007,11.0803324099723,259.996675900277,94.3,84.7,11.0,0.864603922430534,2815764.0,3.0,234.0,667787.0
Jamaica,2019,0.3582640812556974,54.3970452446907,11.0803324099723,260.39676823638,95.9,85.9,8.9,0.834960795985995,2820097.0,649.0,1018.0,660789.0
Jamaica,2020,0.35918744229000055,54.7553093259464,11.0803324099723,260.689843028624,97.6,86.7,9.2,0.817614341444202,2823271.0,59.0,10006.0,655498.0
Jamaica,2021,0.3585687903970012,55.1144967682364,11.0803324099723,261.379409048938,99.3,87.6,11.7,0.992697411187573,2830739.0,60.0,20797.0,650261.0
Jamaica,2022,0.358984302862396,55.4730655586334,11.0803324099723,262.020498614958,100.0,88.3,10.5,0.996352886068549,2837682.0,3.0,23730.0,645079.0
Japan,2001,0.024691358024696797,68.2469135802469,12.2743484224966,347.991769547325,100.0,100.0,3.7,0.376542354739579,126843000.0,3800.0,15948500.0,18120621.0
Japan,2002,0.024691358024711008,68.2716049382716,12.1920438957476,348.831275720165,100.0,100.0,3.5,0.931918478452632,127149000.0,3000.0,13911500.0,15902538.0
Japan,2003,0.024691358024696797,68.2962962962963,12.1234567901235,349.643347050754,100.0,100.0,3.7,1.97232884702429,127445000.0,3700.0,12663000.0,15215648.0
Japan,2004,0.024691358024696797,68.320987654321,12.0631001371742,350.39231824417,100.0,100.0,4.2,2.51354683345906,127718000.0,7700.0,12640000.0,15289944.0
Japan,2005,0.024691358024696797,68.3456790123457,12.0137174211248,350.510288065844,100.0,100.0,4.3,2.37246627402787,127761000.0,8700.0,12682000.0,15729419.0
Japan,2006,0.024691358024711008,68.3703703703704,11.9615912208505,350.543209876543,100.0,100.0,4.0,1.87209150498162,127773000.0,23700.0,10655000.0,16276067.0
Japan,2007,0.024691358024696797,68.3950617283951,11.9149519890261,350.765432098765,100.0,100.0,4.4,1.43682612379883,127854000.0,30394.0,10582700.0,16714185.0
Japan,2008,0.02469135802459732,68.4197530864198,11.8683127572016,351.168724279835,100.0,100.0,4.3,1.39650678187449,128001000.0,19001.0,8973700.0,17750500.0
Japan,2009,0.024691358024696797,68.4444444444444,11.8189300411523,351.338820301783,100.0,100.0,4.4,1.19960155669653,128063000.0,48001.0,6228700.0,17805100.0
Japan,2010,0.024691358024696797,68.4691358024691,11.7805212620027,351.294924554184,100.0,100.0,4.5,0.902712614152807,128047000.0,37001.0,4130700.0,16710801.0
Japan,2011,-0.012071330589790819,68.4938271604938,11.7475994513032,351.358024691358,100.0,100.0,4.7,0.58203689705777,128070000.0,66330.0,4757309.0,17280729.0
Japan,2012,-0.012071330589904505,68.481755829904,11.6707818930041,350.707818930041,100.0,100.0,4.8,0.0795947552549695,127833000.0,101207.0,4639776.0,18373838.0
Japan,2013,-0.01207133058980503,68.4696844993141,11.6488340192044,350.148148148148,100.0,100.0,4.7,0.0199174141186887,127629000.0,113600.0,4512101.0,18559120.0
Japan,2014,-0.012071330589890295,68.4576131687243,11.6268861454047,349.643347050754,100.0,100.0,5.0,-0.0068983777907564,127445000.0,264869.0,4556230.0,21133566.0
Japan,2015,-0.01207133058980503,68.4455418381344,11.5829903978052,349.179698216735,100.0,100.0,5.6,-0.019502069015407,127276000.0,520803.0,4151228.0,23101000.0
Japan,2016,-0.01097393689990156,68.4334705075446,11.5363511659808,348.809327846365,100.0,100.0,6.2,0.0016134792918915,127141000.0,692279.0,3450250.0,23918000.0
Japan,2017,-0.013717421124795237,68.4224965706447,11.4787379972565,348.631001371742,100.0,100.0,6.4,0.0592097666767839,127076000.0,650532.0,3652463.0,26147000.0
Japan,2018,0.0,68.4087791495199,11.4156378600823,348.345679012346,100.0,100.0,6.9,0.0227308990769753,126972000.0,971330.0,3270941.0,28682000.0
Japan,2019,0.0,68.4087791495199,11.363511659808,347.903978052126,100.0,100.0,7.3,-0.0309237210224829,126811000.0,1136685.0,3282903.0,29424000.0
Japan,2020,0.0,68.4087791495199,11.3141289437586,347.415637860082,100.0,100.0,7.8,-0.054632242147625,126633000.0,1130637.0,3019717.0,30349000.0
Japan,2021,0.0,68.4087791495199,11.2592592592593,346.395061728395,100.0,100.0,8.5,-0.223815566100041,126261000.0,1383953.0,2293358.0,30544000.0
Japan,2022,0.0,68.4087791495199,11.2098765432099,344.80546776406,100.0,100.0,8.8,-0.358552905629428,125681593.0,1458608.0,2618198.0,33057000.0
Jordan,2001,0.0,1.10494106980961,2.1532184950136,61.0487873980054,96.7,99.1,2.1,2.07862084832877,5386945.0,0.0,7700.0,226143.0
Jordan,2002,0.0,1.10494106980961,2.17588395285585,62.3174750679964,96.8,99.2,2.1,2.06377538561123,5498894.0,0.0,200.0,233544.0
Jordan,2003,0.0,1.10494106980961,2.20988213961922,63.6453535811423,98.8,99.2,2.1,2.11746728253682,5616066.0,0.0,100.0,241198.0
Jordan,2004,0.0,1.10494106980961,2.00589301903898,65.0705802357208,97.1,99.3,2.0,2.22693736368696,5741828.0,0.0,100.0,249115.0
Jordan,2005,0.0,1.10494106980961,2.36854034451496,66.6598028105168,97.9,99.3,1.8,2.42776007676465,5882061.0,1792.0,7398.0,257302.0
Jordan,2006,0.0,1.10494106980961,2.09655485040798,68.3316749773345,97.2,99.4,1.7,2.59655232569389,6029587.0,1792.0,7398.0,265771.0
Jordan,2007,0.0,1.10494106980961,2.1532184950136,72.839653218495,100.0,99.4,2.3,6.82580301477624,6427371.0,1792.0,7398.0,273437.0
Jordan,2008,0.0,1.10494106980961,1.58998186763373,77.3711128739801,97.9,99.4,2.3,6.76933490086871,6827227.0,1792.0,7398.0,281300.0
Jordan,2009,-0.0067207499177399654,1.10494106980961,1.69424297370807,79.2142565729828,100.0,99.4,2.7,3.34919365845962,6989866.0,1968.0,5135.0,289500.0
Jordan,2010,0.0,1.09822031989187,2.26177066906961,80.4432642487047,98.3,99.5,2.8,3.36857839272215,7141753.0,1968.0,531.0,297839.0
Jordan,2011,0.0,1.09822031989187,2.00045055192611,82.1924194638432,100.0,99.5,3.0,3.55692721995565,7297043.0,316.0,17632.0,306465.0
Jordan,2012,0.0,1.09822031989187,1.97792295562064,84.2579860328903,97.7,99.5,3.0,4.0385371769017,7480424.0,191.0,4669.0,314074.0
Jordan,2013,0.0,1.09822031989187,2.44424419914395,85.4598670871818,99.5,99.5,2.9,3.08840802370942,7587127.0,191.0,4517.0,321878.0
Jordan,2014,0.0,1.09822031989187,2.60193737328227,90.0181234512278,97.3,99.5,3.1,6.95055671521001,7991809.0,171.0,2489.0,329880.0
Jordan,2015,0.0,1.09822031989187,2.67515206127506,99.0280468574003,97.9,99.5,3.1,11.3437968145141,8791710.0,203.0,12085.0,338087.0
Jordan,2016,0.0,1.09822031989187,2.56701959900879,107.509900878576,98.9,99.5,3.2,10.2986645473491,9544729.0,34.0,3018.0,346503.0
Jordan,2017,0.0,1.09822031989187,2.6724487497184,112.70969813021,99.5,99.4,4.7,5.4709305224457,10006367.0,60.0,2222.0,353629.0
Jordan,2018,0.0,1.09822031989187,2.10633025456184,115.276255913494,100.0,99.4,5.3,2.59742272756411,10234226.0,149.0,1167.0,360905.0
Jordan,2019,-0.0001731545428600434,1.09822031989187,2.26402342870016,117.84530299617,98.9,99.4,7.2,2.56049663015575,10462306.0,172.0,2581.0,368335.0
Jordan,2020,0.0,1.09804716534901,2.41908237043043,120.187073450909,98.9,99.4,8.5,2.32831806097301,10671891.0,1291.0,2096.0,375921.0
Jordan,2021,0.0,1.09804716534901,2.31997657499381,122.364439038674,98.8,99.3,10.7,2.12892347760868,10865228.0,1120.0,1694.0,383669.0
Jordan,2022,0.0,1.09804716534901,2.24339482397459,124.629547041467,98.8,99.3,11.5,2.15636569651185,11066356.0,1520.0,4544.0,391508.0
Kazakhstan,2001,-0.0027686780012599055,1.16936170685632,11.1713523724858,5.74178723561877,99.1,68.1,2.5,-0.0397648697241576,15501103.0,559000.0,76050.0,645400.0
Kazakhstan,2002,-0.0027687150424100526,1.16659302885506,10.8751713153313,5.76936326258473,99.5,70.3,2.4,0.0451631074483196,15575550.0,559000.0,76050.0,745900.0
Kazakhstan,2003,-0.0027686780012601275,1.16382431381265,10.4996481090492,5.79941363855243,99.7,72.0,2.8,0.0220963574708561,15656677.0,3900.0,127300.0,493200.0
Kazakhstan,2004,-0.0027686780012599055,1.16105563581139,10.4987961625366,5.83301107530466,99.8,73.5,2.3,0.0482497565810653,15747380.0,0.0,162800.0,300800.0
Kazakhstan,2005,-0.0027686780012601275,1.15828695781013,10.5488758010149,5.87108160165944,99.9,75.5,1.9,0.121303808230208,15850159.0,60.0,156421.0,473000.0
Kazakhstan,2006,-0.0027687150424098306,1.15551827980887,10.5798051635367,5.91477460458569,100.0,76.7,2.1,0.245123696501612,15968117.0,60.0,175326.0,852000.0
Kazakhstan,2007,-0.0027686780012601275,1.15274956476646,10.5996962625477,5.9650020372634,99.7,78.3,2.1,0.415646666383385,16103716.0,0.0,140095.0,117800.0
Kazakhstan,2008,-0.0027686780012599055,1.1499808867652,10.6090306330333,6.02185946586658,100.0,79.4,1.8,0.61896695103094,16257214.0,0.0,130646.0,247500.0
Kazakhstan,2009,-0.0027687150424200446,1.14721220876394,10.5640626736304,6.08457421194948,100.0,80.6,1.1,0.840719150652481,16426525.0,45.0,101752.0,247500.0
Kazakhstan,2010,-0.0027686780012499135,1.14444349372152,10.6005111679075,6.15618253880061,100.0,81.95,1.3,1.14772971106632,16619846.0,0.0,52461.0,317000.0
Kazakhstan,2011,0.016763121828349936,1.14167481572027,10.6248101640923,6.23654850538949,100.0,83.0,1.4,1.46076312441649,16836810.0,83.0,85289.0,345000.0
Kazakhstan,2012,0.01676308478720001,1.15843793754862,10.8088306108086,6.32144386413305,99.6,84.0,1.4,1.70969330717635,17066002.0,83.0,396071.0,345000.0
Kazakhstan,2013,0.01676308478719002,1.17520102233582,10.8650961217913,6.4103811534615,100.0,85.3,1.3,1.93331414175105,17306106.0,0.0,285327.0,286000.0
Kazakhstan,2014,0.016763121828349936,1.19196410712301,10.8881357187836,6.50313071822795,100.0,86.0,1.2,2.13959303180001,17556502.0,0.0,188724.0,321000.0
Kazakhstan,2015,0.01676308478720001,1.20872722895136,10.9161017890877,6.5993573360003,100.0,86.6,1.3,2.32659650306526,17816285.0,0.0,137222.0,340000.0
Kazakhstan,2016,0.010835944734600034,1.22549031373856,10.964588657999,6.69858465755454,100.0,87.4,1.7,2.49215210825037,18084169.0,0.0,137222.0,340000.0
Kazakhstan,2017,0.010834537170800074,1.23632625847316,10.9798125717672,6.80208912101345,100.0,88.0,2.1,2.66224799496263,18363600.0,0.0,137222.0,340000.0
Kazakhstan,2018,0.010831277549359974,1.24716079564396,10.9852946623699,6.90889024706449,100.0,88.6,2.0,2.8030905478964,18651931.0,0.0,131214.0,340000.0
Kazakhstan,2019,0.01083038856168983,1.25799207319332,11.0190021113457,7.01290032225803,100.0,89.2,1.9,2.84287326267534,18932727.0,113982.0,155056.0,367000.0
Kazakhstan,2020,0.010830833055520017,1.26882246175501,10.8820609697374,7.11544060451161,100.0,89.5,1.9,2.89113413798135,19209555.0,110732.0,195713.0,423000.0
Kazakhstan,2021,0.01083053672631018,1.27965329481053,10.9468459458458,7.21640071119013,100.0,89.7,1.8,2.92716065006808,19482117.0,19270.0,140788.0,496000.0
Kazakhstan,2022,0.010830721932059806,1.29048383153684,10.9899988887654,7.31325813979331,100.0,90.0,2.0,3.05723949739748,19743603.0,46260.0,210998.0,493000.0
Kenya,2001,-0.06059141863162054,6.95995712829884,8.59366763889377,53.8406894612925,6.6,0.5,76.8,5.22969394374177,30642890.0,0.0,0.0,21635247.0
Kenya,2002,-0.06059141863161965,6.89936570966722,9.01008539199494,55.55604947816,8.3,0.6,78.3,8.08126107405697,31619170.0,0.0,0.0,21697903.0
Kenya,2003,-0.06059141863161965,6.8387742910356,8.94507502547703,57.3317777699687,10.0,0.7,78.8,9.84861673180671,32629808.0,442.0,0.0,21843528.0
Kenya,2004,-0.06059141863162054,6.77818287240398,9.04171205678743,59.1281986857364,6.9,0.7,81.6,10.5971298300691,33652223.0,1353.0,580.0,21942351.0
Kenya,2005,-0.06059141863161965,6.71759145377236,9.23850019327406,60.992822504129,13.4,0.8,80.3,10.6662617840932,34713455.0,5438.0,1738.0,22161621.0
Kenya,2006,-0.06059141863162054,6.65700003514074,9.24904241487156,62.8957444565485,15.1,0.9,79.2,10.1131082131285,35796484.0,5438.0,1736.0,26714000.0
Kenya,2007,-0.06059141863161965,6.59640861650912,9.32986611378571,64.8417050286397,16.9,1.0,77.6,9.14439701229176,36904008.0,875.0,8477.0,27646000.0
Kenya,2008,-0.06059141863161965,6.5358171978775,9.31229574445655,66.8312699862951,18.6,1.2,78.2,7.8458556237938,38036349.0,2062.0,9599.0,27646000.0
Kenya,2009,-0.06059141863162054,6.47522577924588,9.31229574445655,68.8870067118811,20.4,1.3,78.2,6.28889550218273,39206351.0,1521.0,11675.0,27636000.0
Kenya,2010,-0.06059141863161965,6.41463436061426,9.66370313103982,70.9999139051903,10.1,1.4,75.6,4.40310193825008,40408891.0,1521.0,28812.0,27479000.0
Kenya,2011,-0.03300769582177043,6.35404294198264,9.75751010296236,73.0902185753945,7.2,1.6,74.0,2.93617401354433,41598567.0,505.0,6533.0,27533000.0
Kenya,2012,-0.033007695821759775,6.32103524616087,10.6727525740591,75.1281951716625,25.7,1.9,74.7,2.73779688271802,42758461.0,2963.0,6067.0,27541000.0
Kenya,2013,-0.033007695821769545,6.28802755033911,11.2297422426819,77.1133692940226,27.5,2.1,76.2,2.5717228924631,43888303.0,2004.0,1785.0,27432000.0
Kenya,2014,-0.03300769582176066,6.25501985451734,11.313002424711,79.043453280388,29.3,2.5,74.3,2.39872663926224,44986791.0,26407.0,2337.0,27432000.0
Kenya,2015,-0.05420553492362945,6.22201215869558,11.2280256175985,80.9140808939804,25.1,2.9,71.8,2.21549991077264,46051440.0,10009.0,1998.0,27432000.0
Kenya,2016,0.030530316272419533,6.16780662377195,11.1356359407494,82.4529008736797,29.0,3.3,69.2,2.04018104498774,47088526.0,1064.0,2701.0,27432000.0
Kenya,2017,0.030322601563870677,6.19833694004437,11.3273218962115,84.0057771361452,42.1,3.9,68.3,1.94412145361079,48139687.0,839.0,293.0,27432000.0
Kenya,2018,0.03011699946657931,6.22865954160824,10.6862650555475,85.5601194522199,45.8,4.5,68.1,1.81999315235204,49197766.0,1630.0,1693.0,27432000.0
Kenya,2019,-0.02114709211358967,6.25877654107482,11.4004605485054,87.019449386981,51.6,5.3,68.7,1.57205418501422,50207107.0,15331.0,7584.0,27432000.0
Kenya,2020,-0.021004670157210192,6.23762944896123,11.4560838042891,88.4453894988127,61.7,6.2,68.1,1.31045798383375,51202827.0,6386.0,6930.0,27432000.0
Kenya,2021,0.0,6.21662477880402,11.4175064467254,89.8940686683206,62.7,7.3,69.0,2.01580298696557,52217334.0,4655.0,7913.0,25917000.0
Kenya,2022,0.0,6.21662477880402,11.4175064467254,91.6187594501618,68.2,8.5,67.7,2.16149826618772,53219166.0,21024.0,1645.0,25792617.0
Kiribati,2001,0.0,1.45679012345679,2.46913580246914,109.398765432099,26.9,0.2,54.7,4.09913061386927,88613.0,,127.0,2402.0
Kiribati,2002,0.0,1.45679012345679,2.46913580246914,111.524691358025,29.7,0.2,56.4,2.27124479216656,90335.0,,127.0,2449.0
Kiribati,2003,0.0,1.45679012345679,2.46913580246914,113.906172839506,33.0,0.2,53.0,2.15852932172346,92264.0,,127.0,2497.0
Kiribati,2004,0.0,1.45679012345679,2.46913580246914,116.265432098765,36.3,0.3,50.5,2.0787590932891,94175.0,,127.0,2545.0
Kiribati,2005,0.0,1.45679012345679,2.46913580246914,118.623456790123,39.6,0.3,50.5,2.0388164543318,96085.0,,127.0,2595.0
Kiribati,2006,0.0,1.45679012345679,2.46913580246914,121.030864197531,51.2,0.3,48.5,2.0566581805398,98035.0,,127.0,2646.0
Kiribati,2007,0.0,1.45679012345679,2.46913580246914,123.477777777778,50.8,0.4,48.1,2.43674631344751,100017.0,,127.0,2701.0
Kiribati,2008,0.0,1.45679012345679,2.46913580246914,126.00987654321,48.7,0.4,48.4,4.03701527084202,102068.0,,127.0,2758.0
Kiribati,2009,0.0,1.45679012345679,2.46913580246914,128.669135802469,51.5,0.5,49.7,5.01442944731461,104222.0,,127.0,2816.0
Kiribati,2010,0.0,1.45679012345679,2.46913580246914,131.440740740741,43.0,0.5,50.4,5.14258922034307,106467.0,,127.0,2876.0
Kiribati,2011,0.0,1.45679012345679,2.46913580246914,134.202469135802,39.4,0.6,50.1,4.39488327568974,108704.0,,127.0,2937.0
Kiribati,2012,0.0,1.45679012345679,2.46913580246914,136.601234567901,60.9,0.7,50.5,3.13018987537097,110647.0,,127.0,2986.0
Kiribati,2013,0.0,1.45679012345679,2.46913580246914,138.622222222222,64.2,0.8,48.7,2.39415923594516,112284.0,,127.0,3036.0
Kiribati,2014,0.0,1.45679012345679,2.46913580246914,140.540740740741,68.4,0.8,46.2,2.15551245247598,113838.0,,127.0,3087.0
Kiribati,2015,0.0,1.45679012345679,2.46913580246914,142.377777777778,77.5,0.9,48.0,2.14100719659841,115326.0,,127.0,3140.0
Kiribati,2016,0.0,1.45679012345679,2.46913580246914,144.216049382716,93.0,1.0,47.5,2.39393934246741,116815.0,0.0,521.0,3193.0
Kiribati,2017,0.0,1.45679012345679,2.46913580246914,146.269135802469,,1.1,48.1,3.00372576518282,118478.0,0.0,711.0,3239.0
Kiribati,2018,0.0,1.45679012345679,2.46913580246914,148.487654320988,,1.3,42.5,3.80210688871009,120275.0,0.0,592.0,3286.0
Kiribati,2019,0.0,1.45679012345679,2.46913580246914,150.720987654321,,1.4,42.3,4.33388359166228,122084.0,0.0,790.0,3334.0
Kiribati,2020,0.0,1.45679012345679,2.46913580246914,152.988888888889,90.1,1.6,42.2,4.71599291147514,123921.0,0.0,181.0,3383.0
Kiribati,2021,0.0,1.45679012345679,2.46913580246914,155.677777777778,94.3,1.7,42.2,5.45160988387252,126099.0,0.0,228.0,3432.0
Kiribati,2022,0.0,1.45679012345679,2.46913580246914,158.49012345679,,1.8,42.2,3.86555646248358,128377.0,0.0,2440.0,3483.0
"Korea, Dem. People's Rep.",2001,-0.17631425961300096,53.6059297400548,19.1014035379121,196.544390000831,,0.9,8.7,0.81698477767718,23665910.0,219040.0,11200.0,7002863.0
"Korea, Dem. People's Rep.",2002,-0.17631425961299385,53.4296154804418,19.1014035379121,197.785549372976,,0.9,8.6,0.731484939252325,23815358.0,39800.0,0.0,7061040.0
"Korea, Dem. People's Rep.",2003,-0.17631425961300096,53.2533012208288,19.1014035379121,198.853691553858,,0.9,9.0,0.6422267826447,23943973.0,39800.0,0.0,7119539.0
"Korea, Dem. People's Rep.",2004,-0.17631425961290148,53.0769869612158,19.1014035379121,200.069595548542,,0.9,9.3,0.717801427420316,24090380.0,39800.0,0.0,7178357.0
"Korea, Dem. People's Rep.",2005,-0.17631425961300096,52.9006727016029,19.1014035379121,201.436284361764,,1.0,9.4,0.796455827237897,24254943.0,146100.0,0.0,7237495.0
"Korea, Dem. People's Rep.",2006,-0.17631425961300096,52.7243584419899,19.5166514409102,202.611352877668,,1.0,9.2,0.707676266536555,24396433.0,99900.0,0.0,7296953.0
"Korea, Dem. People's Rep.",2007,-0.17631425961300096,52.5480441823769,19.5166514409102,203.67500207624,,1.0,9.0,0.662844813534971,24524507.0,210711.0,0.0,7334996.0
"Korea, Dem. People's Rep.",2008,-0.17631425961300096,52.3717299227639,19.5166514409102,204.687177144755,,1.0,10.9,0.651039521815917,24646383.0,162758.0,51987.0,7373000.0
"Korea, Dem. People's Rep.",2009,-0.17631425961299385,52.1954156631509,19.9318993439083,205.669113860975,,1.0,10.2,0.652243416793906,24764618.0,92476.0,45756.0,7410900.0
"Korea, Dem. People's Rep.",2010,-0.17631425961300096,52.0191014035379,19.9318993439083,206.613503861805,,0.9,10.4,0.663433479489914,24878332.0,97418.0,25780.0,7448867.0
"Korea, Dem. People's Rep.",2011,-0.17631425961300096,51.8427871439249,19.9318993439083,207.518129723445,,0.9,11.0,0.690182596294114,24987258.0,30404.0,20644.0,7486734.0
"Korea, Dem. People's Rep.",2012,-0.17631425961300096,51.6664728843119,19.5166514409102,208.436790964206,,0.9,14.8,0.734145706258785,25097874.0,13649.0,3112.0,7526762.0
"Korea, Dem. People's Rep.",2013,-0.17631425961290148,51.4901586246989,19.5166514409102,209.382343659165,,0.9,15.4,0.773654320378445,25211728.0,14350.0,3647.0,7546658.0
"Korea, Dem. People's Rep.",2014,-0.17631425961300096,51.313844365086,19.5166514409102,210.360028236857,,0.9,20.8,0.805091331672714,25329451.0,27684.0,8354.0,7576422.0
"Korea, Dem. People's Rep.",2015,-0.17631425961299385,51.137530105473,19.3920770700108,211.371663483099,,0.9,18.5,0.823726838720067,25451262.0,116909.0,22582.0,7606054.0
"Korea, Dem. People's Rep.",2016,-0.17639730919360375,50.96121584586,19.2675026991114,212.402209118844,,0.9,22.6,0.863207540171376,25575350.0,142772.0,32843.0,7635553.0
"Korea, Dem. People's Rep.",2017,-0.17440411925920074,50.7848185366664,19.1844531185118,213.423519641226,,0.9,24.0,0.875768916237254,25698326.0,112083.0,5537.0,7669056.0
"Korea, Dem. People's Rep.",2018,-0.17440411925920074,50.6104144174072,19.0598787476123,214.414990449298,,0.9,10.2,0.872714528458982,25817709.0,43906.0,2196.0,7702463.0
"Korea, Dem. People's Rep.",2019,-0.1827090773191955,50.436010298148,19.0598787476123,215.357088281704,,0.9,11.9,0.861331542128017,25931147.0,11357.0,306.0,7735773.0
"Korea, Dem. People's Rep.",2020,-0.17440411925920074,50.2533012208288,19.0598787476123,216.241441740719,,0.9,10.0,0.846350987641693,26037632.0,0.0,2732.0,7768985.0
"Korea, Dem. People's Rep.",2021,-0.17440411925920074,50.0788971015696,19.0598787476123,217.060975002076,,0.8,11.2,0.828375411250846,26136312.0,0.0,0.0,7802099.0
"Korea, Dem. People's Rep.",2022,-0.17440411925920074,49.9044929823104,19.0598787476123,217.860094676522,,0.9,14.7,0.83106901001091,26232534.0,0.0,864.0,7836910.0
"Korea, Rep.",2001,-0.2863165013998952,67.1366369479577,17.8104913953971,487.332687124197,100.0,100.0,0.7,1.11001832818929,47008111.0,0.0,6734000.0,4041237.0
"Korea, Rep.",2002,-0.1264853396253045,66.8503204465578,17.4591689063469,489.664709530701,100.0,100.0,0.7,1.14202410367106,47370164.0,0.0,7118000.0,3986806.0
"Korea, Rep.",2003,-0.09883510693249775,66.7238351069325,17.2951751213968,492.248538072115,100.0,100.0,0.7,1.07479789070658,47644736.0,2387.0,7657000.0,4062638.0
"Korea, Rep.",2004,-0.10568580871719746,66.625,17.1384297520661,494.755475206612,100.0,100.0,0.8,1.05398304353988,47892330.0,307.0,8616948.0,4133761.0
"Korea, Rep.",2005,-0.11249952943460073,66.5193141912828,17.0729188184259,496.617630654823,100.0,100.0,0.8,0.886521077347378,48082519.0,873.0,7848641.0,4704202.0
"Korea, Rep.",2006,-0.11242985590270393,66.4068146618482,16.9643779039752,497.517408363449,100.0,100.0,0.9,0.563699960328383,48184561.0,425.0,7569253.0,4814989.0
"Korea, Rep.",2007,-0.11918876797599864,66.2943848059455,16.7113955408753,499.982369942197,100.0,100.0,0.9,0.741610331668844,48438292.0,216.0,7690978.0,4912872.0
"Korea, Rep.",2008,-0.13952225716739974,66.1751960379695,16.4775072224515,502.307449442839,100.0,100.0,1.0,0.683659005774206,48683638.0,221.0,8488151.0,5152100.0
"Korea, Rep.",2009,-0.13932100932049707,66.0356737808021,16.1356840911434,505.770780492834,100.0,100.0,1.1,0.909678447369265,49054708.0,957.0,6406319.0,5176600.0
"Korea, Rep.",2010,-0.18647622827170096,65.8963527714816,15.8252627240882,508.013960436843,100.0,100.0,1.2,0.623894790622177,49307835.0,1452.0,5013771.0,5652595.0
"Korea, Rep.",2011,-0.09613027301750776,65.7098765432099,15.5041152263374,509.815967078189,100.0,100.0,1.3,0.551921053997371,49554112.0,950.0,4217737.0,3984000.0
"Korea, Rep.",2012,-0.18367741807028892,65.6137462701924,15.3102171005247,513.804280275749,100.0,100.0,1.4,0.760472360007677,49936638.0,462.0,6141295.0,4210000.0
"Korea, Rep.",2013,-0.18054613744629933,65.4300688521221,15.6427910800534,515.875583187751,100.0,100.0,1.6,0.461331912487395,50199853.0,519.0,5471108.0,4506000.0
"Korea, Rep.",2014,-0.10531661799100789,65.2495227146758,15.3531911399421,517.612269825303,100.0,100.0,1.9,0.355238392479359,50428893.0,906.0,5897809.0,4897000.0
"Korea, Rep.",2015,-0.11264983417770225,65.1442060966848,15.1493379862465,520.852499230217,100.0,100.0,2.9,0.511530789177755,50746659.0,656.0,5688749.0,5179000.0
"Korea, Rep.",2016,-0.15244169573549016,65.0315562625071,15.0289907127097,523.525547744882,100.0,100.0,2.7,0.414564878860474,51014947.0,1316.0,5345856.0,4913000.0
"Korea, Rep.",2017,-0.09601539745560217,64.8791145667716,14.5760034465427,525.370072521002,100.0,100.0,2.6,0.294442177400004,51217803.0,1159.0,5966986.0,5151000.0
"Korea, Rep.",2018,-0.10918612583770937,64.783099169316,14.323659111886,526.734806686494,100.0,100.0,2.8,0.176819783376,51361911.0,6903.0,6106027.0,4845000.0
"Korea, Rep.",2019,-0.15547042052749305,64.6739130434783,14.0894175553733,528.969011484824,100.0,100.0,3.2,0.324614738582841,51585058.0,1753.0,5563963.0,4577000.0
"Korea, Rep.",2020,-0.1024590163933965,64.5184426229508,13.9754098360656,530.377274590164,100.0,100.0,3.2,0.23446131824481,51764822.0,1136.0,4281370.0,4273000.0
"Korea, Rep.",2021,-0.10245901639351018,64.4159836065574,13.8524590163934,531.109006147541,100.0,100.0,3.6,-0.0026497701480365,51836239.0,753.0,3244213.0,3959000.0
"Korea, Rep.",2022,-0.1024590163933965,64.3135245901639,13.7602459016393,530.425604508197,100.0,100.0,3.6,-0.1463834679225,51769539.0,226.0,2715911.0,3852000.0
Kuwait,2001,0.007856341189674043,0.272166105499439,0.561167227833894,109.691863075196,100.0,100.0,0.0,3.05594412034634,1954709.0,0.0,2300.0,14896.0
Kuwait,2002,0.007856341189674987,0.280022446689113,0.729517396184063,112.689169472503,100.0,100.0,0.0,2.93265576926817,2008121.0,0.0,2500.0,15264.0
Kuwait,2003,0.007856341189673988,0.287878787878788,0.673400673400673,115.59898989899,100.0,100.0,0.0,2.82538965350807,2059974.0,0.0,2500.0,15640.0
Kuwait,2004,0.007856341189674987,0.295735129068462,0.673400673400673,118.399607182941,100.0,100.0,0.0,2.6513089662387,2109881.0,0.0,2500.0,16026.0
Kuwait,2005,0.007856341189673988,0.303591470258137,0.617283950617284,121.061728395062,100.0,100.0,0.0,2.40535497047318,2157320.0,0.0,7244.0,16421.0
Kuwait,2006,0.007856341189675042,0.311447811447811,0.617283950617284,125.521212121212,100.0,100.0,0.0,3.67027707336391,2236788.0,0.0,7244.0,16826.0
Kuwait,2007,0.007856341189674987,0.319304152637486,0.617283950617284,132.701066217733,100.0,100.0,0.0,5.56242109286012,2364733.0,0.0,7244.0,17131.0
Kuwait,2008,0.007856341189673988,0.327160493827161,0.634118967452301,140.734399551066,100.0,100.0,0.0,5.87754467695609,2507887.0,0.0,7244.0,17441.0
Kuwait,2009,0.007856341189674987,0.335016835016835,0.634118967452301,148.789057239057,100.0,100.0,0.0,5.5655156760957,2651421.0,43.0,1032.0,17757.0
Kuwait,2010,0.007856341189674043,0.34287317620651,0.589225589225589,156.873400673401,100.0,100.0,0.0,5.2909535288797,2795484.0,139.0,612.0,18079.0
Kuwait,2011,0.0,0.350729517396184,0.561167227833894,165.172390572391,100.0,100.0,0.0,5.15506049102987,2943372.0,583.0,788.0,18406.0
Kuwait,2012,0.0,0.350729517396184,0.589225589225589,175.803254769921,100.0,100.0,0.0,6.23757792955185,3132814.0,363.0,1715.0,18679.0
Kuwait,2013,0.0,0.350729517396184,0.561167227833894,187.267620650954,100.0,100.0,0.0,6.31732211154715,3337109.0,112.0,2220.0,18955.0
Kuwait,2014,0.0,0.350729517396184,0.650953984287318,196.848709315376,100.0,100.0,0.0,4.98967404324728,3507844.0,1826.0,4713.0,19236.0
Kuwait,2015,0.0,0.350729517396184,0.5331088664422,205.716947250281,100.0,100.0,0.0,4.40657207759868,3665876.0,316.0,4548.0,19250.0
Kuwait,2016,0.0,0.350729517396184,0.432098765432099,215.183726150393,100.0,100.0,0.0,4.49910219971801,3834574.0,87.0,14420.0,19809.0
Kuwait,2017,0.0,0.350729517396184,0.448933782267116,224.696745230079,100.0,100.0,0.0,4.32594906785888,4004096.0,772.0,7523.0,20019.0
Kuwait,2018,0.0,0.350729517396184,0.482603815937149,233.1544332211,100.0,100.0,0.0,3.69493434034851,4154812.0,335.0,6642.0,20232.0
Kuwait,2019,0.0,0.350729517396184,0.448933782267116,242.621492704826,100.0,100.0,0.0,3.9801548230671,4323515.0,130.0,4454.0,20447.0
Kuwait,2020,0.0,0.350729517396184,0.448933782267116,249.288215488215,100.0,100.0,0.1,2.71071332448015,4442316.0,0.0,13081.0,20664.0
Kuwait,2021,0.0,0.350729517396184,0.448933782267116,246.928563411897,100.0,100.0,0.1,-0.951064116715736,4400267.0,2.0,1506.0,20883.0
Kuwait,2022,0.0,0.350729517396184,0.448933782267116,244.717452300786,100.0,100.0,0.1,-0.899478872255975,4360865.0,21.0,7908.0,21104.0
Latvia,2001,0.21071239172700018,52.0835007311939,15.588088771755,38.0469892490398,100.0,100.0,35.8,-1.07214691000143,2367550.0,4353250.0,136030.0,14304000.0
Latvia,2002,0.21071239172709966,52.2942131229209,15.3952464364343,37.5587767367863,100.0,100.0,35.4,-1.34392417190801,2337170.0,4095480.0,213600.0,12841000.0
Latvia,2003,0.21071239172700018,52.504925514648,15.6362993555852,37.1249296928986,100.0,100.0,34.4,-1.21331364127007,2310173.0,4468570.0,387320.0,13465900.0
Latvia,2004,0.21071239172709966,52.715637906375,15.3791762418243,36.7678821090523,100.0,100.0,34.3,-1.01346792013693,2287955.0,4461420.0,465034.0,12915810.0
Latvia,2005,0.21071239172709966,52.9263502981021,16.2148263615472,36.3688109663008,100.0,100.0,36.1,-1.13353429382372,2263122.0,4525650.0,805618.0,12754000.0
Latvia,2006,0.21071239172700018,53.1370626898292,17.5486525141819,35.9779356228004,100.0,100.0,36.3,-1.11784320254929,2238799.0,4265630.0,1086681.0,12842600.0
Latvia,2007,0.21071239172709966,53.3477750815562,19.3645845051184,35.6494287045816,100.0,100.0,34.0,-0.94913564758322,2218357.0,3823565.0,1217789.0,12844600.0
Latvia,2008,0.21071239172709966,53.5584874732833,19.0913911967474,35.3596509553731,100.0,100.0,33.1,-0.842494408827316,2200325.0,4139640.0,1697812.0,12172900.0
Latvia,2009,0.21071239172700018,53.7691998650104,18.8021276937664,34.9899882687579,99.9,100.0,33.7,-1.07132218273846,2177322.0,3663432.0,567749.0,8805750.0
Latvia,2010,0.21071239172709966,53.9799122567374,18.7699873045463,34.4170376203256,100.0,100.0,38.4,-1.66529155683755,2141669.0,3548899.0,126643.0,10442310.0
Latvia,2011,0.062095231973302134,54.1906246484645,18.8503382775965,33.7081170552975,99.8,100.0,33.1,-2.08913666797325,2097555.0,5486875.0,438237.0,12533818.0
Latvia,2012,0.06209523197319555,54.2527198804378,18.6092853584457,33.0999244700853,99.8,100.0,35.5,-1.82135172989026,2059709.0,5264351.0,448583.0,12833492.0
Latvia,2013,0.062095231973302134,54.314815112411,18.9306892506468,32.691902228936,100.0,100.0,40.4,-1.23077922718726,2034319.0,4384206.0,738943.0,12529587.0
Latvia,2014,0.06209523197320266,54.3769103443843,19.4127950889485,32.3436289713468,100.0,100.0,39.6,-1.05017592551677,2012647.0,4030515.0,988927.0,12241870.0
Latvia,2015,0.06209523197329503,54.4390055763575,19.4288652835586,32.0404647500281,100.0,100.0,40.2,-0.910374889280492,1993782.0,4045932.0,1303202.0,12885344.0
Latvia,2016,0.062191653140899916,54.5011008083308,19.7631253314478,31.7792437366417,100.0,100.0,38.1,-0.777502744531196,1977527.0,3177675.0,1564039.0,12294416.0
Latvia,2017,0.062191653140899916,54.5632924614717,20.6984106577531,31.4901409356067,100.0,100.0,38.5,-0.863570653417595,1959537.0,3087398.0,1535442.0,13051406.0
Latvia,2018,0.0621916531410065,54.6254841146126,20.7305510469732,31.2123033409935,100.0,100.0,42.6,-0.827376795111087,1942248.0,3012718.0,1261716.0,12896149.0
Latvia,2019,0.062191653140899916,54.6876757677536,20.8109020200235,30.9700612274415,100.0,100.0,41.0,-0.712446370389295,1927174.0,2971242.0,1349628.0,12942170.0
Latvia,2020,0.05954925916339704,54.7498674208945,21.1965866906648,30.755491989008,100.0,100.0,41.5,-0.621325113241851,1913822.0,3950589.0,1452697.0,14822065.0
Latvia,2021,0.062188654989498104,54.8094166800579,21.4366061385184,30.5391129680219,100.0,100.0,43.8,-0.620729486315703,1900449.0,3453000.0,1780800.0,15346700.0
Latvia,2022,0.062188654989604686,54.8716053350474,21.8865498955488,30.2826610959344,100.0,100.0,44.0,-0.75558546061657,1884490.0,3566231.0,1807694.0,15943000.0
Lebanon,2001,-0.008113391984299057,13.5073313782991,12.6099706744868,423.200391006843,100.0,,4.9,1.83701680103271,4329340.0,0.0,400.0,26224.0
Lebanon,2002,-0.008113391984400309,13.4992179863148,11.7302052785924,430.295014662757,100.0,,4.6,1.83114971534572,4401918.0,0.0,300.0,26213.0
Lebanon,2003,-0.008113391984400309,13.4911045943304,12.7077223851417,436.315151515152,100.0,,5.7,1.5623725417853,4463504.0,0.0,300.0,26201.0
Lebanon,2004,-0.008113391984299057,13.482991202346,13.2942326490714,442.3761485826,100.0,,7.0,1.55699886428527,4525508.0,0.0,300.0,26190.0
Lebanon,2005,-0.008113391984400309,13.4748778103617,13.3235581622678,449.587390029325,100.0,,6.1,1.79886989542505,4599279.0,550.0,38367.0,26178.0
Lebanon,2006,-0.008113391984300833,13.4667644183773,13.8514173998045,456.608211143695,98.9,,6.4,1.73594860422739,4671102.0,550.0,38367.0,26167.0
Lebanon,2007,-0.008113391984400309,13.458651026393,13.2942326490714,464.431671554252,98.8,,6.4,1.88982441011118,4751136.0,550.0,38367.0,26046.0
Lebanon,2008,-0.008113391984398532,13.4505376344086,13.1182795698925,473.520821114369,86.7,,7.3,2.13366281401081,4844118.0,550.0,38367.0,26050.0
Lebanon,2009,-0.008113391984300833,13.4424242424242,12.0234604105572,481.461779081134,99.2,,5.1,1.86322746704686,4925354.0,550.0,38367.0,26050.0
Lebanon,2010,-0.008113391984400309,13.4343108504399,12.0234604105572,488.004594330401,96.1,,4.3,1.55456007036806,4992287.0,550.0,16705.0,36900.0
Lebanon,2011,0.058260019550401054,13.4261974584555,11.1436950146628,492.794525904203,96.6,,5.7,1.18616726278114,5041288.0,3128.0,14549.0,36866.0
Lebanon,2012,0.0582600195502998,13.4844574780059,12.2189638318671,498.144672531769,99.2,,6.2,1.29397113275375,5096020.0,1268.0,15401.0,36833.0
Lebanon,2013,0.0582600195502998,13.5427174975562,12.9032258064516,511.802737047898,96.2,,5.6,2.92371466191657,5235742.0,965.0,31799.0,36801.0
Lebanon,2014,0.05826001955039928,13.6009775171065,12.9032258064516,561.430694037146,96.8,,5.9,9.47852380757179,5743436.0,203.0,13762.0,36769.0
Lebanon,2015,0.0582600195502998,13.6592375366569,12.9032258064516,620.429130009775,97.3,,4.2,10.2206965974038,6346990.0,230.0,51488.0,36737.0
Lebanon,2016,0.058651026393000905,13.7174975562072,13.0009775171065,632.694916911046,97.8,,4.2,2.19088551132826,6472469.0,442.0,15332.0,36706.0
Lebanon,2017,0.05865102639299913,13.7761485826002,13.3919843597263,618.089931573803,98.3,,4.0,-2.09739580882344,6323060.0,27.0,4497.0,25823.0
Lebanon,2018,0.05865102639290143,13.8347996089932,13.4086021505376,602.163049853372,98.7,,4.0,-2.36769898899146,6160128.0,74.0,4466.0,25791.0
Lebanon,2019,0.05865102639299913,13.8934506353861,13.4095796676442,584.957869012708,97.4,,4.7,-2.65106510457592,5984119.0,13.0,7645.0,25759.0
Lebanon,2020,0.05865102639289965,13.9521016617791,13.2258064516129,566.431476050831,99.6,,5.1,-2.96571655621746,5794594.0,0.0,4252.0,25727.0
Lebanon,2021,0.058651026393000905,14.010752688172,13.1099706744868,557.419159335288,99.8,,6.3,-1.34629278132371,5702398.0,0.0,1898.0,25696.0
Lebanon,2022,0.05865102639299913,14.069403714565,13.8435679374389,558.956207233627,100.0,,6.8,0.537879344897987,5718122.0,5.0,253.0,26228.0
Lesotho,2001,0.0,1.13702239789196,10.8695652173913,66.0050395256917,2.0,8.3,56.7,2.95037565585193,2003913.0,,0.0,2022018.0
Lesotho,2002,0.0,1.13702239789196,10.8695652173913,65.9042490118577,,8.8,56.5,2.75435529993088,2000853.0,,0.0,2028134.0
Lesotho,2003,0.0,1.13702239789196,9.88142292490119,65.7008893280632,,9.4,56.2,2.63796122008338,1994679.0,,0.0,2034269.0
Lesotho,2004,0.0,1.13702239789196,9.88142292490119,65.3840250329381,,10.0,55.9,2.54678840591978,1985059.0,,0.0,2040422.0
Lesotho,2005,0.0,1.13702239789196,10.2108036890646,64.9251976284585,1.4,10.8,55.4,2.44723638154076,1971129.0,,0.0,2046594.0
Lesotho,2006,0.0,1.13702239789196,10.6389986824769,64.3305665349144,3.7,11.4,55.3,2.38445710276485,1953076.0,,0.0,2052785.0
Lesotho,2007,0.0,1.13702239789196,9.9802371541502,64.0666337285902,2.6,12.2,55.5,3.08290179546411,1945063.0,,0.0,2060539.0
Lesotho,2008,0.0,1.13702239789196,10.7048748353096,64.3368906455863,6.9,13.0,55.3,4.14710861034138,1953268.0,,0.0,2068300.0
Lesotho,2009,0.0,1.13702239789196,11.7918313570487,64.7740777338603,8.6,13.7,55.0,4.63533875498338,1966541.0,,0.0,2076100.0
Lesotho,2010,0.0,1.13702239789196,11.034255599473,65.2464756258235,8.6,14.5,54.0,4.85689114301424,1980883.0,,0.0,2083979.0
Lesotho,2011,0.0,1.13702239789196,10.6060606060606,65.7526679841897,4.4,15.5,53.0,5.02755935973921,1996251.0,4.0,2975.0,2091851.0
Lesotho,2012,0.0,1.13702239789196,10.1449275362319,66.337582345191,10.8,16.3,42.3,5.22280800705207,2014009.0,8.0,2601.0,2099721.0
Lesotho,2013,0.0,1.13702239789196,9.26548089591568,67.0077075098814,7.2,17.4,40.8,5.38795302135873,2034354.0,1.0,6060.0,2107620.0
Lesotho,2014,0.0,1.13702239789196,8.17193675889328,67.7372859025033,14.8,18.3,46.1,5.47919481821234,2056504.0,2.0,3319.0,2115550.0
Lesotho,2015,0.0,1.13702239789196,8.96903820816864,68.5141304347826,15.6,19.4,43.2,5.52320335621989,2080089.0,2.0,3319.0,2123509.0
Lesotho,2016,0.0,1.13702239789196,7.21343873517787,69.321837944664,19.7,20.8,46.0,5.51836477681428,2104611.0,26.0,3791.0,2131497.0
Lesotho,2017,0.0,1.13702239789196,11.5942028985507,70.1720026350461,23.3,21.9,45.1,5.29264534852355,2130422.0,15.0,4530.0,2134278.0
Lesotho,2018,0.0,1.13702239789196,13.8142292490119,71.0510540184453,20.2,23.5,41.5,4.07859314428619,2157110.0,65.0,17687.0,2147062.0
Lesotho,2019,0.0,1.13702239789196,14.3181818181818,71.9236824769433,,25.1,42.5,4.0299748464488,2183603.0,103.0,40010.0,2153850.0
Lesotho,2020,0.0,1.13702239789196,4.95388669301713,72.7735507246377,32.6,26.7,41.6,3.89236605947159,2209405.0,0.0,53964.0,2156641.0
Lesotho,2021,0.0,1.13702239789196,11.3768115942029,73.6405467720685,35.2,28.6,43.2,3.81448253372375,2235727.0,0.0,24886.0,2159436.0
Lesotho,2022,0.0,1.13702239789196,7.42424242424242,74.4908432147563,37.7,30.3,33.6,3.69465090904227,2261542.0,0.0,83238.0,2162415.0
Liberia,2001,-0.3141611295680917,85.3679401993355,4.15282392026578,30.3998857973422,,0.4,91.3,4.45108138780847,2928117.0,850000.0,0.0,5839361.0
Liberia,2002,-0.31416112956810593,85.0537790697674,4.15282392026578,31.3054194352159,,0.4,91.6,3.79958654676337,3015338.0,798000.0,0.0,6086930.0
Liberia,2003,-0.3141611295680917,84.7396179401993,4.15282392026578,32.1302117940199,,0.3,91.1,3.53774132988713,3094782.0,1000000.0,0.0,6676953.0
Liberia,2004,-0.31416112956810593,84.4254568106312,4.15282392026578,32.3871677740864,,0.3,90.3,1.76516218190518,3119532.0,483593.0,43.0,6329791.0
Liberia,2005,-0.3141611295680917,84.1112956810631,4.15282392026578,32.7750415282392,,0.3,89.6,2.15030830005071,3156892.0,250000.0,0.0,5905817.0
Liberia,2006,-0.31416112956810593,83.797134551495,4.15282392026578,34.2713351328904,,0.3,87.8,5.37684465252538,3301015.0,210000.0,36.0,6141423.0
Liberia,2007,-0.31416112956810593,83.4829734219269,4.15282392026578,36.2415593853821,,0.3,87.6,6.41784167583413,3490787.0,170000.0,118.0,6393198.0
Liberia,2008,-0.3141611295680917,83.1688122923588,4.15282392026578,38.0922965116279,,0.2,89.8,5.79524618664482,3669050.0,140012.0,92.0,6623400.0
Liberia,2009,-0.31416112956810593,82.8546511627907,4.46428571428571,39.6698816445183,,0.2,91.8,5.11985620326965,3821003.0,2130.0,231.0,6922500.0
Liberia,2010,-0.3141611295680917,82.5404900332226,4.87956810631229,40.9367524916943,,0.2,91.8,4.23397754411637,3943028.0,4780.0,169.0,7170676.0
Liberia,2011,-0.31416112956810593,82.2263289036545,4.98338870431894,42.1396387043189,1.0,0.2,88.6,3.97418778103918,4058890.0,9178.0,1449.0,7488341.0
Liberia,2012,-0.3141611295680917,81.9121677740864,5.19102990033223,43.8245224252492,1.2,0.2,87.1,4.98988846414223,4221178.0,73386.0,36.0,7737978.0
Liberia,2013,-0.31416112956810593,81.5980066445183,5.19102990033223,45.4011939368771,2.8,0.1,86.2,4.59545605921178,4373043.0,190028.0,43.0,8026232.0
Liberia,2014,-0.31416112956810593,81.2838455149502,5.19102990033223,46.4102886212625,3.5,0.1,87.5,3.25103948734604,4470239.0,136106.0,54.0,8283408.0
Liberia,2015,-0.3141611295681912,80.9696843853821,5.19102990033223,47.3867628737542,4.1,0.1,91.2,3.12711715395962,4564293.0,132000.0,1489.0,8555818.0
Liberia,2016,-0.31416112956800646,80.6555232558139,5.19102990033223,48.3744912790698,5.2,0.1,91.9,3.1001927674052,4659431.0,141710.0,237.0,8687356.0
Liberia,2017,-0.3141611295681912,80.3413621262459,5.19102990033223,49.3730066445183,4.1,0.1,92.8,3.07301960541848,4755608.0,106171.0,2.0,8958592.0
Liberia,2018,-0.31416112956810593,80.0272009966777,5.19102990033223,50.3418293189369,7.4,0.1,93.6,2.96594628026702,4848925.0,135700.0,55.0,9340531.0
Liberia,2019,-0.31416112956810593,79.7130398671096,5.19102990033223,51.3364410299003,7.7,0.1,94.4,2.97226501064032,4944726.0,184103.0,3207.0,9629742.0
Liberia,2020,-0.3141611295680917,79.3988787375415,5.19102990033223,52.3642130398671,8.3,0.0,89.7,2.99136421633218,5043721.0,82182.0,3594.0,9928384.0
Liberia,2021,-0.31416112956810593,79.0847176079734,5.19102990033223,53.462032807309,8.1,0.0,93.0,3.07747504924304,5149463.0,100724.0,2949.0,10236763.0
Liberia,2022,-0.3141611295680917,78.7705564784053,5.19102990033223,54.60260589701,8.1,0.0,93.2,3.10731346466007,5259323.0,96608.0,6313.0,10554392.0
Libya,2001,0.0,0.123327687918433,1.03151960171408,3.01500448980984,99.2,,2.0,2.14623816314847,5305021.0,0.0,3918.0,939386.0
Libya,2002,0.0,0.123327687918433,1.03151960171408,3.07105209316071,87.3,,2.9,2.26491001446476,5403639.0,0.0,518.0,952086.0
Libya,2003,0.0,0.123327687918433,1.03151960171408,3.13059663321095,79.8,,2.9,2.27034710455246,5508410.0,0.0,518.0,964988.0
Libya,2004,0.0,0.123327687918433,1.03151960171408,3.19367448310354,72.2,,2.9,2.26880671384677,5619398.0,0.0,518.0,978096.0
Libya,2005,0.0,0.123327687918433,0.994578128374462,3.26033679257079,64.5,,2.8,2.26045726921497,5736693.0,0.0,7631.0,991414.0
Libya,2006,0.0,0.123327687918433,0.994578128374462,3.32973277106516,56.9,,2.7,2.21809916651359,5858798.0,0.0,7631.0,1004945.0
Libya,2007,0.0,0.123327687918433,0.994578128374462,3.39873546495107,49.2,,2.9,2.07856428541405,5980211.0,0.0,7631.0,1017191.0
Libya,2008,0.0,0.123327687918433,0.994578128374462,3.46930447730657,41.4,,3.1,2.05062223603386,6104380.0,0.0,7631.0,1029600.0
Libya,2009,0.0,0.123327687918433,0.994578128374462,3.54378417086284,33.6,,2.9,2.11435771869891,6235430.0,0.0,7631.0,1042200.0
Libya,2010,0.0,0.123327687918433,0.994578128374462,3.61838094047308,25.6,,2.6,2.06856293217608,6366686.0,0.0,7939.0,1054954.0
Libya,2011,0.0,0.123327687918433,0.975254896166043,3.69291917205633,17.5,,2.5,2.01991537370655,6497839.0,0.0,27880.0,1067892.0
Libya,2012,0.0,0.123327687918433,0.975254896166043,3.60503483865101,9.3,,3.2,-2.43204422147094,6343203.0,0.0,1357.0,1079555.0
Libya,2013,0.0,0.123327687918433,0.977528217602328,3.51189970105823,0.8,,2.6,-2.64495272097969,6179328.0,0.0,7206.0,1091362.0
Libya,2014,0.0,0.123327687918433,0.977528217602328,3.58311149504984,,,2.4,1.97604477828273,6304628.0,23.0,42577.0,1103313.0
Libya,2015,0.0,0.123327687918433,0.977528217602328,3.65280243700058,,,2.3,1.89116554778363,6427252.0,23.0,53628.0,1115412.0
Libya,2016,0.0,0.123327687918433,0.977528217602328,3.71223103765757,,,2.9,1.38827640741623,6531819.0,24.0,3323.0,1127659.0
Libya,2017,0.0,0.123327687918433,0.977528217602328,3.76923855098492,,,2.8,1.52410674622512,6632126.0,23.0,527.0,1137509.0
Libya,2018,0.0,0.123327687918433,0.977528217602328,3.8298475737977,,,2.9,1.59596881951811,6738770.0,0.0,22416.0,1147456.0
Libya,2019,0.0,0.123327687918433,0.977528217602328,3.89252588744786,,,2.9,1.62537833435419,6849055.0,0.0,17675.0,1157499.0
Libya,2020,0.0,0.123327687918433,0.977528217602328,3.95048308080521,,,3.0,1.48198070217483,6951033.0,0.0,5080.0,1167641.0
Libya,2021,0.0,0.123327687918433,0.977528217602328,4.00411414346932,,,3.2,1.35507401261597,7045399.0,0.0,1751.0,1177881.0
Libya,2022,0.0,0.123327687918433,0.977528217602328,4.05513656978528,,,3.1,1.27607198520035,7135175.0,0.0,1258.0,1188194.0
Liechtenstein,2001,-0.0006249999999994316,41.875,25.0,204.03125,100.0,,54.0,0.0408830749766295,32645.0,,,24167.0
Liechtenstein,2002,-0.0006249999999994316,41.874375,24.375,207.4625,100.0,,51.6,1.0369107848403,33194.0,,,22167.0
Liechtenstein,2003,0.0,41.87375,21.0625,210.5875,100.0,,51.3,0.926118960803766,33694.0,,,22167.0
Liechtenstein,2004,-0.0006249999999994316,41.87375,20.25,212.99375,100.0,,50.2,0.599402394021043,34079.0,,,22167.0
Liechtenstein,2005,-0.0006249999999994316,41.873125,19.4375,215.29375,100.0,,50.3,0.576027017314073,34447.0,,,22167.0
Liechtenstein,2006,-0.0006249999999994316,41.8725,18.625,217.20625,100.0,,49.9,0.45450132581462,34753.0,,,22167.0
Liechtenstein,2007,-0.0006249999999994316,41.871875,17.8125,218.98125,100.0,,50.8,0.432815942234055,35037.0,,,25000.0
Liechtenstein,2008,0.0,41.87125,17.0,220.3875,100.0,,53.4,0.33317032288772,35262.0,,,25000.0
Liechtenstein,2009,-0.000625000000006537,41.87125,16.1875,221.70625,100.0,,53.0,0.351562862098886,35473.0,,,28250.0
Liechtenstein,2010,-0.0006249999999994316,41.870625,15.375,223.3875,100.0,,55.1,0.56381990520216,35742.0,,,25000.0
Liechtenstein,2011,0.0012500000000059686,41.87,14.5625,225.1375,100.0,,52.3,0.676265740302884,36022.0,,,25000.0
Liechtenstein,2012,0.0006249999999994316,41.87125,13.75,226.95,100.0,,55.3,0.767316252788898,36312.0,,,26000.0
Liechtenstein,2013,0.0012499999999988631,41.871875,12.9375,229.10625,100.0,,55.5,0.950939079210795,36657.0,,,23333.0
Liechtenstein,2014,0.0006249999999994316,41.873125,12.125,231.15,100.0,,53.5,0.941981343628646,36984.0,,,19164.0
Liechtenstein,2015,0.0012499999999988631,41.87375,11.4375,232.8,100.0,,55.0,0.803067160238321,37248.0,,,20812.0
Liechtenstein,2016,0.0,41.875,11.3125,234.3375,100.0,,55.5,0.796669336312869,37494.0,,,8065.0
Liechtenstein,2017,0.0,41.875,11.125,235.725,100.0,,55.8,0.77206265860395,37716.0,,,7943.0
Liechtenstein,2018,0.0,41.875,10.9375,237.2625,100.0,,55.3,0.893269999480643,37962.0,,,8560.0
Liechtenstein,2019,0.0,41.875,10.875,239.0375,100.0,,56.8,1.02916860365475,38246.0,,,12225.0
Liechtenstein,2020,0.0,41.875,10.8125,241.01875,100.0,,56.1,1.17858507112061,38563.0,,,8377.0
Liechtenstein,2021,0.0,41.875,10.8125,243.13125,100.0,,55.2,1.27008234014619,38901.0,,,7130.0
Liechtenstein,2022,0.0,41.875,10.8125,244.8875,100.0,,53.6,0.942086521049646,39182.0,,,7130.0
Lithuania,2001,0.2393107849393985,32.2271857051691,45.9157626037013,55.8317804722399,100.0,100.0,17.2,-0.794995588260926,3499536.0,1202850.0,60570.0,5500000.0
Lithuania,2002,0.2393107849394056,32.4664964901085,26.0210593490747,55.3736119974473,100.0,100.0,17.6,-0.896070985196904,3470818.0,1324700.0,96300.0,5700000.0
Lithuania,2003,0.23931078493929903,32.7058072750479,26.148691767709,54.9308710912572,100.0,100.0,17.9,-0.862393160777808,3443067.0,1436500.0,103700.0,6115000.0
Lithuania,2004,0.2393107849393985,32.9451180599872,24.3299298021698,54.4864869176771,100.0,100.0,18.1,-1.00537437648519,3415213.0,1453000.0,78000.0,6275000.0
Lithuania,2005,0.2393107849393985,33.1844288449266,25.788130185067,53.8780312699426,100.0,100.0,18.1,-1.35907097475528,3377075.0,1219622.0,223559.0,6120000.0
Lithuania,2006,0.2393107849393985,33.423739629866,30.4164007657945,53.0077855775367,99.9,100.0,17.5,-1.66408363177334,3322528.0,1173919.0,287906.0,6045000.0
Lithuania,2007,0.23931078493930613,33.6630504148054,29.9744735162731,52.1682992980217,99.8,100.0,17.5,-1.50680494919405,3269909.0,1143515.0,210097.0,5870000.0
Lithuania,2008,0.24203449231749374,33.9023611997447,29.2852584556477,51.5522335673261,99.8,100.0,17.1,-1.06744502075479,3231294.0,1718247.0,394599.0,6195000.0
Lithuania,2009,0.23932987634630365,34.1443956920622,29.7008376545672,51.0288153171121,99.7,100.0,18.3,-0.977126381533014,3198231.0,1234112.0,235616.0,5594381.0
Lithuania,2010,0.23932987634619707,34.3837255684085,32.7674511368169,50.4653530115676,99.7,100.0,20.1,-1.06707712244824,3162916.0,776253.0,208547.0,5459531.0
Lithuania,2011,0.05480140178450199,34.6230554447547,33.9433585959314,49.418141204627,100.0,100.0,21.5,-2.11248894972435,3097282.0,1441955.0,332142.0,7096860.0
Lithuania,2012,0.054248970865103274,34.6778568465392,34.8741104764336,48.3153301209433,99.7,100.0,22.7,-2.2876140899425,3028115.0,1989937.0,272055.0,7004000.0
Lithuania,2013,0.053693943265798794,34.7321058174043,36.0675878354661,47.6934454478731,100.0,100.0,23.9,-1.14304131488923,2989139.0,1593343.0,310654.0,6921000.0
Lithuania,2014,0.06815075808489723,34.7857997606701,36.5456721180694,47.2477064220183,100.0,100.0,26.3,-0.705009299027053,2961250.0,2044876.0,383973.0,7053000.0
Lithuania,2015,0.054269752593803844,34.853950518755,37.51316839585,46.8835275339186,100.0,100.0,27.7,-0.601560833052568,2937253.0,1943188.0,379617.0,7351000.0
Lithuania,2016,0.05234931455199643,34.9082202713488,34.6671987230646,46.4662250598563,100.0,100.0,29.0,-0.779798413753511,2911109.0,1620910.0,404945.0,6414000.0
Lithuania,2017,0.09634202151290339,34.9605695859008,34.2070815108074,45.9328405861882,100.0,100.0,31.5,-1.22509915810133,2877325.0,1638408.0,539142.0,6747000.0
Lithuania,2018,0.038090787604694754,35.0569116074137,33.5834357689054,45.3798470650213,100.0,100.0,33.8,-1.34404396155367,2842639.0,1731255.0,277576.0,6795000.0
Lithuania,2019,0.037543117597401476,35.0950023950184,33.7697589014849,45.0135717707169,100.0,100.0,33.7,-0.76070486060873,2819200.0,2245847.0,241355.0,6982000.0
Lithuania,2020,0.015969338869304295,35.1325455126158,35.3225806451613,44.8912328329607,100.0,100.0,33.5,-0.140405433114721,2811089.0,2111030.0,265224.0,6688000.0
Lithuania,2021,0.03223423013129434,35.1485148514851,35.9214308527627,44.8797349089748,100.0,100.0,31.7,0.241305756546441,2810369.0,2092365.0,303423.0,6366000.0
Lithuania,2022,0.022894455537802116,35.1807490816164,36.3999361124421,44.8551349624661,100.0,100.0,33.2,1.05849535200157,2808380.0,1803624.0,346123.0,6614000.0
Luxembourg,2001,0.07768619438640201,33.6769652665025,24.0827202597826,169.472433053922,100.0,100.0,6.8,1.85740608119151,436300.0,228350.0,763803.0,253841.0
Luxembourg,2002,0.07768619438640201,33.7546514608889,24.0827202597826,171.501984882267,100.0,100.0,3.4,1.66211199219479,441525.0,267770.0,706580.0,262348.0
Luxembourg,2003,0.0776861943863949,33.8323376552753,24.0827202597826,173.30818890175,100.0,100.0,1.3,1.50165944622789,446175.0,210343.0,943566.0,254060.0
Luxembourg,2004,0.07768619438640201,33.9100238496617,24.0827202597826,175.427079853639,100.0,100.0,1.3,1.66872919053788,451630.0,283620.0,1526095.0,266682.0
Luxembourg,2005,0.07768619438640201,33.9877100440481,24.0827202597826,177.938286087179,100.0,100.0,1.4,1.87519189154017,458095.0,319928.0,442653.0,256680.0
Luxembourg,2006,0.0776861943863949,34.0653962384345,23.3058583159187,180.681774041935,100.0,100.0,1.9,1.98688358626466,465158.0,350056.0,412573.0,277452.0
Luxembourg,2007,0.07768619438640201,34.1430824328209,23.3058583159187,183.586849281014,100.0,100.0,2.1,2.05746880825298,472637.0,371979.0,679717.0,317054.0
Luxembourg,2008,0.07768619438640201,34.2207686272073,23.6942892878507,186.444147510546,100.0,100.0,3.6,2.01479421599377,479993.0,301597.0,1040392.0,359453.0
Luxembourg,2009,0.07768619438629543,34.2984548215937,24.0827202597826,189.806794434561,100.0,100.0,4.0,2.2688378192309,488650.0,384416.0,688146.0,354676.0
Luxembourg,2010,0.07768619438640201,34.37614101598,23.9933811362383,193.354334501216,100.0,100.0,3.7,2.34613918834195,497783.0,231402.0,657307.0,357142.0
Luxembourg,2011,0.0,34.4538272103664,24.063298711186,196.916246513832,100.0,100.0,3.7,2.33516468730941,506953.0,102164.0,790475.0,502169.0
Luxembourg,2012,0.0,34.4538272103664,24.1293319764145,201.342029008025,100.0,100.0,3.8,2.75054879891022,518347.0,172567.0,1127269.0,438039.0
Luxembourg,2013,0.0,34.4538272103664,24.3002416040645,206.235870823396,100.0,100.0,4.2,2.94449696747243,530946.0,419710.0,783850.0,393915.0
Luxembourg,2014,0.0,34.4538272103664,24.257514197152,211.05785290896,100.0,100.0,5.7,2.86947891175793,543360.0,383863.0,657680.0,302710.0
Luxembourg,2015,0.0,34.4538272103664,24.3196631526611,216.091529874226,100.0,100.0,6.8,2.92962352217418,556319.0,412320.0,570780.0,344757.0
Luxembourg,2016,0.0,34.4538272103664,24.3934650373282,221.251835336342,100.0,100.0,9.1,2.94584366285559,569604.0,412320.0,564080.0,372389.0
Luxembourg,2017,0.0,34.4538272103664,24.0283399237122,226.072263698018,100.0,100.0,13.5,2.75404407302226,582014.0,413154.0,573815.0,324712.0
Luxembourg,2018,0.0,34.4538272103664,24.097480636716,231.635372078028,100.0,100.0,15.3,3.04158091584956,596336.0,805228.0,1095274.0,367760.0
Luxembourg,2019,0.0,34.4538272103664,24.1270013905829,236.146609386046,100.0,100.0,16.0,2.55074736114593,607950.0,355849.0,801258.0,447900.0
Luxembourg,2020,0.0,34.4538272103664,24.0667945899334,240.827591028798,100.0,100.0,16.4,2.59545052465459,620001.0,302623.0,479066.0,384885.0
Luxembourg,2021,0.0,34.4538272103664,24.1332162861338,244.874264894386,100.0,100.0,20.8,2.30880939780833,630419.0,265100.0,529427.0,349700.0
Luxembourg,2022,0.0,34.4538272103664,24.2660596785345,248.62068161867,100.0,100.0,20.5,2.28891879721472,640064.0,326857.0,740467.0,281340.0
Madagascar,2001,-0.08059462805649886,22.4071774942394,4.98675929428758,28.4010351824466,,0.8,82.2,4.38386552261145,16516338.0,46100.0,0.0,9763458.0
Madagascar,2002,-0.08059462805649886,22.3265828661829,5.07273790280978,29.2893678852701,4.5,0.8,84.1,4.26604909640402,17032939.0,45200.0,0.0,10045542.0
Madagascar,2003,-0.08059462805660189,22.2459882381264,5.07273790280978,30.1783419885133,,0.8,87.2,4.15185212036759,17549913.0,13600.0,0.0,10327998.0
Madagascar,2004,-0.08059462805649886,22.1653936100698,5.07273790280978,31.075857206727,7.7,0.8,84.8,4.0686000249966,18071854.0,13600.0,0.0,10693537.0
Madagascar,2005,-0.08059462805660189,22.0847989820133,5.07273790280978,31.9954053031606,0.9,0.7,84.3,4.03051287961766,18606608.0,43406.0,201.0,10952970.0
Madagascar,2006,-0.08059462805649886,22.0042043539567,5.15871651133198,32.946498951061,1.0,0.7,84.9,4.02050869673971,19159707.0,43406.0,201.0,11237793.0
Madagascar,2007,-0.08059462805649886,21.9236097259002,5.15871651133198,33.9287220139629,1.2,0.7,85.9,4.00610788137728,19730909.0,9280.0,5843.0,13315900.0
Madagascar,2008,-0.08059462805660189,21.8430150978437,5.15871651133198,34.9392698696564,1.3,0.6,86.2,3.98087477533884,20318583.0,9323.0,8076.0,13344450.0
Madagascar,2009,-0.08059462805649886,21.7624204697871,5.15871651133198,35.9800529628229,1.4,0.6,86.4,3.95908006789066,20923840.0,10484.0,7232.0,13377330.0
Madagascar,2010,-0.08059462805659834,21.6818258417306,5.15871651133198,37.0521030367644,,0.6,87.2,3.93792963976893,21547280.0,10428.0,5775.0,13344979.0
Madagascar,2011,-0.03218713457400213,21.601231213674,5.15871651133198,38.1458541114971,,0.6,86.7,3.88950225367973,22183340.0,4103.0,2948.0,13380911.0
Madagascar,2012,-0.02271934272379994,21.5690440791,5.15645545252194,39.2273910913638,,0.6,84.5,3.79865731297877,22822300.0,1229.0,1206.0,13380911.0
Madagascar,2013,-0.02290431698810025,21.5463247363762,5.15645545252194,40.327672118186,,0.5,83.3,3.70422372987129,23462438.0,15982.0,722.0,13325862.0
Madagascar,2014,-0.022719147473399204,21.5234204193881,5.15641113784806,41.4391371605363,,0.6,81.4,3.63679764938622,24109290.0,1987.0,44.0,13489880.0
Madagascar,2015,-0.022719147473299728,21.5007012719147,5.15641113784806,42.5650532829151,1.7,0.5,82.2,3.57738419016128,24764348.0,3830.0,7.0,13774344.0
Madagascar,2016,-0.022705397043701225,21.4779821244414,5.15641113784806,43.7035097971812,1.7,0.5,83.9,3.51575337604664,25426702.0,948.0,605.0,14062380.0
Madagascar,2017,-0.022722585080799718,21.4552767273977,5.15641113784806,44.8606943966999,,0.5,83.8,3.46951602047804,26099952.0,413.0,186.0,14331696.0
Madagascar,2018,-0.02272258508070024,21.4325541423169,5.15641113784806,46.0439584049502,,0.5,81.9,3.43969906075462,26788375.0,288.0,299.0,14592072.0
Madagascar,2019,-0.022705397043697673,21.4098315572362,5.15641113784806,47.2583808869027,16.0,0.5,84.2,3.43262310541589,27494926.0,365.0,1455.0,14855844.0
Madagascar,2020,-0.022722585080799718,21.3871261601925,5.15641113784806,48.5038741835682,13.0,0.5,82.5,3.88522619474041,28219554.0,721.0,2964.0,15119918.0
Madagascar,2021,-0.022711069095901593,21.3644035751117,5.15641113784806,49.7654795462358,6.7,0.5,84.7,3.87013474245801,28953556.0,13997.0,1694.0,15384292.0
Madagascar,2022,-0.022718803712599822,21.3416925060158,5.15641113784806,51.0331436919904,10.9,0.5,83.6,3.84762142745941,29691083.0,12990.0,1400.0,15646838.0
Malawi,2001,-0.4454815443361042,32.6866779804837,29.1684344505728,120.024840899448,0.7,0.4,82.6,3.20100836115139,11315942.0,279.0,22.0,6364075.0
Malawi,2002,-0.4454815443359976,32.2411964361476,30.22910479423,122.964128128978,1.3,0.5,83.1,3.12097470266371,11593058.0,279.0,22.0,6395659.0
Malawi,2003,-0.4454815443359976,31.7957148918116,30.22910479423,126.012303775986,1.5,0.5,83.3,3.06823106957157,11880440.0,279.0,22.0,6429117.0
Malawi,2004,-0.4454815443360012,31.3502333474756,31.8201103097157,129.206342808655,0.8,0.5,82.8,3.05887318510944,12181574.0,327.0,439.0,6464449.0
Malawi,2005,-0.4454815443360012,30.9047518031396,31.8201103097157,132.591610097582,2.8,0.6,82.4,3.09630791016817,12500737.0,231.0,590.0,6501655.0
Malawi,2006,-0.44548154433610065,30.4592702588036,33.9414509970301,136.19040093339,2.1,0.6,83.2,3.15966660149165,12840031.0,231.0,590.0,6540741.0
Malawi,2007,-0.4454815443359976,30.0137887144675,35.0021213406873,139.994707254985,,0.6,82.8,3.22552393970417,13198701.0,132.0,1573.0,6589348.0
Malawi,2008,-0.4454815443360012,29.5683071701315,35.0021213406873,144.000243954179,2.6,0.6,82.2,3.29694444113219,13576343.0,4707.0,33.0,6640100.0
Malawi,2009,-0.4454815443360012,29.1228256257955,36.5931268561731,148.243710224862,2.8,0.6,80.4,3.40152438079919,13976417.0,11009.0,33.0,6693000.0
Malawi,2010,-0.4454815443359976,28.6773440814595,37.1234620280017,152.691854051761,3.1,0.6,80.0,3.46237323309805,14395788.0,3979.0,52.0,6808068.0
Malawi,2011,-0.44548154433610065,28.2318625371235,37.1234620280017,157.259896054306,3.9,0.6,81.2,3.44110049608203,14826463.0,5614.0,146.0,6885340.0
Malawi,2012,-0.4454815443360012,27.7863809927874,37.1234620280017,161.911561306746,3.0,0.6,80.2,3.39597396394666,15265022.0,1099.0,33.0,6945603.0
Malawi,2013,-0.4454815443359976,27.3408994484514,37.1234620280017,166.626824352991,1.8,0.6,80.2,3.33894855025274,15709577.0,1099.0,29.0,7008235.0
Malawi,2014,-0.4454815443360012,26.8954179041154,37.6007636826474,171.423589308443,3.8,0.6,79.8,3.29335673845668,16161816.0,907.0,64.0,7073238.0
Malawi,2015,-0.4454815443360012,26.4499363597794,38.1947390750955,176.299724225711,5.3,0.6,82.8,3.24682151031395,16621538.0,3979.0,1945.0,7105730.0
Malawi,2016,-0.44548154433610065,26.0044548154434,38.7781077641069,181.221754348748,3.4,0.6,81.0,3.18205072113662,17085587.0,2143.0,1405.0,7160655.0
Malawi,2017,-0.4454815443359976,25.5589732711073,39.3720831565549,186.229730589733,4.9,0.6,78.9,3.14056098794322,17557739.0,196.0,57.0,7218956.0
Malawi,2018,-0.4454815443360012,25.1134917267713,39.9554518455664,191.341907085278,3.7,0.6,76.9,3.10852759634947,18039715.0,120.0,3633.0,7279531.0
Malawi,2019,-0.4454815443360012,24.6680101824353,40.5494272380144,196.521860415783,11.7,0.5,73.2,3.03835350425563,18528081.0,0.0,1200.0,7342397.0
Malawi,2020,-0.4454815443359976,24.2225286380993,41.1327959270259,201.800509121765,4.1,0.5,70.9,3.37337029752981,19025752.0,1489.0,3267.0,7407579.0
Malawi,2021,-0.44548154433610065,23.7770470937633,41.7267713194739,207.190156979211,3.5,0.5,71.5,3.60861308750451,19533888.0,0.0,6704.0,7475100.0
Malawi,2022,-0.4454815443360012,23.3315655494272,42.4268137462877,212.635320322444,5.6,0.5,71.1,3.76575887922325,20047258.0,0.0,218.0,7545693.0
Malaysia,2001,-0.2263582407547986,59.9341043981129,2.64404200273931,69.9066078222493,97.6,95.6,4.4,4.11857803519402,22967816.0,6845300.0,758000.0,27725720.0
Malaysia,2002,-0.2263582407547986,59.7077461573581,2.66930451985999,71.6071769898037,97.6,95.6,4.2,4.08152524339431,23526538.0,5125000.0,850308.0,23545527.0
Malaysia,2003,-0.22635824075490518,59.4813879166033,2.94475726677827,73.3601491401613,97.7,95.6,3.5,4.05272088883183,24102477.0,5195272.0,431538.0,22690802.0
Malaysia,2004,-0.2263582407547986,59.2550296758484,2.88004869882818,75.1167310911581,97.7,95.55,3.3,3.94409179489146,24679602.0,5583724.0,120641.0,26529423.0
Malaysia,2005,-0.2263582407547986,59.0286714350936,2.88144879013849,76.8734500076092,97.8,95.4,3.2,3.82112666452826,25256772.0,5303497.0,110550.0,28470279.0
Malaysia,2006,-0.22635824075489808,58.8023131943388,2.88969715416223,78.6366489118856,97.8,95.1,3.0,3.69725403553387,25836071.0,5887069.0,53425.0,28254261.0
Malaysia,2007,-0.2263582407548057,58.5759549535839,2.70948105311216,80.4075757114594,97.8,94.8,3.1,3.56581273090479,26417909.0,4885909.0,104384.0,26190648.0
Malaysia,2008,-0.2263582407547986,58.3495967128291,2.5177294171359,82.1743691979912,97.9,94.4,2.8,3.4110707111258,26998389.0,4914300.0,98266.0,27953200.0
Malaysia,2009,-0.22635824075489808,58.1232384720743,2.64921625323391,83.9143478922538,98.0,94.0,3.0,3.22157107251627,27570059.0,4378657.0,76352.0,25652700.0
Malaysia,2010,-0.2263582407547986,57.8968802313194,2.5719068634911,85.6027332217319,97.9,93.6,2.3,2.99707442771645,28124778.0,4284086.0,38908.0,22985176.0
Malaysia,2011,0.3144544209404998,57.6705219905646,2.60021305737331,87.2189194947497,99.0,92.8,2.0,2.74387862869148,28655776.0,4522415.0,61439.0,22113489.0
Malaysia,2012,0.3144544209404998,57.9849764115051,2.63460660477857,88.7598204230711,98.8,92.2,2.2,2.54121527592977,29162039.0,3314335.0,110264.0,20692004.0
Malaysia,2013,0.3144544209404998,58.2994308324456,2.64312889971085,90.2840693958302,99.5,91.8,2.5,2.46075428405176,29662831.0,3011487.0,75013.0,20541329.0
Malaysia,2014,0.3144544209404998,58.6138852533861,2.44315933647847,91.8407091766854,98.7,90.9,2.8,2.42976452098701,30174265.0,3118354.0,28760.0,19412379.0
Malaysia,2015,0.3144544209404998,58.9283396743266,2.47756810226754,93.4291188555775,99.0,89.9,3.0,2.3911113300604,30696137.0,3211488.0,36802.0,20405075.0
Malaysia,2016,-0.4552731699894039,59.2427940952671,2.51197686805661,95.0625414700959,99.5,89.25,3.4,2.35956978250673,31232798.0,3002934.0,33107.0,16992344.0
Malaysia,2017,-0.15264038959059434,58.7875209252777,2.51197686805661,96.7575254907929,99.6,88.0,4.4,2.33773644681585,31789685.0,2781150.0,16836.0,16389815.0
Malaysia,2018,-0.15264038959060144,58.6348805356871,2.51197686805661,98.4801217470705,99.9,86.7,5.2,2.27323363905926,32355644.0,2587498.0,13894.0,16323173.0
Malaysia,2019,-0.15264038959060144,58.4822401460965,2.51197686805661,100.170345457312,100.0,85.1,5.3,2.14258820615584,32910967.0,1659430.0,253272.0,17305051.0
Malaysia,2020,-0.15264038959070092,58.3295997565059,2.51197686805661,101.782364936844,100.0,84.2,5.7,1.96367692651109,33440596.0,1381555.0,150714.0,17208164.0
Malaysia,2021,-0.15264038959060144,58.1769593669152,2.51197686805661,103.148860143053,100.0,82.8,7.0,1.61839929712928,33889558.0,1042779.0,291737.0,17171868.0
Malaysia,2022,-0.15264038959059434,58.0243189773246,2.51197686805661,104.344541165728,100.0,80.8,7.5,1.76047905071702,34282399.0,608051.0,421664.0,17137642.0
Maldives,2001,0.0,2.73333333333333,10.0,940.063333333333,77.9,15.8,2.3,3.85509138830998,282019.0,,364.0,13185.0
Maldives,2002,0.0,2.73333333333333,10.0,955.89,82.7,23.6,2.3,5.03988445430481,286767.0,,364.0,13410.0
Maldives,2003,0.0,2.73333333333333,10.0,972.053333333333,83.6,33.3,1.8,6.25769847950436,291616.0,,364.0,13639.0
Maldives,2004,0.0,2.73333333333333,10.0,988.303333333333,84.6,44.15,2.2,6.56393503106261,296491.0,,364.0,13872.0
Maldives,2005,0.0,2.73333333333333,10.0,1004.71,85.6,54.8,1.7,6.20191530555894,301413.0,,364.0,14109.0
Maldives,2006,0.0,2.73333333333333,10.0,1021.43,86.6,64.35,2.0,5.28850267980301,306429.0,,364.0,14351.0
Maldives,2007,0.0,2.73333333333333,10.0,1046.17,87.7,72.5,1.6,4.7034922818256,313851.0,,364.0,14554.0
Maldives,2008,0.0,2.73333333333333,10.0,1081.59666666667,89.0,79.0,1.5,4.94109210908272,324479.0,,364.0,14760.0
Maldives,2009,0.0,2.73333333333333,10.0,1120.56666666667,90.3,84.1,1.5,4.93963181411588,336170.0,,364.0,14969.0
Maldives,2010,0.0,2.73333333333333,10.0,1160.91666666667,99.9,87.8,1.5,4.74971280410614,348275.0,,1489.0,15182.0
Maldives,2011,0.0,2.73333333333333,13.0,1202.64,98.7,91.0,1.4,4.60519906343892,360792.0,,223.0,15398.0
Maldives,2012,0.0,2.73333333333333,13.0,1245.58,98.7,93.2,1.3,4.49039988870871,373674.0,,453.0,15570.0
Maldives,2013,0.0,2.73333333333333,13.0,1289.39333333333,98.9,94.8,1.2,4.39125890981467,386818.0,,864.0,15718.0
Maldives,2014,0.0,2.73333333333333,13.0,1333.56666666667,99.0,96.2,1.3,4.29708388690824,400070.0,,864.0,15882.0
Maldives,2015,0.0,2.73333333333333,13.0,1378.72333333333,100.0,97.1,1.2,4.29868481529749,413617.0,,2356.0,16048.0
Maldives,2016,0.0,2.73333333333333,13.0,1427.18,99.6,97.8,1.5,4.45321237779904,428154.0,492.0,2321.0,16216.0
Maldives,2017,0.0,2.73333333333333,13.0,1477.69333333333,100.0,98.4,1.2,4.45517862607386,443308.0,0.0,1145.0,16289.0
Maldives,2018,0.0,2.73333333333333,13.0,1527.62333333333,99.9,98.7,1.3,4.2734522155411,458287.0,0.0,1566.0,16363.0
Maldives,2019,0.0,2.73333333333333,13.0,1576.99666666667,100.0,99.1,1.3,4.10308111774376,473099.0,351.0,7408.0,16437.0
Maldives,2020,0.0,2.73333333333333,13.0,1625.77,100.0,99.3,1.3,3.94134282962192,487731.0,0.0,1987.0,16513.0
Maldives,2021,0.0,2.73333333333333,13.0,1673.72666666667,100.0,99.5,1.6,3.77511356789507,502118.0,0.0,1900.0,16589.0
Maldives,2022,0.0,2.73333333333333,13.0,1720.51333333333,100.0,99.7,1.4,3.59830458494913,516154.0,0.0,180.0,16670.0
Mali,2001,0.0,10.896663634352,3.71253657217319,9.47335251067457,,0.3,83.5,4.60565617130307,11559290.0,2800.0,2500.0,5143485.0
Mali,2002,0.0,10.896663634352,3.71253657217319,9.76254353830141,,0.3,82.1,4.78567667349428,11912158.0,2800.0,2500.0,5200428.0
Mali,2003,0.0,10.896663634352,4.01576803612552,10.0706037584311,1.7,0.3,83.6,4.95874790482483,12288050.0,2800.0,32.0,5258481.0
Mali,2004,0.0,10.896663634352,4.86973340217507,10.3958850670797,2.5,0.35,85.8,5.09212752937525,12684955.0,7695.0,39.0,5317673.0
Mali,2005,0.0,10.896663634352,4.01740712511986,10.7380071956007,3.2,0.4,81.5,5.20081613329354,13102409.0,1266.0,923.0,5378031.0
Mali,2006,0.0,10.896663634352,4.59190781763496,11.0955236479565,3.8,0.4,82.3,5.27694833285725,13538647.0,1266.0,923.0,5439583.0
Mali,2007,0.0,10.896663634352,4.65255411042543,11.4655414320721,1.5,0.4,81.7,5.31081412068887,13990139.0,1256.0,923.0,5497179.0
Mali,2008,0.0,10.896663634352,4.7599144395545,11.8487899425499,5.0,0.4,78.9,5.33756788025191,14457775.0,739.0,504.0,5555900.0
Mali,2009,0.0,10.896663634352,4.94267286242307,12.2446356714938,5.5,0.4,75.0,5.3462035545638,14940782.0,526.0,470.0,5615800.0
Mali,2010,0.0,10.896663634352,5.12657864758767,12.6501110482794,5.7,0.4,78.7,5.32489758859847,15435539.0,783.0,0.0,5676920.0
Mali,2011,0.0,10.896663634352,5.13116809677181,13.0677992771618,,0.4,84.0,5.34568956930789,15945198.0,905.0,49.0,5739248.0
Mali,2012,0.0,10.896663634352,5.28606200673666,13.497118481548,1.4,0.4,83.6,5.37917753226324,16469049.0,1891.0,17.0,5849877.0
Mali,2013,0.0,10.896663634352,5.4409559167015,13.8970430834542,,0.4,81.2,5.10697370029046,16957033.0,892.0,3033.0,5917577.0
Mali,2014,0.0,10.896663634352,5.59584982666634,14.3089313959301,3.4,0.4,84.8,5.14232370982279,17459615.0,3667.0,10593.0,6049477.0
Mali,2015,0.0,10.896663634352,5.75074373663118,14.7684106573566,4.5,0.4,84.6,5.4113932085749,18020267.0,14102.0,1111.0,6336606.0
Mali,2016,0.0,10.896663634352,5.90563764659602,15.2378088658324,7.3,0.4,81.2,5.40376274744833,18593022.0,10441.0,1111.0,6447995.0
Mali,2017,0.0,10.896663634352,6.06135110105803,15.7281152935199,8.4,0.4,77.9,5.46124181744466,19191289.0,19145.0,641.0,6497530.0
Mali,2018,0.0,10.896663634352,6.21624501102287,16.2376441373884,,0.4,77.0,5.49741731083225,19813011.0,42410.0,53.0,6548100.0
Mali,2019,0.0,10.896663634352,6.37113892098771,16.7531531974529,25.4,0.4,77.2,5.44545861158341,20442030.0,49646.0,0.0,6599732.0
Mali,2020,0.0,10.896663634352,6.52603283095256,17.2664953818668,15.2,0.4,74.9,5.34519711408943,21068405.0,67773.0,62.0,6652451.0
Mali,2021,0.0,10.896663634352,6.6809267409174,17.7954548062187,16.8,0.4,72.8,5.34809264749708,21713836.0,116681.0,0.0,6706283.0
Mali,2022,0.0,10.896663634352,6.83582065088224,18.348478515641,18.3,0.4,71.2,5.3911832288756,22388630.0,41842.0,0.0,6843717.0
Malta,2001,0.0,1.09375,25.0,1219.021875,100.0,100.0,0.0,0.74175046484388,390087.0,0.0,4340.0,0.0
Malta,2002,0.0,1.09375,28.125,1228.2125,100.0,100.0,0.0,0.840993069844095,393028.0,0.0,4390.0,0.0
Malta,2003,0.0,1.09375,28.125,1237.403125,100.0,100.0,0.1,0.832087477243136,395969.0,0.0,4370.0,0.0
Malta,2004,0.0,1.09375,29.0625,1245.56875,100.0,100.0,0.1,0.744238574737344,398582.0,0.0,184.0,0.0
Malta,2005,0.0,1.09375,28.125,1253.9625,100.0,100.0,0.1,0.761638658241286,401268.0,0.0,30.0,0.0
Malta,2006,0.0,1.09375,25.625,1261.98125,100.0,100.0,0.1,0.733684455465817,403834.0,0.0,20.0,0.0
Malta,2007,0.0,1.09375,25.625,1266.5875,100.0,100.0,0.2,0.471420404802011,405308.0,0.0,75.0,0.0
Malta,2008,0.0,1.09375,25.0,1271.0125,100.0,100.0,0.2,0.469208456320589,406724.0,0.0,14.0,0.0
Malta,2009,0.0,1.09375,25.0,1279.309375,100.0,100.0,0.2,0.775855731558195,409379.0,0.0,24.0,0.0
Malta,2010,0.0,1.09375,25.0,1288.990625,100.0,100.0,0.3,0.873975660812101,412477.0,0.0,89.0,0.0
Malta,2011,0.0,1.09375,28.375,1295.3375,100.0,100.0,1.2,0.595929887643802,414508.0,0.0,321.0,0.0
Malta,2012,0.0,1.09375,28.375,1300.8375,100.0,100.0,2.0,0.502782443727903,416268.0,0.0,287.0,0.0
Malta,2013,0.0,1.09375,28.125,1312.5875,100.0,100.0,2.7,0.948857180130542,420028.0,0.0,877.0,0.0
Malta,2014,0.0,1.09375,28.03125,1327.53125,100.0,100.0,3.2,1.16189083804925,424810.0,10.0,1388.0,0.0
Malta,2015,0.0,1.09375,28.03125,1354.628125,100.0,100.0,4.5,2.04366062567894,433481.0,10.0,1148.0,0.0
Malta,2016,0.09375,1.09375,28.03125,1388.1875,100.0,100.0,6.0,2.47510149288655,444220.0,35.0,1272.0,0.0
Malta,2017,0.125,1.1875,28.34375,1420.328125,100.0,100.0,9.2,2.33244802217776,454505.0,35.0,660.0,0.0
Malta,2018,0.125,1.3125,28.34375,1459.70625,100.0,100.0,7.3,2.82908000996048,467106.0,0.0,1129.0,0.0
Malta,2019,0.0,1.4375,28.34375,1512.196875,100.0,100.0,7.6,3.69663169973349,483903.0,0.0,1183.0,0.0
Malta,2020,0.0,1.4375,28.34375,1574.725,100.0,100.0,7.4,4.27221326001935,503912.0,0.0,1571.0,0.0
Malta,2021,0.0,1.4375,24.375,1610.90625,100.0,100.0,9.2,2.53562181333535,515490.0,0.0,1003.0,0.0
Malta,2022,0.0,1.4375,24.375,1619.21875,100.0,100.0,8.6,0.861229340869234,518150.0,0.0,1490.0,0.0
Marshall Islands,2016,0.0,52.2222222222222,2.77777777777778,271.111111111111,85.5,1.1,11.7,-1.50107244802237,48800.0,0.0,32.0,
Marshall Islands,2017,0.0,52.2222222222222,2.77777777777778,265.05,86.9,1.0,12.1,-1.7558006146421,47709.0,0.0,735.0,
Marshall Islands,2018,0.0,52.2222222222222,2.77777777777778,258.494444444444,90.5,1.0,12.0,-2.01248854719859,46529.0,0.0,1237.0,
Marshall Islands,2019,0.0,52.2222222222222,2.77777777777778,251.583333333333,95.8,0.8,12.0,-2.2353033330215,45285.0,0.0,0.0,
Marshall Islands,2020,0.0,52.2222222222222,2.77777777777778,244.483333333333,100.0,0.8,12.1,-2.40152766563051,44007.0,0.0,34.0,
Marshall Islands,2021,0.0,52.2222222222222,2.77777777777778,237.255555555556,100.0,0.7,12.0,-2.55450135836133,42706.0,0.0,322.0,
Marshall Islands,2022,0.0,52.2222222222222,2.77777777777778,229.816666666667,100.0,0.7,12.1,-2.75841428520456,41367.0,0.0,486.0,
Mauritania,2001,-0.005277966430580983,0.409081206946735,0.436596487823809,2.53559813718832,3.0,13.6,44.4,2.66665622423687,2613441.0,411.0,37.0,1434069.0
Mauritania,2002,-0.005277966430581038,0.403803240516154,0.436596487823809,2.59897157271757,4.9,14.2,44.2,2.60385454155604,2678760.0,411.0,37.0,1470448.0
Mauritania,2003,-0.005277966430580983,0.398525274085573,0.436596487823809,2.65708256524692,3.7,15.15,42.1,2.95113320189588,2738655.0,411.0,80.0,1508040.0
Mauritania,2004,-0.005277966430580983,0.393247307654992,0.436596487823809,2.71858542737945,3.8,15.8,40.2,3.57367381025006,2802046.0,439.0,262.0,1546888.0
Mauritania,2005,-0.005277966430582037,0.387969341224411,0.436596487823809,2.78321917143689,3.8,16.4,38.6,4.08792971020018,2868664.0,314.0,1422.0,1587039.0
Mauritania,2006,-0.005277966430580983,0.382691374793829,0.436596487823809,2.85151741534879,1.2,16.9,38.8,4.52149815724087,2939059.0,314.0,1422.0,1625539.0
Mauritania,2007,-0.005277966430580983,0.377413408363248,0.436596487823809,2.92389638110022,3.8,17.2,39.1,4.8711169542429,3013660.0,314.0,1422.0,1694899.0
Mauritania,2008,-0.005277966430581038,0.372135441932667,0.436596487823809,3.00093043562627,3.8,17.7,35.6,5.14587749601302,3093059.0,314.0,3355.0,1736400.0
Mauritania,2009,-0.005277966430580983,0.366857475502086,0.436596487823809,3.08845347821869,4.0,18.0,35.8,5.52064773068348,3183269.0,314.0,370.0,1779100.0
Mauritania,2010,-0.005277966430580983,0.361579509071505,0.436596487823809,3.18661880275541,3.2,18.1,33.4,5.80225185284367,3284448.0,314.0,1603.0,1823052.0
Mauritania,2011,-0.005277966430581982,0.356301542640924,0.436596487823809,3.28996313185214,2.1,18.6,34.0,5.82647240618461,3390965.0,314.0,17965.0,1868252.0
Mauritania,2012,-0.005277966430581038,0.351023576210342,0.436596487823809,3.39847773357912,1.5,18.7,33.3,5.78223469022231,3502811.0,314.0,33255.0,1909238.0
Mauritania,2013,-0.005277966430580983,0.345745609779761,0.436596487823809,3.511238963811,0.8,18.9,31.9,5.65022864652988,3619034.0,314.0,22885.0,1951197.0
Mauritania,2014,-0.005277966430580983,0.34046764334918,0.436596487823809,3.62308916270496,,18.7,35.1,5.35275419208433,3734318.0,314.0,27260.0,1994154.0
Mauritania,2015,-0.005277966430581038,0.335189676918599,0.436596487823809,3.7338837683128,,18.9,31.0,5.24438258947112,3848514.0,314.0,20781.0,2038133.0
Mauritania,2016,-0.005277966430580983,0.329911710488018,0.436596487823809,3.84783060056272,,19.2,28.3,5.35310677510537,3965959.0,0.0,1278.0,2083160.0
Mauritania,2017,-0.005239157853886012,0.324633744057437,0.436596487823809,3.96493354031241,,19.2,31.7,5.38944246670266,4086657.0,0.0,5548.0,2121568.0
Mauritania,2018,-0.005336179295623966,0.319394586203551,0.436596487823809,4.08518482584651,,19.2,25.5,5.37502523222296,4210600.0,0.0,7206.0,2160747.0
Mauritania,2019,-0.005239157853886012,0.314058406907927,0.436596487823809,4.20848452508004,,19.4,21.6,4.68124966581243,4337685.0,0.0,5335.0,2200712.0
Mauritania,2020,-0.005336179295624022,0.308819249054041,0.436596487823809,4.33463471427185,,19.6,21.2,4.62471052992238,4467708.0,0.0,4617.0,2241479.0
Mauritania,2021,-0.005271465993984981,0.303483069758417,0.436596487823809,4.46311341806539,,19.9,20.9,4.55580963458665,4600131.0,0.0,1010.0,2283067.0
Mauritania,2022,-0.005314640535558024,0.298211603764432,0.436596487823809,4.59384301930727,,19.9,22.1,4.48497730741558,4734874.0,0.0,2756.0,2325304.0
Mauritius,2001,-0.1743842364532,20.6551724137931,44.3349753694581,584.666502463054,98.3,90.15,20.4,0.51853232491697,1186873.0,0.0,14441.0,18000.0
Mauritius,2002,-0.1743842364532,20.4807881773399,44.8275862068966,589.303940886699,98.7,91.5,20.1,0.360301667227693,1196287.0,0.0,9000.0,17000.0
Mauritius,2003,-0.1743842364532,20.3064039408867,43.8423645320197,593.409359605911,99.0,92.4,17.9,0.253750326768116,1204621.0,0.0,6700.0,15100.0
Mauritius,2004,-0.1743842364532,20.1320197044335,43.3497536945813,597.71921182266,98.6,93.2,18.9,0.276735888041273,1213370.0,0.0,10688.0,14000.0
Mauritius,2005,-0.1743842364532,19.9576354679803,42.8571428571429,601.479310344828,98.6,94.0,19.1,0.177526400361395,1221003.0,536.0,19863.0,14000.0
Mauritius,2006,-0.1743842364532,19.7832512315271,41.871921182266,605.051231527094,98.6,94.6,17.6,0.144565072517374,1228254.0,536.0,19863.0,12500.0
Mauritius,2007,-0.1743842364532,19.6088669950739,40.8866995073892,607.879802955665,98.6,95.1,16.4,0.0249311920181904,1233996.0,536.0,19863.0,16700.0
Mauritius,2008,-0.1743842364532,19.4344827586207,39.9014778325123,610.655172413793,98.6,95.7,15.7,0.024727185094246,1239630.0,536.0,3726.0,15400.0
Mauritius,2009,-0.1743842364532,19.2600985221675,39.4088669950739,612.867487684729,98.6,96.0,12.7,-0.0542099799205598,1244121.0,477.0,3676.0,15400.0
Mauritius,2010,-0.1743842364532,19.0857142857143,39.4088669950739,614.497044334975,98.7,96.5,12.8,-0.130699558186649,1247429.0,391.0,2714.0,15000.0
Mauritius,2011,0.3034921840888991,18.9113300492611,39.4088669950739,615.960591133005,99.3,96.8,12.8,-0.134045353568484,1250400.0,386.0,27434.0,14000.0
Mauritius,2012,-0.009013520280397813,19.21482223335,39.0585878818227,627.142714071107,99.5,97.1,12.0,-0.182916526095116,1252404.0,530.0,15325.0,11000.0
Mauritius,2013,-0.009013520280401366,19.2058087130696,38.0570856284427,628.884326489735,99.1,97.3,11.4,-0.0459306177391643,1255882.0,411.0,16320.0,7200.0
Mauritius,2014,-0.009013520280397813,19.1967951927892,37.5563345017526,630.409113670506,99.1,97.7,11.4,-0.0732144559625893,1258927.0,369.0,10216.0,3500.0
Mauritius,2015,-0.009013520280500842,19.1877816725088,37.5563345017526,631.551326990486,99.3,97.9,10.6,-0.125464533897739,1261208.0,94.0,29247.0,2540.0
Mauritius,2016,-0.005007511266899911,19.1787681522283,37.5563345017526,632.388082123185,99.5,98.1,11.5,-0.164137988516779,1262879.0,329.0,4962.0,2000.0
Mauritius,2017,0.18027040560849983,19.1737606409614,37.5563345017526,632.822734101152,99.8,98.3,10.3,-0.216603408868185,1263747.0,175.0,8422.0,6520.0
Mauritius,2018,0.020030045067599644,19.3540310465699,37.5563345017526,633.393590385578,99.6,98.4,9.4,-0.1831999222976,1264887.0,57.0,10992.0,6520.0
Mauritius,2019,0.020030045067599644,19.3740610916375,37.5563345017526,633.739108662994,100.0,98.5,9.2,-0.205422502200271,1265577.0,2523.0,31659.0,6520.0
Mauritius,2020,0.020030045067599644,19.3940911367051,37.5563345017526,633.943415122684,100.0,98.7,8.9,-0.213492307319007,1265985.0,2684.0,45467.0,6563.0
Mauritius,2021,0.020030045067599644,19.4141211817727,37.5563345017526,633.957936905358,99.5,98.8,9.4,-0.227865567305752,1266014.0,705.0,22324.0,4997.0
Mauritius,2022,0.020030045067599644,19.4341512268403,37.5563345017526,634.118177265899,99.8,98.9,8.6,-0.188365605998914,1266334.0,6158.0,8675.0,4997.0
Mexico,2001,-0.0739751536819,35.1764963090614,11.78271046066,50.734613544587,93.8,46.8,12.2,1.98394889709936,98625552.0,17500.0,36100.0,45665508.0
Mexico,2002,-0.0739751536819,35.1025211553795,11.9092569253324,51.4926304688907,90.7,48.2,11.3,1.97626306797351,100099099.0,15000.0,48000.0,45156319.0
Mexico,2003,-0.07397515368199947,35.0285460016976,11.9262326705934,52.2382900794774,92.9,49.6,10.7,1.95874645064604,101548624.0,31905.0,63335.0,43966958.0
Mexico,2004,-0.0739751536819,34.9545708480156,12.1669796033849,52.9738496360503,91.6,50.6,10.2,1.87555257812404,102978515.0,16356.0,76000.0,44370427.0
Mexico,2005,-0.0739751536819,34.8805956943337,11.9416651662851,53.7020658967566,96.1,51.3,10.2,1.73449198121998,104394131.0,15903.0,193000.0,45180734.0
Mexico,2006,-0.07397515368199947,34.8066205406518,11.983847321176,54.4311859872939,96.8,51.5,10.3,1.54153814055472,105811504.0,15885.0,157987.0,44628877.0
Mexico,2007,-0.0739751536819,34.7326453869698,12.0183132282209,55.1730579490213,97.2,51.7,9.8,1.38432116824499,107253666.0,21022.0,186791.0,44651787.0
Mexico,2008,-0.0739751536819,34.6586702332879,12.098562205818,55.9553280691376,93.3,51.7,9.5,1.41636964574503,108774360.0,22296.0,164455.0,44905800.0
Mexico,2009,-0.07397515368199947,34.584695079606,11.9889914864065,56.7783574680419,96.2,51.7,9.8,1.46579008481135,110374288.0,36335.0,46899.0,45119100.0
Mexico,2010,-0.0739751536819,34.510719925924,11.905656009671,57.6145070603668,94.3,51.5,9.2,1.46891051893651,111999721.0,15106.0,31558.0,43878445.0
Mexico,2011,-0.06300573574419843,34.4367447722421,11.7971141233056,58.4500090022892,97.6,51.4,9.4,1.45287970100753,113623895.0,20126.0,25690.0,43869976.0
Mexico,2012,-0.06300573574430501,34.3737390364979,11.6854857378019,59.2831626327838,96.8,51.4,9.1,1.47065672967521,115243504.0,27253.0,24150.0,43714414.0
Mexico,2013,-0.06300573574419843,34.3107333007536,11.6011214280203,60.0932163893104,97.2,51.8,9.0,1.47690834295452,116818208.0,57777.0,40970.0,44233860.0
Mexico,2014,-0.06300573574419843,34.2477275650094,11.5697420201137,60.8778893490059,96.8,52.0,9.2,1.47593812416974,118343573.0,57177.0,29758.0,44198312.0
Mexico,2015,-0.06300573574429791,34.1847218292652,11.3999845675043,61.6190030607783,97.4,52.4,9.8,1.44227004611311,119784261.0,134672.0,25901.0,44203772.0
Mexico,2016,-0.06572185498600192,34.1217160935209,11.3418555003987,62.2815946912215,97.9,53.0,9.2,1.35010690603571,121072306.0,55976.0,19246.0,44257238.0
Mexico,2017,-0.06572699915120239,34.0559942385349,11.1880449600041,62.8881149206513,98.3,53.6,9.2,1.29263408673132,122251351.0,40127.0,4857.0,44856432.0
Mexico,2018,-0.06552637670719719,33.9902672393837,10.4205355076005,63.4790282671879,100.0,54.4,10.1,1.29639194599228,123400057.0,38830.0,2565.0,46643813.0
Mexico,2019,-0.06584531495150259,33.9247408626765,10.2368888088685,64.0827752771419,98.3,55.3,10.3,1.34009770164304,124573711.0,58392.0,11156.0,46256381.0
Mexico,2020,-0.06584531495149548,33.858895547725,9.97968054733918,64.6945559299365,98.3,56.2,10.3,1.37072941424281,125762982.0,52107.0,47126.0,46173135.0
Mexico,2021,-0.06584531495150259,33.7930502327735,11.1545045911675,65.227528485815,97.7,57.2,12.3,1.23052761321089,126799054.0,38726.0,44935.0,46090075.0
Mexico,2022,-0.06533089842849904,33.727204917822,11.1488039301422,65.664316469045,100.0,58.4,13.0,0.990278035419992,127648148.0,58125.0,52141.0,47708800.0
Mongolia,2001,-0.005169833081509978,9.21774776141672,0.759267535515794,1.54338839734181,27.0,2.2,5.7,1.46982911332094,2388299.0,702.0,6514.0,644000.0
Mongolia,2002,-0.0051711778028700195,9.21257792833521,0.760191643179113,1.56242113783138,35.8,2.4,6.1,2.07703982718955,2417751.0,702.0,6514.0,717000.0
Mongolia,2003,-0.04806559176573977,9.20740675053234,0.761684321239091,1.58263236912359,36.8,2.8,6.5,2.8725422908488,2449027.0,702.0,6514.0,744000.0
Mongolia,2004,-0.003720354129569614,9.1593411587666,0.758818794270039,1.59541792198924,40.9,3.0,6.1,3.35510046797967,2480374.0,702.0,6514.0,756000.0
Mongolia,2005,-0.005146958485688913,9.15562080463703,0.755395489092875,1.6137036582467,39.0,3.4,5.8,3.50190125496465,2508412.0,702.0,6514.0,769000.0
Mongolia,2006,-0.022850485837500045,9.15047384615134,0.75474763408522,1.63171323734666,66.7,4.0,5.3,3.5947024721538,2536407.0,702.0,6514.0,765000.0
Mongolia,2007,-0.005136571506730192,9.12762336031384,0.754460264979813,1.64830525022335,41.5,4.4,4.5,3.62579526689615,2567168.0,702.0,6514.0,796005.0
Mongolia,2008,-0.005171660188761251,9.12248678880711,0.754264433191119,1.6705735718479,42.9,4.9,4.7,3.54227420665963,2601850.0,702.0,6514.0,800000.0
Mongolia,2009,-0.005136826718718623,9.11731512861835,0.768241940051912,1.69711733640935,44.4,5.5,4.7,3.41430500550442,2643201.0,1242.0,4281.0,804100.0
Mongolia,2010,-0.0041265088933410965,9.11217830189963,0.78051647735955,1.72788137676538,46.1,6.2,4.4,3.1363894957421,2691115.0,1242.0,4281.0,808216.0
Mongolia,2011,-0.0004786560307898924,9.10805179300629,0.793651844518259,1.75857916493112,41.9,6.9,4.5,2.43619451853851,2738622.0,50.0,1117.0,812361.0
Mongolia,2012,-0.0007153627273606133,9.1075731369755,0.829197871601698,1.78925253897917,25.2,7.7,4.0,1.85890477704761,2786317.0,530.0,797.0,815334.0
Mongolia,2013,-0.0007218301370688351,9.10685777424814,0.847079563805484,1.82353600871754,54.0,8.6,3.0,1.94600735547123,2839705.0,446.0,1480.0,780000.0
Mongolia,2014,-0.0007145904015004589,9.10613594411107,0.826493162123215,1.8616184405066,45.8,9.2,3.0,2.10431309106147,2899011.0,50.0,1480.0,762000.0
Mongolia,2015,-0.0007298560913895358,9.10542135370957,0.843086554724144,1.90278211075515,60.8,10.2,3.3,2.21129829852075,2963113.0,107.0,1641.0,762000.0
Mongolia,2016,-0.0007127925194509999,9.10469149761818,0.85295193068523,1.94371713207737,66.3,11.1,3.5,2.13732086115158,3026864.0,27.0,152.0,762000.0
Mongolia,2017,-0.0007127925194598816,9.10397870509873,0.849712898731961,1.98352563105577,74.1,11.9,3.4,1.9945341337406,3088856.0,27.0,997.0,762000.0
Mongolia,2018,-0.0007104544173088811,9.10326591257927,0.849470163982093,2.02209412791248,81.7,12.9,1.8,1.84978478178562,3148917.0,0.0,1603.0,762000.0
Mongolia,2019,-0.0007303270661509487,9.10255545816196,0.85174489727116,2.06015649331677,94.6,13.9,2.1,1.7798203055376,3208189.0,0.0,279.0,762000.0
Mongolia,2020,-0.002166643119370093,9.10182513109581,0.714078206694074,2.09835043390369,96.9,14.8,2.3,1.77725991491071,3267673.0,0.0,204.0,762000.0
Mongolia,2021,-0.000713828337669753,9.09965848797644,0.720385296448686,2.13623721809195,98.5,15.7,2.9,2.1906047569779,3327204.0,0.0,222.0,893867.0
Mongolia,2022,-0.0004476997476601241,9.09894465963877,0.719629831519216,2.17253662423347,100.0,16.9,3.0,3.32489814126361,3383741.0,242.0,296.0,895137.0
Montenegro,2007,1.4944237918216032,55.5092936802974,12.9368029739777,45.7267657992565,98.1,42.3,44.8,0.815891822826716,615025.0,73920.0,1290.0,457000.0
Montenegro,2008,1.4944237918214966,57.003717472119,12.9368029739777,45.7899628252788,98.1,42.0,42.3,0.757908955282185,615875.0,73920.0,1290.0,457000.0
Montenegro,2009,1.4944237918216032,58.4981412639405,12.8624535315985,45.8713011152416,98.1,41.6,38.8,0.708041965083478,616969.0,40048.0,11047.0,485000.0
Montenegro,2010,1.4944237918215038,59.9925650557621,12.8624535315985,45.969814126394,98.1,41.6,49.2,0.639261183155281,618294.0,21080.0,4507.0,364001.0
Montenegro,2011,0.0,61.4869888475836,12.7881040892193,46.054126394052,98.2,41.4,49.1,0.484937590226751,619428.0,21080.0,4507.0,915001.0
Montenegro,2012,0.0,61.4869888475836,12.8624535315985,46.1223048327138,97.6,41.3,42.8,0.32532661580609,620345.0,70401.0,3710.0,915001.0
Montenegro,2013,0.0,61.4869888475836,12.7881040892193,46.2020817843866,98.3,41.3,45.9,0.333000973470856,621418.0,47389.0,32.0,915001.0
Montenegro,2014,0.0,61.4869888475836,0.579925650557621,46.2889962825279,99.9,41.4,49.3,0.344323550883245,622587.0,84190.0,30.0,913000.0
Montenegro,2015,0.0,61.4869888475836,0.64907063197026,46.3750185873606,94.1,41.6,46.0,0.336949612641803,623744.0,103990.0,30.0,968000.0
Montenegro,2016,0.0,61.4869888475836,0.646840148698885,46.4424535315985,98.6,41.7,43.0,0.291864851248783,624651.0,103990.0,30.0,1000000.0
Montenegro,2017,0.0,61.4869888475836,0.669144981412639,46.4946468401487,98.9,42.0,43.9,0.254315292993224,625353.0,160541.0,2275.0,1038433.0
Montenegro,2018,0.0,61.4869888475836,0.684014869888476,46.5414126394052,100.0,42.3,37.8,0.237696377425616,625982.0,6589.0,1156.0,1082199.0
Montenegro,2019,0.0,61.4869888475836,0.684014869888476,46.5753159851301,100.0,42.7,40.6,0.205253176634976,626438.0,3035.0,2733.0,1148542.0
Montenegro,2020,0.0,61.4869888475836,0.669144981412639,46.5987360594796,99.9,42.85,38.7,0.178149862044315,626753.0,3297.0,3486.0,1092780.0
Montenegro,2021,0.0,61.4869888475836,0.676579925650558,46.5866171003717,99.5,43.0,39.6,0.0971502270854835,626590.0,1161.0,3773.0,1112560.0
Montenegro,2022,0.0,61.4869888475836,0.661710037174721,46.4723420074349,99.4,43.9,39.6,-0.126779022573377,625053.0,40.0,8055.0,872594.0
Morocco,2001,0.037649563074198866,12.3382030024647,19.6437373963702,63.6868362088281,44.4,78.7,15.5,1.98245494479803,28423435.0,0.0,401000.0,7537571.0
Morocco,2002,0.03764956307410117,12.3758525655389,19.0185973560385,64.5633945776384,47.3,80.5,15.3,1.94382629330066,28814643.0,0.0,458000.0,7525407.0
Morocco,2003,0.037649563074198866,12.413502128613,18.8259018597356,65.4226798117858,50.3,82.2,15.1,1.92422082523624,29198142.0,67.0,356093.0,7458302.0
Morocco,2004,0.03764956307420064,12.4511516916872,20.2890432444544,66.2590522070356,53.4,83.9,16.1,1.92386647561562,29571415.0,457.0,478885.0,7425256.0
Morocco,2005,0.03764956307409939,12.4888012547614,18.3956979610128,67.1140891776832,58.4,85.3,22.4,2.01327562912085,29953018.0,632.0,653157.0,7459270.0
Morocco,2006,0.03764956307420064,12.5264508178355,18.1985211740981,68.0218328478602,59.3,86.7,20.0,2.1785226728513,30358144.0,632.0,653157.0,7452343.0
Morocco,2007,0.03764956307420064,12.5641003809097,18.068563746359,68.9472955411158,93.0,88.1,18.2,2.2902723910413,30771178.0,191.0,438404.0,7458076.0
Morocco,2008,0.03764956307409939,12.6017499439839,18.0708043916648,69.8778131301815,65.4,89.5,16.6,2.34976261752052,31186468.0,3175.0,414383.0,7454875.0
Morocco,2009,0.03764956307420064,12.639399507058,18.0416760026888,70.8195541115841,68.5,90.4,14.4,2.38578276426688,31606767.0,3107.0,540808.0,7397740.0
Morocco,2010,0.037649563074198866,12.6770490701322,18.0138920008963,71.7696123683621,71.7,91.5,14.2,2.38645548906932,32030778.0,3107.0,105583.0,7296770.0
Morocco,2011,0.004535066099000673,12.7146986332064,17.3186197624916,72.7470669952946,92.9,92.3,13.9,2.38348915665883,32467016.0,812.0,239751.0,7157789.0
Morocco,2012,0.004535066098998897,12.7192336993054,17.4855478377773,73.745435805512,93.2,93.0,11.8,2.34202013567702,32912588.0,7517.0,268147.0,7133914.0
Morocco,2013,0.004535066099100149,12.7237687654044,18.0304727761595,74.7372641720816,93.6,93.9,10.9,2.23557288580254,33355241.0,1997.0,233430.0,7102036.0
Morocco,2014,0.004535066099000673,12.7283038315035,18.2119650459332,75.7059623571589,95.0,94.5,11.6,2.08131489770758,33787571.0,102.0,114193.0,7139336.0
Morocco,2015,0.004535066099000673,12.7328388976025,17.0313690342819,76.6407797445664,94.4,95.1,11.1,1.88391618807582,34204780.0,1207.0,112638.0,7118711.0
Morocco,2016,0.03383374411839846,12.7373739637015,16.7987900515348,77.5433295989245,93.6,95.6,11.2,1.73078900146876,34607588.0,243.0,136507.0,7156160.0
Morocco,2017,0.026439614609000017,12.7712077078199,18.4203450593771,78.4751445216222,95.4,96.0,11.1,1.72745931470864,35023457.0,596.0,155773.0,7107215.0
Morocco,2018,0.02240645305840161,12.7976473224289,18.8634532825454,79.4227918440511,100.0,96.4,10.4,1.70809238395339,35446392.0,1624.0,126842.0,6942348.0
Morocco,2019,0.023526775711399495,12.8200537754873,17.5939305399955,80.3041900067219,96.1,96.7,10.9,1.5814405867082,35839760.0,508.0,116841.0,6921557.0
Morocco,2020,0.023302711180900104,12.8435805511987,15.4581313018149,81.1357786242438,98.9,97.0,10.7,1.47339010064237,36210898.0,2336.0,148768.0,6880842.0
Morocco,2021,0.023452162222699968,12.8668832623796,16.0767093883038,81.9722339233699,100.0,97.2,11.1,1.42956989517552,36584208.0,146.0,78205.0,6684204.0
Morocco,2022,0.023352453506600312,12.8903354246023,15.9842189110464,82.8017969975353,100.0,97.4,10.9,1.36699214512918,36954442.0,1444.0,66198.0,6800507.0
Mozambique,2001,-0.2817798011139985,52.3767135481574,4.95943437015184,23.0545703095196,,0.8,93.6,2.87361986595873,18129653.0,74279.0,85.0,18043000.0
Mozambique,2002,-0.281779801113899,52.0949337470434,5.08659935400188,23.5735000890155,,0.8,93.0,2.81014502846112,18537729.0,65548.0,115.0,18043000.0
Mozambique,2003,-0.2817798011139985,51.8131539459295,5.65884178132709,24.1083674559373,,0.7,93.2,2.76888887242345,18958338.0,64841.0,115.0,18043000.0
Mozambique,2004,-0.2817798011139985,51.5313741448155,5.72242427325212,24.6604377018744,1.0,0.7,92.7,2.75668918107683,19392475.0,71644.0,1686.0,18043000.0
Mozambique,2005,-0.2817798011139061,51.2495943437015,5.84958925710216,25.2299308222488,1.0,0.6,92.9,2.76844984096725,19840313.0,89628.0,16187.0,18038000.0
Mozambique,2006,-0.2817798011139985,50.9678145425876,6.35824919250235,25.8203018896717,1.5,0.6,93.7,2.81627135645695,20304569.0,99472.0,16187.0,18028000.0
Mozambique,2007,-0.2817798011139985,50.6860347414736,6.23108420865231,26.4338958264452,2.0,0.6,93.1,2.89432395252971,20787087.0,133513.0,3790.0,18028000.0
Mozambique,2008,-0.281779801113899,50.4042549403596,6.61257916020245,27.070417609807,1.5,0.5,87.5,2.99309405489631,21287635.0,226245.0,4542.0,18028000.0
Mozambique,2009,-0.2817798011139985,50.1224751392457,6.86690912790254,27.746173605636,2.3,0.5,88.1,3.13116318162173,21819036.0,168537.0,10880.0,18028000.0
Mozambique,2010,-0.2817798011140056,49.8406953381317,6.99407411175259,28.4744589129937,2.2,0.5,86.1,3.27254299195019,22391745.0,125411.0,7142.0,18051000.0
Mozambique,2011,-0.2625041328619986,49.5589155370177,7.18482158752766,29.2469734733844,1.4,0.5,84.9,3.37189882421828,22999235.0,241087.0,2785.0,18140000.0
Mozambique,2012,-0.2625041328618991,49.2964114041557,7.18482158752766,30.0732966250413,3.8,0.5,85.4,3.49378273315485,23649039.0,247747.0,1319.0,18200000.0
Mozambique,2013,-0.2625041328619986,49.0339072712938,7.18482158752766,30.9492179353493,2.3,0.5,84.5,3.59039073376946,24337846.0,330610.0,5144.0,18251000.0
Mozambique,2014,-0.2625041328619986,48.7714031384318,7.18482158752766,31.8568770823266,2.8,0.5,83.1,3.62087656055628,25051611.0,353749.0,8392.0,18251000.0
Mozambique,2015,-0.2625041328619986,48.5088990055698,7.18482158752766,32.7939100689234,2.7,0.5,81.2,3.63940113980556,25788475.0,715008.0,18088.0,18708000.0
Mozambique,2016,-0.3963859711589066,48.2463948727078,7.18482158752766,33.7592156463796,0.9,0.6,80.1,3.65084758237593,26547572.0,1050547.0,3839.0,18708000.0
Mozambique,2017,-0.2819120526971943,47.8500089015489,7.18482158752766,34.7632251583204,4.7,0.6,77.4,3.6890048225999,27337105.0,1021958.0,1146.0,18708000.0
Mozambique,2018,-0.23198962333730577,47.5680968488517,7.18482158752766,35.8177891095908,4.4,0.7,78.2,3.74379454289043,28166393.0,1015582.0,1075.0,18708000.0
Mozambique,2019,-0.3281594140237942,47.3361072255144,7.18482158752766,36.9015539561026,8.0,0.8,79.0,4.08675866507783,29018644.0,702199.0,33244.0,18708000.0
Mozambique,2020,-0.282751341590604,47.0079478114906,7.18482158752766,38.0024670006867,5.2,0.8,77.5,4.22716200555052,29884380.0,509678.0,88135.0,18708000.0
Mozambique,2021,-0.31302334749099714,46.7251964699,7.18482158752766,39.1460718736489,4.6,0.9,80.2,4.41073750658703,30783688.0,244950.0,58796.0,18708000.0
Mozambique,2022,-0.29284201022409917,46.412173122409,7.18482158752766,40.3212187492052,3.8,1.0,76.9,4.55398239701699,31707800.0,759522.0,72477.0,18708000.0
Myanmar,2001,-0.5243917740305974,53.3526792545215,15.1620405790005,69.3007941365486,26.9,0.2,80.2,1.76321267367016,45290841.0,1115500.0,0.0,38083000.0
Myanmar,2002,-0.5243917740306969,52.8282874804909,15.2859809652049,70.0357116626373,28.1,0.3,82.5,1.69241248380988,45771139.0,1011200.0,0.0,39365000.0
Myanmar,2003,-0.524391774030704,52.3038957064602,15.0901245524375,70.7418872601524,33.3,0.4,83.0,1.63015296036023,46232653.0,1166869.0,0.0,38877400.0
Myanmar,2004,-0.5149788184140007,51.7795039324295,15.0732931419653,71.406787648805,30.4,0.5,79.9,1.54983904205818,46667192.0,1354682.0,0.0,42191100.0
Myanmar,2005,-0.5198284689805988,51.2645251140155,15.1694163019191,72.0344831808026,31.5,0.7,80.2,1.45668963786646,47068772.0,1497267.0,0.0,41755900.0
Myanmar,2006,-0.5329899102192002,50.7446966450349,15.3958001714216,72.6067788049467,32.7,0.8,79.6,1.36567796471719,47438365.0,2945663.0,0.0,42548000.0
Myanmar,2007,-0.5282494573030974,50.2117067348157,15.8170994842916,73.1252161537638,33.9,1.0,81.3,1.29369192969727,47785135.0,2081885.0,0.0,42548000.0
Myanmar,2008,-0.508606134869801,49.6834572775126,16.1846615252785,73.6397401762762,35.1,1.3,80.5,1.25422678050281,48125043.0,1826471.0,0.0,42548000.0
Myanmar,2009,-0.5238317028754977,49.1748511426428,16.3689519523656,74.0701856698964,36.4,1.6,85.6,1.07441377039674,48390793.0,1572758.0,0.0,42548000.0
Myanmar,2010,-0.5216375703738052,48.6510194397673,16.5222715444666,74.4840945966631,37.6,2.0,85.8,1.05601367583589,48660459.0,1365756.0,0.0,42548000.0
Myanmar,2011,-0.4456763174945948,48.1293818693935,16.5493065548174,75.045742889508,32.5,2.6,84.6,1.22024887574851,49024382.0,1864492.0,0.0,42457000.0
Myanmar,2012,-0.4333403984119002,47.6837055518989,16.5102787429779,75.6475990754489,40.2,3.3,83.8,1.25171091320825,49419820.0,2283973.0,0.0,44086000.0
Myanmar,2013,-0.43854424333819964,47.250365153487,16.460231187323,76.3032167189773,41.4,4.2,78.1,1.26133867847291,49837446.0,2137901.0,0.0,44240000.0
Myanmar,2014,-0.44360874624850055,46.8118209101488,16.4941507931647,76.9624823911313,42.7,5.3,75.6,1.23923582288471,50262658.0,2751784.0,0.0,45146000.0
Myanmar,2015,-0.4436087462486,46.3682121639003,16.5615238561891,77.6040209468978,37.9,6.7,72.0,1.18880317649565,50681634.0,2362318.0,253.0,44846000.0
Myanmar,2016,-0.4227038496502047,45.9246034176517,16.7406748024744,78.2278679487965,47.6,8.4,70.0,1.13858298079892,51089056.0,590536.0,168.0,43146000.0
Myanmar,2017,-0.44173871009270016,45.5018995680015,16.7713471613714,78.8867551089188,39.8,10.6,68.8,1.11611230691811,51495696.0,563768.0,1132.0,43146000.0
Myanmar,2018,-0.4404121218891959,45.0601608579088,16.9461509000383,79.5020114898506,59.9,13.3,59.5,1.08127476296187,51894938.0,38992.0,5.0,42646000.0
Myanmar,2019,-0.4438639497472039,44.6197487360196,16.9760992799142,80.0861758847863,54.6,16.3,59.4,1.01960054107564,52272247.0,26504.0,1247.0,42646000.0
Myanmar,2020,-0.4418538058381998,44.1758847862724,16.8383637199326,80.6507017006282,57.5,19.7,58.5,0.984321179204505,52640713.0,57554.0,998.0,42647672.0
Myanmar,2021,-0.44388435196960074,43.7340309804342,16.8385248287802,81.2302112859485,60.1,24.1,59.2,0.980518160556139,53016522.0,3621.0,0.0,42648098.0
Myanmar,2022,-0.44388435196960074,43.2901466284646,16.8385248287802,81.7980020531049,62.8,28.4,62.9,0.953448977637289,53387102.0,22000.0,0.0,42648098.0
Namibia,2001,-0.08625077433224959,9.78887633762101,0.991145282950115,2.20899925907032,18.9,11.2,34.8,4.69762603670953,1818647.0,780.0,1660.0,920899.0
Namibia,2002,-0.08625077433226025,9.70262556328876,0.991145282950115,2.2556426046715,18.5,11.3,30.4,4.36937788812694,1857048.0,964.0,1532.0,925054.0
Namibia,2003,-0.08625077433225137,9.6163747889565,0.991145282950115,2.29563094413876,19.1,11.2,33.8,4.12841775133587,1889970.0,483.0,1337.0,907835.0
Namibia,2004,-0.08625077433224959,9.53012401462425,0.98993064412297,2.32902622405228,19.7,11.3,33.3,4.08419975282554,1917464.0,771.0,1624.0,921561.0
Namibia,2005,-0.08625077433224959,9.443873240292,0.98993064412297,2.35892820269893,20.2,11.2,34.8,4.10012639955122,1942082.0,4565.0,4370.0,1097016.0
Namibia,2006,-0.08625077433224959,9.35762246595975,0.988716005295825,2.38868685396397,20.8,11.3,34.6,4.16931596234701,1966582.0,6961.0,8521.0,1093523.0
Namibia,2007,-0.08625077433226025,9.2713716916275,0.987501366468681,2.4194245041237,21.4,11.4,35.8,4.20158118258891,1991888.0,11923.0,8691.0,1103635.0
Namibia,2008,-0.08625077433224959,9.18512091729524,0.971711061715799,2.45186993647439,22.4,11.3,36.5,4.18766789005505,2018600.0,13099.0,10843.0,1166318.0
Namibia,2009,-0.08625077433225137,9.09887014296299,0.971711061715799,2.48643369893962,22.7,11.4,32.5,4.12117053916679,2047056.0,17381.0,8589.0,1350995.0
Namibia,2010,-0.08625077433224959,9.01261936863074,0.971711061715799,2.52328341167754,20.7,11.5,33.4,3.99880928369892,2077394.0,31232.0,7626.0,1356269.0
Namibia,2011,-0.08624907383789981,8.92636859429849,0.971711061715799,2.56265835853709,24.0,11.6,31.2,3.82836470210104,2109811.0,24265.0,8567.0,1327638.0
Namibia,2012,-0.08624907383788916,8.84011952046059,0.971711061715799,2.60700968067145,21.6,11.5,31.6,3.68937504288967,2146325.0,21029.0,5344.0,1274691.0
Namibia,2013,-0.08624907383789981,8.7538704466227,0.971711061715799,2.66571196054853,25.4,11.6,31.9,3.97732737485393,2194654.0,22735.0,6060.0,1308242.0
Namibia,2014,-0.08624907383789093,8.6676213727848,0.971711061715799,2.73598367525416,27.3,11.7,30.7,4.27141374303958,2252508.0,25848.0,7436.0,1286354.0
Namibia,2015,-0.08624907383789981,8.58137229894691,0.971711061715799,2.80841380315563,26.9,11.9,30.2,4.21130728331161,2312139.0,29595.0,4455.0,1342754.0
Namibia,2016,-0.08625150311553931,8.49512322510901,0.971711061715799,2.88391696728978,31.3,12.1,29.3,4.17825359724814,2374300.0,31422.0,3825.0,1437197.0
Namibia,2017,-0.08625150311554997,8.40887172199347,0.971711061715799,2.96276281747622,31.6,12.4,29.2,4.14756688414306,2439213.0,31826.0,4548.0,1441996.0
Namibia,2018,-0.08625150311554997,8.32262021887792,0.971711061715799,3.04492098774429,31.6,12.5,30.2,4.10839482373332,2506853.0,30320.0,17966.0,1485728.0
Namibia,2019,-0.08625150311554997,8.23636871576237,0.971711061715799,3.13052144444849,30.2,12.6,30.9,4.06642382100675,2577327.0,11468.0,32809.0,1571011.0
Namibia,2020,-0.08625150311555174,8.15011721264682,0.971711061715799,3.21939292351419,31.2,12.85,30.2,4.01225493908551,2650494.0,34370.0,22515.0,1841696.0
Namibia,2021,-0.08625150311554908,8.06386570953127,0.971711061715799,3.31446027523716,,13.0,31.2,4.04000520067906,2728762.0,62652.0,22243.0,2015081.0
Namibia,2022,-0.08625150311554997,7.97761420641572,0.971711061715799,3.41380072635402,33.2,13.2,30.0,3.99776707077746,2810548.0,75040.0,30926.0,2135554.0
Nauru,2001,0.0,0.0,,508.4,,100.0,0.0,-0.186686372077639,10168.0,,3.0,
Nauru,2002,0.0,0.0,,506.5,,100.0,0.0,-0.374421562656096,10130.0,,3.0,
Nauru,2003,0.0,0.0,,504.1,,100.0,0.0,-0.474966260015287,10082.0,,3.0,
Nauru,2004,0.0,0.0,,502.95,,100.0,0.0,-0.228389950823792,10059.0,,3.0,
Nauru,2005,0.0,0.0,,503.0,,100.0,0.0,0.0099408519391914,10060.0,,3.0,
Nauru,2006,0.0,0.0,,502.45,,100.0,0.0,-0.109403760477152,10049.0,,3.0,
Nauru,2007,0.0,0.0,,501.7,,100.0,0.1,-0.149380100476041,10034.0,,3.0,
Nauru,2008,0.0,0.0,,501.0,,100.0,0.1,-0.139623040534244,10020.0,,3.0,
Nauru,2009,0.0,0.0,,500.45,,100.0,0.1,-0.109840741983694,10009.0,,3.0,
Nauru,2010,0.0,0.0,,500.8,,100.0,0.0,0.0699126120860941,10016.0,,3.0,
Nauru,2011,0.0,0.0,,502.15,,100.0,0.0,0.269206005345923,10043.0,,3.0,
Nauru,2012,0.0,0.0,,504.9,,100.0,0.0,0.546151002552194,10098.0,,3.0,
Nauru,2013,0.0,0.0,,513.35,,100.0,0.1,1.65974838801037,10267.0,,3.0,
Nauru,2014,0.0,0.0,,525.85,,100.0,0.1,2.40581272210636,10517.0,,3.0,
Nauru,2015,0.0,0.0,,537.1,,100.0,0.0,2.11682959453762,10742.0,,3.0,
Nauru,2016,0.0,0.0,,547.7,100.0,100.0,0.1,1.95433948782621,10954.0,0.0,870.0,
Nauru,2017,0.0,0.0,,557.5,,100.0,0.2,1.77348115445981,11150.0,0.0,73.0,
Nauru,2018,0.0,0.0,,566.2,,100.0,0.6,1.54848693435255,11324.0,0.0,329.0,
Nauru,2019,0.0,0.0,,573.85,,100.0,0.7,1.34206654488781,11477.0,0.0,1529.0,
Nauru,2020,0.0,0.0,,579.35,100.0,100.0,0.6,0.953874731639391,11587.0,0.0,225.0,
Nauru,2021,0.0,0.0,,582.15,100.0,100.0,1.3,0.482136103995375,11643.0,0.0,74.0,
Nauru,2022,0.0,0.0,,585.45,100.0,100.0,1.6,0.565263581170869,11709.0,0.0,208.0,
Nepal,2001,0.1264527380537004,40.3261946285316,16.421346355075,171.234802929892,21.3,2.6,88.3,7.0383536764459,24546509.0,4.0,0.0,14022684.0
Nepal,2002,0.12645273805369328,40.4526473665853,16.428322288106,174.026843390303,14.7,3.1,87.8,6.96859754042475,24946748.0,4.0,0.0,14004224.0
Nepal,2003,0.1264527380537004,40.579100104639,16.2888036274852,176.693275200558,28.0,3.9,90.0,8.08773907526679,25328981.0,0.0,0.0,13987933.0
Nepal,2004,0.1264527380537004,40.7055528426927,16.1492849668643,179.203055458668,31.5,4.6,89.4,9.65088986288303,25688758.0,156.0,833.0,13973789.0
Nepal,2005,0.1264527380537004,40.8320055807464,16.0446459713987,181.490449947681,28.5,5.25,90.3,10.2269016511588,26016656.0,147.0,345.0,13961765.0
Nepal,2006,0.12645273805379986,40.9584583188001,15.9051273107778,183.533017091036,38.6,6.0,89.5,10.0684809370206,26309458.0,410.0,30.0,13951840.0
Nepal,2007,0.1264527380537004,41.0849110568539,15.765608650157,185.318625741193,44.1,6.8,91.2,9.39175399169321,26565425.0,1311.0,105.0,13914348.0
Nepal,2008,0.1264527380537004,41.2113637949076,15.6260899895361,186.874726194629,45.8,7.5,91.3,8.37572777810589,26788492.0,13108.0,10.0,13879000.0
Nepal,2009,0.1264527380537004,41.3378165329613,15.4865713289152,188.28069061737,49.5,8.3,90.5,7.14931967507118,26990037.0,572.0,382.0,13845800.0
Nepal,2010,0.1264527380537004,41.464269271015,15.3470526682944,189.557272410185,53.2,9.0,88.9,5.73450687520785,27173035.0,36.0,156.0,13814715.0
Nepal,2011,0.0,41.5907220090687,15.2075340076735,190.73562608999,63.2,9.9,87.3,4.1510973235054,27341952.0,13.0,18.0,13825685.0
Nepal,2012,0.0,41.5907220090687,15.0868503662365,191.59047087548,61.7,10.7,87.0,2.24386457415578,27464494.0,49.0,52.0,13763548.0
Nepal,2013,0.0,41.5907220090687,14.8592445064527,192.081723055459,70.9,11.6,84.7,1.06981932994082,27534915.0,591.0,24.0,13702581.0
Nepal,2014,0.0,41.5907220090687,14.6316393442623,192.465964422742,73.5,12.5,86.0,0.944227139325064,27589996.0,57.0,75.0,13644365.0
Nepal,2015,0.0,41.5907220090687,14.4040334844785,193.040599930241,82.1,13.4,84.0,0.970449973185209,27672370.0,764.0,1468.0,13588319.0
Nepal,2016,0.0,41.5907220090687,14.1764276246948,194.095772584583,79.0,14.5,85.2,1.14262025692369,27823629.0,19.0,6559.0,13534406.0
Nepal,2017,0.0,41.5907220090687,13.9488217649111,195.015430763865,89.8,15.6,79.4,0.992516788067837,27955462.0,38.0,116.0,13411847.0
Nepal,2018,0.0,41.5907220090687,13.7212166027206,195.404659923265,84.6,16.7,76.8,0.638582888667263,28011258.0,1.0,7858.0,13292213.0
Nepal,2019,0.0,41.5907220090687,13.4936107429369,195.882029996512,93.5,18.1,75.0,0.599481689574772,28079689.0,29.0,66.0,13175437.0
Nepal,2020,0.0,41.5907220090687,13.2660048831531,198.214607603767,,19.5,78.2,1.45232104803645,28414064.0,121.0,206.0,13061450.0
Nepal,2021,0.0,41.5907220090687,13.0383990233694,202.068880362749,,20.9,73.1,2.10403122358509,28966574.0,1.0,97.0,12950189.0
Nepal,2022,0.0,41.5907220090687,12.8107938611789,205.61569584932,,22.3,73.7,1.79922776495663,29475010.0,4.0,41.0,12835477.0
New Caledonia,2001,0.0064004376367989835,45.8342450765864,0.382932166301969,12.2044857768053,100.0,,7.5,2.64281903403244,223098.0,4.0,711.0,23026.0
New Caledonia,2002,0.0064004376367989835,45.8406455142232,0.382932166301969,12.4566192560175,100.0,,6.7,2.66902642553659,227707.0,4.0,711.0,23154.0
New Caledonia,2003,0.006400437636706613,45.84704595186,0.37199124726477,12.7043763676149,100.0,,5.3,2.63828074738652,232236.0,4.0,841.0,23284.0
New Caledonia,2004,0.0064004376367989835,45.8534463894967,0.37199124726477,12.9473741794311,100.0,,4.9,2.60071517539309,236678.0,51.0,2412.0,25806.0
New Caledonia,2005,0.0064004376366995075,45.8598468271335,0.37199124726477,13.1757111597374,100.0,,5.2,2.47381909859576,240852.0,3403.0,3754.0,25941.0
New Caledonia,2006,0.0064004376367989835,45.8662472647702,0.37199124726477,13.3687636761488,100.0,,5.1,2.40769408455518,244381.0,3403.0,3754.0,26077.0
New Caledonia,2007,0.0064004376367989835,45.872647702407,0.37199124726477,13.5419584245077,100.0,,4.5,2.58155906536352,247547.0,722.0,4065.0,26185.0
New Caledonia,2008,0.0064004376366995075,45.8790481400438,0.37199124726477,13.7158096280088,100.0,,5.8,2.60962545496013,250725.0,721.0,808.0,26295.0
New Caledonia,2009,0.0064004376367989835,45.8854485776805,0.37199124726477,13.8853938730853,100.0,,7.8,2.29763951198216,253825.0,720.0,1482.0,26406.0
New Caledonia,2010,0.0064004376367989835,45.8918490153173,0.37199124726477,14.0727571115974,100.0,,7.0,1.84797014994767,257250.0,712.0,1464.0,26518.0
New Caledonia,2011,-0.0054704595186976235,45.8982494529541,0.37199124726477,14.3097374179431,100.0,,4.8,1.73079909674741,261582.0,20.0,1284.0,26518.0
New Caledonia,2012,-0.0054704595184986715,45.8927789934354,0.355579868708972,14.5811269146608,100.0,,5.9,1.91242109423031,266543.0,30.0,1660.0,26762.0
New Caledonia,2013,-0.0054704595185981475,45.8873085339169,0.328446389496718,14.8595733041575,100.0,,6.2,1.91460020241886,271633.0,30.0,1056.0,26894.0
New Caledonia,2014,-0.005470459518605253,45.8818380743983,0.328227571115974,15.1434354485777,100.0,,6.6,1.91759906310194,276822.0,30.0,1665.0,27027.0
New Caledonia,2015,-0.0054704595185981475,45.8763676148797,0.328227571115974,15.3842450765864,100.0,,4.3,1.6167129726642,281224.0,12.0,3986.0,27162.0
New Caledonia,2016,-0.0054704595185981475,45.8708971553611,0.326586433260394,15.490590809628,100.0,,5.1,0.753751755203352,283168.0,648.0,167.0,27300.0
New Caledonia,2017,-0.0054704595185981475,45.8654266958425,0.326586433260394,15.5045404814004,100.0,,3.7,0.183201966676737,283423.0,859.0,24.0,27384.0
New Caledonia,2018,-0.005470459518605253,45.8599562363239,0.326586433260394,15.5112691466083,100.0,,5.1,0.16022434831677,283546.0,105.0,521.0,27469.0
New Caledonia,2019,-0.0054704595185981475,45.8544857768053,0.326586433260394,15.5109956236324,100.0,,4.6,0.133149154596671,283541.0,81.0,702.0,27555.0
New Caledonia,2020,-0.0054704595185981475,45.8490153172867,0.326586433260394,15.5145514223195,100.0,,5.2,0.170256634629223,283606.0,0.0,392.0,27642.0
New Caledonia,2021,-0.0054704595185981475,45.8435448577681,0.326586433260394,15.5457330415755,100.0,,6.1,0.375221196855923,284176.0,51.0,725.0,27730.0
New Caledonia,2022,-0.005470459518605253,45.8380743982495,0.326586433260394,15.6025164113786,100.0,,8.3,0.570087421967196,285214.0,212.0,762.0,27822.0
New Zealand,2001,-0.0008810907295995207,37.4100489916828,1.53385401238084,14.6507918423151,100.0,100.0,26.4,0.646465071137305,3857700.0,5909000.0,5200.0,19329000.0
New Zealand,2002,-0.0008810907295000447,37.4091679009532,1.52557821579127,14.7373817933235,100.0,100.0,24.6,0.645918884312257,3880500.0,7283700.0,5050.0,20721000.0
New Zealand,2003,-0.0008810907295995207,37.4082868102237,1.52443887433064,14.9956325244009,100.0,100.0,26.6,1.79737288831583,3948500.0,7880300.0,6100.0,22151000.0
New Zealand,2004,-0.0008810907295000447,37.4074057194941,1.57608902054612,15.2945197675743,100.0,100.0,25.9,2.03392246675827,4027200.0,7518000.0,3100.0,21303000.0
New Zealand,2005,-0.0008810907295995207,37.4065246287646,1.59507804489005,15.5235274011621,100.0,100.0,28.2,1.537229719787,4087500.0,5240000.0,2100.0,19896000.0
New Zealand,2006,-0.0008810907295000447,37.405643538035,1.61406706923398,15.6997455470738,100.0,100.0,26.8,1.16153486718521,4133900.0,5143000.0,3000.0,19136000.0
New Zealand,2007,-0.0008810907295995207,37.4047624473055,1.51532414264555,15.8922942539212,100.0,100.0,27.0,1.22570159694795,4184600.0,5570700.0,3408.0,19471000.0
New Zealand,2008,-0.0008810907295995207,37.4038813565759,1.6368538984467,16.0411682047776,100.0,100.0,27.0,0.924836867605484,4223800.0,5979700.0,5806.0,20443000.0
New Zealand,2009,-0.0008810907295000447,37.4030002658463,1.72040560555999,16.1778891800539,100.0,100.0,26.1,0.831584175676266,4259800.0,6644100.0,4000.0,19526000.0
New Zealand,2010,-0.0008810907295995207,37.4021191751168,1.78876609319813,16.340435228438,100.0,100.0,28.5,0.973364962716548,4302600.0,8770103.0,2325.0,20877000.0
New Zealand,2011,-0.001146937070302556,37.4012380843872,1.89510462952414,16.5231096426266,100.0,100.0,29.4,1.07629006305494,4350700.0,10745670.0,2779.0,24540000.0
New Zealand,2012,-0.001146937070402032,37.4000911473169,1.78876609319813,16.6495765447571,100.0,100.0,30.3,0.718108261319417,4384000.0,12626539.0,2266.0,26181000.0
New Zealand,2013,-0.0011469370703949266,37.3989442102465,1.93308267821199,16.7411036420949,100.0,100.0,28.8,0.495065675354026,4408100.0,13758897.0,3601.0,27465000.0
New Zealand,2014,-0.001146937070402032,37.3977972731761,2.07739926322586,16.8702290076336,100.0,100.0,28.3,0.687077440519911,4442100.0,16545585.0,4398.0,29816000.0
New Zealand,2015,-0.001146937070302556,37.3966503361057,2.24070487258365,17.1527856898713,100.0,100.0,29.0,1.42698064603296,4516500.0,16568876.0,7216.0,29246000.0
New Zealand,2016,0.0005316926816050227,37.3955033990354,1.81535072727963,17.5056017621815,100.0,100.0,29.3,1.61907852297061,4609400.0,16398203.0,2223.0,29018000.0
New Zealand,2017,0.015570999961994403,37.396035091717,2.05461243401314,17.9032319319433,100.0,100.0,30.1,1.70375126840798,4714100.0,15951313.0,1526.0,29065000.0
New Zealand,2018,0.0163305609357991,37.411606091679,1.86472219057385,18.2811135163875,100.0,100.0,28.4,1.4713255696799,4813600.0,18785202.0,7600.0,34484000.0
New Zealand,2019,0.03938323648930009,37.4279366526148,1.96916182446546,18.6115225399719,100.0,100.0,28.9,1.352687483484,4900600.0,21772414.0,7327.0,35999000.0
New Zealand,2020,0.10280657779800606,37.4673198891041,2.07360145835707,18.8762295393263,100.0,100.0,28.0,1.41605248528615,4970300.0,21750706.0,6873.0,35894000.0
New Zealand,2021,0.060524476852400255,37.5701264669021,2.00144316585014,19.2639854164293,100.0,100.0,28.7,2.04404689350328,5072400.0,20351318.0,7782.0,32185000.0
New Zealand,2022,0.08871254414949448,37.6306509437545,2.33944779917208,19.3103186358285,100.0,100.0,28.9,0.259367503756272,5084600.0,22706536.0,7883.0,35492000.0
Nicaragua,2001,-1.0064567059996037,44.8672095728768,15.9298653814193,41.7370201096892,47.5,6.2,58.4,1.6259912021866,5022633.0,10210.0,277.0,5983725.0
Nicaragua,2002,-1.006456705999696,43.8607528668772,15.8883164367625,42.2787518697025,47.9,6.5,56.7,1.53593833141004,5087825.0,10210.0,277.0,5883653.0
Nicaragua,2003,-1.0064567059997032,42.8542961608775,15.9631045371448,42.7946568057171,48.9,6.7,54.7,1.46050674261321,5149909.0,4620.0,400.0,5951356.0
Nicaragua,2004,-1.0064567059995966,41.8478394548778,16.0462024264584,43.3020026591325,49.6,6.8,51.5,1.43289414661771,5210963.0,44195.0,102.0,5958840.0
Nicaragua,2005,-1.0064567059997032,40.8413827488782,16.1043709489779,43.8167857736413,50.3,6.9,51.2,1.44815417159132,5272912.0,29097.0,194.0,5999111.0
Nicaragua,2006,-1.0064567059997032,39.8349260428785,16.1542296825661,44.391764999169,46.4,7.1,52.8,1.58723478995308,5342105.0,29097.0,194.0,6041178.0
Nicaragua,2007,-1.0064567059995966,38.8284693368788,15.5226857237826,45.029541299651,51.7,7.1,53.3,1.72689609187367,5418855.0,7069.0,1735.0,6067682.0
Nicaragua,2008,-1.0064567059997032,37.8220126308792,14.8745221871364,45.6809290344025,52.4,7.3,52.6,1.74908094067171,5497243.0,1553.0,1948.0,6095800.0
Nicaragua,2009,-1.006456705999696,36.8155559248795,14.2263586504903,46.340310786106,53.1,7.4,53.8,1.75624121961121,5576593.0,267.0,3457.0,6125500.0
Nicaragua,2010,-1.0064567059996037,35.8090992188798,13.5781951138441,47.0051603789264,51.7,7.7,54.6,1.75567257914583,5656601.0,1261.0,3457.0,6156718.0
Nicaragua,2011,-0.4663785939836984,34.8026425128802,12.9217217882666,47.676998504238,56.6,7.8,54.4,1.75610846916118,5737450.0,3760.0,483.0,6204562.0
Nicaragua,2012,-0.4663785939837979,34.3362639188965,12.4896127638358,48.355085590826,58.2,7.9,53.3,1.75283089633995,5819051.0,10124.0,969.0,6227872.0
Nicaragua,2013,-0.4663785939836984,33.8698853249127,12.4896127638358,49.0384493933854,58.2,8.2,53.3,1.74540679957115,5901287.0,59689.0,979.0,6242579.0
Nicaragua,2014,-0.4663785939837055,33.403506730929,12.4896127638358,49.7244889479807,59.3,8.3,54.3,1.73071404388356,5983845.0,40049.0,169.0,6258671.0
Nicaragua,2015,-0.4663785939836984,32.9371281369453,12.4896127638358,50.4112680737909,59.3,8.6,53.0,1.71042386973952,6066492.0,9473.0,408.0,6276135.0
Nicaragua,2016,-0.8309788931360984,32.4707495429616,12.4896127638358,51.100357320924,61.3,9.0,50.0,1.69158904532006,6149417.0,42548.0,36.0,6294959.0
Nicaragua,2017,-0.830978893136102,31.6397706498255,12.4896127638358,51.7921389396709,62.3,9.1,49.5,1.67174824787883,6232666.0,20162.0,46.0,6290807.0
Nicaragua,2018,-0.8309788931360984,30.8087917566894,12.4896127638358,52.4865464517201,63.3,9.4,48.9,1.65005524089225,6316231.0,13971.0,3672.0,6307449.0
Nicaragua,2019,-0.8309788931360984,29.9778128635533,12.4896127638358,53.1833139438258,64.4,9.7,51.3,1.62613415046516,6400080.0,7810.0,17945.0,6301912.0
Nicaragua,2020,-0.8309788931362014,29.1468339704172,12.4896127638358,53.8778211733422,65.2,9.8,50.5,1.5919991986924,6483657.0,9868.0,4000.0,6286938.0
Nicaragua,2021,-0.830978893136102,28.315855077281,12.4896127638358,54.5559830480306,65.9,9.8,52.2,1.53062925516481,6565267.0,9335.0,2388.0,6276954.0
Nicaragua,2022,-0.8309788931360984,27.4848761841449,12.4896127638358,55.2163952135616,66.3,10.1,50.4,1.46637119667116,6644741.0,12553.0,1229.0,6284459.0
Niger,2001,-0.009805005131449995,1.04847240862083,11.0326044051472,9.08631088655562,,0.3,87.6,3.95953190177354,11509630.0,527.0,,8384433.0
Niger,2002,-0.009805005131440003,1.03866740348938,11.0286571406016,9.41078945290913,2.0,0.3,87.7,4.36036130646325,11920647.0,800.0,,8574463.0
Niger,2003,-0.009805005131449995,1.02886239835794,11.0207626115102,9.74906765611431,2.3,0.3,87.7,3.53148159440026,12349144.0,395.0,33.0,8769443.0
Niger,2004,-0.009805005131440003,1.01905739322649,11.0918133733323,10.1026162469409,2.7,0.3,87.0,3.56228422470428,12796984.0,3596.0,848.0,8969510.0
Niger,2005,-0.009805005131443889,1.00925238809505,11.1352332833346,10.4727528222942,3.0,0.3,87.0,3.5982380350904,13265836.0,3596.0,848.0,9174806.0
Niger,2006,-0.009805005131444,0.999447382963606,11.1494434356991,10.8598657930054,,0.3,87.5,3.62971954924472,13756192.0,3596.0,848.0,9507477.0
Niger,2007,-0.009805005131444,0.989642377832162,11.1604957764269,11.2643727796637,2.0,0.3,87.4,3.6500218039751,14268581.0,3596.0,848.0,9710778.0
Niger,2008,-0.009805005131444,0.979837372700718,11.7825846688245,11.6867529801847,4.1,0.3,86.2,3.66029214479531,14803610.0,405.0,483.0,9919222.0
Niger,2009,-0.009805005131443001,0.970032367569274,11.7786374042788,12.1275084866188,4.5,0.3,86.1,3.66809515493972,15361915.0,134.0,591.0,10132952.0
Niger,2010,-0.009805005131444,0.960227362437831,11.7628483460962,12.5867806110366,4.9,0.3,83.2,3.67060631589823,15943675.0,20.0,591.0,10352114.0
Niger,2011,-0.009805005131444,0.950422357306387,11.9207389279229,13.0645259335281,4.8,0.3,80.7,3.66698368645726,16548835.0,150.0,688.0,10576857.0
Niger,2012,-0.009805005131444,0.940617352174943,12.3154653824899,13.5598665824584,5.5,0.3,77.2,3.65160949291123,17176283.0,150.0,1097.0,10792697.0
Niger,2013,-0.009805005131444,0.930812347043499,12.5523012552301,14.0812891766006,5.2,0.3,72.7,3.67354470036037,17836769.0,150.0,221.0,11013839.0
Niger,2014,-0.009805005131444,0.921007341912055,13.2628088734507,14.6205873529644,6.6,0.3,78.7,3.7715111902714,18519898.0,150.0,4872.0,11240427.0
Niger,2015,-0.009805005131444,0.911202336780611,13.2628088734507,15.1700552617036,7.3,0.3,78.1,3.86662213149463,19215909.0,150.0,794.0,11472609.0
Niger,2016,-0.009805005131444,0.901397331649167,13.2628088734507,15.741294702771,8.1,0.3,78.9,4.05596230514375,19939498.0,62.0,116.0,11710539.0
Niger,2017,-0.009805005131444,0.891592326517723,13.8154259098445,16.3304278834768,8.8,0.3,80.2,4.20199301063325,20685753.0,62.0,19.0,11919690.0
Niger,2018,-0.009805005131444,0.881787321386279,13.9733164916713,16.9222752032841,9.2,0.3,82.0,4.2524305341869,21435446.0,224.0,129.0,12133505.0
Niger,2019,-0.009805005131443001,0.871982316254835,13.9733164916713,17.5164356201153,11.7,0.4,82.0,4.30282962500343,22188069.0,47.0,265.0,12352101.0
Niger,2020,-0.009805005131444,0.862177311123392,13.9733164916713,18.1161735217494,9.7,0.4,80.7,4.372270386451,22947757.0,3857.0,301.0,12575598.0
Niger,2021,-0.009805005131444,0.852372305991948,13.9733164916713,18.7239385805637,9.7,0.4,81.9,4.45287264441085,23717613.0,0.0,20.0,12804121.0
Niger,2022,-0.009805005131444,0.842567300860504,13.9733164916713,19.3432857030078,9.1,0.4,79.6,4.54788563715312,24502140.0,0.0,16.0,13037051.0
Nigeria,2001,-0.17930542288389972,27.3318620507922,38.4290215971101,138.764445469218,21.5,0.2,86.0,4.63895812815827,126382494.0,8360.0,0.0,68766652.0
Nigeria,2002,-0.1793054228839992,27.1525566279083,39.1438013988164,142.585499083193,21.8,0.2,84.5,4.65625262124468,129862595.0,4860.0,500.0,69115552.0
Nigeria,2003,-0.17930542288389972,26.9732512050243,39.1844263645048,146.548512796864,22.1,0.2,84.5,4.65624871631628,133471989.0,3060.0,288.0,69482328.0
Nigeria,2004,-0.17930542288389972,26.7939457821404,39.2184634979193,150.64466769876,32.7,0.2,82.9,4.64610639678525,137202644.0,3179.0,64.0,69867216.0
Nigeria,2005,-0.17930542288400275,26.6146403592565,39.2535986033796,154.876692249415,22.8,0.3,84.0,4.63422757160918,141057045.0,41060.0,500.0,70270440.0
Nigeria,2006,-0.17930542288389972,26.4353349363725,39.2876357367941,159.224889928302,23.1,0.3,83.9,4.60659895850872,145017253.0,39315.0,723.0,70692260.0
Nigeria,2007,-0.17930542288389972,26.2560295134886,39.3227708422544,163.682745369303,23.5,0.4,85.8,4.55029614899566,149077334.0,33480.0,60.0,71047309.0
Nigeria,2008,-0.1793054228839992,26.0767240906047,39.3568079756689,168.28316808854,25.3,0.4,87.1,4.43378037589133,153267261.0,70928.0,742.0,71418000.0
Nigeria,2009,-0.17930542288389972,25.8974186677207,39.3919430811292,173.034919902939,25.6,0.5,85.7,4.42572856446101,157595014.0,66389.0,1799.0,71806600.0
Nigeria,2010,-0.17930542288389972,25.7181132448368,40.4844252665327,177.925781481603,24.6,0.6,88.1,4.40060797442349,162049464.0,60231.0,1064.0,72211234.0
Nigeria,2011,-0.1793054228839992,25.5388078219529,39.461115320004,182.969230431393,23.5,0.7,86.0,4.38142318333946,166642886.0,109978.0,488.0,72632728.0
Nigeria,2012,-0.17930542288389972,25.3595023990689,39.4951524534185,188.170007795602,31.0,0.8,84.1,4.36285851269691,171379598.0,106296.0,1859.0,73017551.0
Nigeria,2013,-0.17930542288390328,25.180196976185,39.5302875588788,193.463360672837,27.0,1.0,83.9,4.30889172724088,176200625.0,108300.0,281.0,73417115.0
Nigeria,2014,-0.1793054228839992,25.0008915533011,39.5643246922933,198.787227291193,31.6,1.3,81.4,4.22469191092493,181049443.0,127747.0,838.0,73831551.0
Nigeria,2015,-0.17930542288389972,24.8215861304171,39.5994597977536,204.109616039176,27.1,1.7,79.9,4.128274103326,185896915.0,578467.0,3063.0,74865002.0
Nigeria,2016,-0.17930114079300097,24.6422807075332,39.6334969311681,209.352391932101,25.9,2.1,81.3,3.99897790948703,190671878.0,1342927.0,1929.0,75309615.0
Nigeria,2017,-0.1792965293102995,24.4629795667402,39.6686320366283,214.591719094832,34.0,2.7,81.1,3.91203673452783,195443700.0,968681.0,2659.0,75605432.0
Nigeria,2018,-0.17929883505169997,24.2836830374299,39.7026691700429,219.873929751749,22.6,3.4,81.6,3.84994080250873,200254579.0,584322.0,1078.0,75912862.0
Nigeria,2019,-0.17929883505169997,24.1043842023782,39.9881419019072,225.017024056568,31.0,4.2,80.8,3.70903052125504,204938755.0,607775.0,2016.0,76231938.0
Nigeria,2020,-0.1792988350516005,23.9250853673265,40.4844252665327,230.009377779242,25.5,5.3,80.1,3.57046212517853,209485641.0,139295.0,756.0,76562702.0
Nigeria,2021,-0.17929883505169997,23.7457865322749,40.4844252665327,234.961824609945,24.6,6.5,81.8,3.48611159161786,213996181.0,120079.0,12191.0,76905195.0
Nigeria,2022,-0.17929883505159694,23.5664876972232,40.4844252665327,239.939047179859,26.3,7.6,80.3,3.43228281567284,218529286.0,160698.0,12634.0,77261649.0
North Macedonia,2001,0.011325206449001257,37.6543452615022,21.8246165945733,79.6834447502949,99.2,36.3,19.4,-0.317740035755735,2026350.0,1184.0,38321.0,1052000.0
North Macedonia,2002,0.011325206449100733,37.6656704679512,22.3358238301219,80.0189539913488,99.2,37.0,15.2,-0.261721869426246,2034882.0,9285.0,13561.0,740000.0
North Macedonia,2003,0.011325206449100733,37.6769956744003,19.6224931183641,79.4399134880063,99.2,37.5,14.6,-1.10860420306859,2020157.0,7426.0,13942.0,715000.0
North Macedonia,2004,0.011325206449093628,37.6883208808494,18.5214313802595,79.5408965788439,99.2,38.2,17.3,0.0882327349368274,2022725.0,12782.0,2545.0,812000.0
North Macedonia,2005,0.011325206449001257,37.6996460872985,18.1281950452222,79.283759339363,98.9,38.9,18.2,-0.319271681863634,2016186.0,13828.0,980.0,841000.0
North Macedonia,2006,0.011325206449100733,37.7109712937475,17.6169878096736,78.8568619740464,99.2,39.6,19.0,-0.525029443088389,2005330.0,36063.0,796.0,822000.0
North Macedonia,2007,0.3104423028157015,37.7222965001966,17.26307510814,78.4226110892646,100.0,40.4,19.8,-0.520696346836198,1994287.0,10407.0,1214.0,825000.0
North Macedonia,2008,0.011414982164097864,38.0327388030123,17.0828378913991,78.5942528735632,99.3,40.8,15.7,-0.516629135249012,1982933.0,20000.0,1082.0,634000.0
North Macedonia,2009,0.02650442259520247,38.0441537851764,16.8053904082442,78.1408244153785,99.2,41.8,15.6,-0.495242615999186,1971493.0,4872.0,933.0,709000.0
North Macedonia,2010,0.01141950832669636,38.0706582077716,16.6534496431404,77.6678033306899,99.1,42.7,18.4,-0.528495197784765,1958782.0,779.0,66554.0,639000.0
North Macedonia,2011,0.2693893735130999,38.0820777160983,16.4155432196669,77.1727993655829,99.6,43.6,22.3,-0.479751731952829,1946298.0,1347.0,78096.0,631000.0
North Macedonia,2012,0.2693893735130999,38.3514670896114,16.4155432196669,76.8199048374306,99.6,44.9,18.6,-0.251641934007798,1937398.0,2130.0,46163.0,597000.0
North Macedonia,2013,0.2693893735130999,38.6208564631245,16.4155432196669,76.5194686756542,99.4,46.1,18.3,-0.132137435044148,1929821.0,17349.0,18883.0,779000.0
North Macedonia,2014,0.2693893735130999,38.8902458366376,16.375892149088,76.2377478191911,99.5,47.8,21.2,-0.0503290706269906,1922716.0,10291.0,19241.0,691000.0
North Macedonia,2015,0.2693893735130999,39.1596352101507,16.3362410785091,76.0331879460745,99.7,49.0,21.2,0.11411383337714,1917557.0,10621.0,21529.0,655000.0
North Macedonia,2016,0.2882632831086056,39.4290245836638,16.4155432196669,75.8298969072165,99.9,50.6,23.9,0.184737218511398,1912430.0,4861.0,77330.0,850000.0
North Macedonia,2017,-0.007137192704199435,39.7172878667724,16.4948453608247,75.5873513084853,100.0,51.8,21.4,0.206925349933881,1906313.0,1118.0,64820.0,890000.0
North Macedonia,2018,0.0,39.7101506740682,16.5344964314036,75.2837827121332,100.0,53.3,19.0,0.204382287068939,1898657.0,560.0,49031.0,807000.0
North Macedonia,2019,0.0,39.7101506740682,16.5741475019826,74.9028945281523,99.8,55.1,20.9,0.183816376355572,1889051.0,481.0,74081.0,802000.0
North Macedonia,2020,0.0,39.7101506740682,16.6137985725615,74.3957969865186,100.0,56.6,17.0,0.100001371588843,1876262.0,430.0,49785.0,759000.0
North Macedonia,2021,0.0,39.7101506740682,16.4948453608247,73.5973037272006,100.0,57.9,20.0,-0.207678363374453,1856124.0,528.0,36651.0,735000.0
North Macedonia,2022,0.0,39.7101506740682,16.5344964314036,72.8435368754956,100.0,59.7,19.5,-0.174924947685562,1837114.0,330.0,26069.0,700000.0
Northern Mariana Islands,2016,-11.152173913043505,64.1086956521739,0.543478260869565,111.986956521739,100.0,,0.0,-1.20012427348022,51514.0,0.0,0.0,
Northern Mariana Islands,2017,0.0,52.9565217391304,0.543478260869565,110.376086956522,100.0,,0.0,-1.36758292415537,50773.0,0.0,0.0,
Northern Mariana Islands,2018,0.0,52.9565217391304,0.543478260869565,108.60652173913,100.0,,0.0,-1.53523453945014,49959.0,0.0,0.0,
Northern Mariana Islands,2019,0.0,52.9565217391304,0.173913043478261,106.689130434783,100.0,,0.0,-1.70374655017948,49077.0,0.0,0.0,
Northern Mariana Islands,2020,0.0,52.9565217391304,0.173913043478261,104.628260869565,100.0,,0.0,-1.87152315460896,48129.0,0.0,0.0,
Northern Mariana Islands,2021,0.0,52.9565217391304,0.173913043478261,103.321739130435,100.0,,0.3,-1.17483358272307,47528.0,0.0,0.0,
Northern Mariana Islands,2022,0.0,52.9565217391304,0.173913043478261,102.128260869565,100.0,,0.5,-1.0611647710354,46979.0,0.0,0.0,
Norway,2001,-0.0030116853391035647,33.1641313751903,2.40661037552978,12.2957995203207,100.0,100.0,60.2,1.03580740060554,4490967.0,514400.0,3348000.0,8156265.0
Norway,2002,-0.0030116853390964593,33.1611196898512,2.41208616705545,12.358179737381,100.0,100.0,59.6,0.849546869211291,4513751.0,476000.0,2837000.0,8996340.0
Norway,2003,-0.0030116853392030407,33.1581080045121,2.40387247976695,12.4250062971603,100.0,100.0,59.5,1.0611020024625,4538159.0,552000.0,2709000.0,8651591.0
Norway,2004,-0.0030116853390964593,33.1550963191729,2.38470720942712,12.4980971624448,100.0,100.0,56.2,1.18950430828591,4564855.0,399437.0,3015586.0,8298161.0
Norway,2005,-0.0030116853391035647,33.1520846338338,2.37923141790146,12.5721709323083,100.0,100.0,56.9,0.989388182522657,4591910.0,349302.0,3029673.0,8782000.0
Norway,2006,-0.0030116853390964593,33.1490729484947,2.36006614756163,12.6580888392417,100.0,100.0,58.6,1.01255097466458,4623291.0,524789.0,3255722.0,9667179.0
Norway,2007,-0.0030116853391035647,33.1460612631556,2.3491145645103,12.760447810231,100.0,100.0,57.0,1.14111833830031,4660677.0,745898.0,2508257.0,9793501.0
Norway,2008,-0.0030116853390964593,33.1430495778165,2.334329927391,12.89317004523,100.0,100.0,57.4,1.44306702907828,4709153.0,952041.0,2702937.0,10464680.0
Norway,2009,-0.0030116853392030407,33.1400378924774,2.31379570916976,13.0548674310872,100.0,100.0,58.5,1.68772524856756,4768212.0,899307.0,1945622.0,10323550.0
Norway,2010,-0.0030116853390964593,33.1370262071382,2.28581441447361,13.2205484552792,100.0,100.0,56.7,1.64512336857423,4828726.0,872726.0,1049561.0,8883594.0
Norway,2011,0.021355586950100758,33.1340145217991,2.26040674179453,13.3862623342204,100.0,100.0,56.0,1.48308645953145,4889252.0,883857.0,1478800.0,10443082.0
Norway,2012,0.021355586950093652,33.1553701087492,2.239598733997,13.5610386481366,100.0,100.0,56.0,1.38120747657131,4953088.0,962839.0,1640757.0,10291031.0
Norway,2013,0.032360908988600556,33.1767256956993,2.22289756984372,13.7403297521657,100.0,100.0,56.9,1.53884224098289,5018573.0,1627999.0,1056002.0,10572145.0
Norway,2014,0.02272425675580081,33.2090866046879,2.21237990621023,13.9120886837683,100.0,100.0,56.6,1.81343087916212,5079623.0,2646989.0,782544.0,11598290.0
Norway,2015,0.013833126752103908,33.2318108614437,2.21353681650361,14.0704449094514,100.0,100.0,55.8,1.92399261307951,5137232.0,3305284.0,548061.0,12386886.0
Norway,2016,0.025455745053200474,33.2456439881958,2.2101904566573,14.2079384825517,100.0,100.0,56.5,1.76876684854435,5188607.0,4018608.0,469674.0,11876493.0
Norway,2017,0.023433889667096253,33.271099733249,2.2049333563342,14.3354243797401,100.0,100.0,57.7,1.42379928970036,5234519.0,3559205.0,529967.0,12028000.0
Norway,2018,0.022731405513802372,33.2945336229161,2.19512328722102,14.452576255125,100.0,100.0,58.9,1.16205265194033,5276968.0,3569256.0,625877.0,12219029.0
Norway,2019,0.022641954429296618,33.3172650284299,2.1999244059292,14.5488896436123,100.0,100.0,58.9,0.995324012510003,5311916.0,3550377.0,594756.0,12497174.0
Norway,2020,0.09545269431660586,33.3399069828592,2.19670002793801,14.6479975020132,100.0,100.0,59.8,0.976584408637111,5347896.0,3664753.0,560019.0,12568431.0
Norway,2021,0.022789497886698484,33.4353596771758,2.20842746750484,14.7672152298338,100.0,100.0,60.9,0.842290056016846,5379475.0,3581725.0,458925.0,11749887.0
Norway,2022,0.02141268839039867,33.4581491750625,2.20715403409559,14.8470090866665,100.0,100.0,61.4,0.725996037206213,5408320.0,3964338.0,556781.0,13157152.0
Oman,2001,0.0,0.0096930533117932,0.10016155088853,7.37360581583199,100.0,100.0,0.0,1.25310389188049,2282131.0,0.0,4584.0,26468.0
Oman,2002,0.0,0.0096930533117932,0.10016155088853,7.464352180937,100.0,100.0,0.0,1.19227266243229,2310217.0,1300.0,6700.0,27588.0
Oman,2003,0.0,0.0096930533117932,0.10016155088853,7.5513408723748,100.0,100.0,0.0,1.1353876331802,2337140.0,1300.0,23700.0,28756.0
Oman,2004,0.0,0.0096930533117932,0.10016155088853,7.63746688206785,100.0,100.0,0.0,1.12193108693279,2363796.0,1300.0,23700.0,29977.0
Oman,2005,0.0,0.0096930533117932,0.0936995153473344,7.77001938610662,100.0,100.0,0.0,1.79091338469577,2404821.0,1358.0,57273.0,31251.0
Oman,2006,0.0,0.0096930533117932,0.0904684975767367,7.94766397415186,100.0,100.0,0.0,2.69973395192653,2459802.0,1358.0,57273.0,32582.0
Oman,2007,0.0,0.0096930533117932,0.0840064620355412,8.12534733441034,100.0,100.0,0.0,2.95177321987888,2514795.0,1358.0,57273.0,33770.0
Oman,2008,0.0,0.0096930533117932,0.0904684975767367,8.30427786752827,100.0,100.0,0.0,3.10757727747471,2570174.0,1358.0,57273.0,35001.0
Oman,2009,0.0,0.0096930533117932,0.0969305331179321,8.48636187399031,100.0,100.0,0.0,3.17642901371074,2626529.0,1358.0,57273.0,36278.0
Oman,2010,0.0,0.0096930533117932,0.119547657512116,8.67418093699515,100.0,100.0,0.0,3.1679766726124,2684659.0,1358.0,57273.0,37603.0
Oman,2011,0.0,0.0096930533117932,0.110823909531502,8.90935702746365,100.0,100.0,0.0,3.5090079039168,2757446.0,514.0,9480.0,38976.0
Oman,2012,0.0,0.0096930533117932,0.119224555735057,9.94107592891761,100.0,100.0,0.0,11.6211511480374,3076763.0,142.0,9102.0,40176.0
Oman,2013,0.0,0.0096930533117932,0.108885298869144,11.4607625201939,100.0,100.0,0.0,14.7916006064484,3547106.0,1245.0,8755.0,41414.0
Oman,2014,0.0,0.0096930533117932,0.121809369951535,12.3874410339257,100.0,100.0,0.0,8.30398593296801,3833913.0,968.0,21368.0,42690.0
Oman,2015,0.0,0.0096930533117932,0.121163166397415,12.9319515347334,100.0,100.0,0.0,4.82055157496812,4002439.0,1127.0,15963.0,44005.0
Oman,2016,-0.0006462035541196006,0.0096930533117932,0.168529886914378,13.5214701130856,100.0,100.0,0.0,4.99381692676548,4184895.0,839.0,19763.0,45361.0
Oman,2017,-0.00032310177705979944,0.0090468497576736,0.181292407108239,14.1870016155089,100.0,100.0,0.0,5.38467158035575,4390877.0,405.0,23973.0,46505.0
Oman,2018,-0.00032310177705970056,0.0087237479806138,0.223909531502423,14.6604071082391,100.0,100.0,0.0,4.00275726635581,4537396.0,198.0,19826.0,47679.0
Oman,2019,-0.00032310177705979944,0.0084006462035541,0.247689822294023,14.8558222940226,100.0,100.0,0.0,2.15239943028023,4597877.0,342.0,20081.0,48882.0
Oman,2020,0.0,0.0080775444264943,0.247689822294023,14.8343812600969,100.0,100.0,0.0,0.628142527409911,4591241.0,614.0,17827.0,50115.0
Oman,2021,-0.00021550888529889983,0.0080775444264943,0.251534733441034,14.612268174475,100.0,100.0,0.1,-0.95768120291942,4522497.0,673.0,14396.0,51379.0
Oman,2022,-7.172859450720048e-05,0.0078620355411954,0.241227786752827,14.5409499192246,100.0,100.0,0.1,-0.356443552856967,4500424.0,5675.0,16448.0,52674.0
Pakistan,2001,-0.05416277501038014,5.85209111664591,40.2656704026567,200.912109537152,62.6,4.3,51.0,3.44205037794817,154879127.0,0.0,354900.0,33560000.0
Pakistan,2002,-0.05416277501037037,5.79792834163553,40.6029472810295,206.609208955998,63.9,4.8,51.5,3.3827115633292,159270907.0,0.0,294900.0,35287000.0
Pakistan,2003,-0.05416277501038014,5.74376556662516,40.4991697799917,211.735353102947,65.3,5.4,51.4,3.01207726127683,163222549.0,0.0,180000.0,35287000.0
Pakistan,2004,-0.05416277501038014,5.68960279161478,40.4602532171025,216.778549190536,66.7,5.9,50.1,2.8952357426091,167110248.0,0.0,205835.0,35287000.0
Pakistan,2005,-0.05416277501037925,5.6354400166044,39.318700705687,222.195413034454,68.0,6.4,47.9,2.99464975343955,171286000.0,0.0,202254.0,29790000.0
Pakistan,2006,-0.05416277501038014,5.58127724159402,39.1370900788709,227.601198630137,69.4,7.0,48.0,2.92065745758564,175453212.0,0.0,197250.0,30410000.0
Pakistan,2007,-0.05416277501037037,5.52711446658364,39.3316728933167,233.087756849315,70.8,7.6,47.0,2.89418874039467,179682690.0,0.0,259400.0,30450000.0
Pakistan,2008,-0.05416277501038014,5.47295169157327,39.1500622665006,239.328080894562,72.2,8.4,44.9,3.15438837356383,184493231.0,0.0,224000.0,33560000.0
Pakistan,2009,-0.05416277501038014,5.41878891656289,38.2160647571606,245.821804950187,73.7,9.1,46.6,3.19446559751646,189499113.0,0.0,283000.0,33720000.0
Pakistan,2010,-0.05416277501037925,5.36462614155251,38.1641760066418,252.148886986301,75.2,10.0,46.4,3.06821822995951,194376534.0,0.0,178312.0,33720000.0
Pakistan,2011,-0.04180417185554042,5.31046336654213,38.1252594437526,258.456630085098,82.1,11.0,47.4,3.01195335170423,199239047.0,96.0,151397.0,33720000.0
Pakistan,2012,-0.04180417185553953,5.26865919468659,39.0462847654628,264.303218399751,82.9,11.9,46.8,2.7967172794014,203746065.0,84.0,125009.0,33720000.0
Pakistan,2013,-0.04180417185554042,5.22685502283105,39.227895392279,269.389691002491,83.8,13.1,47.2,2.48903688358268,207667125.0,96.0,56464.0,33720000.0
Pakistan,2014,-0.04180417185554042,5.18505085097551,39.5262557077626,273.809124636779,84.8,14.2,48.1,2.23733214198112,211073978.0,298.0,52954.0,33720000.0
Pakistan,2015,-0.04180417185553953,5.14324667911997,39.4873391448734,277.948120330012,85.8,15.6,47.2,2.14181276581701,214264647.0,472.0,58628.0,33593349.0
Pakistan,2016,-0.08348899958489042,5.10144250726443,39.4354503943545,281.873810450394,86.9,17.0,45.9,2.07934322942295,217290883.0,105.0,121797.0,33593349.0
Pakistan,2017,-0.023765047737659195,5.01795350767954,40.2008094645081,285.568271326276,88.0,18.7,43.7,2.01818267622495,220138869.0,263.0,186672.0,33593349.0
Pakistan,2018,-0.05362702366127081,4.99418845994188,40.486197592362,289.635179275633,89.1,20.3,42.1,2.17293585171018,223273967.0,100.0,207746.0,33593349.0
Pakistan,2019,-0.053627023661269924,4.94056143628061,40.4213366542134,294.376416562889,90.1,22.1,43.4,2.47827889256294,226928892.0,0.0,213540.0,33593349.0
Pakistan,2020,-0.053627023661269924,4.88693441261934,39.6040888335409,299.399256693649,90.7,24.15,45.9,2.67028884110817,230800899.0,1416.0,73240.0,33593349.0
Pakistan,2021,-0.053627023661269924,4.83330738895807,40.1229763387298,304.848674242424,91.5,26.3,42.7,2.87283470582816,235001746.0,1413.0,65789.0,33593349.0
Pakistan,2022,-0.053627023661269924,4.7796803652968,39.2797841427978,310.65509677252,91.9,28.6,41.6,3.0143416884213,239477801.0,10.0,122065.0,32437583.0
Palau,2001,0.2130434782608006,86.0434782608696,0.652173913043478,41.6913043478261,95.4,100.0,0.0,1.3123349967297,19178.0,,632.0,
Palau,2002,0.2130434782609001,86.2565217391304,0.652173913043478,42.0695652173913,95.6,100.0,0.0,2.2522807149554,19352.0,,632.0,
Palau,2003,0.2130434782609001,86.4695652173913,0.652173913043478,42.3978260869565,95.8,100.0,0.0,3.36402232710938,19503.0,,632.0,
Palau,2004,0.2130434782608006,86.6826086956522,0.652173913043478,42.7369565217391,96.0,100.0,0.0,3.74018292607931,19659.0,,632.0,
Palau,2005,0.2130434782609001,86.895652173913,0.652173913043478,43.0869565217391,96.1,100.0,0.0,3.32849622148427,19820.0,,632.0,
Palau,2006,0.2130434782609001,87.1086956521739,0.652173913043478,43.0847826086957,97.0,100.0,0.0,1.46112345492419,19819.0,,632.0,
Palau,2007,0.2130434782609001,87.3217391304348,0.652173913043478,42.5934782608696,96.3,100.0,0.0,-0.201842696387155,19593.0,,632.0,
Palau,2008,0.2130434782607864,87.5347826086957,0.652173913043478,41.9608695652174,96.4,100.0,0.0,-0.594870196775131,19302.0,,632.0,
Palau,2009,0.2130434782609001,87.7478260869565,0.652173913043478,41.3239130434783,96.6,100.0,0.0,-0.717226302079891,19009.0,,632.0,
Palau,2010,0.2130434782609001,87.9608695652174,0.652173913043478,40.6717391304348,96.7,100.0,0.0,-0.895498671064957,18709.0,,632.0,
Palau,2011,0.1869565217391056,88.1739130434783,0.652173913043478,39.9913043478261,96.9,100.0,0.0,-1.13245422398795,18396.0,,632.0,
Palau,2012,0.1869565217391056,88.3608695652174,0.652173913043478,39.3,97.1,100.0,0.0,-1.35696498347147,18078.0,,632.0,
Palau,2013,0.18695652173919086,88.5478260869565,0.652173913043478,38.6195652173913,94.9,100.0,0.0,-1.56280073034279,17765.0,,1119.0,
Palau,2014,0.1869565217391056,88.7347826086957,0.652173913043478,38.3652173913043,97.6,100.0,0.0,-0.72423714890755,17648.0,,1440.0,
Palau,2015,0.1869565217391056,88.9217391304348,0.652173913043478,38.5108695652174,99.2,100.0,0.3,-0.0419433770567055,17715.0,,3893.0,
Palau,2016,0.1956521739130892,89.1086956521739,0.652173913043478,38.6304347826087,98.3,100.0,0.4,-0.118935194346785,17770.0,31.0,979.0,
Palau,2017,0.17391304347820835,89.304347826087,0.652173913043478,38.6891304347826,100.0,100.0,0.6,-0.196202151091253,17797.0,104.0,1725.0,
Palau,2018,0.1956521739130892,89.4782608695652,0.652173913043478,38.7217391304348,100.0,100.0,0.6,-0.26689157575865,17812.0,0.0,37.0,
Palau,2019,0.17391304347820835,89.6739130434783,0.652173913043478,38.7260869565217,100.0,100.0,0.6,-0.338147557150401,17814.0,66.0,130.0,
Palau,2020,0.17391304347829362,89.8478260869565,0.652173913043478,38.6913043478261,100.0,100.0,0.9,-0.431385697801074,17798.0,88.0,79.0,
Palau,2021,0.17391304347820835,90.0217391304348,0.652173913043478,38.6782608695652,100.0,100.0,0.9,-0.283889473842498,17792.0,0.0,0.0,
Palau,2022,0.17391304347829362,90.195652173913,0.652173913043478,38.6586956521739,100.0,100.0,0.9,-0.0426530183476494,17783.0,0.0,0.0,
Panama,2001,-0.15355125100889921,59.7543718052193,7.37153618509551,40.4946058649448,55.4,100.0,27.7,2.79543585476949,3010369.0,4000.0,1200.0,1326654.0
Panama,2002,-0.15355125100889921,59.6008205542104,7.37153618509551,41.2905165456013,55.3,100.0,24.0,2.61471057575401,3069537.0,7000.0,2700.0,1334760.0
Panama,2003,-0.15355125100889921,59.4472693032015,7.37153618509551,42.0950228679042,56.6,100.0,28.7,2.5652695065221,3129344.0,36396.0,241.0,1337388.0
Panama,2004,-0.15355125100879974,59.2937180521926,7.37153618509551,42.9083535108959,71.5,100.0,27.4,2.50674245536469,3189807.0,39643.0,147.0,1333521.0
Panama,2005,-0.15355125100889921,59.1401668011838,7.37153618509551,43.7335889157923,59.3,100.0,28.2,2.45132445059537,3251155.0,79510.0,78.0,1312137.0
Panama,2006,-0.15355125100890632,58.9866155501749,7.37153618509551,44.5658595641646,60.7,100.0,22.8,2.38084578349203,3313026.0,29580.0,99.0,1360218.0
Panama,2007,-0.15355125100889921,58.833064299166,7.26392251815981,45.3998385794996,62.1,100.0,22.1,2.2950952183759,3375024.0,36862.0,6049.0,1348827.0
Panama,2008,-0.15355125100889921,58.6795130481571,7.26392251815981,46.2401129943503,63.5,100.0,22.8,2.21636013582895,3437490.0,55955.0,218.0,1333900.0
Panama,2009,-0.15355125100879974,58.5259617971482,7.26392251815981,47.0896959913909,65.0,100.0,23.4,2.14035960942254,3500648.0,55964.0,225.0,1322500.0
Panama,2010,-0.15355125100889921,58.3724105461394,7.26392251815981,47.9470137207425,66.5,100.0,20.4,2.05725639362596,3564381.0,26590.0,312.0,1312585.0
Panama,2011,-0.15356470271729705,58.2188592951305,7.65254237288136,48.8099946193167,64.7,100.0,20.6,1.96769994728309,3628535.0,43775.0,124.0,1304086.0
Panama,2012,-0.15356470271720468,58.0652945924132,7.60021522733387,49.6839521119182,69.6,100.0,19.7,1.92370554522609,3693505.0,84374.0,433.0,1298826.0
Panama,2013,-0.15356470271719758,57.911729889696,7.60021522733387,50.5684153887544,71.1,100.0,21.2,1.90748691069567,3759256.0,102259.0,394.0,1286036.0
Panama,2014,0.01741495333419607,57.7581651869788,7.60021522733387,51.4572101156847,71.2,100.0,20.7,1.87710060246702,3825329.0,135173.0,4674.0,1270699.0
Panama,2015,-0.15402050728549455,57.775580140313,7.62277388019428,52.5108067997841,74.5,100.0,19.8,1.85601810982246,3892101.0,208036.0,654.0,1316798.0
Panama,2016,-0.15393955747430255,57.6215596330275,7.62277388019428,53.4273475445224,76.3,100.0,22.0,1.8458223584489,3960035.0,145271.0,4025.0,1309817.0
Panama,2017,-0.15407447382629869,57.4676200755532,7.62277388019428,54.3589584457636,78.1,100.0,22.1,1.83306691290415,4029086.0,137927.0,704.0,1289435.0
Panama,2018,-0.2001727249406997,57.3135456017269,7.62277388019428,55.298259579061,100.0,100.0,23.6,1.80556924686943,4098707.0,136157.0,604.0,1399082.0
Panama,2019,-0.15394985171209896,57.1133728767862,7.61660825020221,56.1857643569695,,100.0,24.5,1.75251611446557,4167860.0,155068.0,96.0,1411970.0
Panama,2020,-0.15381504448630068,56.9594230250741,7.61660825020221,57.0868158533297,,100.0,19.0,1.65648692550072,4234700.0,130650.0,694.0,1397355.0
Panama,2021,-0.1539053653276028,56.8056079805878,7.61660825020221,57.87626044756,85.6,100.0,28.5,1.42406691264808,4293261.0,95000.0,1021.0,1383132.0
Panama,2022,-0.15384470207600032,56.6517026152602,7.61660825020221,58.5791992450795,,100.0,28.0,1.24208677159936,4345405.0,139438.0,700.0,1369665.0
Papua New Guinea,2001,-0.02187894713600258,80.1085684317449,0.452678531996644,12.2268780638608,4.4,0.1,66.4,2.74929169087722,5537064.0,1997500.0,0.0,7842000.0
Papua New Guinea,2002,-0.021878947135903104,80.0866894846089,0.46371947180144,12.6494612021375,4.8,0.2,63.4,3.121661119301,5728435.0,1560200.0,0.0,7340000.0
Papua New Guinea,2003,-0.02187894713598837,80.064810537473,0.485801351411032,13.0813121052864,5.2,0.3,62.5,3.10380371173376,5924003.0,1857750.0,0.0,7780000.0
Papua New Guinea,2004,-0.02187894713600258,80.042931590337,0.496842291215828,13.5229364483505,5.6,0.4,60.4,3.08841237402836,6123997.0,2066970.0,0.0,8010000.0
Papua New Guinea,2005,-0.02187894713600258,80.021052643201,0.507883231020624,13.9735039526565,6.0,0.5,57.5,3.0683116872367,6328041.0,2018431.0,0.0,7865000.0
Papua New Guinea,2006,-0.02187894713600258,79.999173696065,0.529965110630217,14.4325067349733,6.5,0.7,58.6,3.04639982941645,6535905.0,2014493.0,0.0,8147000.0
Papua New Guinea,2007,-0.021878947135903104,79.977294748929,0.569712493927483,14.9002340679239,5.0,1.0,58.9,3.02903768562542,6747720.0,2282835.0,0.0,8523000.0
Papua New Guinea,2008,-0.02187894713598837,79.9554158017931,0.580753433732279,15.3763745970057,7.4,1.3,57.1,3.01129869847718,6963345.0,2835171.0,0.0,8573000.0
Papua New Guinea,2009,-0.02187894713600258,79.9335368546571,0.651415448482975,15.8614185399461,7.9,1.6,56.9,2.99921862693439,7183002.0,2576659.0,450.0,8573000.0
Papua New Guinea,2010,-0.02187894713600258,79.9116579075211,0.662456388287771,16.354807225191,9.3,2.1,56.0,2.98528687928918,7406438.0,2095806.0,566.0,8437000.0
Papua New Guinea,2011,-0.06821732985909534,79.8897789603851,0.662456388287771,16.8562535883054,11.8,2.4,55.2,2.97201915518495,7633523.0,2784254.0,43.0,10009000.0
Papua New Guinea,2012,-0.06821732985910955,79.821561630526,0.662456388287771,17.3549132182131,9.5,2.9,54.7,2.89856657419513,7859346.0,3321366.0,673.0,9649000.0
Papua New Guinea,2013,-0.06821710904029032,79.7533443006669,0.662456388287771,17.8452281058164,9.9,3.3,55.5,2.89661999715007,8081390.0,3147275.0,697.0,9227208.0
Papua New Guinea,2014,-0.06821732985920903,79.6851271916266,0.662456388287771,18.3339177670803,10.3,3.6,58.3,3.03816094722398,8302698.0,3300014.0,563.0,9550000.0
Papua New Guinea,2015,-0.06821732985909534,79.6169098617674,0.69557920770216,18.8213598021464,10.8,3.9,56.9,3.18445028429797,8523441.0,3810185.0,576.0,10073000.0
Papua New Guinea,2016,-0.07627279954070332,79.5486925319083,0.706620147506956,19.306730556905,11.3,4.3,55.3,3.32359250675592,8743246.0,3648970.0,555.0,9573000.0
Papua New Guinea,2017,-0.07404054233089141,79.4724197323676,0.719869275272711,19.7891577971117,5.6,4.55,54.8,3.45473297970882,8961718.0,3450086.0,34.0,9573000.0
Papua New Guinea,2018,-0.0740405423310051,79.3983791900367,0.728702027116548,20.268325751888,12.3,4.6,54.7,3.57961195784636,9178714.0,3190322.0,41.0,9605000.0
Papua New Guinea,2019,-0.0740405423310051,79.3243386477057,0.728702027116548,20.744850505675,10.5,5.0,53.4,3.70141322589223,9394513.0,3751245.0,1.0,9605000.0
Papua New Guinea,2020,-0.07404054233089141,79.2502981053747,0.728702027116548,21.2185001987369,17.1,5.2,53.2,3.81511723539938,9609010.0,3770369.0,6.0,9605000.0
Papua New Guinea,2021,-0.0740405423310051,79.1762575630438,0.728702027116548,21.6750121450338,13.6,5.4,53.6,3.85508520705718,9815746.0,2901051.0,43.0,9605000.0
Papua New Guinea,2022,-0.0740405423310051,79.1022170207128,0.728702027116548,22.1103564015369,14.0,5.6,54.5,3.87241860392887,10012896.0,2501711.0,77.0,9605000.0
Paraguay,2001,-0.861172917191098,57.8697457840423,7.60130883463378,12.8388321167883,79.5,16.5,70.4,2.89620826562066,5100868.0,0.0,300.0,9594923.0
Paraguay,2002,-0.8611729171910056,57.0085728668512,7.81525295746287,13.0573596778253,82.3,17.2,69.8,2.47498179559743,5187689.0,0.0,300.0,9690197.0
Paraguay,2003,-0.8611729171909985,56.1473999496602,8.07953687389882,13.242708280896,83.7,17.8,67.7,1.9948448022341,5261328.0,14169.0,300.0,9787375.0
Paraguay,2004,-0.861172917191098,55.2862270324692,8.25304102693179,13.4065844450038,85.6,18.5,67.0,1.64605479594267,5326436.0,8200.0,300.0,9886503.0
Paraguay,2005,-0.8611729171909985,54.4250541152781,8.42654543166373,13.5619808708784,87.5,19.5,66.8,1.47640976752404,5388175.0,13296.0,20.0,9987627.0
Paraguay,2006,-0.8611729171911051,53.5638811980871,8.6000495846967,13.7128039265039,89.6,20.4,68.8,1.36430735099278,5448097.0,13296.0,20.0,10090794.0
Paraguay,2007,-0.8611729171909985,52.702708280896,8.77355398942864,13.8564007047571,94.3,21.7,66.5,1.25568448764049,5505148.0,13296.0,20.0,10192644.0
Paraguay,2008,-0.8611729171909985,51.841535363705,8.94705814246162,13.9929171910395,93.1,23.2,68.4,1.1710547920224,5559386.0,13296.0,20.0,10296400.0
Paraguay,2009,-0.861172917191098,50.980362446514,9.12056229549459,14.1293078278379,93.4,24.7,65.8,1.15813112798496,5613574.0,15280.0,20.0,10402200.0
Paraguay,2010,-0.8611729171910056,50.1191895293229,9.29406670022653,14.2744424867858,94.7,26.2,65.4,1.22833850667811,5671236.0,13374.0,20.0,10510004.0
Paraguay,2011,-1.0426730430404945,49.2580166121319,9.4675708532595,14.4424137931034,94.4,27.8,63.6,1.41490719123021,5737971.0,15923.0,20.0,10619874.0
Paraguay,2012,-1.042673043040601,48.2153435690914,9.64107500629247,14.6353536370501,96.3,29.3,62.5,1.63114365020225,5814626.0,8730.0,20.0,10727532.0
Paraguay,2013,-1.0426730430405016,47.1726705260508,9.81457941102441,14.842708280896,95.1,30.9,63.4,1.78772262106095,5897008.0,13225.0,20.0,10837115.0
Paraguay,2014,-1.0426730430405016,46.1299974830103,9.98808356405739,15.0577523282155,97.9,32.7,62.5,1.96480027507298,5982445.0,16375.0,20.0,10948658.0
Paraguay,2015,-1.0426730430405016,45.0873244399698,10.1615879687893,15.2776516486282,97.7,34.2,62.5,2.23141843292175,6069811.0,13464.0,20.0,11062202.0
Paraguay,2016,-0.4173420588975958,44.0446513969293,10.3047754845205,15.5023986911654,98.6,35.7,60.5,2.47657211995041,6159103.0,17603.0,0.0,11177785.0
Paraguay,2017,-0.9888245658193,43.6273093380317,10.4479632519507,15.7289856531588,96.1,37.0,62.5,2.67051696463526,6249126.0,12298.0,19.0,11287621.0
Paraguay,2018,-0.7030958973068024,42.6384847722124,10.5911510193808,15.9543418071986,98.5,38.3,60.1,2.81401605074297,6338660.0,16355.0,61.0,11399210.0
Paraguay,2019,-0.703070727410001,41.9353888749056,10.734338786811,16.1776541656179,99.1,39.5,59.2,2.92259978420848,6427382.0,18769.0,0.0,11512581.0
Paraguay,2020,-0.7030958973067953,41.2323181474956,10.8775265542411,16.3983337528316,99.4,40.4,60.1,2.99892644286582,6515058.0,8866.0,133.0,11627764.0
Paraguay,2021,-0.7030790334760013,40.5292222501888,11.0207143216713,16.621542914674,99.4,41.6,61.5,3.07891512994141,6603739.0,8981.0,3.0,11744788.0
Paraguay,2022,-0.5758496612455986,39.8261432167128,11.1639020891014,16.8240171155298,100.0,42.3,58.8,2.99365571034365,6684182.0,10914.0,1472.0,11863059.0
Peru,2001,-0.09750234375000133,58.8264296875,3.256700078125,20.77994609375,11.1,3.7,38.6,2.08073286200842,26598331.0,0.0,1000.0,9288000.0
Peru,2002,-0.09750234375000133,58.72892734375,3.23777765625,21.06609453125,16.1,4.5,41.2,1.89406349164717,26964601.0,0.0,0.0,8620000.0
Peru,2003,-0.09750234375000133,58.631425,3.2188553125,21.31891953125,19.5,5.3,40.2,1.72942988655784,27288217.0,0.0,0.0,8769000.0
Peru,2004,-0.09750234375000133,58.53392265625,3.199932890625,21.5472578125,18.5,5.9,40.9,1.61559734386819,27580490.0,72.0,392.0,8436000.0
Peru,2005,-0.09750234374999422,58.4364203125,3.181010546875,21.7595234375,20.9,6.8,37.8,1.54804237900827,27852190.0,96.0,5126.0,8921000.0
Peru,2006,-0.09750234375000133,58.33891796875,3.162088125,21.954046875,24.6,7.5,38.4,1.4788773226612,28101180.0,808.0,2466.0,9106000.0
Peru,2007,-0.09750234375000133,58.241415625,3.14316578125,22.12850859375,31.1,8.3,38.7,1.40505855895647,28324491.0,643.0,3256.0,9258000.0
Peru,2008,-0.09750234375000133,58.14391328125,3.124243359375,22.28960859375,38.7,9.2,36.0,1.3674192256644,28530699.0,548.0,11690.0,9425200.0
Peru,2009,-0.09750234375000133,58.0464109375,3.105321015625,22.43675078125,45.4,10.3,33.7,1.33275888973774,28719041.0,1877.0,1885.0,9119000.0
Peru,2010,-0.09750234375000133,57.94890859375,3.08639859375,22.57563359375,51.0,11.4,32.9,1.33253825772587,28896811.0,579.0,111.0,8690000.0
Peru,2011,-0.1336359374999958,57.85140625,3.06747625,22.72345234375,55.6,13.0,32.2,1.40472259309594,29086019.0,710.0,1065.0,8690000.0
Peru,2012,-0.1336359375000029,57.7177703125,3.048553828125,22.8938171875,61.3,14.9,30.6,1.53158210735258,29304086.0,1896.0,19853.0,8921000.0
Peru,2013,-0.1336359374999958,57.584134375,3.029631484375,23.0862234375,66.2,16.9,30.8,1.65012986836828,29550366.0,1782.0,5100.0,8777000.0
Peru,2014,-0.1336359375000029,57.4504984375,3.0107090625,23.29524921875,69.9,19.5,28.4,1.7392122539791,29817919.0,2906.0,47192.0,8585000.0
Peru,2015,-0.1336359374999958,57.3168625,2.99178671875,23.5279890625,72.8,22.7,28.6,1.85285608006918,30115826.0,10350.0,49445.0,8784720.0
Peru,2016,-0.14394531250000142,57.1832265625,2.972864296875,23.795,76.7,26.3,27.4,2.00435407291766,30457600.0,6657.0,2041.0,8395872.0
Peru,2017,-0.13710937500000142,57.03928125,2.953941953125,24.1144484375,78.0,30.5,27.2,2.22300340771197,30866494.0,3416.0,2048.0,8484337.0
Peru,2018,-0.12401562499999841,56.902171875,2.93501953125,24.47237265625,80.5,35.3,27.6,2.41942420578236,31324637.0,6865.0,19814.0,8271891.0
Peru,2019,-0.13503125000000438,56.77815625,2.97996171875,24.9199875,81.8,40.6,27.9,2.40973786489593,31897584.0,9817.0,41570.0,8247862.0
Peru,2020,-0.13502343749999568,56.643125,2.7970515625,25.35101796875,82.9,46.4,27.1,2.21889346430251,32449303.0,9923.0,53201.0,8578374.0
Peru,2021,-0.13502867187500556,56.5081015625,3.07442265625,25.65513984375,86.1,51.9,31.6,1.70074979308796,32838579.0,5142.0,36314.0,7283293.0
Peru,2022,-0.1350251562499949,56.373072890625,3.35179375,25.9030328125,83.6,57.9,30.6,1.46469584459603,33155882.0,20002.0,29975.0,7902146.0
Philippines,2001,-0.15747392427140028,24.5137337760338,16.8829862159171,267.046976556998,61.8,19.3,33.9,3.35786860278656,79625397.0,100.0,562400.0,16693709.0
Philippines,2002,-0.15747392427140028,24.3562598517624,16.7152966428547,273.003615387195,63.4,20.2,32.9,3.22059787130315,81401488.0,5400.0,550400.0,16263695.0
Philippines,2003,-0.15747392427140028,24.198785927491,16.5509608612536,278.59573062347,65.0,20.8,31.8,3.07902786258862,83068889.0,1426.0,434175.0,16017084.0
Philippines,2004,-0.15747392427129725,24.0413120032196,16.6683435623973,284.172904718785,63.5,21.2,30.9,3.07103285400201,84731835.0,9.0,355787.0,15987500.0
Philippines,2005,-0.15747392427140028,23.8838380789483,17.1714122815843,289.749149813865,84.5,21.6,30.2,3.07039664885304,86394504.0,1762.0,324442.0,16129590.0
Philippines,2006,-0.15747392427140028,23.7263641546769,16.7857262635409,295.187181809035,69.9,21.3,31.3,3.02530859276586,88015962.0,46.0,308570.0,16079034.0
Philippines,2007,-0.15747392427140028,23.5688902304055,17.288794982728,300.194472951672,70.0,21.4,33.3,2.887201307338,89508986.0,283.0,200184.0,16127030.0
Philippines,2008,-0.15747392427140028,23.4114163061341,17.7415568299963,305.447174430694,73.1,21.0,32.4,2.9610861468725,91075184.0,79.0,196000.0,15868000.0
Philippines,2009,-0.15747392427140028,23.2539423818627,18.2781634637958,310.893433276319,74.6,21.1,33.9,3.65670530628117,92699095.0,2666.0,77460.0,16392700.0
Philippines,2010,-0.15747392427140028,23.0964684575913,18.4458530368582,316.545091726196,76.1,21.3,34.1,4.50127286526322,94384250.0,4412.0,31602.0,16266718.0
Philippines,2011,0.11700036891710042,22.9389945333199,17.7750947446088,323.094627226079,78.5,21.4,32.7,4.68595970119152,96337125.0,16087.0,22818.0,15954935.0
Philippines,2012,0.11700036891700094,23.055994902237,18.2781634637958,329.505362712547,81.2,21.7,33.8,4.48654791629914,98248614.0,13842.0,66959.0,16157439.0
Philippines,2013,0.11700036891710042,23.172995271154,18.7141563537579,335.96777677164,80.7,22.4,34.1,4.55318100586888,100175512.0,6262.0,85617.0,16041722.0
Philippines,2014,0.11700036891710042,23.2899956400711,18.7476942683704,342.342744072174,81.9,23.1,33.1,4.37978303251051,102076336.0,8756.0,124059.0,16240559.0
Philippines,2015,0.11700036891699739,23.4069960089882,18.7476942683704,348.013314552101,84.6,24.1,32.4,3.87270283550819,103767130.0,20265.0,63740.0,16079741.0
Philippines,2016,0.11701378408289997,23.5239963779052,18.7476942683704,353.197813327967,83.2,25.6,30.8,3.28495158710741,105312992.0,9006.0,110624.0,15728066.0
Philippines,2017,0.11701378408289997,23.6410101619881,18.7476942683704,357.969342992253,87.9,26.9,28.6,2.81005513857261,106735719.0,2565.0,121839.0,15552083.0
Philippines,2018,0.11698024616829983,23.758023946071,18.7476942683704,362.61090317604,90.0,28.4,27.8,2.60792065123199,108119693.0,5005.0,72743.0,15373495.0
Philippines,2019,0.11701378408289997,23.8750041922393,18.7476942683704,367.123744843546,91.3,30.0,27.6,2.38580381257533,109465287.0,8850.0,72109.0,15406099.0
Philippines,2020,0.11701378408289997,23.9920179763222,18.7476942683704,371.615799711574,93.0,31.7,26.9,2.16429864598989,110804683.0,5557.0,44681.0,15360103.0
Philippines,2021,0.11701378408289997,24.1090317604051,18.7476942683704,375.897186168964,94.7,33.6,29.1,1.87260618104074,112081264.0,5026.0,60776.0,15228215.0
Philippines,2022,0.11701378408289997,24.226045544488,18.7476942683704,379.317000368917,96.5,35.6,28.0,1.53691434301961,113100950.0,5045.0,28840.0,15019165.0
Poland,2001,0.08815175160800237,29.5765451043129,45.6854614907441,124.909820758105,100.0,100.0,6.9,-1.01723820308627,38258629.0,347200.0,732400.0,27659100.0
Poland,2002,0.08815175160789934,29.6646968559209,44.350125697868,124.875366482745,100.0,100.0,7.3,-0.0116291043974393,38248076.0,310000.0,882200.0,26671400.0
Poland,2003,0.09302391075749838,29.7528486075288,42.4760847562767,124.81753893369,100.0,100.0,7.5,-0.042459617157727,38230364.0,723300.0,726600.0,28957000.0
Poland,2004,0.07937149960289958,29.8458725182863,41.101750261233,124.753689916405,100.0,100.0,7.3,-0.116109626486412,38204570.0,1008500.0,668600.0,30836000.0
Poland,2005,0.08814024091670092,29.9252440178892,41.1647569614468,124.644083178272,100.0,100.0,7.3,-0.176227166941624,38182222.0,1027800.0,954700.0,32733000.0
Poland,2006,0.08912292322600024,30.0133842588059,39.6337283321908,124.589315444129,100.0,100.0,7.2,-0.215720547117648,38165445.0,603800.0,2045400.0,31944500.0
Poland,2007,0.08814311830759891,30.1025071820319,40.3760773047793,124.514452206843,100.0,100.0,7.2,-0.274369388388624,38141267.0,490000.0,1828100.0,32384000.0
Poland,2008,0.09012018611170092,30.1906503003395,38.5968921389397,124.44685296422,100.0,100.0,7.3,-0.289631766939547,38120560.0,387472.0,2091945.0,35934563.0
Poland,2009,0.09013195575850119,30.2807704864512,39.3176624224616,124.471952334313,99.9,100.0,8.0,-0.231008167182952,38125759.0,435934.0,1871487.0,34273421.0
Poland,2010,0.08815462975059773,30.3709024422097,39.3953245396369,124.564460624265,100.0,100.0,8.8,-0.171047321923282,38151603.0,1089252.0,1888631.0,34629172.0
Poland,2011,0.06440568479120046,30.4590570719603,35.3565365025467,124.209200731357,100.0,100.0,9.5,-0.503287245985122,38042794.0,1733535.0,2323826.0,35467417.0
Poland,2012,0.0604311757154008,30.5234627567515,36.2407340887568,124.296296901022,100.0,100.0,10.4,-0.130086713196889,38063255.0,1904247.0,3449978.0,37179982.0
Poland,2013,0.060435122756601345,30.5838939324669,35.6769642740513,124.300058781268,100.0,100.0,10.9,-0.167572715424519,38063164.0,2002918.0,2492527.0,38015431.0
Poland,2014,0.06144187132539969,30.6443290552235,35.2437869436008,124.229110740995,100.0,100.0,11.4,-0.226815215718197,38040196.0,3072894.0,2327201.0,38938843.0
Poland,2015,0.059440216858799744,30.7057709265489,35.6902576831379,124.144273163722,100.0,100.0,11.6,-0.239044404502838,38011735.0,2911920.0,2722631.0,40862038.0
Poland,2016,0.04898918971879951,30.7652111434077,35.5563538979065,124.061569613639,100.0,100.0,11.9,-0.228464542925777,37986412.0,2663782.0,2551427.0,41375282.0
Poland,2017,0.039191351774999106,30.8142003331265,35.291812273425,124.008253045495,100.0,100.0,11.3,-0.202319828133992,37970087.0,2735189.0,2499940.0,42401232.0
Poland,2018,0.04120935373720158,30.8533916849015,35.6216728175316,124.0237303635,100.0,100.0,11.1,-0.144250430522004,37974826.0,2963978.0,1740795.0,45312633.0
Poland,2019,0.04525718226230069,30.8946010386387,35.9571479896789,124.031583760656,100.0,100.0,15.1,-0.154206156660708,37974750.0,5571373.0,1133218.0,46711225.0
Poland,2020,0.0371776788800986,30.939858220901,36.1144686550586,124.025595374212,100.0,100.0,15.6,-0.175592886007763,37965475.0,4601629.0,1669327.0,43321969.0
Poland,2021,0.04223884703370118,30.9770358997811,36.4224349132721,122.548420605625,100.0,100.0,16.1,-1.33985088278536,37515748.0,4558138.0,3014185.0,40635778.0
Poland,2022,0.0402175593696974,31.0192747468148,36.1940542306436,120.815285854296,100.0,100.0,15.2,-1.5413629098982,36981559.0,4159199.0,3033577.0,43147171.0
Portugal,2001,-0.031693989071101214,35.8579234972678,19.1286338797814,112.457901639344,100.0,100.0,20.1,1.93362426964024,10289898.0,570103.0,1342139.0,10831000.0
Portugal,2002,-0.03169398907099463,35.8262295081967,17.7984699453552,113.253792349727,100.0,100.0,20.8,1.91616878942885,10362722.0,812000.0,1152000.0,8946000.0
Portugal,2003,-0.031693989071101214,35.7945355191257,17.8814207650273,113.87574863388,100.0,100.0,18.3,1.8490261784529,10419631.0,822000.0,911000.0,8742000.0
Portugal,2004,-0.03169398907100174,35.7628415300546,16.9881967213115,114.304054644809,100.0,100.0,22.1,1.79433821508459,10458821.0,1019000.0,469000.0,9673000.0
Portugal,2005,-0.01998541132359577,35.7311475409836,16.2046994535519,114.577715846995,100.0,100.0,19.9,1.69636322418515,10483861.0,1011000.0,364000.0,10869000.0
Portugal,2006,-0.03170438395100206,35.71116212966,14.2720017492074,114.828140373893,100.0,100.0,18.1,1.61712832710842,10503330.0,1279000.0,363523.0,10746238.0
Portugal,2007,-0.03170438395100206,35.679457745709,13.5753799059801,115.035399584563,100.0,100.0,22.3,1.52587715179438,10522288.0,1430000.0,337000.0,10804638.0
Portugal,2008,-0.031704383951101534,35.647753361758,12.5532961626763,115.261440909588,100.0,100.0,23.1,1.39855667294968,10542964.0,1535000.0,747000.0,10822886.0
Portugal,2009,-0.07832651902320009,35.6160489778069,13.3400021865092,115.427757734776,100.0,100.0,23.2,1.14819224810253,10558177.0,1346908.0,521589.0,10168749.0
Portugal,2010,-0.0316628452887997,35.5377224587837,13.1125668741129,115.386472322306,100.0,100.0,24.9,0.847470512859498,10568247.0,616779.0,473102.0,9564069.0
Portugal,2011,0.1310186701605005,35.5060596134949,12.5294246096735,115.439458456163,100.0,100.0,27.8,0.492638138708452,10573100.0,1002960.0,856259.0,9648360.0
Portugal,2012,0.1310186701605005,35.6370782836554,12.3023255813953,115.269789278305,100.0,100.0,27.2,-0.0453343813282783,10557560.0,1132572.0,1720219.0,10961419.0
Portugal,2013,0.12506194982709928,35.7680969538159,12.2701168249809,114.803406485424,100.0,100.0,25.5,-0.405561487670235,10514844.0,1007529.0,1645780.0,10710813.0
Portugal,2014,0.13083962919780134,35.893158903643,12.4284429268207,114.156128691384,100.0,100.0,30.2,-0.549549931408628,10457295.0,1265063.0,2322213.0,10609589.0
Portugal,2015,0.13099635830120349,36.0239985328408,11.9875859117783,113.541770372117,100.0,100.0,30.5,-0.540964957183729,10401062.0,1042955.0,2606210.0,11152372.0
Portugal,2016,0.0,36.154994891142,11.6800719606662,113.072519583956,100.0,100.0,27.2,-0.417371860338225,10358076.0,323837.0,2020664.0,11399677.0
Portugal,2017,0.0,36.154994891142,10.7223794178522,112.716384151187,100.0,100.0,29.0,-0.320647256286859,10325452.0,324340.0,2136208.0,13103429.0
Portugal,2018,0.0,36.154994891142,10.567606128883,112.441815784188,100.0,100.0,24.4,-0.251456778353515,10300300.0,523409.0,2050843.0,13564816.0
Portugal,2019,0.0,36.154994891142,10.4845216886304,112.261935951514,100.0,100.0,27.5,-0.170524598256827,10283822.0,514177.0,2013159.0,13332841.0
Portugal,2020,0.0,36.154994891142,10.891940012401,112.288582794065,100.0,100.0,28.2,0.0100220692411571,10286263.0,459302.0,2053955.0,13499916.0
Portugal,2021,0.0,36.154994891142,10.6206312714507,112.406676011074,100.0,100.0,31.3,0.0876582342410479,10297081.0,296063.0,2538631.0,12747924.0
Portugal,2022,0.0,36.154994891142,10.564565921734,113.113510527741,100.0,100.0,32.3,0.611907811837652,10361831.0,320331.0,2618392.0,14497993.0
Qatar,2001,0.0,0.0,1.11972437553833,55.5546080964686,100.0,100.0,0.1,5.35867277289813,644989.0,,185.0,4487.0
Qatar,2002,0.0,0.0,1.14556416881998,58.3914728682171,100.0,100.0,0.1,5.1601013903843,677925.0,,5912.0,4540.0
Qatar,2003,0.0,0.0,1.09388458225668,61.2579672695952,100.0,100.0,0.1,4.97365239556618,711205.0,,8735.0,4595.0
Qatar,2004,0.0,0.0,1.13695090439276,64.1414298018949,100.0,100.0,0.0,4.79469287544282,744682.0,,8262.0,4650.0
Qatar,2005,0.0,0.0,1.05081826012059,66.6091300602929,100.0,100.0,0.0,3.99813508267381,773332.0,546.0,37673.0,4706.0
Qatar,2006,0.0,0.0,1.03359173126615,71.0945736434109,100.0,100.0,0.0,6.77870783079504,825408.0,546.0,46073.0,4763.0
Qatar,2007,0.0,0.0,1.09388458225668,83.7925064599483,100.0,100.0,0.1,16.7216607391686,972831.0,3058.0,44946.0,4805.0
Qatar,2008,0.0,0.0,1.1541774332472,104.099483204134,100.0,100.0,0.1,21.9905034241579,1208595.0,390.0,2518.0,4847.0
Qatar,2009,0.0,0.0,1.21447028423773,122.905943152455,100.0,100.0,0.1,16.8758222491981,1426938.0,2115.0,3172.0,4890.0
Qatar,2010,0.0,0.0,1.28337639965547,138.579069767442,100.0,100.0,0.1,12.226117023917,1608903.0,2115.0,4914.0,4933.0
Qatar,2011,0.0,0.0,1.32041343669251,139.262015503876,100.0,100.0,0.1,0.651270713194427,1616832.0,174.0,11219.0,4976.0
Qatar,2012,0.0,0.0,1.38501291989664,139.94496124031,100.0,100.0,0.1,0.614425488375246,1624761.0,499.0,1417.0,5005.0
Qatar,2013,0.0,0.0,1.41774332472007,148.358139534884,100.0,100.0,0.0,5.9522539337755,1722438.0,535.0,7341.0,5034.0
Qatar,2014,0.0,0.0,1.47286821705426,165.066838931955,100.0,100.0,0.0,10.7661861802881,1916426.0,432.0,4928.0,5063.0
Qatar,2015,0.0,0.0,1.61009573542211,187.271105308964,100.0,100.0,0.0,11.6483548746707,2151745.0,432.0,14473.0,5092.0
Qatar,2016,0.0,0.0,1.61009573542211,204.051958224543,100.0,100.0,0.0,8.61871847333123,2344557.0,254.0,8088.0,5122.0
Qatar,2017,0.0,0.0,1.59268929503916,215.588598781549,100.0,100.0,0.1,5.54751684276332,2477113.0,108.0,6286.0,5120.0
Qatar,2018,0.0,0.0,1.65361183637946,221.568320278503,100.0,100.0,0.1,2.78184583442529,2545820.0,0.0,7402.0,5118.0
Qatar,2019,0.0,0.0,1.82767624020888,224.606962576153,100.0,100.0,0.0,1.40710486277,2580734.0,0.0,8218.0,5116.0
Qatar,2020,0.0,0.0,1.82767624020888,229.648128807659,100.0,100.0,0.1,2.26361928281393,2638657.0,0.0,6390.0,5114.0
Qatar,2021,0.0,0.0,1.82767624020888,243.180852915579,100.0,100.0,0.0,5.76869559034389,2794148.0,0.0,14226.0,5112.0
Qatar,2022,0.0,0.0,1.82767624020888,218.007832898172,100.0,100.0,0.0,-10.8854787483228,2504910.0,0.0,5694.0,5107.0
Romania,2001,0.06486439423619927,27.7132036045449,40.8384484785164,97.701323407775,93.4,100.0,16.4,-0.427447301372239,22442971.0,535100.0,20400.0,13148200.0
Romania,2002,0.04548444390389861,27.7780679987811,40.7949153280223,96.3474380740934,93.7,100.0,13.4,-1.57936752827019,22131970.0,112000.0,25000.0,12424000.0
Romania,2003,0.05511683324460037,27.823552442685,40.7882716317919,94.5338495671466,94.0,100.0,14.4,-1.86509303791211,21730496.0,94600.0,88000.0,15154000.0
Romania,2004,0.058722028418198846,27.8786692759296,40.7784300934986,93.8218134377039,94.3,100.0,15.7,-0.615705429360667,21574326.0,211000.0,21000.0,15440000.0
Romania,2005,0.06721779209540202,27.9373913043478,38.7608695652174,93.2684695652174,94.5,100.0,17.3,-0.351890130581183,21451748.0,186000.0,144000.0,15809000.0
Romania,2006,0.06478824245580128,28.0046090964432,39.0686146621445,92.7023436820593,94.8,100.0,18.5,-0.321321270418233,21319685.0,159000.0,336037.0,14501000.0
Romania,2007,0.07580253930359859,28.069397338899,38.8685972693278,92.1547960692234,95.1,100.0,17.4,-0.24983198410017,21193760.0,190090.0,426060.0,13970000.0
Romania,2008,0.06358655067949925,28.1451998782026,37.7354386880682,90.8390186610988,95.4,100.0,18.2,-1.11989203457548,20882982.0,179000.0,411050.0,15341000.0
Romania,2009,0.04514732752929973,28.2087864288821,37.9338842975207,89.3339495432797,95.8,100.0,20.4,-1.32550009721903,20537875.0,257050.0,214891.0,13667000.0
Romania,2010,0.06599669349079917,28.2539337564114,38.2030774580544,88.5311962096844,96.1,100.0,22.1,-0.539410726827592,20367487.0,224715.0,397851.0,12556500.0
Romania,2011,0.32060480664730306,28.3199304499022,39.7565746576831,88.0107411432297,96.0,100.0,24.1,-0.377960084313367,20246871.0,429273.0,611067.0,13111640.0
Romania,2012,0.35426519558509995,28.6405352565495,39.0798105747925,87.5332493374462,96.3,100.0,21.1,-0.386053262354062,20147528.0,831848.0,686449.0,14358629.0
Romania,2013,0.33431314174449867,28.9948004521346,38.2488479262673,87.201265107382,96.7,100.0,21.5,-0.453667076611491,20058035.0,586526.0,935654.0,16087912.0
Romania,2014,0.3291270180820014,29.3291135938791,38.0211276789984,86.8742903099596,97.1,100.0,23.1,-0.456857744571863,19983693.0,774626.0,1299025.0,15194722.0
Romania,2015,0.3355006954102997,29.6582406119611,38.1519471488178,86.5306806328234,97.6,100.0,24.3,-0.529504028137237,19908979.0,529730.0,1638675.0,15329913.0
Romania,2016,0.1220879694018997,29.9937413073714,38.1519471488178,86.1248956884562,98.2,100.0,23.7,-0.692374452871572,19815616.0,315770.0,2344397.0,15314700.0
Romania,2017,0.0,30.1158292767733,37.3000695410292,85.6322453059805,98.6,100.0,24.4,-0.861494741296069,19702267.0,158092.0,2370721.0,15116714.0
Romania,2018,0.0,30.1158292767733,37.1305632823366,85.1387126216968,100.0,100.0,23.4,-0.9295931039634,19588715.0,186959.0,1824923.0,14491635.0
Romania,2019,0.0,30.1158292767733,37.7520862308762,84.6399947844228,99.9,100.0,23.0,-1.0011500806521,19473970.0,154637.0,1582543.0,15989205.0
Romania,2020,0.0,30.1158292767733,38.9690542420028,84.1952712100139,100.0,100.0,23.5,-1.00096783243341,19371648.0,160709.0,1176323.0,15827246.0
Romania,2021,0.0,30.1158292767733,36.8697844228095,83.7328320584145,100.0,100.0,24.1,-1.0838830121159,19265250.0,162026.0,1714306.0,18048528.0
Romania,2022,0.0,30.1158292767733,37.3261474269819,83.1104789638387,100.0,100.0,23.6,-1.47053244927971,19122059.0,152239.0,2607911.0,17796330.0
Russian Federation,2001,0.03853203362790225,49.4018499097143,7.59241917938337,8.94901570933758,96.1,100.0,3.5,-0.158518547385237,146596869.0,32049000.0,527000.0,158101000.0
Russian Federation,2002,0.034307543341697055,49.4403819433422,7.56145744558754,8.91163375342787,96.4,100.0,3.6,-0.32413893880667,145976482.0,32893000.0,645000.0,164700000.0
Russian Federation,2003,0.03569572836430268,49.4746894866839,7.5371132547949,8.87046146313948,96.6,100.0,3.5,-0.374139083048127,145306497.0,37770000.0,228902.0,164999000.0
Russian Federation,2004,0.03506039556829421,49.5103852150482,7.48178680396411,8.83027865243716,96.8,100.0,3.3,-0.299944177220899,144648618.0,37804000.0,852000.0,174001000.0
Russian Federation,2005,0.03533172268670626,49.5454456106165,7.4564608396317,8.79465803239439,97.0,100.0,3.5,-0.537856482113236,144067316.0,41842000.0,1004000.0,178400000.0
Russian Federation,2006,0.046873368197694276,49.5807773333032,7.4341066295351,8.76108889416588,97.2,100.0,3.6,-0.579704931131405,143518814.0,48300000.0,730000.0,182000000.0
Russian Federation,2007,0.0358236240165013,49.6276507015009,7.42312431385527,8.73439418381291,97.4,100.0,3.5,-0.214706733456985,143049637.0,51100000.0,516000.0,190601000.0
Russian Federation,2008,0.03846383482699878,49.6634743255174,7.42312431385527,8.71946397976766,97.6,100.0,3.7,0.0221745532374991,142805114.0,49300000.0,324950.0,206099000.0
Russian Federation,2009,0.035825527100200816,49.7019381603444,7.42809828740168,8.71609568861449,97.8,100.0,3.3,0.0876537538872122,142742366.0,37058606.0,286000.0,162099000.0
Russian Federation,2010,0.03582552710010134,49.7377636874446,7.42809828740168,8.71872024385612,98.0,100.0,3.6,0.0935349649488752,142785348.0,22289355.0,60000.0,158900000.0
Russian Federation,2011,-0.0025052406229022495,49.7735892145447,7.42809828740168,8.72263552192818,100.0,100.0,3.3,0.236150756779433,142849468.0,21175826.0,893.0,175499000.0
Russian Federation,2012,-0.002505240622895144,49.7710839739218,7.42809828740168,8.73293828429975,99.6,100.0,3.2,0.367299951595695,143018195.0,20699843.0,996.0,191225000.0
Russian Federation,2013,-0.0025052406229022495,49.7685787332989,7.42809828740168,8.75493589434367,100.0,100.0,3.2,0.412807805363494,143378447.0,17862687.0,20285.0,192055000.0
Russian Federation,2014,-0.0025052406230017255,49.766073492676,7.42809828740168,8.78102091547408,100.0,100.0,3.6,0.437509651578485,143805638.0,19193917.0,38321.0,194460051.0
Russian Federation,2015,-0.002505240622895144,49.763568252053,7.42809828740168,8.80737424184231,100.0,100.0,3.3,0.436395492452819,144237223.0,21052777.0,12883.0,203000335.0
Russian Federation,2016,0.011634701869198238,49.7610630114301,7.42809828740168,8.8320122221157,96.6,100.0,3.2,0.411745480856223,144640716.0,19596352.0,233.0,205507000.0
Russian Federation,2017,0.011662790264601597,49.7726977132993,7.42809828740168,8.85489473873823,100.0,100.0,3.4,0.385757419294273,145015460.0,20120982.0,222.0,213799199.0
Russian Federation,2018,0.0,49.7843605035639,7.42809828740168,8.87185768709161,100.0,100.0,3.2,0.311953191766694,145293260.0,19513627.0,1906.0,212400000.0
Russian Federation,2019,0.0,49.7843605035639,7.42809828740168,8.87825976514438,100.0,100.0,3.2,0.185227645677902,145398106.0,19260231.0,7909.0,235999999.0
Russian Federation,2020,0.0,49.7843605035639,7.42809828740168,8.88162945666663,100.0,100.0,3.2,0.142519224434736,145453291.0,15444189.0,12198.0,218400000.0
Russian Federation,2021,0.0,49.7843605035639,7.42809828740168,8.86891988517952,100.0,100.0,3.7,-0.0481880641867905,145245148.0,15616836.0,1532.0,218302525.0
Russian Federation,2022,0.0,49.7843605035639,7.42809828740168,8.83848757424343,100.0,100.0,3.5,-0.265484886158326,144746762.0,14051632.0,981.0,226890582.0
Rwanda,2001,-0.08917713822459916,11.6335630320227,40.5350628293474,332.952209160924,,0.1,86.8,8.08083176249647,8213931.0,143.0,0.0,5400000.0
Rwanda,2002,-0.08917713822449969,11.5443858937981,44.5885691122821,335.917875962708,,0.1,86.9,5.64063580854919,8287094.0,143.0,0.0,5495000.0
Rwanda,2003,-0.08917713822460094,11.4552087555736,45.2371301175517,340.501824077827,,0.1,87.1,3.32479230086688,8400180.0,143.0,0.0,5495000.0
Rwanda,2004,-0.08917713822459916,11.366031617349,45.3587353060397,348.069517632752,0.6,0.1,87.3,2.29795473519903,8586875.0,143.0,0.0,5495000.0
Rwanda,2005,-0.08917713822450146,11.2768544791244,45.4398054316984,357.391325496555,1.8,0.1,87.6,2.68595662077977,8816844.0,143.0,115.0,5495000.0
Rwanda,2006,-0.08917713822459916,11.1876773408999,45.5614106201865,367.025861370085,0.7,0.1,89.2,2.6908450571903,9054528.0,143.0,115.0,5495000.0
Rwanda,2007,-0.08917713822449969,11.0985002026753,45.6830158086745,376.945520875557,4.0,0.1,90.6,2.68934981041493,9299246.0,143.0,115.0,5495000.0
Rwanda,2008,-0.08917713822460094,11.0093230644508,45.8046209971625,387.107134171058,5.2,0.1,90.3,2.67823997031345,9549933.0,143.0,115.0,5495000.0
Rwanda,2009,-0.08917713822459916,10.9201459262262,45.8856911228212,397.416659910823,1.5,0.1,90.6,2.64612716711945,9804269.0,112.0,6368.0,6211000.0
Rwanda,2010,-0.08917713822449969,10.8309687880016,46.9396027563843,407.800243210377,7.6,0.1,90.5,2.60046889100869,10060432.0,130.0,1686.0,6211927.0
Rwanda,2011,0.040535062829299306,10.7417916497771,47.9935143899473,418.222659100122,2.6,0.2,90.5,2.5524228691024,10317553.0,102.0,3496.0,6211927.0
Rwanda,2012,0.04053506282940056,10.7823267126064,49.0474260235103,428.606931495744,1.1,0.2,89.7,2.49280230256125,10573733.0,56.0,348.0,6211927.0
Rwanda,2013,0.040535062829299306,10.8228617754358,50.060802594244,438.990717470612,7.3,0.2,88.8,2.44497953015304,10829901.0,20.0,1303.0,6211927.0
Rwanda,2014,0.040535062829299306,10.8633968382651,51.1147142278071,449.669233887313,5.8,0.2,88.5,3.18655194284357,11093340.0,20.0,891.0,6211927.0
Rwanda,2015,0.04053506282940056,10.9039319010944,52.1686258613701,460.671139035266,9.2,0.3,88.0,4.89218676859769,11364757.0,2081.0,179.0,6211927.0
Rwanda,2016,0.08107012565869987,10.9444669639238,52.2091609241994,471.829023104986,12.5,0.3,86.3,6.27772586874097,11640022.0,20.0,128.0,6211927.0
Rwanda,2017,0.04053506282930108,11.0255370895825,52.2091609241994,483.144831779489,19.0,0.4,85.5,7.33433249429036,11919183.0,20.0,2069.0,6211927.0
Rwanda,2018,0.04053506282939878,11.0660721524118,52.2496959870288,494.611268747467,23.6,0.4,84.5,8.06916696962031,12202060.0,20.0,192.0,6211927.0
Rwanda,2019,0.04053506282930108,11.1066072152412,50.060802594244,506.201702472639,28.0,0.5,82.8,8.51166548585975,12487996.0,0.0,934.0,6211927.0
Rwanda,2020,0.04053506282939878,11.1471422780705,48.3177948925821,517.880137819214,38.3,0.5,81.8,8.70483012072618,12776103.0,2.0,6706.0,6211927.0
Rwanda,2021,0.04053506282930108,11.1876773408999,49.2338873125253,529.624523713012,34.9,0.6,81.7,8.69819879632089,13065837.0,0.0,8996.0,6211927.0
Rwanda,2022,0.04053506282939878,11.2282124037292,51.4146736927442,541.35630320227,38.2,0.7,79.4,8.52382771076354,13355260.0,0.0,1933.0,6211927.0
Samoa,2001,-0.17031802120140327,60.5335689045936,4.9469964664311,64.1996466431095,85.2,7.2,59.7,0.987687235035718,181685.0,6361.0,17.0,87900.0
Samoa,2002,-0.17031802120139616,60.3632508833922,4.9469964664311,64.7229681978799,86.0,8.1,52.4,0.913453491335154,183166.0,6361.0,17.0,90700.0
Samoa,2003,-0.17031802120140327,60.1929328621908,4.59363957597173,65.1840989399293,86.8,9.1,49.6,0.564847284031573,184471.0,6361.0,1714.0,91200.0
Samoa,2004,-0.17031802120139616,60.0226148409894,4.59363957597173,65.5229681978799,87.6,10.3,52.4,-0.22506099746853,185430.0,6361.0,7430.0,84700.0
Samoa,2005,-0.17031802120140327,59.852296819788,4.24028268551237,65.8123674911661,88.4,11.2,48.8,-0.725613242841683,186249.0,656.0,13626.0,83200.0
Samoa,2006,-0.17031802120139616,59.6819787985866,3.886925795053,66.069964664311,89.2,12.4,48.9,-0.979945436648355,186978.0,204.0,1383.0,85700.0
Samoa,2007,-0.17031802120150275,59.5116607773852,3.67491166077739,66.3282685512367,95.8,13.4,46.0,-0.928615151947339,187709.0,204.0,137.0,75700.0
Samoa,2008,-0.17031802120139616,59.3413427561837,3.53356890459364,66.6971731448763,90.9,14.5,43.2,-0.70664460683795,188753.0,179.0,73.0,75700.0
Samoa,2009,-0.17031802120140327,59.1710247349823,3.18021201413428,67.1756183745583,98.1,15.6,45.0,-0.698782547991635,190107.0,179.0,250.0,75700.0
Samoa,2010,-0.17031802120140327,59.0007067137809,2.79151943462898,67.6724381625442,97.4,16.8,43.2,-0.740054094351183,191513.0,179.0,232.0,75700.0
Samoa,2011,-0.17102473498229642,58.8303886925795,4.24028268551237,68.2060070671378,95.8,17.85,41.9,-0.588696672817733,193023.0,179.0,810.0,75700.0
Samoa,2012,-0.171024734982403,58.6593639575972,5.65371024734982,68.8031802120141,96.2,18.9,40.6,-0.20660353867531,194713.0,179.0,1081.0,75700.0
Samoa,2013,-0.17102473498229642,58.4883392226148,7.06713780918728,69.4339222614841,96.2,20.1,40.2,0.201378332278472,196498.0,179.0,365.0,75700.0
Samoa,2014,-0.17102473498230353,58.3173144876325,8.48056537102473,70.0593639575972,96.4,21.4,42.6,0.422359580830143,198268.0,179.0,937.0,75700.0
Samoa,2015,-0.1710247349823959,58.1462897526502,9.89399293286219,70.6844522968198,97.5,22.6,41.4,0.50604112191919,200037.0,179.0,524.0,75700.0
Samoa,2016,-0.169611307420503,57.9752650176678,11.469964664311,71.3010600706714,97.8,23.9,37.1,0.462276303263378,201782.0,6.0,405.0,75700.0
Samoa,2017,0.8670081602563044,57.8056537102473,9.10247349823322,71.9077738515901,98.7,25.2,36.8,0.285593185509885,203499.0,197.0,780.0,75700.0
Samoa,2018,-0.17266187050360315,58.6726618705036,6.85611510791367,73.8902877697842,96.1,26.2,35.8,0.092449929543142,205415.0,34.0,440.0,75700.0
Samoa,2019,-0.17266187050360315,58.5,4.44244604316547,74.6697841726619,99.8,27.5,36.6,-0.231285277721216,207582.0,253.0,1691.0,75700.0
Samoa,2020,-0.17266187050359605,58.3273381294964,4.06115107913669,75.4604316546763,99.0,28.6,34.2,-0.614211329900257,209780.0,34.0,490.0,75700.0
Samoa,2021,-0.17266187050360315,58.1546762589928,4.06115107913669,76.2388489208633,100.0,29.9,35.6,-0.965034996531743,211944.0,0.0,779.0,75700.0
Samoa,2022,-0.17266187050359605,57.9820143884892,4.06115107913669,76.8989208633094,97.9,30.9,36.0,-1.85723015748974,213779.0,0.0,604.0,75700.0
Sao Tome and Principe,2001,-0.027083333333401072,60.7916666666667,6.25,150.01875,40.1,0.0,54.7,2.90353488580294,144018.0,88.0,79.0,109137.0
Sao Tome and Principe,2002,-0.027083333333301596,60.7645833333333,6.25,152.473958333333,36.5,0.0,55.5,3.48467313301681,146375.0,88.0,79.0,110365.0
Sao Tome and Principe,2003,-0.02708333333329449,60.7375,6.25,156.16875,37.4,0.1,55.3,4.46058781732521,149922.0,88.0,79.0,111618.0
Sao Tome and Principe,2004,-0.027083333333401072,60.7104166666667,6.25,160.222916666667,38.4,0.1,51.8,4.93959647135819,153814.0,88.0,106.0,112894.0
Sao Tome and Principe,2005,-0.027083333333301596,60.6833333333333,6.25,164.276041666667,39.4,0.1,48.9,5.06154189246628,157705.0,88.0,106.0,114196.0
Sao Tome and Principe,2006,-0.027083333333301596,60.65625,6.25,168.373958333333,40.4,0.1,47.9,5.09185364143527,161639.0,88.0,106.0,115522.0
Sao Tome and Principe,2007,-0.027083333333401072,60.6291666666667,6.25,172.539583333333,41.4,0.1,47.3,5.02645908668235,165638.0,88.0,106.0,116515.0
Sao Tome and Principe,2008,-0.02708333333329449,60.6020833333333,6.25,176.770833333333,42.5,0.2,47.7,4.86039046953005,169700.0,88.0,29.0,117522.0
Sao Tome and Principe,2009,-0.027083333333301596,60.575,6.25,181.034375,43.7,0.2,46.0,4.58552859516798,173793.0,88.0,10.0,118542.0
Sao Tome and Principe,2010,-0.027083333333401072,60.5479166666667,6.25,185.263541666667,34.1,0.2,45.4,4.19197701224462,177853.0,88.0,10.0,119577.0
Sao Tome and Principe,2011,-0.6458333333333002,60.5208333333333,6.25,189.377083333333,46.2,0.3,38.2,3.6816471189837,181802.0,88.0,10.0,134626.0
Sao Tome and Principe,2012,-0.6458333333333002,59.875,4.16666666666667,193.384375,47.5,0.3,42.4,3.10388401197439,185649.0,88.0,10.0,135510.0
Sao Tome and Principe,2013,-0.6458333333333997,59.2291666666667,4.16666666666667,197.332291666667,42.8,0.4,40.1,2.47873110609636,189439.0,88.0,35.0,128200.0
Sao Tome and Principe,2014,-0.6458333333333002,58.5833333333333,4.16666666666667,201.195833333333,50.4,0.4,42.8,2.08384707801428,193148.0,88.0,7.0,130200.0
Sao Tome and Principe,2015,-0.6458333333333002,57.9375,4.16666666666667,204.965625,52.4,0.5,38.4,2.04961966603569,196767.0,88.0,57.0,132200.0
Sao Tome and Principe,2016,-0.6458333333333997,57.2916666666667,4.16666666666667,208.636458333333,53.8,0.5,39.2,1.9691949537029,200291.0,0.0,3.0,139166.0
Sao Tome and Principe,2017,-0.6458333333333002,56.6458333333333,4.16666666666667,212.176041666667,58.6,0.6,38.1,1.87592193871202,203689.0,0.0,5.0,139752.0
Sao Tome and Principe,2018,-0.6458333333333002,56.0,4.16666666666667,215.59375,76.2,0.7,39.2,1.78996975166943,206970.0,0.0,4.0,140344.0
Sao Tome and Principe,2019,-0.6458333333333997,55.3541666666667,4.16666666666667,218.944791666667,55.7,0.7,40.6,1.73603425393872,210187.0,0.0,121.0,140944.0
Sao Tome and Principe,2020,-0.6458333333333002,54.7083333333333,4.16666666666667,222.283333333333,68.2,0.7,38.6,1.70502961358324,213392.0,0.0,10.0,140944.0
Sao Tome and Principe,2021,-0.6458333333333002,54.0625,4.16666666666667,226.494791666667,71.0,0.8,41.6,2.06923715017051,217435.0,0.0,0.0,142166.0
Sao Tome and Principe,2022,-0.6458333333333997,53.4166666666667,4.16666666666667,231.209375,73.7,0.9,40.8,2.25090533676363,221961.0,0.0,6.0,142788.0
Saudi Arabia,2001,0.0,0.454484134921779,1.6778969991022,7.52560694797855,100.0,100.0,0.0,4.69292894694761,16177722.0,0.0,29500.0,178587.0
Saudi Arabia,2002,0.0,0.454484134921779,1.67357470146858,7.92737417953286,100.0,100.0,0.0,5.43180210903215,17041397.0,0.0,25200.0,184940.0
Saudi Arabia,2003,0.0,0.454484134921779,1.66925235731664,8.33185715149626,100.0,100.0,0.0,5.21143299195641,17910910.0,0.0,25200.0,191519.0
Saudi Arabia,2004,0.0,0.454484134921779,1.66493005968302,8.73929124664486,100.0,100.0,0.0,5.0199550998406,18786767.0,0.0,25200.0,198332.0
Saudi Arabia,2005,0.0,0.454484134921779,1.66060771553108,9.1499146388549,100.0,100.0,0.0,4.85538715845566,19669480.0,0.0,28766.0,205387.0
Saudi Arabia,2006,0.0,0.454484134921779,1.65628541789746,9.56411854732543,100.0,100.0,0.0,4.70355008519536,20559890.0,0.0,28766.0,212693.0
Saudi Arabia,2007,0.0,0.454484134921779,1.65196307374552,9.9824365373612,100.0,100.0,0.0,4.5562625287995,21459144.0,0.0,28766.0,219226.0
Saudi Arabia,2008,0.0,0.454484134921779,1.64764072959357,10.4053668203322,100.0,100.0,0.0,4.42265161870453,22368313.0,0.0,28766.0,225960.0
Saudi Arabia,2009,0.0,0.454484134921779,1.64331843195996,10.8331326842475,100.0,100.0,0.0,4.2999854317169,23287877.0,0.0,28766.0,232900.0
Saudi Arabia,2010,0.0,0.454484134921779,1.63899608780801,11.2656494657369,100.0,100.0,0.0,4.18436597790186,24217654.0,0.0,28766.0,240054.0
Saudi Arabia,2011,0.0,0.454484134921779,1.6346737901744,11.1543929589848,100.0,100.0,0.0,-0.730542307285643,23978487.0,8800.0,33841.0,247428.0
Saudi Arabia,2012,0.0,0.454484134921779,1.63035144602245,11.6723187994548,100.0,100.0,0.0,4.75192586578209,25091867.0,2258.0,31090.0,254029.0
Saudi Arabia,2013,0.0,0.454484134921779,1.62602914838884,12.1733184784783,100.0,100.0,0.0,4.4173573894565,26168861.0,1744.0,33399.0,260807.0
Saudi Arabia,2014,0.0,0.454484134921779,1.62170680423689,12.8502267768841,100.0,100.0,0.0,5.62477081446307,27624004.0,7015.0,13186.0,267766.0
Saudi Arabia,2015,0.0,0.454484134921779,1.61738450660328,13.1690025073383,100.0,100.0,0.0,2.66213572357898,28309273.0,594.0,11086.0,274910.0
Saudi Arabia,2016,0.0,0.454484134921779,1.61306216245133,13.8700845238151,100.0,100.0,0.0,5.39685181030722,29816382.0,1026.0,104192.0,282245.0
Saudi Arabia,2017,0.0,0.454484134921779,1.60873986481772,14.399377584675,100.0,100.0,0.0,3.95321083599584,30954198.0,205.0,53919.0,288434.0
Saudi Arabia,2018,0.0,0.454484134921779,1.60441752066577,14.4101498355577,100.0,100.0,0.0,0.280951636777265,30977355.0,266.0,20925.0,294758.0
Saudi Arabia,2019,0.0,0.454484134921779,1.60009522303216,14.0468072140634,100.0,100.0,0.0,-2.34971628714086,30196281.0,330.0,73552.0,301220.0
Saudi Arabia,2020,0.0,0.454484134921779,1.59577287888021,13.9851787932213,100.0,100.0,0.0,-0.237893478845003,30063799.0,49.0,35162.0,307825.0
Saudi Arabia,2021,0.0,0.454484134921779,1.59577287888021,14.6777023663877,100.0,100.0,0.1,5.03257353185149,31552510.0,50.0,12426.0,314574.0
Saudi Arabia,2022,0.0,0.454484134921779,1.59577287888021,14.320382473752,100.0,100.0,0.1,-2.26763551328465,30784383.0,51.0,27675.0,321438.0
Senegal,2001,-0.19996883602549786,45.9832753337142,17.2544538513478,51.775099984418,12.8,6.9,47.5,2.88407851293906,9968260.0,0.0,9400.0,5907579.0
Senegal,2002,-0.19996883602559734,45.7833064976887,16.0961928011219,53.0459772502987,15.3,7.3,45.8,2.93901710779535,10212942.0,0.0,21000.0,5939395.0
Senegal,2003,-0.19996883602549786,45.5833376616631,15.8416870098167,54.3614709395938,11.3,7.7,43.8,3.01515890743062,10466214.0,0.0,22900.0,5971559.0
Senegal,2004,-0.19996883602560445,45.3833688256376,15.2287955123877,55.6857424816912,18.6,7.9,43.7,3.01507438361922,10721176.0,0.0,22900.0,6004072.0
Senegal,2005,-0.19996883602549786,45.183399989612,15.5144652781385,57.0077598296369,8.7,8.0,39.9,2.98712103341008,10975704.0,0.0,22900.0,6036939.0
Senegal,2006,-0.19996883602560445,44.9834311535865,16.2364306861268,58.3569937152652,23.3,8.0,40.3,3.01184993147925,11235472.0,0.0,22900.0,6070164.0
Senegal,2007,-0.19996883602559734,44.7834623175609,14.7405599127409,59.7314392562198,25.4,7.85,43.4,3.0386102149415,11500094.0,0.0,22900.0,6099747.0
Senegal,2008,-0.19996883602549786,44.5834934815353,14.802887861632,61.1351166052044,24.5,7.6,40.0,3.07746243001232,11770344.0,0.0,22900.0,6129600.0
Senegal,2009,-0.19996883602560445,44.3835246455098,18.802264582143,62.5822417285618,26.1,7.2,39.8,3.14379957341358,12048959.0,115.0,12928.0,6159800.0
Senegal,2010,-0.19996883602549786,44.1835558094842,18.802264582143,64.0803459201163,30.6,7.0,51.3,3.22499710274526,12337389.0,76.0,10784.0,6190367.0
Senegal,2011,-0.20775982963699846,43.9835869734587,18.802264582143,65.6282813068093,34.9,6.7,49.5,3.30650702463761,12635413.0,1147.0,4910.0,6215205.0
Senegal,2012,-0.20775982963689898,43.7758271438217,17.1401859450475,67.3084558250662,31.7,6.5,48.0,3.51254283884555,12958897.0,1147.0,4260.0,6256552.0
Senegal,2013,-0.20775982963689898,43.5680673141848,17.1401859450475,69.1346543395834,32.5,6.3,49.6,3.73117471947222,13310495.0,253.0,2852.0,6282154.0
Senegal,2014,-0.20775982963700557,43.3603074845479,17.1401859450475,71.2140913104451,31.8,6.2,42.7,4.0885427494987,13710849.0,5886.0,2605.0,6308011.0
Senegal,2015,-0.20775982963689898,43.1525476549109,17.1401859450475,73.5059575131148,41.0,6.2,42.5,4.40810828928847,14152102.0,14008.0,1714.0,6370127.0
Senegal,2016,-0.20775982963699846,42.944787825274,18.9840544330754,75.7976990598868,38.1,6.1,39.1,4.53448110243958,14593331.0,2455.0,5188.0,6372504.0
Senegal,2017,-0.20775982963689898,42.737027995637,18.7503246247338,78.0892380408248,44.5,6.1,36.7,4.65122615097993,15034521.0,2207.0,992.0,6386178.0
Senegal,2018,-0.20775982963689898,42.5292681660001,18.9321144756661,80.3770944787825,35.4,6.3,36.8,4.73738398703341,15475002.0,374.0,8536.0,6400008.0
Senegal,2019,-0.20775982963699846,42.3215083363632,19.1139043265985,82.6598348309354,41.4,6.6,34.2,4.796373610501,15914498.0,170.0,11401.0,6413996.0
Senegal,2020,-0.2077598296369061,42.1137485067262,19.2956941775308,84.9370072196541,47.8,6.9,36.2,4.8304347822934,16352922.0,7058.0,3645.0,6428141.0
Senegal,2021,-0.20775982963699846,41.9059886770893,19.4774840284631,87.2031319794318,38.6,7.3,38.7,4.83501162675689,16789219.0,139.0,10671.0,6442444.0
Senegal,2022,-0.20775982963689898,41.6982288474523,19.893003687737,89.4451098530099,43.4,7.7,35.4,4.80370767293112,17220867.0,107.0,8702.0,6459165.0
Serbia,2007,0.28927509718729993,29.8627944203064,29.6787102675509,84.742385090327,99.7,38.4,15.3,0.33148708728334,7411569.0,50000.0,88000.0,2876000.0
Serbia,2008,0.28927509718729993,30.1520695174937,29.9199634118454,84.3994854790761,99.7,39.5,14.0,0.257266241353083,7381579.0,72000.0,85000.0,2981000.0
Serbia,2009,0.28927509718729993,30.441344614681,30.4196203978962,84.0409558655385,99.6,41.2,15.5,0.147722500028735,7350222.0,48700.0,96000.0,3186000.0
Serbia,2010,0.28927509718729993,30.7306197118683,29.8845186370912,83.7046306883147,99.6,42.6,20.7,0.0562112912659308,7320807.0,29500.0,82000.0,3137000.0
Serbia,2011,0.014932540589999377,31.0198948090556,30.3487308483878,83.3688085982163,99.5,44.1,20.5,-0.0877718210886263,7291436.0,42600.0,105310.0,7636000.0
Serbia,2012,0.0149325405898999,31.0348273496456,30.1795106334324,82.740898696547,99.6,45.7,17.4,-0.613988533977234,7236519.0,43900.0,74000.0,7706000.0
Serbia,2013,0.014932540589999377,31.0497598902355,29.2945346444089,82.3404642122113,99.6,47.1,19.5,-0.633433722847429,7201497.0,56000.0,95000.0,7549000.0
Serbia,2014,0.01493254059000293,31.0646924308255,29.6169677566888,81.9409215641436,99.9,49.3,20.0,-0.0421019479481374,7166553.0,57223.0,97000.0,7678000.0
Serbia,2015,0.014932540589999377,31.0796249714155,29.7930482506289,81.5434141321747,99.5,50.8,23.2,-0.0396842636267663,7131787.0,53000.0,124000.0,7583000.0
Serbia,2016,0.007431968900100117,31.0945575120055,29.6249714155042,81.1271781385776,99.9,53.2,21.2,-0.0770253811868713,7095383.0,45000.0,156000.0,7655000.0
Serbia,2017,0.01920878115709712,31.1019894809056,29.7050080036588,80.7034301394923,99.9,55.3,20.9,-0.114523241574928,7058322.0,118000.0,124000.0,7915000.0
Serbia,2018,0.0016007317631014928,31.1211982620627,29.6707066087354,80.275074319689,100.0,57.1,20.0,-0.142422406693231,7020858.0,105000.0,72000.0,7789000.0
Serbia,2019,0.002515435627699958,31.1227989938258,29.5335010290418,79.8376857992225,100.0,59.7,21.0,-0.180561581783355,6982604.0,108000.0,53000.0,7959000.0
Serbia,2020,1.252495060378802,31.1253144294535,29.4877658358107,79.4104161902584,99.7,61.8,21.4,-0.198834648400159,6945235.0,78000.0,68000.0,8113000.0
Serbia,2021,0.00344868593180081,32.3778094898323,30.9668212629326,82.0445475086217,100.0,64.3,26.0,-0.38152770126292,6899126.0,67000.0,56000.0,8236000.0
Serbia,2022,0.004558211440098603,32.3812581757641,31.0976334879296,81.2739445831847,100.0,66.6,27.2,-0.714143222262138,6834326.0,108000.0,78000.0,7897000.0
Seychelles,2001,0.0,73.2608695652174,2.17391304347826,176.371739130435,89.5,100.0,1.5,0.335704440452808,81131.0,434.0,108.0,11940.0
Seychelles,2002,0.0,73.2608695652174,2.17391304347826,176.526086956522,90.0,100.0,1.3,-0.330005135766431,81202.0,434.0,108.0,11940.0
Seychelles,2003,0.0,73.2608695652174,2.17391304347826,182.00652173913,93.4,100.0,1.1,2.77370148108795,83723.0,434.0,108.0,11580.0
Seychelles,2004,0.0,73.2608695652174,2.17391304347826,179.958695652174,91.0,100.0,1.1,-1.33930573364381,82781.0,434.0,108.0,11580.0
Seychelles,2005,0.0,73.2608695652174,2.17391304347826,179.29347826087,91.5,100.0,1.0,-0.560556952966921,82475.0,434.0,108.0,11580.0
Seychelles,2006,0.0,73.2608695652174,2.17391304347826,180.126086956522,92.1,100.0,0.9,0.296162795629041,82858.0,434.0,108.0,12840.0
Seychelles,2007,0.0,73.2608695652174,2.17391304347826,183.913043478261,99.2,100.0,0.9,1.9329797856169,84600.0,434.0,108.0,12840.0
Seychelles,2008,0.0,73.2608695652174,2.17391304347826,184.854347826087,93.1,100.0,1.0,0.388756882725038,85033.0,434.0,108.0,12840.0
Seychelles,2009,0.0,73.2608695652174,2.17391304347826,189.034782608696,93.7,100.0,0.9,2.14254047576637,86956.0,434.0,108.0,12840.0
Seychelles,2010,0.0,73.2608695652174,2.17391304347826,189.778260869565,94.3,100.0,0.8,0.333432237712598,87298.0,1006.0,26.0,12840.0
Seychelles,2011,0.0,73.2608695652174,1.95652173913044,195.152173913043,94.4,100.0,0.7,2.76666619873931,89770.0,329.0,26.0,12840.0
Seychelles,2012,0.0,73.2608695652174,0.293478260869565,190.089130434783,96.4,100.0,0.8,-2.59500615068571,87441.0,42.0,4195.0,12840.0
Seychelles,2013,0.0,73.2608695652174,0.304347826086957,191.963043478261,96.7,100.0,0.8,1.10071337716096,88303.0,42.0,341.0,12840.0
Seychelles,2014,0.0,73.2608695652174,0.326086956521739,195.541304347826,96.2,100.0,1.5,2.05673566857558,89949.0,205.0,1571.0,12840.0
Seychelles,2015,0.0,73.2608695652174,0.326086956521739,198.60652173913,100.0,100.0,1.4,1.84208964893578,91359.0,0.0,2086.0,12840.0
Seychelles,2016,0.0,73.2608695652174,0.326086956521739,203.084782608696,100.0,100.0,1.4,2.5942803823661,93419.0,0.0,1240.0,12840.0
Seychelles,2017,0.0,73.2608695652174,0.326086956521739,205.819565217391,100.0,100.0,1.2,1.77017559712726,94677.0,0.0,2766.0,12840.0
Seychelles,2018,0.0,73.2608695652174,0.326086956521739,208.354347826087,100.0,100.0,1.2,1.72019677124936,95843.0,0.0,1393.0,12840.0
Seychelles,2019,0.0,73.2608695652174,0.326086956521739,210.352173913043,100.0,100.0,1.2,1.50697403750786,96762.0,4.0,2040.0,12840.0
Seychelles,2020,0.0,73.2608695652174,0.326086956521739,212.228260869565,100.0,100.0,1.2,1.49624047880296,97625.0,0.0,2722.0,12840.0
Seychelles,2021,0.0,73.2608695652174,0.326086956521739,214.047826086957,100.0,100.0,1.3,1.5062891643526,98462.0,0.0,1202.0,12840.0
Seychelles,2022,0.0,73.2608695652174,0.326086956521739,215.778260869565,100.0,100.0,1.7,1.50200812004348,99258.0,0.0,333.0,12840.0
Sierra Leone,2001,-0.27330285397619747,40.5850651149903,6.78858409531726,61.2858270989194,,0.3,93.3,3.03497083220683,4423611.0,106.0,89.0,5481363.0
Sierra Leone,2002,-0.2733028539761051,40.3117622610141,9.44195067885841,65.0140759213078,,0.3,91.2,6.55318123016343,4692716.0,106.0,89.0,5487542.0
Sierra Leone,2003,-0.27330285397619747,40.038459407038,12.6084788029925,68.8755195344971,,0.3,88.0,6.4513495307338,4971435.0,178.0,41.0,5497220.0
Sierra Leone,2004,-0.27330285397619747,39.7651565530618,17.1331393737878,71.7329869770019,,0.4,86.5,4.78659405360703,5177687.0,443.0,322.0,5510306.0
Sierra Leone,2005,-0.2733028539762046,39.4918536990856,19.9186755333888,74.199459684123,9.7,0.4,86.5,4.14987351553168,5355717.0,1392.0,349.0,5526720.0
Sierra Leone,2006,-0.273302853976098,39.2185508451094,20.3937378775284,76.2221113881962,,0.4,88.1,3.50535503914596,5501712.0,1392.0,349.0,5546391.0
Sierra Leone,2007,-0.27330285397619747,38.9452479911333,23.412025491826,77.9227763923524,,0.4,84.4,3.07624958228152,5624466.0,572.0,205.0,5571932.0
Sierra Leone,2008,-0.2733028539762046,38.6719451371571,17.7849819894708,79.65297866445,0.6,0.3,86.3,3.11174558035671,5749352.0,1286.0,147.0,5600600.0
Sierra Leone,2009,-0.273302853976098,38.3986422831809,19.0112219451372,81.6669714602383,,0.3,86.0,3.4529563504353,5894722.0,1725.0,159.0,5632400.0
Sierra Leone,2010,-0.27330285397619747,38.1253394292048,20.2406483790524,83.8964533111665,1.0,0.3,86.1,3.68402442323883,6055646.0,13033.0,189.0,5667310.0
Sierra Leone,2011,-0.2732889997229009,37.8520365752286,21.8949847603214,86.2110556940981,,0.3,84.9,3.7413902895405,6222714.0,15057.0,140.0,5705219.0
Sierra Leone,2012,-0.2732889997229009,37.5787475755057,22.8959545580493,88.4905929620393,,0.2,81.0,3.65364754265154,6387251.0,16057.0,117.0,5742850.0
Sierra Leone,2013,-0.2732889997229009,37.3054585757828,20.3886118038238,90.7603214186755,1.5,0.2,79.1,3.59534718936525,6551080.0,7057.0,41.0,5783352.0
Sierra Leone,2014,-0.27328899972300036,37.0321695760599,21.9402881684677,93.0181629260183,,0.2,74.6,3.53401051171368,6714051.0,53457.0,36.0,5826699.0
Sierra Leone,2015,-0.2732889997229009,36.7588805763369,21.9451371571072,95.2671792740371,1.8,0.1,73.0,3.47508947100445,6876385.0,28999.0,1168.0,5872870.0
Sierra Leone,2016,-0.2733444167358954,36.485591576614,21.9451371571072,97.5014546965918,1.9,0.1,74.0,3.40268207799514,7037655.0,237.0,306.0,5921850.0
Sierra Leone,2017,-0.2733444167359025,36.2122471598781,21.9451371571072,99.8244389027431,1.6,0.1,73.6,3.48255460179657,7205328.0,131268.0,137.0,5962088.0
Sierra Leone,2018,-0.27334441673600196,35.9389027431422,21.9451371571072,102.234677195899,5.4,0.1,74.6,3.54630874641835,7379299.0,45514.0,22.0,6004880.0
Sierra Leone,2019,-0.2733444167358954,35.6655583264062,21.9451371571072,104.662829038515,6.4,0.0,75.9,3.51625356318864,7554563.0,143849.0,117.0,6246606.0
Sierra Leone,2020,-0.27334441673600196,35.3922139096703,21.9451371571072,107.120961485176,1.5,0.0,75.4,3.50104449063537,7731991.0,167860.0,2979.0,6304448.0
Sierra Leone,2021,-0.2733444167359025,35.1188694929343,21.9451371571072,109.622582432807,4.7,0.0,75.1,3.49831252762627,7912558.0,158123.0,758.0,6354793.0
Sierra Leone,2022,-0.2733444167359025,34.8455250761984,21.9451371571072,112.144666112497,4.9,0.0,71.1,3.47439057205295,8094602.0,239227.0,78.0,6407597.0
Singapore,2001,0.1083582089553019,25.3932835820895,1.49253731343284,6011.77164179105,100.0,100.0,0.3,1.73204223254257,4027887.0,6900.0,27300.0,37815.0
Singapore,2002,-0.08119734660040123,25.5016417910448,1.49253731343284,6176.13731343284,100.0,100.0,0.6,2.6973558432636,4138012.0,16658.0,35807.0,37297.0
Singapore,2003,-0.3382028141678006,25.4204444444444,1.48148148148148,6186.59259259259,100.0,100.0,0.6,0.912639805776796,4175950.0,39150.0,33550.0,36801.0
Singapore,2004,0.03270757146510306,25.0822416302766,0.873362445414847,5989.55749636099,100.0,100.0,0.6,-1.4745328419194,4114826.0,30859.0,19999.0,36325.0
Singapore,2005,0.10551523947749786,25.1149492017417,1.01596516690856,6047.40783744557,100.0,100.0,0.5,1.2519166730553,4166664.0,19436.0,15420.0,35867.0
Singapore,2006,-0.076948591075098,25.2204644412192,0.957910014513788,6191.23657474601,100.0,100.0,0.5,2.35051128857175,4265762.0,28860.0,21167.0,35425.0
Singapore,2007,0.06842659589909772,25.1435158501441,0.936599423631124,6342.02449567723,100.0,100.0,0.5,3.1293891560754,4401365.0,3249.0,18723.0,34867.0
Singapore,2008,-0.07622816032889901,25.2119424460432,1.00719424460432,6602.30071942446,100.0,100.0,0.5,4.16600286360931,4588599.0,3236.0,16813.0,34326.0
Singapore,2009,0.10385714285709824,25.1357142857143,0.857142857142857,6913.42285714286,100.0,100.0,0.5,5.32151708302625,4839396.0,1953.0,21701.0,33803.0
Singapore,2010,0.0316536426537013,25.2395714285714,0.857142857142857,7125.10428571429,100.0,100.0,0.5,3.01594991475788,4987573.0,2172.0,16429.0,33294.0
Singapore,2011,-0.4323046166795983,25.2712250712251,0.911680911680912,7231.81196581197,100.0,100.0,0.5,1.77183287926401,5076732.0,2903.0,16365.0,32799.0
Singapore,2012,-0.4298552987381008,24.8389204545455,0.894886363636364,7363.19318181818,100.0,100.0,0.5,2.08490245606007,5183688.0,620.0,15258.0,32245.0
Singapore,2013,-0.3935064570804023,24.4090651558074,0.892351274787535,7524.69830028329,100.0,100.0,0.5,2.4533903303102,5312437.0,5410.0,23637.0,31705.0
Singapore,2014,-0.42571384682289803,24.015558698727,0.806223479490806,7636.72135785007,100.0,100.0,0.6,1.61930809858873,5399162.0,9187.0,16327.0,31179.0
Singapore,2015,-0.35796897038079933,23.5898448519041,0.78984485190409,7714.7023977433,100.0,100.0,0.6,1.29844017799226,5469724.0,10299.0,21306.0,30665.0
Singapore,2016,-0.2622002820875018,23.2318758815233,0.78984485190409,7806.77291960508,100.0,100.0,0.7,1.18637693749822,5535002.0,5533.0,37590.0,30164.0
Singapore,2017,-0.3432711050537982,22.9696755994358,0.78984485190409,7908.72073342736,100.0,100.0,0.7,1.29743609938602,5607283.0,4950.0,53625.0,29675.0
Singapore,2018,-0.31548012463409947,22.626404494382,0.786516853932584,7882.37780898876,100.0,100.0,0.7,0.0885954699924485,5612253.0,40790.0,78308.0,29197.0
Singapore,2019,-0.3137176658373022,22.3109243697479,0.784313725490196,7897.30532212885,100.0,100.0,0.8,0.469704298714121,5638676.0,21368.0,44585.0,28729.0
Singapore,2020,-0.3119699351084009,21.9972067039106,0.782122905027933,7965.87849162011,100.0,100.0,0.9,1.14428330688929,5703569.0,16610.0,43449.0,28271.0
Singapore,2021,-0.2506963788300993,21.6852367688022,0.779944289693593,7918.95125348189,100.0,100.0,0.9,-0.311904961250821,5685807.0,35092.0,49149.0,27822.0
Singapore,2022,-0.25069637882999984,21.4345403899721,0.779944289693593,7595.49582172702,100.0,100.0,1.1,-4.17033630017526,5453566.0,127981.0,135535.0,27381.0
Slovak Republic,2001,0.03430353430359645,39.5303534303534,31.7671517671518,112.031600831601,100.0,100.0,3.7,-0.333010976801324,5388720.0,1612000.0,129000.0,6163000.0
Slovak Republic,2002,0.03430353430350408,39.564656964657,29.97920997921,111.826756756757,100.0,100.0,6.0,-0.377540572231472,5378867.0,1828000.0,161200.0,5787900.0
Slovak Republic,2003,0.026065483163797865,39.5989604989605,29.3139293139293,111.786112266112,100.0,100.0,5.5,-0.24951454700324,5376912.0,1286000.0,134000.0,5782000.0
Slovak Republic,2004,0.042541585443302665,39.6250259821243,29.3701933070048,111.689336936188,100.0,100.0,5.3,-0.314924771903284,5373374.0,1189000.0,162000.0,6355000.0
Slovak Republic,2005,0.034303534303496974,39.6675675675676,28.960498960499,111.689812889813,100.0,100.0,6.2,-0.297399132324784,5372280.0,1210000.0,246000.0,7240000.0
Slovak Republic,2006,0.03430353430350408,39.7018711018711,28.9189189189189,111.700769230769,100.0,100.0,6.3,-0.288210345411247,5372807.0,1815000.0,104531.0,9302000.0
Slovak Republic,2007,0.03430353430359645,39.7361746361746,28.6486486486486,111.705904365904,100.0,100.0,6.6,-0.307266922151052,5373054.0,1233000.0,404518.0,7868509.0
Slovak Republic,2008,0.03430353430350408,39.7704781704782,28.6278586278586,111.738503118503,100.0,100.0,8.2,-0.289326048315074,5374622.0,1533000.0,413000.0,8131486.0
Slovak Republic,2009,0.04258781071009565,39.8047817047817,28.7318087318087,111.834365904366,100.0,100.0,7.6,-0.232173427903046,5379233.0,2289330.0,807703.0,9268556.0
Slovak Republic,2010,0.033481371368502266,39.8473695154918,28.7377833229362,112.006778956124,100.0,100.0,10.0,-0.176723463677131,5386406.0,2685692.0,565387.0,9086991.0
Slovak Republic,2011,0.018458712208101247,39.8808508868603,28.9451248674388,112.108876920838,100.0,100.0,10.3,-0.201337917101142,5391428.0,2563703.0,650237.0,9599068.0
Slovak Republic,2012,0.015970720345997336,39.8993095990684,28.9302944601564,112.260522375645,100.0,100.0,10.4,-0.143278440121142,5398384.0,2683596.0,672765.0,9212907.0
Slovak Republic,2013,0.015970720345997336,39.9152803194144,28.9531691898187,112.451734320413,100.0,100.0,10.5,-0.0879668527626074,5407579.0,2395624.0,800050.0,8201674.0
Slovak Republic,2014,0.022617512652203686,39.9312510397604,28.3147562801531,112.572637664282,100.0,100.0,10.7,-0.147227174761791,5413393.0,3121855.0,738774.0,8062587.0
Slovak Republic,2015,0.014310807846996454,39.9538685524126,28.2695507487521,112.700686356073,100.0,100.0,12.2,-0.153526984107411,5418649.0,3391500.0,899400.0,9167980.0
Slovak Republic,2016,0.03535641345090568,39.9681793602596,28.0770350650971,112.803148787488,100.0,100.0,13.4,-0.151264565140252,5423801.0,2642817.0,544228.0,8994604.0
Slovak Republic,2017,0.05262063227949909,40.0035357737105,28.0158069883527,112.953369384359,100.0,100.0,13.1,-0.112939183747614,5430798.0,2448955.0,576249.0,9266868.0
Slovak Republic,2018,0.0,40.05615640599,27.932612312812,113.128785357737,100.0,100.0,12.4,-0.0820276118766918,5439232.0,2015623.0,926679.0,9361492.0
Slovak Republic,2019,0.0,40.05615640599,28.0366056572379,113.285586522463,100.0,100.0,12.4,-0.0939018587082026,5446771.0,2099580.0,1394638.0,9602854.0
Slovak Republic,2020,0.0,40.05615640599,28.0574043261231,113.43899750416,100.0,100.0,17.6,-0.0920661602068446,5454147.0,1750092.0,1620937.0,8956874.0
Slovak Republic,2021,0.0,40.05615640599,27.9950083194676,113.536335274542,100.0,100.0,17.6,-0.136452192519956,5458827.0,2289871.0,1999922.0,7447859.0
Slovak Republic,2022,0.0,40.05615640599,27.5790349417637,113.295486688852,100.0,100.0,17.9,-0.321426792975625,5447247.0,2063248.0,2453744.0,7664756.0
Slovenia,2001,0.06951340615690071,61.2214498510427,8.58987090367428,98.7549652432969,100.0,100.0,18.0,0.483745880722465,1988925.0,303980.0,495910.0,2253000.0
Slovenia,2002,0.06951340615690071,61.2909632571996,8.58987090367428,98.9106256206554,100.0,100.0,18.7,0.280267576377183,1992060.0,321200.0,439720.0,2257000.0
Slovenia,2003,0.06951340615690071,61.3604766633565,8.3416087388282,99.0332671300894,100.0,100.0,16.3,0.152874932744228,1994530.0,361510.0,423780.0,2283000.0
Slovenia,2004,0.06951340615690071,61.4299900695134,8.58987090367428,99.0929990069513,100.0,100.0,16.9,0.0227087154063224,1995733.0,280455.0,376368.0,2591000.0
Slovenia,2005,0.06951340615690071,61.4995034756703,8.73882820258193,99.156504468719,100.0,100.0,17.8,-0.0205363543558786,1997012.0,244132.0,402824.0,2551000.0
Slovenia,2006,0.06951340615690071,61.5690168818272,8.73882820258193,99.3284011916584,100.0,100.0,18.6,0.0475826164608358,2000474.0,422584.0,409084.0,2732822.0
Slovenia,2007,0.06951340615689361,61.6385302879841,8.83813306852036,99.6458788480636,100.0,100.0,17.4,0.15798554986834,2006868.0,545678.0,415985.0,3179126.0
Slovenia,2008,0.050501341647404274,61.708043694141,8.68917576961271,100.204667328699,100.0,100.0,18.4,0.368156081840451,2018122.0,705730.0,253922.0,2881650.0
Slovenia,2009,0.07071962483559702,61.7585450357884,9.10395012458925,100.332370372576,100.0,100.0,17.6,-0.0575487019304227,2021316.0,724368.0,241103.0,2990062.0
Slovenia,2010,0.06826440192870109,61.829264660624,9.14582692174051,101.245371243634,100.0,100.0,19.6,0.669284547449647,2039669.0,766944.0,261323.0,2930216.0
Slovenia,2011,0.010542018555199206,61.8975290625527,9.16252196443994,101.685826607499,100.0,100.0,20.1,0.187955503652498,2048583.0,844016.0,306861.0,2945449.0
Slovenia,2012,0.010849581862402147,61.9080710811079,9.15069989079718,101.898292465005,100.0,100.0,19.1,-0.138202608666205,2052843.0,1142434.0,448207.0,3387867.0
Slovenia,2013,0.02745470942289785,61.9189206629703,9.1185712087443,102.114049151928,100.0,100.0,20.2,-0.159980278171107,2057159.0,1323545.0,460403.0,3341089.0
Slovenia,2014,0.009930486593901833,61.9463753723932,9.1837140019861,102.281678252234,100.0,100.0,22.5,0.706313592344915,2059953.0,1549739.0,573891.0,3415177.0
Slovenia,2015,0.0019319057502968917,61.9563058589871,9.13803376365442,102.382323733863,100.0,100.0,22.9,1.95289384273537,2061980.0,2384832.0,455449.0,5099340.0
Slovenia,2016,-0.09893878747599416,61.9582377647374,9.14678343411476,102.446109241111,100.0,100.0,21.4,5.19410633160764,2063531.0,2682657.0,448539.0,5054443.0
Slovenia,2017,-0.08932067742180294,61.8592989772614,9.14804885314269,102.52417833383,100.0,100.0,21.0,0.0472201728292508,2065042.0,3083548.0,458500.0,5381391.0
Slovenia,2018,-0.09559757637359922,61.7699782998396,9.1369096389431,102.610871929328,100.0,100.0,19.7,3.00002448886577,2066388.0,2703746.0,508164.0,4509048.0
Slovenia,2019,-0.10130907212810314,61.674380723466,9.02743290757037,102.992292564709,100.0,100.0,20.6,0.265245183478896,2073894.0,2695003.0,535121.0,5039291.0
Slovenia,2020,-0.10081245902939884,61.5730716513379,8.90576269839693,103.711934605987,100.0,100.0,20.9,1.16804966210413,2088385.0,1945883.0,627944.0,4618159.0
Slovenia,2021,-0.1011451898055995,61.4722591923085,8.89434059712759,104.408881428657,100.0,100.0,22.7,0.547177432077788,2102419.0,1587081.0,866710.0,3890783.0
Slovenia,2022,-0.10092171391109872,61.3711140025029,8.88987107923959,104.689964442502,100.0,100.0,23.4,0.124706220617074,2108079.0,1376217.0,905518.0,3716458.0
Solomon Islands,2001,-0.02615219721329254,90.6609503394069,0.500178635226867,15.7366559485531,,3.4,55.3,4.0591420389651,440469.0,536000.0,,704000.0
Solomon Islands,2002,-0.026152197213207273,90.6347981421936,0.535905680600214,16.0459092533048,,3.3,54.1,3.89246578386724,449125.0,534000.0,,692000.0
Solomon Islands,2003,-0.02615219721329254,90.6086459449804,0.535905680600214,16.3512325830654,0.6,3.2,52.8,3.98400603640839,457671.0,550000.0,,718000.0
Solomon Islands,2004,-0.02615219721330675,90.5824937477671,0.571632725973562,16.6543051089675,3.7,3.2,51.5,4.07079611104741,466154.0,714000.0,,882000.0
Solomon Islands,2005,-0.02615219721329254,90.5563415505538,0.60735977134691,16.9564487316899,6.8,3.0,49.9,4.15231261016615,474611.0,1043000.0,,1211000.0
Solomon Islands,2006,-0.02615219721330675,90.5301893533405,0.643086816720257,17.2590210789568,10.0,2.9,49.7,4.22697093261703,483080.0,1118000.0,,1286000.0
Solomon Islands,2007,-0.02615219721329254,90.5040371561272,0.60735977134691,17.5632011432655,3.9,2.8,48.9,4.29241551896621,491594.0,1073000.0,,1241000.0
Solomon Islands,2008,-0.02615219721330675,90.4778849589139,0.643086816720257,17.8690961057521,,2.6,47.4,4.34793583818825,500156.0,1446000.0,,1600400.0
Solomon Islands,2009,-0.02615219721329254,90.4517327617006,0.678813862093605,18.1775634155055,19.6,2.4,46.7,4.39206667086861,508790.0,1523000.0,,1678700.0
Solomon Islands,2010,-0.02615219721330675,90.4255805644873,0.678813862093605,18.5116470167917,9.0,2.2,45.8,4.54917408061821,518141.0,1277745.0,,1434081.0
Solomon Islands,2011,-0.02615219721329254,90.399428367274,0.714540907466953,19.0413719185423,27.9,2.1,45.1,5.62383310224247,532968.0,1594000.0,,1752451.0
Solomon Islands,2012,-0.02615219721330675,90.3732761700607,0.714540907466953,19.7550911039657,32.2,2.0,43.6,6.66200751063264,552945.0,1962000.0,,2121432.0
Solomon Islands,2013,-0.02615219721329254,90.3471239728474,0.785994998213648,20.4932475884244,36.5,1.9,43.8,6.81299163271394,573606.0,2100000.0,,2260422.0
Solomon Islands,2014,-0.026152197213207273,90.3209717756341,0.785994998213648,21.2556270096463,40.4,1.7,41.8,6.92731953606464,594945.0,2155000.0,,2316423.0
Solomon Islands,2015,-0.02615219721329254,90.2948195784209,0.821722043586995,22.0403001071811,45.5,1.7,45.9,6.99946585215072,616908.0,2449000.0,,2622434.0
Solomon Islands,2016,-0.026080743122605554,90.2686673812076,0.821722043586995,22.8444087173991,51.5,1.5,48.6,7.03037616272345,639415.0,1931076.0,0.0,2862456.0
Solomon Islands,2017,-0.026080743122506078,90.242586638085,0.821722043586995,23.6648445873526,54.9,1.4,48.7,7.0235063637779,662379.0,1645616.0,0.0,2795884.0
Solomon Islands,2018,-0.026080743122591343,90.2165058949625,0.821722043586995,24.497034655234,60.5,1.3,49.0,6.97754099979295,685672.0,3044142.0,53.0,3340316.0
Solomon Islands,2019,-0.026080743122506078,90.1904251518399,0.821722043586995,25.3340836012862,63.6,1.3,48.6,6.88871455056124,709101.0,3164184.0,89.0,3334753.0
Solomon Islands,2020,-0.026080743122591343,90.1643444087174,0.821722043586995,26.014540907467,67.6,1.2,48.4,6.31125709209336,728147.0,2640000.0,369.0,3335193.0
Solomon Islands,2021,-0.026080743122506078,90.1382636655948,0.821722043586995,26.5987138263666,71.5,1.1,49.0,4.96043314432042,744498.0,2180000.0,289.0,3335639.0
Solomon Islands,2022,-0.026080743122506078,90.1121829224723,0.821722043586995,27.2451232583065,75.4,1.0,49.1,4.71498991991128,762591.0,1856794.0,0.0,3336028.0
South Africa,2001,-0.03000601769039868,14.6552110725503,11.3857998994304,38.8756967743531,54.9,30.2,16.2,2.37958049360922,47159719.0,301000.0,13000.0,30959200.0
South Africa,2002,-0.030006017690400455,14.6252050548599,11.2811085739723,39.2112703921391,49.4,32.3,15.0,2.17054019783816,47566800.0,138269.0,11819.0,30553500.0
South Africa,2003,-0.03000601769030098,14.5951990371695,11.2934736911523,39.584379559637,64.3,34.8,13.3,2.11719451581064,48019415.0,385813.0,16000.0,30566500.0
South Africa,2004,-0.03000601769039868,14.5651930194792,11.2110395766184,39.9808324196886,66.3,37.6,11.8,2.20313387477921,48500348.0,303788.0,21683.0,33159400.0
South Africa,2005,-0.03000601769030098,14.5351870017888,10.9637372330165,40.3856440989539,73.2,40.0,11.0,2.24231194345346,48991421.0,370881.0,37994.0,33776913.0
South Africa,2006,-0.030006017690400455,14.5051809840985,10.8606945898491,40.796670486114,73.4,43.1,9.7,2.23432772818096,49490033.0,252980.0,37493.0,34564059.0
South Africa,2007,-0.03000601769039868,14.4751749664081,10.3866984312788,41.2156369271859,72.9,45.7,9.3,2.19076196352699,49998277.0,191337.0,50713.0,34764082.0
South Africa,2008,-0.03000601769030098,14.4451689487177,10.3866984312788,41.6527908069476,75.9,48.9,8.7,2.13370315008132,50528584.0,191337.0,50713.0,31511802.0
South Africa,2009,-0.030006017690400455,14.4151629310274,10.5515666603467,42.1358670832337,75.3,51.5,9.7,2.10508046433246,51114599.0,229223.0,60491.0,31867289.0
South Africa,2010,-0.030006017690299203,14.385156913337,10.4361588999992,42.6419441261572,76.7,54.0,9.2,1.98402740142049,51728516.0,219941.0,35416.0,30887580.0
South Africa,2011,-0.030006017690400455,14.3551508956467,10.331467574541,43.1493549530538,76.9,56.0,9.4,1.77644102111011,52344051.0,242024.0,340107.0,28988569.0
South Africa,2012,-0.03000601769039868,14.3251448779563,9.91929700187126,43.6861279872062,78.6,57.8,9.0,1.58810792630001,52995205.0,249802.0,415745.0,27906387.0
South Africa,2013,-0.03000601769030098,14.2951388602659,9.89209374407505,44.3351828800831,82.6,59.6,8.3,1.65129324023432,53782567.0,292756.0,276542.0,29906359.0
South Africa,2014,-0.030006017690400455,14.2651328425756,9.89209374407505,45.0739771987239,82.4,61.2,7.8,1.79667637726867,54678791.0,201905.0,217045.0,27617638.0
South Africa,2015,-0.03000601769039868,14.2351268248852,9.89209374407505,45.8291124318888,84.1,62.25,7.6,1.79272657639382,55594838.0,306966.0,328969.0,26757472.0
South Africa,2016,-0.03000601769030098,14.2051208071948,9.89209374407505,46.7595454582925,82.1,63.4,7.6,2.12766676013557,56723537.0,451202.0,507670.0,27313018.0
South Africa,2017,-0.030006017690400455,14.1751147895045,9.89209374407505,47.2014038529705,77.9,64.5,7.8,1.04403234165514,57259551.0,460245.0,645408.0,26446098.0
South Africa,2018,-0.030006017690299203,14.1451087718141,9.89209374407505,47.5110354549127,79.1,65.35,7.9,0.742317413298805,57635162.0,834156.0,796947.0,24962566.0
South Africa,2019,-0.030006017690400455,14.1151027541238,9.89209374407505,48.3171083761304,79.7,66.4,8.0,1.7550496718782,58613001.0,803018.0,756336.0,27782481.0
South Africa,2020,-0.030006017690400455,14.0850967364334,9.89209374407505,49.1207453692636,80.4,67.2,8.7,1.70568579598025,59587885.0,722312.0,946175.0,28322702.0
South Africa,2021,-0.030006017690299203,14.055090718743,9.89209374407505,49.9240625180325,95.5,68.2,9.8,1.6609247061112,60562381.0,565403.0,661271.0,28457111.0
South Africa,2022,-0.030006017690400455,14.0250847010527,9.89209374407505,50.6991261983859,93.4,68.7,9.7,1.56117901568083,61502603.0,1072343.0,969595.0,28807111.0
South Sudan,2013,0.0,11.3256215087114,4.20728957321222,17.0212523539,1.6,0.0,30.6,5.84816154168047,10756240.0,30.0,,4428000.0
South Sudan,2014,0.0,11.3256215087114,4.14037156014115,17.6701137784248,2.1,0.0,30.1,5.1439036595208,11166275.0,40.0,,4474000.0
South Sudan,2015,0.0,11.3256215087114,4.07503600082288,17.7789834317092,2.6,0.0,29.4,2.02066544861271,11235073.0,40.0,,4522000.0
South Sudan,2016,0.0,11.3256215087114,4.01603025651575,17.5772015887836,3.2,0.0,27.5,0.268542615222738,11107561.0,190.0,620.0,4621000.0
South Sudan,2017,0.0,11.3256215087114,3.96018941971421,17.1381355529885,3.7,0.0,28.7,-1.1165126094413,10830102.0,150.0,20.0,4652000.0
South Sudan,2018,0.0,11.3256215087114,3.90434858291266,16.234636747741,2.9,0.0,35.1,-3.99994474319557,10259154.0,12068.0,0.0,4683000.0
South Sudan,2019,0.0,11.3256215087114,3.79266690930958,16.0191429430475,4.8,0.0,31.5,0.0822314011650619,10122977.0,15251.0,80.0,4716000.0
South Sudan,2020,0.0,11.3256215087114,3.789502001804,16.4945231275616,5.1,0.0,31.4,4.34515152173449,10423384.0,5719.0,0.0,4750000.0
South Sudan,2021,0.0,11.3256215087114,3.789502001804,16.9298292532401,5.4,0.0,32.8,4.02752942560842,10698467.0,570.0,0.0,4750000.0
South Sudan,2022,0.0,11.3256215087114,3.789502001804,17.1945943379805,5.7,0.0,32.4,2.97618035682215,10865780.0,2271.0,0.0,4750000.0
Spain,2001,0.3241275353403026,34.256372745491,26.8537074148297,81.2983246492986,100.0,100.0,7.9,0.620575499168624,40567864.0,369001.0,3789318.0,14321000.0
Spain,2002,0.25480751012729996,34.5805002808313,26.2055684827088,81.9433763941266,100.0,100.0,8.9,0.891644440407828,40850412.0,508000.0,4201000.0,15131000.0
Spain,2003,0.2788786235763965,34.8353077909586,25.8676659185636,83.0225192369349,100.0,100.0,7.4,1.64521608132802,41431558.0,256000.0,3380000.0,15839000.0
Spain,2004,0.29286915660170365,35.114186414535,26.0751988141263,84.5088139260031,100.0,100.0,8.9,2.09032213500936,42187645.0,281000.0,3215000.0,16105000.0
Spain,2005,0.2971961670267973,35.4070555711367,26.0927921791738,85.9848050803317,100.0,100.0,8.0,2.04515940347168,42921895.0,269000.0,2991000.0,16290000.0
Spain,2006,0.2987463779935027,35.7042517381635,25.8730890220201,87.4654972049129,100.0,100.0,7.3,2.0340441315603,43653155.0,322000.0,3684000.0,15531000.0
Spain,2007,0.2814221519201965,36.002998116157,25.4920036875225,88.9761493446631,100.0,100.0,8.5,2.04737058878604,44397319.0,412000.0,3883000.0,15716000.0
Spain,2008,0.31353081452100184,36.2844202680772,25.2168860571818,90.6149005229308,100.0,100.0,9.0,2.20791670377737,45226803.0,535586.0,4001893.0,14528000.0
Spain,2009,0.30133700948859854,36.5979510825982,25.0360866078589,92.1293223736969,100.0,100.0,9.7,1.93964780583209,45954106.0,1167434.0,2878360.0,17027374.0
Spain,2010,0.19065010914920322,36.8992880920868,25.0611639193037,92.9750651746681,100.0,100.0,12.2,1.20536847774198,46362946.0,867679.0,1870634.0,13980035.0
Spain,2011,0.011982259674596207,37.089938201236,25.0554988900222,93.1519309613808,100.0,100.0,14.4,0.743336144037304,46576897.0,1391238.0,1841174.0,16089399.0
Spain,2012,-0.022141967877701063,37.1019204609106,24.8639673521645,93.5078358806114,100.0,100.0,14.7,0.586344690751714,46742697.0,2043763.0,2139591.0,15427772.0
Spain,2013,0.0023350192919053825,37.0797784930329,25.1294456328342,93.5068371284061,100.0,100.0,15.8,0.255570003702746,46773055.0,1749086.0,1735387.0,14656795.0
Spain,2014,0.002335019291898277,37.0821135123248,24.3517722556526,93.169262909578,100.0,100.0,16.9,-0.183959209085648,46604197.0,2586193.0,2052936.0,15559298.0
Spain,2015,0.04308393539589872,37.0844485316167,24.5456908098599,92.8824553687451,100.0,100.0,17.3,-0.138977335776509,46460733.0,2765480.0,1756900.0,16395343.0
Spain,2016,0.015336114390400724,37.1275324670126,24.5731005621812,92.907597351004,100.0,100.0,16.3,0.0761470636066789,46422303.0,2054323.0,753770.0,17427490.0
Spain,2017,0.009365335962399968,37.142868581403,24.6958948202833,92.9973717081295,100.0,100.0,16.7,0.223572706593592,46458139.0,2113497.0,613434.0,16248295.0
Spain,2018,0.00441286411150088,37.1522339173654,24.529740774323,93.2268622784207,100.0,100.0,15.2,0.375011440683515,46571232.0,1436996.0,599254.0,16910937.0
Spain,2019,0.011074782992601229,37.1566467814769,23.7873681820378,93.638281089712,100.0,100.0,16.9,0.566879348329503,46782011.0,1603166.0,695971.0,18963461.0
Spain,2020,0.009583924080295958,37.1677215644695,23.6449621650246,94.3181087826492,100.0,100.0,16.7,0.813398442437862,47118501.0,2216759.0,783232.0,17020157.0
Spain,2021,-0.004553379226500454,37.1773054885498,23.2994560606836,94.802910688937,100.0,100.0,19.3,0.586068440110494,47359424.0,1845873.0,786590.0,15880996.0
Spain,2022,0.010040170482199073,37.1727521093233,23.112437562789,94.9382927184248,100.0,100.0,19.0,0.289728913503661,47443821.0,1743682.0,934791.0,16100322.0
Sri Lanka,2001,-0.10014351778030317,34.546643278584,14.3581565938447,307.655142720459,66.2,10.1,64.2,0.977754120438553,19293054.0,2486.0,269.0,6595561.0
Sri Lanka,2002,-0.10014351778029607,34.4464997608037,14.3629405198533,312.55560516664,58.7,10.7,62.9,1.26695925776299,19600362.0,2486.0,370.0,6537928.0
Sri Lanka,2003,-0.1001435177802037,34.3463562430234,14.6770849944188,315.830840376336,78.3,11.2,62.1,1.29483208712039,19805752.0,386.0,413.0,6472369.0
Sri Lanka,2004,-0.10014351778029607,34.2462127252432,15.1490990272684,318.1553340775,71.5,11.9,61.3,1.51648118507654,19951521.0,3226.0,488.0,6407862.0
Sri Lanka,2005,-0.1001435177802037,34.1460692074629,14.3517780258332,320.325386700686,73.2,12.4,61.6,1.94395419204096,20087605.0,15394.0,1182.0,6344385.0
Sri Lanka,2006,-0.10014351778029607,34.0459256896827,17.5410620315739,322.381183224366,75.0,12.7,60.1,2.33037410519253,20216524.0,15394.0,877.0,6281917.0
Sri Lanka,2007,-0.10014351778030317,33.9457821719024,16.7437410301387,324.548094402807,79.3,13.0,62.2,2.72968297164999,20352411.0,2909.0,1030.0,6281917.0
Sri Lanka,2008,-0.10014351778019659,33.8456386541221,15.9464200287036,326.782730027109,76.6,13.2,60.2,3.05727215385538,20492545.0,4163.0,795.0,6129000.0
Sri Lanka,2009,-0.10014351778030317,33.7454951363419,19.1357040344443,328.964726518896,80.3,13.6,61.6,3.29121764712928,20629378.0,3084.0,178.0,6054600.0
Sri Lanka,2010,-0.10014351778019659,33.6453516185616,19.1357040344443,330.990830808484,85.2,13.9,63.5,3.44031503551668,20756435.0,627.0,165.0,5981453.0
Sri Lanka,2011,0.08036995694460103,33.5452081007814,19.1357040344443,332.946723010684,83.0,14.3,61.9,3.56549669365583,20879089.0,2230.0,2667.0,5909585.0
Sri Lanka,2012,0.0803699569447005,33.625578057726,20.7303460373146,335.019103811194,85.7,15.0,56.4,3.70037598430375,21009048.0,2808.0,425.0,5833686.0
Sri Lanka,2013,0.0803699569446934,33.7059480146707,20.7303460373146,337.577069047999,84.7,15.85,52.9,3.38849879593792,21169458.0,1926.0,1221.0,5759151.0
Sri Lanka,2014,0.08036995694460103,33.7863179716154,20.7303460373146,328.257056290863,88.5,16.4,56.9,-1.87010791587877,20585000.0,722.0,423.0,5685952.0
Sri Lanka,2015,0.5284779221824039,33.86668792856,20.7303460373146,331.334715356403,91.3,17.4,54.2,1.92151846149998,20778000.0,474.0,7386.0,5614061.0
Sri Lanka,2016,-0.0510558544585038,34.3951658507424,21.0039907582441,338.810527846445,93.2,18.2,51.3,1.88673728324595,20970000.0,301.0,448.0,5543448.0
Sri Lanka,2017,-0.0510558544584967,34.3441099962839,21.1655599179229,342.672030762768,97.2,19.1,45.1,2.07852539042592,21209000.0,578.0,874.0,5461063.0
Sri Lanka,2018,-0.03500422588069796,34.2930541418254,21.3303604607952,346.614318258931,96.9,20.3,45.8,2.06716658294475,21453000.0,67.0,2880.0,5405310.0
Sri Lanka,2019,-0.05133966691160197,34.2580499159447,22.1712142764774,350.284495021337,99.5,21.2,47.9,1.90747071619883,21670000.0,254.0,710.0,5295851.0
Sri Lanka,2020,-0.04861131595840362,34.2067102490331,22.1706061653805,352.431694638296,99.7,22.2,46.1,1.49046087067776,21803000.0,59.0,982.0,5218249.0
Sri Lanka,2021,-0.05108309085029816,34.1580989330747,22.1791141286777,354.332363401229,100.0,23.3,49.3,1.38644327243949,21919000.0,1.0,718.0,5142170.0
Sri Lanka,2022,-0.05108309085029816,34.1070158422244,22.1791141286777,358.163595215002,100.0,24.3,48.8,1.90830472835626,22156000.0,56.0,1035.0,5067114.0
Sudan,2013,-0.09328051391860015,10.5635299785867,10.6299571734475,19.7661552462527,23.8,28.7,63.7,2.85807507300211,36923178.0,6099.0,795.0,15686000.0
Sudan,2014,-0.09328051391860015,10.4702494646681,10.6209635974304,20.2279705567452,26.7,32.0,64.3,3.16253432893222,37785849.0,6099.0,795.0,15841000.0
Sudan,2015,-0.09328051391869963,10.3769689507495,10.6119700214133,20.7833608137045,28.9,35.1,63.7,3.708759578136,38823318.0,6099.0,795.0,16205000.0
Sudan,2016,-0.08658458244110001,10.2836884368308,10.7495074946467,21.4263549250535,32.7,38.2,61.9,4.01658140537589,40024431.0,35314.0,22166.0,16368000.0
Sudan,2017,-0.0921627408993011,10.1971038543897,10.9127408993576,22.0877366167024,35.8,41.7,58.9,3.32349685003827,41259892.0,20718.0,22351.0,16470000.0
Sudan,2018,-0.0920931477515996,10.1049411134904,11.0759743040685,22.8663308351178,38.8,44.8,59.4,3.75353063948541,42714306.0,34750.0,772.0,16574000.0
Sudan,2019,-0.09207708779447898,10.0128479657388,11.2392933618844,23.6780492505353,41.7,48.0,59.8,3.76448298669123,44230596.0,10715.0,924.0,16683000.0
Sudan,2020,-0.09207708779443102,9.92077087794432,11.2392933618844,24.3833913276231,44.4,51.6,59.4,3.19887727909066,45548175.0,371.0,60.0,16740393.0
Sudan,2021,-0.09261241970020961,9.82869379014989,11.2392933618844,25.0477682012848,46.9,54.7,62.6,2.93936647448266,46789231.0,119.0,3.0,16740393.0
Sudan,2022,-0.09207708779443102,9.73608137044968,11.2392933618844,25.7317580299786,49.4,57.8,61.0,2.93317038435042,48066924.0,765.0,137.0,16740393.0
Suriname,2001,-0.025550190423999197,95.5772128187567,0.355123348980151,2.96959751627976,90.6,55.2,23.6,2.09393794423669,476643.0,10000.0,0.0,223700.0
Suriname,2002,-0.025550190424013408,95.5516626283327,0.355123348980151,3.03138274876811,90.4,57.5,24.1,2.08549693225626,486560.0,8000.0,0.0,212120.0
Suriname,2003,-0.025550190423999197,95.5261124379087,0.28036053866854,3.09362901858672,90.1,59.3,27.8,2.05224684043223,496551.0,25900.0,0.0,204545.0
Suriname,2004,-0.025550190423999197,95.5005622474847,0.342662880594883,3.15507781842867,89.9,61.6,24.6,1.97932185831967,506414.0,3200.0,0.0,271500.0
Suriname,2005,-0.025550190423999197,95.4750120570607,0.330202412209614,3.20186064698116,89.6,64.0,22.6,1.47669182624034,513923.0,6200.0,0.0,274100.0
Suriname,2006,-0.02555019042389972,95.4494618666367,0.305281475439077,3.23544160927946,89.3,66.1,18.9,1.026170615078,519313.0,9470.0,0.0,291800.0
Suriname,2007,-0.025550190423999197,95.4239116762128,0.305281475439077,3.27085426043039,81.8,67.9,22.1,1.0354546694732,524997.0,18601.0,0.0,301200.0
Suriname,2008,-0.025550190423999197,95.3983614857888,0.286590772861175,3.30835404003586,88.8,70.1,24.6,1.05988836681096,531016.0,12602.0,0.0,272600.0
Suriname,2009,-0.025550190423999197,95.3728112953648,0.292821007053809,3.34716216882178,88.6,71.9,26.2,1.06750576674643,537245.0,28920.0,0.0,293000.0
Suriname,2010,-0.025550190423999197,95.3472611049408,0.361353583172785,3.3865559396218,88.4,73.8,26.5,1.06231619581721,543568.0,29960.0,0.0,306600.0
Suriname,2011,-0.06004699714860351,95.3217109145168,0.342662880594883,3.42614907791599,79.4,75.8,22.1,1.05388681114277,549923.0,49140.0,274.0,343400.0
Suriname,2012,-0.060046997148702985,95.2616639173682,0.361353583172785,3.46568614410245,88.0,77.7,21.2,1.04750065040998,556269.0,92207.0,34.0,460033.0
Suriname,2013,-0.0600469971485893,95.2016169202195,0.32397217801698,3.50533535450438,87.9,79.3,15.8,1.05567328497715,562633.0,109612.0,712.0,527589.0
Suriname,2014,-0.06004699714860351,95.1415699230709,0.373814051558054,3.54512786029273,87.7,81.3,17.6,1.06108863008374,569020.0,96593.0,1059.0,484500.0
Suriname,2015,-0.06004699714860351,95.0815229259223,0.404965222521225,3.58470853811854,87.3,82.8,12.8,1.04469899646554,575373.0,148648.0,3201.0,582500.0
Suriname,2016,-0.07071315808639156,95.0214759287737,0.404965222521225,3.62367242275927,88.2,84.4,11.6,1.01779258659746,581627.0,208027.0,170.0,658258.0
Suriname,2017,-0.04548070960620976,94.9507627706873,0.404965222521225,3.66186375836012,90.4,85.8,11.1,0.987475970125921,587757.0,269573.0,78.0,665533.0
Suriname,2018,-0.07625806651789446,94.9052820610811,0.386274519943322,3.69897103321145,92.3,87.3,15.5,0.950815503836035,593713.0,482919.0,50.0,950907.0
Suriname,2019,-0.0763203688596974,94.8290239945632,0.386274519943322,3.73510639152873,94.3,88.4,18.3,0.918635972496712,599513.0,544202.0,9.0,1170981.0
Suriname,2020,-0.07625806651790867,94.7527036257035,0.386274519943322,3.77407650640365,95.4,89.5,14.9,0.989048728184593,605768.0,437356.0,59.0,1162710.0
Suriname,2021,-0.07629980908689049,94.6764455591856,0.373814051558054,3.81487831013121,96.5,90.5,14.6,1.03182791850901,612317.0,332400.0,75.0,607721.0
Suriname,2022,-0.07627177303309907,94.6001457500987,0.361353583172785,3.84963678669192,97.5,91.5,14.5,0.872279367069452,617896.0,434755.0,20.0,705000.0
Sweden,2001,-0.022094581009397984,69.1388538853443,6.38116049086303,21.7806145583158,100.0,100.0,39.8,0.198893498491736,8872109.0,1461813.0,11897535.0,63300000.0
Sweden,2002,-0.022094581009412195,69.1167593043349,6.57632928977951,21.8391676529442,100.0,100.0,37.4,0.319294115667657,8895960.0,1340450.0,9660840.0,63200000.0
Sweden,2003,-0.022094581009397984,69.0946647233255,6.5166739210541,21.9103563929565,100.0,100.0,35.9,0.386713006495347,8924958.0,1785189.0,10170749.0,66600000.0
Sweden,2004,-0.022094581009397984,69.0725701423161,6.48500502160727,21.9920351490414,100.0,100.0,34.6,0.444770995256101,8958229.0,1533438.0,9697445.0,67100000.0
Sweden,2005,-0.022094581009397984,69.0504755613067,6.49507033073378,22.0786999155742,100.0,100.0,35.5,0.47835539179379,8993531.0,1558155.0,9670742.0,67300000.0
Sweden,2006,-0.022094581009397984,69.0283809802973,6.59670540337708,22.1671788927031,100.0,100.0,39.3,0.498308734260474,9029572.0,3126887.0,8849968.0,98200000.0
Sweden,2007,-0.02209458100949746,69.0062863992879,6.49457934004468,22.2922170365422,100.0,100.0,40.1,0.68727228130455,9080505.0,3045170.0,6893697.0,64600000.0
Sweden,2008,-0.022094581009397984,68.9841918182784,6.45996449646327,22.4581399750626,100.0,100.0,41.8,0.90170246275023,9148092.0,3886000.0,7469196.0,78200000.0
Sweden,2009,-0.022094581009412195,68.962097237269,6.41896677392358,22.6337796193202,100.0,100.0,43.2,0.96923156272926,9219637.0,2453082.0,6922875.0,70800000.0
Sweden,2010,-0.022094581009397984,68.9400026562596,6.45088116871496,22.8274214371936,100.0,100.0,45.7,1.06685248785247,9298515.0,1208654.0,5213376.0,65100000.0
Sweden,2011,-0.045662134086100536,68.9179080752502,6.428541092361,23.0228627359425,100.0,100.0,44.7,1.08693368634056,9378126.0,1256041.0,6791223.0,72200000.0
Sweden,2012,-0.045662134086100536,68.8722459411641,6.39294426740138,23.1973780115221,100.0,100.0,45.4,1.02102006784234,9449213.0,892225.0,7519014.0,71900000.0
Sweden,2013,-0.045662134086100536,68.826583807078,6.36765824691283,23.3696200002111,100.0,100.0,48.3,1.04972189782459,9519374.0,819813.0,7334000.0,69499000.0
Sweden,2014,-0.04566213408620001,68.7809216729919,6.35494158806519,23.5684835040631,100.0,100.0,47.3,1.1969953090168,9600379.0,775374.0,8029418.0,69600000.0
Sweden,2015,-0.04076140352680113,68.7352595389057,6.33557200538028,23.8034986523533,100.0,100.0,48.6,1.37717820431422,9696110.0,644470.0,8504930.0,73300000.0
Sweden,2016,0.0,68.6944981353789,6.32242261090945,24.0582617728817,100.0,100.0,51.9,1.47334920683876,9799186.0,632833.0,7212597.0,74300000.0
Sweden,2017,0.0,68.6944981353789,6.29882882509526,24.362449750883,100.0,100.0,50.9,1.69896335342089,9923085.0,599909.0,6995280.0,74800000.0
Sweden,2018,0.0,68.6944981353789,6.27312362868792,24.6929419766692,100.0,100.0,51.8,1.61992094622639,10057698.0,981217.0,6831306.0,74180000.0
Sweden,2019,0.0051679420126049536,68.6944981353789,6.24091234149935,24.9814588688378,100.0,100.0,51.6,1.43222878427888,10175214.0,791058.0,9564636.0,73178000.0
Sweden,2020,0.0,68.6996660773915,6.23649577686113,25.2378879395011,100.0,100.0,52.9,1.28212451768993,10278887.0,896091.0,8883323.0,74400000.0
Sweden,2021,0.0,68.6996660773915,6.23404046356315,25.4209438224317,100.0,100.0,57.8,0.988642012430427,10353442.0,1122537.0,7328144.0,74107000.0
Sweden,2022,0.0,68.6996660773915,6.22421921037124,25.5740792575133,100.0,100.0,57.9,0.863775743315115,10415811.0,1382597.0,6410099.0,77316311.0
Switzerland,2001,0.09844942277180024,30.2649701705926,10.3239253548407,181.771231711013,100.0,100.0,18.2,0.788960419597938,7184250.0,3754410.0,304130.0,9238000.0
Switzerland,2002,0.09845550593369978,30.3634195933644,10.342633891296,182.930725796739,100.0,100.0,18.7,0.733484702944804,7229854.0,3192930.0,252230.0,5662000.0
Switzerland,2003,0.09846236294909971,30.4618750992981,10.3133388944079,184.325482117304,100.0,100.0,18.2,0.815385027370858,7284753.0,2005013.0,381143.0,4557000.0
Switzerland,2004,0.09846922807509983,30.5603374622472,10.2800570153019,185.703856614881,100.0,100.0,18.0,0.785956939728788,7339001.0,1784000.0,380000.0,5120000.0
Switzerland,2005,0.09847610131389928,30.6588066903223,10.2679582478105,186.990617655533,100.0,100.0,18.1,0.720448910177642,7389625.0,1784914.0,246357.0,5132000.0
Switzerland,2006,0.09848298266749822,30.7572827916362,10.2590651678865,188.198156410317,100.0,100.0,18.7,0.666404437076328,7437115.0,1454807.0,212696.0,5284639.0
Switzerland,2007,0.09848908878380058,30.8557657743037,10.2782741629424,189.388794405946,100.0,100.0,18.1,0.649978814350276,7483934.0,1703783.0,381143.0,5701527.0
Switzerland,2008,0.09800246209870167,30.9542548630875,10.2715246000129,191.094854564163,100.0,100.0,19.3,0.916544227871043,7551117.0,2027498.0,864173.0,5520012.0
Switzerland,2009,0.09800542842629767,31.0522573251862,10.2618001093373,193.541360670795,100.0,100.0,19.6,1.29768909531756,7647675.0,1178902.0,348745.0,4950358.0
Switzerland,2010,0.09800918571920292,31.1502627536125,10.2549907596896,195.977767173332,100.0,100.0,20.0,1.28461013390536,7743831.0,850622.0,312735.0,4701775.0
Switzerland,2011,0.08748387704959981,31.2482719393317,10.2180826799129,198.032658685794,100.0,100.0,20.6,1.0885075863757,7824909.0,820302.0,299029.0,4938036.0
Switzerland,2012,0.08748573426749928,31.3357558163813,10.2005698127986,200.249864435738,100.0,100.0,20.6,1.16880614347861,7912398.0,943768.0,261027.0,4861007.0
Switzerland,2013,0.08748997745490072,31.4232415506488,10.1998738207009,202.390548012367,100.0,100.0,21.9,1.19976938479998,7996861.0,815839.0,170590.0,4658595.0
Switzerland,2014,0.08749183491410051,31.5107315281037,10.1970928512126,204.734336607627,100.0,100.0,21.8,1.63663900845104,8089346.0,749997.0,261055.0,4733800.0
Switzerland,2015,0.08749448777679802,31.5982233630178,10.1096765142539,207.250751433234,100.0,100.0,22.2,2.06407361513105,8188649.0,772535.0,187950.0,4913390.0
Switzerland,2016,0.08754856551960088,31.6857178507946,10.0834340878299,209.626620751132,100.0,100.0,23.9,2.28801875626482,8282396.0,649341.0,206405.0,4551980.0
Switzerland,2017,0.0870673807879001,31.7732664163142,10.0910917161209,211.931572125581,100.0,100.0,24.1,2.49498706086045,8373338.0,568053.0,204301.0,4458680.0
Switzerland,2018,0.08706738078799958,31.8603337971021,10.0781505673427,213.918480127503,100.0,100.0,25.0,2.53743050638578,8451840.0,578108.0,205948.0,4483970.0
Switzerland,2019,0.0870673807879001,31.9474011778901,10.0770090734841,215.500094533915,100.0,100.0,24.2,2.49181868216515,8514329.0,760797.0,169028.0,4975120.0
Switzerland,2020,0.0870673807879001,32.034468558678,10.0935999653755,217.042781721823,100.0,100.0,24.8,2.5713770284745,8575280.0,649317.0,146456.0,4397440.0
Switzerland,2021,0.0870673807879001,32.1215359394659,10.1201023649171,218.63446962171,100.0,100.0,26.4,2.64636277763181,8638167.0,649317.0,146456.0,4577330.0
Switzerland,2022,0.0870673807879001,32.2086033202538,10.009321778007,220.31454103721,100.0,100.0,27.7,2.99801654408171,8704546.0,459650.0,96918.0,4769550.0
Syrian Arab Republic,2001,0.03264773098270002,2.35107193383393,24.7143323539014,90.5315485907063,87.1,97.5,2.0,3.27130848500293,16637888.0,0.0,1100.0,50400.0
Syrian Arab Republic,2002,0.03264773098270002,2.38371966481663,25.2203721841332,92.7812493198389,86.4,97.6,2.1,3.23926252971792,17051338.0,800.0,1400.0,50400.0
Syrian Arab Republic,2003,0.03518225287435017,2.41636739579933,24.9918380672543,95.0502339754054,72.2,97.8,1.6,3.19778794217636,17468332.0,853.0,1144.0,50400.0
Syrian Arab Republic,2004,0.032952176243250086,2.45154964867368,25.1920039217822,97.4415599978212,84.8,97.9,1.9,3.14997896281472,17889296.0,4013.0,27792.0,58100.0
Syrian Arab Republic,2005,0.03268507926130981,2.48450182491693,25.9138203410143,99.8903687966443,84.0,98.1,2.6,3.21709801430925,18336875.0,16281.0,17552.0,61419.0
Syrian Arab Republic,2006,0.031851923899960166,2.51718690417824,25.4671242577763,102.490009260772,83.1,98.0,2.1,3.17061397844263,18814091.0,16281.0,17552.0,62105.0
Syrian Arab Republic,2007,0.03253381404769984,2.5490388280782,25.4315743614878,106.937983989544,99.2,97.9,1.8,4.72051145165918,19637022.0,18483.0,7563.0,64347.0
Syrian Arab Republic,2008,0.03267262034415008,2.5815726421259,25.7895883249837,113.723181224134,81.5,97.8,1.5,6.57928939970074,20884125.0,7919.0,13899.0,65200.0
Syrian Arab Republic,2009,0.03267262034415008,2.61424526247005,25.5881071661947,117.820540187323,80.8,97.7,1.2,4.08594724610225,21636564.0,11932.0,4303.0,66100.0
Syrian Arab Republic,2010,0.03281854369562964,2.6469178828142,25.430189501198,119.674194075365,80.2,97.4,0.9,2.37027140004479,21976969.0,11932.0,4151.0,66962.0
Syrian Arab Republic,2011,0.03267439960791041,2.67973642650983,25.5241518270435,122.433267984534,83.6,97.2,1.4,3.47835881189303,22482421.0,4524.0,11887.0,67893.0
Syrian Arab Republic,2012,0.03267439960789975,2.71241082611774,25.3880084953439,124.58801938681,81.2,96.85,1.6,6.62495176179717,22878098.0,2217.0,145.0,68047.0
Syrian Arab Republic,2013,0.032674399607909965,2.74508522572564,25.4043456951478,123.943598540543,80.0,96.5,2.0,10.1864869993333,22759763.0,15212.0,283.0,69608.0
Syrian Arab Republic,2014,0.032674399607909965,2.77775962533355,25.3880084953439,117.99225072156,79.8,96.1,3.1,6.63356206643399,21666917.0,189.0,135.0,70505.0
Syrian Arab Republic,2015,0.032674399607909965,2.81043402494146,25.3825627620759,110.404939280074,79.8,95.8,2.7,-2.70398241221137,20273659.0,287.0,1543.0,71428.0
Syrian Arab Republic,2016,0.0,2.84310842454937,25.4043456951478,105.781288460491,79.1,95.3,0.6,-4.60377443417053,19424618.0,125.0,6380.0,72380.0
Syrian Arab Republic,2017,0.0,2.84310842454937,25.4021674018407,104.524500353973,78.4,94.8,1.3,-1.9889501945102,19193834.0,125.0,3817.0,73099.0
Syrian Arab Republic,2018,0.0,2.84310842454937,25.4231334749224,104.692414093558,77.7,94.1,1.1,-0.660432012557686,19224668.0,2.0,9954.0,73834.0
Syrian Arab Republic,2019,0.0,2.84310842454937,25.3897674671895,106.615721831945,69.5,93.5,0.9,1.17669383547274,19577845.0,0.0,6355.0,74585.0
Syrian Arab Republic,2020,0.0,2.84310842454937,25.367058759462,110.839917224854,76.2,92.8,1.0,3.56591766368194,20353534.0,0.0,10411.0,75353.0
Syrian Arab Republic,2021,0.0,2.84310842454937,25.3804770462343,114.629575777378,75.4,91.9,1.1,2.80173587524243,21049429.0,0.0,1888.0,76138.0
Syrian Arab Republic,2022,-0.0004356586614400193,2.84310842454937,24.6694140391004,117.784888090181,74.5,91.2,1.1,2.16905024496172,21628839.0,0.0,5248.0,76941.0
Tajikistan,2001,0.0,2.92940840240069,5.60160045727351,44.903793941126,98.0,20.6,62.4,1.07975091844687,6284735.0,0.0,0.0,0.0
Tajikistan,2002,0.0,2.92940840240069,5.59445555873107,45.780058588168,98.2,24.4,64.1,1.92882569058128,6407377.0,0.0,0.0,0.0
Tajikistan,2003,0.0,2.92940840240069,5.58016576164618,46.6681123178051,98.8,28.65,64.2,1.91800490952148,6531669.0,0.0,0.0,0.0
Tajikistan,2004,0.0,2.92940840240069,5.58731066018863,47.5748428122321,100.0,32.8,64.6,1.92233058194332,6658575.0,0.0,0.0,0.0
Tajikistan,2005,0.0,2.92940840240069,5.55873106601886,48.517769362675,98.2,37.1,61.4,1.96130709616573,6790547.0,0.0,0.0,90000.0
Tajikistan,2006,0.0,2.92940840240069,5.40868819662761,49.4764218348099,99.2,40.95,63.7,1.95547834134167,6924720.0,0.0,0.0,90000.0
Tajikistan,2007,0.0,2.92940840240069,5.26579022577879,50.425593026579,98.3,45.1,61.6,1.89890826953314,7057566.0,0.0,0.0,90000.0
Tajikistan,2008,0.0,2.92940840240069,5.33009431266076,51.4038082309231,98.3,48.8,53.8,1.91912064659734,7194477.0,0.0,0.0,90000.0
Tajikistan,2009,0.0,2.92940840240069,5.29436981994856,52.4321448985424,98.4,52.2,54.6,1.97722721494353,7338403.0,0.0,0.0,90000.0
Tajikistan,2010,0.0,2.92940840240069,5.36867676478994,53.5169334095456,98.9,55.8,60.6,2.0425115736393,7490230.0,0.0,0.0,90000.0
Tajikistan,2011,0.016861960560159872,2.92940840240069,5.33652472134896,54.6737710774507,98.6,58.9,61.8,2.13196331965188,7652141.0,0.0,0.0,90000.0
Tajikistan,2012,0.016861960560159872,2.94627036296085,5.31008859674193,55.9072949414118,98.7,61.7,60.0,2.04919188402493,7824785.0,22.0,21247.0,90000.0
Tajikistan,2013,0.016861960560160316,2.96313232352101,5.2772220634467,57.2598170905973,98.8,64.2,55.8,2.12954032598335,8014084.0,22.0,15865.0,90000.0
Tajikistan,2014,0.0422125667539297,2.97999428408117,5.49728493855387,58.7076593312375,98.9,66.9,55.1,2.79234822491599,8216724.0,0.0,15870.0,90000.0
Tajikistan,2015,0.016917005350500336,3.0222068508351,5.76571123888577,60.7089475883735,99.0,68.8,45.9,2.79269892785818,8425552.0,0.0,15870.0,3528000.0
Tajikistan,2016,0.0,3.0391238561856,5.97161178759277,62.2799913538439,97.8,70.9,48.1,2.23902133029357,8643840.0,0.0,15870.0,3600000.0
Tajikistan,2017,0.0,3.0391238561856,6.16759132502342,63.8780243533396,99.2,73.2,43.7,2.12867023399042,8865631.0,0.0,15870.0,3674000.0
Tajikistan,2018,0.0,3.0391238561856,6.0371784710714,65.4654225808776,99.3,74.7,44.2,2.07969283267712,9085946.0,0.0,15870.0,3674000.0
Tajikistan,2019,0.007205130052599706,3.0391238561856,6.0479861661503,67.060544707832,99.3,76.5,41.6,2.25778191588409,9307333.0,0.0,15870.0,3674000.0
Tajikistan,2020,0.0072051300526001505,3.0463289862382,6.08257079040277,68.6646444268319,99.6,78.3,40.1,1.96739384148484,9529966.0,156.0,1581.0,3674000.0
Tajikistan,2021,0.0072051300526001505,3.0535341162908,6.0479861661503,70.2450464730888,99.7,79.8,38.8,2.51431873780364,9749310.0,168.0,2932.0,3674000.0
Tajikistan,2022,0.0072051300525899364,3.0607392463434,6.03789898407666,71.8128683622739,99.8,81.05,34.9,2.23261236586738,9966908.0,330.0,7962.0,3674000.0
Tanzania,2001,-0.419959358771699,60.5893090991194,9.70873786407767,38.6770591555656,1.7,0.2,93.6,4.53902099424793,34260139.0,12160.0,2522.0,23100647.0
Tanzania,2002,-0.419959358771699,60.1693497403477,9.62971325355611,39.7361695642357,2.5,0.2,93.1,4.4961603877111,35198299.0,12160.0,2522.0,23264514.0
Tanzania,2003,-0.41995935877179846,59.749390381576,9.70873786407767,40.7781711447279,3.2,0.2,92.4,4.49256487059464,36121304.0,10085.0,130.0,23438758.0
Tanzania,2004,-0.419959358771699,59.3294310228042,9.64100248363062,41.8712519756153,3.2,0.3,92.4,4.74848610694339,37089555.0,44550.0,84.0,23623584.0
Tanzania,2005,-0.419959358771699,58.9094716640325,10.2699254910815,43.022881011515,2.6,0.3,91.3,5.07889855144145,38109668.0,76530.0,6486.0,23819209.0
Tanzania,2006,-0.41995935877180557,58.4895123052608,10.8988484985324,44.2335470760894,4.9,0.3,90.3,5.32887971561333,39182076.0,76530.0,6486.0,24025852.0
Tanzania,2007,-0.419959358771699,58.069552946489,11.5277715059833,45.489841950779,5.5,0.3,89.9,5.46808506988817,40294902.0,58318.0,1658.0,24227959.0
Tanzania,2008,-0.419959358771699,57.6495935877173,12.1566945134342,46.7775028223075,6.0,0.3,90.6,5.50485226068867,41435512.0,23838.0,4804.0,24441200.0
Tanzania,2009,-0.419959358771699,57.2296342289456,12.7858433054866,48.0590742831339,1.0,0.4,90.3,5.40112902994469,42570728.0,5603.0,247.0,24665700.0
Tanzania,2010,-0.41995935877179846,56.8096748701739,12.9906299390382,49.2594061864981,,0.4,91.0,5.09497136237819,43633982.0,18957.0,247.0,24901785.0
Tanzania,2011,-0.41996161661770515,56.3897155114021,13.1954165725897,50.5288868819147,2.5,0.4,89.4,5.0529399549445,44758488.0,12890.0,1225.0,25149697.0
Tanzania,2012,-0.4199616166177975,55.9697538947844,13.4002032061413,51.9636114247008,2.6,0.5,87.6,5.14415698651668,46029367.0,9738.0,4939.0,25382998.0
Tanzania,2013,-0.41996161661769804,55.5497922781666,13.6049898396929,53.4818920749605,2.3,0.6,85.2,5.01236870675833,47374260.0,14281.0,20224.0,25904759.0
Tanzania,2014,-0.4199616166178046,55.1298306615489,13.8097764732445,55.1186814179273,1.7,0.6,84.5,4.97778617806947,48824128.0,3500.0,9482.0,26408297.0
Tanzania,2015,-0.41996161661769804,54.7098690449311,14.0145631067961,56.8429803567397,10.0,0.8,84.7,4.96394591748451,50351512.0,4944.0,36608.0,26676696.0
Tanzania,2016,-0.529464890494495,54.2899074283134,14.2193497403477,58.7276608715286,11.3,0.9,82.8,5.07866064291693,52020962.0,29498.0,9491.0,26957293.0
Tanzania,2017,-0.5294648904944026,53.7604425378189,14.4241363738993,60.7631666290359,17.3,1.0,81.7,5.15937190855639,53824013.0,16819.0,3928.0,27178148.0
Tanzania,2018,-0.5294648904945021,53.2309776473245,14.6289230074509,62.8278279521337,16.0,1.2,82.0,5.0305164124357,55652890.0,6175.0,15981.0,27410480.0
Tanzania,2019,-0.5294648904945021,52.70151275683,14.8337096410025,64.842114472793,18.1,1.3,81.3,4.78345775460118,57437145.0,16315.0,1657.0,27654478.0
Tanzania,2020,-0.529464890494495,52.1720478663355,15.0384962745541,66.8038959132987,19.0,1.5,80.4,4.54852679259264,59174891.0,46960.0,4918.0,27926940.0
Tanzania,2021,-0.5294648904944026,51.642582975841,15.2432829081057,68.8335944908557,22.0,1.7,80.8,4.50255101559597,60972798.0,103065.0,2756.0,28234519.0
Tanzania,2022,-0.5294648904945021,51.1131180853466,15.2432829081057,70.9306976744186,23.3,1.9,78.3,4.45351868596443,62830412.0,117149.0,1304.0,28529371.0
Thailand,2001,0.2104171152302996,37.1860870246041,34.5964884808863,123.329513202451,74.0,47.5,21.8,5.37019799578665,63007815.0,200.0,493000.0,26814514.0
Thailand,2002,0.2104171152302996,37.3965041398344,34.7198026972538,124.58873925894,85.9,48.9,19.9,5.00415244369506,63651141.0,200.0,517000.0,27497336.0
Thailand,2003,0.2104171152302996,37.6069212550647,34.8039695433459,125.793100275989,86.6,50.9,19.9,4.94504771097881,64266437.0,17612.0,679000.0,28050008.0
Thailand,2004,0.2104171152302996,37.817338370295,34.880306915383,126.970905674411,87.4,52.0,20.2,4.82812572112516,64868166.0,10287.0,137857.0,34713108.0
Thailand,2005,0.21041711523020012,38.0277554855253,35.0603848186498,128.1137759596,88.1,54.0,19.9,4.65897095213515,65452047.0,6528.0,468330.0,34585240.0
Thailand,2006,0.2104171152302996,38.2381726007555,35.1347648221731,129.220419268336,88.9,55.25,20.1,4.45022824443505,66017420.0,26917.0,466353.0,34466024.0
Thailand,2007,0.2104171152302996,38.4485897159858,35.1406369277144,130.297494568302,98.8,56.8,20.5,4.21365376919,66567687.0,16500.0,503826.0,34336195.0
Thailand,2008,0.2104171152303067,38.6590068312161,35.1249779796042,131.344113214195,90.6,58.1,21.6,3.9477661246727,67102394.0,15832.0,531579.0,34215200.0
Thailand,2009,0.2104171152302996,38.8694239464464,34.9155395486308,132.356926148486,91.5,59.6,22.6,3.65401247060574,67619830.0,19163.0,303762.0,34102600.0
Thailand,2010,0.2104171152302996,39.0798410616767,34.3459453111237,133.338057116013,98.9,61.2,22.8,3.33880904832821,68121080.0,12782.0,292036.0,33998094.0
Thailand,2011,-0.004697684433104143,39.290258176907,35.2414414061735,134.235250249564,99.5,62.5,22.8,2.97584762605635,68579447.0,8802.0,274078.0,33901440.0
Thailand,2012,-0.004697684432997562,39.2855604924739,35.0384622912956,135.072536162383,99.0,64.0,23.0,2.43027274329167,69007208.0,15971.0,240172.0,33786500.0
Thailand,2013,-0.004697684433104143,39.2808628080409,34.0251326117168,135.912031944254,98.8,65.4,23.6,1.88087335113663,69436098.0,23287.0,160772.0,33679925.0
Thailand,2014,-0.004697684432997562,39.2761651236078,33.9491189884319,136.712626984282,99.0,67.1,23.2,1.59290449299765,69845114.0,28134.0,189726.0,33581414.0
Thailand,2015,-0.004697684433097038,39.2714674391748,33.3369218422752,137.439305917125,99.2,69.0,24.4,1.57575157421195,70216367.0,46332.0,142765.0,33490685.0
Thailand,2016,-0.0861242146059027,39.2667697547417,33.1065395682045,138.07433106931,99.5,70.5,22.6,1.82960967707757,70540795.0,14591.0,62979.0,33407472.0
Thailand,2017,-0.0704652664957024,39.1806455401358,33.0188494587876,138.698821664155,99.9,72.0,22.4,2.40848086634849,70859841.0,6218.0,39602.0,33302765.0
Thailand,2018,-0.07046526649569529,39.1101802736401,32.8127385542876,139.286709467791,99.9,73.5,22.2,3.2056963868025,71160187.0,2128.0,27723.0,33205596.0
Thailand,2019,-0.0704652664957024,39.0397150071444,32.7604699641802,139.709289670966,99.7,74.6,23.7,10.6249435934454,71376079.0,9164.0,20512.0,33115705.0
Thailand,2020,-0.07046526649580187,38.9692497406487,32.5479594433244,139.995441288731,99.9,76.1,23.9,2.63388512236266,71522271.0,10633.0,38166.0,33032846.0
Thailand,2021,-0.07046526649569529,38.8987844741529,32.9299843410519,140.228785061364,100.0,77.4,20.9,2.48059318189253,71641484.0,13783.0,24465.0,32956790.0
Thailand,2022,-0.0704652664957024,38.8283192076572,31.6905791853432,140.396821233534,100.0,78.9,19.0,2.31934361435892,71727332.0,19618.0,22708.0,32886868.0
Timor-Leste,2001,-0.09414929388019999,63.8264963012777,8.06993947545393,50.1067921990585,1.2,0.0,,-9.95866574000393,745088.0,,,178872.0
Timor-Leste,2002,-0.09414929388029947,63.7323470073975,8.04303967720242,54.6233355749832,10.7,0.1,,10.0946044173603,812249.0,,,172300.0
Timor-Leste,2003,-0.09414929388029947,63.6381977135172,8.01613987895091,59.122999327505,7.9,0.1,48.2,9.46082895677929,879159.0,,,165955.0
Timor-Leste,2004,-0.09414929388029947,63.5440484196369,7.98924008069939,61.6595830531271,12.1,0.2,47.9,5.83960242360796,916878.0,,475.0,159828.0
Timor-Leste,2005,-0.09414929388029947,63.4498991257566,7.96234028244788,62.4797579018157,14.6,0.2,44.0,3.05960637666147,929074.0,1055.0,475.0,153910.0
Timor-Leste,2006,-0.09414929388029947,63.3557498318763,7.93544048419637,63.7734364492266,18.0,0.3,43.6,4.37826424388097,948311.0,1055.0,475.0,148193.0
Timor-Leste,2007,-0.09414929388029947,63.261600537996,7.90854068594486,65.6756556825824,21.4,0.4,41.9,5.97882404542201,976597.0,496.0,78.0,142161.0
Timor-Leste,2008,-0.09414929388030657,63.1674512441157,7.88164088769334,67.5782784129119,19.9,0.6,41.9,6.04704832740094,1004889.0,514.0,78.0,136344.0
Timor-Leste,2009,-0.09414929388029947,63.0733019502354,7.85474108944183,69.4303295225286,28.4,0.7,39.7,5.54322961506032,1032429.0,514.0,78.0,130733.0
Timor-Leste,2010,-0.09414929388029947,62.9791526563551,7.82784129119032,71.2025554808339,31.9,1.0,36.9,4.55830345717051,1058782.0,728.0,78.0,125320.0
Timor-Leste,2011,-0.09414929388029947,62.8850033624748,7.8009414929388,72.9441156691325,20.6,1.2,34.8,3.22663692405928,1084679.0,1058.0,78.0,120097.0
Timor-Leste,2012,-0.09414929388029947,62.7908540685945,7.77404169468729,74.660860793544,39.0,1.4,32.8,2.30421115417969,1110207.0,984.0,79.0,115162.0
Timor-Leste,2013,-0.09414929388029947,62.6967047747142,7.74714189643578,76.3204438466712,42.6,1.8,25.6,2.13157925008185,1134885.0,429.0,79.0,110395.0
Timor-Leste,2014,-0.09414929388029947,62.6025554808339,7.72024209818426,77.9216543375925,46.2,2.2,22.6,1.97542016122377,1158695.0,365.0,1258.0,105791.0
Timor-Leste,2015,-0.09414929388029947,62.5084061869536,7.69334229993275,79.4823806321453,49.8,2.6,18.1,1.85671683558361,1181903.0,354.0,1267.0,101344.0
Timor-Leste,2016,-0.09414929388029947,62.4142568930733,7.66644250168124,81.0444519166106,55.6,3.0,18.0,1.80402891909614,1205131.0,28.0,1.0,97047.0
Timor-Leste,2017,-0.07397444519170193,62.320107599193,7.63954270342972,82.6033624747814,67.2,3.5,12.7,1.70821349161255,1228312.0,313.0,92.0,92980.0
Timor-Leste,2018,-0.114324142568897,62.2461331540013,7.61264290517821,84.1763954270343,70.9,4.0,13.2,1.59330188013373,1251703.0,18.0,0.0,88873.0
Timor-Leste,2019,-0.09414929388029947,62.1318090114324,7.5857431069267,85.8075991930061,78.8,4.7,12.7,1.53884292355643,1275959.0,0.0,0.0,84989.0
Timor-Leste,2020,-0.09414929388029947,62.0376597175521,7.49831876260928,87.4878950907868,86.5,5.2,11.7,1.48120516086694,1300945.0,17.0,0.0,81234.0
Timor-Leste,2021,-0.09414929388030657,61.9435104236718,7.49831876260928,89.1763954270343,94.2,5.7,11.4,1.38462318628328,1326053.0,100.0,0.0,77603.0
Timor-Leste,2022,-0.09414929388029947,61.8493611297915,7.49831876260928,90.7961667787492,100.0,6.2,12.1,1.2143132058872,1350139.0,0.0,0.0,74132.0
Togo,2001,-0.0544107372679008,23.3216400073543,41.7356131641846,94.5033462033462,6.4,0.0,77.1,4.12751506610214,5140037.0,28000.0,5000.0,5805189.0
Togo,2002,-0.0544107372679008,23.2672292700864,42.1033278176135,97.0285346571061,5.4,0.0,82.0,3.98997942912653,5277382.0,28000.0,5000.0,5784194.0
Togo,2003,-0.05441073726779777,23.2128185328185,42.4710424710425,99.5270086412944,6.5,0.1,78.7,3.87702814914121,5413274.0,17000.0,1000.0,5808447.0
Togo,2004,-0.0544107372679008,23.1584077955507,42.8387571244714,102.08065820923,7.6,0.1,74.8,3.84895915650918,5552167.0,18341.0,201.0,5886967.0
Togo,2005,-0.0544107372679008,23.1039970582828,43.2064717779004,104.734473248759,8.7,0.1,76.1,3.86238661666317,5696508.0,16794.0,1022.0,4678000.0
Togo,2006,-0.0544107372679008,23.0495863210149,43.5741864313293,107.457823129252,9.8,0.2,77.2,3.8425310295383,5844631.0,49123.0,1022.0,4590000.0
Togo,2007,-0.05441073726789725,22.995175583747,43.9419010847582,110.510535024821,7.4,0.2,79.7,4.05587078383148,6010668.0,60407.0,270.0,4590000.0
Togo,2008,-0.05441073726780132,22.9407648464791,44.3096157381872,113.777238462953,11.8,0.3,79.9,4.14635297483843,6188344.0,70328.0,2197.0,4590000.0
Togo,2009,-0.0544107372679008,22.8863541092113,44.6773303916161,117.095274866703,12.9,0.4,76.5,4.08579698600107,6368812.0,100422.0,595.0,4590000.0
Togo,2010,-0.0544107372679008,22.8319433719434,45.045045045045,120.46083838941,13.9,0.4,63.4,4.0225189477561,6551865.0,77708.0,669.0,4590000.0
Togo,2011,-0.05442176870749904,22.7775326346755,45.2289023717595,123.783599926457,9.3,0.5,65.8,3.88629218322784,6732590.0,117843.0,390.0,4590000.0
Togo,2012,-0.05442176870749904,22.723110865968,45.2289023717595,127.164441993013,16.3,0.6,69.1,3.84009005271648,6916474.0,101167.0,246.0,4596000.0
Togo,2013,-0.05442176870749904,22.6686890972605,48.7221915793344,130.55223386652,15.8,0.7,72.7,3.76058234424393,7100736.0,94435.0,4381.0,4654000.0
Togo,2014,-0.05442176870740312,22.614267328553,48.7221915793344,133.948189005332,17.1,0.7,76.2,3.68671936339368,7285442.0,77682.0,4470.0,4654000.0
Togo,2015,-0.05442176870749904,22.5598455598456,48.7221915793344,137.386468100754,21.1,0.7,81.4,3.64099121985515,7472450.0,115765.0,1516.0,4652000.0
Togo,2016,-0.05442176870749904,22.5054237911381,48.7221915793344,140.893454679169,19.8,0.8,81.0,3.61504008495315,7663195.0,117974.0,235.0,4600000.0
Togo,2017,-0.05442176870749904,22.4510020224306,48.7221915793344,144.480400808972,21.0,0.9,80.7,3.59666200940563,7858289.0,50151.0,13.0,4629000.0
Togo,2018,-0.054421768707502594,22.3965802537231,48.7221915793344,148.136422136422,19.5,1.0,78.4,3.57012670039299,8057140.0,49241.0,2286.0,4670000.0
Togo,2019,-0.05442176870749904,22.3421584850156,48.7221915793344,151.843684500827,26.3,1.0,76.7,3.53163940622582,8258778.0,24907.0,527.0,4608095.0
Togo,2020,-0.054421768707399565,22.2877367163081,48.7221915793344,155.599705828277,23.9,1.0,78.6,3.49227196039078,8463068.0,30432.0,368.0,4611914.0
Togo,2021,-0.05442176870749904,22.2333149476007,48.7221915793344,159.399154256297,24.3,1.1,76.2,3.45043592861379,8669720.0,31241.0,1176.0,4611914.0
Togo,2022,-0.054421768707502594,22.1788931788932,48.7221915793344,163.235502849789,24.7,1.1,75.1,3.40556415114619,8878379.0,33022.0,6375.0,4611914.0
Tonga,2001,0.0,12.4305555555556,20.8333333333333,142.606944444444,82.4,21.6,2.5,0.7344389957132,102677.0,116.0,1970.0,3710.0
Tonga,2002,0.0,12.4305555555556,20.8333333333333,143.455555555556,83.2,24.6,2.7,0.695486375218649,103288.0,116.0,1970.0,3702.0
Tonga,2003,0.0,12.4305555555556,20.8333333333333,144.269444444444,84.1,27.5,2.5,0.6614777531223,103874.0,116.0,1954.0,3695.0
Tonga,2004,0.0,12.4305555555556,20.8333333333333,145.088888888889,84.9,30.3,2.0,0.665421461345494,104464.0,1785.0,1744.0,3688.0
Tonga,2005,0.0,12.4305555555556,20.8333333333333,145.931944444444,85.8,33.1,2.1,0.689843081027935,105071.0,6626.0,2278.0,3682.0
Tonga,2006,0.0,12.4305555555556,20.8333333333333,146.765277777778,86.6,36.1,2.1,0.689205222369736,105671.0,6626.0,2278.0,3375.0
Tonga,2007,0.0,12.4305555555556,22.2222222222222,147.573611111111,90.7,38.9,1.9,0.692608187342026,106253.0,2061.0,2710.0,4167.0
Tonga,2008,0.0,12.4305555555556,22.2222222222222,148.230555555556,88.4,41.5,2.2,0.631376551023597,106726.0,3967.0,2706.0,4158.0
Tonga,2009,0.0,12.4305555555556,22.2222222222222,148.638888888889,89.3,44.5,2.0,0.555221703929297,107020.0,1185.0,3720.0,4150.0
Tonga,2010,0.0,12.4305555555556,23.6111111111111,148.893055555556,90.3,47.2,1.8,0.480308320108844,107203.0,276.0,5765.0,4142.0
Tonga,2011,0.0,12.4305555555556,23.6111111111111,149.166666666667,91.2,50.7,1.0,0.454165953361665,107400.0,457.0,15046.0,4134.0
Tonga,2012,0.0,12.4305555555556,23.6111111111111,149.402777777778,90.6,53.6,1.1,0.313523423800545,107570.0,1931.0,11129.0,4126.0
Tonga,2013,0.0,12.4305555555556,25.0,149.25,91.3,56.8,1.1,-0.111009804049505,107460.0,4131.0,14752.0,4119.0
Tonga,2014,0.0,12.4305555555556,25.0,148.719444444444,94.1,60.2,1.6,-0.532973976619164,107078.0,4131.0,11379.0,4112.0
Tonga,2015,0.0,12.4305555555556,26.3888888888889,148.068055555556,95.0,63.7,1.7,-0.756593749455972,106609.0,1158.0,11124.0,4105.0
Tonga,2016,0.0,12.4305555555556,27.7777777777778,147.354166666667,100.0,67.2,1.9,-0.912289861724122,106095.0,115.0,360.0,4098.0
Tonga,2017,0.0,12.4305555555556,27.7777777777778,146.561111111111,96.5,70.8,2.0,-1.03944683970874,105524.0,0.0,92.0,4089.0
Tonga,2018,0.0,12.4305555555556,27.7777777777778,146.327777777778,97.8,73.8,2.0,-0.839407471616381,105356.0,0.0,85.0,4079.0
Tonga,2019,0.0,12.4305555555556,27.7777777777778,146.620833333333,98.8,76.9,1.8,-0.975779536262219,105567.0,0.0,60.0,4070.0
Tonga,2020,0.0,12.4305555555556,27.7777777777778,146.7625,97.9,79.8,1.8,-1.5601334081974,105669.0,4.0,0.0,4061.0
Tonga,2021,0.0,12.4305555555556,27.7777777777778,146.811111111111,99.8,82.2,1.9,-2.01637859581212,105704.0,0.0,9.0,4052.0
Tonga,2022,0.0,12.4305555555556,27.7777777777778,146.513888888889,100.0,84.55,1.8,-3.06946312753698,105490.0,0.0,44.0,4041.0
Tunisia,2001,0.012602986611740086,4.29872554067971,18.4346035015448,62.8535980947477,86.8,87.9,14.2,1.67649763678922,9764935.0,0.0,18400.0,2307853.0
Tunisia,2002,0.012602986611740086,4.31132852729145,17.8553038105046,63.5277870751802,93.6,90.2,14.2,1.5960643492688,9869677.0,0.0,17300.0,2318520.0
Tunisia,2003,0.012602986611740086,4.32393151390319,17.8359938208033,64.1832839855819,94.4,92.2,14.6,1.53821784182097,9971515.0,0.0,15400.0,2329317.0
Tunisia,2004,0.012602986611740086,4.33653450051493,17.9582904222451,64.8277033985582,96.0,93.7,14.1,1.50076136231339,10071632.0,0.0,15400.0,2340246.0
Tunisia,2005,0.012602986611739198,4.34913748712667,17.9647270854789,65.4361676107106,97.7,95.0,13.9,1.43088995699215,10166163.0,354.0,81476.0,2336508.0
Tunisia,2006,0.012602986611740086,4.36174047373841,17.5720906282183,66.0110195674562,98.3,96.0,14.2,1.34609171042769,10255472.0,354.0,81476.0,2366704.0
Tunisia,2007,0.012602986611750744,4.37434346035015,17.7845005149331,66.5963568486097,98.8,96.9,14.3,1.32163362778631,10346410.0,354.0,81476.0,2373743.0
Tunisia,2008,0.012602986611739198,4.3869464469619,17.5914006179197,67.209719361483,98.8,97.5,14.3,1.34174836666726,10441702.0,354.0,81476.0,2380800.0
Tunisia,2009,0.012602986611740086,4.39954943357364,18.2479402677652,67.8593910916581,98.8,98.0,14.6,1.36785369011834,10542635.0,744.0,17508.0,2388000.0
Tunisia,2010,0.012602986611740086,4.41215242018538,17.4240473738414,68.554846807415,99.1,98.4,16.1,1.42538775967832,10650681.0,272.0,15602.0,2395284.0
Tunisia,2011,0.009848094747680669,4.42475540679712,18.1707003089598,69.2969876416066,98.6,98.8,12.6,1.51563288935018,10765980.0,220.0,14830.0,2402607.0
Tunisia,2012,0.009848094747679781,4.4346035015448,18.2736869207003,70.069741246138,98.9,99.0,13.2,1.54502961487725,10886035.0,113.0,11158.0,2405775.0
Tunisia,2013,0.009848094747679781,4.44445159629248,18.3316168898043,70.865390061792,98.5,99.2,13.0,1.56258606032696,11009647.0,85.0,17695.0,3783000.0
Tunisia,2014,0.009848094747690439,4.45429969104016,18.3638002059732,71.713188722966,99.1,99.3,13.2,1.61990289382526,11141361.0,234.0,11987.0,3914000.0
Tunisia,2015,0.009848094747679781,4.46414778578785,16.6580844490216,72.5687950566426,99.4,99.4,12.9,1.55941979874374,11274288.0,234.0,7957.0,3914000.0
Tunisia,2016,0.009848094747679781,4.47399588053553,16.5422245108136,73.3925334706488,99.9,99.5,12.5,1.31794524076676,11402264.0,69.0,5190.0,3914000.0
Tunisia,2017,0.009848094747690439,4.48384397528321,16.5010298661174,74.2061920700309,100.0,99.6,12.4,1.36963095769181,11528674.0,96.0,11741.0,3914000.0
Tunisia,2018,0.009848094747679781,4.4936920700309,16.7797373841401,74.9903321318229,100.0,99.7,11.8,1.3818494298919,11650498.0,1.0,7508.0,3914000.0
Tunisia,2019,0.009848094747679781,4.50354016477858,16.5396498455201,75.7306513903193,99.6,99.7,11.9,1.36347309717087,11765514.0,250.0,28145.0,3914000.0
Tunisia,2020,0.009848094747690439,4.51338825952626,16.5396498455201,76.4358972708548,100.0,99.7,12.2,1.32313412663936,11875081.0,0.0,1486.0,3914000.0
Tunisia,2021,0.009848094747679781,4.52323635427395,18.2241246138002,77.0729724510814,99.7,99.8,12.9,1.24136570609364,11974057.0,0.0,3060.0,3914000.0
Tunisia,2022,0.009848094747679781,4.53308444902163,18.2241246138002,77.5529222451081,99.7,99.8,11.6,1.04740567976755,12048622.0,3.0,3278.0,3914000.0
Turkiye,2001,0.1214518664812978,26.1792679599288,30.9577329366059,85.0096293023921,100.0,78.5,17.3,2.77502091673666,65425961.0,4000.0,1883000.0,15939300.0
Turkiye,2002,0.12145186648130135,26.3007198264101,30.9252497953562,86.0739939971155,100.0,79.3,18.1,2.76166162638566,66245128.0,8000.0,937000.0,15337200.0
Turkiye,2003,0.12145186648130135,26.4221716928914,31.1760196458038,87.1182191442641,100.0,80.0,17.5,2.64239765345105,67048795.0,9002.0,1061000.0,16122000.0
Turkiye,2004,0.1214518664812978,26.5436235593727,30.3678390915115,88.1355066720372,100.0,80.7,16.3,2.54414385831574,67831730.0,68567.0,1401000.0,15810000.0
Turkiye,2005,0.12145186648130135,26.665075425854,31.0162025908553,89.1241466678794,100.0,81.0,16.8,2.49321573574968,68592617.0,36509.0,2052888.0,16503000.0
Turkiye,2006,0.12145186648130135,26.7865272923353,30.9629302392059,90.0816717123813,100.0,81.5,15.3,2.48618270581088,69329557.0,9693.0,2303600.0,16185000.0
Turkiye,2007,0.1214518664812978,26.9079791588166,29.8598027623663,91.0117186180372,100.0,82.0,14.2,2.52719789511974,70045349.0,2781.0,2255000.0,18084000.0
Turkiye,2008,0.12145186648130135,27.0294310252979,28.5578784610787,91.1582344763068,100.0,82.3,12.5,1.78335947556582,70158112.0,11000.0,2082000.0,18319000.0
Turkiye,2009,0.1214518664812978,27.1508828917792,28.0069643854839,92.3192677000637,99.9,82.6,12.5,3.04747187294258,71051678.0,4860.0,1349000.0,19420000.0
Turkiye,2010,0.12145186648130135,27.2723347582605,27.7419019528865,93.6023881605447,99.9,82.9,13.1,3.35499375595573,72039206.0,13017.0,987000.0,19300000.0
Turkiye,2011,0.1422033964371998,27.3937866247418,27.784779699336,95.0354715902447,100.0,83.1,14.2,3.71648828413169,73142150.0,7412.0,1416000.0,20597000.0
Turkiye,2012,0.1422033964372993,27.535990021179,26.6868495250965,96.4406649948677,100.0,83.5,12.7,3.82733961841471,74223629.0,3800.0,1315000.0,21039000.0
Turkiye,2013,0.1422033964371998,27.6781934176163,26.736223899796,97.6778802801346,100.0,83.6,13.0,5.10991859183633,75175827.0,6300.0,1174000.0,21959000.0
Turkiye,2014,0.1422033964372993,27.8203968140535,26.732325922846,98.9405610488157,100.0,83.7,13.8,7.51485625556567,76147624.0,3633.0,700000.0,20858000.0
Turkiye,2015,0.14220339643720337,27.9626002104908,26.8947416290945,100.284401595572,100.0,83.6,11.5,7.61873724681312,77181884.0,437.0,578015.0,22835000.0
Turkiye,2016,0.0,28.104803606928,26.8310746722451,101.631276067721,100.0,83.75,13.3,5.56638687943926,78218479.0,1505.0,512500.0,24641800.0
Turkiye,2017,0.15872562140249968,28.104803606928,26.4828553980484,103.007889505347,100.0,83.8,13.2,2.35546247467611,79277962.0,9800.0,416000.0,25936000.0
Turkiye,2018,0.20256486883310032,28.2635292283305,25.9839143484532,104.352348531112,100.0,83.8,11.4,1.21721539362836,80312698.0,24000.0,201000.0,24805000.0
Turkiye,2019,0.20269480139799967,28.4660940971636,25.6265997947065,105.774468250978,100.0,83.8,11.8,1.50516857000879,81407204.0,53200.0,102680.0,28154000.0
Turkiye,2020,0.20269480139809914,28.6687888985616,25.4407962267583,107.297584553617,100.0,83.9,14.1,1.9909704896297,82579440.0,68042.0,59030.0,28450000.0
Turkiye,2021,0.20269480139809914,28.8714836999597,25.4485921806582,108.343853540013,100.0,83.9,13.7,1.27276011133045,83384680.0,33000.0,44000.0,28703000.0
Turkiye,2022,0.20269480139809914,29.0741785013578,25.8318932474046,109.334768655068,100.0,84.1,12.0,1.18656449306975,84147318.0,79000.0,71691.0,35248000.0
Turkmenistan,2001,0.0,8.78215904496414,3.40467793075564,9.75182899580789,99.5,98.7,0.1,2.73191201481015,4582677.0,0.0,0.0,2500.0
Turkmenistan,2002,0.0,8.78215904496414,3.40467793075564,9.94916051326793,99.6,98.9,0.1,2.64782085674413,4675409.0,0.0,0.0,2500.0
Turkmenistan,2003,0.0,8.78215904496414,3.54307173408806,10.1493094716234,99.6,99.1,0.1,2.46703377359924,4769465.0,0.0,0.0,3400.0
Turkmenistan,2004,0.0,8.78215904496414,3.77887132126061,10.3501904538974,99.5,99.2,0.1,2.19042916354009,4863865.0,0.0,0.0,3400.0
Turkmenistan,2005,0.0,8.78215904496414,3.84873151320409,10.5507054242121,99.5,99.4,0.1,1.99914431612437,4958093.0,0.0,0.0,3400.0
Turkmenistan,2006,0.0,8.78215904496414,4.25701146979337,10.7510842040304,99.5,99.4,0.1,1.95695609525547,5052257.0,0.0,0.0,3400.0
Turkmenistan,2007,0.0,8.78215904496414,4.31848211435746,10.9529185197795,99.8,99.6,0.1,1.93072565737429,5147105.0,0.0,0.0,10000.0
Turkmenistan,2008,0.0,8.78215904496414,3.94551869427362,11.1592066903581,99.5,99.6,0.1,1.93206562313591,5244046.0,0.0,0.0,10000.0
Turkmenistan,2009,0.0,8.78215904496414,3.94601536399038,11.3740961419786,99.5,99.7,0.1,1.96888369545097,5345029.0,0.0,0.0,10000.0
Turkmenistan,2010,0.0,8.78215904496414,3.83575106930819,11.6008597025089,99.6,99.7,0.1,2.03109653194363,5451592.0,0.0,0.0,10000.0
Turkmenistan,2011,0.0,8.78215904496414,3.82031643010661,11.8408188453599,100.0,99.8,0.1,2.09989119199872,5564356.0,0.0,0.0,10000.0
Turkmenistan,2012,0.0,8.78215904496414,3.77508522545911,12.0941778562765,99.7,99.8,0.1,2.16523966141496,5683417.0,0.0,14003.0,10000.0
Turkmenistan,2013,0.0,8.78215904496414,3.83139361181453,12.3604494286383,99.8,99.8,0.0,2.22153803833471,5808546.0,0.0,9490.0,0.0
Turkmenistan,2014,0.0,8.78215904496414,3.96733556061541,12.6387781158896,99.9,99.8,0.1,2.26626673311203,5939341.0,0.0,12994.0,0.0
Turkmenistan,2015,0.0,8.78215904496414,3.56549230736493,12.9280594982231,100.0,99.8,0.1,2.2982806480962,6075283.0,0.0,12994.0,0.0
Turkmenistan,2016,0.0,8.78215904496414,3.6617577085949,13.2270125337816,100.0,99.9,0.1,2.31720215889594,6215770.0,0.0,12994.0,0.0
Turkmenistan,2017,0.0,8.78215904496414,3.85346902730194,13.5340178324431,100.0,99.9,0.1,2.32148105985779,6360041.0,0.0,12994.0,0.0
Turkmenistan,2018,0.0,8.78215904496414,3.85627114676654,13.8468729385228,100.0,99.9,0.1,2.30825458682393,6507061.0,0.0,12994.0,0.0
Turkmenistan,2019,0.0,8.78215904496414,3.54886515012874,14.1627987147022,100.0,99.9,0.1,2.27486044647844,6655524.0,0.0,38418.0,10000.0
Turkmenistan,2020,0.0,8.78215904496414,3.36731002489732,14.4786329878918,99.9,99.9,0.1,2.22054224818463,6803944.0,0.0,38417.0,10000.0
Turkmenistan,2021,0.0,8.78215904496414,3.41710467516439,14.7892494626859,100.0,99.9,0.1,2.1337817684305,6949912.0,0.0,38417.0,10000.0
Turkmenistan,2022,0.0,8.78215904496414,3.39539931479156,15.0917008916222,100.0,99.9,0.1,2.03177741163203,7092043.0,0.0,38419.0,10000.0
Turks and Caicos Islands,2001,0.0,11.0736842105263,1.05263157894737,19.7157894736842,72.7,,0.4,5.12003100553435,18730.0,58.0,231.0,656.0
Turks and Caicos Islands,2002,0.0,11.0736842105263,1.05263157894737,20.6063157894737,66.9,,0.4,5.266476641247,19576.0,58.0,231.0,681.0
Turks and Caicos Islands,2003,0.0,11.0736842105263,1.05263157894737,21.6810526315789,67.5,,0.4,5.87601102522319,20597.0,58.0,231.0,706.0
Turks and Caicos Islands,2004,0.0,11.0736842105263,1.05263157894737,22.8705263157895,68.2,,0.4,6.10362619425525,21727.0,58.0,231.0,733.0
Turks and Caicos Islands,2005,0.0,11.0736842105263,1.05263157894737,24.0589473684211,69.0,,0.4,5.79251764878111,22856.0,58.0,231.0,762.0
Turks and Caicos Islands,2006,0.0,11.0736842105263,1.05263157894737,25.2505263157895,70.0,,0.4,5.52271123705625,23988.0,58.0,231.0,791.0
Turks and Caicos Islands,2007,0.0,11.0736842105263,1.05263157894737,26.4452631578947,71.0,,0.3,5.27410058468948,25123.0,58.0,231.0,829.0
Turks and Caicos Islands,2008,0.0,11.0736842105263,1.05263157894737,27.6526315789474,72.2,,0.3,5.06970484690769,26270.0,58.0,231.0,869.0
Turks and Caicos Islands,2009,0.0,11.0736842105263,1.05263157894737,28.8705263157895,73.5,,0.3,4.86577954306619,27427.0,58.0,231.0,910.0
Turks and Caicos Islands,2010,0.0,11.0736842105263,1.05263157894737,30.0926315789474,100.0,,0.3,4.65163127609071,28588.0,58.0,231.0,954.0
Turks and Caicos Islands,2011,0.0,11.0736842105263,1.05263157894737,31.3042105263158,100.0,,0.3,4.40020029141325,29739.0,58.0,231.0,1000.0
Turks and Caicos Islands,2012,0.0,11.0736842105263,1.05263157894737,32.4694736842105,100.0,,0.4,4.04692143633826,30846.0,0.0,642.0,1027.0
Turks and Caicos Islands,2013,0.0,11.0736842105263,1.05263157894737,33.8178947368421,100.0,,0.4,4.40368876683105,32127.0,0.0,176.0,1056.0
Turks and Caicos Islands,2014,0.0,11.0736842105263,1.05263157894737,35.4242105263158,100.0,,0.4,4.94949127880866,33653.0,0.0,176.0,1085.0
Turks and Caicos Islands,2015,0.0,11.0736842105263,1.05263157894737,36.8947368421053,100.0,,0.4,4.37398641426809,35050.0,0.0,176.0,1115.0
Turks and Caicos Islands,2016,0.0,11.0736842105263,1.05263157894737,38.5315789473684,100.0,,0.4,4.64067445061666,36605.0,0.0,2397.0,1147.0
Turks and Caicos Islands,2017,0.0,11.0736842105263,1.05263157894737,40.3315789473684,100.0,,0.4,4.86343954149131,38315.0,0.0,2383.0,1159.0
Turks and Caicos Islands,2018,0.0,11.0736842105263,1.05263157894737,42.0136842105263,100.0,,0.3,4.3779154093523,39913.0,70.0,1710.0,1172.0
Turks and Caicos Islands,2019,0.0,11.0736842105263,1.05263157894737,43.7463157894737,100.0,,0.4,4.3267627016442,41559.0,0.0,1968.0,1185.0
Turks and Caicos Islands,2020,0.0,11.0736842105263,1.05263157894737,45.4378947368421,100.0,,0.5,4.07503352817129,43166.0,0.0,2962.0,1198.0
Turks and Caicos Islands,2021,0.0,11.0736842105263,1.05263157894737,46.7221052631579,100.0,,0.5,3.06092498183627,44386.0,0.0,1667.0,1212.0
Turks and Caicos Islands,2022,0.0,11.0736842105263,1.05263157894737,47.6242105263158,100.0,,0.8,2.18075688163624,45243.0,0.0,6681.0,1235.0
Tuvalu,2001,0.0,33.3333333333333,,318.133333333333,93.4,6.6,0.0,1.67134809737405,9544.0,,64.0,
Tuvalu,2002,0.0,33.3333333333333,,319.533333333333,93.6,7.8,0.0,1.68915223662912,9586.0,,64.0,
Tuvalu,2003,0.0,33.3333333333333,,320.766666666667,94.0,9.1,0.0,1.79457485391986,9623.0,,64.0,
Tuvalu,2004,0.0,33.3333333333333,,323.166666666667,93.9,10.5,0.0,2.35098161701462,9695.0,,64.0,
Tuvalu,2005,0.0,33.3333333333333,,327.2,94.1,12.3,0.0,3.12124524975142,9816.0,,64.0,
Tuvalu,2006,0.0,33.3333333333333,,331.333333333333,94.2,14.25,0.0,3.3326068640057,9940.0,,64.0,
Tuvalu,2007,0.0,33.3333333333333,,335.2,94.4,16.2,0.0,3.38269017667534,10056.0,,64.0,
Tuvalu,2008,0.0,33.3333333333333,,339.4,94.7,18.15,0.0,3.48130301370754,10182.0,,64.0,
Tuvalu,2009,0.0,33.3333333333333,,344.033333333333,94.7,20.5,0.2,3.58447931952543,10321.0,,64.0,
Tuvalu,2010,0.0,33.3333333333333,,348.7,94.9,22.8,0.2,3.47814138873731,10461.0,,64.0,
Tuvalu,2011,0.0,33.3333333333333,,353.8,95.1,25.2,0.4,3.42970337410023,10614.0,,64.0,
Tuvalu,2012,0.0,33.3333333333333,,359.333333333333,95.2,27.4,0.2,3.33251975843041,10780.0,,64.0,
Tuvalu,2013,0.0,33.3333333333333,,364.466666666667,96.2,29.7,0.3,2.93611043762785,10934.0,,64.0,
Tuvalu,2014,0.0,33.3333333333333,,366.7,95.7,31.8,0.7,1.89481029162518,11001.0,,64.0,
Tuvalu,2015,0.0,33.3333333333333,,366.133333333333,96.0,34.0,0.7,1.00440266853337,10984.0,,64.0,
Tuvalu,2016,0.0,33.3333333333333,,365.433333333333,96.3,35.9,3.0,0.855171191586742,10963.0,0.0,99.0,
Tuvalu,2017,0.0,33.3333333333333,,364.333333333333,93.8,37.4,7.3,0.648150417199611,10930.0,0.0,10.0,
Tuvalu,2018,0.0,33.3333333333333,,362.3,97.0,38.9,7.0,0.2304679517467,10869.0,0.0,16.0,
Tuvalu,2019,0.0,33.3333333333333,,358.366666666667,97.4,39.7,6.4,-0.0767636485073648,10751.0,0.0,294.0,
Tuvalu,2020,0.0,33.3333333333333,,352.7,99.5,40.7,6.3,-0.477254389054174,10581.0,0.0,310.0,
Tuvalu,2021,0.0,33.3333333333333,,346.633333333333,98.4,42.1,5.0,-0.634726180813691,10399.0,0.0,0.0,
Tuvalu,2022,0.0,33.3333333333333,,339.8,99.1,42.8,5.0,-0.889172069999464,10194.0,0.0,572.0,
Uganda,2001,-0.20646113808109945,15.8297882988839,26.525198938992,120.11485911616,1.6,0.3,95.3,5.08851303786041,24000150.0,,,37265320.0
Uganda,2002,-0.2064611380812007,15.6233271608028,27.0256743906711,123.846033732045,2.3,0.3,95.5,5.26714025611309,24745676.0,,,37786016.0
Uganda,2003,-0.20646113808119892,15.4168660227216,28.0266252940293,127.785746459136,2.0,0.3,95.6,5.63255861653801,25532870.0,,,38316824.0
Uganda,2004,-0.2064611380812007,15.2104048846404,29.2778139232271,131.885911616035,4.1,0.3,95.6,6.28530421495584,26352124.0,870.0,923.0,38857952.0
Uganda,2005,-0.20646113808109945,15.0039437465592,29.7782893749062,135.901681597518,4.9,0.3,95.3,7.13576569956508,27154515.0,3911.0,362.0,39480600.0
Uganda,2006,-0.2064611380812007,14.7974826084781,29.7782893749062,139.949396927081,0.7,0.35,94.5,7.9046619953349,27963289.0,3911.0,362.0,40120000.0
Uganda,2007,-0.20646113808119892,14.5910214703969,30.5290025524248,144.106916570742,2.1,0.4,94.2,8.52824032334294,28794003.0,1240.0,46.0,40746297.0
Uganda,2008,-0.2064611380812007,14.3845603323157,31.2797157299434,148.408137730844,7.4,0.4,94.1,8.98787916843253,29653430.0,4111.0,7241.0,41685200.0
Uganda,2009,-0.2064611380812007,14.1780991942345,32.2806666333016,152.842965817527,8.3,0.4,94.1,9.27612330758762,30539553.0,10256.0,640.0,42357800.0
Uganda,2010,-0.2552007930373996,13.9716380561533,33.0313798108203,157.405290025524,1.9,0.4,94.3,9.42249975155462,31451151.0,7349.0,401.0,43029470.0
Uganda,2011,-0.20572511470179933,13.7164372631159,33.6624775583483,161.534021543986,3.5,0.4,93.6,9.46454823390025,32390802.0,1318.0,1950.0,43729358.0
Uganda,2012,-0.2057251147018011,13.5107121484141,34.1611809295831,166.340230400958,4.5,0.4,93.3,9.40457658331693,33354543.0,10302.0,9423.0,45811000.0
Uganda,2013,-0.20572511470169985,13.3049870337123,34.4105326152005,171.241960901656,11.7,0.4,93.4,9.26077647359218,34337438.0,4622.0,8916.0,45975000.0
Uganda,2014,-0.20572511470179933,13.0992619190106,34.4105326152005,176.227019748654,2.8,0.4,93.1,9.05799084106093,35337042.0,1458.0,8916.0,46207000.0
Uganda,2015,-0.20572511470179933,12.8935368043088,34.4105326152005,181.505779972073,11.9,0.4,92.4,9.16295881110634,36395539.0,10713.0,8944.0,46704575.0
Uganda,2016,-0.2057151406343003,12.687811689607,34.4105326152005,187.170586475165,9.0,0.5,91.7,6.26213151601533,37531446.0,10569.0,11.0,47544054.0
Uganda,2017,-0.20571514063439977,12.4820965489727,34.4105326152005,193.49267903451,17.7,0.5,91.4,6.154275977826,38799152.0,12743.0,22.0,48191593.0
Uganda,2018,-0.2057151406343003,12.2763814083383,34.4105326152005,200.365988430082,23.0,0.5,91.3,6.24870216914578,40177388.0,14910.0,48.0,48622521.0
Uganda,2019,-0.20576501097150057,12.070666267704,34.4105326152005,207.290200478755,32.5,0.5,90.5,6.06508171801397,41565831.0,30018.0,179.0,49060965.0
Uganda,2020,-0.20571514063439977,11.8649012567325,34.4105326152005,214.440639337722,31.8,0.6,90.5,5.97104151085438,42999637.0,12895.0,21.0,49507058.0
Uganda,2021,-0.20574855376020018,11.6591861160981,34.4105326152005,221.709315778975,32.8,0.7,91.6,5.82745827664575,44457152.0,12937.0,0.0,49960935.0
Uganda,2022,-0.20572611210850056,11.4534375623379,34.4105326152005,228.959355675244,35.9,0.7,91.0,5.62825572631813,45910930.0,350.0,134.0,50405927.0
Ukraine,2001,0.006559074825300826,16.4149477863122,56.2078191076206,85.5383792180892,98.3,84.6,1.2,-0.958141105497537,49556660.0,704969.0,57757.0,9859330.0
Ukraine,2002,0.00684264001899848,16.4215068611375,56.161215154915,84.7619832570985,98.5,84.7,1.2,-1.10318549832447,49106855.0,1091195.0,111950.0,9889000.0
Ukraine,2003,0.006559188041599384,16.4283495011565,56.1742672696517,84.0219577450202,98.7,85.3,1.0,-0.890078067384368,48677281.0,1763766.0,89098.0,12280100.0
Ukraine,2004,0.006559188041499908,16.4349086891981,56.0637967342148,83.3968584941485,98.8,85.7,1.0,-0.520441318205232,48315136.0,2136815.0,116172.0,13753900.0
Ukraine,2005,0.005423627472300296,16.4414678772396,56.0672489384472,82.81752856699,99.0,85.8,1.2,-0.434282312507023,47979507.0,2977198.0,135537.0,14861800.0
Ukraine,2006,0.007126722297201127,16.4468915047119,56.0115986054058,82.131858193241,99.8,86.1,1.3,-0.50469151974489,47585556.0,2670147.0,170218.0,14606300.0
Ukraine,2007,0.0074113554396006975,16.4540182270091,56.0031759182546,81.6050365921016,99.3,86.6,1.8,-0.32933535033185,47278694.0,2699509.0,173273.0,15848600.0
Ukraine,2008,0.006843565379799799,16.4614295824487,55.9853624013947,81.236597448777,99.6,86.9,2.4,-0.192132560414635,47062798.0,3396444.0,133455.0,16884300.0
Ukraine,2009,0.00655941448589914,16.4682731478285,56.0553752675551,80.8174670303114,99.6,86.95,2.7,-0.277426357374188,46819175.0,3396444.0,133455.0,16884300.0
Ukraine,2010,0.006559414485998616,16.4748325623144,56.0622799143824,80.480099081682,99.8,87.2,3.0,-0.199275607265797,46623731.0,3396444.0,133455.0,14221400.0
Ukraine,2011,0.03763032520890164,16.4813919768004,56.0605537526755,80.190573430919,99.9,87.4,2.9,-0.196719207447298,46456003.0,3670600.0,19041.0,16145600.0
Ukraine,2012,0.03763032520879861,16.5190223020093,56.0985293102258,79.9348425740523,100.0,87.8,2.7,-0.194146912926158,46307853.0,4151865.0,22738.0,17510300.0
Ukraine,2013,0.03763032520890164,16.5566526272181,56.1313263826555,79.7660291376096,99.8,87.7,2.9,-0.0648896265787346,46210056.0,4140300.0,18940.0,17506700.0
Ukraine,2014,0.03849165096679741,16.594282952427,56.5784022647242,79.6222640336947,100.0,87.9,3.5,-0.0229748081893953,46126770.0,4518460.0,14200.0,18021900.0
Ukraine,2015,0.03763227399060298,16.6327746033938,56.569248562896,79.3598715669181,100.0,87.9,3.5,-0.157276650655011,45972380.0,5229900.0,14200.0,18337000.0
Ukraine,2016,0.012083757703397424,16.6704068773844,56.5778798183984,79.0362271055948,100.0,87.9,4.2,-0.259177309860707,45784896.0,5028300.0,14200.0,18337000.0
Ukraine,2017,0.011795572404000865,16.6824906350878,56.5796060694989,78.7461064406429,100.0,88.0,5.5,-0.293318398194282,45616832.0,3888100.0,14200.0,18337000.0
Ukraine,2018,0.009200157713600277,16.6942862074918,56.5734507163818,78.432661833247,100.0,88.1,6.5,-0.320440524062044,45436041.0,1495100.0,9599.0,18915000.0
Ukraine,2019,0.010355540214000314,16.7034863652054,56.7638936831205,78.0271090783569,100.0,87.9,6.9,-0.425399417245174,45208907.0,1046300.0,23211.0,19695700.0
Ukraine,2020,0.010355540214000314,16.7138419054194,56.8243010010356,77.5931273731446,100.0,88.0,7.4,-0.504430684634938,44957458.0,1043030.0,4840.0,17886600.0
Ukraine,2021,0.010355540214000314,16.7241974456334,56.8243010010356,77.1142802899551,100.0,87.8,8.7,-0.574138130818796,44680014.0,166516.0,7520.0,16772700.0
Ukraine,2022,0.010355540214000314,16.7345529858474,56.8243010010356,76.4560579910252,100.0,87.9,8.9,-0.830148716273566,44298640.0,437589.0,52623.0,16667100.0
United Arab Emirates,2001,0.011081385525209875,4.35694170656153,0.844832441565756,49.1914249507181,100.0,100.0,0.1,7.22474680969541,3493575.0,0.0,35300.0,15672.0
United Arab Emirates,2002,0.011081385525200105,4.36802309208674,0.999718389186145,52.4301605181639,100.0,100.0,0.1,6.95453633917395,3723590.0,800.0,35000.0,15925.0
United Arab Emirates,2003,0.011081385525200105,4.37910447761194,1.0560405519572,55.7142495071811,100.0,100.0,0.1,6.72987320666338,3956826.0,800.0,37000.0,16183.0
United Arab Emirates,2004,0.011081385525209875,4.39018586313714,0.901154604336806,59.0320613911574,100.0,100.0,0.1,6.50244253655715,4192457.0,800.0,109900.0,16445.0
United Arab Emirates,2005,0.011081385525200105,4.40126724866235,0.887074063644044,62.3622500704027,100.0,100.0,0.1,6.25677205903748,4428967.0,3084.0,159578.0,16711.0
United Arab Emirates,2006,0.011081385525209875,4.41234863418755,0.957476767107857,65.6827654181921,100.0,100.0,0.1,6.0910302496929,4664790.0,3084.0,159578.0,16981.0
United Arab Emirates,2007,0.011081385525200105,4.42343001971276,0.712475359053788,70.5308363841172,100.0,100.0,0.1,7.54208266572102,5009100.0,3084.0,159578.0,17181.0
United Arab Emirates,2008,0.011081385525209875,4.43451140523796,0.627992114897212,79.1979019994368,100.0,100.0,0.1,11.8315899247186,5624635.0,3084.0,280488.0,17382.0
United Arab Emirates,2009,0.011081385525200105,4.44559279076317,0.72655589974655,88.7449169248099,100.0,100.0,0.1,11.6317928708509,6302664.0,4690.0,311854.0,17586.0
United Arab Emirates,2010,0.011081385525200105,4.45667417628837,0.702618980568854,94.439003097719,100.0,100.0,0.1,6.46474974604993,6707058.0,6340.0,123417.0,17793.0
United Arab Emirates,2011,0.0,4.46775556181357,0.712475359053788,96.7310335116868,100.0,100.0,0.1,2.63965830603282,6869838.0,14228.0,177784.0,18002.0
United Arab Emirates,2012,0.0,4.46775556181357,0.635032385243593,100.035736412278,100.0,100.0,0.1,3.5966196748183,7104538.0,12492.0,157674.0,18144.0
United Arab Emirates,2013,0.0,4.46775556181357,0.522388059701493,104.075584342439,100.0,100.0,0.1,4.19183969536165,7391448.0,15134.0,156120.0,18287.0
United Arab Emirates,2014,0.0,4.46775556181357,0.528020275978598,108.322036046184,100.0,100.0,0.1,4.22747498230438,7693031.0,15794.0,172058.0,18432.0
United Arab Emirates,2015,0.0,4.46775556181357,0.619543790481555,113.481272880879,100.0,100.0,0.1,4.87668142403339,8059440.0,31835.0,130796.0,18578.0
United Arab Emirates,2016,0.0,4.46775556181357,0.620951844550831,119.75833568009,100.0,100.0,0.1,5.60289742796394,8505237.0,10347.0,141327.0,18724.0
United Arab Emirates,2017,0.0,4.46775556181357,0.626584060827936,125.8109687412,100.0,100.0,0.1,5.14482180041568,8935095.0,8239.0,163850.0,18765.0
United Arab Emirates,2018,0.0,4.46775556181357,0.626584060827936,129.867994931005,100.0,100.0,0.2,3.38335539098649,9223225.0,21131.0,72873.0,18806.0
United Arab Emirates,2019,0.0,4.46775556181357,0.595606871303858,131.606603773585,100.0,100.0,0.3,1.53452882748354,9346701.0,14574.0,153708.0,18847.0
United Arab Emirates,2020,0.0,4.46775556181357,0.702618980568854,133.001760067587,100.0,100.0,0.7,1.25423845353851,9445785.0,11755.0,56512.0,18888.0
United Arab Emirates,2021,0.0,4.46775556181357,0.689946493945367,132.371698113208,100.0,100.0,0.9,-0.280169766220414,9401038.0,17625.0,69366.0,18929.0
United Arab Emirates,2022,0.0,4.46775556181357,0.708251196845959,134.823317375387,100.0,100.0,1.0,2.02470774513955,9575152.0,13373.0,76052.0,18969.0
United Kingdom,2001,0.04340098375569923,12.2101434299177,24.2880171950564,243.427908899268,100.0,100.0,1.0,0.610158698892371,58892514.0,270400.0,258900.0,7785000.0
United Kingdom,2002,0.04340098375560153,12.2535444136734,23.3579961145786,244.366854048692,100.0,100.0,0.8,0.584828554947195,59119673.0,190288.0,357301.0,7898000.0
United Kingdom,2003,0.043400983755599754,12.296945397429,23.9160087628653,245.40354234696,100.0,100.0,1.0,0.586705379663413,59370479.0,157169.0,490420.0,7771000.0
United Kingdom,2004,0.04340098375569923,12.3403463811846,23.3910635307734,246.548906708552,100.0,100.0,0.9,0.613511072598202,59647577.0,439641.0,703461.0,8046000.0
United Kingdom,2005,0.043400983755599754,12.3837473649403,24.0524118546687,247.955627660894,100.0,100.0,1.1,0.704917189320298,59987905.0,757694.0,631905.0,8291000.0
United Kingdom,2006,0.043400983755599754,12.4271483486959,23.6804034224776,249.663977183483,100.0,100.0,1.4,0.815060119138735,60401206.0,895478.0,661661.0,8519000.0
United Kingdom,2007,0.043400983755701006,12.4705493324515,25.1891042863638,251.50589013351,100.0,100.0,1.6,0.860324502564589,60846820.0,789604.0,419379.0,8424000.0
United Kingdom,2008,0.043400983755599754,12.5139503162072,25.1519034431447,253.471925763651,100.0,100.0,1.8,0.905092832933231,61322463.0,922902.0,682743.0,9021000.0
United Kingdom,2009,0.043400983755599754,12.5573512999628,24.821229281197,255.474703426611,100.0,100.0,2.4,0.918919312636611,61806995.0,832525.0,507313.0,8416460.0
United Kingdom,2010,0.043400983755701006,12.6007522837184,25.0031000702683,257.414417393461,100.0,100.0,3.0,0.898017639610317,62276270.0,409941.0,308615.0,8623629.0
United Kingdom,2011,0.07936179886739936,12.6441532674741,24.6765593353449,259.440189310958,100.0,100.0,3.2,0.939508385587818,62766365.0,621761.0,344683.0,9718263.0
United Kingdom,2012,0.07936179886739936,12.7235150663415,25.0568346215848,261.475674781962,100.0,100.0,4.0,0.955196984295187,63258810.0,724464.0,308668.0,10020468.0
United Kingdom,2013,0.07936179886750061,12.8028768652089,25.6768486752366,263.344769148101,100.0,100.0,4.2,0.902643792088861,63711000.0,1023054.0,289550.0,10119547.0
United Kingdom,2014,0.07936179886739936,12.8822386640764,25.8975736783367,265.113875914521,100.0,100.0,5.2,0.874529228587881,64139000.0,1016348.0,475829.0,10820680.0
United Kingdom,2015,0.07936179886750061,12.9616004629438,25.7657173562601,267.102054313231,100.0,100.0,6.6,0.965659929680164,64620000.0,709044.0,545214.0,11184042.0
United Kingdom,2016,0.01653370809740018,13.0409622618113,24.8460298433431,269.036498160625,100.0,100.0,7.7,0.952631258647078,65088000.0,850135.0,533819.0,10550048.0
United Kingdom,2017,0.020667135121700042,13.0574959699087,24.9080746496921,271.18174678626,100.0,100.0,7.7,1.03666656488559,65607000.0,731840.0,643403.0,10753684.0
United Kingdom,2018,0.03720084321910022,13.0781631050304,25.1431380977969,272.665647088001,100.0,100.0,8.8,0.798556090757597,65966000.0,387246.0,518703.0,10921011.0
United Kingdom,2019,0.03720084321910022,13.1153639482495,24.9567536064151,274.000744016864,100.0,100.0,10.2,0.750672419193121,66289000.0,318985.0,753204.0,11150491.0
United Kingdom,2020,0.03306741619479858,13.1525647914686,25.1543768858761,275.414376059191,100.0,100.0,11.4,0.785164433740315,66631000.0,277354.0,1462021.0,10782981.0
United Kingdom,2021,0.03582317199190044,13.1856322076634,24.7117025585913,275.881453312942,100.0,100.0,13.6,0.447347439874678,66744000.0,170229.0,1150828.0,10450317.0
United Kingdom,2022,0.03403174471950088,13.2214553796553,24.8410870913074,276.873475798785,100.0,100.0,12.2,0.4658072904809,66984000.0,184659.0,763759.0,10899278.0
United States,2001,0.05658202647479982,33.1301735880689,19.1528849848067,30.7973013298523,100.0,100.0,5.4,1.4443639032964,282162411.0,12156600.0,2571000.0,466549000.0
United States,2002,0.05658202647479982,33.1867556145437,19.151313261849,31.1036283879362,100.0,100.0,4.7,1.28590084492375,284968955.0,11610198.0,2562246.0,449114000.0
United States,2003,0.05658202647479982,33.2433376410185,18.8799945862876,31.3935499327652,100.0,100.0,4.8,1.22679002674936,287625193.0,11298498.0,2851699.0,448000000.0
United States,2004,0.05658202647479982,33.2999196674933,18.6342900833013,31.6645346171981,100.0,100.0,5.3,1.14974831150741,290107933.0,10442146.0,2720658.0,448513255.0
United States,2005,0.05658202647479982,33.3565016939681,18.3928163529042,31.9589450682826,100.0,100.0,5.5,1.19932029456479,292805298.0,10515348.0,2587816.0,461739180.0
United States,2006,0.05658202647479982,33.4130837204429,18.1487285416157,32.2548765979183,100.0,100.0,5.8,1.1714934968182,295516599.0,9937704.0,3753855.0,467347350.0
United States,2007,0.05658202647479982,33.4696657469177,17.9130815374943,32.5673998463204,100.0,100.0,6.4,1.18241590005963,298379912.0,9772701.0,3091528.0,457048000.0
United States,2008,0.10981572866599976,33.5262477733925,17.6588154011386,32.8786113609374,100.0,100.0,6.3,1.13007654717056,301231207.0,10064967.0,2354438.0,425128760.0
United States,2009,0.056671717271100874,33.6360635020585,17.5380978571007,33.2436868537795,100.0,100.0,6.8,1.07823824914161,304093966.0,10420066.0,1551587.0,380508844.0
United States,2010,0.056671717271100874,33.6927352193296,17.3860510613922,33.5363992251367,100.0,100.0,7.3,0.954849287571703,306771529.0,9849584.0,801053.0,332527676.0
United States,2011,0.030063121623399525,33.7494069366007,17.2358768155392,33.8213646033526,100.0,100.0,7.4,0.864392511989343,309378227.0,11839907.0,899969.0,376571676.0
United States,2012,0.03006312162330005,33.7794700582241,17.0864234286826,34.0904277927547,100.0,100.0,8.4,0.787414238049866,311839461.0,14320972.0,1064113.0,395140676.0
United States,2013,0.030063121623399525,33.8095331798474,16.9341433431503,34.3636893244215,100.0,100.0,8.5,0.783503603106941,314339099.0,12769700.0,1279026.0,387512000.0
United States,2014,0.030063121623399525,33.8395963014708,16.9903285735213,34.6246572257533,100.0,100.0,8.9,0.728223178197271,316726282.0,15128067.0,1066460.0,396817843.0
United States,2015,0.03006312162330005,33.8696594230942,17.0496535963146,34.9013776562134,100.0,100.0,9.0,0.750556344326545,319257560.0,14294222.0,1061546.0,398692751.0
United States,2016,0.0,33.8997225447175,17.103561900514,35.1809713558577,100.0,100.0,8.9,0.731619330427075,321815121.0,11931500.0,1341350.0,399023412.0
United States,2017,-0.032796132679997925,33.8997225447175,17.154019176992,35.4584505795077,100.0,100.0,9.3,0.694814117563349,324353340.0,12335590.0,1393364.0,436632000.0
United States,2018,0.0,33.8669264120375,17.2100806566223,35.7049975840182,100.0,100.0,9.7,0.573829589091971,326608609.0,12526601.0,1199212.0,440785378.0
United States,2019,0.0,33.8669264120375,17.0873260438462,35.9149986553586,100.0,100.0,9.9,0.435313708393269,328529577.0,12635232.0,1943030.0,464118154.0
United States,2020,0.0,33.8669264120375,16.9548167680067,36.1004771837305,100.0,100.0,10.2,0.328117138669072,330226227.0,7957283.0,1032084.0,459122600.0
United States,2021,0.0,33.8669264120375,16.8248090718476,36.248222996211,100.0,100.0,11.0,0.242275902012485,331577720.0,7355169.0,1422285.0,429237511.0
United States,2022,0.0,33.8669264120375,16.6944952784501,36.3052926398919,100.0,100.0,10.9,0.16984763362711,332099760.0,9429098.0,898026.0,453446000.0
Uruguay,2001,0.20700491372415097,7.82196320420523,7.84481773511599,18.6619014969718,78.1,100.0,38.7,0.479395975223141,3266206.0,839630.0,2400.0,2934000.0
Uruguay,2002,0.2070049137241483,8.02896811792938,7.86767226602674,18.707867672266,80.3,100.0,41.6,0.354351518608265,3274251.0,917000.0,2100.0,2985000.0
Uruguay,2003,0.2070049137241412,8.23597303165353,7.89052679693749,18.734241800937,80.9,100.0,43.2,0.264133657645678,3278867.0,1097000.0,1000.0,3439000.0
Uruguay,2004,0.20700491372415009,8.44297794537767,7.91338132784825,18.7474917152325,81.6,100.0,43.8,0.220771591166144,3281186.0,1372773.0,2000.0,3739000.0
Uruguay,2005,0.20700491372413943,8.64998285910182,7.936235858759,18.7587018626443,82.2,100.0,39.3,0.250515837580007,3283148.0,1614042.0,2000.0,5084000.0
Uruguay,2006,0.20700491372415009,8.85698777282596,7.95337675694206,18.773688721289,82.8,100.0,41.3,0.384764813562929,3285771.0,1775000.0,8000.0,5702000.0
Uruguay,2007,0.20700491372413943,9.06399268655011,7.97623128785282,18.7950291395269,86.6,100.0,37.6,0.550606917045368,3289506.0,1995000.0,8000.0,6365000.0
Uruguay,2008,0.20700491372415009,9.27099760027425,8.43332190606788,18.8272940235402,88.2,100.0,43.2,0.68466729750515,3295153.0,1873000.0,7000.0,7173000.0
Uruguay,2009,0.20700491372415009,9.4780025139984,10.4330933607588,18.8674265798194,88.0,100.0,44.1,0.748727802729695,3302177.0,537000.0,6000.0,9454000.0
Uruguay,2010,0.2070049137241412,9.68500742772255,12.5414238372757,18.9126442692264,92.6,100.0,44.6,0.745221872731879,3310091.0,263000.0,5000.0,8390000.0
Uruguay,2011,0.2156324991429095,9.89201234144669,11.6158153353902,18.9611472974517,94.2,100.0,53.3,0.680631344514392,3318580.0,471000.0,5000.0,11832000.0
Uruguay,2012,0.2156324991430001,10.1076448405896,13.4384641755228,19.0082561992915,94.6,100.0,49.7,0.534326370435143,3326825.0,364000.0,9000.0,10430000.0
Uruguay,2013,0.2156324991430001,10.3232773397326,12.3414466918067,19.0572563135642,100.0,100.0,47.9,0.423244517665497,3335401.0,129677.0,7397.0,9138000.0
Uruguay,2014,0.21563249914289884,10.5389098388756,13.1853502456862,19.1140269683465,100.0,100.0,51.9,0.428013742277378,3345337.0,149739.0,7415.0,10174000.0
Uruguay,2015,0.2156324991430001,10.7545423380185,13.9189806879214,19.1768597874529,100.0,100.0,56.7,0.43911318221981,3356334.0,158000.0,2476.0,12521458.0
Uruguay,2016,0.15426808364760092,10.9701748371615,13.8761284424637,19.2436121586104,100.0,100.0,59.4,0.442439754144479,3368017.0,123888.0,4354.0,13851826.0
Uruguay,2017,0.11998628728139948,11.1244429208091,12.7202605416524,19.3079819449206,100.0,100.0,60.3,0.416486331904323,3379283.0,137039.0,6559.0,14082691.0
Uruguay,2018,0.11998628728150074,11.2444292080905,12.4780025139984,19.3602902525426,100.0,100.0,60.8,0.344403692816463,3388438.0,888939.0,9767.0,15895768.0
Uruguay,2019,0.11998628728139948,11.364415495372,12.2945949034396,19.3951205576506,100.0,100.0,60.8,0.248422878529212,3394534.0,2378526.0,13197.0,16987261.0
Uruguay,2020,0.11998628728150074,11.4844017826534,11.9317792252314,19.4103873842989,100.0,100.0,59.3,0.135002357558378,3397206.0,1499583.0,10127.0,16033884.0
Uruguay,2021,0.11998628728139948,11.6043880699349,11.5666780939321,19.4204548051651,100.0,100.0,61.2,0.106174663113162,3398968.0,1716472.0,5839.0,17975031.0
Uruguay,2022,0.11998628728149896,11.7243743572163,11.6043880699349,19.4074677179751,100.0,100.0,57.8,-0.0145264045414992,3396695.0,3319263.0,6151.0,18079178.0
Uzbekistan,2001,0.08988237484339034,6.7928870436847,10.2760542704116,56.8556053811659,99.4,71.5,0.7,3.05905419336131,24787054.0,1160.0,67623.0,28900.0
Uzbekistan,2002,0.08904088219844031,6.88276941852809,10.2796212988431,57.5582699220712,99.4,71.6,0.8,2.9153362677705,25090283.0,420.0,54658.0,33000.0
Uzbekistan,2003,0.08959165441218975,6.97181030072653,10.2865034376283,58.2687291671924,99.5,72.3,1.0,2.79670582532881,25399980.0,416.0,56945.0,32100.0
Uzbekistan,2004,0.08944156320346952,7.06140195513872,10.1978310394905,58.9874184689718,99.3,72.3,1.4,2.62761293901122,25711259.0,1902.0,205057.0,28000.0
Uzbekistan,2005,0.08911917515946044,7.15084351834219,10.1089128674117,59.7204791523748,99.2,73.0,1.0,2.44909817089643,26029350.0,1902.0,259501.0,26700.0
Uzbekistan,2006,0.08903673290651959,7.23996269350165,10.0195251107608,60.4727210570633,99.2,73.1,1.6,2.25128950418496,26356975.0,2313.0,299197.0,29000.0
Uzbekistan,2007,0.08677340011757018,7.32899942640817,9.93002179648962,61.2574119536538,99.2,73.3,0.8,2.04187425149311,26699043.0,4205.0,312935.0,31000.0
Uzbekistan,2008,0.08931861388145013,7.41577282652574,9.83751697309993,62.1032147968733,99.2,73.4,0.9,1.87661215219405,27076008.0,4124.0,444238.0,32000.0
Uzbekistan,2009,0.08941268281936043,7.50509144040719,9.74844426298321,63.0661816146635,99.2,73.3,0.8,1.70030411874163,27494774.0,4124.0,480357.0,30000.0
Uzbekistan,2010,0.08996817725154926,7.59450412322655,9.65947539253805,64.0891121586439,99.2,73.8,1.2,1.24833928737432,27939328.0,4124.0,305298.0,30000.0
Uzbekistan,2011,0.09315505462471041,7.6844723004781,9.57117818175144,65.1205023262643,99.2,73.5,1.3,1.04357118908823,28385506.0,4124.0,274381.0,30000.0
Uzbekistan,2012,0.09185405838961991,7.77762735510281,9.48351227257812,66.1372206631804,99.3,73.9,0.9,1.54456497984643,28823196.0,2197.0,309936.0,32000.0
Uzbekistan,2013,0.0918943899353799,7.86948141349243,9.39421753097751,67.1452569986232,99.4,73.4,1.3,1.5036175807704,29261903.0,1503.0,253494.0,36000.0
Uzbekistan,2014,0.09169575184320067,7.96137580342781,9.30496180491017,68.207469669955,99.6,73.75,1.2,1.16053028853496,29724065.0,54.0,287866.0,36000.0
Uzbekistan,2015,0.0027613997902697918,8.05307155527101,9.27972023157996,69.3523563008704,99.7,73.6,1.4,1.19246201687132,30222994.0,54.0,287866.0,36000.0
Uzbekistan,2016,0.08391570072151922,8.05583295506128,9.17158420335906,69.7897094870631,99.8,73.6,1.7,1.27921460824022,30749346.0,553.0,282798.0,34000.0
Uzbekistan,2017,0.058695241917551044,8.1397486557828,9.15883438381628,71.0059170523229,99.9,73.1,1.6,1.72065539789091,31284568.0,421.0,213922.0,34000.0
Uzbekistan,2018,0.058676716389490124,8.19844389770035,9.1386964692638,72.2198017195203,99.9,73.4,1.7,1.73689721012727,31819178.0,363.0,218025.0,34000.0
Uzbekistan,2019,0.059253050946308505,8.25712061408984,9.12373719605889,73.4780871882284,100.0,73.1,1.5,1.53500705122047,32373490.0,446.0,260037.0,34000.0
Uzbekistan,2020,0.056847712474340284,8.31637366503615,9.15549704350195,74.8253929702307,100.0,72.4,1.6,1.83052681601385,32964701.0,6.0,267995.0,20100.0
Uzbekistan,2021,0.05858323972802104,8.37322137751049,9.12969476909111,76.2200658118688,100.0,71.8,1.0,2.21367285811154,33586372.0,10.0,294782.0,23700.0
Uzbekistan,2022,0.058659513186409384,8.43180461723851,9.11397403399046,77.7112512566577,99.8,71.5,1.0,2.25278286044501,34243696.0,199.0,259526.0,17465.0
Vanuatu,2001,0.0,36.2838392124692,1.64068908941756,15.2814602132896,6.8,2.5,49.5,3.64236470095908,186281.0,752.0,64.0,131000.0
Vanuatu,2002,0.0,36.2838392124692,1.64068908941756,15.6711238720263,8.6,2.7,51.3,3.78917953577526,191031.0,752.0,64.0,119000.0
Vanuatu,2003,0.0,36.2838392124692,1.64068908941756,16.0675143560295,10.4,2.8,53.3,3.70833613500101,195863.0,1746.0,0.0,119000.0
Vanuatu,2004,0.0,36.2838392124692,1.64068908941756,16.4680885972108,12.3,2.9,52.7,3.64004964375199,200746.0,20526.0,140.0,119000.0
Vanuatu,2005,0.0,36.2838392124692,1.64068908941756,16.8753896636587,14.1,3.1,55.4,3.614903896625,205711.0,4935.0,1551.0,119000.0
Vanuatu,2006,0.0,36.2838392124692,1.64068908941756,17.2895816242822,16.0,3.2,54.9,3.6188124740088,210760.0,4950.0,1361.0,119000.0
Vanuatu,2007,0.0,36.2838392124692,1.64068908941756,17.7131255127153,9.2,3.3,55.3,3.65959938592122,215923.0,689.0,1433.0,119000.0
Vanuatu,2008,0.0,36.2838392124692,1.64068908941756,18.1522559474979,17.8,3.4,51.6,3.75664923130978,221276.0,1028.0,123.0,119000.0
Vanuatu,2009,0.0,36.2838392124692,1.64068908941756,18.6132895816243,21.7,3.5,52.1,3.90836857777968,226896.0,692.0,142.0,119000.0
Vanuatu,2010,0.0,36.2838392124692,1.64068908941756,19.0919606234619,17.6,3.5,38.7,4.02353640761792,232731.0,851.0,131.0,119000.0
Vanuatu,2011,0.0,36.2838392124692,1.64068908941756,19.5445447087777,31.7,3.7,38.1,4.2060412799186,238248.0,700.0,2.0,129000.0
Vanuatu,2012,0.0,36.2838392124692,1.64068908941756,19.9732567678425,27.9,3.8,35.8,2.34551436667443,243474.0,3028.0,771.0,129000.0
Vanuatu,2013,0.0,36.2838392124692,1.64068908941756,20.4169811320755,30.0,4.0,39.0,2.32738135103806,248883.0,4872.0,0.0,129000.0
Vanuatu,2014,0.0,36.2838392124692,1.64068908941756,20.8762920426579,13.8,4.25,40.9,2.31399942756522,254482.0,7150.0,14.0,129000.0
Vanuatu,2015,0.0,36.2838392124692,1.64068908941756,21.3486464315012,36.2,4.4,31.5,2.2956801058664,260240.0,2201.0,56.0,129000.0
Vanuatu,2016,0.0,36.2838392124692,1.64068908941756,21.829450369155,39.9,4.8,35.6,2.2577634892911,266101.0,1404.0,0.0,129000.0
Vanuatu,2017,0.0,36.2838392124692,1.64068908941756,22.3205086136177,46.6,5.0,33.1,2.23599917644853,272087.0,6322.0,25.0,129000.0
Vanuatu,2018,0.0,36.2838392124692,1.64068908941756,22.8471698113208,53.0,5.4,35.7,1.92500839157296,278507.0,8432.0,702.0,129000.0
Vanuatu,2019,0.0,36.2838392124692,1.64068908941756,23.4010664479081,50.9,5.8,29.7,0.390704632684087,285259.0,1575.0,150.0,129000.0
Vanuatu,2020,0.0,36.2838392124692,1.64068908941756,23.9528301886792,54.3,6.3,31.6,-0.895084494796701,291985.0,1170.0,4.0,129000.0
Vanuatu,2021,0.0,36.2838392124692,1.64068908941756,24.5166529942576,57.5,6.85,26.0,-2.39497083835586,298858.0,35.0,89.0,129000.0
Vanuatu,2022,0.0,36.2838392124692,1.64068908941756,25.0917145200984,60.7,7.6,24.6,1.56382762826172,305868.0,1198.0,9.0,129000.0
"Venezuela, RB",2001,-0.18661073635279735,55.7235984354628,2.94201009013094,27.8064826257015,91.9,78.1,15.3,2.17598248491815,24526708.0,4900.0,300.0,4707654.0
"Venezuela, RB",2002,-0.18661073635279735,55.53698769911,2.9454112578652,28.3203015702058,99.2,77.35,14.0,2.00459289427043,24979922.0,5600.0,300.0,4620299.0
"Venezuela, RB",2003,-0.18661073635280445,55.3503769627572,2.9454112578652,28.8369945014455,99.8,77.5,12.8,1.90145106095909,25435671.0,4018.0,0.0,5107911.0
"Venezuela, RB",2004,-0.18661073635279735,55.1637662264044,2.94767870302137,29.3551419987529,67.3,77.2,13.4,1.85645895934157,25892703.0,12583.0,0.0,4802503.0
"Venezuela, RB",2005,-0.18661073635279735,54.9771554900516,3.00436483192563,29.8632027662831,95.6,77.4,14.6,1.78513360380693,26340838.0,19963.0,0.0,5319092.0
"Venezuela, RB",2006,-0.18661073635280445,54.7905447536988,3.01003344481605,30.3676707669633,93.0,77.2,14.2,1.73735351585254,26785804.0,6260.0,0.0,5285693.0
"Venezuela, RB",2007,-0.18661073635289682,54.603934017346,3.01003344481605,30.8652411994785,97.2,78.1,15.6,1.67980635170462,27224686.0,940.0,0.0,5556521.0
"Venezuela, RB",2008,-0.18661073635280445,54.4173232809931,3.01456833512839,31.346707102772,93.1,78.1,16.6,1.59424645942576,27649363.0,0.0,0.0,6061100.0
"Venezuela, RB",2009,-0.18661073635279735,54.2307125446403,3.06105096082988,31.8051085539369,93.2,78.7,16.4,1.48933968700352,28053696.0,5.0,232.0,6262500.0
"Venezuela, RB",2010,-0.18661073635279735,54.0441018082875,2.94767870302137,32.2411405249136,93.3,79.0,16.2,1.38978108798722,28438298.0,0.0,461.0,6358625.0
"Venezuela, RB",2011,-0.18638399183720367,53.8574910719347,2.94767870302137,32.6660631483476,93.4,79.7,13.8,1.32745204152664,28813101.0,88.0,489.0,5904562.0
"Venezuela, RB",2012,-0.18638399183719656,53.6711070800975,2.94767870302137,33.0879337906014,90.8,80.0,14.8,1.28915206299406,29185212.0,1.0,274.0,5830388.0
"Venezuela, RB",2013,-0.18638399183720367,53.4847230882603,2.94767870302137,33.5058398049997,94.1,80.5,13.8,1.29142384217913,29553826.0,0.0,4426.0,5420793.0
"Venezuela, RB",2014,-0.18638399183719656,53.2983390964231,2.94767870302137,33.9121342327532,94.7,80.9,15.4,1.24863564842799,29912198.0,102.0,7238.0,5517782.0
"Venezuela, RB",2015,-0.18638399183720367,53.1119551045859,2.94767870302137,34.2997324414716,100.0,81.2,12.1,1.17888524729233,30254079.0,0.0,6407.0,5514360.0
"Venezuela, RB",2016,-0.15842639306159612,52.9255711127487,2.94767870302137,34.662402358143,100.0,81.9,15.4,1.09407053870059,30573972.0,0.0,40.0,5551531.0
"Venezuela, RB",2017,-0.13046879428600278,52.7671447196871,2.94767870302137,34.8797913950456,94.9,82.2,14.6,0.667307730836811,30765720.0,0.0,0.0,5574437.0
"Venezuela, RB",2018,-0.1025111955105018,52.6366759254011,2.94767870302137,34.6525967915651,93.2,82.5,14.3,-0.61155561314555,30565323.0,1027.0,283.0,5597702.0
"Venezuela, RB",2019,-0.07455359673490136,52.5341647298906,2.94767870302137,33.7935400487501,99.0,82.7,14.6,-2.46853556898518,29807592.0,8670.0,68.0,5621326.0
"Venezuela, RB",2020,-0.04659599795929381,52.4596111331557,2.94767870302137,32.8077750694405,98.7,83.1,15.8,-2.91882846055459,28938098.0,14065.0,165.0,5645310.0
"Venezuela, RB",2021,-0.06523439714300139,52.4130151351964,2.94767870302137,32.2476923076923,99.3,83.4,31.2,-1.68050569212668,28444077.0,4748.0,409.0,5669652.0
"Venezuela, RB",2022,-0.052808797687198705,52.3477807380534,2.94767870302137,32.0138608922397,99.9,83.2,33.7,-0.686543169918842,28237826.0,27800.0,1.0,5694226.0
"Yemen, Rep.",2001,0.0,1.03983180862549,2.9263026308313,37.1690455897115,34.0,40.9,0.9,5.05264781965825,19624141.0,0.0,600.0,301896.0
"Yemen, Rep.",2002,0.0,1.03983180862549,2.7766729170218,38.3092732541622,35.1,41.7,0.9,4.87558887262579,20226147.0,0.0,0.0,313823.0
"Yemen, Rep.",2003,0.0,1.03983180862549,2.68007651949921,39.4626323465348,36.3,42.5,0.9,4.70142417707306,20835086.0,0.0,0.0,326262.0
"Yemen, Rep.",2004,0.0,1.03983180862549,2.37134685682899,40.6393904956721,37.4,43.0,0.8,4.55674995004702,21456379.0,0.0,0.0,339236.0
"Yemen, Rep.",2005,0.0,1.03983180862549,2.509612288577,41.8492849972536,32.9,43.5,0.8,4.43144224937652,22095167.0,0.0,10236.0,352768.0
"Yemen, Rep.",2006,0.0,1.03983180862549,2.43763850218762,43.1654923575203,40.1,43.8,0.7,4.49881062677343,22790085.0,0.0,10236.0,366885.0
"Yemen, Rep.",2007,0.0,1.03983180862549,2.6024205920791,44.5917059681421,39.4,44.25,0.8,4.57815392807586,23543083.0,0.0,10236.0,380530.0
"Yemen, Rep.",2008,0.0,1.03983180862549,2.58537416898687,46.0595905070364,42.1,44.3,0.8,4.50041020014542,24318082.0,0.0,10236.0,394700.0
"Yemen, Rep.",2009,0.0,1.03983180862549,2.35808852775726,47.5631967725439,43.4,44.7,0.7,4.40586141469149,25111941.0,0.0,11236.0,409500.0
"Yemen, Rep.",2010,0.0,1.03983180862549,2.217929048999,49.1083281247041,44.7,44.1,0.7,4.3202151518606,25927724.0,9.0,2373.0,424823.0
"Yemen, Rep.",2011,0.0,1.03983180862549,2.44521469022861,50.6740667083357,42.5,43.9,0.8,4.18946288013571,26754387.0,0.0,1362.0,440785.0
"Yemen, Rep.",2012,0.0,1.03983180862549,2.19898857889653,52.2433035967953,44.0,43.7,0.9,4.02609339921662,27582897.0,13.0,1572.0,456134.0
"Yemen, Rep.",2013,0.0,1.03983180862549,2.28043260033714,53.8546640907627,29.4,43.0,1.1,3.93732776571737,28433647.0,1.0,75.0,472047.0
"Yemen, Rep.",2014,0.0,1.03983180862549,2.2747504593064,55.5201090971078,64.0,41.9,0.8,3.8103581508055,29312952.0,50.0,1199.0,488545.0
"Yemen, Rep.",2015,0.0,1.03983180862549,2.1849726310207,57.2500501922458,50.6,40.9,0.8,4.39492402913764,30226309.0,0.0,1635.0,505651.0
"Yemen, Rep.",2016,0.0,1.03983180862549,2.15466787885675,59.0173286360967,53.7,39.5,2.0,4.67669791308374,31159379.0,70.0,1298.0,523387.0
"Yemen, Rep.",2017,0.0,1.03983180862549,2.07549671382844,60.8159743924844,55.6,37.8,2.6,4.72512277862931,32109010.0,0.0,535.0,539699.0
"Yemen, Rep.",2018,0.0,1.03983180862549,2.20277667291702,62.6757599863629,71.4,36.4,3.0,4.83904918680246,33090921.0,0.0,271.0,559018.0
"Yemen, Rep.",2019,0.0,1.03983180862549,2.21035286095801,64.5589370608179,,34.6,2.9,4.8843592705626,34085182.0,0.0,279.0,576554.0
"Yemen, Rep.",2020,0.0,1.03983180862549,2.19330643786579,66.5026573479554,60.7,32.7,3.0,4.98080932762029,35111408.0,0.0,2052.0,594535.0
"Yemen, Rep.",2021,0.0,1.03983180862549,2.19330643786579,68.4411292308275,62.1,30.8,3.5,5.12739938506347,36134863.0,0.0,1729.0,613111.0
"Yemen, Rep.",2022,0.0,1.03983180862549,2.19330643786579,70.3453415913783,63.4,29.0,3.7,3.76954642067347,37140230.0,0.0,5009.0,632199.0
Zambia,2001,-0.048157763757899374,63.2965199962335,3.82571732199788,13.475606343911,2.1,1.4,90.0,1.98184385161573,10017631.0,773.0,132.0,17577000.0
Zambia,2002,-0.04815776375799885,63.2483622324756,3.66160427232005,13.8893245806373,5.8,1.5,89.8,3.05488942781847,10325185.0,600.0,1216.0,17719700.0
Zambia,2003,-0.048157763757899374,63.2002044687176,3.47327782187008,14.3235031410162,2.2,1.6,89.6,3.59498474839254,10647949.0,600.0,1216.0,18318400.0
Zambia,2004,-0.048157763757899374,63.1520467049597,3.86607298995144,14.7750104252142,1.9,1.7,89.3,3.97375119821,10983595.0,600.0,1216.0,18929800.0
Zambia,2005,-0.048157763757899374,63.1038889412018,3.84993072277001,15.2520184559921,4.7,1.9,89.4,4.31898880250062,11338198.0,778.0,439.0,19612500.0
Zambia,2006,-0.048157763758005956,63.0557311774439,3.66833021697897,15.7640256123973,6.7,1.9,88.9,4.63356691720477,11718819.0,778.0,439.0,20225000.0
Zambia,2007,-0.048157763757899374,63.0075734136859,4.05305425146962,16.3165404431052,7.0,2.0,89.7,4.88824832694096,12129553.0,778.0,439.0,21066000.0
Zambia,2008,-0.048157763757899374,62.959415649928,3.96696215983535,16.9024132689436,0.6,2.1,90.7,5.00792941691569,12565085.0,778.0,439.0,21594000.0
Zambia,2009,-0.048157763757899374,62.9112578861701,4.10551661980925,17.5161409219925,7.4,2.2,89.8,5.01296748942977,13021324.0,5296.0,3866.0,22139000.0
Zambia,2010,-0.048157763757899374,62.8631001224122,4.77542070783842,18.1471219682804,7.6,2.2,89.2,4.88461585757125,13490389.0,7999.0,414.0,22700000.0
Zambia,2011,-0.2531376531834013,62.8149423586543,4.5736423680706,18.7863624746096,4.0,2.3,89.2,4.63266848847021,13965594.0,3926.0,628.0,23278000.0
Zambia,2012,-0.2531376531834013,62.5618047054709,4.84268015442769,19.4215633785765,8.1,2.3,87.9,4.35251891315956,14437796.0,988.0,395.0,23874000.0
Zambia,2013,-0.2531376531833942,62.3086670522875,5.11171794078478,20.0616486635548,8.2,2.3,85.4,4.23205158418099,14913629.0,1093.0,629.0,24488000.0
Zambia,2014,-0.2531376531834013,62.0555293991041,4.97719904760624,20.7145603249976,8.4,2.3,85.3,4.17506739839671,15398997.0,1727.0,1575.0,24488000.0
Zambia,2015,-0.2531376531834013,61.8023917459207,4.97719904760624,21.3822018052435,4.2,2.3,84.6,4.12770061741767,15895315.0,75478.0,15235.0,24553000.0
Zambia,2016,-0.25329907585520317,61.5492540927373,4.97719904760624,22.0598730141648,4.7,2.3,84.0,4.05894924629252,16399089.0,215613.0,3130.0,24548000.0
Zambia,2017,-0.25307039373679885,61.2959550168821,4.97719904760624,22.7530946071376,9.9,2.3,84.0,4.01636109626793,16914423.0,301250.0,425.0,24588000.0
Zambia,2018,-0.25317800885130026,61.0428846231453,5.11171794078478,23.4618706197285,14.0,2.3,83.5,3.97347057455809,17441320.0,95541.0,9067.0,25673000.0
Zambia,2019,-0.25319146074069465,60.789706614294,5.11171794078478,24.1778460834824,12.4,2.3,83.8,3.89574458509516,17973569.0,48615.0,10361.0,25725000.0
Zambia,2020,-0.25317800885130026,60.5365151535533,5.11171794078478,24.9046113076582,14.2,2.3,86.1,3.83532154719952,18513839.0,27459.0,28249.0,25725000.0
Zambia,2021,-0.25318702161720097,60.283337144702,5.11171794078478,25.6384872005273,14.0,2.3,85.4,3.76197608004315,19059395.0,12668.0,14145.0,25725000.0
Zambia,2022,-0.253180968267003,60.0301501230848,5.11171794078478,26.3705551594721,14.5,2.3,83.0,3.65740022017216,19603607.0,33000.0,19721.0,25725000.0
Zimbabwe,2001,-0.11909008659690556,47.4757141010728,9.56712343285511,30.74073930464,7.3,5.2,69.5,1.33611142265047,11892055.0,0.0,0.0,9093600.0
Zimbabwe,2002,-0.11909008659689846,47.3566240144759,9.30593253198914,30.947139718237,7.6,5.0,72.3,0.979709622880163,11971901.0,0.0,0.0,9107600.0
Zimbabwe,2003,-0.11909008659679898,47.237533927879,9.43518159493344,31.2463564689156,7.2,4.8,74.7,1.15667809410731,12087653.0,0.0,0.0,9107600.0
Zimbabwe,2004,-0.11909008659689846,47.1184438412822,9.43518159493344,31.6203257076386,8.8,4.6,78.0,1.3037697499499,12232323.0,0.0,0.0,9107600.0
Zimbabwe,2005,-0.11909008659689846,46.9993537546853,9.82292878376632,31.9656094093318,9.8,4.5,81.8,1.17029678831479,12365896.0,4548.0,1091.0,9092600.0
Zimbabwe,2006,-0.11909008659690556,46.8802636680884,10.0814269096549,32.2694377665762,10.7,4.5,80.3,1.00867069668733,12483432.0,4548.0,1091.0,8942200.0
Zimbabwe,2007,-0.11909008659679898,46.7611735814915,10.5984231614321,32.6649735039421,9.4,4.5,78.7,1.26666851060534,12636445.0,4548.0,1091.0,9151336.0
Zimbabwe,2008,-0.11909008659689846,46.6420834948947,10.3399250355435,33.0982499676877,12.7,4.5,78.0,1.35917507370883,12804058.0,4548.0,1091.0,9197800.0
Zimbabwe,2009,-0.11909008659689846,46.5229934082978,10.986170350265,33.4991572961096,13.8,4.5,81.6,1.24577441707486,12959149.0,2533.0,2003.0,9201500.0
Zimbabwe,2010,-0.11909008659690556,46.4039033217009,10.5984231614321,33.9738658394727,19.6,4.6,82.6,1.45651507207656,13142790.0,970.0,296.0,9263876.0
Zimbabwe,2011,-0.11909008659679898,46.284813235104,10.3399250355435,34.5264262634096,15.8,4.8,81.2,1.67758251948591,13356548.0,2237.0,2336.0,9227270.0
Zimbabwe,2012,-0.11909008659689846,46.1657231485072,10.8569212873207,35.1439162466072,14.1,4.8,77.2,1.85901770475087,13595424.0,735.0,492.0,9305939.0
Zimbabwe,2013,-0.11909008659689846,46.0466330619103,10.4786387488691,35.7189789324027,23.8,5.1,77.0,1.73427283796274,13817887.0,3598.0,723.0,9346519.0
Zimbabwe,2014,-0.11909008659679898,45.9275429753134,10.4708240920253,36.2254310456249,18.9,5.3,79.3,1.73902435675705,14013808.0,5515.0,158.0,9582416.0
Zimbabwe,2015,-0.11909008659689846,45.8084528887166,10.4630096936797,36.7257567532635,7.7,5.4,80.8,2.16144370479207,14207359.0,3648.0,540.0,9663236.0
Zimbabwe,2016,-0.11909008659690556,45.6893628021197,10.455195036836,37.2211787514541,10.9,5.7,80.8,2.53432185710755,14399013.0,1329.0,495.0,9744786.0
Zimbabwe,2017,-0.11909008659689846,45.5702727155228,10.4473803799922,37.7414863642239,21.9,5.9,81.7,2.92184647428744,14600294.0,560.0,202.0,9806850.0
Zimbabwe,2018,-0.11909008659679898,45.4511826289259,10.4395659816466,38.2899883675843,24.2,6.1,82.0,3.25023111096025,14812482.0,9582.0,3142.0,9801056.0
Zimbabwe,2019,-0.11909008659689846,45.3320925423291,10.4317513248029,38.8637766576192,26.4,6.4,79.7,3.50447549716329,15034452.0,7373.0,467.0,9920009.0
Zimbabwe,2020,-0.11909008659689846,45.2130024557322,10.4239369264573,39.4762000775494,28.3,6.5,81.0,3.72924700896215,15271368.0,40656.0,583.0,9983350.0
Zimbabwe,2021,-0.11909008659680609,45.0939123691353,10.4161222696135,40.13671448882,37.1,6.8,84.1,3.91648125219672,15526888.0,24000.0,1325.0,10047124.0
Zimbabwe,2022,-0.11909008659689846,44.9748222825385,10.4083078712679,40.8354917926845,31.6,7.1,82.4,4.02165487352737,15797210.0,28406.0,1541.0,10178502.0
