Country_Name,Year,Forest_Area_%,Arable_Land_%,Agriculture_GDP_%,GDP_per_Capita,Pop_Density,Urban_Pop_Growth_%,Rural_Clean_Fuel_%,Average_Precipitation,Land_Area_sqkm,Agri_Exports_%,External_Debt_%,Absolute_Latitude
Afghanistan,2000,1.85278199408184,11.7795869555218,,174.930991430166,30.8638471091486,2.12085038492534,0.9,327.0,652230.0,,,34.5228
Afghanistan,2001,1.85278199408184,11.7795869555218,,138.706821676113,31.099929472732,1.74346718707473,1.2,327.0,652230.0,,,34.5228
Afghanistan,2002,1.85278199408184,11.7719209481318,38.6278918638443,178.954088379235,32.77696058139,6.31359641742295,1.5,327.0,652230.0,,,34.5228
Afghanistan,2003,1.85278199408184,11.9160418870644,37.4188554431481,198.871115728727,34.8543443263879,7.2936567313355,1.75,327.0,652230.0,,,34.5228
Afghanistan,2004,1.85278199408184,11.9835027520967,29.7210671376957,221.763653873013,36.1232295355933,4.81718391804813,2.1,327.0,652230.0,,,34.5228
Afghanistan,2005,1.85278199408184,11.9666375358386,31.114854912062,254.184249149336,37.4171181945019,5.08707018829666,2.6,327.0,652230.0,,,34.5228
Afghanistan,2006,1.85278199408184,11.9497723195805,28.6359685844686,274.218553561575,38.9802584977692,6.12480680891873,3.1,327.0,652230.0,,13.7928583731895,34.5228
Afghanistan,2007,1.85278199408184,11.9497723195805,30.1050113574013,376.223152003876,39.7250233813225,4.25238138079512,3.7,327.0,652230.0,,20.4806758495246,34.5228
Afghanistan,2008,1.85278199408184,11.9497723195805,24.8922700059742,381.73323802844,40.6031951918802,4.74447801790221,4.4,327.0,652230.0,9.89482862705747,21.2121323521857,34.5228
Afghanistan,2009,1.85278199408184,11.9482391181025,29.2975010547259,452.053705477043,42.1110666482682,6.2831311002891,5.1,327.0,652230.0,7.55967280133145,20.0367248536922,34.5228
Afghanistan,2010,1.85278199408184,11.9482391181025,26.2100685374552,560.621505463146,43.3652070588596,5.5420431342597,5.9,327.0,652230.0,10.7670458242083,15.3334973971382,34.5228
Afghanistan,2011,1.85278199408184,11.9451727151465,23.7436639877543,606.694676337726,44.9959492816951,6.17194562448142,6.9,327.0,652230.0,12.8790088017208,13.9770517017747,34.5228
Afghanistan,2012,1.85278199408184,11.9436395136685,24.390873626371,651.417134470046,46.8546892967205,6.31323146961438,7.8,327.0,652230.0,0.236604473774484,12.9281604362278,34.5228
Afghanistan,2013,1.85278199408184,11.9359735062785,22.8106627361766,637.087099117099,48.4839765113534,5.3875947897599,8.8,327.0,652230.0,0.0369922318818034,12.8048363659593,34.5228
Afghanistan,2014,1.85278199408184,11.9145086855864,22.1370413719574,625.054941813938,50.2775447311531,5.22969224047253,9.9,327.0,652230.0,0.0475230217083274,12.3049882693651,34.5228
Afghanistan,2015,1.85278199408184,11.9053094767183,20.6343227166798,565.569730408751,51.8709105683578,4.24580956643691,11.1,327.0,652230.0,14.7990666661461,13.4908301094464,34.5228
Afghanistan,2016,1.85278199408184,11.8501142235101,25.7403140364582,522.082215583898,53.2030296061205,3.32526007388198,12.3,327.0,652230.0,16.3591093829042,14.1470450360055,34.5228
Afghanistan,2017,1.85278199408184,11.8041181791699,26.4201990834448,525.469770891619,54.7183278904681,3.5213421801472,13.4,327.0,652230.0,17.0636339372427,14.5133427404056,34.5228
Afghanistan,2018,1.85278199408184,11.9497723195805,22.0428967527575,491.337221382603,56.3344817012404,3.5685183296085,14.5,327.0,652230.0,16.6945994747216,14.6424246657516,34.5228
Afghanistan,2019,1.85278199408184,11.9405731107125,25.7739707394105,496.6025042585,58.0410606687825,3.56098277767391,15.7,327.0,652230.0,21.0350603345276,13.9496520351375,34.5228
Afghanistan,2020,1.85278199408184,12.0034343713107,29.9755825210461,510.787063366811,59.9006163469942,3.62373772331126,16.8,327.0,652230.0,,15.1208585304773,34.5228
Afghanistan,2021,1.85278199408184,12.0034343713107,33.5976188725451,356.496214115892,61.3286907992579,2.69456903003537,18.0,327.0,652230.0,,24.7857399527695,34.5228
Afghanistan,2022,1.85278199408184,11.9743035432286,33.7014323213923,357.261152798144,62.2155405301811,1.61726804518474,19.2,327.0,652230.0,,23.3368489761511,34.5228
Albania,2000,28.0766423357664,21.0948905109489,22.1790139473687,1160.42047054038,112.738211678832,1.09893665605738,17.1,1485.0,27400.0,5.97069179420483,30.4144117827728,41.3317
Albania,2001,28.1232481751825,21.0948905109489,20.4524054141319,1326.41652388077,111.685145985401,0.82632164926655,19.2,1485.0,27400.0,5.54071927011849,27.581686451568,41.3317
Albania,2002,28.1698540145985,21.0948905109489,19.7639164696809,1479.83884572006,111.350729927007,1.56561907044502,21.1,1485.0,27400.0,6.51612659083846,25.5397783430657,41.3317
Albania,2003,28.2164598540146,21.0948905109489,19.8076203314692,1908.69900687608,110.934890510949,1.63889251927365,24.1,1485.0,27400.0,5.14302578576075,26.0539897724531,41.3317
Albania,2004,28.2630656934307,21.0948905109489,18.5630799913995,2446.90949947798,110.472226277372,1.7145393700869,26.5,1485.0,27400.0,4.49098420021078,21.178413528974,41.3317
Albania,2005,28.3096715328467,19.6350364963504,17.1247178955729,2741.72136549578,109.908284671533,1.72029839491102,29.2,1485.0,27400.0,13.9442720151077,25.2646599245955,41.3317
Albania,2006,28.3562773722628,21.3138686131387,16.0415750334868,3057.77257038113,109.21704379562,1.68233023825186,32.3,1485.0,27400.0,13.1193608374019,26.7503739581707,41.3317
Albania,2007,28.4028832116788,21.0948905109489,15.5325494481234,3743.05529896187,108.394781021898,1.62111224543769,35.4,1485.0,27400.0,3.38437814678455,26.0011017019066,41.3317
Albania,2008,28.4494890510949,22.2627737226277,15.422100399492,4498.50486763601,107.566204379562,1.65682804141033,38.6,1485.0,27400.0,7.65085334613011,31.9600228907674,41.3317
Albania,2009,28.4960948905109,22.2262773722628,15.2792217271528,4213.65007574693,106.843759124088,1.78260194375695,41.65,1485.0,27400.0,2.98753982873561,37.9325638922566,41.3317
Albania,2010,28.542700729927,22.8467153284672,16.3586081914252,4149.14469936847,106.314635036496,1.97859268141243,44.2,1485.0,27400.0,2.42005370986971,45.4386914236501,41.3317
Albania,2011,28.5946532846715,22.7007299270073,16.7202229491786,4465.70914328865,106.02901459854,2.41275942237856,47.2,1485.0,27400.0,2.60233712654106,49.9704814370826,41.3317
Albania,2012,28.6466058394161,22.5948905109489,17.5913685516371,4280.93316338873,104.405401459854,-0.475477035550876,50.1,1485.0,27400.0,2.48583881336044,60.7645738045994,41.3317
Albania,2013,28.6985583941606,22.521897810219,18.924817420614,4542.92903556739,102.806642335766,-0.740231219590145,52.5,1485.0,27400.0,2.33627032822828,66.4368565074873,41.3317
Albania,2014,28.7505109489051,22.4671532846715,19.2377589164282,4793.59751131525,101.232372262774,-0.745949138851179,55.1,1485.0,27400.0,1.27265903206889,63.4459677291758,41.3317
Albania,2015,28.8024635036496,22.4489051094891,18.7471602773412,4199.53912925398,99.6822262773723,-0.768944889658625,57.3,1485.0,27400.0,2.30590225424059,72.7839311764582,41.3317
Albania,2016,28.8021897810219,22.6386861313869,19.167190753497,4457.63412207495,98.155802919708,-0.79189609231711,59.7,1485.0,27400.0,2.40499817264758,69.9108688734659,41.3317
Albania,2017,28.7920620437956,22.3357664233577,18.079078214296,5006.36012951959,96.6527372262774,-0.814539434305938,61.7,1485.0,27400.0,0.489953212782638,73.748302704928,41.3317
Albania,2018,28.7919708029197,22.311897810219,17.9155558179549,5897.65452588774,95.1727372262774,-0.836872014010015,63.4,1485.0,27400.0,0.325400218339366,62.8192787162639,41.3317
Albania,2019,28.7919708029197,22.2627737226277,18.1603973706713,6069.43903131027,93.7153649635036,-0.859232828535257,65.7,1485.0,27400.0,0.492667263553798,60.2886652039553,41.3317
Albania,2020,28.7919708029197,21.8832116788321,18.8061378649169,6027.91350716348,92.2802919708029,-0.881282752690579,67.4,1485.0,27400.0,0.565251251283652,69.8900514825763,41.3317
Albania,2021,28.7919708029197,21.8941605839416,17.793224984541,7242.45513146613,90.8672262773723,-0.903155690630907,69.1,1485.0,27400.0,0.46806411411987,62.1678808397569,41.3317
Albania,2022,28.7919708029197,21.8284671532847,16.9844754476574,7756.96188744253,89.4757664233577,-0.924920325935713,70.85,1485.0,27400.0,0.229068654626227,55.7646269319117,41.3317
Algeria,2000,0.662960692602887,3.21697582439729,8.39504849504573,1772.92869122761,12.9753428165963,2.690555724532,92.6,89.0,2381740.0,0.0499261603667345,48.8890707651687,36.7397
Algeria,2001,0.677193984230017,3.18380679671165,8.886179657499,1896.30020878013,13.1547612249868,2.64432292195359,93.4,89.0,2381740.0,0.0549607964080259,39.3442465001744,36.7397
Algeria,2002,0.691427275857146,3.16869179675363,8.41302644785912,1937.46411413019,13.3309408247752,2.58213808067625,94.1,89.0,2381740.0,0.0156416683607166,38.8345304550744,36.7397
Algeria,2003,0.705660567484276,3.15051181069302,8.45671950735323,2283.77299346126,13.5093746588628,2.56263039448902,94.8,89.0,2381740.0,0.0240274547910331,33.4656619848771,36.7397
Algeria,2004,0.719893859111406,3.14601929681661,7.72217403415641,2816.99384960555,13.6993483755574,2.6112559050635,95.4,89.0,2381740.0,0.0100632071635807,25.3576495100961,36.7397
Algeria,2005,0.734127150738536,3.15357679679562,6.5592713699842,3233.13339634212,13.9012860345798,2.66042812445488,95.9,89.0,2381740.0,0.00435579870837805,16.6719422302137,36.7397
Algeria,2006,0.748360442365665,3.13636249128788,6.36600271426263,3660.66104745322,14.1172025493967,2.72118821083371,96.3,89.0,2381740.0,0.00696488634103269,4.97156533336454,36.7397
Algeria,2007,0.762593733992795,3.13594263017794,6.32601878401142,4167.45169937531,14.3548061501255,2.83225069291589,96.7,89.0,2381740.0,0.00557015120337309,4.35516420323346,36.7397
Algeria,2008,0.776827025619925,3.14433985237683,5.54975092049628,5180.91881514686,14.6182878903659,2.93644506601372,97.1,89.0,2381740.0,0.00663088108941869,3.48348146122863,36.7397
Algeria,2009,0.791060317247055,3.14601929681661,8.01121741497815,4235.42990456612,14.901057630136,2.8346221345593,97.4,89.0,2381740.0,0.0074138556295462,4.97065344141962,36.7397
Algeria,2010,0.805293608874184,3.14979804680612,7.53171561491377,4912.78585503672,15.1940329339055,2.86565199964367,97.6,89.0,2381740.0,0.0157855973982223,4.08153905024031,36.7397
Algeria,2011,0.808484553309765,3.14979804680612,7.08352512171367,5916.31364364343,15.4942924080714,2.86288407843621,97.9,89.0,2381740.0,0.0245372132112298,2.79540714477209,36.7397
Algeria,2012,0.811675497745346,3.15168742180087,8.02697167412095,6033.64884689543,15.8061610419273,2.88602241172015,98.1,89.0,2381740.0,0.00990288155292749,2.4523641196966,36.7397
Algeria,2013,0.814866442180927,3.14736285236844,9.12007464194984,5979.60138960585,16.1286164736705,2.89981288675777,98.2,89.0,2381740.0,0.0120859865000256,2.32227149466818,36.7397
Algeria,2014,0.818057386616507,3.13611057462191,9.40707440856373,6094.69392314956,16.4606678310815,2.90504768262655,98.4,89.0,2381740.0,0.0184018499930646,2.35485990757709,36.7397
Algeria,2015,0.821247986241997,3.13304427307587,10.5327896965018,4685.05902729002,16.8026368106356,2.9101879451251,98.5,89.0,2381741.0,0.0281167336450923,2.54367171691573,36.7397
Algeria,2016,0.821247986241997,3.10873432501687,11.0683130545794,4424.98529027556,17.1516218598076,2.89623687610993,98.6,89.0,2381741.0,0.0350675627398776,3.04187962008185,36.7397
Algeria,2017,0.815789794104397,3.13670004421136,11.0318809304784,4554.66753957828,17.5037080018356,2.85900986820642,98.8,89.0,2381741.0,0.0505565077393961,3.04068276560909,36.7397
Algeria,2018,0.810331601966797,3.14925241661457,11.2438301354995,4577.21029180491,17.846203680417,2.75114136393457,98.8,89.0,2381741.0,,2.99935858462774,36.7397
Algeria,2019,0.814110692183026,3.16197401899452,11.4791798857164,4468.45341883656,18.1776961381175,2.63993767594076,98.9,89.0,2381740.0,,2.89761005806805,36.7397
Algeria,2020,0.818309303282474,3.16197401899452,12.8341693887186,3743.5419522929,18.4915612115512,2.49750261880048,98.9,89.0,2381740.0,,3.19351908942954,36.7397
Algeria,2021,0.822088053271978,3.16197401899452,11.2354345605089,4160.55926736925,18.7934447084904,2.39088665245616,99.0,89.0,2381740.0,,4.04120760001954,36.7397
Algeria,2022,0.826286664371426,3.16197401899452,10.6470638553472,4960.30334332888,19.0941870229328,2.34491522475834,99.1,89.0,2381740.0,,3.23500775227816,36.7397
American Samoa,2000,88.65,3.8,,,284.275,1.23632200775277,,,200.0,,,14.2846
American Samoa,2001,88.5,3.85,,,285.265,0.285431313707099,,,200.0,,,14.2846
American Samoa,2002,88.35,3.9,,8972.69636535698,285.31,-0.118830719837539,,,200.0,,,14.2846
American Samoa,2003,88.2,3.95,,9197.66196836987,284.855,-0.359330563421029,,,200.0,,,14.2846
American Samoa,2004,88.05,4.0,,8958.42866697173,284.09,-0.520434669850488,,,200.0,,,14.2846
American Samoa,2005,87.9,4.05,,8831.26975996609,283.085,-0.645823460529093,,,200.0,,,14.2846
American Samoa,2006,87.75,4.1,,8745.16621137404,281.87,-0.75133654461307,,,200.0,,,14.2846
American Samoa,2007,87.6,4.15,,9231.37240924563,280.565,-0.801974621338142,,,200.0,,,14.2846
American Samoa,2008,87.45,4.2,,10030.8089130902,279.14,-0.855855070740714,,,200.0,,,14.2846
American Samoa,2009,87.3,4.25,,12156.0293905777,277.64,-0.881956774783532,,,200.0,,,14.2846
American Samoa,2010,87.15,4.3,,10375.1720141957,276.14,-0.870923728474964,,,200.0,,,14.2846
American Samoa,2011,87.0,4.35,,10383.459331451,274.475,-0.942081005710455,,,200.0,,,14.2846
American Samoa,2012,86.85,4.4,,11745.4899153958,272.445,-1.10507773081383,,,200.0,,,14.2846
American Samoa,2013,86.7,4.45,,11813.5022034589,270.03,-1.27777301685301,,,200.0,,,14.2846
American Samoa,2014,86.55,4.5,,12026.3344929488,267.33,-1.41521067330287,,,200.0,,,14.2846
American Samoa,2015,86.4,4.55,,12727.4102651386,264.39,-1.53821907884826,,,200.0,,,14.2846
American Samoa,2016,86.25,4.6,,12843.3342903627,261.225,-1.65758361319708,,,200.0,,,14.2846
American Samoa,2017,86.1,4.65,,11863.6839452565,257.93,-1.74096711951499,,,200.0,,,14.2846
American Samoa,2018,85.95,4.7,,12552.0546868861,254.54,-1.81416158586626,,,200.0,,,14.2846
American Samoa,2019,85.8,4.75,,12886.1359517218,251.045,-1.89083758710419,,,200.0,,,14.2846
American Samoa,2020,85.65,4.8,,14489.2586563775,248.805,-1.41520909097095,,,200.0,,,14.2846
American Samoa,2021,85.5,4.85,,15236.1604875571,246.125,-1.5836769501851,,,200.0,,,14.2846
American Samoa,2022,85.35,4.85,,18017.4589383973,241.71,-2.31981406536308,,,200.0,,,14.2846
Andorra,2000,34.0425531914894,2.12765957446809,0.517055747893417,21810.2503808666,139.755319148936,-0.345947003342152,100.0,,470.0,1.33411376013387,,42.5075
Andorra,2001,34.0425531914894,1.59574468085106,0.441953155279431,23511.2969500881,140.110638297872,-0.137062103975066,100.0,,470.0,0.753187110025656,,42.5075
Andorra,2002,34.0425531914894,1.80851063829787,0.385887245890569,26528.1300628236,141.502127659574,0.514250115504874,100.0,,470.0,0.787928811954223,,42.5075
Andorra,2003,34.0425531914894,1.82978723404255,0.419117893036526,34063.575598394,147.842553191489,3.86502065570581,100.0,,470.0,0.685623921695271,,42.5075
Andorra,2004,34.0425531914894,1.72340425531915,0.414741997881256,39021.1107100919,158.13829787234,6.21195849625123,100.0,,470.0,0.605767196086693,,42.5075
Andorra,2005,34.0425531914894,1.70212765957447,0.380576808035011,40829.8116399538,164.725531914894,3.46073492748083,100.0,,470.0,0.50989174516674,,42.5075
Andorra,2006,34.0425531914894,1.65957446808511,0.353522338328863,43467.1963063068,169.329787234043,2.11263957414195,100.0,,470.0,0.481631569100823,,42.5075
Andorra,2007,34.0425531914894,1.63829787234043,0.368796683946436,48336.2548304926,174.206382978723,2.47022133825741,100.0,,470.0,0.640998762732815,,42.5075
Andorra,2008,34.0425531914894,1.61702127659574,0.406917963904405,49132.4925840057,177.648936170213,1.83463955941156,100.0,,470.0,0.79803242010481,,42.5075
Andorra,2009,34.0425531914894,1.63829787234043,0.418928933319218,43975.0000888133,178.485106382979,0.36158140354984,100.0,,470.0,0.890578028119807,,42.5075
Andorra,2010,34.0425531914894,1.63829787234043,0.466508601972863,42746.830391567,171.714893617021,-3.96179475482668,100.0,,470.0,1.63638712604995,,42.5075
Andorra,2011,34.0425531914894,1.63829787234043,0.490560827241276,46657.1495384811,165.495744680851,-3.76946916853388,100.0,,470.0,1.80725748743812,,42.5075
Andorra,2012,34.0425531914894,1.61702127659574,0.601164453935572,41500.5499988288,163.476595744681,-1.29559303383221,100.0,,470.0,1.72269066745161,,42.5075
Andorra,2013,34.0425531914894,1.72340425531915,0.585558984254785,42470.3230369366,159.987234042553,-2.2108468869055,100.0,,470.0,1.47171914968088,,42.5075
Andorra,2014,34.0425531914894,1.70212765957447,0.537623493009676,44369.6712976777,156.887234042553,-1.99858052540775,100.0,,470.0,1.39735712631243,,42.5075
Andorra,2015,34.0425531914894,1.72340425531915,0.513420109683398,38654.95287916,153.56170212766,-2.1722987391862,100.0,,470.0,1.5869366399732,,42.5075
Andorra,2016,34.0425531914894,1.74468085106383,0.521999648433619,40129.8385811474,153.576595744681,-0.0078266246156032,100.0,,470.0,1.75160435629053,,42.5075
Andorra,2017,34.0425531914894,1.74468085106383,0.559538512516191,40672.9717424447,156.942553191489,2.16327603505452,100.0,,470.0,1.64994537290104,,42.5075
Andorra,2018,34.0425531914894,1.75425531914894,0.546367882815281,42819.7577456133,159.91914893617,1.88923928968242,100.0,,470.0,1.52738194636387,,42.5075
Andorra,2019,34.0425531914894,1.6831914893617,0.522633248415779,41257.816459345,162.710638297872,1.76563257133718,100.0,,470.0,1.46297081329556,,42.5075
Andorra,2020,34.0425531914894,1.63595744680851,0.559442769715814,37361.1070081615,164.63829787234,1.23734708455524,100.0,,470.0,0.849165219205398,,42.5075
Andorra,2021,34.0425531914894,1.59063829787234,0.531844879169824,42425.7066454357,166.731914893617,1.34463600060865,100.0,,470.0,1.22061187655008,,42.5075
Andorra,2022,34.0425531914894,1.59063829787234,0.487491862156614,42414.0479861228,169.585106382979,1.8000514552126,100.0,,470.0,0.506996895005186,,42.5075
Angola,2000,62.3314430095452,2.40635277131627,,563.733795571487,12.9901892997513,5.81332913270952,7.2,1010.0,1246700.0,,131.075486566154,8.81155
Angola,2001,61.8862188176787,2.40635277131627,,533.586202412447,13.4332301275367,5.73163358353889,7.2,1010.0,1246700.0,,119.007608419805,8.81155
Angola,2002,61.4409946258121,2.48656453036015,9.3867906039345,999.065855913758,13.8988521697281,5.64462250840875,7.2,1010.0,1246700.0,,66.8015479069923,8.81155
Angola,2003,60.9957704339456,2.6469880484479,10.000076846294,1133.66331960607,14.392967032967,5.57341954263671,7.2,1010.0,1246700.0,,56.6608944666511,8.81155
Angola,2004,60.5505462420791,2.6469880484479,10.3635914449926,1451.47117872493,14.9197264779017,5.50223295731547,7.3,1010.0,1246700.0,,46.5316387283025,8.81155
Angola,2005,60.1053220502126,2.6469880484479,8.56536731681355,2145.88621096327,15.4737795780861,5.36719121043528,7.3,1010.0,1246700.0,,37.1535135368479,8.81155
Angola,2006,59.660097858346,2.6469880484479,8.44100897843275,2930.4442860732,16.0546073634395,5.26853898942941,7.3,1010.0,1246700.0,,21.4383204383608,8.81155
Angola,2007,59.2148736664795,2.72719980749178,8.61624042186554,3515.05678986535,16.6668492821048,5.24729216790819,7.3,1010.0,1246700.0,0.000749818069113222,20.7080710064909,8.81155
Angola,2008,58.769649474613,2.72719980749178,7.81831803295795,4578.15526451517,17.3086187535093,5.20293269221403,7.2,1010.0,1246700.0,0.00121279730639657,20.8444196333637,8.81155
Angola,2009,58.3244252827465,3.20847036175503,10.3661474573001,3645.14846562976,17.9792837089917,5.14498291018555,7.3,1010.0,1246700.0,0.000464839405761505,31.9407468104196,8.81155
Angola,2010,57.8792010908799,3.36889387984278,10.0913068588653,4101.63715566712,18.6851888986925,5.11210771678984,7.3,1010.0,1246700.0,0.000379226345312959,35.3911613090284,8.81155
Angola,2011,57.4339760968958,3.76995267506216,9.55630602216444,5184.15269149912,19.4259661506377,5.06528893008459,7.3,1010.0,1246700.0,,33.9687833337354,8.81155
Angola,2012,56.9887511029117,3.76995267506216,9.69697932366603,5702.45306277434,20.1952306088073,4.97592832005976,7.4,1010.0,1246700.0,,30.7446796123415,8.81155
Angola,2013,56.5435261089276,3.88625972567578,10.3295507034404,5688.57916215215,20.9879040667362,4.85591199730458,7.5,1010.0,1246700.0,0.00197435994220663,35.3141708088895,8.81155
Angola,2014,56.0983011149435,4.01860912809818,11.4782158930109,5649.68762469139,21.7861305847437,4.67751677790276,7.6,1010.0,1246700.0,0.00844073976962238,35.9601982257134,8.81155
Angola,2015,55.6530761209593,4.11085265099864,13.6637723279796,3641.72893919944,22.5858650838213,4.86073952875732,7.7,1010.0,1246700.0,0.0337361859765312,56.7801551813803,8.81155
Angola,2016,55.2078447100345,4.28892275607604,14.6711413269562,2051.81462126253,23.4082537900056,4.80252986936282,7.7,1010.0,1246700.0,0.233867793345409,114.845094739154,8.81155
Angola,2017,54.7626293414615,4.28731852089516,14.9283260019113,2790.71886869768,24.2518962059838,4.75534049674966,7.9,1010.0,1246700.0,0.262743840076719,84.9404832711627,8.81155
Angola,2018,54.3174059517125,4.28571428571429,13.3397905678931,2860.0936483682,25.1039985561883,4.6569307143155,7.8,1010.0,1246700.0,0.357367566369093,84.2843625797666,8.81155
Angola,2019,53.8721745407877,4.28491216812385,12.3911585673156,2493.67884440177,25.969063928772,4.58087613993067,8.0,1010.0,1246700.0,0.0550767257720328,96.5947267900598,8.81155
Angola,2020,53.4269511510388,4.28330793294297,15.0223674268676,1759.35619918264,26.8317413972888,4.45055498779966,8.1,1010.0,1246700.0,0.0922528382681749,148.159899274824,8.81155
Angola,2021,52.9817223871019,4.28972487366648,16.561923695764,2303.90812662776,27.6990687414775,4.35382721450146,8.2,1010.0,1246700.0,0.00220434964099299,108.138096106725,8.81155
Angola,2022,52.5364972326943,4.31940322451271,18.9890929801653,3682.1131513698,28.5834835966953,4.30572726239665,8.3,1010.0,1246700.0,0.00142672221691167,62.7115153094556,8.81155
Antigua and Barbuda,2000,21.4772727272727,9.09090909090909,1.28909734411418,12027.4949768222,170.254545454545,0.149204271711606,100.0,1030.0,440.0,1.3705284915384,,17.1175
Antigua and Barbuda,2001,21.325,9.09090909090909,1.28987886024836,11539.1825063308,172.884090909091,0.0414061535459097,100.0,1030.0,440.0,,,17.1175
Antigua and Barbuda,2002,21.1727272727273,9.09090909090909,1.36173371548756,11658.6949915956,175.072727272727,-0.414835075942676,100.0,1030.0,440.0,,,17.1175
Antigua and Barbuda,2003,21.0204545454545,9.09090909090909,1.36022532394223,12173.2319860305,177.009090909091,-0.931327076616692,100.0,1030.0,440.0,,,17.1175
Antigua and Barbuda,2004,20.8681818181818,9.09090909090909,1.24102789876908,13037.8895772257,178.906818181818,-1.23275931066152,100.0,1030.0,440.0,,,17.1175
Antigua and Barbuda,2005,20.7159090909091,9.09090909090909,1.32911556344139,14368.5708796058,180.934090909091,-1.34712409898798,100.0,1030.0,440.0,0.116769554933729,,17.1175
Antigua and Barbuda,2006,20.5636363636364,9.09090909090909,1.23269847041978,16173.8136329968,183.190909090909,-1.32624489770272,100.0,1030.0,440.0,,,17.1175
Antigua and Barbuda,2007,20.4113636363636,9.09090909090909,1.17905441578912,18204.5124043068,185.690909090909,-1.19383440369404,100.0,1030.0,440.0,2.53942123817914,,17.1175
Antigua and Barbuda,2008,20.2590909090909,9.09090909090909,1.13038950169178,18786.6743142216,188.436363636364,-0.944930838165184,100.0,1030.0,440.0,,,17.1175
Antigua and Barbuda,2009,20.1068181818182,9.09090909090909,1.11203119991452,16472.2478528568,191.302272727273,-0.648409203016915,100.0,1030.0,440.0,0.0,,17.1175
Antigua and Barbuda,2010,19.9545454545455,9.09090909090909,1.21464881302167,15217.3950790922,193.909090909091,-0.413595266798976,100.0,1030.0,440.0,0.0,,17.1175
Antigua and Barbuda,2011,19.8045454545455,9.09090909090909,1.41518526297013,14911.7275084471,196.209090909091,-0.0675964965690748,100.0,1030.0,440.0,2.41146762796954,,17.1175
Antigua and Barbuda,2012,19.6545454545455,9.09090909090909,1.37701946118754,15639.8078114787,198.318181818182,0.135147331138841,100.0,1030.0,440.0,0.0191841539395306,,17.1175
Antigua and Barbuda,2013,19.5045454545455,9.09090909090909,1.48400040236501,15051.5113587425,200.145454545455,0.0944945735937835,100.0,1030.0,440.0,4.21995273952782,,17.1175
Antigua and Barbuda,2014,19.3545454545455,9.09090909090909,1.44123185699971,15532.1062063584,201.738636363636,0.166273490728923,100.0,1030.0,440.0,0.211223333077962,,17.1175
Antigua and Barbuda,2015,19.2045454545455,9.09090909090909,1.44568317612291,16077.6340769406,203.202272727273,0.363041879589354,100.0,1030.0,440.0,3.79765577468732,,17.1175
Antigua and Barbuda,2016,19.0454545454545,9.09090909090909,1.45850375317323,16556.8551801588,204.475,0.321601134788121,100.0,1030.0,440.0,2.76544083861534,,17.1175
Antigua and Barbuda,2017,18.9090909090909,9.09090909090909,1.66091151055353,16965.7288273816,205.609090909091,0.253869415938506,100.0,1030.0,440.0,1.95766497328374,,17.1175
Antigua and Barbuda,2018,18.75,9.09090909090909,1.62679191195975,18273.4270684912,206.65,0.21772464222807,100.0,1030.0,440.0,0.0,,17.1175
Antigua and Barbuda,2019,18.5909090909091,9.09090909090909,1.64671204635507,18896.3721832248,207.645454545455,0.199534485889597,100.0,1030.0,440.0,0.0432369011132623,,17.1175
Antigua and Barbuda,2020,18.4545454545455,9.09090909090909,2.27894065728784,15369.6082250401,208.740909090909,0.247754849556015,100.0,1030.0,440.0,0.0632065250116457,,17.1175
Antigua and Barbuda,2021,18.3029545454545,9.09090909090909,2.08080004808426,17348.6006987182,209.884090909091,0.282398810981951,100.0,1030.0,440.0,0.00593617251764625,,17.1175
Antigua and Barbuda,2022,18.1615909090909,9.09090909090909,1.95566032307286,20105.1989085164,211.0,0.268421097997195,100.0,1030.0,440.0,0.0,,17.1175
Argentina,2000,12.1964855354461,10.0997920845985,4.67991094417297,7637.01489203628,13.5981729753827,1.34737382914344,77.6,591.0,2736690.0,1.7575926157169,54.2417099417586,34.6118
Argentina,2001,12.0808714176615,10.1385250064859,4.56858960891786,7141.47507662826,13.7482962995443,1.31332212006024,80.1,591.0,2736690.0,1.61216031909465,58.4932935172091,34.6118
Argentina,2002,11.9652572998769,10.180911977608,10.2066467144411,2569.69963519124,13.8961113608045,1.28555793668095,82.2,591.0,2736690.0,1.55019249710461,159.890183546743,34.6118
Argentina,2003,11.8496431820922,10.8993711381267,10.328166939117,3320.47775133903,14.0404218234436,1.24595059100681,84.3,591.0,2736690.0,1.51674538738288,133.474955613907,34.6118
Argentina,2004,11.7340290643076,11.6178302986454,8.36248661002826,4242.02099089422,14.1835268152403,1.22249144364105,86.2,591.0,2736690.0,1.62930715800304,114.783966038451,34.6118
Argentina,2005,11.618414946523,12.3476170117916,7.93875427420938,5067.65342293276,14.3300077831249,1.23144270883711,87.7,591.0,2736690.0,1.36228945621451,74.2469415660219,34.6118
Argentina,2006,11.5028008287384,13.0020206892268,6.93557229126392,5869.38028970204,14.4781158991336,1.22777387763405,89.1,591.0,2736690.0,1.2732914273962,52.8779757006235,34.6118
Argentina,2007,11.3871867109537,13.5144645538954,7.45235394606923,7185.25155147027,14.6223222213696,1.18613134853839,90.6,591.0,2736690.0,1.23865399494115,43.1501917496034,34.6118
Argentina,2008,11.2715725931691,13.0216794741092,7.3189545972436,8944.1102657357,14.7711827061158,1.20338998232365,92.0,591.0,2736690.0,0.976046380487917,36.7967786223547,34.6118
Argentina,2009,11.1559584753845,12.6030715937867,5.2736234689014,8150.23527028221,14.9285563947689,1.24570930115813,92.8,591.0,2736690.0,1.06217864861353,41.4241623275672,34.6118
Argentina,2010,11.0403443575999,13.8865198469684,7.13216745078964,10260.1313108254,15.0870920710786,1.24568014237339,93.8,591.0,2736690.0,1.19064550683135,30.9491301873404,34.6118
Argentina,2011,10.9587128976976,14.1143132762571,6.99873377022519,12704.2831819684,15.2485886234831,1.19019303632813,94.4,591.0,2736690.0,1.25043866858025,27.7441780087921,34.6118
Argentina,2012,10.8770814377953,14.4784027419985,5.7817442068501,12949.717486654,15.4061004351973,1.13395408758061,95.3,591.0,2736690.0,0.930824975314373,26.2396878854826,34.6118
Argentina,2013,10.795449977893,14.3937749617238,6.05291843670451,12963.675773326,15.5598387102668,1.0996181152745,95.7,591.0,2736690.0,0.906492219845299,27.8097452222931,34.6118
Argentina,2014,10.7138185179907,14.2425068604774,6.71270351428559,12233.1444119186,15.7212073709481,1.13692628317335,96.3,591.0,2736690.0,1.05036903431358,29.8319023900009,34.6118
Argentina,2015,10.6321870580884,14.7452706006161,5.1566859021408,13679.6264980954,15.8867142423877,1.15089236473826,96.5,591.0,2736690.0,0.987528543315999,30.3597130322943,34.6118
Argentina,2016,10.6003968297469,14.6285035937574,6.26456582010254,12699.9623137756,16.0413905118958,1.07092245651493,96.9,591.0,2736690.0,1.06450407275824,33.3125611167404,34.6118
Argentina,2017,10.5598368832422,14.7534014813516,5.23162237725058,14532.5009308511,16.1833799224611,0.981564518342997,97.3,591.0,2736690.0,1.1059470090199,36.0210140421607,34.6118
Argentina,2018,10.5203731515078,14.6823352297849,4.53787889681146,11752.7998922979,16.3171137395905,0.921517466894255,97.5,591.0,2736690.0,0.997843667317663,54.8960712180333,34.6118
Argentina,2019,10.4801786099266,14.9267911235836,5.3185559967348,9955.97478680428,16.4335255363231,0.807610964891665,97.8,591.0,2736690.0,0.881330876697899,65.2499452681964,34.6118
Argentina,2020,10.4407148781923,15.3214284409268,6.35703367575527,8535.59938004389,16.5133665121004,0.579460817835625,97.8,591.0,2736690.0,0.875916609986476,68.0983401439473,34.6118
Argentina,2021,10.4008857415345,15.4306845130431,7.29128249622041,10738.0179223384,16.5573305708721,0.358692838886458,98.1,591.0,2736690.0,0.746858769589611,51.6176877458835,34.6118
Argentina,2022,10.3610566048767,15.7485867964585,6.54156940484837,13962.1894087223,16.5922716858687,0.301564724860101,98.2,591.0,2736690.0,0.755154416488321,40.0821942544545,34.6118
Armenia,2000,11.6838777660695,15.8061116965227,,593.450581742282,113.140147523709,1.36411627698375,55.5,562.0,28470.0,4.89826607671827,51.6822939077758,40.1596
Armenia,2001,11.6765718299965,15.9817351598174,,659.588988535629,112.813487881981,-0.499380466746851,61.0,562.0,28470.0,6.81614459605355,64.6369814678621,40.1596
Armenia,2002,11.6692658939234,15.9817351598174,,742.651118319819,112.391991570074,-0.502755712448261,66.5,562.0,28470.0,1.46450820754485,69.9371558433651,40.1596
Armenia,2003,11.6619599578504,15.9817351598174,,882.030167695474,111.784334387074,-0.655328779547709,71.2,562.0,28470.0,0.840332827847129,68.8336104106055,40.1596
Armenia,2004,11.6546540217773,15.9817351598174,,1130.08791444158,111.166139796277,-0.661461453492112,75.5,562.0,28470.0,1.60508618491372,56.5888045570056,40.1596
Armenia,2005,11.6473480857042,15.9817351598174,,1557.48458908655,110.516332982086,-0.685120592668242,79.4,562.0,28470.0,0.942920414672225,38.5750336386734,40.1596
Armenia,2006,11.6400421496312,15.9079733052336,,2041.65267068997,109.838426413769,-0.704477120437997,82.5,562.0,28470.0,2.9171580556168,31.9881885928206,40.1596
Armenia,2007,11.6327362135581,15.8798735511064,,2962.70234594569,109.146469968388,-0.709774936880129,85.2,562.0,28470.0,2.98083240831384,31.7603379636547,40.1596
Armenia,2008,11.6254302774851,15.8201615735862,,3777.66859313767,108.433438707411,-0.720131386659096,87.6,562.0,28470.0,1.51998178411364,29.2430682607578,40.1596
Armenia,2009,11.618124341412,15.7850368809273,,2820.5926553347,107.692307692308,-0.735744483466482,89.2,562.0,28470.0,0.878378230588204,54.7919777524588,40.1596
Armenia,2010,11.610818405339,15.7534246575342,,3041.34450723339,106.947664207938,-0.727310338461337,90.6,562.0,28470.0,1.08510123793972,64.8981549562732,40.1596
Armenia,2011,11.6035124692659,15.7780119423955,,3349.55309771906,106.354056902002,-0.571642093307427,91.8,562.0,28470.0,0.0507360469783786,70.5642908723285,40.1596
Armenia,2012,11.5962065331928,15.7499121882684,17.9126819526397,3511.56399687426,106.220583069898,-0.116109542348646,92.9,562.0,28470.0,0.153805372608418,69.1932584997682,40.1596
Armenia,2013,11.5889005971198,15.7428872497366,18.4347628834968,3680.16692158886,106.146821215314,-0.0204101620694436,93.6,562.0,28470.0,0.239583209226477,73.5435614911053,40.1596
Armenia,2014,11.5815946610467,15.7182999648753,18.0720363470662,3852.11800610384,105.858798735511,-0.184909382527369,94.2,562.0,28470.0,0.32086813747136,70.522973244206,40.1596
Armenia,2015,11.5742887249737,15.6902002107482,17.2231200318056,3512.39350276709,105.535651563049,-0.183652129408332,94.9,562.0,28470.0,0.572657407199877,80.4154639528465,40.1596
Armenia,2016,11.5669125395153,15.6796628029505,16.39047353385,3524.42476874707,105.103617843344,-0.255414782023444,95.3,562.0,28470.0,0.540729935921168,91.3302217488821,40.1596
Armenia,2017,11.5595363540569,15.6656129258869,14.9942601242776,3869.05373867752,104.650509308044,-0.247043722440776,95.6,562.0,28470.0,0.556840163306472,85.7142699282465,40.1596
Armenia,2018,11.5521601685985,15.6515630488233,13.9423116554146,4196.00562301769,104.285212504391,-0.136968228336233,96.0,562.0,28470.0,0.448222733889516,84.732912100644,40.1596
Armenia,2019,11.5447839831401,15.6234632946962,11.5256107379588,4597.22887399548,104.056902002107,0.018643689801186,96.35,562.0,28470.0,0.342518363130235,86.0748926105104,40.1596
Armenia,2020,11.6489422255448,15.7461270379088,11.3498051554549,4268.68093304583,105.027376627853,0.226665843909451,96.7,562.0,28197.41,0.32994659038334,105.006642730875,40.1596
Armenia,2021,11.641626848728,15.7257362373209,11.3435484176857,4685.17997128509,105.056940272915,0.307536324852261,97.0,562.0,28197.09,0.305388973376687,104.151886769747,40.1596
Armenia,2022,11.6336717932132,15.7005807438174,10.1467039255683,6571.97445545099,105.297053157777,0.54605636566623,97.2,562.0,28198.32,0.367618377562346,83.8849419476276,40.1596
Aruba,2000,2.33333333333333,11.1111111111111,0.0186075360521011,20681.0230269625,503.266666666667,1.02033905882721,,,180.0,0.737146652043083,,12.5167
Aruba,2001,2.33333333333333,11.1111111111111,0.0186174866510853,20740.1325828172,507.994444444444,0.906307435233529,,,180.0,0.548675385509795,,12.5167
Aruba,2002,2.33333333333333,11.1111111111111,0.0180539339920836,21307.2482505267,511.522222222222,0.610765352947782,,,180.0,0.992986355983729,,12.5167
Aruba,2003,2.33333333333333,11.1111111111111,0.0180105822419485,21949.4859960868,517.377777777778,1.00972503050077,,,180.0,1.17199554693061,,12.5167
Aruba,2004,2.33333333333333,11.1111111111111,0.0175662581169615,23700.6319899197,528.544444444444,1.96676322097312,,,180.0,1.24859402104803,,12.5167
Aruba,2005,2.33333333333333,11.1111111111111,0.0173277773977134,24171.8371325422,542.416666666667,2.39029777278648,,,180.0,0.316903457650212,,12.5167
Aruba,2006,2.33333333333333,11.1111111111111,0.0175077037289373,24845.65848362,552.25,1.57064739365999,,,180.0,1.09595387244533,,12.5167
Aruba,2007,2.33333333333333,11.1111111111111,0.0178385963799542,26736.3089444046,556.388888888889,0.501642223696357,,,180.0,1.0067691119076,,12.5167
Aruba,2008,2.33333333333333,11.1111111111111,0.0169973987102413,28171.9094008501,560.65,0.508358177118996,,,180.0,0.243534904800934,,12.5167
Aruba,2009,2.33333333333333,11.1111111111111,0.0199068534264945,25134.7712303589,564.466666666667,0.421666588667797,,,180.0,0.0259644631172098,,12.5167
Aruba,2010,2.33333333333333,11.1111111111111,0.0204920878910203,24093.1401510626,565.766666666667,-0.0214237620945557,,,180.0,0.158576852711918,,12.5167
Aruba,2011,2.33333333333333,11.1111111111111,0.0203949029261921,25712.3843015186,569.95,0.482451049530272,,,180.0,0.0978675734500493,,12.5167
Aruba,2012,2.33333333333333,11.1111111111111,0.0214687486582032,25119.6655449838,578.388888888889,1.19754657765253,,,180.0,0.0317293049002104,,12.5167
Aruba,2013,2.33333333333333,11.1111111111111,0.0178174631618829,25813.5714408438,587.083333333333,1.19973315935507,,,180.0,0.0469190534859446,,12.5167
Aruba,2014,2.33333333333333,11.1111111111111,0.0148129732019303,26129.8390617693,593.372222222222,0.752551548763964,,,180.0,0.0553580946090437,,12.5167
Aruba,2015,2.33333333333333,11.1111111111111,0.0125197907912791,27458.2201537506,599.477777777778,0.691250380903823,,,180.0,0.0926213791920241,,12.5167
Aruba,2016,2.33333333333333,11.1111111111111,0.018611754127868,27441.5502144601,604.038888888889,0.406629489454034,,,180.0,0.0851876197416947,,12.5167
Aruba,2017,2.33333333333333,11.1111111111111,0.023918578557175,28440.0416881491,604.083333333333,-0.359738919460584,,,180.0,0.0794802969070046,,12.5167
Aruba,2018,2.33333333333333,11.1111111111111,0.0222530069695395,30082.1584226798,605.044444444444,-0.222926292016348,,,180.0,0.076267042984395,,12.5167
Aruba,2019,2.33333333333333,11.1111111111111,0.0184243247340194,30645.8906024548,606.683333333333,-0.127819952904969,,,180.0,0.104098347596089,,12.5167
Aruba,2020,2.33333333333333,11.1111111111111,0.0217006023554796,22759.8071750722,603.261111111111,-1.02551361260566,,,180.0,0.069199439251415,,12.5167
Aruba,2021,2.33333333333333,11.1111111111111,0.0299985466651702,26749.3296093118,598.333333333333,-0.94163637949789,,,180.0,0.102735793836957,,12.5167
Aruba,2022,2.33333333333333,11.1111111111111,0.0342144315332219,30975.9989121779,596.166666666667,-0.437262625609825,,,180.0,0.228271311409576,,12.5167
Australia,2000,17.1581557606446,3.05546516017339,3.10630676229169,21908.9968019784,2.47696679379873,1.12407378634971,100.0,534.0,7682300.0,6.05812122082181,,35.282
Australia,2001,17.1286333519909,3.15009827785949,3.50187086251559,19733.6510102645,2.50897530687424,1.33206839446048,100.0,534.0,7682300.0,6.23540408356143,,35.282
Australia,2002,17.0991109433373,3.08956952995848,3.94425123897134,20335.0960191023,2.53767882014501,1.29725496047805,100.0,534.0,7682300.0,5.77630967662135,,35.282
Australia,2003,17.0695885346836,3.02513570154771,2.88733584935682,23757.5898471684,2.5670355232157,1.29723693466376,100.0,534.0,7682300.0,5.0149013398043,,35.282
Australia,2004,17.04006612603,3.35094958541062,3.05821916621123,30886.0500949401,2.5946294729443,1.19680473803693,100.0,534.0,7682300.0,4.82092899843079,,35.282
Australia,2005,17.0105437173763,3.43673118727464,2.88921493532413,34535.20727091,2.62640667508428,1.33453226603131,100.0,534.0,7682300.0,3.89836057967186,,35.282
Australia,2006,16.9810213087226,3.15374301966859,2.74011319183189,36658.8243476122,2.66208895773401,1.50136477458865,100.0,534.0,7682300.0,3.43443122853287,,35.282
Australia,2007,16.951498900069,3.01016622626037,2.21281034154067,41128.2476618402,2.71111802454994,1.9969770081027,100.0,534.0,7682300.0,3.42597095876254,,35.282
Australia,2008,16.9219764914153,3.12329640862762,2.35417910776003,49811.2067218988,2.76599442875181,2.15343266105649,100.0,534.0,7682300.0,2.44195267626823,,35.282
Australia,2009,16.8924540827617,3.53300443877485,2.31423570641201,42954.8494884573,2.8235883784804,2.17983445022066,100.0,534.0,7682300.0,2.28287654355944,,35.282
Australia,2010,16.862931674108,3.331261471174,2.21824837320556,52313.8939041213,2.86785858401781,1.66251815322792,100.0,534.0,7682300.0,2.49104337066572,,35.282
Australia,2011,16.9553102586465,4.12570454160863,2.30485962261499,62799.3895017032,2.90798641031983,1.51359196582587,100.0,534.0,7682300.0,3.00569410485789,,35.282
Australia,2012,17.047688843185,4.11821980396496,2.27317856495351,68301.4402512587,2.95920036968095,1.88268157810649,100.0,534.0,7682300.0,3.00531047364445,,35.282
Australia,2013,17.1400674277235,4.06399125261966,2.29076813252161,68476.6788496118,3.01057352615753,1.87018257065215,100.0,534.0,7682300.0,2.99470589444734,,35.282
Australia,2014,17.232446012262,4.16025148718483,2.22695769265967,62817.2061751737,3.05581479504836,1.66246486076665,100.0,534.0,7682300.0,2.76493060320893,,35.282
Australia,2015,17.3248245968004,4.04705622014241,2.37664391487055,56970.3613028094,3.10011259648803,1.61863464615058,100.0,534.0,7682300.0,2.96531758830698,,35.282
Australia,2016,17.4254877132405,3.90755614259973,2.41300232330254,50084.4440606385,3.14493553058884,1.72153704896083,100.0,534.0,7692020.0,3.16692468528045,,35.282
Australia,2017,17.4229136169693,3.99790952181612,2.72098319651067,54117.547718609,3.19715601363491,1.77484017509352,100.0,534.0,7692020.0,2.99020531601444,,35.282
Australia,2018,17.4213145571644,4.02677060122049,2.47191752630847,57410.1737346009,3.24534491589985,1.60918451255785,100.0,534.0,7692020.0,2.88539371871431,,35.282
Australia,2019,17.4213145571644,3.97463865148557,2.12424911197662,55194.7585097428,3.29365056253104,1.56366317600073,100.0,534.0,7692020.0,2.10586306694383,,35.282
Australia,2020,17.4213145571644,3.98386899670048,2.01512715396535,51983.4523666382,3.33452695130798,1.19834939074175,100.0,534.0,7692020.0,1.42875357293941,,35.282
Australia,2021,17.4213145571644,4.0646020161154,2.30537875480088,60758.9044397144,3.33922844714392,0.0996311835698593,100.0,534.0,7692020.0,1.67335400394325,,35.282
Australia,2022,17.4213145571644,4.0646020161154,2.67242699950618,65169.5191118657,3.38256023775289,1.40271644327005,100.0,534.0,7692020.0,1.76708124691119,,35.282
Austria,2000,46.5116335433834,16.9534658264663,1.67089601150509,24487.2974685956,97.0863548230732,0.406114445387678,100.0,1110.0,82520.0,2.4051026350495,,48.2201
Austria,2001,46.5420019389239,16.8080465341735,1.70825527346988,24430.495982841,97.4587130392632,0.490267540444084,100.0,1110.0,82520.0,2.1804415074822,,48.2201
Austria,2002,46.5723703344644,16.7838099854581,1.59223426298384,26334.862215032,97.9393722733883,0.563673145641291,100.0,1110.0,82520.0,2.10915774421718,,48.2201
Austria,2003,46.6027387300049,16.7235821619001,1.4869307559019,32110.1159661425,98.4176320891905,0.543349810054314,100.0,1110.0,82520.0,2.12231570448845,,48.2201
Austria,2004,46.6331071255453,16.714735821619,1.4931762753994,36614.2506533707,99.0301260300533,0.664475837733704,100.0,1110.0,82520.0,1.98581489347725,,48.2201
Austria,2005,46.6634755210858,16.7317014057198,1.28239498294254,38157.37022862,99.7070891904993,0.717010430626877,100.0,1110.0,82520.0,1.84766434067742,,48.2201
Austria,2006,46.6938439166263,16.6892874454678,1.32751796800624,40382.2078298575,100.201660203587,0.525997432098956,100.0,1110.0,82520.0,1.77314638315278,,48.2201
Austria,2007,46.7242123121667,16.6747455162385,1.46196340335606,46622.9622913635,100.526987396995,0.354602185986857,100.0,1110.0,82520.0,1.98523229608902,,48.2201
Austria,2008,46.7545807077072,16.5899175957344,1.38504114785417,51581.3982361071,100.842171594765,0.346538209107887,100.0,1110.0,82520.0,1.70152555911469,,48.2201
Austria,2009,46.7849491032477,16.5608337372758,1.17655306368833,47857.4446635266,101.106677169171,0.302265753996283,100.0,1110.0,82520.0,1.69096654107212,,48.2201
Austria,2010,46.8153174987882,16.5269025690742,1.29288595990855,46611.1393420232,101.350024236549,0.291305904162053,100.0,1110.0,82520.0,1.81434009020822,,48.2201
Austria,2011,46.8589190499273,16.4760058167717,1.46130648071081,51116.8953522042,101.692232186137,0.402148758531327,100.0,1110.0,82520.0,1.71773440254287,,48.2201
Austria,2012,46.9025206010664,16.4214735821619,1.41768134316306,48250.4059142637,102.156943771207,0.545497698254538,100.0,1110.0,82520.0,1.5396572671909,,48.2201
Austria,2013,46.9461221522055,16.4069316529326,1.27784992108872,50305.3545774973,102.760821619001,0.722521793531845,100.0,1110.0,82520.0,1.59774394366846,,48.2201
Austria,2014,46.9897237033446,16.3802714493456,1.27555801772568,51314.9722616322,103.567086766844,0.955700455115768,100.0,1110.0,82520.0,1.51220567761396,,48.2201
Austria,2015,47.0333252544838,16.3124091129423,1.14362854172989,43915.228020857,104.734597673291,1.33168467457813,100.0,1110.0,82520.0,1.5583488500033,,48.2201
Austria,2016,47.0769510421716,16.2928986912264,1.14928264077268,45061.4993920192,105.873339796413,1.32412222255029,100.0,1110.0,82520.0,1.64045045497477,,48.2201
Austria,2017,47.1204556471159,16.1044595249636,1.19990203076681,47163.7425775142,106.61131846825,0.964952397392997,100.0,1110.0,82520.0,1.51652201303723,,48.2201
Austria,2018,47.1639602520601,16.0827678138633,1.10911414021412,51194.0749841299,107.131858943286,0.780508457343464,100.0,1110.0,82520.0,1.62391736864204,,48.2201
Austria,2019,47.1037324285022,16.0631362094038,1.04463413653499,49885.9947355204,107.609306834707,0.756844003891464,100.0,1110.0,82520.0,1.52080261766695,,48.2201
Austria,2020,47.137905962191,16.0563669413475,1.07138113272871,48716.4098900349,108.057004362579,0.74165298520757,100.0,1110.0,82520.0,1.51947054033408,,48.2201
Austria,2021,47.1720794958798,16.0315232670868,1.2152388657488,53648.6437976214,108.528805138148,0.774435610983729,100.0,1110.0,82520.0,1.81188719571941,,48.2201
Austria,2022,47.206131846825,16.0033082888997,1.34649596457301,52336.7725223758,109.571631119729,1.28216729185494,100.0,1110.0,82520.0,1.71072526666576,,48.2201
Azerbaijan,2000,11.9510925488772,22.1003571212396,16.0848646701003,655.097249579917,97.434779976999,1.08360208540498,42.6,447.0,82605.0,2.37747640579039,30.6140155929779,40.3834
Azerbaijan,2001,12.0060469226672,22.2228947750714,14.8374595530138,703.670998584686,98.1937920681807,0.826382588134839,48.9,447.0,82604.0,0.845394773989861,27.3204317935916,40.3834
Azerbaijan,2002,12.0588116391101,22.2384952431673,13.9546391752577,763.108895463487,98.9124645960929,0.855456299934033,54.9,447.0,82618.0,1.25974066512678,28.1632318051662,40.3834
Azerbaijan,2003,12.1086289502976,22.2438658471664,12.4256629119149,883.692580745256,99.6237235638581,1.75119945610409,61.0,447.0,82652.0,1.50898763060494,27.8913661531088,40.3834
Azerbaijan,2004,12.1604630346429,22.265095800271,10.9880190382406,1045.0136328106,100.475372556609,1.94726997622705,66.3,447.0,82672.0,1.14510473055999,26.8473875403857,40.3834
Azerbaijan,2005,12.21700096782,22.2985724655214,9.14753443801158,1578.36733030667,101.522501814662,1.44151480025888,71.0,447.0,82660.0,1.03375247052914,19.3448674587574,40.3834
Azerbaijan,2006,12.2751890799521,22.281786608904,7.09103711685568,2472.95725732287,102.672531674674,1.38607223192299,75.15,447.0,82637.0,0.707026419695066,15.2700449073449,40.3834
Azerbaijan,2007,12.3311694441419,22.4376429582834,6.54008215652051,3851.33015175141,103.853368672016,1.46405173304048,78.8,447.0,82629.0,0.623109717017052,13.9068031577395,40.3834
Azerbaijan,2008,12.3862623597613,22.5132220702676,5.57089184098542,5574.46810432575,106.059762547351,2.54398407189366,81.8,447.0,82627.0,0.0427264155327892,10.3182912677324,40.3834
Azerbaijan,2009,12.441808477161,22.6816102248796,6.12193306461806,4950.39949009423,108.291290455327,2.21268573399995,84.5,447.0,82622.0,0.14817349370113,11.1638501179119,40.3834
Azerbaijan,2010,12.4914658343012,22.7944734804491,5.54456611326975,5843.5337683582,109.542344173442,1.46985935173433,86.9,447.0,82656.0,0.0566502212632801,14.6468541228462,40.3834
Azerbaijan,2011,12.6009956689008,22.8132788114883,5.07622595138436,7189.81869211976,110.976336228798,1.72196316630026,88.7,447.0,82658.0,0.0530651804863084,12.5683717083814,40.3834
Azerbaijan,2012,12.7108265382661,22.9475670836459,5.13976950772418,7495.86527658099,112.460790244138,1.88616849276356,90.3,447.0,82658.0,0.0821887735122929,16.5157223576325,40.3834
Azerbaijan,2013,12.8205035144388,23.2920795073737,5.3662644804235,7875.34536661549,113.923480806688,1.98696905365425,91.7,447.0,82659.0,0.0877829575965187,15.0367742964424,40.3834
Azerbaijan,2014,12.9297085757836,23.3054691941981,5.31940671805552,7890.84028062087,115.348813858679,2.07497820790512,92.9,447.0,82663.0,0.0803924113436596,16.5803142224794,40.3834
Azerbaijan,2015,13.0395340115892,23.4409590747977,6.17763883780802,5500.50364628486,116.731076781631,2.14783204348123,93.8,447.0,82663.0,0.104834272701668,25.6506623442435,40.3834
Azerbaijan,2016,13.1544115156647,24.1804765936857,5.60511177455763,3880.6852276838,118.033288980283,2.20055294155423,94.7,447.0,82670.0,0.160335751453284,40.6551613615557,40.3834
Azerbaijan,2017,13.2731460646972,25.3381239263507,5.60736901068842,4147.1981423222,119.208741622511,2.18584907915885,95.3,447.0,82662.0,0.295942681501709,38.9047105034808,40.3834
Azerbaijan,2018,13.4139303602971,25.3817117138916,5.21238076212356,4739.7943123408,120.25759188908,2.18825781318829,95.9,447.0,82654.0,0.440598186127627,36.7062470497771,40.3834
Azerbaijan,2019,13.5533670481767,25.358724320662,5.69538024963307,4805.75371765917,121.280071139933,2.48856313521789,96.4,447.0,82654.0,0.665306824964194,35.4882895436333,40.3834
Azerbaijan,2020,13.6941896764514,25.2196113544515,6.7389474235341,4229.91064904503,122.124736829369,0.963765103599974,96.8,447.0,82646.0,1.02985390418085,38.6218709117582,40.3834
Azerbaijan,2021,13.8329909255898,25.275257108288,5.72598365721349,5408.04535175023,122.658802177858,0.565547632089917,97.2,447.0,82650.0,1.00437467693207,29.0146661756027,40.3834
Azerbaijan,2022,13.9724815486993,25.3103448275862,4.61220830811053,7770.594223351,122.707271627344,0.163277169952237,97.5,447.0,82650.0,0.494332330407932,21.0241211321362,40.3834
"Bahamas, The",2000,50.9350649350649,0.699300699300699,1.34464685685702,24940.0775086078,32.3511488511488,1.41417389751608,100.0,1292.0,10010.0,1.1294111373518,,25.0661
"Bahamas, The",2001,50.9350649350649,0.699300699300699,1.19862993112386,25371.9237667614,32.7508491508491,1.37190379624645,100.0,1292.0,10010.0,1.22645655268631,,25.0661
"Bahamas, The",2002,50.9350649350649,0.699300699300699,1.51331582811254,26781.6195938652,33.1282717282717,1.33368166327457,100.0,1292.0,10010.0,1.11742948788845,,25.0661
"Bahamas, The",2003,50.9350649350649,0.699300699300699,1.34722421080282,26429.1247787663,33.5282717282717,1.41710529257165,100.0,1292.0,10010.0,0.796066442840043,,25.0661
"Bahamas, The",2004,50.9350649350649,0.699300699300699,1.16175185996252,26650.2934234303,33.9442557442557,1.4647130750229,100.0,1292.0,10010.0,0.407905246392917,,25.0661
"Bahamas, The",2005,50.9350649350649,0.699300699300699,1.06443545271548,28602.4181869995,34.355044955045,1.43504359743684,100.0,1292.0,10010.0,0.286634858330333,,25.0661
"Bahamas, The",2006,50.9350649350649,0.699300699300699,1.17042464776611,29184.7865087908,34.8026973026973,1.51275801810781,100.0,1292.0,10010.0,0.569776773055986,,25.0661
"Bahamas, The",2007,50.9350649350649,0.699300699300699,1.09339124571261,30051.8489587756,35.2981018981019,1.6045936941126,100.0,1292.0,10010.0,0.32895542615937,,25.0661
"Bahamas, The",2008,50.9350649350649,0.699300699300699,1.04313129393882,29392.3824416397,35.7762237762238,1.49516396187397,100.0,1292.0,10010.0,0.441765599633293,,25.0661
"Bahamas, The",2009,50.9350649350649,0.699300699300699,0.9096409923502,27512.9130950084,36.2447552447552,1.39589634994551,100.0,1292.0,10010.0,0.636377285248576,,25.0661
"Bahamas, The",2010,50.9350649350649,0.699300699300699,1.09749043162674,27473.100430502,36.7110889110889,1.30538789830589,100.0,1292.0,10010.0,0.478758035230367,,25.0661
"Bahamas, The",2011,50.9350649350649,0.799200799200799,1.09230471329484,27090.8376801379,37.1357642357642,1.14178527077696,100.0,1292.0,10010.0,0.865642577119029,,25.0661
"Bahamas, The",2012,50.9350649350649,0.799200799200799,1.07272116712063,28552.0242683151,37.5093906093906,0.979024255829771,100.0,1292.0,10010.0,0.392251530289832,,25.0661
"Bahamas, The",2013,50.9350649350649,0.799200799200799,0.927897053067693,27642.7419759179,37.8574425574426,0.885625094473334,100.0,1292.0,10010.0,0.553500265654948,,25.0661
"Bahamas, The",2014,50.9350649350649,0.799200799200799,0.838487849108097,29137.2175632622,38.1916083916084,0.823527872287064,100.0,1292.0,10010.0,0.285826386589948,,25.0661
"Bahamas, The",2015,50.9350649350649,0.799200799200799,0.815199026829763,30719.405417469,38.4961038961039,0.719994751573838,100.0,1292.0,10010.0,0.882460778104877,,25.0661
"Bahamas, The",2016,50.9350649350649,0.799200799200799,0.877037934836586,30616.5363157284,38.7667332667333,0.605155085176367,100.0,1292.0,10010.0,0.803971475208182,,25.0661
"Bahamas, The",2017,50.9350649350649,0.799200799200799,0.770472969173047,31875.4881749619,39.0094905094905,0.506089467367979,100.0,1292.0,10010.0,0.598364610673078,,25.0661
"Bahamas, The",2018,50.9350649350649,0.799200799200799,0.677109335996006,32642.3353203452,39.2324675324675,0.427146184038446,100.0,1292.0,10010.0,0.586012491027111,,25.0661
"Bahamas, The",2019,50.9350649350649,0.799200799200799,0.53475935828877,33640.3369861278,39.4280719280719,0.328146763161097,100.0,1292.0,10010.0,0.608176104702646,,25.0661
"Bahamas, The",2020,50.9350649350649,0.799200799200799,0.775822139879574,26178.7537607708,39.5467532467532,0.103060088815605,100.0,1292.0,10010.0,0.495512516385449,,25.0661
"Bahamas, The",2021,50.9350649350649,0.799200799200799,0.454432167483592,30367.8605757708,39.5977022977023,-0.099344366354879,100.0,1292.0,10010.0,1.32093981083024,,25.0661
"Bahamas, The",2022,50.9350649350649,0.799200799200799,0.414483909964884,34957.1613279737,39.7140859140859,0.0990350355456844,100.0,1292.0,10010.0,1.44726066949131,,25.0661
Bahrain,2000,0.52112676056338,2.83098591549296,,14214.4836839343,898.002816901408,2.58442976241112,100.0,83.0,710.0,0.0417733733348063,,26.1921
Bahrain,2001,0.542253521126761,2.83098591549296,,13573.2339887597,931.430985915493,3.65955421054697,100.0,83.0,710.0,0.0488088495600683,,26.1921
Bahrain,2002,0.563380281690141,2.84507042253521,,13501.4708801425,1000.77887323944,7.52559041498198,100.0,83.0,710.0,0.0499815214273311,,26.1921
Bahrain,2003,0.576388888888889,2.80555555555556,,14486.0269029822,1061.82916666667,8.09962056633834,100.0,83.0,720.0,0.0513628325116202,,26.1921
Bahrain,2004,0.589041095890411,2.78082191780822,,15963.9493171617,1128.41232876712,8.60769161136193,100.0,83.0,730.0,0.0392590275084064,,26.1921
Bahrain,2005,0.601351351351351,2.74324324324324,,17966.1657837625,1201.11081081081,9.05287256267753,100.0,83.0,740.0,0.0291910983515363,,26.1921
Bahrain,2006,0.621621621621622,2.75675675675676,0.268763501054214,19267.282615072,1297.87027027027,9.43411853595712,100.0,83.0,740.0,0.0232064977266468,,26.1921
Bahrain,2007,0.633333333333333,2.72,0.29227169028013,20908.4042548073,1385.72666666667,9.75350721977301,100.0,83.0,750.0,0.0169815965994533,,26.1921
Bahrain,2008,0.644736842105263,2.69736842105263,0.264810236570707,23299.4992780392,1451.96842105263,7.97067426107426,100.0,83.0,760.0,0.0137722233353866,,26.1921
Bahrain,2009,0.664473684210526,2.69736842105263,0.337284356568349,19465.3140745038,1550.54605263158,8.60457995174799,100.0,83.0,760.0,0.0110557767316103,,26.1921
Bahrain,2010,0.68241469816273,2.70341207349081,0.285542784290186,21819.3291098099,1612.26115485564,5.85224600853769,100.0,83.0,762.0,0.0214134630951794,,26.1921
Bahrain,2011,0.698826597131682,2.6857887874837,0.279873967809159,25032.7867743333,1558.0443285528,-2.76659927564462,100.0,83.0,767.0,0.107714317881922,,26.1921
Bahrain,2012,0.716883116883117,2.68831168831169,0.265180259339138,26438.6733230428,1570.08311688312,1.1600872869288,100.0,83.0,770.0,0.0588945445929993,,26.1921
Bahrain,2013,0.737662337662338,2.68831168831169,0.264280047210277,26989.7601148469,1627.52077922078,3.59293039406625,100.0,83.0,770.0,0.102343795660541,,26.1921
Bahrain,2014,0.75745784695201,2.69779507133593,0.287965783699072,26451.7965647453,1705.00907911803,4.78104318433597,100.0,83.0,771.0,0.0340949764318694,,26.1921
Bahrain,2015,0.77120822622108,2.67352185089974,0.301911232209971,23734.0551143019,1761.33933161954,4.15422184212278,100.0,83.0,778.0,0.0762560084460356,,26.1921
Bahrain,2016,0.79589216944801,2.68292682926829,0.315996684624948,23800.001440631,1827.63286264442,3.82316300255316,100.0,83.0,779.0,0.0824205061620902,,26.1921
Bahrain,2017,0.82051282051282,2.67948717948718,0.27707464645461,24784.7693514607,1924.50769230769,5.29314527321994,100.0,83.0,780.0,0.0856228794662393,,26.1921
Bahrain,2018,0.848329048843188,2.69922879177378,0.275112316804637,26324.4066549559,1931.99357326478,0.131482303617889,100.0,83.0,778.0,0.0612341498360723,,26.1921
Bahrain,2019,0.871794871794872,2.69230769230769,0.268674381904261,27259.7438599327,1902.25128205128,-1.294694377206,100.0,83.0,780.0,0.0709439777056841,,26.1921
Bahrain,2020,0.89171974522293,2.67515923566879,0.303155113748103,24342.8444554718,1875.41910828025,-0.781611308056252,100.0,83.0,785.0,0.0862861357722764,,26.1921
Bahrain,2021,0.911392405063291,2.65822784810127,0.268626041292218,27147.8083882286,1904.25949367089,2.16102845934147,100.0,83.0,790.0,0.0775831936756532,,26.1921
Bahrain,2022,0.936708860759494,2.65822784810127,0.246160469147506,30470.5219276023,1929.99113924051,1.34221960637543,100.0,83.0,790.0,0.0658956169118763,,26.1921
Bangladesh,2000,14.7524629330875,64.1468848428977,22.7181480755923,396.670730249751,1033.6045478989,3.37231349221847,0.7,2666.0,130170.0,1.44880050002803,28.312285791779,23.7055
Bangladesh,2001,14.7278904509488,63.7858185449796,21.8483405815259,394.65641001891,1050.97802873166,3.30647108329831,0.8,2666.0,130170.0,0.986272757453279,26.9258696430478,23.7055
Bangladesh,2002,14.70331796881,63.401705462088,20.5841344226366,393.886422327628,1067.32471383575,3.2723310409713,0.9,2666.0,130170.0,1.03320677792579,29.3237754107195,23.7055
Bangladesh,2003,14.6787454866713,63.2096489206422,19.8127182977042,426.74880754362,1082.97112237843,3.26080093893616,1.0,2666.0,130170.0,0.93583771479244,29.4649511156153,23.7055
Bangladesh,2004,14.6541730045325,62.5566566797265,19.2669595662859,455.614016909798,1097.8171314435,3.20545305759678,1.2,2666.0,130170.0,1.25773075418516,29.0231053050116,23.7055
Bangladesh,2005,14.6296005223938,62.3108243066759,18.5710395455964,480.08585075452,1111.74453407083,3.11259205915081,1.3,2666.0,130170.0,1.71548600888816,25.5020847255283,23.7055
Bangladesh,2006,14.6050280402551,62.0726741952831,18.0340165108542,490.388026533289,1124.7289928555,2.99286532012132,1.5,2666.0,130170.0,1.64276839466699,26.5815575749539,23.7055
Bangladesh,2007,14.5804555581163,61.5810094491818,17.8065367823955,537.955492792911,1136.89235614965,2.86086990423088,1.7,2666.0,130170.0,3.12310343301332,25.4056316582734,23.7055
Bangladesh,2008,14.5558830759776,61.48114004763,17.5956955421992,613.06204104124,1148.30040715987,2.7127996000916,1.9,2666.0,130170.0,1.53507157295862,23.6567567728032,23.7055
Bangladesh,2009,14.5313098256127,61.3735883844204,17.1046290519632,679.211477428056,1159.05134823692,2.55259258065882,2.1,2666.0,130170.0,1.54240916058004,22.9455982553559,23.7055
Bangladesh,2010,14.5067373434739,61.2737189828686,17.0011812592919,757.385280361508,1169.25544288238,2.38215024620493,2.4,2666.0,130170.0,1.94860335841044,21.3233746649766,23.7055
Bangladesh,2011,14.4991441960513,60.4056234155335,16.8099867573503,837.336944695647,1179.92683413997,2.28609018354601,2.8,2666.0,130170.0,1.7535465732422,19.4870042621521,23.7055
Bangladesh,2012,14.4915510486287,60.3441653222709,16.1775631732753,859.680536375497,1191.28909118845,2.26174678800571,3.2,2666.0,130170.0,1.39329759278668,20.1641903015642,23.7055
Bangladesh,2013,14.4839579012061,59.2916954751479,15.4932779975908,958.262989798283,1202.52086502266,2.20119341986716,3.6,2666.0,130170.0,1.0513641186179,20.0259278722599,23.7055
Bangladesh,2014,14.4763647537835,59.1457325036491,15.3516208986344,1094.46199702838,1213.52791733886,2.13023875711627,4.1,2666.0,130170.0,,19.1263744321957,23.7055
Bangladesh,2015,14.4687716063609,59.6315587308904,14.7829964369364,1224.38647668165,1224.42328493508,2.06884580523583,4.7,2666.0,130170.0,0.747182515389268,18.656464728563,23.7055
Bangladesh,2016,14.4687716063609,59.8771606360913,13.4647923176039,1649.28380858601,1235.3993393255,2.0230746254932,5.3,2666.0,130170.0,0.939612361308177,14.9717904789002,23.7055
Bangladesh,2017,14.4687716063609,59.8243066758854,12.9572760433733,1811.08221668646,1245.95641852962,1.93683060952504,6.0,2666.0,130170.0,0.727062955354584,16.8057450414319,23.7055
Bangladesh,2018,14.4687716063609,59.7088422831682,12.4800771856196,1965.24372731467,1256.22726434662,1.86177443141625,6.7,2666.0,130170.0,0.767841924151289,17.0924802738604,23.7055
Bangladesh,2019,14.4687716063609,60.3595298455865,11.9753231358984,2129.79896954606,1266.90523930245,1.84176302855583,7.4,2666.0,130170.0,,17.0856511809436,23.7055
Bangladesh,2020,14.4687716063609,60.613044480295,11.9996868602485,2248.85078828233,1277.54493354844,1.78580073795354,8.1,2666.0,130170.0,,18.8853836099419,23.7055
Bangladesh,2021,14.4687716063609,60.4908965199355,11.6328584271282,2482.84917843357,1287.99918568026,1.7181839550393,9.0,2666.0,130170.0,,20.8766117836117,23.7055
Bangladesh,2022,14.458774758176,60.7838169814218,11.2176010351595,2716.48592780431,1300.36002610164,1.89472085102334,9.9,2666.0,130260.0,,20.2659753173734,23.7055
Barbados,2000,14.6511627906977,34.8837209302326,1.99542408890342,11674.6736471764,609.448837209302,-0.424386054403519,100.0,1422.0,430.0,0.157456167999215,,13.0935
Barbados,2001,14.6511627906977,34.8837209302326,2.11818628253397,11639.5160522054,610.290697674419,-0.235191453371948,100.0,1422.0,430.0,0.197654338519961,,13.0935
Barbados,2002,14.6511627906977,32.5581395348837,1.8895863511991,11760.4524736133,614.297674418605,0.108195679671618,100.0,1422.0,430.0,0.54215091016199,,13.0935
Barbados,2003,14.6511627906977,32.5581395348837,1.9785013241938,12075.9587020649,618.083720930233,-0.0513325074368095,100.0,1422.0,430.0,0.656312193176786,,13.0935
Barbados,2004,14.6511627906977,30.2325581395349,1.64319930323704,12886.3665272467,621.623255813954,-0.167012864549687,100.0,1422.0,430.0,0.256086090962439,,13.0935
Barbados,2005,14.6511627906977,30.2325581395349,1.58659510407121,14214.4202213572,624.897674418605,-0.234778585461381,100.0,1422.0,430.0,0.205057314196062,,13.0935
Barbados,2006,14.6511627906977,30.2325581395349,1.45016267901105,15619.6005955511,627.911627906977,-0.251941928566502,100.0,1422.0,430.0,1.00924725519444,,13.0935
Barbados,2007,14.6511627906977,30.2325581395349,1.34702257839806,17235.4396434785,630.902325581395,-0.178586871451608,100.0,1422.0,430.0,0.334547760938026,,13.0935
Barbados,2008,14.6511627906977,30.2325581395349,1.29586496388702,17565.6929970592,634.218604651163,0.00308178756030831,100.0,1422.0,430.0,0.178020045646107,,13.0935
Barbados,2009,14.6511627906977,30.2325581395349,1.43755847574072,16294.9099491834,637.495348837209,0.181042335754611,100.0,1422.0,430.0,0.18738689887038,,13.0935
Barbados,2010,14.6511627906977,27.906976744186,1.60499920675492,20610.5150721363,640.1,0.310211100002615,100.0,1422.0,430.0,0.450604712034072,,13.0935
Barbados,2011,14.6511627906977,25.5813953488372,1.56186540940474,20508.1498810382,642.183720930233,0.325147781566834,100.0,1422.0,430.0,0.273693515305086,,13.0935
Barbados,2012,14.6511627906977,23.2558139534884,1.64889047028092,20804.1150004694,644.041860465116,0.289354526635743,100.0,1422.0,430.0,0.423418588893605,,13.0935
Barbados,2013,14.6511627906977,22.093023255814,1.81835827216262,20410.2065438568,645.732558139535,0.264812123033935,100.0,1422.0,430.0,0.434097949589433,,13.0935
Barbados,2014,14.6511627906977,20.9302325581395,1.75248194142974,20192.7084081797,647.320930232558,0.249559150836374,100.0,1422.0,430.0,0.320378719003123,,13.0935
Barbados,2015,14.6511627906977,18.6046511627907,1.63035371129226,20424.2087530019,648.813953488372,0.237443476469299,100.0,1422.0,430.0,0.577540867316292,,13.0935
Barbados,2016,14.6511627906977,16.2790697674419,1.69703591442569,20295.5672072046,650.227906976744,0.227827010523342,100.0,1422.0,430.0,0.190532804964181,,13.0935
Barbados,2017,14.6511627906977,16.2790697674419,1.80357724149459,20284.5762052461,651.560465116279,0.21827487170376,100.0,1422.0,430.0,0.265705725230962,,13.0935
Barbados,2018,14.6511627906977,16.2790697674419,2.16846191654379,21381.2426303209,652.816279069767,0.211188237515293,100.0,1422.0,430.0,0.171049724385292,,13.0935
Barbados,2019,14.6511627906977,16.2790697674419,2.26149614158086,21912.1501242857,653.96976744186,0.199946627442374,100.0,1422.0,430.0,0.0847386620386496,,13.0935
Barbados,2020,14.6511627906977,16.2790697674419,3.09133446149009,19194.4919736739,655.111627906977,0.203738063416084,100.0,1422.0,430.0,0.0237301299988114,,13.0935
Barbados,2021,14.6511627906977,16.2790697674419,1.98064749350573,21079.6145271791,656.155813953488,0.193764899482124,100.0,1422.0,430.0,0.0839587367806429,,13.0935
Barbados,2022,14.6511627906977,16.2790697674419,1.44882278609711,24387.0387293761,656.553488372093,0.114646727511139,100.0,1422.0,430.0,0.0243758758624251,,13.0935
Belarus,2000,40.78423252879,30.2344612714939,12.0968271694147,1276.2880341,49.1974779144976,0.155090481033272,83.4,618.0,202848.0,3.62338237899872,20.6572694472304,53.9678
Belarus,2001,40.9610340951667,28.4011358482381,10.3504297393613,1244.37318523431,48.9467226045631,0.0539305326503877,85.3,618.0,202844.0,3.36849002582864,22.7325564113519,53.9678
Belarus,2002,41.1400736581061,27.688348313111,10.1284322239778,1479.38066337175,48.6397310049352,0.164820677505241,87.4,618.0,202829.0,3.71030750617885,23.3372108414943,53.9678
Belarus,2003,41.3166950982616,27.4570321359195,8.63562770752199,1819.52653114699,48.3012483606638,-0.0967183512751099,89.0,618.0,202826.0,3.57596137801158,21.1732557777806,53.9678
Belarus,2004,41.49495845968,27.3549786751473,8.85025144123636,2378.33700470129,47.9754751867465,-0.0438831701056403,90.2,618.0,202815.0,3.08718131102864,19.8998759713021,53.9678
Belarus,2005,41.6672829371946,27.322970128135,8.51859080856531,3126.07176665248,47.6446879945571,-0.314201311305064,91.7,618.0,202833.0,2.50794745546702,17.5122322842616,53.9678
Belarus,2006,41.8286480305958,27.3035524188779,8.57872759155765,3848.22350300163,47.3372826558372,0.190193525941322,93.0,618.0,202904.0,1.85749167286579,17.8089875342292,53.9678
Belarus,2007,42.0052143656266,27.2004573659075,8.30316995882275,4735.48107556066,47.1212709646576,0.199978623489365,93.9,618.0,202901.0,1.93283861533997,27.9197134817248,53.9678
Belarus,2008,42.1809543523474,27.1855378458566,8.66625369440669,6376.17569162063,46.9585563473992,0.28444549486557,94.9,618.0,202902.0,1.31356383676467,25.2698045537289,53.9678
Belarus,2009,42.3577363995702,27.3240741653442,8.13089893610657,5352.48809190697,46.8441433626748,0.617469916477847,95.6,618.0,202898.0,1.56978071652808,44.3708130088257,53.9678
Belarus,2010,42.5328483701491,27.279179111098,8.89193022882009,6034.67885177216,46.7409685463919,0.26442904411515,96.2,618.0,202902.0,2.05702202818955,50.6732988610616,53.9678
Belarus,2011,42.5346212606574,27.2485338327337,8.00188774430829,6527.6593428786,46.6297521068454,0.446977582256702,96.8,618.0,202910.0,1.51973051670995,55.5543841804718,53.9678
Belarus,2012,42.5403772320218,27.2155111656539,8.13094268308472,6953.21591683101,46.5593029044007,0.465411081732417,97.2,618.0,202899.0,1.25849353022318,52.5663191513601,53.9678
Belarus,2013,42.5419401896426,27.4001025095117,6.80909244753712,7998.0802045456,46.5393725235082,0.518275050140599,97.7,618.0,202908.0,1.71162004085188,54.3029638313045,53.9678
Belarus,2014,42.5317653086864,27.8958285092106,7.30305697730942,8341.31809294883,46.5506003261518,0.569408698098076,98.0,618.0,202973.0,1.7582061556246,52.3407013607064,53.9678
Belarus,2015,42.5341662643242,27.9705189724995,6.2832075832437,5967.05595058777,46.611337189252,0.506613702316921,98.2,618.0,202978.0,2.01477172809738,70.7668231487899,53.9678
Belarus,2016,42.9069698701401,28.0006699903443,6.89528062433517,5039.77560949445,46.6499448243246,0.373744765075005,98.6,618.0,202988.0,2.39666229269734,82.5010405969595,53.9678
Belarus,2017,42.9784026641969,28.2134904526376,7.56580253848292,5785.54491935194,46.5987595325832,0.117619458619697,98.7,618.0,202988.0,2.41930247803506,75.1554915511371,53.9678
Belarus,2018,43.0515321706572,28.1407035175879,6.59010772590188,6360.037502312,46.5010592176569,0.0357363762644192,98.9,618.0,202980.0,2.82626305124843,67.0009807620654,53.9678
Belarus,2019,43.1261547557461,28.1477101963393,6.79466882799274,6837.77339645635,46.4107506220284,0.110888078594174,99.0,618.0,202965.0,3.2714165431229,65.1747660547607,53.9678
Belarus,2020,43.1944033894965,27.8845206424278,7.07723976895662,6542.85579976768,46.211212927382,0.00675682389787754,99.1,618.0,202980.0,4.01062861348166,70.9847643016215,53.9678
Belarus,2021,43.2722345405272,27.7112589307711,6.70661864890688,7489.71894713888,45.8368317319537,-0.389474144015336,99.3,618.0,202950.0,3.58103012490945,62.0622832088135,53.9678
Belarus,2022,43.3351396620523,27.617123996256,8.04181871674039,7994.64806074889,45.4607172767131,-0.367214776530161,99.3,618.0,202990.0,,56.3947988685637,53.9678
Belgium,2000,21.9991428477236,28.4178947021396,1.17600527973714,23098.8865077401,337.957010516599,0.640146650174042,100.0,847.0,30333.0,1.52213770247005,,50.8371
Belgium,2001,22.0735502587941,27.8574489829559,1.10935029767163,23015.0712632462,339.121418916691,0.733884995232088,100.0,847.0,30333.0,1.30668309894273,,50.8371
Belgium,2002,22.1479576698645,27.4288728447565,1.03313414275776,25006.191397109,340.64500708799,0.830462045200906,100.0,847.0,30333.0,1.21100207655445,,50.8371
Belgium,2003,22.222365080935,27.5277750304948,1.0294445025288,30655.2092679024,342.074077737118,0.792993029148288,100.0,847.0,30333.0,1.23602540582787,,50.8371
Belgium,2004,22.2967724920054,27.6926120067253,1.02291054131515,35429.4077933344,343.557742392774,0.799235835058145,100.0,847.0,30333.0,1.22219896034279,,50.8371
Belgium,2005,22.3711799030759,27.7915141924637,0.840639973990251,36809.7013403619,345.452708271519,0.908537998740837,100.0,847.0,30333.0,1.24750070771065,,50.8371
Belgium,2006,22.4455873141463,27.7585467972176,0.907269380581052,38705.1067959147,347.738700425279,1.00997898353865,100.0,847.0,30333.0,1.26565624914238,,50.8371
Belgium,2007,22.5199947252168,27.6596446114792,0.887523940039387,44319.165448813,350.301651666502,1.07663461275406,100.0,847.0,30333.0,1.31321083308202,,50.8371
Belgium,2008,22.5944021362872,27.8244815877098,0.712338067185966,48303.397956286,353.079912966077,1.12408606699601,100.0,847.0,30333.0,1.26653886378904,,50.8371
Belgium,2009,22.6688095473577,27.6926120067253,0.718679660856589,44923.3400135081,355.932252002769,1.13043356206228,100.0,847.0,30333.0,1.28188637828215,,50.8371
Belgium,2010,22.7432169584281,27.4948076352487,0.847918635049212,44197.393671162,359.199090099891,1.23113435395175,100.0,847.0,30333.0,1.39834196431131,,50.8371
Belgium,2011,22.7394586753701,27.1981010780338,0.726239843441003,47760.8298776546,363.902812118814,1.61007193292056,100.0,847.0,30333.0,1.39682690156039,,50.8371
Belgium,2012,22.735700392312,26.4728183826196,0.84457469539348,44874.1709182123,366.166617215574,0.920734858287189,100.0,847.0,30333.0,1.38982325283139,,50.8371
Belgium,2013,22.7319421092539,26.9013945208189,0.764565477908541,46964.5946777056,367.896581281113,0.763348350314063,100.0,847.0,30333.0,1.39729988795163,,50.8371
Belgium,2014,22.7281838261959,26.934361916065,0.716518219283319,47995.7786961339,369.533412455082,0.727273585166951,100.0,847.0,30333.0,1.35193682236686,,50.8371
Belgium,2015,22.7244255431378,27.3464543566413,0.750617272066574,40893.804537772,371.680875614018,0.85406436417664,100.0,847.0,30333.0,1.35540604314282,,50.8371
Belgium,2016,22.7244255431378,28.0025055220387,0.673190543684684,41854.5498296444,373.567467774371,0.772115743211402,100.0,847.0,30333.0,1.25013678473193,,50.8371
Belgium,2017,22.7244255431378,27.5607424257409,0.729532583142538,44035.3239358548,375.009329772855,0.642139017041796,100.0,847.0,30333.0,1.18365056144168,,50.8371
Belgium,2018,22.6051880759519,27.8752500573902,0.664625571120094,47487.2100392561,374.74351490506,0.703136535361722,100.0,847.0,30493.0,1.20900821680991,,50.8371
Belgium,2019,22.604446776415,28.113268183905,0.718789583537128,46716.6227467964,376.761985964452,0.779357530690887,100.0,847.0,30494.0,1.2330902541881,,50.8371
Belgium,2020,22.604446776415,28.3621892831377,0.712818023641571,45906.2875805246,378.38932248967,0.660743951222393,100.0,847.0,30494.0,1.22040559945964,,50.8371
Belgium,2021,22.604446776415,28.3872237161409,0.654899384879513,51658.238294958,379.949990161999,0.565055472554392,100.0,847.0,30494.0,1.23008525474141,,50.8371
Belgium,2022,22.604446776415,28.3186856430773,0.671430411514796,50605.7496677086,383.033055683085,0.875212116108615,100.0,847.0,30494.0,1.00993064913875,,50.8371
Belize,2000,63.9763261727313,2.80578693555458,10.6436380611457,4726.50675459616,10.5567295046032,3.28624015600657,67.0,1705.0,22810.0,1.40051379577267,58.0021435341352,17.2534
Belize,2001,63.6786058746164,2.84962735642262,9.5094118174543,4718.77715104739,10.889039894783,2.97730408586968,68.5,1705.0,22810.0,0.812870638892961,65.2932096074114,17.2534
Belize,2002,63.3808855765015,3.06882946076282,9.17879604108667,4858.86062599362,11.2235423060061,2.73340845530227,69.6,1705.0,22810.0,0.918686037327131,72.1671354028778,17.2534
Belize,2003,63.0831652783867,3.06882946076282,10.4615047120065,4959.74012434605,11.5642262165717,2.55569420118265,70.4,1705.0,22810.0,1.21028652653246,87.0683169319173,17.2534
Belize,2004,62.7854449802718,3.06882946076282,10.3458143896381,5153.71308265363,11.9109162647961,2.40671966816249,71.4,1705.0,22810.0,0.851913985557842,75.2161040696139,17.2534
Belize,2005,62.487724682157,3.06882946076282,9.74017200317114,5270.41479135312,12.2635247698378,2.28667615363065,71.8,1705.0,22810.0,0.700274198780308,75.2035581223775,17.2534
Belize,2006,62.1900043840421,3.06882946076282,9.51992221636579,5524.78167834986,12.6206926786497,2.1869132305085,72.3,1705.0,22810.0,0.291245989024517,71.9186530610254,17.2534
Belize,2007,61.8922840859272,3.06882946076282,8.69270778065837,5762.21023302938,12.9811486190267,2.10859997346192,72.8,1705.0,22810.0,0.572480532812184,69.469989591429,17.2534
Belize,2008,61.5945637878124,3.06882946076282,8.33436394275924,5711.81458859709,13.3433143358176,2.05141350697145,72.7,1705.0,22810.0,0.72421059464138,81.0678251934783,17.2534
Belize,2009,61.2968434896975,3.20035072336694,8.54570263168925,5399.67100001919,13.7051293292416,2.01580464746098,72.8,1705.0,22810.0,0.771632244712935,80.8063353112347,17.2534
Belize,2010,60.9991231915826,3.28803156510302,8.74676184244561,5461.40735999001,14.0396755808856,1.82131281756025,73.0,1705.0,22810.0,1.5724159030015,81.1271940546319,17.2534
Belize,2011,60.4856641823762,3.28803156510302,8.86425886505326,5596.05222152289,14.3488820692679,1.62502676392259,73.2,1705.0,22810.0,1.85130092982569,73.6871934030447,17.2534
Belize,2012,59.9722051731697,3.41955282770715,10.3744672571643,5732.66519942347,14.6608505041648,1.58967417123142,73.3,1705.0,22810.0,1.82073992155696,66.8640968710153,17.2534
Belize,2013,59.4587461639632,3.41955282770715,10.079376070492,5957.34953619006,14.977071459886,1.56743333119013,73.3,1705.0,22810.0,1.13400905256635,65.2809299610986,17.2534
Belize,2014,58.9452871547567,3.41955282770715,10.1795484159839,6128.12053089077,15.2969311705392,1.54259490600527,73.6,1705.0,22810.0,1.31607829592945,64.3273188536963,17.2534
Belize,2015,58.4318281455502,3.85795703638755,9.6138851978219,6154.62264230369,15.6217886891714,1.52490942193077,73.8,1705.0,22810.0,2.01951817507415,61.0374168644776,17.2534
Belize,2016,57.9430074528715,3.85795703638755,7.70348583128466,6140.86713919469,15.9888206926786,1.74147616449427,74.0,1705.0,22810.0,2.18398354712968,60.617190802549,17.2534
Belize,2017,57.4537483559842,3.94563787812363,8.56166290071626,6071.85451846453,16.3613327487944,1.71598694967655,74.1,1705.0,22810.0,1.65440141728147,62.5582203804267,17.2534
Belize,2018,56.9649276633056,3.94563787812363,7.16456851710216,6011.99036888587,16.6692678649715,1.27296520458128,74.1,1705.0,22810.0,1.33067354554213,63.1433493052864,17.2534
Belize,2019,56.4756685664182,4.03331871985971,6.5560913222365,6171.61449761423,16.9149057430951,0.86570647587542,74.1,1705.0,22810.0,1.04312414855616,61.9332736035164,17.2534
Belize,2020,55.9864094695309,4.29636124506795,8.3571697847969,5238.54078175696,17.1333625602806,0.680250161012556,74.3,1705.0,22810.0,0.73408353586334,77.0009327522602,17.2534
Belize,2021,55.4971503726436,4.38404208680403,7.89550385123154,6142.98930557031,17.3321350284963,0.544468126582082,74.4,1705.0,22810.0,0.897874809114944,61.9874859473581,17.2534
Belize,2022,55.0078912757563,4.38404208680403,7.74858121747759,7068.21728043145,17.6559842174485,1.25115776526186,74.4,1705.0,22810.0,0.841090709920926,54.2321774965168,17.2534
Benin,2000,36.6721355090458,21.106775452288,23.5412339925262,487.424141384242,64.0441557289819,3.88786909395408,0.2,1039.0,112760.0,69.6667646108635,42.8816395497772,6.4779
Benin,2001,36.2287158566868,21.7275629655906,25.0481627427766,492.401499509072,66.0304717985101,3.94566327052938,0.2,1039.0,112760.0,59.5880810595674,44.6080456131561,6.4779
Benin,2002,35.7852962043278,22.6144022703086,25.38272927764,546.463829658159,68.0686945725434,4.03177961555619,0.3,1039.0,112760.0,56.0038877384595,44.4370658133816,6.4779
Benin,2003,35.3418765519688,23.5012415750266,24.4539837351198,676.002878084282,70.1762149698475,4.1036863782595,0.3,1039.0,112760.0,74.1668443267848,32.1334455509149,6.4779
Benin,2004,34.8984568996098,23.5012415750266,26.5208492800284,758.695803786371,72.3580525008868,4.16080169303907,0.4,1039.0,112760.0,72.4136584629745,32.419186077994,6.4779
Benin,2005,34.4550372472508,23.5367151472153,26.6894285026991,779.437777753268,74.7263568641362,4.3613203982248,0.5,1039.0,112760.0,64.3251979431413,28.6476157952963,6.4779
Benin,2006,34.0116175948918,22.1709826179496,26.631803428758,809.147072506221,77.0950869102519,4.29950092533551,0.6,1039.0,112760.0,42.8977786332904,17.9181942417548,6.4779
Benin,2007,33.5681979425328,22.1709826179496,26.9710869666408,912.338247188342,79.4073164242639,4.16866939711149,0.7,1039.0,112760.0,47.8812858577653,18.4502839223657,6.4779
Benin,2008,33.1247782901738,22.1709826179496,26.8261561852139,1060.60254502099,81.8416637105357,4.26452160146063,0.8,1039.0,112760.0,38.3899245388712,17.4105461426429,6.4779
Benin,2009,32.6813586378148,22.1709826179496,26.9789553760994,1024.10277858112,84.3333008158922,4.27207587479964,0.9,1039.0,112760.0,31.4117110993627,20.7638857666327,6.4779
Benin,2010,32.2379389854558,22.1709826179496,25.8411354962681,973.244254931526,86.8879389854558,4.28225895129775,0.9,1039.0,112760.0,26.7384129347633,24.0894770387043,6.4779
Benin,2011,31.7945193330968,22.1709826179496,25.7970008253273,1059.41358852588,89.5142160340546,4.29782353859138,1.0,1039.0,112760.0,39.7154931087636,20.5140515513214,6.4779
Benin,2012,31.3510996807378,23.0578219226676,25.7689758312295,1071.5258366283,92.2105090457609,4.30674713102812,1.1,1039.0,112760.0,48.5027428947782,24.1126154231862,6.4779
Benin,2013,30.9076800283789,23.9446612273856,25.2754046390823,1168.92699279226,94.9701489890032,4.30804043455076,1.2,1039.0,112760.0,49.135219780444,24.6839696449673,6.4779
Benin,2014,30.4642603760199,23.9446612273856,25.6184529738008,1204.39918670094,97.8184107839659,4.37327321723222,1.3,1039.0,112760.0,45.2336224762963,27.5787746951688,6.4779
Benin,2015,30.0208407236609,23.9446612273856,26.3920850925037,1002.41886879614,100.750984391628,4.38482275823725,1.3,1039.0,112760.0,49.7993595878856,31.8337413318005,6.4779
Benin,2016,29.5774210713019,24.8315005321036,27.7536354980493,1010.5338961993,103.741060659808,4.36972283746272,1.4,1039.0,112760.0,50.033613389333,35.5161661575197,6.4779
Benin,2017,29.1340014189429,26.5482165661582,28.4890165273264,1054.97408066814,106.773501241575,4.33975713790507,1.5,1039.0,112760.0,54.4213163026295,38.8078591798797,6.4779
Benin,2018,28.6905817665839,30.291952820149,28.0647739127077,1151.7409703472,109.820388435615,4.28497689850954,1.6,1039.0,112760.0,56.4464323712971,48.5044887424269,6.4779
Benin,2019,28.2471621142249,31.3762185172047,26.8758016258337,1130.82135339795,112.865865555161,4.21879370461655,1.7,1039.0,112760.0,64.5572965554327,48.4523108206094,6.4779
Benin,2020,27.8037424618659,29.5429106065981,27.1091750361118,1200.19426557789,115.911395885066,4.15735693765436,1.8,1039.0,112760.0,64.6438179006367,54.7130728796589,6.4779
Benin,2021,27.3603228095069,30.9233283079106,28.5289506098592,1318.65158075198,118.955454061724,4.09776573732486,1.9,1039.0,112760.0,74.8025942262218,59.6659345183529,6.4779
Benin,2022,26.9169031571479,31.4468987229514,26.8966787968124,1266.42711031904,122.024663001064,4.06291175270618,2.0,1039.0,112760.0,76.6389505458456,63.163660783078,6.4779
Bermuda,2000,18.5185185185185,7.40740740740741,0.668952155022428,56542.9569455727,1139.81481481481,0.694526488745174,,,54.0,,,32.3293
Bermuda,2001,18.5185185185185,7.40740740740741,0.692327610262023,59490.2452034202,1145.68518518519,0.513706697004768,,,54.0,,,32.3293
Bermuda,2002,18.5185185185185,7.40740740740741,0.795458124345352,63358.5658652763,1150.77777777778,0.443516923428655,,,54.0,,,32.3293
Bermuda,2003,18.5185185185185,7.40740740740741,0.821851057858248,67106.8028083224,1155.2962962963,0.391880239398635,,,54.0,,,32.3293
Bermuda,2004,18.5185185185185,7.40740740740741,0.844158464897229,71692.1589001679,1158.42592592593,0.270527854058021,,,54.0,,,32.3293
Bermuda,2005,18.5185185185185,7.40740740740741,0.80164153178958,77628.103522508,1161.31481481481,0.249070107845201,,,54.0,,,32.3293
Bermuda,2006,18.5185185185185,7.40740740740741,,97781.4558996721,1163.59259259259,0.19594573954294,,,54.0,,,32.3293
Bermuda,2007,18.5185185185185,7.40740740740741,,107395.651483891,1166.85185185185,0.279711571071929,,,54.0,,,32.3293
Bermuda,2008,18.5185185185185,5.55555555555556,,110268.562401264,1172.22222222222,0.459188519616631,,,54.0,,,32.3293
Bermuda,2009,18.5185185185185,5.55555555555556,,104711.712420357,1177.12962962963,0.417767525195533,,,54.0,,,32.3293
Bermuda,2010,18.5185185185185,5.55555555555556,0.286094289177554,104111.824244802,1180.09259259259,0.251394586009326,,,54.0,,,32.3293
Bermuda,2011,18.5185185185185,5.55555555555556,0.312941026259641,99049.0169927667,1180.24074074074,0.0125531547811924,,,54.0,,,32.3293
Bermuda,2012,18.5185185185185,5.55555555555556,0.281396534564362,100213.493385287,1178.62962962963,-0.136600245767712,,,54.0,0.0403046361345454,,32.3293
Bermuda,2013,18.5185185185185,5.55555555555556,0.328283343819346,101704.40746217,1177.2962962963,-0.113189762124124,,,54.0,,,32.3293
Bermuda,2014,18.5185185185185,5.55555555555556,0.211116703055883,100961.576602811,1176.46296296296,-0.0708087171509757,,,54.0,0.00167105304164657,,32.3293
Bermuda,2015,18.5185185185185,5.55555555555556,0.227889496811275,104855.366822135,1175.25925925926,-0.102367855986115,,,54.0,0.0199015822685716,,32.3293
Bermuda,2016,18.5185185185185,5.55555555555556,0.307018452846711,108747.356144305,1174.98148148148,-0.0236382404794606,,,54.0,0.0152812378980952,,32.3293
Bermuda,2017,18.5185185185185,5.55555555555556,0.274700811333467,112339.425587467,1177.37037037037,0.203106496014494,,,54.0,0.00780946207028584,,32.3293
Bermuda,2018,18.5185185185185,5.55555555555556,0.234985525140753,113204.82210838,1182.05555555556,0.397146720463835,,,54.0,0.00839719060727968,,32.3293
Bermuda,2019,18.5185185185185,5.55555555555556,0.220961505173123,115798.040775578,1187.16666666667,0.431459657274573,,,54.0,0.0775699605464288,,32.3293
Bermuda,2020,18.5185185185185,5.55555555555556,0.255482358707918,106976.546239632,1192.25925925926,0.428052860400863,,,54.0,0.000581045358180438,,32.3293
Bermuda,2021,18.5185185185185,5.55555555555556,0.290986177436411,112765.08167306,1197.18518518519,0.412307799470159,,,54.0,,,32.3293
Bermuda,2022,18.5185185185185,5.55555555555556,0.218544162391939,121613.939983629,1199.05555555556,0.156108751379667,,,54.0,0.0819046646406646,,32.3293
Bhutan,2000,65.4773869346734,3.86934673366834,21.6206028723141,771.924911410619,14.9965577889447,4.99570174695617,8.9,2200.0,39800.0,,45.970158103703,27.5768
Bhutan,2001,65.7268592964824,3.89447236180905,20.8835885609201,812.238210772056,15.3465829145729,4.78053990188071,11.9,2200.0,39800.0,,54.9964360247908,27.5768
Bhutan,2002,65.9763316582915,3.91959798994975,20.8199814492499,895.799489930972,15.6886683417085,4.5823014291638,15.0,2200.0,39800.0,,70.0250730771053,27.5768
Bhutan,2003,66.2258040201005,3.94472361809045,19.7868423892498,1022.38240311018,16.0216834170854,4.38678686940282,18.8,2200.0,39800.0,,77.3528202547004,27.5768
Bhutan,2004,69.4103943122491,4.14513209329171,19.3785149554207,1130.35934606796,17.0670304588504,4.19784081424795,22.9,2200.0,38117.0,,83.5882778970017,27.5768
Bhutan,2005,69.6708817587953,4.38124721252984,18.0339346830792,1299.94938578359,17.3640370438387,3.83744546721667,27.1,2200.0,38117.0,0.241835404801417,77.3543597134731,27.5768
Bhutan,2006,69.9313692053415,3.96935750452554,17.3412992346729,1405.6071618158,17.5984206522024,3.35192574301546,31.7,2200.0,38117.0,0.13638573026056,76.7695887569685,27.5768
Bhutan,2007,70.1918566518876,3.57583230579531,14.9062410213406,1850.41570433398,17.8041556260986,3.06794922668367,36.3,2200.0,38117.0,0.0514388248031212,64.6856311952781,27.5768
Bhutan,2008,70.4523440984338,2.62350132486817,14.4876928759977,1919.59774896395,18.0064275782459,2.94638646918157,41.1,2200.0,38117.0,0.0143580343888703,53.9988211399385,27.5768
Bhutan,2009,70.7128315449799,2.62350132486817,14.005454995288,1918.39599211093,18.2067843744261,2.84908815342163,45.45,2200.0,38117.0,0.114249743453711,61.4121935667988,27.5768
Bhutan,2010,70.9733189915261,2.63924233281738,12.4128589573486,2435.5798056672,18.407324815699,2.77772550771019,49.9,2200.0,38117.0,0.202057674817135,57.6608858212657,27.5768
Bhutan,2011,71.025211847732,2.62874832751791,11.7996340560809,2787.97967608562,18.6105149933101,2.73169433592469,54.3,2200.0,38117.0,0.231919488081049,57.4352950866873,27.5768
Bhutan,2012,71.0771047039379,2.62874832751791,11.5729895457402,2751.2128864294,18.8178240680012,2.70564318283192,58.3,2200.0,38117.0,0.76258731250312,79.1608314145797,27.5768
Bhutan,2013,71.1289975601438,2.62874832751791,11.8526302443834,2679.95217201538,19.0275467639111,2.68127108893837,62.1,2200.0,38117.0,,89.4459115640474,27.5768
Bhutan,2014,71.1808904163497,2.62874832751791,12.0637822394106,2849.49998647303,19.2339113781252,2.63692532080841,66.0,2200.0,38117.0,,99.3381192854371,27.5768
Bhutan,2015,71.2327832725556,2.62874832751791,11.9950705393551,2954.04081911097,19.4301230422121,2.56807051759891,69.2,2200.0,38117.0,,103.230441033963,27.5768
Bhutan,2016,71.2342701342282,2.62164429530201,12.0023717482714,3152.30905106786,19.6063863255034,2.53175320399705,72.4,2200.0,38144.0,0.88412148334278,110.020732525956,27.5768
Bhutan,2017,71.2861786912752,2.4774538590604,12.9297924115136,3435.28804735662,19.7759804949664,2.43213042782636,75.1,2200.0,38144.0,0.192178420591006,113.849547308498,27.5768
Bhutan,2018,71.3455689564761,2.46460409019402,13.5509200361014,3400.20417245342,19.920267435763,2.29263376157455,77.5,2200.0,38140.0,0.189072099245475,112.222258298103,27.5768
Bhutan,2019,71.39486103828,2.46460409019402,12.9339527848851,3576.87987100503,20.0530676455165,2.23422133485435,80.1,2200.0,38140.0,0.24370268328477,111.877606026612,27.5768
Bhutan,2020,71.4472994231778,2.50393287886733,15.703075564462,3191.66906999331,20.1889355007866,2.23481490884737,81.9,2200.0,38140.0,0.151923024686324,139.831817651251,27.5768
Bhutan,2021,71.4997378080755,2.54326166754064,15.7947840049801,3570.61257980872,20.3314630309386,2.24996873382202,84.1,2200.0,38140.0,,125.138819900092,27.5768
Bhutan,2022,71.5521761929733,2.58259045621395,14.6710119560904,3711.32767981591,20.4749344520189,2.25177171997528,85.8,2200.0,38140.0,0.13019306392782,115.015506284534,27.5768
Bolivia,2000,50.8643865965107,2.90224314594295,12.9658118842238,975.777060358751,7.94454537062679,2.48487925190585,18.4,1146.0,1083300.0,2.95989328012156,72.1063448569771,13.9908
Bolivia,2001,50.6783457952552,2.90778177790086,13.2556536661742,930.168227214313,8.07969722145297,2.45786073210311,19.1,1146.0,1083300.0,2.47377274426705,60.4517850837271,13.9908
Bolivia,2002,50.4923049939998,3.04624757684852,12.955118631021,888.221328974352,8.21596510661866,2.4415804320936,20.2,1146.0,1083300.0,2.28237639973492,66.3179877393637,13.9908
Bolivia,2003,50.3062641927444,3.24379211668051,13.4272369562791,893.013760211149,8.35474937690391,2.42539573531518,21.5,1146.0,1083300.0,2.02024465779266,75.369178578816,13.9908
Bolivia,2004,50.120223391489,3.30379396289117,13.3223836388477,953.191893246277,8.49652635465707,2.41410019705844,23.4,1146.0,1083300.0,1.88390187594857,74.9155884108386,13.9908
Bolivia,2005,49.9341825902335,3.51333887196529,11.7927215329112,1020.12326200737,8.64096187575002,2.39964143893467,25.6,1146.0,1083300.0,1.74540851571511,75.9600603410338,13.9908
Bolivia,2006,49.7481417889781,3.63221434505677,10.9375480546288,1202.71150446327,8.78952183144097,2.40272120124863,28.0,1146.0,1083300.0,1.59011267306007,56.5897210093666,13.9908
Bolivia,2007,49.5621009877227,3.75108981814825,10.011155665672,1354.54905949929,8.94116126650051,2.39417978259317,30.9,1146.0,1083300.0,1.52780516490251,40.0990733516061,13.9908
Bolivia,2008,49.3760601864673,3.8699651989292,10.4424041155226,1692.67248455876,9.09337948859965,2.35875085977442,33.6,1146.0,1083300.0,1.09327881655757,35.327025324837,13.9908
Bolivia,2009,49.1900193852119,3.98884067202068,11.1524074497311,1731.18172112209,9.24607680236315,2.32426365025958,36.4,1146.0,1083300.0,1.22316832791239,34.6829592821543,13.9908
Bolivia,2010,49.0039785839564,4.10771614511216,10.3899057010594,1929.78373077158,9.39937690390474,2.29309010425276,39.2,1146.0,1083300.0,1.06928444361254,30.7903134940057,13.9908
Bolivia,2011,48.808503646266,4.23213025016154,9.7695858816954,2315.52121930607,9.55315148158405,2.26243348520799,41.7,1146.0,1083300.0,0.726726088961658,26.9046899987175,13.9908
Bolivia,2012,48.6130287085756,4.35746736822671,9.8121619148328,2575.59857098084,9.7071974522293,2.23269733778787,44.1,1146.0,1083300.0,0.491816650826787,25.9950613983393,13.9908
Bolivia,2013,48.4175537708853,4.48280457860242,9.9669794768463,2870.02377000756,9.86117234376442,2.18378253730469,46.0,1146.0,1083300.0,0.449728066005772,28.3177141091976,13.9908
Bolivia,2014,48.2220788331949,4.60537247299917,9.74021753770169,3041.43503162408,10.0146662974245,2.08649576914007,48.3,1146.0,1083300.0,0.432956445566461,28.3850395594485,13.9908
Bolivia,2015,48.0266038955045,4.59337210375704,10.2394941144455,2996.01289811344,10.1677328533186,2.04221674881054,50.4,1146.0,1083300.0,0.515341762027744,31.0456275763891,13.9908
Bolivia,2016,47.7713283485646,4.46413735807256,11.1718754150532,3035.87347732132,10.3203360103388,1.99842910811731,52.7,1146.0,1083300.0,0.536266800367834,32.9957292948572,13.9908
Bolivia,2017,47.5327425459245,4.33213329640912,7.67713722474752,4048.40119739839,10.4722486845749,1.95340392867073,55.0,1146.0,1083300.0,0.488909901266585,35.6879564139746,13.9908
Bolivia,2018,47.3121388350411,4.57080125542324,7.45035399971013,4206.8552936661,10.6234357980246,1.90931653258492,57.6,1146.0,1083300.0,0.552689796873452,33.7006008149571,13.9908
Bolivia,2019,47.1095356780209,4.84781279423982,7.63288264501605,4203.15492855788,10.7739185821102,1.86668783176649,60.5,1146.0,1083300.0,0.500793222625318,35.6998390215282,13.9908
Bolivia,2020,46.9249146127573,4.86957629465522,9.12405586834666,3580.96761778303,10.9076885442629,1.67862306674807,63.0,1146.0,1083300.0,0.753498773105221,42.5818186341753,13.9908
Bolivia,2021,46.7283054555525,4.98791673589957,8.81001912255763,4010.76053686204,11.0194405981723,1.44780191806532,65.9,1146.0,1083300.0,0.725177607062675,40.697891574053,13.9908
Bolivia,2022,46.5396883596418,5.13483577956245,8.66028481306177,4219.46113742445,11.1484851841595,1.57597128048926,68.7,1146.0,1083300.0,0.624185377839855,37.2686637973882,13.9908
Bosnia and Herzegovina,2000,41.2431640625,19.53125,9.00146376331907,1338.48059636261,81.24552734375,1.47253005956612,33.0,1028.0,51200.0,,45.7829580355534,43.8607
Bosnia and Herzegovina,2001,41.22560546875,19.7265625,9.12058070196707,1387.89362942121,81.6296484375,1.22585460257396,31.9,1028.0,51200.0,,42.4939768480914,43.8607
Bosnia and Herzegovina,2002,41.208046875,19.47265625,8.8735063619681,1606.5467454132,81.7969140625,0.951550556689194,30.4,1028.0,51200.0,,44.5825322331046,43.8607
Bosnia and Herzegovina,2003,41.19048828125,19.86328125,8.10502114135478,2033.94700935864,81.61177734375,0.512911689302017,29.15,1028.0,51200.0,9.97355399210274,50.9194483770175,43.8607
Bosnia and Herzegovina,2004,41.1729296875,20.078125,8.58349407590767,2452.6860917386,80.87865234375,-0.170072467630351,27.8,1028.0,51200.0,11.5683503113138,50.3144903780529,43.8607
Bosnia and Herzegovina,2005,41.15537109375,20.01953125,8.29736825390212,2739.61076866057,80.00962890625,-0.355166450462684,26.4,1028.0,51200.0,9.7833871795291,60.5046673297143,43.8607
Bosnia and Herzegovina,2006,41.1378125,20.05859375,8.05428927250657,3166.12865344833,79.36078125,-0.0962931101497754,25.5,1028.0,51200.0,8.33915637795316,65.5535007995215,43.8607
Bosnia and Herzegovina,2007,41.12025390625,19.9609375,7.70495340963332,3931.48948737505,78.3871875,-0.523404548361185,23.9,1028.0,51200.0,8.20166953377955,71.694707674723,43.8607
Bosnia and Herzegovina,2008,41.1026953125,19.6875,7.20727201234942,4841.69311934649,77.10046875,-0.951098112817447,22.8,1028.0,51200.0,6.83023880176609,66.5141438138345,43.8607
Bosnia and Herzegovina,2009,41.08513671875,19.47265625,7.07660163466849,4539.91863774968,75.7772265625,-1.0340809730766,21.7,1028.0,51200.0,6.19854035063862,76.9743710097013,43.8607
Bosnia and Herzegovina,2010,41.067578125,19.609375,6.79676215913764,4506.47828548389,74.4428125,-1.08646430373777,20.7,1028.0,51200.0,5.91663324800448,82.2453082081754,43.8607
Bosnia and Herzegovina,2011,41.293515625,19.62890625,6.75774539555131,4982.69375768263,73.0819921875,-1.16145833489124,19.8,1028.0,51200.0,6.19059151192012,66.0197582347205,43.8607
Bosnia and Herzegovina,2012,41.519453125,19.58984375,6.13767155368512,4693.78899115381,71.68189453125,-1.25769751557954,18.6,1028.0,51200.0,6.52261694031888,75.2172904132291,43.8607
Bosnia and Herzegovina,2013,41.745390625,19.70703125,6.84139087123356,5034.56634817068,70.52458984375,-0.918780584901492,18.0,1028.0,51200.0,6.95511446243638,75.1253998867342,43.8607
Bosnia and Herzegovina,2014,41.971328125,19.6484375,5.951057525171,5206.06573475132,69.62556640625,-0.354936654609947,17.1,1028.0,51200.0,7.13259782297813,70.1777331538126,43.8607
Bosnia and Herzegovina,2015,42.197265625,19.9609375,6.0375681759839,4662.25869219448,68.72150390625,-0.376929928973779,16.2,1028.0,51200.0,7.03729872979776,70.5762540899842,43.8607
Bosnia and Herzegovina,2016,42.5099609375,20.0390625,6.16559062107215,4928.5665903114,67.83208984375,-0.353411503493823,15.5,1028.0,51200.0,7.07554567974228,68.0557464337731,43.8607
Bosnia and Herzegovina,2017,42.7326171875,20.703125,5.4310487956715,5345.01978766473,66.9664453125,-0.316765999645651,14.7,1028.0,51200.0,5.64966641602877,71.87227677897,43.8607
Bosnia and Herzegovina,2018,42.7326171875,20.09765625,5.71878250722931,6047.84707207392,66.15234375,-0.237978500359108,14.3,1028.0,51200.0,5.26477492445124,63.739448130961,43.8607
Bosnia and Herzegovina,2019,42.7326171875,19.82421875,5.45004156140876,6122.37541352353,65.34244140625,-0.22996508148154,13.5,1028.0,51200.0,4.86256479335995,62.0944658549127,43.8607
Bosnia and Herzegovina,2020,42.7326171875,19.82421875,5.91443908988891,6130.31187968266,64.44041015625,-0.372201580556775,13.4,1028.0,51200.0,4.94592788101686,69.5081286353197,43.8607
Bosnia and Herzegovina,2021,42.7326171875,19.6875,5.01931841754809,7295.34378682258,63.37708984375,-0.63089772531694,12.2,1028.0,51200.0,4.92396526696738,58.8174446888183,43.8607
Bosnia and Herzegovina,2022,42.7326171875,7.36328125,4.82624927062683,7655.59421024383,62.5937890625,-0.196304253274821,11.5,1028.0,51200.0,4.64618462087718,55.5070051088793,43.8607
Botswana,2000,31.0918779665802,0.617578035396044,2.79469978903454,3450.81180622992,2.95975508619625,3.56937779145218,19.8,416.0,566730.0,0.340490933456258,8.32268597800998,24.6544
Botswana,2001,30.8831365906163,0.352901734512025,2.59029062025391,3206.07123689853,3.02128703262577,3.6319460877134,21.3,416.0,566730.0,0.454558896906216,7.47976563172273,24.6544
Botswana,2002,30.6743952146525,0.432304624777231,2.4256159925616,3117.25087183011,3.07864944506202,3.65102278031213,22.7,416.0,566730.0,0.32747255084178,10.3645611323196,24.6544
Botswana,2003,30.4656538386886,0.344079191149224,2.72238695522266,4230.12326909926,3.13330157217723,3.71020357019451,24.3,416.0,566730.0,0.116703367641394,7.56528331713902,24.6544
Botswana,2004,30.2569124627248,0.398778959998588,2.25958534959102,4956.69287735214,3.18872478958234,3.80066138928458,25.3,416.0,566730.0,0.280778533119721,6.44916341871367,24.6544
Botswana,2005,30.0481710867609,0.376722601591587,1.82838052405033,5391.07076619634,3.24647892294391,3.86113072010981,26.3,416.0,566730.0,0.162496280518448,5.06958018993644,24.6544
Botswana,2006,29.839429710797,0.354666243184585,1.73893509424301,5291.58379144849,3.30759973885272,3.87807745558753,26.6,416.0,566730.0,0.152945601615062,3.89500560934991,24.6544
Botswana,2007,29.6306883348332,0.321140578405943,1.92668435755015,5529.12574632532,3.37233073950558,3.83172166231267,27.3,416.0,566730.0,0.170634685822535,4.16816133150311,24.6544
Botswana,2008,29.4219469588693,0.492297919644275,2.14007027610337,5503.07395314313,3.44073897623207,3.72082898466704,27.9,416.0,566730.0,0.288181822662567,4.39873200582818,24.6544
Botswana,2009,29.2132055829054,0.557584740529,2.37598419625963,5082.93388332404,3.51255977273128,3.53963448967082,27.9,416.0,566730.0,0.161471804796268,16.3853962429161,24.6544
Botswana,2010,29.0044642069416,0.457007746193072,2.0910409188325,6215.73216077919,3.58744199177739,3.28879233538026,28.3,416.0,566730.0,0.196444605359903,14.8752744836522,24.6544
Botswana,2011,28.7957228309777,0.571700809909481,2.11892300680962,7287.38295334919,3.65877049035696,2.79092713809452,28.5,416.0,566730.0,0.191282190744809,15.9508587187728,24.6544
Botswana,2012,28.5869814550138,0.502884971679636,2.3148110827158,6595.53845015424,3.72067298360771,2.27038481961917,28.3,416.0,566730.0,0.220339841347406,17.7728391392687,24.6544
Botswana,2013,28.37824007905,0.494062428316835,1.99354322327234,6666.91219583487,3.77725195419335,2.06457526078877,28.1,416.0,566730.0,0.190721057496879,17.4581483023392,24.6544
Botswana,2014,28.1694987030861,0.70933248636917,1.81959835253259,7122.36423421503,3.83259047518219,1.97586089570463,28.0,416.0,566730.0,0.192204880444641,16.6042841074893,24.6544
Botswana,2015,27.9607573271223,0.458066451396609,1.94776486758829,6141.20394726616,3.88769431651757,1.90850647582917,27.75,416.0,566730.0,0.206573361646118,16.9995186828514,24.6544
Botswana,2016,27.7520159511584,0.458066451396609,1.97588757367029,6749.05994339013,3.94328163322923,1.85382980093925,27.6,416.0,566730.0,0.0779864829388925,15.3799402336298,24.6544
Botswana,2017,27.5432745751945,0.458066451396609,1.8419939490754,7104.96401088027,3.99969473999965,1.80135794157243,27.4,416.0,566730.0,0.0836740006371008,11.7524342645419,24.6544
Botswana,2018,27.3345331992307,0.458066451396609,2.11731083204729,7407.95940141786,4.05685423393856,1.74036227397811,27.2,416.0,566730.0,0.0778769835007139,11.4836203837343,24.6544
Botswana,2019,27.1257918232668,0.458772254865633,2.08342949351655,7172.08956480028,4.11498067863004,1.67814232532808,27.1,416.0,566730.0,0.163163213630679,9.32339448456644,24.6544
Botswana,2020,26.9170504473029,0.458772254865633,2.20806905804054,6323.2974967659,4.17464048135797,1.62265167998702,26.7,416.0,566730.0,0.103171326527389,10.6992155948814,24.6544
Botswana,2021,26.7083090713391,0.458772254865633,1.78859292903854,7807.88794570471,4.23736347114146,1.59573994219443,26.7,416.0,566730.0,0.0780616146499678,10.6318003846395,24.6544
Botswana,2022,26.4995676953752,0.458772254865633,1.57978982179367,8328.7090572666,4.30521059411007,1.69471384075785,26.6,416.0,566730.0,0.0295401616506101,9.83885342882201,24.6544
Brazil,2000,65.9343586013156,5.43757343140938,4.7504599720911,3766.54786339835,20.8202162203552,2.11961613870917,55.4,1782.0,8358140.0,4.82008611837607,38.096473476996,15.7801
Brazil,2001,65.4616708980706,5.50660792951542,4.80104301895508,3176.28975052524,21.0933536648106,1.85343169136034,56.55,1782.0,8358140.0,4.16349583634388,42.4435005758245,15.7801
Brazil,2002,64.9889831948257,5.57564242762146,5.47527489476281,2855.94017137049,21.3568430296693,1.72837458122615,58.0,1761.0,8358140.0,3.98176970858418,47.0768538372546,15.7801
Brazil,2003,64.5162954915806,5.64467692572749,6.16718438742418,3090.6068907839,21.610392742883,1.61792423832168,59.3,1782.0,8358140.0,4.5479000446234,43.6447539570516,15.7801
Brazil,2004,64.0436077883357,5.71371142383353,5.66531157678895,3663.82262497811,21.8559563491399,1.52697920659059,60.8,1782.0,8358140.0,4.04678888352579,33.9781537953332,15.7801
Brazil,2005,63.5709200850907,5.78274592193957,4.65116882266178,4827.78165890291,22.0967943824822,1.46073467565998,62.0,1782.0,8358140.0,3.89791573445954,21.7546275711234,15.7801
Brazil,2006,63.0982323818457,5.85225899542243,4.37004377895807,5934.14561857454,22.3318951345634,1.39918487577637,63.6,1782.0,8358140.0,3.76357098694428,17.9925275401458,15.7801
Brazil,2007,62.6255446786007,5.92679711036187,4.41691543617235,7409.69003822861,22.5591243984906,1.33735429441892,65.2,1761.0,8358140.0,3.84290609180394,17.4373059288235,15.7801
Brazil,2008,62.1528569753558,6.00121558145712,4.56785118104723,8908.33338467948,22.7762758221327,1.2751176413848,66.7,1761.0,8358140.0,3.60860912317476,15.8956462087501,15.7801
Brazil,2009,61.6801692721108,6.07575369639657,4.47677399214453,8678.6584730653,22.9811837322658,1.21281560260939,68.0,1761.0,8358140.0,3.82336475114474,17.2780448195865,15.7801
Brazil,2010,61.2074815688658,6.15029181133602,4.11575648647055,11403.2840038694,23.175243415401,1.16628221038283,69.8,1761.0,8358140.0,3.88293980296731,16.4609633891935,15.7801
Brazil,2011,61.023328156743,6.22471028243126,4.34203412828906,13396.6263158041,23.3646162902273,1.14373726656016,71.3,1761.0,8358140.0,3.56590712250251,15.8516033318801,15.7801
Brazil,2012,60.8391747446202,6.29924839737071,4.16832822424109,12521.7238454434,23.555014752086,1.13582229672967,72.7,1761.0,8358140.0,3.84206963375796,18.3256247191339,15.7801
Brazil,2013,60.6550213324974,6.37366686846595,4.50688618165956,12458.8903396625,23.7467066835444,1.12835615908882,74.0,1761.0,8358140.0,3.67959207647066,19.8377244708135,15.7801
Brazil,2014,60.4708679203746,6.4482049834054,4.32561053877362,12274.9941630213,23.93895376244,1.11754171317172,75.2,1761.0,8358140.0,4.09910468945304,23.1060429665359,15.7801
Brazil,2015,60.2867384370207,6.52274309834485,4.31914942931221,8936.1955889444,24.1292359304821,1.09609675577337,76.5,1761.0,8358140.0,4.80922466213136,30.7299282835538,15.7801
Brazil,2016,60.0710205859198,6.59716156944009,4.89135358721066,8836.28546025694,24.3137963709629,1.05925972214881,77.8,1761.0,8358140.0,4.95909700079956,30.9090873467642,15.7801
Brazil,2017,59.8329293359527,6.67158004053533,4.6005916952048,10080.5078722821,24.4915070817191,1.01821425229253,78.8,1761.0,8358140.0,4.73548584012086,26.8156664558868,15.7801
Brazil,2018,59.7083800941358,6.66870858827442,4.4203993034602,9300.66072904004,24.659465024515,0.965855875269478,79.7,1761.0,8358140.0,5.42597556309189,29.9289604206331,15.7801
Brazil,2019,59.5585860011916,6.66583713601351,4.2050140951087,9029.83304401079,24.8207686159839,0.926629993198714,80.5,1761.0,8358140.0,5.76162951682392,31.1964144613097,15.7801
Brazil,2020,59.4174780513368,6.66296568375261,5.7114851151592,7074.19407495707,24.9649852718428,0.845977299612384,81.2,1761.0,8358140.0,5.66289566704727,38.0076646022397,15.7801
Brazil,2021,59.2704836243471,6.6600942314917,6.55876261207381,7972.53696080695,25.0714027283582,0.683749836538948,82.2,1761.0,8358140.0,4.78121835605649,35.2910131878973,15.7801
Brazil,2022,59.1275092305226,6.65722277923079,5.76747490842218,9281.33282136864,25.161867951482,0.604875020599164,82.75,1761.0,8358140.0,4.71781466641353,30.5621181630478,15.7801
British Virgin Islands,2000,24.4666666666667,6.66666666666667,,,134.94,2.78044282040668,,,150.0,,,18.431389
British Virgin Islands,2001,24.4466666666667,6.66666666666667,,,138.64,2.80826066240029,,,150.0,,,18.431389
British Virgin Islands,2002,24.4266666666667,6.66666666666667,,,142.866666666667,3.99290453246783,,,150.0,,,18.431389
British Virgin Islands,2003,24.4066666666667,6.66666666666667,,,147.56,4.1986791416892,,,150.0,,,18.431389
British Virgin Islands,2004,24.3866666666667,6.66666666666667,,,152.54,4.32271125552629,,,150.0,,,18.431389
British Virgin Islands,2005,24.3666666666667,6.66666666666667,,,157.766666666667,4.41444174593729,,,150.0,,,18.431389
British Virgin Islands,2006,24.3466666666667,6.66666666666667,,,163.286666666667,4.52369276112861,,,150.0,,,18.431389
British Virgin Islands,2007,24.3266666666667,6.66666666666667,,,169.106666666667,4.62807525640062,,,150.0,,,18.431389
British Virgin Islands,2008,24.3066666666667,6.66666666666667,,,175.253333333333,4.72650915589458,,,150.0,,,18.431389
British Virgin Islands,2009,24.2866666666667,6.66666666666667,,,181.453333333333,4.66576082234558,,,150.0,,,18.431389
British Virgin Islands,2010,24.2666666666667,6.66666666666667,,,184.5,2.88728776975261,,,150.0,,,18.431389
British Virgin Islands,2011,24.24,6.66666666666667,,,191.4,4.92912917168775,,,150.0,,,18.431389
British Virgin Islands,2012,24.2133333333333,6.66666666666667,,,202.3,6.82751296204526,,,150.0,,,18.431389
British Virgin Islands,2013,24.1866666666667,6.66666666666667,,,211.353333333333,5.68618168072113,,,150.0,,,18.431389
British Virgin Islands,2014,24.16,6.66666666666667,,,219.746666666667,5.23733318029173,,,150.0,,,18.431389
British Virgin Islands,2015,24.1333333333333,6.66666666666667,,,229.986666666667,5.92417335551056,,,150.0,,,18.431389
British Virgin Islands,2016,24.1333333333333,6.66666666666667,,,225.853333333333,-0.422635050318147,,,150.0,,,18.431389
British Virgin Islands,2017,24.1333333333333,6.66666666666667,,,217.993333333333,-2.1283723577978,,,150.0,,,18.431389
British Virgin Islands,2018,24.1333333333333,6.66666666666667,,,231.046666666667,7.25358406471661,,,150.0,,,18.431389
British Virgin Islands,2019,24.1333333333333,6.66666666666667,,,242.633333333333,6.35460762171749,,,150.0,,,18.431389
British Virgin Islands,2020,24.1333333333333,6.66666666666667,,,247.566666666667,3.48887573960334,,,150.0,,,18.431389
British Virgin Islands,2021,24.1333333333333,6.66666666666667,,,252.06,3.29776845083359,,,150.0,,,18.431389
British Virgin Islands,2022,24.1333333333333,6.66666666666667,,,255.46,2.85015911285636,,,150.0,,,18.431389
Brunei Darussalam,2000,75.3320683111954,0.759013282732448,1.06879058453918,20130.2572346624,61.9400379506641,2.8033002729164,100.0,2722.0,5270.0,,,4.94199
Brunei Darussalam,2001,75.0094876660342,0.759013282732448,1.18819267076199,18287.8272281914,63.253320683112,2.70466798589557,100.0,2722.0,5270.0,0.00402496766682995,,4.94199
Brunei Darussalam,2002,74.6869070208729,0.759013282732448,1.15449001142175,18621.2922577525,64.5349146110057,2.62405907233626,100.0,2722.0,5270.0,0.00509549154486458,,4.94199
Brunei Darussalam,2003,74.3643263757116,0.759013282732448,1.2372583372265,20677.9001143188,65.7755218216319,2.56133164564683,100.0,2722.0,5270.0,0.00471057304711927,,4.94199
Brunei Darussalam,2004,74.0417457305503,0.759013282732448,1.17049480864283,24423.0946995548,66.9660341555977,2.46634308535413,100.0,2722.0,5270.0,0.00778599887542994,,4.94199
Brunei Darussalam,2005,73.719165085389,0.759013282732448,0.974611267785546,29386.2703822862,68.1055028462998,2.34941515081342,100.0,2722.0,5270.0,,,4.94199
Brunei Darussalam,2006,73.3965844402277,0.759013282732448,0.754742504053329,34674.7995236452,69.1960151802657,2.21474575888683,100.0,2722.0,5270.0,0.00458587988017184,,4.94199
Brunei Darussalam,2007,73.0740037950664,0.759013282732448,0.726342513402553,36217.3290706015,70.3743833017078,2.25373209014653,100.0,2722.0,5270.0,0.00492397353599371,,4.94199
Brunei Darussalam,2008,72.7514231499051,0.759013282732448,0.69216612734937,42156.5685838672,71.6874762808349,2.32906293996389,100.0,2722.0,5270.0,0.00361148173092147,,4.94199
Brunei Darussalam,2009,72.4288425047438,0.759013282732448,0.979917546380161,30946.4673773828,73.0459203036053,2.24871692257595,100.0,2722.0,5270.0,0.0132209205510411,,4.94199
Brunei Darussalam,2010,72.1062618595825,0.759013282732448,0.733349877488411,34937.5555357155,74.4462998102467,2.13763231763551,100.0,2722.0,5270.0,0.0136493624245047,,4.94199
Brunei Darussalam,2011,72.1062618595825,0.759013282732448,0.572775314042004,46382.8274255349,75.7853889943074,1.86442097275366,100.0,2722.0,5270.0,0.0108090724599137,,4.94199
Brunei Darussalam,2012,72.1062618595825,0.759013282732448,0.655156683935105,46968.5971164922,76.9557874762808,1.47876574530849,100.0,2722.0,5270.0,0.0125756223367464,,4.94199
Brunei Darussalam,2013,72.1062618595825,0.759013282732448,0.684937439812632,44003.0644273461,78.026944971537,1.25491357830479,100.0,2722.0,5270.0,0.0152746875312321,,4.94199
Brunei Darussalam,2014,72.1062618595825,0.759013282732448,0.862827317122997,41026.5084247957,79.0796963946869,1.18247146979674,100.0,2722.0,5270.0,0.0247276841246401,,4.94199
Brunei Darussalam,2015,72.1062618595825,0.759013282732448,1.10321250063154,30625.1287744656,80.1161290322581,1.1569604707954,100.0,2722.0,5270.0,0.0323974711798682,,4.94199
Brunei Darussalam,2016,72.1062618595825,0.759013282732448,1.20365462606268,26663.2972950602,81.1316888045541,1.17059243594279,100.0,2722.0,5270.0,0.0348455950528766,,4.94199
Brunei Darussalam,2017,72.1062618595825,0.759013282732448,1.08645090330462,28024.3824580252,82.1199240986717,1.16538370595317,100.0,2722.0,5270.0,0.0382360693137569,,4.94199
Brunei Darussalam,2018,72.1062618595825,0.759013282732448,1.01764195887903,30988.1190267227,83.0759013282732,1.11655140087142,100.0,2722.0,5270.0,0.00878391002301071,,4.94199
Brunei Darussalam,2019,72.1062618595825,0.759013282732448,0.986055130118515,30426.5730656528,84.0,1.07311763309346,100.0,2722.0,5270.0,0.0289398913908487,,4.94199
Brunei Darussalam,2020,72.1062618595825,0.759013282732448,1.21750283610591,26834.3592233943,84.896394686907,1.03781376044761,100.0,2722.0,5270.0,0.0188953298165559,,4.94199
Brunei Darussalam,2021,72.1062618595825,0.759013282732448,1.25629022275081,31006.9636289785,85.715559772296,0.949608642411604,100.0,2722.0,5270.0,0.0257121956380316,,4.94199
Brunei Darussalam,2022,72.1062618595825,0.759013282732448,1.09616028876241,36632.9280952155,86.4079696394687,0.81858179169263,100.0,2722.0,5270.0,0.0111972755836164,,4.94199
Bulgaria,2000,30.507095724487,31.8720057850493,10.970482362947,1621.26210738992,73.8513242339329,-0.178227572734904,,608.0,110630.0,2.74035629785793,92.9274464693374,42.7105
Bulgaria,2001,30.834312573443,31.3386965560879,10.6032532421664,1770.90704918691,72.3957516044473,-0.63229130442258,,608.0,110630.0,2.40592205809476,79.3534606296674,42.7105
Bulgaria,2002,31.6856617647059,30.8363970588235,9.71056962763958,2092.98288625558,72.0327297794118,-1.75362841741821,,608.0,108800.0,2.34700169748227,73.528507135529,42.7105
Bulgaria,2003,32.0272133860439,30.5507033189299,9.09562775017386,2719.49436859287,71.4841132665257,-0.368563396885562,,608.0,108770.0,2.30643283967523,66.3590388601474,42.7105
Bulgaria,2004,32.3630011033468,30.4615667524825,8.45218537659142,3389.68743360274,70.953107760206,-0.556535209871054,,608.0,108760.0,2.09360532170032,62.8051151479317,42.7105
Bulgaria,2005,32.7319587628866,29.2065537555228,7.28368572889434,3899.82596332878,70.4986377025037,-0.513513532084883,,608.0,108640.0,1.77853902168179,61.7897122108128,42.7105
Bulgaria,2006,33.0682132007733,28.8318144159072,6.09628492053004,4523.1465578805,69.9716652858326,-0.161253174497776,,608.0,108630.0,1.70618042885315,83.5303829724867,42.7105
Bulgaria,2007,33.407605192892,28.404382653531,4.65178489194212,5888.57081403932,69.4718534204953,-0.484706826927714,,608.0,108610.0,1.67812325754495,106.474863441669,42.7105
Bulgaria,2008,33.7409078353743,28.4320044194826,5.86962692201849,7271.30338858025,68.98592210662,-0.394429805799949,,608.0,108610.0,1.16829935374854,102.355249001114,42.7105
Bulgaria,2009,34.0899042004421,28.9793662490789,4.23578565966123,6988.27316296465,68.5744565217391,-0.082219130088333,,608.0,108560.0,0.934957691312628,110.575238378222,42.7105
Bulgaria,2010,34.4233603537214,29.3478260869565,4.03250076157469,6853.94805511171,68.1245302137067,-0.35970681350484,,608.0,108560.0,1.37788480180638,102.154723903704,42.7105
Bulgaria,2011,34.6002210759027,29.9373618275608,4.66136906796064,7849.58061302818,67.6890935887988,0.878627709438502,,608.0,108560.0,1.32014048652897,85.4390374104161,42.7105
Bulgaria,2012,34.777081798084,30.5545320560059,4.43014002376589,7431.95789508871,67.2981577008106,-0.361415513188157,,608.0,108560.0,1.33885646393508,95.9901816200883,42.7105
Bulgaria,2013,34.9539425202653,32.0467943994105,4.51541694501881,7795.98092108928,65.9543570375829,-1.74964823578273,,608.0,108560.0,1.28691852243152,94.6293061986107,42.7105
Bulgaria,2014,35.1308032424466,32.1112748710391,4.55871704995626,8069.60005667684,65.1581798084009,-1.04853258518919,,608.0,108560.0,1.45325861595263,83.3878250602764,42.7105
Bulgaria,2015,35.3076639646279,32.3295873249816,4.06197577427238,7268.65445473873,64.3351602800295,-1.24575275865969,,608.0,108560.0,1.36132357931114,82.2109970267088,42.7105
Bulgaria,2016,35.3813559322034,32.2033898305085,4.0548985296075,7822.49923292968,63.5053334561533,-1.19988025388411,,608.0,108560.0,1.21118281488918,76.7179340519249,42.7105
Bulgaria,2017,35.5011053795136,32.1396462785556,4.04317689807308,8696.68930427924,62.6701179071481,-1.02990764186942,,608.0,108560.0,1.21362329588775,71.0172266155605,42.7105
Bulgaria,2018,35.6208548268239,32.0375829034635,3.40461542057457,9849.38397225174,61.816488577745,-1.08604770687718,,608.0,108560.0,1.30416633063279,62.8196158803579,42.7105
Bulgaria,2019,35.7406042741341,32.0191599115696,3.20205597512235,10353.7204584127,60.9499447310243,-1.25421805522404,,608.0,108560.0,1.16984943355447,60.9206861477362,42.7105
Bulgaria,2020,35.8603537214444,32.1665438467207,3.43599846300539,10760.211975413,60.3417096536478,-1.53644759703136,,608.0,108560.0,0.951952987293208,68.9203679357025,42.7105
Bulgaria,2021,35.9801031687546,32.2402358142962,4.32894729732106,12966.1457543396,59.9419767870302,-0.633598562114185,,608.0,108560.0,0.922793515948542,55.4591810194464,42.7105
Bulgaria,2022,36.0998526160649,31.9454679439941,3.71136413583789,13999.1949530956,59.5532148120855,-0.469305922567666,,608.0,108560.0,0.820647822352204,55.1420198890214,42.7105
Burkina Faso,2000,26.3760964912281,18.7833263888889,24.9140364618327,248.908526921752,43.5875219298246,7.62879177550086,0.6,748.0,273600.0,58.0195756375657,48.7863677720035,12.3605
Burkina Faso,2001,26.1933479532164,19.2432331871345,26.9204304323679,259.485223380436,44.9378691520468,7.7116655529497,0.6,748.0,273600.0,55.6264355804096,47.6987840842342,12.3605
Burkina Faso,2002,26.0105994152047,19.7031399853801,26.3724484751209,285.654087637533,46.348307748538,7.5795709254613,0.7,748.0,273600.0,61.4660503032093,43.6036836585019,12.3605
Burkina Faso,2003,25.827850877193,20.1630467836257,25.9609768246545,362.373899996953,47.8162719298246,7.28008333746817,0.7,748.0,273600.0,72.4526972835873,37.5117673258691,12.3605
Burkina Faso,2004,25.6451023391813,20.6229532163743,23.3814384513092,403.81283743461,49.3440533625731,6.84884950664997,0.8,748.0,273600.0,75.4446081976562,35.9675476454255,12.3605
Burkina Faso,2005,25.4623538011696,21.0828600146199,26.7709190270281,441.164148016012,50.9215021929825,6.27808469740722,0.8,748.0,273600.0,74.7159551938472,33.0686776652641,12.3605
Burkina Faso,2006,25.2796052631579,21.5427668128655,25.2289761645165,455.513655620024,52.5354788011696,5.5204727764138,0.9,748.0,273600.0,,17.5211107667213,12.3605
Burkina Faso,2007,25.0968567251462,22.0026736111111,21.8394874058463,514.684451177238,54.1531688596491,4.88377868131355,1.0,748.0,273600.0,54.3458263405384,25.9043169252733,12.3605
Burkina Faso,2008,24.9141081871345,22.4625804093567,27.314280245881,619.437533256264,55.7678837719298,4.61804701256379,1.0,748.0,273600.0,33.4508600847919,28.411771846923,12.3605
Burkina Faso,2009,24.7313596491228,22.9224868421053,23.2048471286094,601.569520671859,57.419831871345,4.54039680545131,1.1,748.0,273600.0,25.5723378201565,39.8899522491126,12.3605
Burkina Faso,2010,24.5486111111111,23.3823936403509,24.1433866229434,624.957252224766,59.1246271929825,4.47137126154822,1.2,748.0,273600.0,16.6146203970016,49.0210269923812,12.3605
Burkina Faso,2011,24.3657894736842,23.8423004385965,23.043650452489,725.024767725475,60.8987865497076,4.41061818413126,1.2,748.0,273600.0,11.2205941434491,51.5649433752892,12.3605
Burkina Faso,2012,24.1829678362573,24.3022072368421,23.7560050181575,731.470138867833,62.764206871345,4.36448216727922,1.3,748.0,273600.0,13.26819656398,60.7622601114067,12.3605
Burkina Faso,2013,24.0001461988304,24.7621140350877,23.6410927919708,759.762065168498,64.6762024853801,4.22685053238766,1.4,748.0,273600.0,18.8382784680538,68.3909839730337,12.3605
Burkina Faso,2014,23.8173245614035,25.2220204678363,23.6937727725999,764.861675106225,66.6281469298246,4.06394733568158,1.6,748.0,273600.0,17.8489612778816,77.2449730208755,12.3605
Burkina Faso,2015,23.6345029239766,25.6819272660819,22.6464984902029,630.124750752312,68.6311659356725,3.90316251357792,1.7,748.0,273600.0,13.5184783010397,111.588257916983,12.3605
Burkina Faso,2016,23.4517543859649,26.1418340643275,21.7147178290213,663.742364842886,70.6683333333333,3.70295599634333,1.8,748.0,273600.0,16.9946140954172,83.6087932611822,12.3605
Burkina Faso,2017,23.2690058479532,26.6017408625731,20.5855872188282,709.091535894695,72.713475877193,3.453237263364,2.0,748.0,273600.0,12.6878244440675,94.0623582632253,12.3605
Burkina Faso,2018,23.0862573099415,27.0616472953216,20.9974732840091,777.465618514048,74.7013450292398,3.10525103527391,2.1,748.0,273600.0,9.82394775021116,69.0514156278439,12.3605
Burkina Faso,2019,22.9035087719298,27.5215540935673,18.2205245524421,764.853077774946,76.6153216374269,2.66592775967332,2.3,748.0,273600.0,10.8697713138554,59.7717694385558,12.3605
Burkina Faso,2020,22.7207602339181,27.9814608918129,17.9151635677562,825.237038782475,78.5039839181287,3.34653648375742,2.6,748.0,273600.0,6.03078780907105,57.1113882568484,12.3605
Burkina Faso,2021,22.5380116959064,28.4413676900585,17.2902157538449,895.535288442991,80.3919700292398,4.08275479819578,2.9,748.0,273600.0,9.008462733674,55.0365504706363,12.3605
Burkina Faso,2022,22.3552631578947,28.9012744883041,20.6297606481805,827.330843486661,82.2698757309942,4.03846027131982,3.2,748.0,273600.0,10.6348234807574,54.9423521840175,12.3605
Burundi,2000,7.55218068535826,37.3831775700935,44.1070401093686,134.537861752389,251.954595015576,4.42724757676657,0.2,1218.0,25680.0,7.14257562714575,127.247625647928,3.3784
Burundi,2001,7.55218068535826,37.9672897196262,43.8431420582797,132.159554541932,258.347546728972,4.92850345870584,0.2,1274.0,25680.0,0.715779830267882,126.496858951287,3.3784
Burundi,2002,7.55218068535826,38.3956386292835,43.3336112421252,120.952308575468,265.73722741433,5.33658858683554,0.2,1274.0,25680.0,1.32789776578776,151.804954128867,3.3784
Burundi,2003,7.55218068535826,38.5514018691589,42.8412837005394,111.406682804391,274.266121495327,5.78733223507489,0.2,1274.0,25680.0,0.320237795989737,175.849196871252,3.3784
Burundi,2004,7.55218068535826,38.3566978193146,41.9026049689034,125.194965184533,284.682866043614,6.48341658412648,0.2,1274.0,25680.0,0.554081127078972,152.927943930632,3.3784
Burundi,2005,7.55218068535826,37.2274143302181,40.8481233922949,147.234619294225,295.455568535826,6.61031395369321,0.2,1274.0,25680.0,2.20042884433609,117.152931576234,3.3784
Burundi,2006,7.55218068535826,36.5654205607477,40.6376822658218,161.892755640319,306.290771028037,6.64836041653792,0.2,1274.0,25680.0,2.34708721929216,108.489325868382,3.3784
Burundi,2007,7.55218068535826,36.6822429906542,34.9341719197591,166.162744906755,317.829984423676,6.90321841176974,0.2,1274.0,25680.0,4.20835915835928,104.40031697488,3.3784
Burundi,2008,7.55218068535826,36.7990654205608,38.0048233017065,189.502074570768,331.216394080997,7.48157827841844,0.2,1274.0,25680.0,3.27925469860674,86.4859445638783,3.3784
Burundi,2009,7.55218068535826,36.9158878504673,36.8532403738342,198.431524048225,348.428582554517,8.86724618071864,0.2,1274.0,25680.0,3.5852198074856,34.4118134879002,3.3784
Burundi,2010,7.55218068535826,36.993769470405,38.4305452876335,216.727705301976,365.126323987539,9.20944822168978,0.2,1274.0,25680.0,4.35703888967156,30.7174205499981,3.3784
Burundi,2011,8.2196261682243,38.9408099688474,36.7043515146528,230.069761381132,378.425934579439,8.70036095016159,0.2,1274.0,25680.0,3.39134780502933,27.2753185367529,3.3784
Burundi,2012,8.88707165109034,39.9922118380062,35.5104159871754,231.098787811507,392.173987538941,9.14294188066085,0.2,1274.0,25680.0,2.36298173118587,28.5334432668174,3.3784
Burundi,2013,9.55451713395639,41.0436137071651,38.3671182602277,234.844770150871,406.516394080997,9.48944364876661,0.1,1274.0,25680.0,0.906211789421113,27.7256926440413,3.3784
Burundi,2014,10.2219626168224,42.095015576324,34.9578238431604,250.544492155185,420.552375389408,9.50368804171174,0.2,1274.0,25680.0,0.317841157634985,25.6132540353277,3.3784
Burundi,2015,10.8894080996885,43.1464174454829,35.2477391830275,254.402585226788,430.201713395639,8.4949542888441,0.1,1274.0,25680.0,2.51133698509108,20.1955195118146,3.3784
Burundi,2016,10.8894080996885,44.1978193146417,35.5553158342758,232.937812100153,437.673325545171,7.98774207472562,0.1,1274.0,25680.0,0.774417075939365,22.8401921043702,3.3784
Burundi,2017,10.8894080996885,45.2492211838006,37.4034350043265,246.060725714184,448.082632398754,8.59299773061035,0.1,1274.0,25680.0,0.267791381116554,22.3269256387722,3.3784
Burundi,2018,10.8894080996885,46.3006230529595,35.3539025487206,245.661678332009,461.816433021807,9.18830907813434,0.1,1274.0,25680.0,0.0524408223226475,22.2147815852055,3.3784
Burundi,2019,10.8894080996885,47.3520249221184,34.2483545998177,234.31061590725,477.232710280374,9.34095492036934,0.1,1274.0,25680.0,0.0439300091481734,24.3310399153694,3.3784
Burundi,2020,10.8894080996885,48.4034267912773,30.5448278523738,255.8324539389,491.317601246106,8.82413774093098,0.1,1274.0,25680.0,0.0569134668726529,24.9628147442442,3.3784
Burundi,2021,10.8894080996885,49.4548286604361,33.162974332658,264.980379269655,504.886331775701,8.47552856935213,0.1,1274.0,25680.0,0.136350752193933,35.0577385162281,3.3784
Burundi,2022,10.8894080996885,50.3702686915888,34.6837209386611,302.992505263552,518.734306853583,8.27635879274974,0.1,1274.0,25680.0,0.0518708321392505,28.2437372763755,3.3784
Cabo Verde,2000,9.8560794044665,10.9181141439206,12.8717827032774,1189.51479345891,112.485607940447,3.12326771114376,29.8,228.0,4030.0,0.0319044939334199,60.8757417668506,14.9218
Cabo Verde,2001,9.93052109181141,11.4143920595534,11.4157660193474,1223.33055331575,114.216625310174,3.07825657547249,29.3,228.0,4030.0,,62.0508060171613,14.9218
Cabo Verde,2002,10.0049627791563,11.6625310173697,10.3514712488974,1328.57874270666,115.892307692308,2.89581866204217,29.1,228.0,4030.0,0.000395680264344564,64.0311671711992,14.9218
Cabo Verde,2003,10.0794044665012,11.6625310173697,10.1436982527383,1717.97565369655,117.46476426799,2.70487077117372,29.1,228.0,4030.0,5.90212644060915,55.2618528555334,14.9218
Cabo Verde,2004,10.1538461538462,11.9106699751861,9.86346771915503,1929.49081468781,118.950372208437,2.55872209777565,29.2,228.0,4030.0,,51.1923988249657,14.9218
Cabo Verde,2005,10.2282878411911,11.9106699751861,9.00118732269349,2004.14680417563,120.375930521092,2.46243162201188,29.2,228.0,4030.0,0.0,50.8730033274413,14.9218
Cabo Verde,2006,10.302729528536,11.9106699751861,8.3187121345924,2256.99666191075,121.768734491315,2.41473965861488,29.7,228.0,4030.0,0.0,49.3282468372477,14.9218
Cabo Verde,2007,10.3771712158809,11.9106699751861,6.09468707137093,3324.57675212498,123.124069478908,2.38738037792844,30.3,228.0,4030.0,0.0,35.8772938012979,14.9218
Cabo Verde,2008,10.4516129032258,12.4069478908189,5.31578241870627,3908.64885822576,124.40570719603,2.35362682827583,30.9,228.0,4030.0,,32.7383904262931,14.9218
Cabo Verde,2009,10.5260545905707,12.4069478908189,6.02632246585572,3659.72046361628,125.593300248139,2.32578162495795,31.9,228.0,4030.0,0.0428411456177847,40.0472340793016,14.9218
Cabo Verde,2010,10.6004962779156,12.4069478908189,5.82909277007133,3579.46006137809,126.497270471464,2.16948851048454,33.0,228.0,4030.0,0.0,50.5191117434846,14.9218
Cabo Verde,2011,10.6749379652605,12.4069478908189,5.39925327001121,4002.01386888785,126.909925558313,1.84272226771072,34.0,228.0,4030.0,0.000467085384401768,52.7704943299126,14.9218
Cabo Verde,2012,10.7493796526055,12.4069478908189,5.79088758494564,3736.81517011087,127.035980148883,1.65562755777489,35.5,228.0,4030.0,0.0327845955253196,87.4461943700545,14.9218
Cabo Verde,2013,10.8238213399504,12.4069478908189,5.82359125603063,3960.97596791345,127.102977667494,1.64464391473185,37.1,228.0,4030.0,0.0226945773945481,100.211107068706,14.9218
Cabo Verde,2014,10.8982630272953,12.4069478908189,5.73506923863287,3985.60706548134,127.128039702233,1.64324666202082,38.4,228.0,4030.0,0.000223856849812537,95.0517280164041,14.9218
Cabo Verde,2015,10.9727047146402,12.4069478908189,6.4082863760272,3415.06266730931,127.144913151365,1.66511437935516,40.3,228.0,4030.0,0.00489156870573357,108.898740758427,14.9218
Cabo Verde,2016,11.0471464019851,12.4069478908189,6.31352277353712,3608.96605234906,127.184615384615,1.70726295941253,42.2,228.0,4030.0,,102.626920378854,14.9218
Cabo Verde,2017,11.12158808933,12.4069478908189,5.37533502619645,3893.09571382506,127.268734491315,1.76344743706428,44.2,228.0,4030.0,1.80233210960991e-05,109.265288203302,14.9218
Cabo Verde,2018,11.1960297766749,12.4069478908189,4.52276867410321,4294.96510035729,127.398263027295,1.81675714123481,46.3,228.0,4030.0,,96.8787144558663,14.9218
Cabo Verde,2019,11.2704714640199,12.4069478908189,4.437360866953,4380.78117331128,127.569230769231,1.86394088037893,48.6,228.0,4030.0,9.15866053786242e-05,97.4432945234761,14.9218
Cabo Verde,2020,11.3449131513648,12.4069478908189,6.19132745485182,3539.22661248299,127.711910669975,1.85356158998151,51.0,228.0,4030.0,0.000427569428092739,136.237789037921,14.9218
Cabo Verde,2021,11.4193548387097,12.4069478908189,5.97147405923183,3971.44409203423,128.200744416873,2.11885242169885,53.1,228.0,4030.0,0.0820121077128522,121.406606891511,14.9218
Cabo Verde,2022,11.4937965260546,12.4069478908189,4.95404868851136,4323.31362032709,128.967990074442,1.76688526313227,55.3,228.0,4030.0,0.0,108.275748298134,14.9218
Cambodia,2000,61.0752322682982,20.9607976433265,35.5277357364566,296.426687526334,70.6001359619307,2.19895630421638,0.9,1904.0,176520.0,2.87291322844594,58.9890200594618,11.5556
Cambodia,2001,60.9665930206209,20.9607976433265,32.9653772534886,327.500984314444,71.7113301608883,2.06756561447297,1.0,1904.0,176520.0,2.34668803849888,54.4127011258918,11.5556
Cambodia,2002,60.8579537729436,20.9607976433265,29.6110046760937,350.147276634294,72.8259743938364,1.99523870051082,1.3,1904.0,176520.0,2.1555435948509,55.4364307675912,11.5556
Cambodia,2003,60.7493145252663,20.9607976433265,29.4743795697528,386.691123931778,73.934783593927,1.95965465238348,1.5,1904.0,176520.0,2.10628339444196,55.0680862607405,11.5556
Cambodia,2004,60.6406752775889,20.9607976433265,26.6286627547039,444.199067529081,75.0324665760254,1.96587252867563,1.6,1904.0,176520.0,1.76585454348127,50.9863394730641,11.5556
Cambodia,2005,60.5320360299116,20.9607976433265,27.4457888917427,525.797325120926,76.1341604350782,2.04023747372197,1.9,1904.0,176520.0,1.58108190015244,43.2899682938907,11.5556
Cambodia,2006,60.4233967822343,20.9607976433265,26.2857429362019,612.252648550727,77.2661907999094,2.19465497553282,2.1,1904.0,176520.0,1.62779996263186,37.766117598302,11.5556
Cambodia,2007,60.314757534557,20.9607976433265,25.4656283422573,731.692295125426,78.4147405393157,2.37419227439471,2.4,1904.0,176520.0,1.57165637687512,22.9377892017391,11.5556
Cambodia,2008,60.2061182868797,20.9607976433265,28.0340869915092,866.283999789749,79.6140890550646,2.81784476240447,2.7,1904.0,176520.0,0.901295295919047,22.5419434998511,11.5556
Cambodia,2009,60.0974790392024,20.9607976433265,28.0893239418879,875.748936193569,80.8792771357353,4.2892191883162,3.1,1904.0,176520.0,1.16267008352763,27.4111258405771,11.5556
Cambodia,2010,59.988839791525,21.2327215046454,27.8742916555508,952.274616324008,82.1477792884659,6.03531538358603,3.7,1904.0,176520.0,2.28678383932197,29.9079298562711,11.5556
Cambodia,2011,58.0146612281894,21.5029107183322,28.0358544598065,1088.98152823081,83.4046227056424,7.30891542673121,4.3,1904.0,176520.0,3.6893174108227,30.0346821119454,11.5556
Cambodia,2012,56.0404826648538,21.8239984137775,26.7953499375283,1192.80263041673,84.6651087695445,8.23181776993511,5.3,1904.0,176520.0,3.30636333544115,39.3601562466476,11.5556
Cambodia,2013,54.0663041015182,21.9925458871516,24.447155140413,1305.6600972686,85.9404486743712,8.83507933051835,6.5,1904.0,176520.0,3.5525461953456,40.1421051269754,11.5556
Cambodia,2014,52.0921255381826,22.1610927940177,22.1938152404445,1431.56396469993,87.2239519601178,9.15095326291101,8.05,1904.0,176520.0,3.78702707804472,39.412843059426,11.5556
Cambodia,2015,50.117946974847,22.3296397008838,20.1408488554582,1547.32010444393,88.5069737140267,9.2346421781822,9.8,1904.0,176520.0,2.13168402232173,40.7230142466134,11.5556
Cambodia,2016,49.2359506004985,22.4981871742579,18.9079815555917,1675.19555711109,89.8074042601405,9.1684596553929,12.4,1904.0,176520.0,2.03928563112407,39.453958463476,11.5556
Cambodia,2017,48.35395422615,22.666734081124,17.8681771583586,1826.35391688754,91.0569453886245,8.90068697489984,15.4,1904.0,176520.0,2.8596606106038,40.5247372404151,11.5556
Cambodia,2018,47.4719578518015,22.83528098799,16.4979479082228,2036.67377566578,92.1964763199638,8.4802293554275,19.1,1904.0,176520.0,2.20747904890469,42.5790223236554,11.5556
Cambodia,2019,46.589961477453,23.0038284613642,15.4385065177157,2225.87705485686,93.3679129843644,6.29473515740915,23.8,1904.0,176520.0,1.6858274378469,43.8420604692945,11.5556
Cambodia,2020,45.7079651031045,23.1723753682302,17.0396522911435,2081.73914242939,94.7511556764106,2.0993035471418,29.3,1904.0,176520.0,1.72923080433483,52.1880996073284,11.5556
Cambodia,2021,44.825968728756,23.3409228416044,16.9044143710096,2167.40324198499,96.160803308407,2.16860829481836,35.45,1904.0,176520.0,2.64743870808003,56.7989386581107,11.5556
Cambodia,2022,43.9439723544074,23.3409228416044,16.5440859884848,2325.03050040841,97.4491502379334,1.99047011493218,41.9,1904.0,176520.0,2.16753890779132,58.4582111650594,11.5556
Cameroon,2000,45.6886674705422,12.6081529902054,18.1177424642566,708.565731625965,31.5471028749127,3.80386520381468,1.0,1604.0,472710.0,9.09996521141502,105.913054667327,3.8721
Cameroon,2001,45.541217659876,12.6081529902054,18.6209582669445,715.470296470585,32.3866429734933,3.7398306237181,1.1,1604.0,472710.0,21.2501760148118,95.0454107435772,3.8721
Cameroon,2002,45.3937678492099,12.6081529902054,18.2716803952334,789.623811072554,33.2667555160669,3.73669307454353,1.2,1604.0,472710.0,10.0196413536693,87.6048650685293,3.8721
Cameroon,2003,45.2463180385437,12.6081529902054,17.473784234889,988.241276791846,34.1865837405598,3.72468900917391,1.3,1604.0,472710.0,9.67894320681064,73.8699983635691,3.8721
Cameroon,2004,45.0988682278776,12.6081529902054,17.5609527218813,1133.39326749673,35.1388525734594,3.68602843223233,1.4,1604.0,472710.0,12.0379827343308,58.925792135495,3.8721
Cameroon,2005,44.9514184172114,12.6144993759387,16.734176851979,1142.62466252106,36.1206532546381,3.58474428382333,1.5,1604.0,472710.0,19.290155665895,40.4822044777476,3.8721
Cameroon,2006,44.8039686065452,12.6144993759387,15.6250817945247,1191.45458990968,37.1272175329483,4.01791443003393,1.7,1604.0,472710.0,16.5905908001061,16.5481786368995,3.8721
Cameroon,2007,44.6565187958791,12.6144993759387,15.8575319059376,1325.67248215933,38.1838674874659,3.81386179296223,1.8,1604.0,472710.0,14.2718527197199,13.170789571206,3.8721
Cameroon,2008,44.5090689852129,12.6144993759387,16.0011918854665,1492.14269801453,39.2927080027924,3.63047789347456,2.0,1604.0,472710.0,30.7985405984375,10.3863093253458,3.8721
Cameroon,2009,44.3616191745468,12.6144993759387,16.3871903453991,1461.38999232337,40.4348839669142,3.63228149370686,2.1,1604.0,472710.0,26.5648780633847,11.6371596505369,3.8721
Cameroon,2010,44.2141693638806,13.1158638488714,17.2697108767217,1398.58702025047,41.607044488164,3.60595579565578,2.2,1604.0,472710.0,14.7951143949213,11.7099774171232,3.8721
Cameroon,2011,44.0957034968585,13.1158638488714,16.6973907363193,1513.96056994878,42.8006684859639,3.55825175007158,2.4,1604.0,472710.0,31.5550189862974,10.2035511971683,3.8721
Cameroon,2012,43.9772376298365,13.1158638488714,16.6572401682217,1449.09874362279,44.0217659876034,3.52450092325214,2.6,1604.0,472710.0,15.6917090094858,13.0860543251885,3.8721
Cameroon,2013,43.8587717628144,13.1158638488714,16.7236611922507,1575.92882118897,45.2759112352182,3.50227847270815,2.8,1604.0,472710.0,15.9295849523522,15.6371849847079,3.8721
Cameroon,2014,43.7403058957923,13.1158638488714,16.8258381780095,1649.4433905949,46.6668634046244,3.70092347007428,2.9,1604.0,472710.0,14.3252635995595,16.1486134651534,3.8721
Cameroon,2015,43.6218400287703,13.1158638488714,17.2094159041593,1415.00009710569,48.1551352837892,3.79625667917574,3.1,1604.0,472710.0,16.875633853282,22.9906774662358,3.8721
Cameroon,2016,43.5033741617482,13.1158638488714,17.1926623891151,1441.7201725688,49.6163842525015,3.62822886976368,3.3,1604.0,472710.0,30.0289170759368,23.7253706528744,3.8721
Cameroon,2017,43.3849082947262,13.1158638488714,16.6929418227731,1496.08951771242,51.0431363838294,3.45594975125264,3.6,1604.0,472710.0,21.3291630012956,28.3602661682383,3.8721
Cameroon,2018,43.2664424277041,13.1158638488714,16.4988006978593,1610.69641591017,52.4769583888642,3.37336649428071,3.9,1604.0,472710.0,20.2560538144773,28.0621238720245,3.8721
Cameroon,2019,43.147976560682,13.1158638488714,16.8022835644401,1555.22660476477,53.9571724736096,3.36687989748001,4.1,1604.0,472710.0,17.064899729145,33.2997557994886,3.8721
Cameroon,2020,43.02951069366,13.1158638488714,17.4968650540914,1555.60370660749,55.4474371178947,3.29194071591452,4.3,1604.0,472710.0,20.4169562341574,36.8702826869217,3.8721
Cameroon,2021,42.9110448266379,13.1158638488714,16.9592035415957,1672.32657340872,56.9392608576083,3.20467043533678,4.7,1604.0,472710.0,18.6300696467679,34.7277913710517,3.8721
Cameroon,2022,42.7925789596158,13.1158638488714,16.5461644132745,1604.87726954895,58.4560745488777,3.16105545017565,5.0,1604.0,472710.0,14.0129094577247,34.9721858052416,3.8721
Canada,2000,38.7929818338782,4.56980522196531,2.09165300710719,24271.0020563821,3.42261133957721,1.16731088703444,100.0,537.0,8965590.0,6.60775234921158,,45.4215
Canada,2001,38.7876307080739,4.56723985816884,2.11789067175753,23822.096210932,3.45999036315513,1.35567841809064,100.0,537.0,8965590.0,5.97025646943613,,45.4215
Canada,2002,38.7822795822695,4.5300978518982,1.98762322116267,24256.0192337185,3.497728426127,1.41092492598597,100.0,537.0,8965590.0,5.48795760977214,,45.4215
Canada,2003,38.7769284564652,4.49295584562756,2.05309139249344,28301.8645937428,3.529322777419,1.26815659186692,100.0,537.0,8965590.0,5.07554404605417,,45.4215
Canada,2004,38.7715773306609,4.45581383935692,2.16781311109181,32145.5412620217,3.56237648609852,1.31051014712804,100.0,537.0,8965590.0,5.77344572891055,,45.4215
Canada,2005,38.7662262048566,4.41867183308628,1.88031145780062,36383.6600068095,3.59627553791775,1.30251629121625,100.0,537.0,8965590.0,4.99521721097556,,45.4215
Canada,2006,38.7608750790522,4.38152982681564,1.70101845949482,40504.0370977806,3.63291127522004,1.31694665786845,100.0,537.0,8965590.0,4.6943633205908,,45.4215
Canada,2007,38.7555239532479,4.33702634182469,1.58716073171659,44660.0838892281,3.66834597611535,1.24887120396072,100.0,537.0,8965590.0,4.27375925333266,,45.4215
Canada,2008,38.7501728274436,4.29252285683374,1.76827354801333,46710.2526864484,3.70832237476842,1.35739939686093,100.0,537.0,8965590.0,3.42696431851598,,45.4215
Canada,2009,38.7448217016393,4.24801937184279,1.5498932753953,40874.8831932903,3.75101571675707,1.38775584514494,100.0,537.0,8965590.0,3.52775090945059,,45.4215
Canada,2010,38.7394705758349,4.20351588685184,1.49323608111661,47560.6666009406,3.79293521117963,1.30027665386689,100.0,537.0,8965590.0,4.11515921036401,,45.4215
Canada,2011,38.7348640747569,4.15867778919179,1.76566446625627,52223.8588398531,3.83011279793076,1.08773638886182,100.0,537.0,8965590.0,3.90067821221146,,45.4215
Canada,2012,38.7302575736789,4.18645064072749,1.81134574390941,52670.3447335415,3.8718472515473,1.14316744184132,100.0,537.0,8965590.0,3.63659293131754,,45.4215
Canada,2013,38.7256510726009,4.2142234922632,1.89423151227836,52638.1187235237,3.91284812265562,1.09291862874073,100.0,537.0,8965590.0,4.06756821800269,,45.4215
Canada,2014,38.7210445715229,4.2419963437989,1.58654807741954,50960.8431174661,3.9522291338328,1.03558991869828,100.0,537.0,8965590.0,4.15502281513133,,45.4215
Canada,2015,38.7164380704449,4.26988073289098,1.86983594598587,43594.1941045394,3.98239245827659,0.803862028871096,100.0,537.0,8965590.0,4.42305080914693,,45.4215
Canada,2016,38.7120133755838,4.29754204687031,1.86222589313529,42314.0615817218,4.02771072511681,1.20011528869285,100.0,537.0,8965590.0,4.7667052980191,,45.4215
Canada,2017,38.7078876013737,4.29519975818658,1.88999463244888,45129.628116623,4.07614836279598,1.3178563611904,100.0,537.0,8965590.0,4.55750721936484,,45.4215
Canada,2018,38.7037629425392,4.31538805588924,1.69989157622406,46539.1761570405,4.13498944297029,1.61504670889367,100.0,537.0,8965590.0,4.49095762617922,,45.4215
Canada,2019,38.6996371683291,4.31070347852177,1.69707935336103,46352.8693445211,4.19587500655283,1.68994141226541,100.0,537.0,8965590.0,3.41210335649625,,45.4215
Canada,2020,38.6955125094946,4.26463846774167,1.83978931118122,43537.839298904,4.24162135453439,1.34660379355715,100.0,537.0,8965590.0,3.88146562106318,,45.4215
Canada,2021,39.4701279256318,4.35320354546179,1.59798786504057,52886.6616372703,4.351026204103,0.830440218936475,100.0,537.0,8788700.0,4.49058046813512,,45.4215
Canada,2022,39.4659199995449,4.3631026204103,,56256.8007264015,4.43022676846405,2.01318516880807,100.0,537.0,8788700.0,3.47102276852711,,45.4215
Cayman Islands,2000,53.875,0.833333333333333,,,165.308333333333,3.56640069722567,,,240.0,,,19.3022
Cayman Islands,2001,53.7875,0.833333333333333,,,171.204166666667,3.50443844716451,,,240.0,,,19.3022
Cayman Islands,2002,53.7,0.833333333333333,,,177.141666666667,3.40929876733717,,,240.0,,,19.3022
Cayman Islands,2003,53.6125,0.833333333333333,,,183.058333333333,3.28550743410603,,,240.0,,,19.3022
Cayman Islands,2004,53.525,0.833333333333333,,,188.966666666667,3.17657692300086,,,240.0,,,19.3022
Cayman Islands,2005,53.4375,0.833333333333333,,,194.95,3.11724827664581,,,240.0,,,19.3022
Cayman Islands,2006,53.35,0.833333333333333,0.233902314810638,87085.0945866141,200.966666666667,3.03959413986438,,,240.0,,,19.3022
Cayman Islands,2007,53.2625,0.833333333333333,0.249992681417999,89888.2611264853,207.029166666667,2.97206282837332,,,240.0,,,19.3022
Cayman Islands,2008,53.175,0.833333333333333,0.262355093309578,89655.1185574521,213.129166666667,2.90387130778235,,,240.0,,,19.3022
Cayman Islands,2009,53.0875,0.833333333333333,0.314234469058315,81373.5721242232,219.241666666667,2.827622397931,,,240.0,,,19.3022
Cayman Islands,2010,53.0,0.833333333333333,0.312849105478957,76837.6710064442,225.4125,2.77574348652733,,,240.0,,,19.3022
Cayman Islands,2011,53.0,0.833333333333333,0.329023791194155,75280.9617699986,231.691666666667,2.74754077100958,,,240.0,,,19.3022
Cayman Islands,2012,53.0,0.833333333333333,0.330633489890753,75101.5906883232,238.066666666667,2.71432817487524,,,240.0,,,19.3022
Cayman Islands,2013,53.0,0.833333333333333,0.34097532455926,75113.7342282813,244.395833333333,2.6238432105591,,,240.0,,,19.3022
Cayman Islands,2014,53.0,0.833333333333333,0.357975839277623,75845.3055572577,250.666666666667,2.53348566839008,,,240.0,,,19.3022
Cayman Islands,2015,53.0,0.833333333333333,0.378695338763108,76379.2098777987,256.841666666667,2.43357767472909,,,240.0,,,19.3022
Cayman Islands,2016,53.0,0.833333333333333,0.39945773256778,77802.2535658023,262.916666666667,2.33773131582921,,,240.0,,,19.3022
Cayman Islands,2017,53.0,0.833333333333333,0.418316555239566,80053.9442657031,268.895833333333,2.24869427399836,,,240.0,,,19.3022
Cayman Islands,2018,53.375,0.833333333333333,0.408587438369759,83865.5540393356,274.754166666667,2.15526905432315,,,240.0,,,19.3022
Cayman Islands,2019,53.0,0.833333333333333,0.414317120759666,88254.2902486867,280.529166666667,2.08009420729087,,,240.0,,,19.3022
Cayman Islands,2020,53.0,0.833333333333333,0.435397889334994,82338.7977439023,286.183333333333,1.9954930548265,,,240.0,0.828390157141936,,19.3022
Cayman Islands,2021,52.75,0.833333333333333,0.454181072913047,86449.6749037302,292.116666666667,2.05206347593734,,,240.0,0.775875043707622,,19.3022
Cayman Islands,2022,52.6666666666667,0.833333333333333,0.46893990167683,93030.7051447803,298.295833333333,2.09324575309515,,,240.0,0.354953504335046,,19.3022
Central African Republic,2000,36.7636200199043,3.00170149924556,,239.154133726071,6.15335323766413,2.88101973712682,0.1,1343.0,622980.0,13.0761525179035,96.1632742399465,5.63056
Central African Republic,2001,36.715464380879,3.00170149924556,,237.951702544735,6.29151337121577,2.36495487368306,0.1,1343.0,622980.0,27.9013308851723,90.2675124557402,5.63056
Central African Republic,2002,36.6673087418537,3.00170149924556,,248.639290978403,6.43050659732255,2.34649320075814,0.1,1343.0,622980.0,28.0992975893843,108.255135901545,5.63056
Central African Republic,2003,36.6191531028283,3.00170149924556,,278.403992150941,6.58622427686282,2.57588395247972,0.1,1343.0,622980.0,25.4231983890354,92.0638923434588,5.63056
Central African Republic,2004,36.570997463803,3.00170149924556,,303.461321152782,6.73027384506726,2.36491849167949,0.1,1343.0,622980.0,44.6124102863341,87.5294576063468,5.63056
Central African Republic,2005,36.5228418247777,3.00170149924556,,311.950023138687,6.88434620694083,2.47963613125001,0.1,1343.0,622980.0,43.1530927478103,78.6101922659506,5.63056
Central African Republic,2006,36.4746861857524,3.00170149924556,,333.942519903031,7.02683713762882,2.28386715162959,0.1,1343.0,622980.0,27.2953583036289,72.2197221182806,5.63056
Central African Republic,2007,36.426530546727,3.00170149924556,,380.887048839475,7.16358470576905,2.18898295697007,0.1,1343.0,622980.0,48.7630161022475,60.8411918749194,5.63056
Central African Republic,2008,36.3783749077017,3.00170149924556,,437.24827472489,7.31802626087515,2.42844314334803,0.1,1343.0,622980.0,51.2213847675326,50.5874546121749,5.63056
Central African Republic,2009,36.3302192686764,2.99528074737552,38.3338681608926,456.471673898404,7.26997174869177,-0.322383081720057,0.1,1343.0,622980.0,31.4257022165537,26.6447864275611,5.63056
Central African Republic,2010,36.282063629651,2.94391473241517,37.3635795959409,476.873786950728,7.21210151208707,-0.415753911662989,0.0,1343.0,622980.0,35.8872024566233,30.434971731401,5.63056
Central African Republic,2011,36.2339079906257,2.88933834151979,37.5690227836114,534.057281471636,7.32771678063501,2.05159237549988,0.0,1343.0,622980.0,30.717129641086,25.350441708813,5.63056
Central African Republic,2012,36.1857523516004,2.88933834151979,36.8141664735428,544.395849142785,7.40127772962214,1.58245134263534,0.0,1343.0,622980.0,32.0751607965462,24.8590362138999,5.63056
Central African Republic,2013,36.137596712575,2.88933834151979,32.2589062460725,364.36696260838,7.45195511894443,1.38225059173611,0.0,1343.0,622980.0,45.7760631899324,38.1298763136538,5.63056
Central African Republic,2014,36.0894410735497,2.88933834151979,33.9856217226143,409.8504859647,7.42107611801342,0.391468071212373,0.0,1343.0,622980.0,98.947202399858,37.2299988230472,5.63056
Central African Republic,2015,36.0412854345244,2.88933834151979,31.5273810283745,366.322853938121,7.430928761758,1.03662819347201,0.0,1343.0,622980.0,19.0394364051068,43.1183201527275,5.63056
Central African Republic,2016,35.9931297954991,2.88933834151979,31.9189914897237,387.176203444318,7.56631513050178,2.79711059597392,0.0,1343.0,622980.0,32.8489844326907,40.2590003485294,5.63056
Central African Republic,2017,35.9449741564737,2.88933834151979,32.7901712257048,432.324025684263,7.6944861793316,2.74947006627498,0.0,1343.0,622980.0,12.3361568659374,35.4793945423637,5.63056
Central African Republic,2018,35.8968185174484,2.88933834151979,31.2413315121572,455.243962859534,7.83116151401329,2.89917718795956,0.0,1343.0,622980.0,29.424585662513,34.9953587772351,5.63056
Central African Republic,2019,35.8486628784231,2.88933834151979,28.3418324649438,449.228467602439,7.93717775851552,2.5427792849473,0.0,1343.0,622980.0,12.2687625520534,36.3671939851117,5.63056
Central African Republic,2020,35.8005072393977,2.88933834151979,29.4959372264099,462.879071294011,8.06868278275386,2.89208877763453,0.0,1343.0,622980.0,18.9947885839816,36.9485082980911,5.63056
Central African Republic,2021,35.7523516003724,2.88933834151979,35.7553299980455,492.263142830507,8.20588140871296,2.97708178008193,0.0,1343.0,622980.0,14.7741752895596,41.3449424897673,5.63056
Central African Republic,2022,35.7041959613471,2.88933834151979,36.2171100024119,467.359825026238,8.18331086070179,0.700804443817285,0.0,1343.0,622980.0,5.22256497380688,41.6647931673792,5.63056
Chad,2000,5.0452668360864,2.85895806861499,40.7051378475034,163.121663683369,6.75992137865311,3.58770464599491,2.5,322.0,1259200.0,,80.1535120852676,12.1048
Chad,2001,4.97990787801779,2.93837357052097,40.2954389961717,194.32295331156,6.99183926302414,3.4901591861495,2.1,322.0,1259200.0,,64.8989743999205,12.1048
Chad,2002,4.91454891994917,2.93837357052097,37.9029324681757,219.061391951349,7.23966963151207,3.58771035758799,1.9,322.0,1259200.0,,65.8772694191459,12.1048
Chad,2003,4.84918996188056,3.01778907242694,25.6339405315666,289.087621122168,7.53481019695044,4.08761005557237,1.6,322.0,1259200.0,,67.3892308056559,12.1048
Chad,2004,4.78383100381194,3.01778907242694,29.7742610425581,445.850767157087,7.87804637865311,4.53324068274152,1.4,322.0,1259200.0,,44.3304975311807,12.1048
Chad,2005,4.71847204574333,3.09720457433291,29.2819873014385,838.092107712557,8.20210609911055,4.09605123580983,1.2,322.0,1259200.0,,21.3556864281332,12.1048
Chad,2006,4.65311308767471,3.09720457433291,32.1335493075332,906.897260572747,8.50256035578145,3.64853252715221,1.0,322.0,1259200.0,,20.6796778075762,12.1048
Chad,2007,4.5877541296061,3.09720457433291,29.351416386452,980.483531485103,8.80055590851334,3.48117380347143,0.8,322.0,1259200.0,,19.1269574782718,12.1048
Chad,2008,4.52239517153748,3.09720457433291,29.0575437948301,1166.36883453841,9.11395806861499,3.52067712681126,0.7,322.0,1259200.0,,15.3836615131075,12.1048
Chad,2009,4.45703621346887,3.17662007623888,33.1566904523959,1035.63719694254,9.44548443456163,3.58610050390321,0.6,322.0,1259200.0,,15.710629637183,12.1048
Chad,2010,4.39167725540025,3.33545108005083,33.2509512944262,1141.80069268412,9.77809323379924,3.77619184872469,0.5,322.0,1259200.0,,15.745364867055,12.1048
Chad,2011,4.29002541296061,3.4148665819568,27.1563338879622,1308.1421872538,10.1294448856417,4.02620372114781,0.4,322.0,1259200.0,,14.2424469659618,12.1048
Chad,2012,4.18837357052097,3.6928208386277,27.0843972280265,1354.34344701937,10.4915803684879,4.19494118489297,0.4,322.0,1259200.0,,13.3384401878252,12.1048
Chad,2013,4.08672172808132,3.9707750952986,31.7128603274934,1304.88742971475,10.8728391041931,4.43159492885477,0.3,322.0,1259200.0,,16.8493737025949,12.1048
Chad,2014,3.98506988564168,4.12960609911055,31.1688076695246,1278.78981422494,11.2680098475222,4.60444642513961,0.3,322.0,1259200.0,,21.2331866901316,12.1048
Chad,2015,3.88341804320203,4.12960609911055,33.6210255108379,993.990730610869,11.6324817344346,4.38203688630914,0.2,322.0,1259200.0,,19.6704195343239,12.1048
Chad,2016,3.78732528589581,4.20902160101652,39.3716151096934,861.831767630746,12.0033791296061,4.49276053097361,0.2,322.0,1259200.0,,22.25738421255,12.1048
Chad,2017,3.69361499364676,4.20902160101652,38.4300853118306,854.46120040098,12.4068924714104,4.8067498781235,0.2,322.0,1259200.0,,23.6912132934158,12.1048
Chad,2018,3.60149301143583,4.20902160101652,37.6181441617191,948.656629871231,12.830790184244,4.99671796942231,0.1,322.0,1259200.0,,20.9606490268413,12.1048
Chad,2019,3.51175349428208,4.20902160101652,37.5903652533914,893.336441643325,13.2506535895807,4.98422178448643,0.1,322.0,1259200.0,,21.8161632484966,12.1048
Chad,2020,3.42519059720457,4.20902160101652,40.687470063118,866.947814890409,13.6790652795426,5.06372185820467,0.1,322.0,1259200.0,,23.5977258926379,12.1048
Chad,2021,3.33650992693774,4.20902160101652,37.4420946884713,946.358500208374,14.1584124841169,5.43382373867708,0.1,322.0,1259200.0,,21.469664495408,12.1048
Chad,2022,3.24924110546379,4.20902160101652,35.2279823985979,966.036468278568,14.6563818297332,5.54455079440034,0.1,322.0,1259200.0,,18.530654048138,12.1048
Chile,2000,21.2728705691214,2.35363104748686,5.08296243051118,5052.99245766325,20.8513352485165,1.543709260176,100.0,1522.0,743532.0,10.8434280073323,,33.475
Chile,2001,21.3950172958259,2.35363104748686,4.06242026416145,4563.5952986689,21.0937108288547,1.40985614677537,100.0,1522.0,743532.0,11.0373829723371,,33.475
Chile,2002,21.5171640225303,2.21913784477332,4.06503324753284,4430.84741157984,21.3278312164103,1.24333493224465,100.0,1522.0,743532.0,10.1554073216849,,33.475
Chile,2003,21.6393107492347,2.01739804070302,4.09477533093825,4773.40177520754,21.5522021917012,1.12485876059736,100.0,1522.0,743532.0,8.87615283361159,,33.475
Chile,2004,21.7614574759392,2.01739804070302,3.75826582540335,6120.59152055344,21.7708477913526,1.07209759160522,100.0,1522.0,743532.0,7.85936240948095,,33.475
Chile,2005,21.8836042026436,1.95015143934626,3.92221193789503,7480.32330998636,21.9879951367258,1.0422172158163,100.0,1522.0,743532.0,6.30133071661755,,33.475
Chile,2006,22.005750929348,1.81565823663272,3.71204514365714,9318.65655296121,22.2037450977228,1.01755508417991,100.0,1522.0,743532.0,4.89812734086334,,33.475
Chile,2007,22.1278976560525,1.69730421824481,3.55057108879902,10346.4138184533,22.4221432298812,1.01564895136237,100.0,1522.0,743532.0,5.82711836823225,,33.475
Chile,2008,22.2500443827569,1.76847990402565,3.42443226132978,10683.2188772511,22.6472942657478,1.0360588229595,100.0,1522.0,743532.0,6.57919893184152,,33.475
Chile,2009,22.3721911094613,1.83965572429969,3.69712695588486,10098.8017167286,22.876931994857,1.0502016492111,100.0,1522.0,743532.0,5.89838603543086,,33.475
Chile,2010,22.4943378361658,1.81466877014036,3.47828463189786,12632.8704724192,23.107901206673,1.05461577052545,100.0,1522.0,743532.0,5.54853215920746,,33.475
Chile,2011,22.7285765777398,1.90400103828752,3.62618323583881,14487.3927832032,23.3370130673596,1.04972318808154,100.0,1522.0,743532.0,5.69727712832753,,33.475
Chile,2012,22.9628153193138,1.88573874426387,3.27493353961752,15241.9069981119,23.5620242302954,1.04179427750506,100.0,1522.0,743532.0,5.63537686967214,,33.475
Chile,2013,23.1970540608878,1.94817250636153,3.47337532789926,15683.5486369155,23.7878208335351,1.06883542948556,100.0,1522.0,743532.0,6.28718326991385,,33.475
Chile,2014,23.4897141198213,1.95386771562548,3.94662062999462,14529.6767206336,24.0860324163393,1.14650064237485,100.0,1522.0,741682.76,6.77292138544034,,33.475
Chile,2015,23.7245368895995,2.0134907814225,3.7094042753649,13433.9202987032,24.333348398175,1.19545463195369,100.0,1522.0,741682.76,7.28384867533669,,33.475
Chile,2016,23.8708420449261,1.98116547303093,4.19908937129196,13649.8520452803,24.6093854617587,1.39822570998977,100.0,1522.0,742286.76,7.21423307162823,,33.475
Chile,2017,24.0364518962995,2.02511263975664,4.28097161377037,14879.9086227187,25.002288872834,1.77707410607162,100.0,1522.0,742286.76,6.83863059311091,,33.475
Chile,2018,24.2020617476728,1.9600722771884,3.92743592461123,15659.4808675628,25.4526848895971,1.9697460611581,100.0,1522.0,742286.76,7.88783912226226,,33.475
Chile,2019,24.3497974857398,1.88363799366435,3.987812171379,14495.716721687,25.84400416762,1.78688760175712,100.0,1522.0,742831.64,6.92734745193505,,33.475
Chile,2020,24.5152454733888,1.85089719657068,4.04542684409947,13114.815470545,26.0767352343796,1.08691881982985,100.0,1522.0,742831.64,5.36771948946854,,33.475
Chile,2021,24.6807203850391,2.01809524430058,3.50586436813615,16206.8325493421,26.192118041714,0.634640418623304,100.0,1522.0,742831.64,5.17365429726542,,33.475
Chile,2022,24.8461772576085,1.74588686071584,3.23467925849162,15405.6165774073,26.3222982801325,0.691700903727084,100.0,1522.0,742831.64,5.66518101318708,,33.475
China,2000,18.8534727562839,12.6797199043056,14.5272519499825,969.199513696287,134.492481002789,5.42936917155015,20.9,645.0,9388220.0,1.13361176781451,12.0674904520501,40.0495
China,2001,19.1049681205612,12.742981982665,13.8221069560341,1065.40597574519,135.473048750848,4.04073839565183,21.2,645.0,9388214.2,0.903332902441168,13.7974796431789,40.0495
China,2002,19.3564538990231,12.7849342939932,13.1294938258189,1163.55957673426,136.383779609948,4.39693854459371,21.9,645.0,9388213.2,0.808405437235526,12.5750011598232,40.0495
China,2003,19.6079386867747,12.8055826110544,12.1757600914927,1306.97245408557,137.235919250104,4.24156391258526,22.5,645.0,9388212.7,0.665370858309381,12.3787059052059,40.0495
China,2004,19.8594228667065,12.8262305311048,12.7288429360401,1530.92726215723,138.053436689892,3.58304456989003,23.5,645.0,9388212.5,0.557165857745848,12.498797023213,40.0495
China,2005,20.1109081284255,12.8522049534502,11.4828123533826,1777.64496828464,138.867766063821,3.49094616926234,24.5,645.0,9388211.8,0.534922676638298,12.4207698558109,40.0495
China,2006,20.3623927769671,12.8888306349812,10.4758623658001,2129.25696999613,139.645342881819,3.65713483288953,25.7,645.0,9388211.4,0.482900386476482,11.7149234706927,40.0495
China,2007,20.6138778860824,12.8828499568842,10.0934194559262,2734.72709877693,140.376588050196,3.94983887273664,27.0,645.0,9388210.8,0.467318553545343,10.4578919345278,40.0495
China,2008,20.8653616938384,12.9088234363038,10.0099770734138,3523.44302065213,141.097705219827,2.88174098874863,29.0,645.0,9388210.8,0.445297952373228,8.22892604529672,40.0495
China,2009,21.1168450517356,12.9294708011995,9.47299581661597,3898.24459158811,141.801244134798,3.33441700614159,31.0,645.0,9388211.0,0.463032838360104,8.77227533334717,40.0495
China,2010,21.3683288541342,12.7960801051446,9.16649906130733,4629.24551710077,142.487743405,2.31199368347925,33.6,645.0,9388211.0,0.472463702490599,12.0447325547345,40.0495
China,2011,21.574627370433,12.6413860958174,9.0338458593332,5703.76027973346,143.268509836432,5.68492664212314,36.4,645.0,9388211.0,0.550194892711403,13.8686604058138,40.0495
China,2012,21.7809258867318,12.4973437431264,8.96505673533992,6405.0574241349,144.243669001474,3.09965622046239,39.4,645.0,9388211.0,0.481148966533225,13.267674396391,40.0495
China,2013,21.9872244030306,12.39590801698,8.78442131602471,7147.03518622344,145.207643927049,3.24951694056691,42.9,645.0,9388211.0,0.460667222328343,15.3174464256464,40.0495
China,2014,22.1935229193294,12.3136452727788,8.48242940933654,7781.06597484974,146.125816729087,2.91680288008358,46.8,645.0,9388211.0,0.468830450662847,16.6392988330873,40.0495
China,2015,22.3998214356282,12.2356431912321,8.22401359479525,8175.33285077393,146.977949259981,3.37528532053127,50.5,645.0,9388211.0,0.418118022595575,11.8789197021152,40.0495
China,2016,22.6305120997506,12.0845187740794,7.90065017505416,8254.86859320357,147.822641376791,3.17308241612449,54.6,645.0,9388210.0,0.441975763216694,12.4023168814925,40.0495
China,2017,22.8306567492632,11.890871635807,7.32839239286042,8979.67652709856,148.720043543977,2.95728932457474,58.3,645.0,9388210.0,0.417099067654216,13.6631367045646,40.0495
China,2018,23.0309079153534,11.7685906045987,6.91714289236836,10085.6638148819,149.417194545073,2.5376076856921,61.8,645.0,9388210.0,0.419092383217946,13.9248882428061,40.0495
China,2019,23.2311590814436,11.6042142218804,7.00621575788341,10342.9009524335,149.948179684945,2.30265796342305,65.6,645.0,9388210.0,0.393780004623645,14.5601860956403,40.0495
China,2020,23.4313037309562,11.5894936308412,7.54018198521241,10627.4637989619,150.305542803154,1.52695413125789,68.7,645.0,9388210.0,0.329770707092844,15.634535209813,40.0495
China,2021,23.6315548970464,11.6065788899055,7.08935251618004,12887.4357242941,150.439753691066,1.95707313202645,72.0,645.0,9388210.0,0.339094401293609,15.0703683293598,40.0495
China,2022,23.8316995465589,11.5635568441694,7.14788692830171,12970.6056414327,150.42004812419,0.751201671519741,74.9,645.0,9388210.0,0.38152205665243,13.9317634143876,40.0495
Colombia,2000,56.5439387111311,2.53988283010365,8.3057195333068,2555.00751039968,35.2320270392068,2.2848085458455,34.3,2612.0,1109500.0,4.7254703001525,35.1307035253078,4.60987
Colombia,2001,56.3701928796755,2.26372329878324,8.32097267667621,2472.99084035833,35.790231635872,2.16799286636615,34.7,3240.0,1109500.0,5.28833706186945,38.2285357809693,4.60987
Colombia,2002,56.1964470482199,1.88473636773321,8.51000517684848,2428.92969771584,36.3449121225777,2.06944954660421,35.6,3240.0,1109500.0,6.01221304105092,35.2321410584203,4.60987
Colombia,2003,56.0227012167643,1.88934745380802,8.32877416512145,2311.94218760291,36.8971870211807,1.96156159247295,36.3,3240.0,1109500.0,5.53783864719401,40.8305173251463,4.60987
Colombia,2004,55.8489553853087,1.79660928346102,7.91098316231374,2818.57195413044,37.4431464623704,1.83076689126206,36.9,3240.0,1109500.0,4.48272735541723,33.8305465816031,4.60987
Colombia,2005,55.6752095538531,1.65178639026589,7.52726670177951,3456.06610874512,37.9711374493015,1.65963709218783,37.8,3240.0,1109500.0,4.54415247858718,26.4288454610035,4.60987
Colombia,2006,55.5014637223975,1.42341865705273,7.18676953071771,3789.85361217027,38.477768364128,1.53175752892236,38.5,3240.0,1109500.0,4.35770865458047,24.5225615573863,4.60987
Colombia,2007,55.3277178909419,1.57037404236142,6.93455867595786,4769.926147194,38.9683406940063,1.46690192407447,39.5,3240.0,1109500.0,4.27284803489222,22.1755705052841,4.60987
Colombia,2008,55.1539720594863,1.52489229382605,6.6873848504052,5541.83629665898,39.4401153672826,1.39357096149422,40.4,3240.0,1109500.0,3.42850536971192,20.0914383123795,4.60987
Colombia,2009,54.9802262280306,1.45745831455611,6.68974069628809,5250.97292433518,39.9022451554754,1.3435906913679,41.5,3240.0,1109500.0,3.43076181511165,23.7976051164425,4.60987
Colombia,2010,54.806480396575,1.38715187021181,6.32485387641069,6398.2958447102,40.3581063542136,1.30148378099655,43.4,3240.0,1109500.0,3.31717714604267,23.2994559987977,4.60987
Colombia,2011,54.6851410545291,1.44869130238846,6.09169610822215,7400.9940695669,40.7928021631365,1.22203107314956,45.3,3240.0,1109500.0,2.37592500675541,23.7443318388225,4.60987
Colombia,2012,54.5638017124831,1.43516719242902,5.58268705354932,8108.59838244229,41.2039747634069,1.13713538990829,47.1,3240.0,1109500.0,2.2863182365442,22.2297739762115,4.60987
Colombia,2013,54.4424623704371,1.3252248760703,5.39271495449472,8279.10255642981,41.5967408742677,1.06481703774622,49.2,3240.0,1109500.0,2.53941056163315,25.1172990915029,4.60987
Colombia,2014,54.3211230283912,1.39257232987832,5.44695721474421,8187.20824890084,41.969742226228,0.989047886543664,50.95,3240.0,1109500.0,2.78954251103475,28.2553484044421,4.60987
Colombia,2015,54.1997836863452,1.40620009013069,5.98042480849816,6248.51490534512,42.3343307796305,0.939856195848094,53.4,3240.0,1109500.0,4.0043653679333,39.1551312422504,4.60987
Colombia,2016,54.0419017575485,1.51567913474538,6.60641226605787,5959.84250367574,42.7557566471383,1.04237157660807,55.1,3240.0,1109500.0,4.68178275723536,43.2364464218603,4.60987
Colombia,2017,53.8438666065795,1.60510860748085,6.38966355268118,6479.53231292429,43.3808724650744,1.478535433614,57.0,3240.0,1109500.0,3.93054100144326,41.1813299968956,4.60987
Colombia,2018,53.6642451554754,2.01521676430825,6.22570968960033,6816.96818309544,44.1860883280757,1.91157850356555,58.5,3240.0,1109500.0,3.7746310572938,40.935302359277,4.60987
Colombia,2019,53.4846327174403,2.0873510590356,6.41072082168314,6472.54544924705,44.9824109959441,2.01760208281262,60.0,3240.0,1109500.0,4.05333009652959,44.0144816213322,4.60987
Colombia,2020,53.3050112663362,2.11305425867508,7.50848046663348,5339.68711357943,45.6331653898152,1.66675683392305,60.9,3240.0,1109500.0,4.93670062837767,58.195276425352,4.60987
Colombia,2021,53.1253958539883,2.1601922487607,7.77187301385002,6222.62164397614,46.1362532672375,1.34818422237933,62.0,3240.0,1109500.0,4.5668873886579,54.5702530730857,4.60987
Colombia,2022,52.9457763857593,2.21063542136097,8.83154473689041,6680.44506854481,46.6317656602073,1.34094381830841,62.6,3240.0,1109500.0,3.90101281557548,55.2901604295775,4.60987
Comoros,2000,22.3965609887157,34.9274583557227,29.3763199309883,633.309032776244,288.060182697474,1.72000925202685,0.2,900.0,1861.0,0.00155989640059477,66.0880618704268,11.6986
Comoros,2001,22.1612036539495,34.9274583557227,29.3762865752702,681.163857619963,294.046211714132,1.89286752389996,0.3,900.0,1861.0,0.0507848286376456,64.01136640745,11.6986
Comoros,2002,21.9258463191832,34.9274583557227,29.376012439903,764.61349832543,300.334766254702,2.00307244942228,0.4,900.0,1861.0,0.013888322255335,63.6246490862529,11.6986
Comoros,2003,21.690488984417,34.9274583557227,29.3761272595016,959.691049354812,306.178398710371,1.87773349268179,0.4,900.0,1861.0,0.0880355359749151,53.1575344952079,11.6986
Comoros,2004,21.4551316496507,34.9274583557227,29.376019929184,1072.28409029621,312.038688876948,1.94911516324547,0.5,900.0,1861.0,0.0337331732557028,48.1778567524533,11.6986
Comoros,2005,21.2197743148845,34.9274583557227,29.3762739037829,1105.78796866788,318.472326706072,2.24543785652628,0.6,900.0,1861.0,0.068197013713989,44.2556367979149,11.6986
Comoros,2006,20.9844169801182,34.9274583557227,29.3763406198683,1138.47908404345,324.961311123052,2.3638892619232,0.8,900.0,1861.0,0.0246842521038593,42.0985385628614,11.6986
Comoros,2007,20.749059645352,34.9274583557227,28.956646255431,1289.73631056361,331.502955400322,2.47238849553151,0.8,900.0,1861.0,,36.0835654082799,11.6986
Comoros,2008,20.5137023105857,34.9274583557227,29.138915008097,1455.02768595586,338.155292853305,2.58677835289024,1.0,900.0,1861.0,0.00341937671788549,30.2231861194927,11.6986
Comoros,2009,20.2783449758195,34.9274583557227,30.0330064008618,1410.30516959473,344.94734013971,2.69858783646424,1.1,900.0,1861.0,0.0671815356852974,31.7186112888939,11.6986
Comoros,2010,20.0429876410532,34.9274583557227,30.4159781805447,1386.5742428453,351.873186458893,2.79611651624115,1.4,900.0,1861.0,0.531829518193173,30.6874148030273,11.6986
Comoros,2011,19.8076303062869,34.9274583557227,30.5642731114282,1531.43789372951,358.976894142934,2.8945044841069,1.6,900.0,1861.0,,26.97110481785,11.6986
Comoros,2012,19.5722729715207,34.9274583557227,30.1730899214364,1490.31511351281,366.270822138635,2.98289188155572,1.8,900.0,1861.0,0.000873306089417811,24.8800044138285,11.6986
Comoros,2013,19.3369156367544,34.9274583557227,30.7898620479495,1603.32797107303,374.095647501343,3.15067909227555,2.0,900.0,1861.0,0.00080135200736569,12.7701549227381,11.6986
Comoros,2014,19.1015583019882,34.9274583557227,30.0114514473366,1615.71723662012,382.322944653412,3.26667410902472,2.3,900.0,1861.0,0.00128910817315613,11.8528849726538,11.6986
Comoros,2015,18.8662009672219,34.9274583557227,30.5986282117727,1329.37048235986,390.479312197743,3.2467289812656,2.5,900.0,1861.0,,12.9348443972103,11.6986
Comoros,2016,18.6297689414293,34.9274583557227,31.3684720287721,1365.48403444497,398.571198280494,3.22054856018395,2.9,900.0,1861.0,0.00848115895739681,17.1852272690132,11.6986
Comoros,2017,18.3933369156368,34.9274583557227,31.8988868689753,1423.9248027797,406.592692101021,3.18637159823942,3.2,900.0,1861.0,0.012960770698711,16.7806633037462,11.6986
Comoros,2018,18.1622783449758,34.9274583557227,33.7201530680832,1527.40527125285,414.610424502955,2.93746534116347,3.7,900.0,1861.0,0.000491692186071291,22.3630009719664,11.6986
Comoros,2019,17.9258463191832,34.9274583557227,35.6200979800592,1510.23218151592,422.664159054272,2.94182509163203,4.0,900.0,1861.0,0.00418130927697661,22.5484369313434,11.6986
Comoros,2020,17.6894142933906,34.9274583557227,35.7974035855048,1519.34665556206,431.038688876948,3.01261004943326,4.4,900.0,1861.0,,24.7631357533658,11.6986
Comoros,2021,17.4529822675981,34.9274583557227,35.2409487995918,1554.97289190153,439.642127888232,3.05770058680522,5.0,900.0,1861.0,0.0697174297679585,26.9274940136758,11.6986
Comoros,2022,17.2165502418055,34.9274583557227,35.164324124624,1465.479642862,448.247178936056,3.04966893419291,5.4,900.0,1861.0,0.000991985126226264,28.1538537874079,11.6986
"Congo, Dem. Rep.",2000,63.4741183476324,2.95538254559891,31.9723582652415,377.925421481395,22.2789272402461,4.67026172829358,0.0,1543.0,2267050.0,,63.1258347684285,4.325
"Congo, Dem. Rep.",2001,63.1772567874551,2.95538254559891,32.8709040200447,142.678142604412,22.995807767804,4.63041678553612,0.0,1543.0,2267050.0,,164.436152353204,4.325
"Congo, Dem. Rep.",2002,62.8803952272777,2.95538254559891,26.5837793204992,162.38052907429,23.709456783044,4.5185842320562,0.0,1543.0,2267050.0,,119.231451776205,4.325
"Congo, Dem. Rep.",2003,62.5835336671004,2.95538254559891,26.0538388066067,161.491553524396,24.4122833638429,4.38088342501025,0.1,1543.0,2267050.0,,131.254814267591,4.325
"Congo, Dem. Rep.",2004,62.2866721069231,2.95538254559891,23.8793594908244,180.664764963633,25.1418102820846,4.39981145786011,0.0,1543.0,2267050.0,,115.365176044472,4.325
"Congo, Dem. Rep.",2005,61.9898105467458,2.95538254559891,19.8446510872333,214.539740473519,25.9260819126177,4.15201719742576,0.1,1543.0,2267050.0,,93.2527671126825,4.325
"Congo, Dem. Rep.",2006,61.6929489865685,2.95538254559891,20.3859027537723,255.445229568751,26.7377905207208,4.14824293140344,0.1,1543.0,2267050.0,,81.0050605794973,4.325
"Congo, Dem. Rep.",2007,61.3960874263911,2.95538254559891,18.2652590798129,294.101615124419,27.5590533953817,4.07605218945203,0.1,1543.0,2267050.0,,77.3741458273576,4.325
"Congo, Dem. Rep.",2008,61.0992258662138,2.97743763922278,18.2329625593996,352.900363371995,28.4028424604662,4.05211332732979,0.1,1543.0,2267050.0,,66.6160003207659,4.325
"Congo, Dem. Rep.",2009,60.8023643060365,3.49882005249112,17.2150539616489,280.178991035792,29.2944769634547,4.11305527281654,0.1,1543.0,2267050.0,,73.2987319245404,4.325
"Congo, Dem. Rep.",2010,60.5055027458592,4.02020246575947,28.8558506334207,352.400398754692,30.2432844445425,4.19558449694885,0.1,1543.0,2267050.0,,27.5092637679337,4.325
"Congo, Dem. Rep.",2011,60.0196837299574,4.54158487902781,15.741544467002,372.514273875789,31.2517637458371,4.27442453978763,0.2,1543.0,2267050.0,,20.9235493035013,4.325
"Congo, Dem. Rep.",2012,59.5338647140557,5.0620850885512,15.3232580698254,409.931424783784,32.3127491674202,4.31924989076148,0.2,1543.0,2267050.0,,19.0449274180321,4.325
"Congo, Dem. Rep.",2013,59.048045698154,5.19838556714673,13.6738761208634,460.370334930107,33.430844048433,4.36893465854831,0.2,1543.0,2267050.0,,21.0539723864783,4.325
"Congo, Dem. Rep.",2014,58.5622266822523,5.4317284576873,12.488689362081,489.175952097319,34.5838168545025,4.34467556104621,0.3,1543.0,2267050.0,,17.1527389128536,4.325
"Congo, Dem. Rep.",2015,58.0764076663505,5.49612933106901,12.456053797914,495.826633014883,35.7449244613043,4.24317443146634,0.3,1543.0,2267050.0,0.611837619359577,15.6120482697762,4.325
"Congo, Dem. Rep.",2016,57.5905868860413,5.58523190930945,12.2895509013421,459.765036590388,37.0333318629938,4.46904992839239,0.4,1543.0,2267050.0,0.765880145304522,14.3576500658631,4.325
"Congo, Dem. Rep.",2017,57.1047705167508,5.8406298934739,12.2591059827241,431.052559128788,38.4126499194989,4.57217173759111,0.4,1543.0,2267050.0,0.525036799776305,14.3225235261773,4.325
"Congo, Dem. Rep.",2018,56.6189541474604,5.95222866721069,12.3021936655493,518.169626875371,39.7201843805827,4.25003232593599,0.5,1543.0,2267050.0,0.373690342361825,14.4031639309706,4.325
"Congo, Dem. Rep.",2019,56.1333009858627,6.0342736154915,13.1512157041087,504.00419142286,40.9992907081891,4.05989799278496,0.5,1543.0,2267050.0,0.57109662471632,14.7368783009022,4.325
"Congo, Dem. Rep.",2020,55.6472067223925,6.0342736154915,13.7461066368954,486.425572682256,42.3413678569066,4.09910653013793,0.6,1543.0,2267050.0,0.613440872717428,17.8637697107175,4.325
"Congo, Dem. Rep.",2021,55.1615535607949,6.04502913477868,11.3157062519,595.743074403567,43.7347795593392,4.10393394791464,0.6,1543.0,2267050.0,0.43863773158072,19.6554775760053,4.325
"Congo, Dem. Rep.",2022,54.6754592973247,6.39680862795263,10.3370074738162,687.738587554685,45.1674943208134,4.07747352876404,0.7,1543.0,2267050.0,0.45696955846512,17.1525866553824,4.325
"Congo, Rep.",2000,64.9926793557833,1.43484626647145,5.30425299890949,1024.30159109181,9.22795021961933,4.76927727996038,1.0,1646.0,341500.0,,205.005838451741,4.2767
"Congo, Rep.",2001,64.9575402635432,1.43484626647145,5.79993165063711,854.598314408095,9.58283162518302,4.6981856557834,1.2,1646.0,341500.0,,244.775377673014,4.2767
"Congo, Rep.",2002,64.9224011713031,1.43484626647145,6.26158012257114,905.538135544704,9.81192093704246,3.249884908689,1.2,1646.0,341500.0,,229.549295388809,4.2767
"Congo, Rep.",2003,64.887262079063,1.43484626647145,6.27522393936411,1016.82363412143,10.0900527086384,3.62191961878632,1.3,1646.0,341500.0,,214.305004504064,4.2767
"Congo, Rep.",2004,64.8521229868228,1.43484626647145,5.50940630344491,1306.10136324599,10.4408609077599,4.16100779904244,1.4,1646.0,341500.0,,215.769598558709,4.2767
"Congo, Rep.",2005,64.8169838945827,1.43484626647145,6.10423786651851,1799.05158366154,10.8239912152269,4.24141838769461,1.5,1646.0,341500.0,,124.801399140698,4.2767
"Congo, Rep.",2006,64.7818448023426,1.43484626647145,4.81314641849445,2103.5821381211,11.2369224011713,4.25399784281425,1.6,1646.0,341500.0,,97.768955708561,4.2767
"Congo, Rep.",2007,64.7467057101025,1.43484626647145,4.91981108062473,2206.47101863414,11.6557247437775,4.02610013181682,1.7,1646.0,341500.0,2.8950736240345,71.6587564832677,4.2767
"Congo, Rep.",2008,64.7115666178624,1.43484626647145,4.24815097163364,2832.09177777643,12.0454377745242,3.5878820900119,1.9,1646.0,341500.0,1.89619418807342,51.2724866619209,4.2767
"Congo, Rep.",2009,64.6764275256223,1.46412884333821,5.27993327507586,2271.15219175966,12.5365124450952,4.2884947618823,2.1,1646.0,341500.0,1.92785938771986,56.4002225840262,4.2767
"Congo, Rep.",2010,64.6412884333821,1.49341142020498,4.03853452122591,2946.55798067708,13.0667349926794,4.42340256783818,2.2,1646.0,341500.0,1.58324367303212,22.8800991079336,4.2767
"Congo, Rep.",2011,64.606149341142,1.55197657393851,3.98393619152519,3396.16505817952,13.4984597364568,3.51863244092681,2.3,1646.0,341500.0,0.746083283260044,22.6536828087203,4.2767
"Congo, Rep.",2012,64.5710102489019,1.55197657393851,3.79877492298434,3732.32737320389,13.8812591508053,3.05016951875323,2.5,1646.0,341500.0,0.777750066761765,21.4224702620134,4.2767
"Congo, Rep.",2013,64.5358711566618,1.61054172767204,4.26008218811564,3697.41705884249,14.2228374816984,2.6691374871158,2.8,1646.0,341500.0,0.937100067068714,23.9415104340459,4.2767
"Congo, Rep.",2014,64.5007320644217,1.61054172767204,4.55765474287642,3601.2365808718,14.5706588579795,2.63735533471059,2.9,1646.0,341500.0,1.26739704606101,31.4818385866081,4.2767
"Congo, Rep.",2015,64.4655929721816,1.61054172767204,5.81058893116428,2439.35189403696,14.9270307467057,2.6194024381139,3.2,1646.0,341500.0,1.09191786024558,54.7879329617986,4.2767
"Congo, Rep.",2016,64.4304538799414,1.61054172767204,6.76365035154121,2093.10728558843,15.2929311859444,2.6051648404399,3.4,1646.0,341500.0,1.90492203814247,63.2452493790411,4.2767
"Congo, Rep.",2017,64.3953147877013,1.61054172767204,7.30993971951451,2211.63309874797,15.6691390922401,2.59283378977474,3.7,1646.0,341500.0,2.81745694209134,71.3077717450485,4.2767
"Congo, Rep.",2018,64.3513909224012,1.61054172767204,6.78839255400222,2694.43413191427,16.0559824304539,2.5792312097329,3.9,1646.0,341500.0,2.21964361353214,50.4895160168294,4.2767
"Congo, Rep.",2019,64.307467057101,1.61054172767204,7.3469917082119,2488.42466724916,16.4470307467057,2.52317802749057,4.0,1646.0,341500.0,5.70661733459251,66.812566750599,4.2767
"Congo, Rep.",2020,64.2635431918009,1.61054172767204,10.6904243097029,1993.586671931,16.845654465593,2.48678206982997,4.2,1646.0,341500.0,6.57371992977005,72.1017777027496,4.2767
"Congo, Rep.",2021,64.2196193265007,1.61054172767204,9.09674868938002,2516.16255145432,17.2538301610542,2.45989791194584,4.5,1646.0,341500.0,14.2084943093739,61.8650496171088,4.2767
"Congo, Rep.",2022,64.1756954612006,1.61054172767204,8.0419106943363,2620.83804267402,17.6723396778917,2.43481929331073,4.8,1646.0,341500.0,3.79047433460067,51.9845941753511,4.2767
Costa Rica,2000,55.9580885233059,4.11280846063455,9.24882318534345,3812.75388284924,77.119839404622,3.79130411492904,77.2,2926.0,51060.0,3.00174253835401,,9.63701
Costa Rica,2001,55.9854680767724,4.11280846063455,8.37953627007384,3985.12984506207,78.5144339992166,3.63218844675115,77.6,2926.0,51060.0,3.37783292501372,,9.63701
Costa Rica,2002,56.0128476302389,3.91696043869957,8.42775029018437,4067.71851429092,79.8218762240501,3.52277060544041,78.0,2926.0,51060.0,3.41247791644975,,9.63701
Costa Rica,2003,56.0402271837054,4.11280846063455,8.84007800871514,4173.14856415514,81.0572659616138,3.43198088437489,78.1,2926.0,51060.0,3.07027001119044,,9.63701
Costa Rica,2004,56.0676067371719,4.11280846063455,8.85240876800238,4431.0117207843,82.257696827262,3.38562463737481,78.4,2926.0,51060.0,3.33333971935751,,9.63701
Costa Rica,2005,56.0949862906385,4.11280846063455,8.62223694626727,4703.00721784778,83.4555424990208,3.37524492519834,78.6,2926.0,51060.0,2.99597105708273,,9.63701
Costa Rica,2006,56.122365844105,4.11280846063455,8.42982819706634,5256.59640859159,84.63258911085,3.33916476526711,78.8,2926.0,51060.0,3.09807167944351,,9.63701
Costa Rica,2007,56.1497453975715,3.91696043869957,7.91531104342903,6137.71199925542,85.7862906384645,3.29709379566706,79.1,2926.0,51060.0,2.23732042458395,,9.63701
Costa Rica,2008,56.177124951038,3.91696043869957,6.97696046934205,6937.24261596055,86.9576184880533,3.29945301492026,79.5,2926.0,51060.0,2.54512026586132,,9.63701
Costa Rica,2009,56.2045045045045,4.30865648256953,7.04962970066208,6832.69829924138,88.1275166470819,3.27593114016652,79.7,2926.0,51060.0,1.93900227144795,,9.63701
Costa Rica,2010,56.231884057971,4.40658049353701,6.48518940835947,8265.78820275582,89.2276145710928,3.17259250348764,80.3,2926.0,51060.0,2.65724842050275,,9.63701
Costa Rica,2011,56.5524089306698,4.5436741088915,5.59987212230861,9276.39107511347,90.2826674500588,3.02453188023227,80.9,2926.0,51060.0,2.55350012156459,,9.63701
Costa Rica,2012,56.8729338033686,4.5436741088915,5.13084191429059,10126.9991024177,91.3422248335292,1.91468078389962,81.7,2926.0,51060.0,2.38837874658171,,9.63701
Costa Rica,2013,57.1934586760674,4.5436741088915,4.78335093294853,10803.2401962173,92.3648061104583,1.86488768727343,82.6,2926.0,51060.0,2.15642853164522,,9.63701
Costa Rica,2014,57.5139835487662,4.5436741088915,4.88788378983139,10911.497878334,93.3630826478653,1.8073453869239,83.4,2926.0,51060.0,2.19694280572345,,9.63701
Costa Rica,2015,57.8345084214649,4.33194085389738,4.74911042904841,11714.7105980732,94.360321190756,1.7756467904847,84.1,2926.0,51060.0,2.53580988192383,,9.63701
Costa Rica,2016,58.1551116333725,4.12020759890325,4.9143557868633,12091.0301606154,95.3191931061496,1.7051277417864,85.1,2926.0,51060.0,2.2395665717591,,9.63701
Costa Rica,2017,58.4757148452801,3.90847434390913,4.69977633159901,12317.0902771304,96.2235996866432,1.61931271806193,85.9,2926.0,51060.0,2.10408208966107,,9.63701
Costa Rica,2018,58.7961222091657,3.696741088915,4.48382833722173,12590.2493781614,97.0978848413631,1.56042131697455,86.8,2926.0,51060.0,1.89231395920729,,9.63701
Costa Rica,2019,59.1167254210732,3.48500783392088,4.20205116302465,12884.6859951989,97.9152565609087,1.47522101905517,87.5,2926.0,51060.0,1.8073658935028,,9.63701
Costa Rica,2020,59.4373286329808,3.27327457892675,4.34422556035497,12394.0493969492,98.5961613787701,1.31094825050875,88.4,2926.0,51060.0,1.59028167217556,,9.63701
Costa Rica,2021,59.7579318448884,3.27327457892675,4.36671325937127,12838.1185358931,99.0988640814728,1.10754509405765,89.1,2926.0,51060.0,1.68950886646394,,9.63701
Costa Rica,2022,60.0785350567959,3.27327457892675,4.14007362090085,13625.9008491328,99.5253623188406,1.00950242428085,89.7,2926.0,51060.0,1.4794386570959,,9.63701
Cote d'Ivoire,2000,16.0202830188679,8.80503144654088,16.195154514693,936.636541348798,55.6572452830189,3.63755126002446,1.3,1348.0,318000.0,13.8373607315565,123.827740747421,5.332
Cote d'Ivoire,2001,15.6652924528302,8.80503144654088,17.2770975527184,924.727294962066,57.166393081761,3.56044790232154,1.4,1348.0,318000.0,11.0916371718119,117.135736116065,5.332
Cote d'Ivoire,2002,15.3103018867925,8.80503144654088,18.737314157226,967.815864415991,58.6628018867925,3.48179149823021,1.4,1348.0,318000.0,8.34472911170589,107.837610728743,5.332
Cote d'Ivoire,2003,14.9553113207547,8.80503144654088,20.7760202202729,1111.17135087887,60.143213836478,3.4009284974214,1.4,1348.0,318000.0,9.05922130694676,89.5263834060071,5.332
Cote d'Ivoire,2004,14.600320754717,8.80503144654088,16.640018984398,1199.82524528546,61.6194968553459,3.34255525511024,1.5,1348.0,318000.0,9.00624618068587,89.1088513563425,5.332
Cote d'Ivoire,2005,14.2453301886792,8.80503144654088,16.0651853584803,1197.74616979415,63.108358490566,3.31215450416703,1.5,1348.0,318000.0,8.24920383993602,73.0604016499992,5.332
Cote d'Ivoire,2006,13.8903396226415,8.80503144654088,15.9447949066292,1230.43056838584,64.6125849056604,3.28558818931295,1.5,1348.0,318000.0,7.99778003545974,79.7593450880136,5.332
Cote d'Ivoire,2007,13.5353490566038,9.11949685534591,15.5787463255399,1367.53817722326,66.1338301886792,3.26070573340657,1.6,1348.0,318000.0,8.83268177043028,73.5408713516321,5.332
Cote d'Ivoire,2008,13.180358490566,9.11949685534591,16.1854841829726,1583.97066701372,67.6554685534591,3.21031023250197,1.7,1348.0,318000.0,8.66887027186298,55.3661564735526,5.332
Cote d'Ivoire,2009,12.8253679245283,9.11949685534591,15.2495816385759,1540.45393569596,69.1759119496855,3.15833792422617,1.8,1348.0,318000.0,5.5473916529627,63.5530027715313,5.332
Cote d'Ivoire,2010,12.4703773584906,9.11949685534591,17.4889170707842,1553.54887048143,70.7171855345912,3.1382905238331,1.8,1348.0,318000.0,9.47652560081997,48.7687327973699,5.332
Cote d'Ivoire,2011,12.1153899371069,9.11949685534591,18.4866714886447,1596.62826565998,72.2704402515723,3.10468439770448,2.1,1348.0,318000.0,12.7551164058986,52.3637452575251,5.332
Cote d'Ivoire,2012,11.7604025157233,9.43396226415094,16.3751498758861,1546.9460184731,73.7958427672956,3.01665273209129,2.2,1348.0,318000.0,10.7828723349069,36.8043493917994,5.332
Cote d'Ivoire,2013,11.4054150943396,11.0062893081761,15.3429019354945,1786.15862031324,75.2823113207547,2.91675127414901,2.5,1348.0,318000.0,8.56924643443363,32.9959305681881,5.332
Cote d'Ivoire,2014,11.050427672956,11.0062893081761,15.2417555256185,1991.36539423404,77.1301729559748,3.34120218321848,2.7,1348.0,318000.0,8.58547212987033,20.4531343881166,5.332
Cote d'Ivoire,2015,10.6954402515723,12.1187050314465,18.3620416868752,1814.71855088017,79.3910125786164,3.80731191078549,3.0,1348.0,318000.0,6.74667396813824,25.4109025665834,5.332
Cote d'Ivoire,2016,10.3404402515723,11.888658490566,17.4349684074971,1862.59597081287,81.7276886792453,3.82734924738251,3.3,1348.0,318000.0,7.60237247400239,24.2006866364198,5.332
Cote d'Ivoire,2017,9.98544025157233,12.5264462264151,16.9409871496938,1964.29930338343,84.0672075471698,3.7548001860726,3.7,1348.0,318000.0,9.05190537229846,26.3779718245256,5.332
Cote d'Ivoire,2018,9.63044025157233,12.8193726415094,17.8526014022659,2130.86619381144,86.3653238993711,3.63331831550493,4.2,1348.0,318000.0,9.48366169629872,28.4634771423081,5.332
Cote d'Ivoire,2019,9.27547169811321,13.6467194968553,15.6882063635315,2141.76836170115,88.6572610062893,3.55757542578992,4.7,1348.0,318000.0,10.4983393238297,33.7779620972679,5.332
Cote d'Ivoire,2020,8.92047169811321,13.6325179245283,16.9334154768944,2179.72934832935,90.9290849056604,3.46886576146738,5.3,1348.0,318000.0,11.162014712157,41.0439427377816,5.332
Cote d'Ivoire,2021,8.5654927672956,13.8043987421384,16.1805529630135,2455.98127641148,93.2067169811321,3.40065819276816,6.0,1348.0,318000.0,13.5819483787686,42.1962341583395,5.332
Cote d'Ivoire,2022,8.21049968553459,14.1790927672956,16.5843332097616,2333.37128301259,95.5817672955975,3.52587849974979,6.9,1348.0,318000.0,14.0750380434458,46.0823328796999,5.332
Croatia,2000,33.7136929460581,15.0593790241809,4.96747269053199,4953.65158789022,79.9166905136643,-0.905124044278068,100.0,1113.0,55912.0,4.54025149849873,,45.8069
Croatia,2001,33.7762913149234,15.2561167549006,4.96274692093027,5364.83824691607,76.9001645442839,-3.83050670968818,100.0,1113.0,55912.0,4.06240777894017,,45.8069
Croatia,2002,33.8388896837888,15.3455429961368,4.84218764766313,6219.58164143945,76.9454499928459,0.028644525396151,100.0,1113.0,55912.0,4.30807072989258,,45.8069
Croatia,2003,33.8699878493317,15.4384961761132,3.93609531591013,8190.11135193887,76.8958437567007,-0.0359531160212279,100.0,1113.0,55964.0,4.16582578684421,,45.8069
Croatia,2004,33.9325280537488,15.1347294689443,4.41765926972512,9718.97322801967,76.9173039811307,-0.061287887241967,100.0,1113.0,55964.0,3.62024404575344,,45.8069
Croatia,2005,33.995068258166,15.5993138446144,3.86650247197479,10443.5278353294,77.0163855335573,0.0236924099527442,100.0,1113.0,55964.0,3.40065312572368,,45.8069
Croatia,2006,34.0576084625831,15.7422628832821,3.97818184588048,11501.2099669894,77.0345043242084,-0.0884468647111154,100.0,1113.0,55964.0,3.29537540883889,,45.8069
Croatia,2007,34.1201486670002,15.2240726181116,3.6904482073587,13755.8321073292,77.0176720749053,-0.13164470723675,100.0,1113.0,55964.0,3.55754606600837,,45.8069
Croatia,2008,34.1826888714173,15.3795296976628,3.88064389657281,15888.0606949392,77.0085233364306,-0.110563055345429,100.0,1113.0,55964.0,3.34408074520104,,45.8069
Croatia,2009,34.2452290758345,15.5153312843971,3.9858244633642,14474.6519774194,76.927685655064,-0.183479938650026,100.0,1113.0,55964.0,3.68941956007199,,45.8069
Croatia,2010,34.3077692802516,16.1603888213852,3.64448983894033,13729.7654965022,76.7533950396684,-0.275957952995837,100.0,1113.0,55964.0,3.69840431730449,,45.8069
Croatia,2011,34.314916732185,16.0228003716675,3.62469406098008,14691.558296292,76.4888499749839,-0.354494885386375,100.0,1113.0,55964.0,3.98221402567474,,45.8069
Croatia,2012,34.3220641841184,16.1961260810521,3.2839104995377,13507.7805260991,76.1269387463369,-0.425633299993768,100.0,1113.0,55964.0,4.08220243509226,,45.8069
Croatia,2013,34.3292116360517,15.6600671860482,3.43767621316736,14134.9474982889,75.6543849617611,-0.511243227621612,100.0,1113.0,55964.0,5.0107357456324,,45.8069
Croatia,2014,34.3363590879851,14.5254091916232,2.93879083829528,14186.7295493276,75.0767993710242,-0.598120483956671,100.0,1113.0,55964.0,5.47393443147014,,45.8069
Croatia,2015,34.3435065399185,15.0757629904939,2.96383237367924,12283.7840620053,74.1856371953399,-0.974229489153471,100.0,1113.0,55964.0,5.32645491631478,,45.8069
Croatia,2016,34.3813916088914,15.6171824744479,3.05980781348851,12820.1653893008,73.3840861982703,-0.820096343732849,100.0,1113.0,55964.0,5.19265358846705,,45.8069
Croatia,2017,34.5151954828104,14.5986705739404,2.89020999922314,13901.7878144679,72.2144056893717,-1.29942548529598,100.0,1113.0,55964.0,4.52189433743747,,45.8069
Croatia,2018,34.5598956472018,14.3663783861054,2.95086769081286,15460.3669595491,71.2739439639768,-0.967668565244336,100.0,1113.0,55964.0,4.53893326693824,,45.8069
Croatia,2019,34.6045672217854,14.7058823529412,2.85685404932209,15563.5987295029,70.5701879779859,-0.618464154693749,100.0,1113.0,55964.0,4.33508695702064,,45.8069
Croatia,2020,34.6517155110793,15.8863473909936,3.12863387052829,14807.5608543265,69.946497498213,-0.495641953143935,100.0,1113.0,55960.0,4.0612632002853,,45.8069
Croatia,2021,34.6963902787706,15.3145103645461,3.35973327348871,17788.7865816658,69.3170300214439,-0.480534599299897,100.0,1113.0,55960.0,4.18080865272817,,45.8069
Croatia,2022,34.7410650464618,15.2430307362402,3.39322387924406,18465.5414420364,68.8999463902788,-0.200242676400383,100.0,1113.0,55960.0,4.25484792333686,,45.8069
Cuba,2000,22.6722532588454,32.6256983240223,6.60125501383918,2751.3817714814,103.436769087523,0.668514059159221,27.4,1335.0,107400.0,0.200620524728369,,23.1333
Cuba,2001,23.135009310987,34.8137802607076,6.37956720450471,2842.96704310394,103.762867783985,0.647628069595281,33.5,1335.0,107400.0,0.176648944849402,,23.1333
Cuba,2002,23.8217877620077,35.6988438763042,5.94572870305592,3005.21104247868,105.060795187518,0.250696194326925,39.9,1335.0,106390.0,0.212578716124395,,23.1333
Cuba,2003,24.2866541353383,35.2631578947368,5.74521185921362,3202.78109865637,105.351343984962,0.301623933698648,46.6,1335.0,106400.0,0.196475127382635,,23.1333
Cuba,2004,24.7514331359835,34.8275538013345,5.4744391801691,3399.21962893402,105.617479560192,0.332870857413441,53.1,1335.0,106410.0,0.122642445200317,,23.1333
Cuba,2005,25.2113866967306,34.4983089064262,4.36365221842694,3786.33799225291,105.811292747088,0.324278391520763,59.0,1335.0,106440.0,0.144000221816641,,23.1333
Cuba,2006,25.68072911773,34.1445081274077,3.40501452330934,4329.98265964383,105.971530583482,0.285005153471217,64.1,1335.0,106430.0,0.13349034557173,,23.1333
Cuba,2007,26.1452461480646,33.5682074408117,3.90810167923978,4807.43888960684,106.043517474634,0.239475005651017,69.0,1335.0,106440.0,,,23.1333
Cuba,2008,26.6121758737317,32.9631717399474,3.81703869500364,4986.12436479175,106.085700864337,0.209856917085505,72.45,1335.0,106440.0,,,23.1333
Cuba,2009,27.0791055993987,32.3750469748215,3.93041237113402,5089.23519757167,106.113481773769,0.193087134892243,75.0,1335.0,106440.0,,,23.1333
Cuba,2010,27.5460353250658,31.7925591882751,3.61428926750404,5272.26755824835,106.138754227734,0.176505935781862,78.2,1335.0,106440.0,,,23.1333
Cuba,2011,27.9086306766608,31.0790451325529,3.60487027105378,6104.46105236166,105.757568101214,0.164349066028095,79.8,1335.0,106863.0,,,23.1333
Cuba,2012,28.4372099128918,29.3945559733331,3.85009775638835,6470.83673392653,105.984819360707,0.105444671267923,81.7,1335.0,106649.0,,,23.1333
Cuba,2013,29.5835732105162,30.2859336019958,3.92492352361694,6828.36428245396,108.40689886778,0.0060954661791693,83.5,1335.0,104220.0,,,23.1333
Cuba,2014,30.1249759661604,29.6863103249375,3.93770588957314,7146.70459051328,108.496202653336,-0.0735045186733101,84.7,1335.0,104020.0,,,23.1333
Cuba,2015,30.5859750240154,28.9500480307397,3.83575415916853,7727.91997207998,108.309942363112,-0.0610623858770564,86.15,1335.0,104100.0,,,23.1333
Cuba,2016,31.1514801999231,28.7312572087659,3.9383388809409,8110.55874283616,108.2815455594,-0.0301643184481945,86.9,1335.0,104040.0,1.6375186125421,,23.1333
Cuba,2017,31.233140655106,28.0211946050096,3.80018101210528,8610.60829605429,108.360587668593,-0.0946254275129914,88.1,1335.0,103800.0,1.49256768069266,,23.1333
Cuba,2018,31.233140655106,28.0211946050096,3.78237294808932,8911.46205998726,108.16105973025,-0.11246604520524,88.6,1335.0,103800.0,1.51749435519756,,23.1333
Cuba,2019,31.233140655106,28.0211946050096,3.56732632295441,9232.26115935183,107.927225433526,-0.142190984588659,89.4,1335.0,103800.0,1.95228070733584,,23.1333
Cuba,2020,31.233140655106,28.0211946050096,2.7619420225054,9605.27914559614,107.672003853565,-0.191082746238495,89.7,1335.0,103800.0,1.77078544043218,,23.1333
Cuba,2021,31.233140655106,28.0211946050096,0.882032508097678,,107.149980732177,-0.498019923391772,90.3,1335.0,103800.0,1.63519771122459,,23.1333
Cuba,2022,31.233140655106,28.0211946050096,0.800672255103121,,106.549325626204,-0.553291060739883,90.7,1335.0,103800.0,1.47376891199416,,23.1333
Cyprus,2000,18.5725108225108,10.6493506493506,3.64726364853406,14388.3525390625,102.561363636364,1.8458936936154,100.0,498.0,9240.0,0.695452078663923,,35.1676
Cyprus,2001,18.5858225108225,10.6060606060606,3.86079645311557,14821.44921875,104.342748917749,1.76526298547433,100.0,498.0,9240.0,0.999490806867182,,35.1676
Cyprus,2002,18.5991341991342,10.8225108225108,3.78826774823824,16093.2158203125,106.21645021645,1.75641824432786,100.0,498.0,9240.0,1.03867291520124,,35.1676
Cyprus,2003,18.6124458874459,12.1212121212121,3.3529015922721,20252.24609375,108.180735930736,1.72435282495365,100.0,498.0,9240.0,0.912574629135459,,35.1676
Cyprus,2004,18.6257575757576,12.2294372294372,3.08333142687938,23792.619140625,110.159632034632,1.63612812984299,100.0,498.0,9240.0,0.840285252859898,,35.1676
Cyprus,2005,18.6390692640693,13.3116883116883,2.73852781486715,24959.26171875,112.137554112554,1.55071613457715,100.0,498.0,9240.0,1.24597512659151,,35.1676
Cyprus,2006,18.652380952381,12.4458874458874,2.2759759957395,26729.28125,114.114502164502,1.48327555841323,100.0,498.0,9240.0,1.3448789771438,,35.1676
Cyprus,2007,18.6656926406926,11.8831168831169,2.02353280851406,31244.87890625,116.094588744589,1.43721822462344,100.0,498.0,9240.0,1.41578209509725,,35.1676
Cyprus,2008,18.6790043290043,8.91774891774892,2.09331209487447,35397.296875,118.076406926407,1.40753627522943,100.0,498.0,9240.0,1.50501610651189,,35.1676
Cyprus,2009,18.692316017316,9.40476190476191,1.98881944002316,32236.44921875,120.061796536797,1.3973224157531,100.0,498.0,9240.0,1.40802199271926,,35.1676
Cyprus,2010,18.7056277056277,8.93939393939394,2.05766089497283,31105.02734375,122.058008658009,1.41129401723492,100.0,498.0,9240.0,1.67072899158172,,35.1676
Cyprus,2011,18.7028138528139,9.09090909090909,2.14531860991971,32485.798828125,124.079329004329,1.45728788630941,100.0,498.0,9240.0,1.82469536649591,,35.1676
Cyprus,2012,18.7,9.28571428571429,2.00128009868188,28991.935546875,126.125216450216,1.49145013647247,100.0,498.0,9240.0,1.84720512032803,,35.1676
Cyprus,2013,18.6971861471861,8.62878787878788,2.03633566673278,27764.73046875,128.127164502165,1.43987733416976,100.0,498.0,9240.0,1.68239180145482,,35.1676
Cyprus,2014,18.6943722943723,8.67748917748918,1.84487621232733,26993.103515625,130.065043290043,1.37135235099275,100.0,498.0,9240.0,1.26615079899464,,35.1676
Cyprus,2015,18.6915584415584,10.6471861471861,1.86798451841109,23088.44140625,131.980735930736,1.33861279738232,100.0,498.0,9240.0,1.26442425254182,,35.1676
Cyprus,2016,18.6807359307359,8.83116883116883,2.14376219902412,24280.056640625,133.88658008658,1.31779186997351,100.0,498.0,9240.0,1.14505112178295,,35.1676
Cyprus,2017,18.6785714285714,10.2088744588745,1.85263298228741,26247.44921875,135.744047619048,1.27050112598286,100.0,498.0,9240.0,0.984591081049625,,35.1676
Cyprus,2018,18.6764069264069,11.3165584415584,1.71813809861456,29120.375,137.525649350649,1.20640900767097,100.0,498.0,9240.0,0.730146743704782,,35.1676
Cyprus,2019,18.6742424242424,10.4324025974026,1.74820542874204,29227.173828125,139.250108225108,1.15955680836967,100.0,498.0,9240.0,0.704828464607245,,35.1676
Cyprus,2020,18.6720779220779,10.7626623376623,1.82533569194245,28130.341796875,140.935822510823,1.12888696208826,100.0,498.0,9240.0,0.799566536001341,,35.1676
Cyprus,2021,18.6699134199134,10.1207792207792,1.50250271739903,32937.83984375,142.565909090909,1.08065349911939,100.0,498.0,9240.0,0.876415796289517,,35.1676
Cyprus,2022,18.6677489177489,10.2623051948052,1.186076126012,33231.04296875,144.087662337662,1.05817258031071,100.0,498.0,9240.0,0.976153505782813,,35.1676
Czechia,2000,34.1308399119969,41.9697165782322,3.23023711297245,6062.92152842793,132.717264138734,-0.436473816021378,100.0,677.0,77270.0,2.41028822778115,,50.0878
Czechia,2001,34.1568396531642,41.8791251455934,3.18771526493166,6669.07494847497,132.219554807817,-0.498291846764764,100.0,677.0,77270.0,2.02607412433148,,50.0878
Czechia,2002,34.1828393943316,35.9737284845348,2.64625253192312,8101.26018588111,131.96474699107,-0.297352818126327,100.0,677.0,77270.0,2.20111627192969,,50.0878
Czechia,2003,34.2088391354989,35.7095897502265,2.43103462272479,9852.45677945801,131.926983305293,-0.124955244622152,100.0,677.0,77270.0,1.92188681235028,,50.0878
Czechia,2004,34.2392699974113,35.3415739062904,2.40804306787699,11782.5546676117,131.984222107171,-0.0587438256727885,100.0,677.0,77260.0,1.55366149442542,,50.0878
Czechia,2005,34.2652731038053,35.1076883251359,2.28125770679761,13442.4916284309,132.166916903961,0.0547009724924329,100.0,677.0,77260.0,1.43977409576935,,50.0878
Czechia,2006,34.295715210356,34.1416181229773,2.16293341098596,15259.0788162004,132.542459546926,0.19108537410986,100.0,677.0,77250.0,1.33437580249214,,50.0878
Czechia,2007,34.3217216828479,33.9971521035599,2.08871530033094,18452.6532812196,133.318161812298,0.506132229029942,100.0,677.0,77250.0,1.31758465752996,,50.0878
Czechia,2008,34.35217503884,33.6644225789746,1.92036584435566,22774.7045076205,134.445921802175,0.752677471990865,100.0,677.0,77240.0,1.22402250527229,,50.0878
Czechia,2009,34.3781848783014,33.4267219057483,1.75886230026321,19817.4215836554,135.214085965821,0.492030133633757,100.0,677.0,77240.0,1.36174666400066,,50.0878
Czechia,2010,34.4086494885407,32.9914540981484,1.52258196973334,20160.4355077059,135.626181535673,0.211053475581419,100.0,677.0,77230.0,1.41098465961142,,50.0878
Czechia,2011,34.4371617247184,32.650653890975,1.96393230867654,22049.1080788682,135.90687556649,0.122560305261246,100.0,677.0,77230.0,1.42479521709467,,50.0878
Czechia,2012,34.465673960896,32.614269066425,2.23162666151254,20014.0354015165,136.097177262722,0.0540390568142467,100.0,677.0,77230.0,1.45660750089076,,50.0878
Czechia,2013,34.4986531986532,32.3879823879824,2.34758315581321,20260.4954999375,136.159958559959,-0.0524920784951204,100.0,677.0,77220.0,1.5131260725148,,50.0878
Czechia,2014,34.5271691271691,32.2325822325822,2.39269564510297,20038.4163180257,136.30337995338,0.0196406438733083,100.0,677.0,77220.0,1.38804942909228,,50.0878
Czechia,2015,34.5601606009584,32.2497085869706,2.25892571347988,17931.5987670768,136.589288952208,0.110986159167901,100.0,677.0,77210.0,1.32055563506596,,50.0878
Czechia,2016,34.579070068644,32.2626602771662,2.14809736879598,18753.9686718096,136.851858567543,0.106479713972685,100.0,677.0,77210.0,1.30375274023443,,50.0878
Czechia,2017,34.6025126278979,32.327418728144,2.10545968755889,20913.197632212,137.21587877218,0.180105847237297,100.0,677.0,77210.0,1.28977707144065,,50.0878
Czechia,2018,34.6259551871519,32.1719984457972,1.96856224682798,23705.9329811299,137.675534257221,0.248931426132289,100.0,677.0,77210.0,1.28981445164987,,50.0878
Czechia,2019,34.6514173213048,32.1799871770794,1.89151770908811,24062.7190013343,138.226810266108,0.308335402043916,100.0,677.0,77205.5,1.30946820177022,,50.0878
Czechia,2020,34.6779919254939,32.1787733522905,1.94399138825301,23472.8915454417,138.575928842168,0.157796536482863,100.0,677.0,77198.53,1.2849097291563,,50.0878
Czechia,2021,34.7066980208929,32.0693957764556,1.75886666492278,27696.4619527544,136.108349053848,-1.87299322902636,100.0,677.0,77186.83,1.58505081617677,,50.0878
Czechia,2022,34.7369431785448,32.1272569631392,2.07634975500264,28282.2236715857,138.290511305111,1.59257724319103,100.0,677.0,77171.73,1.45728660851322,,50.0878
Denmark,2000,14.29,57.025,2.14953012591578,30722.0251837567,133.4904,0.334227739208391,100.0,703.0,40000.0,2.5186014418165,,55.6763
Denmark,2001,14.327225,57.3,2.30981410923114,30768.4775471112,133.969575,0.462045794759963,100.0,703.0,40000.0,2.57696593520953,,55.6763
Denmark,2002,14.36445,56.9,1.7548454579579,33257.1622586509,134.398275,0.450500536463652,100.0,703.0,40000.0,2.86224166602118,,55.6763
Denmark,2003,14.401675,56.65,1.58700357166721,40519.0974905924,134.76435,0.412587904280369,100.0,703.0,40000.0,2.83072597430714,,55.6763
Denmark,2004,14.4389,56.725,1.5968233470381,46625.050098011,135.113075,0.600889021701703,100.0,703.0,40000.0,2.75362478792148,,55.6763
Denmark,2005,14.476125,58.3,1.13056388790591,48925.8076698784,135.4858,0.61667515783182,100.0,703.0,40000.0,2.55127699565409,,55.6763
Denmark,2006,14.51335,58.675,1.14680871658905,52119.1787984282,135.9318,0.612127926892126,100.0,703.0,40000.0,2.75172046164873,,55.6763
Denmark,2007,14.550575,57.65,1.17038366975969,58631.6566433635,136.53595,0.646185818431538,100.0,703.0,40000.0,2.37875348766998,,55.6763
Denmark,2008,14.5878,60.05,0.841682850350501,64616.6657583663,137.340525,0.770174136987135,100.0,703.0,40000.0,2.32529962351918,,55.6763
Denmark,2009,14.625025,60.775,0.806945931238911,58412.7472358513,138.077375,0.74118911436296,100.0,703.0,40000.0,2.48492988164665,,55.6763
Denmark,2010,14.66225,60.525,1.1884393485634,58104.5445594981,138.692075,0.563380130491019,100.0,703.0,40000.0,2.92730057246415,,55.6763
Denmark,2011,14.8532,62.475,1.26832807403315,61809.737898222,139.2643,0.746778015158289,100.0,703.0,40000.0,2.9679385823103,,55.6763
Denmark,2012,15.04415,60.45,1.61758219917433,58443.7747103968,139.7893,0.464427481784497,100.0,703.0,40000.0,3.26339108506659,,55.6763
Denmark,2013,15.2351,60.19,1.25664041508446,61377.5940590412,140.3733,0.771678354492753,100.0,703.0,40000.0,3.5749925003437,,55.6763
Denmark,2014,15.42605,60.8,1.35342720224903,62520.4509747011,141.086875,0.665401800647245,100.0,703.0,40000.0,2.72974701232135,,55.6763
Denmark,2015,15.617,58.791275,0.908318060929302,53094.0133607574,142.087075,0.75547512466927,100.0,703.0,40000.0,3.12423362990795,,55.6763
Denmark,2016,15.6165,59.2625,0.92879780499665,54500.9260410217,143.20025,0.751422912226005,100.0,703.0,40000.0,2.82729787789895,,55.6763
Denmark,2017,15.64,59.185,1.25985806734514,57521.5514992225,144.1245,1.0032387921328,100.0,703.0,40000.0,2.94634017170368,,55.6763
Denmark,2018,15.664,59.71,0.99704488734783,61324.7665045565,144.8409,0.597801725578871,100.0,703.0,40000.0,2.71951439456103,,55.6763
Denmark,2019,15.6875,59.8983,1.24122741169144,59404.2663247723,145.36055,0.475716691502162,100.0,703.0,40000.0,2.53853534727499,,55.6763
Denmark,2020,15.711,59.27325,1.33752008668451,60985.4885601514,145.7851,0.325427948744826,100.0,703.0,40000.0,2.31294433180555,,55.6763
Denmark,2021,15.7345,58.925,1.08103120928969,69340.7334922138,146.418325,0.458563062542163,100.0,703.0,40000.0,2.20609772225647,,55.6763
Denmark,2022,15.758,59.0,1.00228533729664,67781.0940939514,147.575925,0.930589269895906,100.0,703.0,40000.0,1.88153992248454,,55.6763
Djibouti,2000,0.241587575496117,0.0431406384814495,,737.612183644052,32.2397756686799,2.52061094109125,1.4,220.0,23180.0,,52.5352242003136,11.5806
Djibouti,2001,0.241587575496117,0.0431406384814495,,742.133791107063,33.2749352890423,2.53781457072678,1.3,220.0,23180.0,,51.2473760774394,11.5806
Djibouti,2002,0.241587575496117,0.0431406384814495,,743.013270420348,34.3215703192407,2.4871455291189,1.2,220.0,23180.0,,59.1529064264454,11.5806
Djibouti,2003,0.241587575496117,0.0431406384814495,,764.634465224597,35.0957290767903,1.64924413671504,1.2,220.0,23180.0,,61.5327461758601,11.5806
Djibouti,2004,0.241587575496117,0.0431406384814495,,806.261652944964,35.639516824849,1.00148562580664,1.1,220.0,23180.0,,66.8509148498461,11.5806
Djibouti,2005,0.241587575496117,0.0431406384814495,,844.4483573908,36.2022001725626,1.09204391773025,1.0,220.0,23180.0,,66.7501330392416,11.5806
Djibouti,2006,0.241587575496117,0.0560828300258844,,898.464628136774,36.9182053494392,1.56265097548361,1.0,220.0,23180.0,,71.5531617177801,11.5806
Djibouti,2007,0.241587575496117,0.0647109577221743,,969.573220191902,37.7276962899051,1.86905791423425,0.9,220.0,23180.0,,92.9119463966667,11.5806
Djibouti,2008,0.241587575496117,0.0517687661777394,,1119.15233346969,38.5131147540984,1.87328313045479,0.9,220.0,23180.0,,81.9170031593552,11.5806
Djibouti,2009,0.241587575496117,0.0560828300258844,,1150.9375857489,39.3238567730802,2.02506633896399,0.8,220.0,23180.0,0.0095508446239692,83.9265785312392,11.5806
Djibouti,2010,0.241587575496117,0.0690250215703192,,1213.23352553429,40.1316220880069,2.04803572456047,0.7,220.0,23180.0,,67.0646568443457,11.5806
Djibouti,2011,0.241587575496117,0.0862812769628991,,1306.34552844977,40.9213977566868,1.98992879395316,0.7,220.0,23180.0,,61.6657905187845,11.5806
Djibouti,2012,0.241587575496117,0.0862812769628991,,1400.19357858954,41.7060828300259,1.96865386311597,0.6,220.0,23180.0,,58.090597298747,11.5806
Djibouti,2013,0.241587575496117,0.0862812769628991,1.19392304728354,2075.94498424748,42.4859361518551,1.95187420333648,0.6,220.0,23180.0,,40.6920825984022,11.5806
Djibouti,2014,0.241587575496117,0.0862812769628991,1.22411023326762,2214.62084142432,43.2578515962036,1.93180965800062,0.5,220.0,23180.0,,42.9271673641205,11.5806
Djibouti,2015,0.241587575496117,0.0862812769628991,1.05900752644099,2376.12554719873,44.0169542709232,1.90444523021938,0.4,220.0,23180.0,,51.2014218463801,11.5806
Djibouti,2016,0.241587575496117,0.0862812769628991,0.99558771996226,2510.4300076241,44.7650129421915,1.88551458329428,0.4,220.0,23180.0,,67.4162737541098,11.5806
Djibouti,2017,0.242018981880932,0.0862812769628991,1.29424095183589,2618.95521147369,45.5065142364107,1.88013395579821,0.3,220.0,23180.0,,86.0029214045977,11.5806
Djibouti,2018,0.243313201035375,0.0862812769628991,1.41671102035767,2718.08338799203,46.2416738567731,1.87857681421132,0.3,220.0,23180.0,,83.7652176445944,11.5806
Djibouti,2019,0.245901639344262,0.0862812769628991,1.51935229833123,2837.16902340932,46.9676013805004,1.87389983378836,0.3,220.0,23180.0,,85.2277738046756,11.5806
Djibouti,2020,0.250215703192407,0.129421915444349,1.99744473588682,2844.88810647853,47.6785159620362,1.86004205773285,0.2,220.0,23180.0,,95.2325058529055,11.5806
Djibouti,2021,0.253377911993098,0.129421915444349,3.00716226184265,3025.91126413549,48.3713546160483,1.84371963893357,0.2,220.0,23180.0,0.294755200221918,96.2217659599007,11.5806
Djibouti,2022,0.257308024158758,0.129421915444349,2.63101792247644,3133.25779772463,49.0550474547023,1.84898446024138,0.2,220.0,23180.0,0.282398743113728,87.3175079251638,11.5806
Dominica,2000,63.8266666666667,6.66666666666667,11.9039950242678,4867.39896323759,91.348,-0.377422144187325,56.1,2083.0,750.0,0.078488570067628,62.3247646906989,15.2976
Dominica,2001,63.8266666666667,6.66666666666667,11.2162095864201,5527.51527300496,91.0506666666667,-0.136579926073301,58.1,2083.0,750.0,0.907613944941919,66.0954033873577,15.2976
Dominica,2002,63.8266666666667,6.66666666666667,10.6284055910922,5488.02784969357,91.156,0.364543550631446,59.7,2083.0,750.0,0.119867795089224,71.6685662277576,15.2976
Dominica,2003,63.8266666666667,6.66666666666667,11.2514385491488,5447.44011496284,91.3746666666667,0.549886176937853,61.6,2083.0,750.0,0.113361308058089,88.764556172978,15.2976
Dominica,2004,63.8266666666667,6.66666666666667,11.5393233251176,5778.83306546506,91.532,0.538046400799146,62.9,2083.0,750.0,0.0652531012082546,89.4254376321448,15.2976
Dominica,2005,63.8266666666667,6.66666666666667,11.9146963375058,5695.22442394675,91.6453333333333,0.537363373805415,64.3,2083.0,750.0,0.0936005947720535,81.1686212432127,15.2976
Dominica,2006,63.8266666666667,6.66666666666667,10.9500275550657,6055.78109574854,91.7413333333333,0.565072246942304,66.2,2083.0,750.0,0.0427491868635159,67.923168545598,15.2976
Dominica,2007,63.8266666666667,6.66666666666667,10.9932120101612,6459.03503689609,91.796,0.557553442622499,68.3,2083.0,750.0,0.0541467061205768,62.466480786317,15.2976
Dominica,2008,63.8266666666667,6.66666666666667,12.357929336965,6971.32633839289,91.8053333333333,0.539341752521743,69.2,2083.0,750.0,0.0302918451840464,56.4195471120557,15.2976
Dominica,2009,63.8266666666667,8.0,13.2921985102394,7487.49010395154,91.8186666666667,0.570820837176619,71.3,2083.0,750.0,0.0175314671248613,54.1640675031358,15.2976
Dominica,2010,63.8266666666667,8.0,12.1671107564725,7549.61964680375,91.812,0.56971668339869,72.3,2083.0,750.0,0.0146588382044797,53.1717332646412,15.2976
Dominica,2011,63.8266666666667,8.0,13.1398699725745,7705.40717248319,92.0706666666667,0.867592147557042,74.25,2083.0,750.0,,53.7738778090247,15.2976
Dominica,2012,63.8266666666667,8.0,12.5284705614395,7528.51001990155,92.1573333333333,0.614230504366666,75.8,2083.0,750.0,0.0350587803618334,59.6636698005409,15.2976
Dominica,2013,63.8266666666667,8.0,14.0710957769054,7822.21797211398,92.9533333333333,1.38965134240048,76.5,2083.0,750.0,0.0547721078965955,92.9881017461312,15.2976
Dominica,2014,63.8266666666667,8.0,13.5810858914367,8131.74876096735,93.8306666666667,1.47494691574363,77.5,2083.0,750.0,,86.6732781205246,15.2976
Dominica,2015,63.8266666666667,8.0,13.5413888147951,8282.59874702141,93.88,0.593292054983326,77.8,2083.0,750.0,,88.4015382862575,15.2976
Dominica,2016,63.8266666666667,8.0,13.5004110450215,8802.56172041363,92.808,-0.601471846812178,78.7,2083.0,750.0,0.379314138385289,90.5118431972535,15.2976
Dominica,2017,63.8266666666667,8.0,11.743783940147,8224.64896571414,91.328,-1.05464306923781,79.6,2083.0,750.0,0.087929866913017,91.9687797677961,15.2976
Dominica,2018,63.8266666666667,8.0,9.64769551837572,9215.3085405645,90.8986666666667,0.0867643163898225,79.3,2083.0,750.0,0.288234586424764,80.2709953942802,15.2976
Dominica,2019,63.8266666666667,8.0,10.1167002012072,9491.14995962374,90.5066666666667,0.132067703884301,79.7,2083.0,750.0,0.0495064042713711,72.5011521232773,15.2976
Dominica,2020,63.8266666666667,8.0,12.2529146098099,7827.74842680426,90.0973333333333,0.117476131852116,78.8,2083.0,750.0,0.0230360493631803,89.4556387167,15.2976
Dominica,2021,63.8266666666667,8.0,14.0151066545603,8376.40414141113,89.6026666666667,0.0247142417075143,79.0,2083.0,750.0,0.297528658501065,90.5167936997936,15.2976
Dominica,2022,63.8266666666667,8.0,12.9438199575573,9323.66089490562,89.1013333333333,0.0205905366621317,78.9,2083.0,750.0,0.142548630431573,95.7270653249712,15.2976
Dominican Republic,2000,40.8294348996067,18.5210101428276,6.71834204747894,2831.45883638033,177.689712274891,3.18441431784926,66.1,1410.0,48310.0,,19.8499881522739,18.479
Dominican Republic,2001,41.0377768577934,18.557234527013,6.99751861270975,2935.89367312668,180.506789484579,3.16684387314016,68.1,1410.0,48310.0,1.6435214056236,21.2661144675616,18.479
Dominican Republic,2002,41.2461188159801,18.5934589111985,6.80511921829037,3065.60329524196,183.238149451459,3.08394128457494,69.0,1410.0,48310.0,0.571984848213978,25.3024113765895,18.479
Dominican Republic,2003,41.4544607741668,15.8700641689091,6.69384984394826,2383.26171780393,185.895673773546,3.21697455989494,69.7,1410.0,48310.0,0.683696954384278,36.3807929652978,18.479
Dominican Republic,2004,41.6628027323535,15.3361208859449,7.02047299255392,2451.69161616569,188.468060442972,3.62307126026471,70.1,1410.0,48310.0,0.456261529078156,38.1263845810117,18.479
Dominican Republic,2005,41.8711446905403,15.9581660111778,7.21193528375622,3878.31206735244,190.954957565721,3.83525040170113,70.1,1410.0,48310.0,0.378556048568707,22.8845011207424,18.479
Dominican Republic,2006,42.079486648727,15.7044876837094,6.8587193196752,4055.14270347371,193.359200993583,3.81936895468632,69.9,1410.0,48310.0,0.412959317561046,25.591096522369,18.479
Dominican Republic,2007,42.2878286069137,16.3912792382529,6.51157391056705,4649.64558875814,195.728793210515,3.61993649696838,69.3,1410.0,48310.0,0.563484799069176,25.7234913616157,18.479
Dominican Republic,2008,42.4961705651004,15.6572034775409,6.27099180121697,5023.58513403515,198.160422272821,3.27951740569737,68.8,1410.0,48310.0,0.781554137277924,22.8929904541298,18.479
Dominican Republic,2009,42.7045125232871,16.9755350859035,6.01021373970952,4973.95186999952,200.688573794245,2.7779254175587,68.5,1410.0,48310.0,0.70533904513738,25.4907687635134,18.479
Dominican Republic,2010,42.9128544814738,16.5945911819499,5.87493178504912,5478.62470398954,203.274166839164,2.05815948612866,68.4,1410.0,48310.0,0.972669696729944,26.0220096247191,18.479
Dominican Republic,2011,43.0392465328089,17.2265100393293,5.4136207001604,5826.51014109195,205.870854895467,1.37683172832955,68.6,1410.0,48310.0,0.958773594712312,27.1077571244514,18.479
Dominican Republic,2012,43.1656385841441,17.0631277168288,5.13892705786417,6013.81965002603,208.453963982612,1.24129714864431,68.8,1410.0,48310.0,0.788318127627949,37.9999509426637,18.479
Dominican Republic,2013,43.2920306354792,17.2074353135997,4.99410588425629,6136.59429329301,211.008755951149,1.19828756755863,69.5,1410.0,48310.0,0.799011116374385,40.2090845949178,18.479
Dominican Republic,2014,43.4184226868143,16.8844462844132,4.83780303264764,6496.45166971142,213.527799627406,1.14365414983597,70.5,1410.0,48310.0,0.674646207228755,41.1959833274792,18.479
Dominican Republic,2015,43.5448147381494,16.6892858621403,5.05883234424627,6800.95309395474,215.997288346098,1.07446956767328,71.5,1410.0,48310.0,0.781267462746318,39.2875137980566,18.479
Dominican Republic,2016,43.7122748913268,17.5984247567791,5.02704510564373,7160.44200982307,218.410888014904,0.994406855820273,72.3,1410.0,48310.0,0.69487642168781,39.1307092043539,18.479
Dominican Republic,2017,43.8797350445042,18.1168702132064,4.83760934052653,7412.71571571512,220.799896501759,0.920456454248758,73.6,1410.0,48310.0,0.656133460654294,39.1301705509736,18.479
Dominican Republic,2018,44.0471951976816,19.3031235768992,4.57147323875274,7882.98221584944,223.18470296005,0.846935007753125,74.75,1410.0,48310.0,0.515134343316287,39.1917519544561,18.479
Dominican Republic,2019,44.3173806724841,19.2206215110081,4.32511956961036,8183.01623600375,226.026774543851,0.736536843963976,75.7,1410.0,48198.02,0.487294820441769,41.2514854465295,18.479
Dominican Republic,2020,44.4852298911864,18.6567435757734,4.52252840237889,7135.22273255899,228.397349102723,0.667379074704618,76.7,1410.0,48198.02,0.521876534027456,54.2810818873655,18.479
Dominican Republic,2021,44.6530791098888,18.7447886863402,4.21567590284055,8527.0754858205,230.786990834893,0.57561306059437,77.6,1410.0,48198.02,0.616921086260117,48.6848766873936,18.479
Dominican Republic,2022,44.8209283285911,19.5692561644648,4.15371984188711,10104.2449349081,233.012351959686,0.266074988120572,78.7,1410.0,48198.02,0.754639513406847,44.2344938860299,18.479
Ecuador,2000,55.2846674182638,6.50668384602996,12.401175424691,1382.23421759909,51.0919874375906,2.38941142346578,71.5,2087.0,248360.0,3.94351810056243,106.424172888522,0.229498
Ecuador,2001,55.0018883878241,6.03961990658721,10.4701484905882,1791.30359685037,51.9839748751812,2.26628625328154,73.6,2274.0,248360.0,5.74770690960208,81.8056350447042,0.229498
Ecuador,2002,54.7191093573844,5.47592204863907,9.43400389965372,2059.1585535974,52.9009180222258,2.19786969760478,75.5,2274.0,248360.0,6.59322905047697,75.8700823902959,0.229498
Ecuador,2003,54.4363303269448,5.23031083910453,9.05012813090098,2315.62215223014,53.8424303430504,2.1788683871213,77.1,2274.0,248360.0,5.64447631193125,67.744877233119,0.229498
Ecuador,2004,54.1535512965051,5.14172974714125,7.96891951563388,2586.20914663347,54.7942543082622,2.14337083826627,78.3,2274.0,248360.0,5.24585786717873,61.8221393765361,0.229498
Ecuador,2005,53.8707722660654,5.21823159929135,7.72632554619423,2909.02606014388,55.7503744564342,2.09163752145728,79.5,2274.0,248360.0,4.35458533132127,53.0944876560719,0.229498
Ecuador,2006,53.5879932356257,4.96456756321469,7.71967865189029,3243.67010359339,56.7165847962635,2.04531380113818,80.6,2274.0,248360.0,4.03891719868411,46.474573021664,0.229498
Ecuador,2007,53.305214205186,4.81156385891448,7.64839421670263,3478.92488770671,57.6935617651796,1.99482113300523,81.4,2274.0,248360.0,3.64059171378671,44.0856878116611,0.229498
Ecuador,2008,53.0224351747463,4.97664680302786,7.3493757008365,4194.75750661981,58.6857867611532,1.94661210601644,82.2,2274.0,248360.0,3.54688382678664,31.8666469659836,0.229498
Ecuador,2009,52.7396561443067,4.82928007730713,8.61225542007853,4053.36331139298,59.6954179416975,1.89626661178188,83.0,2274.0,248360.0,4.60663653695133,22.7348481565085,0.229498
Ecuador,2010,52.456877113867,4.77693670478338,8.33021025899583,4520.30959039763,60.7050048316959,1.80743449686683,83.5,2274.0,248360.0,4.21398499161357,22.9267416497492,0.229498
Ecuador,2011,52.2885649863102,4.65332581736189,7.90853917487421,5153.6916424375,61.7097237880496,1.72817287923561,83.9,2274.0,248360.0,3.68715423683361,20.8128267378918,0.229498
Ecuador,2012,52.1202528587534,4.62191979384764,6.99944108995073,5634.08393191094,62.700088581092,1.66531126779304,84.2,2274.0,248360.0,3.84260031838352,18.8054980939561,0.229498
Ecuador,2013,51.9519407311966,4.80753744564342,6.96320880489033,6109.29031510341,63.6460299565147,1.56557446806144,84.7,2274.0,248360.0,3.9517837697991,20.0522206650203,0.229498
Ecuador,2014,51.7836286036399,3.9056208729264,7.40439967003185,6405.79979300441,64.5640360766629,1.49488071532535,85.0,2274.0,248360.0,4.31558594106363,24.6905647226746,0.229498
Ecuador,2015,51.6153164760831,4.3002093734901,8.02049629728797,5976.1596805651,65.4945442100177,1.48803809763377,85.4,2274.0,248360.0,5.63016861383386,29.7448712901636,0.229498
Ecuador,2016,51.3565388951522,3.92977935255275,8.07212585894998,5917.63771271481,66.4565107102593,1.50914602221411,85.5,2274.0,248360.0,6.02467961262947,36.9480973788042,0.229498
Ecuador,2017,51.0977613142213,4.15928490900306,7.90222040951574,6233.32244797718,67.4807497181511,1.57409057351628,85.9,2274.0,248360.0,5.30056019876251,40.3243295654818,0.229498
Ecuador,2018,50.8389837332904,3.89756804638428,7.64505994805811,6303.91886658338,68.6485223063295,1.75359579102237,85.7,2274.0,248360.0,4.66863900891391,42.9910183543729,0.229498
Ecuador,2019,50.5802061523595,3.9821227250765,7.78676459859086,6205.05765246766,69.8180906748269,1.72010020448132,86.0,2274.0,248360.0,4.94956687737838,49.6566686043124,0.229498
Ecuador,2020,50.3214285714286,4.17941697535835,8.38574905899645,5463.64515348598,70.6477089708488,1.20452193974601,86.0,2274.0,248360.0,6.54820915361492,60.9453501649796,0.229498
Ecuador,2021,50.0626509904977,4.12304718956354,8.07999983280318,6061.32350181711,71.1968674504751,0.789746169544204,86.1,2274.0,248360.0,4.46565430786848,55.1142076977331,0.229498
Ecuador,2022,49.8038734095668,3.92172652601063,7.39303992355462,6515.58528418336,71.7663754227734,0.801567436772927,86.3,2274.0,248360.0,3.58458783011559,53.1297474306529,0.229498
"Egypt, Arab Rep.",2000,0.0594806368978854,2.81380280275252,15.5380770361658,1366.09274372613,73.4173328645336,2.26370494062555,71.8,18.1,995450.0,5.00705524908568,29.1436697781484,30.0982
"Egypt, Arab Rep.",2001,0.060126575920438,2.87407705058014,15.3512684694731,1295.1374184163,74.9932482796725,2.23982848766454,78.2,18.1,995450.0,5.28784450036977,28.9819896399422,30.0982
"Egypt, Arab Rep.",2002,0.0607725149429906,2.94941986036466,15.4048561625759,1116.82884626213,76.587610628359,2.22335298941666,83.8,18.1,995450.0,8.10838056593754,34.8088896707165,30.0982
"Egypt, Arab Rep.",2003,0.0614184539655432,2.91928273645085,15.2867065868263,1031.27556291284,78.2094007735195,2.20909389781444,88.0,18.1,995450.0,6.84090172178916,37.9984128219101,30.0982
"Egypt, Arab Rep.",2004,0.0620643929880958,2.97855241348134,14.2699361219864,991.255689145253,79.8407182681199,2.16248020598376,91.3,18.1,995450.0,7.13655587836715,39.9656119503054,30.0982
"Egypt, Arab Rep.",2005,0.0627103320106484,2.57471495303632,13.9816898792943,1105.53920713903,81.4717002360741,2.09525702327091,93.8,18.1,995450.0,2.33025573417488,34.1985013048919,30.0982
"Egypt, Arab Rep.",2006,0.0633562710332011,2.61690692651565,13.2372025254978,1298.97900203124,83.0784097644281,1.9903198936217,95.7,18.1,995450.0,1.50070896059273,28.7414925057896,30.0982
"Egypt, Arab Rep.",2007,0.0640022100557537,2.57571952383344,13.4201262083781,1547.74170735909,84.6614345270983,1.88745771321833,97.0,18.1,995450.0,1.61093402185588,26.2922867901955,30.0982
"Egypt, Arab Rep.",2008,0.0646481490783063,2.65407604600934,12.6302400893356,1896.21594269779,86.2572595308654,1.83931765033308,98.0,18.1,995450.0,1.65494219299645,20.6637689686303,30.0982
"Egypt, Arab Rep.",2009,0.0652940881008589,2.89718217891406,12.9979466513145,2161.63964573927,87.9015882264303,1.83585769490311,98.7,18.1,995450.0,2.11713487320648,18.7094477594032,30.0982
"Egypt, Arab Rep.",2010,0.0659400271234115,2.88613190014566,13.3407591579645,2455.08194645282,89.6037691496308,1.84193194859835,99.2,18.1,995450.0,2.90964062724758,17.1484993453553,30.0982
"Egypt, Arab Rep.",2011,0.0624802852981064,2.82083479833241,13.8691050980964,2590.64384891965,91.5094268923602,2.00582252594129,99.5,18.1,995450.0,2.61228503643708,15.3121406993227,30.0982
"Egypt, Arab Rep.",2012,0.0590205434728013,2.84193078507208,11.2727652713919,2996.0677072015,93.5868210357125,2.12438195987039,99.7,18.1,995450.0,2.37623841300075,14.6941589979995,30.0982
"Egypt, Arab Rep.",2013,0.0555608016474961,2.72034758149581,11.2743496022361,3025.52563552448,95.7693033301522,2.16402697926394,99.8,18.1,995450.0,2.00959867776977,16.5588608179564,30.0982
"Egypt, Arab Rep.",2014,0.052101059822191,2.65225777286654,11.3377089201878,3133.39102265541,97.9744376914963,2.11520354384702,99.9,18.1,995450.0,2.13992894464433,14.0020767838652,30.0982
"Egypt, Arab Rep.",2015,0.0486413179968858,2.87897644281481,11.3940627685257,3306.98159414141,100.052581244663,1.91854512173738,99.9,18.1,995450.0,2.5391243692051,15.4090910799379,30.0982
"Egypt, Arab Rep.",2016,0.0451855944547692,2.79950313928374,11.769316084742,3270.6287768197,102.109185795369,1.83601700503567,99.9,18.1,995450.0,2.30860536985483,21.0959884446522,30.0982
"Egypt, Arab Rep.",2017,0.0451855944547692,2.92527881862474,10.9863806449848,2395.10333299491,104.170030639409,1.82759613179123,99.9,18.1,995450.0,1.77962389044688,34.6961018574758,30.0982
"Egypt, Arab Rep.",2018,0.0451855944547692,3.06293636044,10.8302490249025,2484.70315630508,106.165145411623,1.91861386574064,99.9,18.1,995450.0,1.67525653401974,38.8036123837843,30.0982
"Egypt, Arab Rep.",2019,0.0451855944547692,3.23371339595158,10.6971354538956,2962.98892023003,108.044761665578,1.81027310113949,99.9,18.1,995450.0,1.68526824274537,37.3486377137165,30.0982
"Egypt, Arab Rep.",2020,0.0451855944547692,3.38038073233211,11.1668239443487,3511.11381026379,109.814781254709,1.71189724860369,99.9,18.1,995450.0,1.62489082117609,35.5843178235706,30.0982
"Egypt, Arab Rep.",2021,0.0451855944547692,3.09106434275956,11.4369326589725,3827.35415374308,111.464169973379,1.60939752041338,99.9,18.1,995450.0,1.41002980498021,35.4130599251787,30.0982
"Egypt, Arab Rep.",2022,0.0451855944547692,3.11718318348486,10.9457535224737,4233.30783744856,113.13300517354,1.63611039486139,99.9,18.1,995450.0,1.0274185998013,35.3832819125992,30.0982
El Salvador,2000,32.523166023166,30.265444015444,7.17278477660919,1982.87093542615,286.841988416988,2.05934457026348,24.5,1784.0,20720.0,0.1996196208154,39.3265052425298,13.7034
El Salvador,2001,32.3059845559846,30.0772200772201,6.68649259791156,2058.04459070452,288.033783783784,1.97376097674819,26.5,1784.0,20720.0,0.260695403478884,44.4755553384712,13.7034
El Salvador,2002,32.0888030888031,29.8889961389961,5.82298419820808,2115.41187355626,288.930067567568,1.85811986211269,28.5,1784.0,20720.0,0.312091323294608,49.5431929695783,13.7034
El Salvador,2003,31.8716216216216,29.7007722007722,5.48839713449193,2207.83089518069,289.507673745174,1.72739228029706,31.2,1784.0,20720.0,0.28673899414646,67.2072609226129,13.7034
El Salvador,2004,31.6544401544402,29.5125482625483,5.72792591262587,2285.68907438892,289.800723938224,1.60166028798843,32.8,1784.0,20720.0,0.358461761357717,68.9516637257897,13.7034
El Salvador,2005,31.4372586872587,29.3243243243243,6.17165600762008,2447.39140845394,289.844498069498,1.4812650657243,35.1,1784.0,20720.0,0.39914953173434,67.7208467823786,13.7034
El Salvador,2006,31.2200772200772,29.1505791505791,6.04616656739515,2665.61807194853,289.68721042471,1.37092787505474,37.25,1784.0,20720.0,0.375439128042019,64.2868971474139,13.7034
El Salvador,2007,31.0028957528958,30.4295366795367,6.99310770496862,2830.65693770733,290.049420849421,1.50588924145946,39.5,1784.0,20720.0,0.574101884128207,59.5868367920027,13.7034
El Salvador,2008,30.7857142857143,30.8301158301158,7.09010840673402,2983.24829577976,290.989237451737,1.6993467382623,42.8,1784.0,20720.0,0.57003721533432,60.7372065861492,13.7034
El Salvador,2009,30.5685328185328,31.230694980695,6.66859073198944,2910.18651752011,291.905357142857,1.70731455273205,45.2,1784.0,20720.0,0.605967295196997,61.046537931965,13.7034
El Salvador,2010,30.3513513513514,31.6312741312741,6.98170850697531,3040.07300952878,292.86916023166,1.71910917971922,48.3,1784.0,20720.0,0.694104102642548,64.1870275761026,13.7034
El Salvador,2011,30.1341698841699,32.0318532818533,7.33019190703113,3330.60049486653,293.925048262548,1.7284049532239,51.1,1784.0,20720.0,0.871304968665533,64.7282677643228,13.7034
El Salvador,2012,29.9169884169884,32.4324324324324,6.5143562539307,3497.91256915509,295.076013513513,1.72188722574762,54.7,1784.0,20720.0,0.891970903917567,66.0385885611869,13.7034
El Salvador,2013,29.699806949807,32.8330115830116,5.61330655869503,3582.26694005169,296.276013513514,1.68379206567679,58.0,1784.0,20720.0,0.917685833876468,67.2925042869877,13.7034
El Salvador,2014,29.4826254826255,33.2335907335907,5.86687215376832,3666.01248913873,297.439913127413,1.60198377795495,61.8,1784.0,20720.0,0.881772391099845,70.3861891341649,13.7034
El Salvador,2015,29.265444015444,33.6341698841699,5.52976674016479,3790.34089108162,298.439961389961,1.46332930091099,65.2,1784.0,20720.0,0.819983825552979,69.8285240399009,13.7034
El Salvador,2016,29.0482625482625,34.034749034749,5.73215390739613,3901.34014965811,299.266409266409,1.27698873369579,69.1,1784.0,20720.0,0.785996262630016,72.2721022773975,13.7034
El Salvador,2017,28.8310810810811,34.4353281853282,5.39300914080881,4020.12671373919,299.880936293436,1.17579638205998,72.1,1784.0,20720.0,0.793007281378172,72.8746784050405,13.7034
El Salvador,2018,28.6138996138996,34.7972972972973,5.13276852985202,4183.54620971358,300.183735521236,1.0418867680294,75.4,1784.0,20720.0,0.724091929793981,67.9677797506065,13.7034
El Salvador,2019,28.3967181467181,34.7972972972973,5.1464335217926,4320.11671534627,300.304922779923,0.952011504586522,78.4,1784.0,20720.0,0.792048164994215,68.0055117047585,13.7034
El Salvador,2020,28.1795366795367,34.7972972972973,5.35480047301112,3997.19279583709,300.901206563707,1.08117918999429,81.2,1784.0,20720.0,0.800630075500086,78.5146265012445,13.7034
El Salvador,2021,27.9623552123552,34.7972972972973,4.81225514872015,4642.60743101342,301.919980694981,1.19234961422949,83.5,1784.0,20720.0,0.821602918989625,74.3625867555421,13.7034
El Salvador,2022,27.7451737451737,34.7972972972973,4.55875283808156,5074.60210221806,303.104198841699,1.01739055861496,85.7,1784.0,20720.0,0.755819529800338,70.8097768378782,13.7034
Equatorial Guinea,2000,93.2470588235294,0.784313725490196,,1487.3165506701,25.0723351158645,5.27208629047149,4.1,2156.0,28050.0,,,3.7523
Equatorial Guinea,2001,92.9491265597148,1.06951871657754,,1948.61145907844,26.7321212121212,6.53461723777714,4.3,2156.0,28050.0,,,3.7523
Equatorial Guinea,2002,92.6511942959002,1.31907308377897,,2264.21065580365,28.4476648841355,7.07357141323182,4.5,2156.0,28050.0,,,3.7523
Equatorial Guinea,2003,92.3532620320856,1.31907308377897,,2930.60183743733,30.2268092691622,7.83366609365533,4.6,2156.0,28050.0,,,3.7523
Equatorial Guinea,2004,92.0553297682709,1.31907308377897,,4901.30127408119,32.0826024955437,8.51856815274429,4.9,2156.0,28050.0,,,3.7523
Equatorial Guinea,2005,91.7573975044563,1.31907308377897,,8673.9026086535,33.7742245989305,8.38596398560062,5.0,2156.0,28050.0,,,3.7523
Equatorial Guinea,2006,91.4594652406417,1.46167557932264,1.51825527772648,10184.8841248541,35.3063458110517,8.26155895519129,5.1,2156.0,28050.0,,,3.7523
Equatorial Guinea,2007,91.1615329768271,1.46167557932264,1.37288404400353,12616.9532942011,36.935614973262,8.80499685576741,5.1,2156.0,28050.0,,,3.7523
Equatorial Guinea,2008,90.8636007130125,1.63992869875223,0.892696119574311,18210.5552970599,38.6641711229947,9.23278181264273,5.4,2156.0,28050.0,,,3.7523
Equatorial Guinea,2009,90.5656684491979,1.92513368983957,1.05819979061204,13232.5019378102,40.4874509803922,9.53752551945363,5.3,2156.0,28050.0,,,3.7523
Equatorial Guinea,2010,90.2677361853832,1.92513368983957,1.06137128570531,13720.1658723222,42.3916221033868,9.71229112496052,5.3,2156.0,28050.0,,,3.7523
Equatorial Guinea,2011,89.9697682709447,1.92513368983957,1.05350238777482,17198.2136668275,44.272192513369,9.57110605962947,5.2,2156.0,28050.0,,,3.7523
Equatorial Guinea,2012,89.6718003565062,1.92513368983957,1.05565709179581,17308.5723924575,46.1134759358289,9.35733002563124,5.15,2156.0,28050.0,,,3.7523
Equatorial Guinea,2013,89.3738324420677,1.92513368983957,1.19199068015273,16304.0713196418,47.9935115864528,9.27900418539084,4.9,2156.0,28050.0,,,3.7523
Equatorial Guinea,2014,89.0758645276292,1.92513368983957,1.29424877164029,15548.6624656619,49.9047415329768,9.1458143975497,4.8,2156.0,28050.0,,,3.7523
Equatorial Guinea,2015,88.7778966131907,1.92513368983957,1.88839087566802,9068.91003238645,51.8332620320856,8.83600102806311,4.5,2156.0,28050.0,,,3.7523
Equatorial Guinea,2016,88.4798573975044,1.92513368983957,2.33223920932761,7453.19797948517,53.7677718360071,4.10127796927805,4.3,2156.0,28050.0,,,3.7523
Equatorial Guinea,2017,88.1818181818182,1.92513368983957,2.31546339686272,7809.10465655488,55.7003921568627,3.96112295557081,4.1,2156.0,28050.0,,,3.7523
Equatorial Guinea,2018,87.8837789661319,1.92513368983957,2.25797968820385,8102.47084834031,57.6264527629233,3.81283561186818,3.9,2156.0,28050.0,,,3.7523
Equatorial Guinea,2019,87.5857397504456,1.88948306595365,2.43787857420381,6804.14923073888,59.5428520499109,3.66851267784634,3.6,2156.0,28050.0,,,3.7523
Equatorial Guinea,2020,87.2877005347594,1.88948306595365,3.15157383866339,5764.05502912947,61.1931550802139,3.11512649433144,3.3,2156.0,28050.0,,,3.7523
Equatorial Guinea,2021,86.9896613190731,1.88948306595365,2.8263690019315,6945.63069794539,62.7018181818182,2.80104478929665,3.1,2156.0,28050.0,,,3.7523
Equatorial Guinea,2022,86.6916221033868,1.88948306595365,2.48978303214525,7589.29964909381,64.297504456328,2.86333152841324,3.0,2156.0,28050.0,,,3.7523
Eritrea,2000,11.0738613861386,5.54455445544555,12.5904217689804,314.357396753501,22.2478316831683,3.33008724100128,0.4,384.0,101000.0,9.75409671374609,46.6433325086718,15.3315
Eritrea,2001,11.0425742574257,5.56435643564356,15.163844400074,325.409161513593,22.8918712871287,3.51715602337604,0.4,384.0,101000.0,20.1047204844012,57.7052737075194,15.3315
Eritrea,2002,11.0112871287129,5.56435643564356,13.6018100565387,304.775756465092,23.6928514851485,4.06854478488672,0.4,384.0,101000.0,31.2844859404306,74.769965837592,15.3315
Eritrea,2003,10.98,5.91089108910891,11.8299212236971,348.950327077742,24.6921089108911,4.7172104279383,0.5,384.0,101000.0,25.9866055879124,76.2382721016212,15.3315
Eritrea,2004,9.14032076920136,4.94285853030549,10.642274296598,426.840947887032,21.4765054072847,4.63796832199601,0.5,384.0,120982.625,,69.5074494024492,15.3315
Eritrea,2005,9.1109855799934,5.12289469065343,22.6000002108942,412.753079199423,21.9889099906246,2.8778339442139,0.5,384.0,121025.326,,69.5323374286343,15.3315
Eritrea,2006,9.08647415225366,5.53700562256476,24.59999989582,447.997404727201,22.3422474247986,2.00388435267391,0.5,384.0,121004.031,,68.4210441854889,15.3315
Eritrea,2007,9.0582202286878,5.53569837205687,24.2659805873687,480.44762365456,22.6651485964038,1.82531935841967,0.6,384.0,121032.606,,68.4132717564279,15.3315
Eritrea,2008,9.03025466560542,5.53456029744016,16.7763073752775,490.066956003333,23.2643755206101,2.93374473809349,0.6,384.0,121057.494,,72.9142760906008,15.3315
Eritrea,2009,9.00325161746643,5.69920149726779,14.1242274354984,642.92572288007,23.8530992984597,2.74690063328976,0.7,384.0,121069.592,,57.0842040753833,15.3315
Eritrea,2010,8.97748379233609,5.6994128192333,,539.699512069686,24.3272910774296,2.13456458243916,0.7,384.0,121065.103,,66.0762157560823,15.3315
Eritrea,2011,8.94961638502077,5.69828855371813,,688.68165957684,24.7626561652109,1.89436480581747,0.8,384.0,121088.989,,51.4834999754646,15.3315
Eritrea,2012,8.92402610724028,5.6986118181611,,,25.0820517513238,1.30901732580085,0.8,384.0,121082.12,,,15.3315
Eritrea,2013,8.90034222261119,5.70015791420086,,,25.3975905581196,1.19194049359041,0.8,384.0,121049.278,,,15.3315
Eritrea,2014,8.87519711563943,5.70077452457709,,,25.572294764578,0.586061348968297,0.9,384.0,121036.185,,,15.3315
Eritrea,2015,8.84524597758958,5.69829862429445,,,25.6468528978016,0.197789782494565,0.9,384.0,121088.775,,,15.3315
Eritrea,2016,8.81997366660957,5.69883119202229,,,25.8074296058691,0.430360195441271,0.9,384.0,121077.459,,,15.3315
Eritrea,2017,8.79432689018704,5.69912425026678,,,26.0206072238481,0.584382543587525,1.0,384.0,121071.233,,,15.3315
Eritrea,2018,8.76775721087697,5.69881918979739,,,26.3695100817645,1.06154440063105,0.9,384.0,121077.714,,,15.3315
Eritrea,2019,8.74145380877288,5.69868589789808,,,26.7606490641362,1.1634481731027,1.0,384.0,121080.546,,,15.3315
Eritrea,2020,8.71821523958664,5.70055580171216,,,27.1914115855899,1.22545720479682,1.0,384.0,121040.829,,,15.3315
Eritrea,2021,8.68225472898591,5.69409349206375,,,27.6467466920618,1.40601199577143,1.0,384.0,121178.2,,,15.3315
Eritrea,2022,8.65617743125414,5.69409349206375,,,28.1358115568642,1.3520979472065,1.0,384.0,121178.2,,,15.3315
Estonia,2000,52.8164661476763,19.8867657466384,3.88500958820541,4070.60902410208,32.9555319650861,0.406512197121298,100.0,626.0,42390.0,9.49836094805327,,59.4392
Estonia,2001,53.0456003774475,15.9707478178816,3.49644570652548,4502.66614992392,32.7462845010616,-0.626476258702144,100.0,626.0,42390.0,8.51401039321697,,59.4392
Estonia,2002,53.2747346072187,14.4751120547299,3.5524871000821,5343.18310760735,32.5395140363293,-0.609021157655893,100.0,626.0,42390.0,8.72561314173008,,59.4392
Estonia,2003,53.5038688369899,12.8568058504364,3.45928807770416,7205.40703313243,32.3359282849729,-0.590355954095625,100.0,626.0,42390.0,8.73154221669431,,59.4392
Estonia,2004,53.733003066761,12.2505307855626,3.61869925607531,8916.0728274602,32.1431941495636,-0.548707447942885,100.0,626.0,42390.0,7.51240193643242,,59.4392
Estonia,2005,53.9621372965322,13.9608398207124,3.28668552534137,10414.6381183565,31.9597782495872,-0.511927341297398,100.0,626.0,42390.0,6.46107242031855,,59.4392
Estonia,2006,54.1912715263034,13.1894314696862,3.14382046697103,12641.4800976473,31.7718801604152,-0.519067678852238,100.0,626.0,42390.0,5.4165939616342,,59.4392
Estonia,2007,54.4204057560746,14.13776834159,3.92534204177827,16745.4308011148,31.6272705826846,-0.376154314241163,100.0,626.0,42390.0,7.15645885933677,,59.4392
Estonia,2008,54.6495399858457,14.1023826374145,3.40126152586792,18205.9064113446,31.5425807973579,-0.179545949485094,100.0,626.0,42390.0,5.63270171789529,,59.4392
Estonia,2009,54.8786742156169,14.069355980184,2.47104873277575,14712.4494217916,31.4818353385232,-0.0965314545775049,100.0,626.0,42390.0,5.90249128043533,,59.4392
Estonia,2010,55.1078084453881,15.2158527954706,3.17092945309266,14663.7041018705,31.4101203113942,-0.124866073024554,100.0,626.0,42390.0,5.34439680625563,,59.4392
Estonia,2011,55.508799245105,14.9186128803963,3.66566862923271,17555.5455239426,31.3149091766926,-0.196359268496707,100.0,626.0,42390.0,4.32811526948137,,59.4392
Estonia,2012,55.9097900448219,14.6378862939372,3.2843229052027,17568.2137969714,31.2030195800896,-0.232225422923109,100.0,626.0,42390.0,4.01927129259401,,59.4392
Estonia,2013,54.9117552334944,14.6767885898321,3.04742973666601,19310.3874900757,30.3196917414309,-0.16566488498831,100.0,626.0,43470.0,4.907168591076,,59.4392
Estonia,2014,55.3027835288705,15.0448585231194,3.11496161660999,20581.7898991695,30.2402806533241,-0.00635149508279245,100.0,626.0,43470.0,5.50610631732772,,59.4392
Estonia,2015,55.6938118242466,15.527950310559,2.80642152865051,17722.1557669523,30.26011042098,0.376825064515229,100.0,626.0,43470.0,5.97477584565132,,59.4392
Estonia,2016,55.6993328732459,16.0110420979986,2.0715978609001,18666.3736521706,30.2689210950081,0.385363763239305,100.0,626.0,43470.0,6.21763642050995,,59.4392
Estonia,2017,57.0385964912281,15.8830409356725,2.33885596628311,20851.5223496861,30.816,0.511922510846607,100.0,626.0,42750.0,6.63516837454746,,59.4392
Estonia,2018,57.0385964912281,15.9766081871345,2.04938469969066,23618.1361254581,30.9234385964912,0.763385494011981,100.0,626.0,42750.0,8.0745799277641,,59.4392
Estonia,2019,57.0385964912281,16.140350877193,2.265648962634,24021.2501413306,31.0385497076023,0.801370602402878,100.0,626.0,42750.0,7.54618840999157,,59.4392
Estonia,2020,57.0385964912281,16.233918128655,1.93181527353408,23933.9939421065,31.0999298245614,0.631854957769353,100.0,626.0,42750.0,6.99595778676848,,59.4392
Estonia,2021,57.0385964912281,16.374269005848,1.94353771254558,27951.1659277744,31.1329122807018,0.528902118507097,100.0,626.0,42750.0,7.90083733267508,,59.4392
Estonia,2022,57.0652937046572,16.5457523987831,2.44640859997873,28340.3826549406,31.5665808565411,1.77943527041411,100.0,626.0,42730.0,7.41050920927443,,59.4392
Eswatini,2000,27.5162790697674,10.3488372093023,10.1383058001151,1629.67038842815,60.5473255813953,0.543368484902739,10.8,788.0,17200.0,10.7453786133847,18.829566446428,26.5225
Eswatini,2001,27.5869186046512,10.3488372093023,9.98162263550156,1429.85630359447,61.1083720930233,0.345391594430572,11.9,788.0,17200.0,13.1287645278422,21.1899563471159,26.5225
Eswatini,2002,27.6575581395349,10.3488372093023,10.3254630626656,1315.73634647994,61.5954069767442,0.173295034138915,13.0,788.0,17200.0,8.38271233265543,28.6222718227598,26.5225
Eswatini,2003,27.7281976744186,10.3488372093023,10.1773781294435,2015.21743065251,62.0174418604651,0.0702370529313686,14.3,788.0,17200.0,8.56362026122474,21.0354554386782,26.5225
Eswatini,2004,27.7988372093023,10.3488372093023,7.93542577068212,2525.5640452625,62.3929651162791,0.0513922935407365,15.5,788.0,17200.0,6.74499379086922,16.7202018521196,26.5225
Eswatini,2005,27.8694767441861,10.3488372093023,9.04728048608606,2871.06877437449,62.7338372093023,0.106878206604296,16.7,788.0,17200.0,8.86895259552766,15.501556718231,26.5225
Eswatini,2006,27.9401162790698,10.2906976744186,9.20239622112456,2964.95865200682,63.0486046511628,0.231733393688877,18.0,788.0,17200.0,9.19627424725215,14.3700027999553,26.5225
Eswatini,2007,28.0107558139535,10.2906976744186,8.84366174301086,3109.11097608864,63.4130813953488,0.528555843336189,19.3,788.0,17200.0,7.14866117192983,14.1795461962588,26.5225
Eswatini,2008,28.0813953488372,10.2906976744186,8.1820020018654,2946.8606613746,63.8425,0.806735382490606,20.4,788.0,17200.0,8.1006782223041,14.610325399621,26.5225
Eswatini,2009,28.1520348837209,10.2906976744186,7.55189409574541,3189.79679956637,64.2530813953488,0.934666487618942,21.7,788.0,17200.0,5.53092151853358,15.0406513122438,26.5225
Eswatini,2010,28.2226744186047,10.2906976744186,8.30965206310733,3922.74039390733,64.6308139534884,1.02917971520787,22.7,788.0,17200.0,2.28204994765658,24.1391712883702,26.5225
Eswatini,2011,28.2932558139535,10.2906976744186,7.97421442671441,4225.06049411911,64.9902906976744,1.13664439385607,23.9,788.0,17200.0,2.47971092831176,22.9488599336301,26.5225
Eswatini,2012,28.3638372093023,10.2906976744186,8.44107107954548,4224.54789174487,65.3408720930233,1.24901695769136,25.2,788.0,17200.0,3.09534101236707,18.8962580139771,26.5225
Eswatini,2013,28.4344186046512,10.2906976744186,8.37545690425617,3949.94310039907,65.6970930232558,1.37297458820309,26.5,788.0,17200.0,3.10826796730161,17.6734334793297,26.5225
Eswatini,2014,28.505,10.2906976744186,8.20388205629893,3771.07228381938,66.0638953488372,1.49359088952915,27.8,788.0,17200.0,3.5902373912271,13.108811523473,26.5225
Eswatini,2015,28.5755813953488,10.2906976744186,7.37857520050359,3419.82276559528,66.4426162790698,1.60483861941318,28.8,788.0,17200.0,4.03258880344054,11.9994441455595,26.5225
Eswatini,2016,28.646511627907,10.2906976744186,5.37686940648276,3238.17611961364,66.8318023255814,1.70343193587855,29.4,788.0,17200.0,5.42782676138825,21.7512062655663,26.5225
Eswatini,2017,28.7168604651163,10.2906976744186,8.11477800092546,3853.09956569679,67.3369186046512,1.92474898219469,30.0,788.0,17200.0,5.60298068786324,20.9427406874014,26.5225
Eswatini,2018,28.7872093023256,10.2906976744186,7.38537092360196,3972.65450620357,67.960988372093,1.97840654885066,30.2,788.0,17200.0,5.56260915940585,17.7234455671085,26.5225
Eswatini,2019,28.8575581395349,10.2906976744186,7.42401138221192,3913.14577547336,68.5973255813954,2.12225981181099,30.6,788.0,17200.0,5.32767665952567,20.1691133934728,26.5225
Eswatini,2020,28.9279069767442,10.2906976744186,7.62881465189563,3466.56936278145,69.3447093023256,2.38659378262032,30.8,788.0,17200.0,5.31235530799743,25.6454974655845,26.5225
Eswatini,2021,28.9982558139535,10.2906976744186,7.17040128400091,3984.00229174306,70.1507558139535,2.56613194591283,31.1,788.0,17200.0,6.57424802578184,26.6554744640975,26.5225
Eswatini,2022,29.0686046511628,10.2906976744186,7.57116956723157,3894.1620089869,70.8672674418605,2.52777193187584,31.1,788.0,17200.0,6.71166266251001,28.5949516963393,26.5225
Ethiopia,2000,18.5285,9.872,44.6660179485759,122.269202606069,67.411494,4.45854279783597,0.5,848.0,1000000.0,17.6404908703678,67.4176813772581,9.02274
Ethiopia,2001,18.4555,9.862,42.3405711240311,118.457204255261,69.487762,4.35494220213118,0.5,848.0,1000000.0,23.8109728215663,70.241995024966,9.02274
Ethiopia,2002,18.3825,9.853,38.6923716914638,109.593813612988,71.635517,4.45922572494006,0.5,848.0,1000000.0,14.8420569830889,84.0357388903259,9.02274
Ethiopia,2003,18.3095,10.928,37.2850554139561,116.800491132777,73.832663,4.38529242436668,0.4,848.0,1000000.0,25.8652803789287,85.0919590523141,9.02274
Ethiopia,2004,16.1585536311313,10.9551919006009,38.6797549469264,133.169812538096,67.4086372526321,4.36678804226886,0.4,848.0,1128597.3,10.8166544387191,65.2403771482643,9.02274
Ethiopia,2005,16.0938359195173,11.3618662700454,41.1744985607337,158.243458082465,69.4377847665754,4.37981291296883,0.4,848.0,1128599.8,12.9016549796519,49.9444271988528,9.02274
Ethiopia,2006,16.0289636874706,11.8694340984139,42.5241701226393,189.345737521418,71.5067748631684,4.37766477704282,0.4,848.0,1128613.2,16.1787703722898,14.5710792759199,9.02274
Ethiopia,2007,15.9640279304701,12.4380754315493,42.2650121920913,237.146255996319,73.6318622061839,2.18725340604446,0.4,848.0,1128631.2,9.30281389631865,13.1458504385529,9.02274
Ethiopia,2008,15.9002339512815,12.0559827881042,45.1845583729593,316.410475118075,75.7983969601131,7.14473573638509,0.4,848.0,1128568.3,7.21832076994562,10.512984266129,9.02274
Ethiopia,2009,15.8352653925443,12.3587993002942,45.8826942649105,368.574712267445,77.9802631357432,4.9456857455889,0.3,848.0,1128588.6,3.23977153102439,16.5497677481654,9.02274
Ethiopia,2010,15.7708287737324,12.9057011034308,41.4468200699758,330.619412798644,80.224030211657,4.81350246767762,0.3,848.0,1128571.0,2.55440118707568,24.4334323010783,9.02274
Ethiopia,2011,15.706088146017,13.4622853188946,41.2499638574537,343.024942351887,82.537679592612,4.93656502383621,0.3,848.0,1128575.1,1.90123260719379,26.9969906653902,9.02274
Ethiopia,2012,15.6413077967478,13.5975929442794,44.3309427521463,452.101031885754,84.8841807786957,4.7021913043003,0.3,848.0,1128582.1,1.83623147510289,24.2166657612452,9.02274
Ethiopia,2013,15.5767628847107,13.7084728569845,41.2395055340925,484.039833104062,87.224157853982,4.94213797545556,0.4,848.0,1128572.1,1.8224923756295,26.4725857260442,9.02274
Ethiopia,2014,15.5125439694869,13.8196461741706,38.5204496889284,549.986577082588,89.598740246565,4.86561713361329,0.3,848.0,1128538.3,1.17420758349517,30.5557352254075,9.02274
Ethiopia,2015,15.4478434691779,13.9303953410931,36.0569753905786,597.912113218663,92.0367822337439,4.89540924357463,0.3,848.0,1128539.4,1.25321784308828,31.7812582331685,9.02274
Ethiopia,2016,15.3828977407906,14.0409203421887,34.6969564523634,641.651523286233,94.5614799764478,4.86823874191839,0.3,848.0,1128558.5,1.20365347825597,31.5941088728904,9.02274
Ethiopia,2017,15.3182908234333,14.1501576177916,33.7792813400479,696.348429076216,97.1744352590326,4.87600186096141,0.3,848.0,1128552.8,1.70364017360407,32.195990368417,9.02274
Ethiopia,2018,15.2534899740501,14.3430388457376,31.2188066487174,739.702022272086,99.8298825389562,5.01030377934689,0.3,848.0,1128561.4,1.96762673634063,35.572601682596,9.02274
Ethiopia,2019,15.1886779997606,14.3473484917961,33.6333246930874,793.473247210264,102.552159549746,4.9032414205172,0.3,848.0,1128570.9,9.0875703903849,31.8677861051946,9.02274
Ethiopia,2020,15.1239877246579,14.3500889708883,35.5582700374118,829.790982547947,105.370090895445,4.47099523245079,0.3,848.0,1128571.4,9.07521531272565,30.2340278652052,9.02274
Ethiopia,2021,15.0601822445542,14.560115607756,37.5791137568863,893.00983544905,108.230378298522,4.87095365413555,0.3,848.0,1128505.6,9.96316623881699,28.9101982304795,9.02274
Ethiopia,2022,14.9955852855138,14.5325559938566,37.6422268385035,982.103161506992,111.107151376678,5.43291906726441,0.3,848.0,1128498.8,8.69813331229797,24.2638688064282,9.02274
Faroe Islands,2000,0.0573065902578797,0.0458452722063037,17.984835837507,23322.7593357515,32.7750716332378,1.41811365985936,,,1396.0,1.82818016757204,,61.8926
Faroe Islands,2001,0.0573065902578797,0.0458452722063037,17.9802624084832,24879.7729617864,33.4061604584527,2.56269312550108,,,1396.0,1.75406215625719,,61.8926
Faroe Islands,2002,0.0573065902578797,0.0458452722063037,15.4433020414245,26937.6505602847,33.9075931232092,1.49844374363511,,,1396.0,1.55440128210787,,61.8926
Faroe Islands,2003,0.0573065902578797,0.0458452722063037,12.0059023882437,31269.6031997217,34.4068767908309,1.99052084809209,,,1396.0,2.96424602967575,,61.8926
Faroe Islands,2004,0.0573065902578797,0.0458452722063037,11.8782177834553,35647.5440400531,34.6590257879656,1.25413240051664,,,1396.0,2.11507385012059,,61.8926
Faroe Islands,2005,0.0573065902578797,0.0458452722063037,11.5436368805079,36389.081644098,34.64111747851,-0.011382391452735,,,1396.0,1.47588672767063,,61.8926
Faroe Islands,2006,0.0573065902578797,0.0458452722063037,13.7781593005909,41743.6812847661,34.6239255014327,0.295521924553209,,,1396.0,2.24252329574416,,61.8926
Faroe Islands,2007,0.0573065902578797,0.0458452722063037,12.385238241092,48348.7393711011,34.6547277936963,-0.363843494052099,,,1396.0,3.88429033069416,,61.8926
Faroe Islands,2008,0.0573065902578797,0.0458452722063037,9.51731961524221,51287.8911081663,34.775787965616,0.828091624473149,,,1396.0,2.79742759356334,,61.8926
Faroe Islands,2009,0.0573065902578797,0.0458452722063037,10.0025185028719,47059.1947296738,34.9505730659026,1.64700378630082,,,1396.0,1.65746075899275,,61.8926
Faroe Islands,2010,0.0573065902578797,0.0458452722063037,14.8137133793903,47923.1515374991,34.8545845272206,0.714189886902527,,,1396.0,,,61.8926
Faroe Islands,2011,0.0573065902578797,0.0458452722063037,14.4254642225295,51618.9907766392,34.7729226361032,-0.121439626317744,,,1396.0,,,61.8926
Faroe Islands,2012,0.0573065902578797,0.0458452722063037,12.2216295031829,50261.9616267693,34.5924068767908,-0.448394008766118,,,1396.0,,,61.8926
Faroe Islands,2013,0.0573065902578797,0.0458452722063037,14.8016017473608,55758.2083680611,34.5601719197708,1.02117742197629,,,1396.0,,,61.8926
Faroe Islands,2014,0.0573065902578797,0.0458452722063037,14.9925404162692,60172.0632541664,34.6905444126075,0.820394012836231,,,1396.0,,,61.8926
Faroe Islands,2015,0.0573065902578797,0.0458452722063037,15.6643760466594,52637.1903526574,35.0279369627507,1.58334614680059,,,1396.0,,,61.8926
Faroe Islands,2016,0.0573065902578797,0.0472779369627507,19.4105036381493,56875.2803813296,35.432664756447,1.61143700222237,,,1396.0,,,61.8926
Faroe Islands,2017,0.0573065902578797,0.0472779369627507,17.9788585658383,59387.353086482,35.945558739255,1.46637872359604,,,1396.0,,,61.8926
Faroe Islands,2018,0.0573065902578797,0.0472779369627507,16.3200031785764,62526.4908515743,36.5300859598854,1.80324309135361,,,1396.0,,,61.8926
Faroe Islands,2019,0.0573065902578797,0.0472779369627507,17.0514062234626,63068.2872688483,37.1002865329513,1.52017115418594,,,1396.0,,,61.8926
Faroe Islands,2020,0.0585651537335286,0.0512445095168375,13.7184823893818,62243.1905561324,38.4809663250366,2.19351760559207,,,1366.0,,,61.8926
Faroe Islands,2021,0.0583941605839416,0.0510948905109489,14.2148369483437,69415.1853254579,38.9021897810219,1.74112521016119,,,1370.0,,,61.8926
Faroe Islands,2022,0.0583941605839416,0.0510948905109489,18.7358298803846,67058.2022648126,39.3518248175182,1.63525354850134,,,1370.0,,,61.8926
Fiji,2000,55.0886699507389,6.33825944170772,14.9875430394984,1995.72071163264,46.0267651888342,1.89168369803276,10.0,2592.0,18270.0,4.66338756507031,11.3660625975357,18.1149
Fiji,2001,55.4541324575807,6.0207991242474,13.012812333865,1944.997414609,46.5022441160372,1.78173299216929,10.2,2592.0,18270.0,4.70468765507889,11.070217211772,18.1149
Fiji,2002,55.8195949644225,5.70333880678708,13.3109099072134,2136.56794118683,46.9649151614669,1.71160598764759,10.5,2592.0,18270.0,4.41780913046993,11.437632409154,18.1149
Fiji,2003,56.1850574712644,5.38587848932677,12.5143538475649,2655.58079586044,47.415763546798,1.66330108932547,10.3,2592.0,18270.0,3.75991615873982,11.2158116445832,18.1149
Fiji,2004,56.5505199781062,5.06841817186645,12.349896656794,3097.19096651759,47.8580186097428,1.64094175332059,10.95,2592.0,18270.0,4.63333153405282,9.73804846308163,18.1149
Fiji,2005,56.915982484948,4.75095785440613,12.0743313492063,3377.69126953493,48.2966064586754,1.64696928922606,11.2,2592.0,18270.0,6.0791628072726,10.0096413385122,18.1149
Fiji,2006,57.2814449917898,4.43349753694581,12.3726571154966,3455.10599907349,48.7337164750958,1.67508028707413,11.6,2592.0,18270.0,5.50128984360786,12.6285316523681,18.1149
Fiji,2007,57.6469074986316,4.1160372194855,11.8829102406206,3762.74692789299,49.1424192665572,1.66771606593994,11.9,2592.0,18270.0,6.5124974616367,12.0485077499855,18.1149
Fiji,2008,58.0123700054735,3.79857690202518,10.6974950619792,3899.92231512129,49.4471264367816,1.4998655180166,12.4,2592.0,18270.0,6.20385591191009,20.0552324536721,18.1149
Fiji,2009,58.3778325123153,3.38259441707718,10.0884444017423,3164.13275408169,49.6573070607553,1.32967032842999,13.0,2592.0,18270.0,4.59049417310935,37.3509416651132,18.1149
Fiji,2010,58.7432950191571,3.4592227695676,9.38189737562413,3449.14452883369,49.8313628899836,1.27402704986954,13.6,2592.0,18270.0,7.48140586509288,36.3986160778447,18.1149
Fiji,2011,59.1087027914614,3.53585112205802,9.21771557173261,4139.60288609702,49.972030651341,1.22276992588198,14.3,2592.0,18270.0,6.31450961324465,30.9904143602306,18.1149
Fiji,2012,59.4741105637657,3.61247947454844,9.67577870713452,4341.40338748749,50.0776135741653,1.16740989317941,15.4,2592.0,18270.0,6.78334003727523,33.5563924605309,18.1149
Fiji,2013,59.8395183360701,3.68910782703886,10.1131069949223,4572.44377544245,50.1561029009305,1.12663740927672,16.5,2592.0,18270.0,7.17080481028083,32.3053831543382,18.1149
Fiji,2014,60.2049261083744,3.76573617952928,8.0985227018506,5293.35676680464,50.2235905856596,1.11650366531568,17.5,2592.0,18270.0,8.81999013516662,30.9469812264751,18.1149
Fiji,2015,60.5703338806787,3.8423645320197,7.8716240846939,5097.53106864695,50.2779419813903,1.10098664904739,18.7,2592.0,18270.0,9.29403734527021,33.9342121657691,18.1149
Fiji,2016,60.935960591133,3.91899288451013,10.6643336396929,5363.79026679243,50.3101258894362,1.0659287460668,20.3,2592.0,18270.0,6.75433628800444,30.0766285283704,18.1149
Fiji,2017,61.3015873015873,3.99562123700055,10.5318273601847,5826.84814459328,50.2878489326765,0.978757102087304,21.6,2592.0,18270.0,2.25471835311446,33.721515797604,18.1149
Fiji,2018,61.6672140120416,4.07224958949097,10.9065639753696,6085.41979485376,50.2014230979748,0.706700221022609,22.9,2592.0,18270.0,8.0112495938762,31.1861081802427,18.1149
Fiji,2019,62.0328407224959,4.14887794198139,12.4005161469113,5842.07344577597,50.0765736179529,0.595791028505697,24.4,2592.0,18270.0,4.97761451061441,36.6801001723501,18.1149
Fiji,2020,62.3984674329502,4.20361247947455,15.6918345311972,4620.6457238014,50.0800766283525,0.844282058484471,25.9,2592.0,18270.0,6.58992656884753,49.3171106565226,18.1149
Fiji,2021,62.7640941434045,4.20361247947455,17.2536724147942,4536.73312110335,50.1757525998905,1.0182351441623,27.4,2592.0,18270.0,10.4658134974201,61.6073894456185,18.1149
Fiji,2022,63.1297208538588,4.20361247947455,14.1928948833304,5414.12092119088,50.3241379310345,1.11298298736124,28.7,2592.0,18270.0,6.70134616180722,63.5122590233827,18.1149
Finland,2000,73.6913227617453,7.18375521192423,2.95484873814028,24335.9225082659,16.9940214714863,0.881692349721489,100.0,536.0,304590.0,6.32942409004406,,60.1608
Finland,2001,73.6244656751699,7.20082734167241,2.76462005490516,24965.202996776,17.0327587905053,0.785500042465216,100.0,536.0,304590.0,5.91158665887551,,60.1608
Finland,2002,73.5576085885945,7.2395679437933,2.67313392616545,26989.389260959,17.0740930431071,0.681319415395477,100.0,536.0,304590.0,6.23294699246174,,60.1608
Finland,2003,73.4907515020191,7.26813093010276,2.53635129256364,32920.0857192568,17.1148560359828,0.602703263829698,100.0,536.0,304590.0,6.27746387632103,,60.1608
Finland,2004,73.4238944154437,7.29078433303785,2.37997744754033,37768.1334202029,17.1646212941988,0.633808095267457,100.0,536.0,304590.0,6.01820453796848,,60.1608
Finland,2005,73.3570373288683,7.34265734265734,2.27855173502727,39049.8703780223,17.2234676122,0.689344647212792,100.0,536.0,304590.0,5.22009897147077,,60.1608
Finland,2006,73.4058597218112,7.43316563085726,2.00160822857672,41214.0187765069,17.3169839860577,0.740398460179694,100.0,536.0,304110.0,5.53258972623218,,60.1608
Finland,2007,73.3437206090302,7.42115820974054,2.38053234540974,48473.0240091455,17.3919563287185,0.804619636097445,100.0,536.0,304090.0,5.32061979566625,,60.1608
Finland,2008,73.3225666337611,7.43369529450477,2.20537134561628,53769.4726240385,17.4840375123396,0.862206577174019,100.0,536.0,303900.0,4.358853613428,,60.1608
Finland,2009,73.2555577492596,7.43106284962159,2.25383112774094,47478.3495310999,17.5678545574202,0.84110144292635,100.0,536.0,303900.0,4.21263344937051,,60.1608
Finland,2010,73.1885488647581,7.41954590325765,2.36676641136983,46506.2919016566,17.6484106614018,0.801014928123848,100.0,536.0,303900.0,5.89724838235734,,60.1608
Finland,2011,73.3008654447333,7.40564019875613,2.25898661809719,51060.3242589767,17.7309947678436,0.853634959104373,100.0,536.0,303890.0,5.95410885067967,,60.1608
Finland,2012,73.4107736351969,7.40103326861693,2.18836399205502,47551.6740841369,17.8155615518773,0.914208754071021,100.0,536.0,303890.0,6.13050717514729,,60.1608
Finland,2013,73.5206818256606,7.31876665898845,2.21182621856833,49691.0145200739,17.8978314521702,0.89760221485794,100.0,536.0,303890.0,7.22542565529621,,60.1608
Finland,2014,73.6305900161243,7.34081411036888,2.21758033567317,50073.7760815871,17.9720030274112,0.856452583333272,100.0,536.0,303890.0,6.85471894849161,,60.1608
Finland,2015,73.7356454213418,7.37817116909611,2.06049706934612,42560.3456767103,18.0301108880919,0.775752677519932,100.0,536.0,303910.0,7.7601889109388,,60.1608
Finland,2016,73.7356454213418,7.39034582606693,2.08977502932082,43451.2562442158,18.0820078312658,0.721692078308568,100.0,536.0,303910.0,7.54880083514058,,60.1608
Finland,2017,73.7332192682285,7.3769413003422,2.06803556647353,46085.0174739036,18.1238944459068,0.708952212929987,100.0,536.0,303920.0,7.43435778398756,,60.1608
Finland,2018,73.7332192682285,7.38023163990524,2.11422780880102,49654.2497035329,18.1479501184522,0.667702897337291,100.0,536.0,303920.0,7.85993545275118,,60.1608
Finland,2019,73.7307932747672,7.38656927582009,2.18977184111891,48358.1807773701,18.1673609054717,0.662676659933095,100.0,536.0,303930.0,7.14906968342231,,60.1608
Finland,2020,73.7283674409423,7.37974600250049,2.24039393029227,48828.6846862799,18.1928768835954,0.612423189678435,100.0,536.0,303940.0,6.66194608734765,,60.1608
Finland,2021,73.7264996576714,7.37955904913905,2.15907446415076,53099.1351400148,18.2301659134121,0.597971575912131,100.0,536.0,303947.7,8.42924581825946,,60.1608
Finland,2022,73.7264996576714,7.37297896973723,2.24134367895993,50440.560224974,18.2798093224591,0.714914533928392,100.0,536.0,303947.7,7.41082549937979,,60.1608
France,2000,28.3662677428333,34.0558493366732,1.98449655121117,22340.5939516217,113.032119862696,1.13973245323091,100.0,867.0,538950.0,1.09500735503525,,48.8566
France,2001,28.5761202337879,34.040077929307,2.00226015670254,22331.7948343036,113.859127933946,1.24136345965381,100.0,867.0,538950.0,1.02076244616367,,48.8566
France,2002,28.7859727247426,34.0875776973745,1.90378389721189,24144.5727019529,114.6899378421,1.17713925018148,100.0,867.0,538950.0,0.995624599508137,,48.8566
France,2003,28.9958252156972,34.0565915205492,1.74560664256609,29479.5222101175,115.50209666945,0.983212158223715,100.0,867.0,538950.0,0.994184500513953,,48.8566
France,2004,29.2056777066518,34.081083588459,1.72018557547967,33644.9282220364,116.351401799796,0.759636119443505,100.0,867.0,538950.0,0.975276502354572,,48.8566
France,2005,29.4155301976065,34.0988960014844,1.58270403235962,34696.3718316971,117.229527785509,0.682539514520476,100.0,867.0,538950.0,0.940078216335911,,48.8566
France,2006,29.6253826885611,34.027275257445,1.42706409375236,36431.5658906555,118.048690973189,0.580552453496514,100.0,867.0,538950.0,0.919349530025359,,48.8566
France,2007,29.8352351795157,33.9293069858057,1.516727357675,41486.1907828787,118.780758883013,0.487654776464133,100.0,867.0,538950.0,0.92361510443111,,48.8566
France,2008,30.0450876704704,33.8968364412283,1.42030674677991,45464.8181385158,119.445432785973,0.441951013329883,100.0,867.0,538950.0,0.840573966740374,,48.8566
France,2009,30.254940161425,33.8736431951016,1.23241577481447,41728.0884164132,120.060183690509,0.441197047500017,100.0,867.0,538950.0,0.863059849521024,,48.8566
France,2010,30.4647926523796,33.9562111513127,1.50088040274637,40694.8211697025,120.653513312923,0.487458679950618,100.0,867.0,538950.0,0.955054128263272,,48.8566
France,2011,30.6195379905372,33.9074125614621,1.55137276231397,43929.7840873812,121.237276185175,0.511182130966785,100.0,867.0,538950.0,1.03341504628488,,48.8566
France,2012,30.7742833286947,33.9209574172001,1.52594468949115,40863.5814412333,121.825139623342,0.546812513127674,100.0,867.0,538950.0,0.971946582792798,,48.8566
France,2013,30.9290286668522,33.9654884497634,1.36140137870511,42669.1795111893,122.456502458484,0.616810366986242,100.0,867.0,538950.0,0.96565485022917,,48.8566
France,2014,31.0837740050097,34.0163280452732,1.46154600121993,43148.0459288416,123.039367288246,0.615029382003644,100.0,867.0,538950.0,0.977679040918057,,48.8566
France,2015,31.2385193431673,34.2864829761573,1.50360116027898,36702.4323733379,123.477636144355,0.88249072680784,100.0,867.0,538950.0,0.954577498742947,,48.8566
France,2016,31.3932646813248,34.0586622135634,1.33798472564444,37024.2157133669,123.803885332591,1.3368064229986,100.0,867.0,538950.0,0.947032111629837,,48.8566
France,2017,31.5480100194823,34.2598886724186,1.43496006533197,38687.1626407164,124.163688653864,0.349813019619046,100.0,867.0,538950.0,0.970317568276113,,48.8566
France,2018,31.7027553576399,33.6328045273216,1.53110170543578,41418.1766484844,124.609607570276,0.389849816707503,100.0,867.0,538950.0,0.918611286841535,,48.8566
France,2019,31.8575006957974,33.2921152240468,1.40828485472535,40408.2848574751,125.024698023935,0.354972490012461,100.0,867.0,538950.0,0.89349530798971,,48.8566
France,2020,32.0122460339549,31.5143631134614,1.4604342657704,39169.8606000707,125.431134613601,0.353572181852013,100.0,867.0,538950.0,0.971448912005557,,48.8566
France,2021,32.1669913721124,31.5621764542165,1.46334541457898,43725.0999521245,125.879601076167,0.388083616553456,100.0,867.0,538950.0,1.08260462575962,,48.8566
France,2022,32.32173671027,31.5249188236386,1.72017137018833,40988.6396406579,126.513511457464,0.531186532435236,100.0,867.0,538950.0,1.02370508984539,,48.8566
French Polynesia,2000,42.7974647075771,0.720253529242293,4.51512129821948,14978.324104668,69.241428983002,1.41765615388299,,,3471.0,0.806560478923,,17.535
French Polynesia,2001,42.8236819360415,0.720253529242293,,14640.9360062298,70.3246902909824,1.4432928186967,,,3471.0,0.806913338552988,,17.535
French Polynesia,2002,42.8498991645059,0.720253529242293,,16004.0583292112,71.3843272832037,1.44154376038995,,,3471.0,1.31641231608577,,17.535
French Polynesia,2003,42.8761163929703,0.720253529242293,,19582.8936395312,72.4969749351772,1.66293761186874,,,3471.0,2.15273345597056,,17.535
French Polynesia,2004,42.9023336214347,0.720253529242293,,21764.2203208782,73.6542783059637,2.19826139305998,,,3471.0,1.69829696993418,,17.535
French Polynesia,2005,42.9285508498992,0.720253529242293,3.05963576025818,21984.1936230719,74.7643330452319,2.51156869642063,,,3471.0,2.17241843701281,,17.535
French Polynesia,2006,42.9547680783636,0.720253529242293,2.94803658150196,22330.8676659055,75.8349178910977,2.70700662063639,,,3471.0,2.73163136727402,,17.535
French Polynesia,2007,42.980985306828,0.720253529242293,2.55076680608596,24888.1781337361,76.7611639297033,2.640795650855,,,3471.0,2.73877267218469,,17.535
French Polynesia,2008,43.0072025352924,0.720253529242293,2.26578407008733,26592.0262835732,77.320368769807,2.17313500127757,,,3471.0,3.09787873761267,,17.535
French Polynesia,2009,43.0334197637568,0.720253529242293,2.30302105096859,24434.2197555208,77.637856525497,1.76124309087429,,,3471.0,1.96714204196558,,17.535
French Polynesia,2010,43.0596369922213,0.720253529242293,2.26967001717539,22494.806706186,77.9544799769519,1.55391613275078,,,3471.0,2.14117044703841,,17.535
French Polynesia,2011,43.0596369922213,0.720253529242293,2.4923805279951,22831.5185348524,78.2849322961683,1.26021994270639,,,3471.0,2.27014120833029,,17.535
French Polynesia,2012,43.0596369922213,0.720253529242293,2.63770555361179,20846.5457478364,78.675885911841,0.916551763792345,,,3471.0,2.25939587495404,,17.535
French Polynesia,2013,43.0596369922213,0.720253529242293,3.02217318220315,21955.6329264095,79.1495246326707,0.73704798323897,,,3471.0,3.11334786398434,,17.535
French Polynesia,2014,43.0596369922213,0.720253529242293,3.17771114316168,22258.6321384251,79.6274848746759,0.714646161454515,,,3471.0,2.05615170970602,,17.535
French Polynesia,2015,43.0596369922213,0.720253529242293,3.22845890100068,19166.9594761931,80.0535868625756,0.62275622356434,,,3471.0,2.72803612787393,,17.535
French Polynesia,2016,43.0596369922213,0.720253529242293,3.21708081765994,19690.0775734589,80.431575914722,0.53138424147762,,,3471.0,1.19074745981066,,17.535
French Polynesia,2017,43.0596369922213,0.720253529242293,3.0564999715999,20826.9312492172,80.6934600979545,0.349612252170775,,,3471.0,1.62887721534421,,17.535
French Polynesia,2018,43.0596369922213,0.720253529242293,2.85240041681856,21925.616043938,80.6150965139729,-0.0988556527945417,,,3471.0,1.87643163540788,,17.535
French Polynesia,2019,43.0596369922213,0.720253529242293,2.25047826168236,21582.5892046801,80.3900893114376,-0.289613510740725,,,3471.0,2.03499299554024,,17.535
French Polynesia,2020,43.0596369922213,0.720253529242293,2.21570108763617,19966.4838503859,80.4405070584846,0.0382770684439434,,,3471.0,2.86561523068309,,17.535
French Polynesia,2021,43.0596369922213,0.720253529242293,,21426.3854449835,80.6084701815039,0.164540424835211,,,3471.0,1.77267997103016,,17.535
French Polynesia,2022,43.0596369922213,0.720253529242293,,20053.9569369322,80.7772976087583,0.130165791722251,,,3471.0,1.82613652095637,,17.535
Gabon,2000,91.9781115380137,1.26130321729344,6.21362452192229,3982.906200928,4.950409438429,3.68672052311394,14.9,1831.0,257670.0,11.8247632915366,91.4060951554922,0.38832
Gabon,2001,91.9584778980867,1.26130321729344,6.14393258219291,3835.75718279727,5.08242713548337,3.68590108832774,16.2,1831.0,257670.0,11.1325448561731,78.4612185117591,0.38832
Gabon,2002,91.9388442581597,1.26130321729344,5.74386163895503,3966.48001864663,5.22037877905849,3.68216731979442,17.3,1831.0,257670.0,9.34700212198362,72.4497933882251,0.38832
Gabon,2003,91.9192106182326,1.26130321729344,6.00402093513223,4710.74862768151,5.36480769977103,3.68062756666185,18.6,1831.0,257670.0,5.46848847759393,65.6666010211137,0.38832
Gabon,2004,91.8995769783056,1.26130321729344,5.46729104251047,5465.79193590708,5.5171692474871,3.69697761444143,19.9,1831.0,257670.0,9.82469801397195,62.5130970565072,0.38832
Gabon,2005,91.8799433383785,1.26130321729344,4.98463861102881,6547.87613955186,5.67972600613187,3.74287236479107,21.6,1831.0,257670.0,7.53270223946158,46.173861951464,0.38832
Gabon,2006,91.8603096984515,1.26130321729344,4.91120031463828,6847.00985685394,5.85375480265456,3.79715262363783,23.05,1831.0,257670.0,6.71132164517058,48.709055106344,0.38832
Gabon,2007,91.8406760585245,1.26130321729344,4.95783080287957,8003.54289696049,6.03965149221873,3.84292372184483,24.8,1831.0,257670.0,8.36934095096122,48.2969273788531,0.38832
Gabon,2008,91.8210424185974,1.26130321729344,4.22984203194841,9688.64519690633,6.23733845616486,3.8725163276972,26.2,1831.0,257670.0,5.56896762757616,18.5507363685603,0.38832
Gabon,2009,91.8014087786704,1.26130321729344,5.04416979273101,7290.57526093114,6.44838747234835,3.91184632654159,28.1,1831.0,257670.0,8.88106098657582,25.2548638328026,0.38832
Gabon,2010,91.7817751387434,1.26130321729344,3.91445441728357,8356.74662013345,6.67473512632437,3.96411803855293,29.8,1831.0,257670.0,3.565750078687,23.3479360188722,0.38832
Gabon,2011,91.7356618931191,1.26130321729344,3.43228977977158,10219.1139339454,6.91576434974968,3.98884571113285,31.6,1831.0,257670.0,4.77114703374941,20.2591426269362,0.38832
Gabon,2012,91.6895486474949,1.26130321729344,3.35369777676334,9296.96587941088,7.16765242364264,3.94337917922585,33.9,1831.0,257670.0,1.80138131844382,20.9682000950422,0.38832
Gabon,2013,91.6434354018706,1.26130321729344,3.32908065074657,9197.70106323947,7.42445375868359,3.82387320744059,35.4,1831.0,257670.0,1.60602426845989,30.3496330016414,0.38832
Gabon,2014,91.5973221562464,1.26130321729344,3.62120476996243,9201.36276648105,7.67803391935421,3.90240948445026,37.1,1831.0,257670.0,1.7001467662193,26.9271691206854,0.38832
Gabon,2015,91.5512089106221,1.26130321729344,4.31162904410146,7047.12654634355,7.92094151434005,3.64019457322204,39.2,1831.0,257670.0,2.20228441857177,38.9088177850882,0.38832
Gabon,2016,91.5051034268638,1.26130321729344,4.97313690987068,6677.07003901644,8.15114681569449,3.38491347068966,40.5,1831.0,257670.0,3.66520252789454,41.6453797981868,0.38832
Gabon,2017,91.4589979431055,1.26130321729344,5.2657648440765,6921.73373135624,8.37078433655451,3.17301804411434,42.4,1831.0,257670.0,6.11122700680848,47.0383134247217,0.38832
Gabon,2018,91.4128924593472,1.26130321729344,5.43595280305822,7624.2775233771,8.58585788023441,3.04460748782722,44.0,1831.0,257670.0,4.82291580163461,43.7707263168428,0.38832
Gabon,2019,91.3667869755889,1.26130321729344,5.5544308701413,7441.1786472281,8.80081499592502,2.97367662206361,45.5,1831.0,257670.0,4.80430612014305,47.0071197415292,0.38832
Gabon,2020,91.3206814918306,1.26130321729344,6.61619761351046,6605.80346077565,9.01361819381379,2.88284063261207,47.0,1831.0,257670.0,6.54324181533169,53.2974117173897,0.38832
Gabon,2021,91.2745760080723,1.26130321729344,6.76982280967365,8181.40914134656,9.22389878526798,2.79209294085073,48.5,1831.0,257670.0,5.92866965465237,45.9389652789504,0.38832
Gabon,2022,91.228470524314,1.26130321729344,6.50616941581675,8409.2074145028,9.43356618931191,2.72689148305465,49.9,1831.0,257670.0,4.76919479109178,41.9837162183193,0.38832
"Gambia, The",2000,35.3092885375494,23.1225296442688,24.5322844709577,538.054072348854,143.783003952569,5.93833206679698,1.7,836.0,10120.0,1.32388422031355,65.1187710252049,13.4495
"Gambia, The",2001,34.7427865612648,24.1106719367589,25.4256323774963,459.803068381399,147.728359683794,5.59638192378176,1.6,836.0,10120.0,3.58260614484785,75.3610617515334,13.4495
"Gambia, The",2002,34.1762845849802,25.098814229249,24.1249321438198,376.531026962584,151.748122529644,5.18458335055058,1.5,836.0,10120.0,1.4138978814879,107.058361132109,13.4495
"Gambia, The",2003,33.6097826086957,26.0869565217391,26.7482904903386,308.719123437587,155.890415019763,4.74538191147206,1.4,836.0,10120.0,10.8817913772625,138.563961047829,13.4495
"Gambia, The",2004,33.0432806324111,26.9762845849802,31.502618345017,593.285346326581,160.208695652174,4.50545567586714,1.3,836.0,10120.0,1.65222509318413,72.2098548469304,13.4495
"Gambia, The",2005,32.4767786561265,27.9644268774704,32.0906328098921,616.483657865348,164.726976284585,4.42192130885832,1.1,836.0,10120.0,1.65089063668519,65.8366506020533,13.4495
"Gambia, The",2006,31.9102766798419,28.9525691699605,25.6002258377034,614.544307904464,169.493577075099,4.3729164405186,1.05,836.0,10120.0,2.72799216440056,68.9310783848804,13.4495
"Gambia, The",2007,31.3437747035573,29.9407114624506,23.5661970390261,724.726407242432,174.483596837945,4.31968545029437,1.0,836.0,10120.0,3.63949446936611,55.0960767922269,13.4495
"Gambia, The",2008,30.7772727272727,36.7588932806324,29.7757115194915,859.127671411226,179.629644268775,4.23959711655364,0.8,836.0,10120.0,1.68235289734135,25.4686488738758,13.4495
"Gambia, The",2009,30.2107707509881,42.2924901185771,31.7342257887518,774.888030908091,184.923122529644,4.16780997680637,0.8,836.0,10120.0,0.195134892407419,37.3430257494781,13.4495
"Gambia, The",2010,29.6442687747036,44.4664031620553,35.1932434877047,801.033372714536,190.378458498024,4.11646916286062,0.7,836.0,10120.0,0.114525198009875,35.9332457818132,13.4495
"Gambia, The",2011,29.0778656126482,44.4664031620553,27.202420609824,710.608411468152,196.026086956522,4.09237754154315,0.7,836.0,10120.0,2.37509318109865,37.4435207463885,13.4495
"Gambia, The",2012,28.5114624505929,44.4664031620553,27.393571461515,692.579361628102,201.886758893281,4.0881910676081,0.6,836.0,10120.0,6.62737046001737,40.8138633096458,13.4495
"Gambia, The",2013,27.9450592885375,44.4664031620553,26.2221225134284,653.862713272743,207.887351778656,4.05584162947176,0.5,836.0,10120.0,0.800657186329088,43.3066265390408,13.4495
"Gambia, The",2014,27.3786561264822,44.4664031620553,22.4588391707898,568.00453558864,213.886166007905,3.94929615721524,0.5,836.0,10120.0,46.4517272194055,46.5158787603784,13.4495
"Gambia, The",2015,26.8122529644269,44.4664031620553,22.2088860199147,619.536364296461,219.815118577075,3.80621520749896,0.4,836.0,10120.0,17.0304499275113,43.5650984373062,13.4495
"Gambia, The",2016,26.2450592885375,44.4664031620553,21.8613793599274,650.056501323611,225.668873517787,3.66824797174221,0.4,836.0,10120.0,12.0541047712421,42.7715420042373,13.4495
"Gambia, The",2017,25.6788537549407,43.4782608695652,21.0018946913892,642.522641296331,231.441600790514,3.53384623156014,0.3,836.0,10120.0,15.0308373157343,51.1045782522749,13.4495
"Gambia, The",2018,25.1126482213439,43.4782608695652,19.8715961801257,696.219806960615,237.117786561265,3.39854485527017,0.3,836.0,10120.0,0.246748535987422,47.3953247273082,13.4495
"Gambia, The",2019,24.5454545454545,43.4782608695652,20.0040458725555,738.186751987483,242.771146245059,3.29937642644388,0.2,836.0,10120.0,35.4889192221619,47.7568814883079,13.4495
"Gambia, The",2020,23.9792490118577,43.4782608695652,21.2440052017636,720.335143352133,248.590217391304,3.27894394266836,0.2,836.0,10120.0,0.524683604678699,53.9987549889751,13.4495
"Gambia, The",2021,23.4123814229249,43.4782608695652,23.579267737043,781.890925169531,254.546442687747,3.24506862655307,0.2,836.0,10120.0,0.214007104152573,56.6631213557732,13.4495
"Gambia, The",2022,22.8459584980237,43.4782608695652,22.8604385781593,836.244875868476,260.520750988142,3.16392403773565,0.2,836.0,10120.0,1.51606638133265,54.2711836263851,13.4495
Georgia,2000,39.7265793639373,11.4117139156713,20.6020089027155,749.908534993961,71.3308898141992,-2.23409715868154,7.6,1026.0,69490.0,2.99976222985637,58.9851173597865,41.71
Georgia,2001,39.8155130234566,11.4404950352569,20.9619418639497,801.98383707929,70.232915777319,-1.71095784573147,8.8,1026.0,69490.0,2.16079464114325,58.9445103087218,41.71
Georgia,2002,39.904446682976,11.498057274428,19.2408798283262,853.526171868939,69.6055670247384,-0.89163710147,10.5,1026.0,69490.0,2.22743578082462,59.7276370609979,41.71
Georgia,2003,39.9933803424953,11.5412289538063,19.3015027848811,1010.03151630868,69.13705867945,-0.481531560425149,12.0,1026.0,69490.0,2.8448501030474,53.7039866892724,41.71
Georgia,2004,40.0823140020147,6.50453302633472,16.3950612257362,1305.04748557208,68.7102417859267,-0.233740720913795,14.4,1026.0,69490.0,2.24078259477689,44.5575413523862,41.71
Georgia,2005,40.171247661534,6.76356310260469,14.7699403660646,1642.78359414797,68.2751145946324,-0.093649480440604,16.7,1026.0,69490.0,2.1270270594643,33.3174467227854,41.71
Georgia,2006,40.2601813210534,6.64843862426248,11.1987759157064,1996.02013272284,67.8880821582281,0.100507863053146,19.6,1026.0,69490.0,2.25756096267937,32.5483419859206,41.71
Georgia,2007,40.3491149805727,6.66282918405526,9.19570666949123,2635.36650276116,67.5348682599111,0.24601089066305,22.6,1026.0,69490.0,2.28367109844876,29.2582035087212,41.71
Georgia,2008,40.4380486400921,6.60526694488416,8.13162847511651,3324.7537205015,67.3300150460128,0.534550575733225,26.1,1026.0,69490.0,1.78545535865338,60.6282124130377,41.71
Georgia,2009,40.5269822996115,6.23111239027198,8.10130101189814,2822.68939668797,66.7346478183281,-0.00666128173370245,30.05,1026.0,69490.0,1.86719319741209,80.8779132869538,41.71
Georgia,2010,40.6159159591308,5.6842711181465,8.86598672626304,3281.72930937343,66.2496063543161,0.168743438026874,34.5,1026.0,69490.0,1.03642264887144,71.9941407849804,41.71
Georgia,2011,40.6159159591308,5.43099726579364,9.73887160427603,4119.66818307193,65.7203016200707,0.0869898161046183,39.1,1026.0,69490.0,0.847065880694255,78.2844595976206,41.71
Georgia,2012,40.6159159591308,5.3245071233271,8.56565938989856,4530.69533409431,65.238006928164,0.118860917594664,44.1,1026.0,69490.0,0.883666465672926,80.8332989234343,41.71
Georgia,2013,40.6159159591308,5.98215570585696,9.21478687624408,4712.00229382665,65.0419538822212,0.496747640686589,49.1,1026.0,69490.0,0.93608062074852,79.1305184319396,41.71
Georgia,2014,40.6159159591308,5.25255432436322,9.2042368072631,4830.33486170249,65.0725007872914,0.760706839565619,54.0,1026.0,69490.0,0.964498737146131,79.5047029311935,41.71
Georgia,2015,40.6159159591308,5.29140883580371,8.54206032187102,4086.6223465965,65.1750586094685,0.780931087233035,59.2,1026.0,69490.0,1.0371709679509,96.5064072108872,41.71
Georgia,2016,40.6159159591308,4.95035256871492,8.00327332913851,4143.40125686315,65.2140557752196,0.612507275450642,64.2,1026.0,69490.0,1.29706697144208,107.365205053265,41.71
Georgia,2017,40.6159159591308,4.6625413728594,6.91860933720368,4418.75206546679,65.2227859617201,0.534161139190591,68.1,1026.0,69490.0,0.978251126753385,102.048777144568,41.71
Georgia,2018,40.6159159591308,4.47546409555332,7.56159033807908,4804.0546040444,65.197330207495,0.483974231568531,72.4,1026.0,69490.0,0.75088440890614,99.3248254843151,41.71
Georgia,2019,40.6159159591308,4.41790185638221,7.33548626473072,4741.2832715876,65.0855698239966,0.387058789566444,76.0,1026.0,69490.0,0.656550356213725,111.32362234557,41.71
Georgia,2020,40.6159159591308,4.46107353576054,8.31654843439314,4300.85701291207,65.1302704783232,0.695420497520256,79.6,1026.0,69490.0,0.525297347886593,131.658303183224,41.71
Georgia,2021,40.6159159591308,4.48985465534609,7.22731737039721,5083.60695484577,64.8834808775675,0.347062072724148,82.2,1026.0,69490.0,0.698277360236546,124.40340523108,41.71
Georgia,2022,40.6159159591308,4.5474168945172,6.63235520175679,6729.84659930283,64.9515728331992,1.07743104843561,85.0,1026.0,69490.0,0.710248806812917,100.312545728071,41.71
Germany,2000,32.5376128385155,33.8271958733343,0.996168402468,23925.8559901991,235.596813297034,0.149864704609412,100.0,700.0,348950.0,0.89698099245111,,52.5235
Germany,2001,32.5580395528805,33.8578389223273,1.08333750848315,23878.3641471651,236.027300085985,0.184285905856991,100.0,700.0,348900.0,0.860668363565498,,52.5235
Germany,2002,32.5775382674999,33.7986584876455,0.901338514680484,25486.5942008748,236.451570830706,0.185998657156482,100.0,700.0,348860.0,0.899891311390311,,52.5235
Germany,2003,32.5979759754594,33.9067113901551,0.829342960804352,30711.1022511331,236.616427281328,0.0752240772473077,100.0,700.0,348810.0,0.803331839977768,,52.5235
Germany,2004,32.6174843019755,34.1141726639333,0.948871367267906,34566.7359143735,236.592195429653,0.000322040367940688,100.0,700.0,348770.0,0.777543455665998,,52.5235
Germany,2005,32.6341897006537,34.1323546278243,0.72605784900095,35084.4363546269,236.464680582636,-0.0323936858765878,100.0,700.0,348760.0,0.841795912497273,,52.5235
Germany,2006,32.653704978206,34.0272998394127,0.716599757643703,36980.3349948954,236.225197866483,-0.0858814875318384,100.0,700.0,348720.0,0.853007538029197,,52.5235
Germany,2007,32.6741618148966,34.0637278802306,0.822076767549622,42350.9217211489,235.943361918146,-0.104091683009841,100.0,700.0,348670.0,0.827555822739695,,52.5235
Germany,2008,32.6936867165763,34.2253965522187,0.837028054130878,46379.1647953479,235.522178240542,-0.157623396232742,100.0,700.0,348630.0,0.77305825107001,,52.5235
Germany,2009,32.7113393190098,34.2646510427125,0.670417045914746,42471.8868625226,234.939637417171,-0.217793429062725,100.0,700.0,348610.0,0.83945401512419,,52.5235
Germany,2010,32.7308718478354,33.9845655105144,0.775984032180357,42396.9665976293,234.606908225034,-0.114360105650343,100.0,700.0,348570.0,0.865856229949373,,52.5235
Germany,2011,32.7375487720909,34.0687399586872,0.924638957956395,47630.9761883572,230.304633348634,-1.81029751623121,100.0,700.0,348560.0,0.911496061368404,,52.5235
Germany,2012,32.7451655477133,33.9530613415964,0.911412934754651,44718.0159214069,230.750625466231,0.253515268002969,100.0,700.0,348540.0,0.858725949043021,,52.5235
Germany,2013,32.7189864709929,34.0403577161202,0.927130138706706,47206.8353514242,231.155712565925,0.372093511446876,100.0,700.0,348880.0,0.863505801783611,,52.5235
Germany,2014,32.7228432215535,34.018343364861,0.915606456087681,48959.5991203133,232.108053883634,0.544178034998626,100.0,700.0,348900.0,0.847330972574896,,52.5235
Germany,2015,32.7323281545606,33.9563148540962,0.708512712866412,41929.7549110722,234.152986871524,1.01662328817406,100.0,700.0,348860.0,0.795232239715263,,52.5235
Germany,2016,32.685482024273,33.6701396839936,0.730531013610999,42948.9381932694,235.712929356538,0.977276415779668,100.0,700.0,349360.0,0.794632270392365,,52.5235
Germany,2017,32.6845464693591,33.694936600166,0.860007620510574,45553.9341495339,236.588722557747,0.558459225538694,100.0,700.0,349370.0,0.749326464898909,,52.5235
Germany,2018,32.6836109680005,33.5766214437003,0.742451289010288,48916.1686612154,237.294012250272,0.495496093754333,100.0,700.0,349380.0,0.748763234906963,,52.5235
Germany,2019,32.6826755201923,33.5270042073328,0.833126017731138,47656.199739747,237.822954291766,0.426317421770722,100.0,700.0,349390.0,0.738933185446484,,52.5235
Germany,2020,32.6826755201923,33.3838976501903,0.728659526127881,47394.8734504469,238.017318755545,0.283943245187797,100.0,700.0,349390.0,0.784575408082683,,52.5235
Germany,2021,32.6826755201923,33.3667248633332,0.753895620719434,52349.2459994422,238.118085806692,0.241688772523701,100.0,700.0,349390.0,0.882402559849939,,52.5235
Germany,2022,32.685482024273,33.3667277307076,0.994638278032481,50506.5179638543,238.086252003664,0.166757466008231,100.0,700.0,349360.0,0.887243837742469,,52.5235
Ghana,2000,38.8881515337963,16.4576320646919,35.2715219593039,253.746936203344,86.301692010196,4.16366738975373,1.2,1187.0,227540.0,6.48888651543229,139.443581025134,5.57045
Ghana,2001,38.490120418388,16.6697112595588,35.2418001245052,263.542156494853,88.6308736925376,4.25195889895073,1.3,1187.0,227540.0,5.25249389426704,131.770132028794,5.57045
Ghana,2002,38.0920893029797,16.8817904544256,35.1483770619295,297.46164468774,91.1021710468489,4.32238727993582,1.5,1187.0,227540.0,,126.562832119902,5.57045
Ghana,2003,37.6940581875714,17.0938696492924,36.5454059013539,358.39927142073,93.5954337698866,4.24554562899423,1.7,1187.0,227540.0,6.37764609032509,111.158074007368,5.57045
Ghana,2004,37.2960270721631,17.3059492836424,37.9524260930096,406.132105329565,96.1074887931792,4.16220125880549,1.9,1187.0,227540.0,3.3680553055401,83.4220114525133,5.57045
Ghana,2005,36.8979959567549,17.5180284785093,37.4530129301836,478.611909191028,98.6615012745012,4.09957808175436,2.2,1187.0,227540.0,5.17800287956234,76.2429877949672,5.57045
Ghana,2006,36.4999648413466,17.7301076733761,28.3330959873622,906.441027564887,101.260007031731,4.03506914596971,2.5,1187.0,227540.0,2.76090041695339,29.8321093533139,5.57045
Ghana,2007,36.1019337259383,17.9421868682429,27.294114484663,1050.12461524926,103.903836688055,3.96704905987592,2.8,1187.0,227540.0,5.80607864646993,33.6669797693266,5.57045
Ghana,2008,35.70390261053,18.1542660631098,29.4080967578414,1182.65761256016,106.574430869298,3.87751383533853,3.1,1187.0,227540.0,4.93165822255831,35.2167135896258,5.57045
Ghana,2009,35.3058714951217,18.3663456974598,30.9933842095403,1047.70430093586,109.267223345346,3.78119286883322,3.4,1187.0,227540.0,2.37896147269056,49.9435765043797,5.57045
Ghana,2010,34.9078403797135,18.5784248923266,28.0387379636491,1263.89251760539,111.958315021535,3.65984926569384,3.8,1187.0,227540.0,2.58336230125459,56.7993406394068,5.57045
Ghana,2011,34.8529137734025,18.7905040871935,23.663704967184,1507.43573198753,114.683519381208,3.58216104729888,4.3,1187.0,227540.0,3.64626249917286,55.9323652551077,5.57045
Ghana,2012,34.7979871670915,19.0025832820603,22.1311546901572,1543.77524235764,117.492607893118,3.56158178744475,4.9,1187.0,227540.0,1.65997864925382,59.0969632571457,5.57045
Ghana,2013,34.7430605607805,19.2146624769271,20.3698425406713,2294.79584693743,120.357708534763,3.5178842180058,5.3,1187.0,227540.0,2.49813039974466,46.662899214813,5.57045
Ghana,2014,34.6881339544695,19.4267421112771,19.5837731324669,1949.90832923846,123.238076821658,3.44066234134795,6.0,1187.0,227540.0,2.15978516865303,55.0300254159213,5.57045
Ghana,2015,34.6332073481586,19.638821306144,19.9826505985758,1722.77282833606,126.114388678914,3.34998307543356,6.6,1187.0,227540.0,1.66541498694682,65.2895144150849,5.57045
Ghana,2016,34.8169113122967,19.8509005010108,20.8442929192419,1912.47991339951,129.017939702909,3.28635493979485,7.4,1187.0,227540.0,4.9835526826708,64.6271141908687,5.57045
Ghana,2017,35.0006152764349,20.0629796958777,19.5617099184239,2012.28662641265,131.88166476224,3.17287473958836,8.0,1187.0,227540.0,1.5796177720266,58.7440328132317,5.57045
Ghana,2018,35.0323459611497,20.2750593302277,18.1365503192521,2195.32166016377,134.647029093786,3.0201335835211,8.8,1187.0,227540.0,1.38140975954719,54.6463726994366,5.57045
Ghana,2019,35.0651553840542,20.487768807162,17.323230201462,2186.65822682613,137.382028101418,2.92026302698363,9.8,1187.0,227533.0,1.10399967738125,49.8694571261813,5.57045
Ghana,2020,35.0973937502747,20.7001274557201,18.8537826616486,2195.45481659987,140.147712389575,2.87180548038571,10.7,1187.0,227530.0,,56.9614944269336,5.57045
Ghana,2021,35.1286771589176,20.6998545265961,19.6574735227332,2445.18662529344,142.918455784436,2.80589068483195,11.7,1187.0,227533.0,1.61447853701644,60.4375749224229,5.57045
Ghana,2022,35.1604431005612,20.6998545265961,19.5136382027158,2229.89122647803,145.689425270181,2.89506963103738,12.8,1187.0,227533.0,1.3448227583434,60.022746907535,5.57045
Greece,2000,27.93040806827,21.2645461598138,5.50251363510967,11638.2010697215,83.83093871218,0.612510435497636,100.0,652.0,128900.0,3.30812394025294,,37.9792
Greece,2001,28.1643669511249,21.1016291698991,5.36221949397772,12156.9572824221,84.2678975950349,0.767868983053819,100.0,652.0,128900.0,3.24297285889294,,37.9792
Greece,2002,28.398326609775,21.0783553141971,5.22103153499556,13782.195640943,84.5773622963538,0.711422669577151,100.0,652.0,128900.0,2.66890460752348,,37.9792
Greece,2003,28.63228549263,21.0395655546936,5.3240542693888,18020.612039764,84.7794414274632,0.695282157823037,100.0,652.0,128900.0,3.35193877806639,,37.9792
Greece,2004,28.8662451512801,20.3956555469356,4.54970535485524,21449.2552764245,84.9894569433669,0.78319445433736,100.0,652.0,128900.0,3.0418007081897,,37.9792
Greece,2005,29.100204034135,20.4732350659426,4.47718109899217,22054.1315756886,85.2390535298681,0.880699197949606,100.0,652.0,128900.0,2.41672332892296,,37.9792
Greece,2006,29.3341629169899,20.0465477114042,3.28557674416163,24416.0232970275,85.4954383242824,0.912524478746775,100.0,652.0,128900.0,2.40319421451494,,37.9792
Greece,2007,29.56812257564,19.9146625290923,3.15474298162147,28440.7625328955,85.7135221101629,0.865319236024093,100.0,652.0,128900.0,1.59263227460807,,37.9792
Greece,2008,29.802081458495,19.8293250581846,2.89505867715816,31695.8331092209,85.9413576415826,0.848691775715674,100.0,652.0,128900.0,1.59939864681215,,37.9792
Greece,2009,30.0360411171451,19.7595034910784,2.92582395634654,29425.4573200263,86.1677036462374,0.793806993726538,100.0,652.0,128900.0,2.20483038780338,,37.9792
Greece,2010,30.27,19.9146625290923,2.9142102078812,26653.0488008626,86.278828549263,0.582551762085436,100.0,652.0,128900.0,2.46546216286335,,37.9792
Greece,2011,30.27,19.7982932505818,3.0618456010827,25504.7866510124,86.1512723041117,0.207753187521547,100.0,652.0,128900.0,1.68723563240396,,37.9792
Greece,2012,30.27,19.7051978277735,3.41908207828197,21624.346052551,85.6866640806827,-0.237536467568573,100.0,652.0,128900.0,2.2505694568938,,37.9792
Greece,2013,30.27,19.4724592707525,3.35146223879432,21573.3449762805,85.067579519007,-0.429965071644918,100.0,652.0,128900.0,2.01384388450206,,37.9792
Greece,2014,30.27,17.2536850271528,3.53346105430384,21474.7257123892,84.5028161365399,-0.383931453629587,100.0,652.0,128900.0,1.72923501158834,,37.9792
Greece,2015,30.27,16.8425135764158,3.82153798821664,17980.7298238137,83.947889837083,-0.392265730870757,100.0,652.0,128900.0,1.82502838335078,,37.9792
Greece,2016,30.2699767261443,16.6020170674942,3.45812941533327,17919.2426377048,83.5994647013189,-0.16743286836985,100.0,652.0,128900.0,1.91499390273729,,37.9792
Greece,2017,30.2699767261443,16.6244173778123,3.7522702094539,18631.9930129293,83.4342823894492,0.0300160756605159,100.0,652.0,128900.0,1.89794818074633,,37.9792
Greece,2018,30.2699767261443,16.61206128782,3.52573090341626,19873.4015238771,83.2651823118697,0.00173096267851863,100.0,652.0,128900.0,1.52778018884158,,37.9792
Greece,2019,30.2699767261443,16.5113157486424,3.66151933931312,19335.3602002969,83.1775174553918,0.0735441955521784,100.0,652.0,128900.0,2.04901229475599,,37.9792
Greece,2020,30.2699767261443,13.9927090768037,3.9238294812332,17886.733165236,82.999216446858,-0.0639468495690935,100.0,652.0,128900.0,1.75812724944149,,37.9792
Greece,2021,30.2699767261443,14.0607439875873,3.53173488105093,20654.7001960815,81.9953995345229,-1.11238421055086,100.0,652.0,128900.0,2.32667800721012,,37.9792
Greece,2022,30.2699767261443,14.4387362296354,3.78490731948212,20886.5243087629,80.968828549263,-1.05378341576932,100.0,652.0,128900.0,1.60032267819522,,37.9792
Greenland,2000,0.000535997076379583,,,19009.0774407515,0.136886344256304,0.503845618886669,,,410450.0,0.419983865137009,,64.1836
Greenland,2001,0.000535997076379583,,,19265.5191468738,0.137358996223657,0.759715007220731,,,410450.0,0.449497537449503,,64.1836
Greenland,2002,0.000535997076379583,,,20657.9506323097,0.137885247898648,0.730308764250339,,,410450.0,0.419862824252108,,64.1836
Greenland,2003,0.000535997076379583,,17.8778022320472,27466.6494525504,0.138265318552808,0.607395761245821,,,410450.0,0.85715720451778,,64.1836
Greenland,2004,0.000535997076379583,,16.4497605026239,32030.9987915109,0.138623462053843,0.518616906554916,,,410450.0,0.221613159532672,,64.1836
Greenland,2005,0.000535997076379583,,16.9456689293345,32489.7277309899,0.138713607016689,0.219016216066037,,,410450.0,0.0373928314285298,,64.1836
Greenland,2006,0.000535997076379583,,16.2452491333584,35457.6297578214,0.13832379096114,-0.0935016430906643,,,410450.0,0.035106129814722,,64.1836
Greenland,2007,0.000535997076379583,,14.3313220056666,39780.9441368721,0.137787793884761,0.0425115850469923,,,410450.0,0.0253283859285779,,64.1836
Greenland,2008,0.000535997076379583,,14.7291750060829,44366.7858688175,0.137234742355951,0.0998311449855134,,,410450.0,0.0312268231090381,,64.1836
Greenland,2009,0.000535997076379583,,11.5861031645383,44918.8413832155,0.137222560604215,0.269259064653142,,,410450.0,0.00468752730796748,,64.1836
Greenland,2010,0.000535997076379583,,13.3982099730075,44277.1993400972,0.13773663052747,0.876939723310327,,,410450.0,0.0103545708741699,,64.1836
Greenland,2011,0.000535997076379583,,14.5808036302829,47186.8759969388,0.138603971251066,0.923398459573192,,,410450.0,0.00273137350181333,,64.1836
Greenland,2012,0.000535997076379583,,16.1929017960507,45936.9562817724,0.138409063223292,0.282415670722414,,,410450.0,0.000528704891363326,,64.1836
Greenland,2013,0.000535997076379583,,15.0270234424218,47535.4883792376,0.137612376659764,-0.00622116232249979,,,410450.0,0.00218614587515237,,64.1836
Greenland,2014,0.000535997076379583,,17.3355902451257,50485.2244135291,0.137154342794494,0.0228090366244538,,,410450.0,0.0128155822990451,,64.1836
Greenland,2015,0.000535997076379583,,17.0377903864683,44536.3549705377,0.136713363381654,0.107754165177619,,,410450.0,0.0394093866409807,,64.1836
Greenland,2016,0.000535997076379583,,18.4117385602265,48181.7453541266,0.136888780606651,0.337017407615888,,,410450.0,0.00973609781524016,,64.1836
Greenland,2017,0.000535997076379583,,19.0568753352559,50765.7494665372,0.136854671701791,0.16705340311857,,,410450.0,0.00568796318336558,,64.1836
Greenland,2018,0.000535997076379583,,18.430149097486,54545.135857765,0.136491655500061,0.11944726176664,,,410450.0,0.00895759680352178,,64.1836
Greenland,2019,0.000535997076379583,,18.4763686569553,53309.2035905065,0.136983798270191,0.701440618276006,,,410450.0,,,64.1836
Greenland,2020,0.000535997076379583,,15.7316156099106,54812.6661771023,0.137329760019491,0.552346834179881,,,410450.0,,,64.1836
Greenland,2021,0.000535997076379583,,15.2368028357423,58135.9939910203,0.138026556218784,0.805704994224028,,,410450.0,,,64.1836
Greenland,2022,0.000535997076379583,,16.0258939138543,55635.0006491223,0.138046047021562,0.310021587441103,,,410450.0,,,64.1836
Grenada,2000,52.0588235294118,2.94117647058824,5.16416049399774,4839.82811114248,316.032352941176,1.11403596747531,92.4,2350.0,340.0,0.00381899477090832,41.008107669171,12.0653
Grenada,2001,52.0588235294118,5.88235294117647,5.36590076582019,4819.50776653843,317.608823529412,0.636220011870998,92.8,2350.0,340.0,0.0142237800841877,49.1967929326181,12.0653
Grenada,2002,52.0588235294118,5.88235294117647,6.29051955717342,4984.47405931447,318.835294117647,0.385961780074285,92.7,2350.0,340.0,5.47079371186971e-05,75.5136419523229,12.0653
Grenada,2003,52.0588235294118,5.88235294117647,5.86974887101655,5427.96377252312,320.247058823529,0.440743826860356,92.9,2350.0,340.0,0.000130697634393454,68.2809824219859,12.0653
Grenada,2004,52.0588235294118,5.88235294117647,5.0143352561992,5480.26117644588,321.538235294118,0.398071412894061,92.9,2350.0,340.0,0.00158041455053605,80.4605361424936,12.0653
Grenada,2005,52.0588235294118,5.88235294117647,2.96407880724175,6338.56011405358,322.747058823529,0.368586698253619,93.0,2350.0,340.0,0.000227496657424112,54.2844725233957,12.0653
Grenada,2006,52.0588235294118,5.88235294117647,3.89055494436817,6344.0383771432,323.926470588235,0.354592337499738,92.8,2350.0,340.0,0.00107072830335193,67.5670741702514,12.0653
Grenada,2007,52.0588235294118,5.88235294117647,3.55708232832337,6864.54816771858,325.064705882353,0.333182195243042,92.6,2350.0,340.0,0.0295772013592343,67.9595314026293,12.0653
Grenada,2008,52.0588235294118,5.88235294117647,3.76733196411895,7448.2040563865,326.164705882353,0.31700532245699,92.4,2350.0,340.0,0.227073051808244,68.7985429397398,12.0653
Grenada,2009,52.0588235294118,8.82352941176471,4.62642452810256,6932.56472176781,327.217647058824,0.293464976030285,92.1,2350.0,340.0,,78.5916934485625,12.0653
Grenada,2010,52.0588235294118,8.82352941176471,4.5130515818498,6909.60169568597,328.194117647059,0.260136718397879,91.8,2350.0,340.0,0.00162056513091111,76.6738678956156,12.0653
Grenada,2011,52.0588235294118,8.82352941176471,4.4473617869357,6947.38136096464,329.644117647059,0.40138168892259,91.4,2350.0,340.0,0.00372183938416343,71.2714646630018,12.0653
Grenada,2012,52.0588235294118,8.82352941176471,4.83219736257223,7092.71985352677,331.691176470588,0.632450427177208,91.1,2350.0,340.0,0.00153844665986715,76.9678798728608,12.0653
Grenada,2013,52.0588235294118,8.82352941176471,4.83545561235478,7424.80212287327,333.785294117647,0.667778000497986,90.7,2350.0,340.0,0.00249797896956659,71.8366330943862,12.0653
Grenada,2014,52.0588235294118,8.82352941176471,6.10189188310633,7986.33421210788,335.682352941176,0.629186950740804,90.0,2350.0,340.0,0.0562498685642667,77.034502464976,12.0653
Grenada,2015,52.0588235294118,8.82352941176471,7.42852685072365,8694.12438005692,337.282352941176,0.55974835854534,89.7,2350.0,340.0,0.0203074759568113,68.3974599842701,12.0653
Grenada,2016,52.0588235294118,8.82352941176471,6.20632633624404,9221.23461079424,338.617647058824,0.503523298704187,89.1,2350.0,340.0,0.00252308241798649,64.5939766071346,12.0653
Grenada,2017,52.0588235294118,8.82352941176471,5.37154325760442,9751.42661155932,339.523529411765,0.39763400225336,88.7,2350.0,340.0,0.0271988054606597,56.0316782598119,12.0653
Grenada,2018,52.0588235294118,8.82352941176471,5.20543943814909,10083.021279225,340.267647058824,0.369703938080061,88.0,2350.0,340.0,0.0177452674684123,55.0909889537565,12.0653
Grenada,2019,52.0588235294118,8.82352941176471,4.67951202688308,10462.7929159533,341.120588235294,0.423238039280532,87.4,2350.0,340.0,0.0169699731519268,50.1914195829926,12.0653
Grenada,2020,52.0588235294118,8.82352941176471,4.90307786781958,8968.55890108484,342.179411764706,0.504582767582537,86.7,2350.0,340.0,0.0156818081758838,85.8310742683373,12.0653
Grenada,2021,52.0588235294118,8.82352941176471,5.34059405940594,9617.28902905373,343.2,0.513859926103473,85.9,2350.0,340.0,0.0857499552998421,87.76200421875,12.0653
Grenada,2022,52.0588235294118,8.82352941176471,4.12004284650904,10469.3867012856,343.861764705882,0.428952553835881,85.1,2350.0,340.0,0.179631803578493,74.4747156466856,12.0653
Guam,2000,44.4444444444444,3.7037037037037,,,296.416666666667,1.28128124066552,,,540.0,,,13.4443
Guam,2001,44.4444444444444,3.7037037037037,,,298.757407407407,0.935350596502121,,,540.0,,,13.4443
Guam,2002,44.4444444444444,3.7037037037037,,20909.9590302806,300.583333333333,0.757333634243015,,,540.0,,,13.4443
Guam,2003,44.4444444444444,3.7037037037037,,21877.3178371553,302.105555555556,0.648166242870385,,,540.0,,,13.4443
Guam,2004,44.4444444444444,3.7037037037037,,23618.8266894573,303.351851851852,0.545637084692974,,,540.0,,,13.4443
Guam,2005,44.4444444444444,3.7037037037037,,25631.9776108052,304.37962962963,0.460326942221811,,,540.0,,,13.4443
Guam,2006,44.4444444444444,3.7037037037037,,25709.9351488422,305.257407407407,0.393624830075805,,,540.0,,,13.4443
Guam,2007,44.4444444444444,1.85185185185185,,26605.4324214756,306.05,0.346374862943704,,,540.0,,,13.4443
Guam,2008,44.4444444444444,1.85185185185185,,28112.2316573422,306.838888888889,0.321434128881809,,,540.0,,,13.4443
Guam,2009,44.4444444444444,1.85185185185185,,29054.0581201519,307.727777777778,0.327441604635396,,,540.0,,,13.4443
Guam,2010,44.4444444444444,1.85185185185185,,29719.7967836082,308.374074074074,0.219828060356742,,,540.0,,,13.4443
Guam,2011,44.8148148148148,1.85185185185185,,29926.2052442913,308.412962962963,0.0134040984827478,,,540.0,,,13.4443
Guam,2012,45.1851851851852,1.85185185185185,,31653.7506538168,308.02037037037,-0.127092005521813,,,540.0,,,13.4443
Guam,2013,45.5555555555556,1.85185185185185,,32530.7593121483,307.344444444444,-0.218797469394687,,,540.0,,,13.4443
Guam,2014,45.9259259259259,1.85185185185185,,33900.1486530583,306.455555555556,-0.289265013694007,,,540.0,,,13.4443
Guam,2015,46.2962962962963,1.85185185185185,,35165.7014644795,305.37962962963,-0.351320062277022,,,540.0,,,13.4443
Guam,2016,51.8518518518518,1.85185185185185,,35930.6594898711,304.135185185185,-0.407556167052318,,,540.0,,,13.4443
Guam,2017,51.8518518518518,1.85185185185185,,36779.0078903909,302.759259259259,-0.453424319188375,,,540.0,,,13.4443
Guam,2018,51.8518518518518,1.85185185185185,,37195.9503070464,301.257407407407,-0.497297828936292,,,540.0,,,13.4443
Guam,2019,51.8518518518518,1.85185185185185,,39274.9431424899,299.644444444444,-0.536563163891644,,,540.0,,,13.4443
Guam,2020,51.8518518518518,1.85185185185185,,36482.9363953675,300.292592592593,0.216544043040498,,,540.0,,,13.4443
Guam,2021,51.8518518518518,1.85185185185185,,38074.8793745801,303.203703703704,0.973230994793566,,,540.0,,,13.4443
Guam,2022,51.8518518518518,1.85185185185185,,41833.1517132825,305.888888888889,0.901468800664919,,,540.0,,,13.4443
Guatemala,2000,39.2795819335573,15.7775289287047,22.8211479342179,1648.96578971559,109.160059723778,6.19469739796459,17.1,1996.0,107160.0,3.41423647451416,20.6926966242416,14.6248
Guatemala,2001,38.8254945875327,16.5467525195969,14.1721468397886,1537.68663578252,111.696733855916,5.56093080742646,16.0,1996.0,107160.0,3.8307188894173,23.9172071636267,14.6248
Guatemala,2002,38.371407241508,17.315976110489,14.1702868527657,1669.33517469705,114.286254199328,4.71838263078734,15.4,1996.0,107160.0,3.50487290151001,22.4939459874726,14.6248
Guatemala,2003,37.9173198954834,18.0851063829787,13.4691278963937,1722.54701910774,116.889156401642,4.00830168186291,14.5,1996.0,107160.0,4.01475026542743,24.2612615996527,14.6248
Guatemala,2004,37.4632325494588,15.5748413587159,13.0735432996184,1840.91184884,119.516629339306,3.79949628121521,13.9,1996.0,107160.0,4.18560107358371,34.9388574093025,14.6248
Guatemala,2005,37.0091452034341,13.0645763344532,12.5899676936002,2046.46611650758,122.131662933931,3.69297148932721,13.1,1996.0,107160.0,3.28287932659024,36.1483173640737,14.6248
Guatemala,2006,36.5550578574095,14.053751399776,11.4490682853821,2225.1234753878,124.742991787981,3.58601168329022,12.5,1996.0,107160.0,5.4292726116502,37.6624981999588,14.6248
Guatemala,2007,36.1009705113849,14.7069802164987,11.6376079270391,2458.81573919384,127.398656215006,3.50924729396584,12.2,1996.0,107160.0,3.89135781892085,38.7414172351806,14.6248
Guatemala,2008,35.6468831653602,14.7536394176932,11.3336648903463,2763.05988172926,130.040817469205,3.37855071457734,11.9,1996.0,107160.0,4.11279081556215,36.5016659161851,14.6248
Guatemala,2009,35.1927958193356,14.3766330720418,11.8486078978063,2611.64632773352,132.65781075028,3.23272468905488,11.8,1996.0,107160.0,3.37026014081058,40.7299655235998,14.6248
Guatemala,2010,34.7387084733109,13.9996267263904,11.2341516901897,2805.25960237322,135.312728630086,3.12785613760591,11.6,1996.0,107160.0,4.26160380312143,37.9464715886203,14.6248
Guatemala,2011,34.4833893243748,13.6226203807391,11.2587427520036,3168.98370607705,138.037756625607,3.03796058280127,11.6,1996.0,107160.0,5.23323806151375,35.7260886495098,14.6248
Guatemala,2012,34.2280701754386,13.2456140350877,10.7227497533367,3286.61959336267,140.814175065323,2.92518270058141,11.8,1996.0,107160.0,4.40476288654973,31.6397645810293,14.6248
Guatemala,2013,33.9727510265024,12.8686076894364,10.3562262011186,3444.15802275864,143.59217058604,2.76904108141309,12.0,1996.0,107160.0,3.98850540299186,33.7787361141474,14.6248
Guatemala,2014,33.7174318775663,13.1849570735349,10.0744824629421,3689.14510410202,146.339352370287,2.58401494103428,12.4,1996.0,107160.0,3.02094955117796,34.6352570704241,14.6248
Guatemala,2015,33.4621127286301,13.7178051511758,9.96700294850351,3893.50533299068,149.045754012691,2.38652740828906,12.8,1996.0,107160.0,2.76055334519119,33.5722481098072,14.6248
Guatemala,2016,33.3538633818589,13.876446435237,9.66139477990376,4060.13784737643,151.817469204927,2.25304647269904,13.2,1996.0,107160.0,2.70745501163659,32.694480933325,14.6248
Guatemala,2017,33.2456140350877,14.0350877192982,9.69628321231672,4324.99768915601,154.603928704741,2.07662367754925,13.6,1996.0,107160.0,3.23670191304889,33.1632636072773,14.6248
Guatemala,2018,33.1373646883165,14.1937290033595,9.43550881537545,4352.94593289707,157.201241134752,1.75239272500443,14.3,1996.0,107160.0,3.00707731446495,33.7967825028649,14.6248
Guatemala,2019,33.0291153415453,14.3523702874207,9.40872375710839,4511.99839552697,159.609957073535,2.15426111506963,14.7,1996.0,107160.0,2.85899441602157,32.4627128838456,14.6248
Guatemala,2020,32.9208659947742,14.501679731243,9.9263191804303,4477.61785000665,161.97578387458,2.13369514486211,15.3,1996.0,107160.0,2.64970663673017,31.9166412544299,14.6248
Guatemala,2021,32.812616648003,14.501679731243,9.17348943872533,4912.62240414681,164.227790220231,2.03197521046402,16.1,1996.0,107160.0,3.23476153964756,31.2070254165241,14.6248
Guatemala,2022,32.7043673012318,14.501679731243,9.08210141828618,5358.70156997677,166.553536767451,2.04786809888481,16.6,1996.0,107160.0,2.76754665606859,27.006781083788,14.6248
Guinea,2000,28.1987628194693,11.1509034673612,14.3900980537913,518.157066924026,34.3025883118997,2.91304388234434,0.5,1651.0,245720.0,2.43757644202782,71.6750336023485,9.51667
Guinea,2001,28.0522545987303,11.1509034673612,14.9105463439258,483.085120214741,34.75484291063,2.25795168848004,0.5,1651.0,245720.0,0.173141942837573,72.0556909029891,9.51667
Guinea,2002,27.9057463779912,11.1549731401595,14.8357430403433,495.916073559269,35.3006104509197,2.50005195958883,0.5,1651.0,245720.0,0.627479523031452,74.0776962322233,9.51667
Guinea,2003,27.7592381572522,11.1590428129578,14.2516528815736,566.48540588068,36.1011761354387,3.17573982990512,0.5,1651.0,245720.0,,66.3808591137098,9.51667
Guinea,2004,27.6127299365131,11.1631124857561,15.9897180256217,584.897740538081,36.8823294807097,3.0627923057285,0.5,1651.0,245720.0,1.6814662413939,63.8697735614928,9.51667
Guinea,2005,27.4662217157741,11.1549731401595,15.2811594891059,463.17768685098,37.6275598241901,2.90902124903325,0.5,1651.0,245720.0,1.96609361707005,76.9405801305872,9.51667
Guinea,2006,27.319713495035,11.4197969233274,15.5845641334162,446.980554135013,38.422476802865,2.98341885184102,0.5,1651.0,245720.0,3.3834477664313,75.5314536341388,9.51667
Guinea,2007,27.1732052742959,11.9405872537848,16.81970768631,650.148575304743,39.3223221552987,3.18984350958655,0.5,1651.0,245720.0,1.36304348774495,53.1176167375387,9.51667
Guinea,2008,27.0266970535569,12.46224116881,15.980005361399,703.532825784369,40.2851619729774,3.27395620430403,0.4,1651.0,245720.0,3.34043197088334,46.504453249205,9.51667
Guinea,2009,26.8801888328178,12.0387290411851,16.3606168762438,662.185914665575,41.2808643985024,3.27433759636281,0.4,1651.0,245720.0,,49.2575735107417,9.51667
Guinea,2010,26.7336806120788,14.8265769982093,17.4849504866218,659.235326211315,42.3086684030604,3.26801169796393,0.4,1651.0,245720.0,,47.7994902944831,9.51667
Guinea,2011,26.5871723913397,14.9299556405665,16.0697496615218,636.694958747648,43.3697297737262,3.2597237641902,0.4,1651.0,245720.0,,48.1825820228774,9.51667
Guinea,2012,26.4406641706007,16.9222179716751,16.8316746641336,699.353377212197,44.4472611102067,3.20904510528716,0.3,1651.0,245720.0,,17.8091159273094,9.51667
Guinea,2013,26.2941559498616,17.269160833469,17.5452728357444,748.455020824734,45.5472611102067,3.16991908975339,0.3,1651.0,245720.0,1.55682534004163,21.0566525770157,9.51667
Guinea,2014,26.1476477291226,18.697251342992,17.5238169176245,765.146999389279,46.6910467198437,3.1618249067092,0.3,1651.0,245720.0,1.90186100764914,21.4938617504049,9.51667
Guinea,2015,26.0011395083835,19.5101782516686,18.478241904135,747.356966759448,47.8881246947745,3.16003471314611,0.2,1651.0,245720.0,2.039685060755,23.5641048658712,9.51667
Guinea,2016,25.8383525964512,19.8483363177601,17.5899474364211,711.996509782316,49.1332817841446,3.34222394241771,0.2,1651.0,245720.0,1.75797663844155,26.1046688793802,9.51667
Guinea,2017,25.675565684519,20.5018305388247,20.5284733113745,833.598621691121,50.4055795214065,3.32587914490066,0.2,1651.0,245720.0,,23.2615121059829,9.51667
Guinea,2018,25.5127787725867,21.0845323945955,22.9400092652548,933.273615633705,51.7042731564382,3.30732219795115,0.2,1651.0,245720.0,,22.1895160888823,9.51667
Guinea,2019,25.3499918606544,20.0183118997233,26.4272768142306,1031.34146480732,53.0455233599219,3.3187418503644,0.1,1651.0,245720.0,,26.5580694165283,9.51667
Guinea,2020,25.1872049487221,20.1584352108091,26.3032774879888,1053.66097696415,54.4163397362852,3.52116599546792,0.1,1651.0,245720.0,,29.5290885441345,9.51667
Guinea,2021,25.0244180367898,21.3538258993977,27.0715374807562,1244.96550477914,55.7973018069347,3.51523893910055,0.1,1651.0,245720.0,,28.3404260658602,9.51667
Guinea,2022,24.8616311248576,22.5862302620869,28.3819737139685,1416.59612011764,57.1998087253785,3.53066281444504,0.1,1651.0,245720.0,,25.0644854877483,9.51667
Guinea-Bissau,2000,76.4182076813656,10.6685633001422,36.9574160737758,316.945495037639,43.9097083926031,2.92434151642679,0.1,1577.0,28120.0,,251.248486073042,11.8037
Guinea-Bissau,2001,76.1178876244666,10.6685633001422,36.7663875434622,327.138431972397,44.8532361308677,2.99518826194216,0.1,1577.0,28120.0,,226.233001551958,11.8037
Guinea-Bissau,2002,75.8175675675676,9.95732574679943,35.2759589835735,362.034574570354,45.8501778093883,3.03089158559382,0.1,1577.0,28120.0,,213.632835978784,11.8037
Guinea-Bissau,2003,75.5172475106686,9.60170697012802,36.8098623857343,419.78486611807,46.8992176386913,3.06966427634725,0.1,1577.0,28120.0,1.1042959341219,195.208850010156,11.8037
Guinea-Bissau,2004,75.2169274537696,9.95732574679943,36.9704988860037,431.376557669634,47.9929943100996,3.09876211274669,0.1,1577.0,28120.0,0.105679689791431,193.795377199445,11.8037
Guinea-Bissau,2005,74.9166073968705,9.95732574679943,40.3978248032999,463.073962650452,49.1317567567568,3.13488482013439,0.1,1577.0,28120.0,0.214107419984294,161.762937452423,11.8037
Guinea-Bissau,2006,74.6162873399715,9.95732574679943,39.4804221992245,448.513075469701,50.3308321479374,3.20793813548385,0.1,1577.0,28120.0,,166.782449014617,11.8037
Guinea-Bissau,2007,74.3159672830726,9.95732574679943,38.169319139059,519.069789794741,51.599786628734,3.30331102559209,0.1,1577.0,28120.0,,146.348127725956,11.8037
Guinea-Bissau,2008,74.0156472261735,9.95732574679943,38.2595218073501,640.210331101753,52.9179943100996,3.36251537259113,0.1,1577.0,28120.0,,116.671017279504,11.8037
Guinea-Bissau,2009,73.7153271692745,9.95732574679943,39.1543740432148,583.190020139094,54.2808321479374,3.40251881332859,0.1,1577.0,28120.0,,126.797115348597,11.8037
Guinea-Bissau,2010,73.4150071123755,10.6685633001422,37.9530889182683,600.194298540768,55.702240398293,3.4331434320929,0.1,1577.0,28120.0,,114.577031848083,11.8037
Guinea-Bissau,2011,73.1147226173542,10.6685633001422,37.5633896672074,719.539573498937,57.1862019914651,3.69710879662524,0.1,1577.0,28120.0,,22.9125497047384,11.8037
Guinea-Bissau,2012,72.8144381223329,10.6685633001422,38.08528951059,635.461653303881,58.7274893314367,3.71593375424775,0.1,1577.0,28120.0,,27.2257775195627,11.8037
Guinea-Bissau,2013,72.5141536273115,10.6685633001422,38.6615813465664,654.304534409417,60.3119843527738,3.70664868083605,0.1,1577.0,28120.0,,28.2817350804669,11.8037
Guinea-Bissau,2014,72.2138691322902,10.6685633001422,34.8258068713683,652.022501029449,61.9175675675676,3.6620071169076,0.1,1577.0,28120.0,,33.3601215057816,11.8037
Guinea-Bissau,2015,71.9135846372688,10.6685633001422,35.1577785508063,645.066837207039,63.5297652916074,3.5947894637225,0.1,1577.0,28120.0,12.1627976306968,48.9945036240335,11.8037
Guinea-Bissau,2016,71.6134423897582,11.196493598862,36.3487649050334,679.665386626818,65.1455547652916,3.52478531928369,0.0,1577.0,28120.0,,47.1676533769771,11.8037
Guinea-Bissau,2017,71.3133001422475,11.1978698435277,36.3584920912937,783.123186602022,66.7522048364154,3.43969433832537,0.0,1577.0,28120.0,,50.4340592867511,11.8037
Guinea-Bissau,2018,71.0131578947368,11.7213300142248,32.5475708900674,808.531613218504,68.3559032716927,3.36722390753198,0.0,1577.0,28120.0,31.4528282859997,54.7790196614889,11.8037
Guinea-Bissau,2019,70.7130156472262,13.0495448079659,31.3854900533423,811.216425885129,69.9749644381223,3.32507866564611,0.0,1577.0,28120.0,,55.8395058178772,11.8037
Guinea-Bissau,2020,70.4128733997155,13.3325533428165,36.6407931971963,846.915855715971,71.5951280227596,3.26258508075794,0.0,1577.0,28120.0,,65.4005295790784,11.8037
Guinea-Bissau,2021,70.1127311522048,14.0239971550498,40.0405061497032,926.780921081233,73.2162517780939,3.20402223754893,0.0,1577.0,28120.0,,66.3555323065257,11.8037
Guinea-Bissau,2022,69.8125889046942,13.7988762446657,39.5759545452345,883.199131457831,74.8765647226174,3.19744488980579,0.0,1577.0,28120.0,,67.6697756324479,11.8037
Guyana,2000,94.3064262128524,0.484001016002032,29.9832313022935,931.796651718955,3.88535433070866,-0.433655171277845,100.0,2387.0,196850.0,2.8848856127744,205.544801270259,6.80461
Guyana,2001,94.2838658877318,0.484001016002032,29.7373837926656,931.574723847673,3.88355092710185,-0.540156248915806,100.0,2387.0,196850.0,3.76344491965177,200.891119826978,6.80461
Guyana,2002,94.2613055626111,0.486191008382017,30.8816641067377,950.866932470993,3.87935991871984,-0.597331442005026,100.0,2387.0,196850.0,4.38693772790341,207.135131207836,6.80461
Guyana,2003,94.2387452374905,0.488381000762002,32.1128109729009,973.742598054188,3.87656083312167,-0.67588554603368,100.0,2387.0,196850.0,2.94635414741822,207.699949182831,6.80461
Guyana,2004,94.2161849123698,0.490570993141986,31.4937319776355,1033.31030902188,3.87309118618237,-0.946035966752723,100.0,2387.0,196850.0,5.1157504829548,181.021935104094,6.80461
Guyana,2005,94.1936245872492,0.492760985521971,28.8858697300346,1084.06541388904,3.8654508509017,-1.23997385002871,100.0,2387.0,196850.0,6.58278269458474,154.001837675739,6.80461
Guyana,2006,94.1710642621285,0.492760985521971,34.0002671058965,3135.60553528326,3.85555499110998,-1.39794446488079,100.0,2387.0,196850.0,8.76893135767541,50.3356533585831,6.80461
Guyana,2007,94.1485039370079,0.492760985521971,30.3847427538396,3608.28685240188,3.84486156972314,-1.42993160647389,100.0,2387.0,196850.0,5.84190499494952,31.2030522063779,6.80461
Guyana,2008,94.1259436118872,0.492760985521971,31.7275647737363,4008.9628671603,3.83340614681229,-1.36725282657054,100.0,2387.0,196850.0,4.55943678433843,32.9024604124027,6.80461
Guyana,2009,94.1033832867666,0.492760985521971,29.4241191257626,4209.13230624565,3.82064516129032,-1.22074119108477,100.0,2387.0,196850.0,3.98288323079527,45.3485394212989,6.80461
Guyana,2010,94.0808229616459,0.492760985521971,28.5284323037662,4581.76179693492,3.80622809245618,-0.984309813081285,100.0,2387.0,196850.0,3.25941037983596,40.8741608589245,6.80461
Guyana,2011,94.0214376428753,0.492760985521971,25.6836014005978,4947.22170589917,3.79046482092964,-0.639122082639212,100.0,2387.0,196850.0,3.28605306466087,54.4987527907138,6.80461
Guyana,2012,93.9620523241046,0.492760985521971,25.4400079005114,5444.39751913913,3.79115062230124,0.0182739262038779,100.0,2387.0,196850.0,1.92170167336947,48.3038503799303,6.80461
Guyana,2013,93.902667005334,0.492760985521971,25.6475733667273,5556.91231156932,3.8101143002286,0.5002187491185,100.0,2387.0,196850.0,1.92303886570694,54.8583037353958,6.80461
Guyana,2014,93.8432816865634,0.492760985521971,24.5940865009998,5472.68820452237,3.83149098298197,0.565044385186566,100.0,2387.0,196850.0,2.83403333294366,56.3732688021319,6.80461
Guyana,2015,93.7838963677927,0.492760985521971,25.4431214761023,5640.41560569466,3.85461518923038,0.611794179231611,100.0,2387.0,196850.0,2.28983494100201,38.0276869151784,6.80461
Guyana,2016,93.7371602743206,0.492760985521971,20.3872409058451,5870.87823759835,3.8788315976632,0.639819093540866,100.0,2387.0,196850.0,1.87066202937464,37.0514927234477,6.80461
Guyana,2017,93.6903733807468,0.492760985521971,22.7580270434004,6178.6650437298,3.90388112776226,0.662358828631445,100.0,2387.0,196850.0,1.73545883594546,33.9104028762005,6.80461
Guyana,2018,93.6436372872746,0.492760985521971,19.5356933126322,6048.38697180418,4.02111252222504,2.98106510912889,100.0,2387.0,196850.0,1.71826124391952,34.2741140688012,6.80461
Guyana,2019,93.5968503937008,0.492760985521971,17.5953367342493,6405.82443444562,4.10294640589281,2.04147162115941,100.0,2387.0,196850.0,1.34551641613437,30.0642592506519,6.80461
Guyana,2020,87.2186227147864,0.459410817467083,16.8510033249851,6775.70939096303,3.82438666287771,0.00796471164650701,100.0,2387.0,211140.0,0.620480375663896,28.0820396769287,6.80461
Guyana,2021,87.1750179975372,0.459410817467083,13.4551932931892,9860.87014834386,3.86228095102775,1.02077373794968,100.0,2387.0,211140.0,0.451699936706263,29.3429534943002,6.80461
Guyana,2022,87.1314345931609,0.459410817467083,10.0298359219808,17913.4928066879,3.89143222506394,0.791240937857613,100.0,2387.0,211140.0,0.177682005727271,23.2243544064906,6.80461
Haiti,2000,13.8116835994194,32.656023222061,17.185516717203,820.600046761464,301.275435413643,6.01494696690854,0.6,1440.0,27560.0,,17.7112984323145,18.5392
Haiti,2001,13.8034470246734,32.656023222061,16.4505786071297,748.821159844528,306.818505079826,5.93480335666234,0.7,1440.0,27560.0,,20.1030327930922,18.5392
Haiti,2002,13.7952104499274,32.656023222061,15.8465044649721,720.969568042522,312.323693759071,5.82115526768999,0.7,1440.0,27560.0,,20.5282902219728,18.5392
Haiti,2003,13.7869738751814,32.656023222061,16.720141598204,578.995291079709,317.848766328012,4.78406545793522,0.7,1440.0,27560.0,,26.9078477326973,18.5392
Haiti,2004,13.7787373004354,32.656023222061,15.8505214181337,683.185298155273,323.304172714078,3.31445034378911,0.8,1440.0,27560.0,,21.7639098174914,18.5392
Haiti,2005,13.7705007256894,36.2844702467344,18.053012942039,775.845704056916,328.783490566038,3.35878502928294,0.9,1440.0,27560.0,,19.2398763580262,18.5392
Haiti,2006,13.7622641509434,36.2844702467344,17.716303487923,828.805700289589,334.418069666183,3.34251730786204,0.9,1440.0,27560.0,,19.9450764434324,18.5392
Haiti,2007,13.7540275761974,36.2844702467344,19.0751062719029,984.566983448521,340.105079825835,3.29502691908864,0.9,1440.0,27560.0,,18.52971339461,18.5392
Haiti,2008,13.7457910014514,36.2844702467344,18.4326161641106,1094.66058421644,345.81908563135,3.24075817092751,1.0,1440.0,27560.0,,20.0335657468631,18.5392
Haiti,2009,13.7375544267054,37.2398403483309,18.7934646435559,1196.8528706018,351.581313497823,3.19348249324595,1.0,1440.0,27560.0,,13.4053197646888,18.5392
Haiti,2010,13.7293178519594,42.8156748911466,20.2326950876929,1209.72733503094,355.70732946299,2.67437921499906,1.1,1440.0,27560.0,,8.79534948788437,18.5392
Haiti,2011,13.616618287373,42.8156748911466,20.0431188990154,1312.03953552013,359.757039187228,2.6067646521269,1.1,1440.0,27560.0,,6.50680060416255,18.5392
Haiti,2012,13.5039187227866,42.8156748911466,19.4699035948555,1361.39396587374,365.376306240929,2.99201159534367,1.1,1440.0,27560.0,,9.19437070390758,18.5392
Haiti,2013,13.3912191582003,42.8156748911466,19.3274999569264,1457.83221179626,370.912989840348,2.91382955670818,1.1,1440.0,27560.0,,11.3124815894621,18.5392
Haiti,2014,13.2785195936139,42.8156748911466,17.8297636475726,1460.18898613914,376.387336719884,2.84308520108614,1.1,1440.0,27560.0,0.0563358282215373,13.7807009097029,18.5392
Haiti,2015,13.1658200290276,42.8156748911466,17.2198989989619,1411.12684746796,381.830261248186,2.78207435598764,1.2,1440.0,27560.0,,15.0430551793435,18.5392
Haiti,2016,13.0529753265602,42.8156748911466,17.9835139851461,1318.40268167953,387.208164005806,2.71363174147076,1.3,1440.0,27560.0,0.210929069203595,16.2992778753774,18.5392
Haiti,2017,12.9401306240929,42.8156748911466,18.8264709950195,1395.23945184461,392.516473149492,2.64559740814467,1.2,1440.0,27560.0,,15.6254522320872,18.5392
Haiti,2018,12.8272859216255,42.8156748911466,18.7060141160075,1496.38048970156,397.763497822932,2.58109906788243,1.3,1440.0,27560.0,,15.0114334393077,18.5392
Haiti,2019,12.7144412191582,36.2844702467344,19.1874037315046,1352.17204191532,402.944956458636,2.51693036071465,1.3,1440.0,27560.0,,16.3969366022709,18.5392
Haiti,2020,12.6015965166909,36.2844702467344,20.362493732044,1290.32538667383,407.977068214804,2.43348868178673,1.3,1440.0,27560.0,,18.0192858439023,18.5392
Haiti,2021,12.4887518142235,36.4658925979681,20.684893342416,1841.33189337222,412.720827285922,2.318380403402,1.4,1440.0,27560.0,,14.2102920782731,18.5392
Haiti,2022,12.3759071117562,36.4658925979681,20.2753493141772,1760.62635668777,417.402249637155,2.26039126496502,1.3,1440.0,27560.0,,14.6236280368537,18.5392
Honduras,2000,60.5797658414514,9.54508892662436,14.3725235386886,1092.56400746252,58.7878541424613,3.88433071604736,8.2,1976.0,111890.0,3.58105490830711,80.6554845497644,15.1333
Honduras,2001,60.3985164000357,9.54508892662436,13.1659906583333,1132.1648753329,60.3985432120833,3.88511451612268,8.8,1976.0,111890.0,4.54505039964996,69.7921382903021,15.1333
Honduras,2002,60.2172669586201,9.54508892662436,12.1834127398259,1132.49965345317,62.015005809277,3.84858524711227,9.6,1976.0,111890.0,4.48622426832096,72.6403855854571,15.1333
Honduras,2003,60.0360175172044,9.54508892662436,11.6140985227332,1156.08162681357,63.6268924836893,3.78806021980111,10.3,1976.0,111890.0,4.05618474014057,71.9368337307953,15.1333
Honduras,2004,59.8547680757887,9.38421664134418,12.1707041468662,1215.13995412761,65.2336580570203,3.72866908442755,11.0,1976.0,111890.0,3.81675106480221,73.7515862582538,15.1333
Honduras,2005,59.673518634373,9.38421664134418,12.4709247586633,1304.70039153826,66.8366699436947,3.67349098714044,11.7,1976.0,111890.0,2.98452067040518,55.5937285451712,15.1333
Honduras,2006,59.4922691929574,9.38421664134418,11.8565791514775,1425.84780051892,68.431781213692,3.61410304852634,12.5,1976.0,111890.0,2.87259727065981,38.3984535094167,15.1333
Honduras,2007,59.3110197515417,9.38421664134418,11.9110474415928,1577.73789197407,70.0223254982572,3.56153768074022,13.2,1976.0,111890.0,2.27061494750104,25.1702772715619,15.1333
Honduras,2008,59.129770310126,9.09822146751274,12.1501702062634,1732.49062702803,71.6112878720172,3.51472965029217,13.9,1976.0,111890.0,,26.102311013799,15.1333
Honduras,2009,58.9485208687103,9.09822146751274,10.8250414864446,1781.15703614674,73.1959871302172,3.46537722647873,14.5,1976.0,111890.0,1.51099916782805,26.8273490839398,15.1333
Honduras,2010,58.7672714272947,9.09822146751274,11.5912204379757,1893.32722662035,74.7687729019573,3.40704870812598,15.4,1976.0,111890.0,1.27065372488213,26.524712211213,15.1333
Honduras,2011,58.5677182947538,9.09822146751274,14.2196558016976,2073.66121088074,76.3301724908392,3.35123657593766,16.0,1976.0,111890.0,1.07897595840336,26.3554567663789,15.1333
Honduras,2012,58.3681651622129,9.09822146751274,13.5662940347061,2126.03474686503,77.8896773616945,3.30916659478128,17.1,1976.0,111890.0,0.963318231467742,29.4906361899387,15.1333
Honduras,2013,58.168612029672,9.09822146751274,12.1911279403961,2081.12843527945,79.4465814639378,3.28499764728886,17.5,1976.0,111890.0,,39.9591411254451,15.1333
Honduras,2014,57.9690588971311,9.09822146751274,12.5383501333105,2179.88171977271,81.0002859951738,2.90743919857304,18.2,1976.0,111890.0,1.20712851370756,40.5914778097745,15.1333
Honduras,2015,57.7695057645902,9.09822146751274,12.2159784468116,2271.20265980349,82.5570202877826,2.8385087128297,19.1,1976.0,111890.0,1.39308641736697,39.0515285428205,15.1333
Honduras,2016,57.5837876485834,9.09822146751274,12.0499014058464,2307.34468351082,84.121726695862,2.80005852993068,19.7,1976.0,111890.0,1.52112707252549,37.7338916975663,15.1333
Honduras,2017,57.3966395567075,9.09822146751274,12.6697681094878,2413.0076562942,85.6925283760837,2.75853361125808,20.2,1976.0,111890.0,1.246312643348,40.2844747508143,15.1333
Honduras,2018,57.2094020913397,9.09822146751274,11.6101604613644,2464.64241531918,87.2750916078291,2.72419291715727,21.2,1976.0,111890.0,1.17927771743412,41.3908385401193,15.1333
Honduras,2019,57.0221646259719,9.09822146751274,10.6380334094751,2502.32744328073,88.8697202609706,2.69051680883977,21.9,1976.0,111890.0,1.39788971387433,42.5213273366261,15.1333
Honduras,2020,56.8349271606042,9.09822146751274,12.1880671407553,2307.61494319511,90.4427562784878,2.61995106856383,23.3,1976.0,111890.0,0.929671155593939,51.0458945962595,15.1333
Honduras,2021,56.6476896952364,9.09822146751274,10.8930519266193,2735.14751503977,91.9642237912235,2.51895580975708,23.4,1976.0,111890.0,1.20259311629422,48.5334269951285,15.1333
Honduras,2022,56.4604522298686,9.09822146751274,12.4732730244455,3003.28996826399,93.5192778621861,2.51271094275843,24.8,1976.0,111890.0,,43.7024878510223,15.1333
"Hong Kong SAR, China",2000,,4.76190476190476,0.0873270375124953,25756.7728723704,6347.61904761905,0.881594075853745,,,1050.0,0.387328433580407,,22.3964
"Hong Kong SAR, China",2001,,4.76190476190476,0.0894680511254657,25230.3780910304,6394.57142857143,0.736962668138432,,,1050.0,0.350401992178082,,22.3964
"Hong Kong SAR, China",2002,,4.76190476190476,0.0881032820206869,24665.8362318216,6422.95238095238,0.44284682728195,,,1050.0,0.34799944368017,,22.3964
"Hong Kong SAR, China",2003,,4.76190476190476,0.0751987993656245,23977.1734120477,6410.28571428571,-0.197404126472125,,,1050.0,0.406283370907433,,22.3964
"Hong Kong SAR, China",2004,,4.76190476190476,0.0731235605934626,24928.1003722551,6460.47619047619,0.77991856230718,,,1050.0,0.48819980977413,,22.3964
"Hong Kong SAR, China",2005,,4.76190476190476,0.0674869434363105,26649.637724155,6488.7619047619,0.436871406105885,,,1050.0,0.566973463441649,,22.3964
"Hong Kong SAR, China",2006,,3.80952380952381,0.0629926078474022,28224.0951563146,6530.57142857143,0.642270482876128,,,1050.0,0.573512714419391,,22.3964
"Hong Kong SAR, China",2007,,3.80952380952381,0.0614869792991817,30593.9511738646,6586.95238095238,0.859633272217027,,,1050.0,0.96248345767441,,22.3964
"Hong Kong SAR, China",2008,,3.80952380952381,0.0541731796493912,31515.5292103443,6626.47619047619,0.598238786949717,,,1050.0,1.24076314562567,,22.3964
"Hong Kong SAR, China",2009,,3.80952380952381,0.0656925288308839,30697.5383861641,6640.7619047619,0.215353334344996,,,1050.0,0.873173280580093,,22.3964
"Hong Kong SAR, China",2010,,3.33333333333333,0.0533684018528068,32550.136489179,6689.71428571429,0.734446396338105,,,1050.0,1.65384852180074,,22.3964
"Hong Kong SAR, China",2011,,3.33333333333333,0.0487999048815413,35142.4879344543,6734.85714285714,0.672543291818633,,,1050.0,1.82175283409914,,22.3964
"Hong Kong SAR, China",2012,,2.95238095238095,0.0546866831053985,36730.796195815,6809.61904761905,1.1039579972368,,,1050.0,1.14556591874764,,22.3964
"Hong Kong SAR, China",2013,,2.95238095238095,0.0572883662527095,38403.7777145477,6837.04761904762,0.401982535858467,,,1050.0,1.06737439126578,,22.3964
"Hong Kong SAR, China",2014,,2.95238095238095,0.0661945438173809,40315.3739510191,6885.2380952381,0.702370950536027,,,1050.0,1.17019855591227,,22.3964
"Hong Kong SAR, China",2015,,2.95238095238095,0.0679653751855497,42432.1619740441,6944.09523809524,0.851197911086988,,,1050.0,1.28889188256293,,22.3964
"Hong Kong SAR, China",2016,,2.85714285714286,0.0762065977729043,43734.1980702999,6987.2380952381,0.619366345332479,,,1050.0,0.593615327313321,,22.3964
"Hong Kong SAR, China",2017,,2.95238095238095,0.0652727034141459,46160.429791493,7041.14285714286,0.768513877614955,,,1050.0,0.108608164172676,,22.3964
"Hong Kong SAR, China",2018,,2.85714285714286,0.0621422719454446,48537.5668888343,7097.71428571429,0.800230596967774,,,1050.0,0.100689678735424,,22.3964
"Hong Kong SAR, China",2019,,2.85714285714286,0.0723017256105577,48359.0011950597,7150.38095238095,0.739283471323064,,,1050.0,0.0784974484675613,,22.3964
"Hong Kong SAR, China",2020,,1.9047619047619,0.098961317261836,46109.2299946609,7124.7619047619,-0.358932661902885,,,1050.0,0.067577916495768,,22.3964
"Hong Kong SAR, China",2021,,1.9047619047619,0.0755934592131795,49770.5642374739,7060.09523809524,-0.911776749148241,,,1050.0,0.0441743390329776,,22.3964
"Hong Kong SAR, China",2022,,1.9047619047619,0.0529019722182765,48825.8441873536,6996.28571428571,-0.907914524343304,,,1050.0,0.0398407092919806,,22.3964
Hungary,2000,21.4368444543629,51.3501450569069,5.06575156419002,4629.91760812548,113.936297701406,0.248357635514275,100.0,589.0,89620.0,1.03679158110627,,47.4984
Hungary,2001,21.5765677304173,51.3947779513501,5.02945329369332,5280.94887987063,113.675251060031,0.370503081970927,100.0,589.0,89620.0,0.908900760742139,,47.4984
Hungary,2002,21.7162910064718,51.3947779513501,4.3698045801714,6658.04494326809,113.352019638474,0.321516607954962,100.0,589.0,89620.0,0.897284974454214,,47.4984
Hungary,2003,21.8560142825262,51.2943539388529,3.90627498031927,8410.09248198479,113.027806293238,-0.586247704581116,100.0,589.0,89620.0,0.829848048268268,,47.4984
Hungary,2004,21.9957375585807,51.3055121624637,4.35683545455054,10291.2694721409,112.777795135015,0.05152026363267,100.0,589.0,89620.0,0.764924602220818,,47.4984
Hungary,2005,22.1379310344828,51.3447159915188,3.72514185336456,11212.2046968994,112.566287244727,1.48412618618,100.0,589.0,89610.0,0.614854171883377,,47.4984
Hungary,2006,22.2776699029126,51.3000781162817,3.53874601085628,11478.4891640501,112.391139381765,1.18040885116061,100.0,589.0,89610.0,0.491201142020611,,47.4984
Hungary,2007,22.4174087713425,51.2442807722352,3.48786630899698,13934.605460375,112.217163263029,-0.171970771027436,100.0,589.0,89610.0,0.522599062679094,,47.4984
Hungary,2008,22.5571476397723,51.1661644905703,3.47814940071837,15762.6322515113,112.020845887736,1.44377243298542,100.0,589.0,89610.0,0.538719821205882,,47.4984
Hungary,2009,22.4662321882249,50.6461946316138,2.99527728031797,13051.1831777184,110.710814094775,0.374631558210917,100.0,589.0,90530.0,0.521172791496356,,47.4984
Hungary,2010,22.6045509775765,48.5143046503921,3.00710894106453,13189.8433874768,110.460874848117,1.32672661752856,100.0,589.0,90530.0,0.673887610765724,,47.4984
Hungary,2011,22.6364299127361,48.5474428366287,3.97302154410133,14211.460557822,110.148315475533,-0.35897441566366,100.0,589.0,90530.0,0.760597087307844,,47.4984
Hungary,2012,22.6683088478957,48.5695349607865,3.88850753892061,12950.1594488143,109.580934496852,-0.373711550591779,100.0,589.0,90530.0,0.778743317027555,,47.4984
Hungary,2013,22.7001877830553,47.6748039323981,3.92253734459854,13739.4620151401,109.05483265216,0.0212804562846152,100.0,589.0,90530.0,0.780861062782883,,47.4984
Hungary,2014,22.5502301117686,47.3591935130397,3.94529830379291,14352.501883174,107.747512601359,0.138118669957661,100.0,589.0,91260.0,0.710301488848864,,47.4984
Hungary,2015,22.5818540433925,47.3811089195705,3.76135548183773,12782.9412577973,107.360891957046,-0.10708252969486,100.0,589.0,91260.0,0.608276896316856,,47.4984
Hungary,2016,22.5589524435678,47.3701512163051,3.8677257212942,13215.8605277789,106.944499232961,-0.404761044405015,100.0,589.0,91260.0,0.647334466527003,,47.4984
Hungary,2017,22.5429541968004,47.3701512163051,3.74894666908719,14736.1668157258,106.582905982906,-0.365831099004188,100.0,589.0,91260.0,0.623177483839029,,47.4984
Hungary,2018,22.5281612973921,47.3811089195705,3.47162730279737,16605.0570511887,106.366031119877,-0.179661603696541,100.0,589.0,91260.0,0.621371017020613,,47.4984
Hungary,2019,22.5122726276572,47.3044049967127,3.32505112170721,17012.8598553199,106.233004602235,-0.145941347427049,100.0,589.0,91260.0,0.651907120182899,,47.4984
Hungary,2020,22.4962743808898,44.115379136533,3.36254685371176,16386.9308821258,105.965581854043,-0.486215475310381,100.0,589.0,91260.0,0.520409438646052,,47.4984
Hungary,2021,22.4803495507342,45.3616524216524,3.45755919325803,19030.628130329,105.532895025203,-0.53130926026005,100.0,589.0,91260.0,0.70329802716786,,47.4984
Hungary,2022,22.4643754109139,45.5585250931405,3.14310033852095,18428.028825614,105.249550734166,-0.336423442754276,100.0,589.0,91260.0,0.653831631226795,,47.4984
Iceland,2000,0.297556109725686,1.28678304239401,6.88598998179034,32503.578963236,2.80503740648379,1.53835400093893,100.0,1940.0,100250.0,0.903013564389303,,64.1353
Iceland,2001,0.312359102244389,1.28678304239401,7.38288060410616,29208.1981853568,2.84257356608479,1.41368716675525,100.0,1940.0,100250.0,0.995091090072529,,64.1353
Iceland,2002,0.327162094763092,1.28678304239401,7.40493166860492,32749.379004627,2.86805985037406,1.02522986905101,100.0,1940.0,100250.0,0.9136539734424,,64.1353
Iceland,2003,0.341965087281795,1.28678304239401,6.34919439679088,39944.2104095591,2.88799002493766,0.861928544594206,100.0,1940.0,100250.0,0.970911646196121,,64.1353
Iceland,2004,0.356768079800499,1.28678304239401,5.2287722880465,47809.6073050042,2.91345635910224,1.00171511175715,100.0,1940.0,100250.0,0.88647451784089,,64.1353
Iceland,2005,0.371571072319202,1.28678304239401,4.65967867624861,57783.7745608117,2.95994014962594,1.51739166734219,100.0,1940.0,100250.0,0.845105901891921,,64.1353
Iceland,2006,0.386374064837905,1.28678304239401,4.71370483416326,58172.1426656622,3.03024438902743,2.14989866063453,100.0,1940.0,100250.0,0.817363576141954,,64.1353
Iceland,2007,0.401177057356608,1.24688279301746,4.14525624981175,70483.0117228535,3.10789027431421,2.71044119477439,100.0,1940.0,100250.0,0.502655800243799,,64.1353
Iceland,2008,0.415980049875312,1.24688279301746,4.84443918773815,57489.3399795216,3.16622443890274,2.61792451787009,100.0,1940.0,100250.0,0.634594365376766,,64.1353
Iceland,2009,0.430783042394015,1.23690773067332,5.60323353565693,41483.7843682814,3.17704738154613,0.748377490973193,100.0,1940.0,100250.0,0.653660671036226,,64.1353
Iceland,2010,0.445586034912718,1.22693266832918,6.22541481370984,43776.4677400475,3.17247880299252,-0.12843446229353,100.0,1940.0,100250.0,0.581800725968855,,64.1353
Iceland,2011,0.452548628428928,1.21895261845387,6.35940252295156,48254.953927254,3.18218453865337,0.254355169044416,100.0,1940.0,100250.0,0.678461147178305,,64.1353
Iceland,2012,0.459511221945137,1.20897755610973,6.48947569648814,46594.9869146614,3.19916209476309,0.643241763573145,100.0,1940.0,100250.0,0.804007738541179,,64.1353
Iceland,2013,0.466473815461347,1.20897755610973,5.79441427283695,50173.3360061057,3.22956608478803,1.05471165809994,100.0,1940.0,100250.0,0.971535959334361,,64.1353
Iceland,2014,0.473436408977556,1.20897755610973,5.22442058265989,55140.364935793,3.2656957605985,1.11583437782441,100.0,1940.0,100250.0,0.70727568695706,,64.1353
Iceland,2015,0.480399002493766,1.2069825436409,5.25016602196432,53505.6964079339,3.29990024937656,1.15739479748277,100.0,1940.0,100250.0,0.696273418403228,,64.1353
Iceland,2016,0.485386533665835,1.2069825436409,4.53958611104236,62854.0906407932,3.34602493765586,1.44595954312237,100.0,1940.0,100250.0,0.979451099492547,,64.1353
Iceland,2017,0.492568578553616,1.2069825436409,3.74803357222705,72976.3729990975,3.42543640897756,2.33471439247147,100.0,1940.0,100250.0,0.819691634808243,,64.1353
Iceland,2018,0.496280868789051,1.20003967073292,4.24664556519569,75633.8651351915,3.49817514628583,2.76412550127473,100.0,1940.0,100830.0,0.689314241327476,,64.1353
Iceland,2019,0.502727362888029,1.20003967073292,4.31813380817638,69296.3144361601,3.5759496181692,2.33155056549321,100.0,1940.0,100830.0,0.510493985891295,,64.1353
Iceland,2020,0.5092730338193,1.20003967073292,4.60069241499649,60127.9393575616,3.63446394922146,1.79261713262557,100.0,1940.0,100830.0,0.52120195323154,,64.1353
Iceland,2021,0.515719527918278,1.20003967073292,4.19210472871823,70425.4064277273,3.69453535654071,1.71803113522722,100.0,1940.0,100830.0,0.595220753274331,,64.1353
Iceland,2022,0.522265198849549,1.20003967073292,4.0879858932462,76350.4550416502,3.78858474660319,2.47958797737299,100.0,1940.0,100830.0,0.548098252525258,,64.1353
India,2000,22.7334950003195,54.127048725443,21.6110620465121,442.750218937263,355.82076254797,2.74716354214945,6.6,1083.0,2973190.0,1.25928051395496,21.8228803066691,28.6353
India,2001,22.7975675957473,53.9235635798587,21.6188848861438,450.357900514128,362.539418940599,2.79167632635927,7.2,1083.0,2973190.0,1.13946841502435,20.6760979408451,28.6353
India,2002,22.8616401911751,53.959551861805,19.5345432709546,469.149928973927,369.165905979773,2.78430381700354,7.9,1083.0,2973190.0,1.06279577378163,20.6731997171964,28.6353
India,2003,22.9257127866029,53.7466492218795,19.5919979784251,544.143133545002,375.624499611528,2.75957503853038,8.5,1083.0,2973190.0,1.07983395037738,19.7091758741244,28.6353
India,2004,22.9897853820307,53.7069612100135,17.8146906487994,624.258826510066,382.078344471763,2.77480790295643,9.2,1083.0,2973190.0,1.2038845130859,17.5588240572864,28.6353
India,2005,23.0538579774586,53.6272488471978,17.6202069548839,710.488080408949,388.36277600826,2.74412999366421,9.7,1083.0,2973190.0,1.2677593168785,14.8800140528443,28.6353
India,2006,23.1179305728864,53.3642316838144,16.8094420944381,801.668353659022,394.485011048739,2.7138445773411,10.4,1083.0,2973190.0,1.71787505435699,17.0996791242773,28.6353
India,2007,23.1820031683142,53.1489746703036,16.7501197597569,1021.88707706826,400.470881780175,2.68838973840524,11.1,1083.0,2973190.0,1.98294426026312,16.8414102457773,28.6353
India,2008,23.246075763742,53.1398935150461,16.7909423598037,992.519584923828,406.274393496547,2.6496554632103,12.0,1083.0,2973190.0,1.73540589346138,19.0572058938661,28.6353
India,2009,23.3101483591698,53.1160134401098,16.7442701563161,1094.94974598436,412.191872366045,2.68133844908469,13.0,1083.0,2973190.0,1.28973766827269,19.2155611185983,28.6353
India,2010,23.3742209545976,52.8082631786061,17.0265090136912,1347.51939071367,418.231449722352,2.71046640355998,14.6,1083.0,2973190.0,2.22625861264457,17.520327243228,28.6353
India,2011,23.4638216864714,52.7981730060978,17.191973558015,1445.46127486037,424.199245255096,2.60834363267832,16.4,1083.0,2973190.0,2.48195512879416,18.5055609944676,28.6353
India,2012,23.5534224183453,52.6525381828945,16.8453770661356,1429.32199520032,430.068210238834,2.37699314592326,18.6,1083.0,2973190.0,4.09608734399954,21.7351878662519,28.6353
India,2013,23.6430231502191,52.617558918199,17.1484235433697,1432.84397512195,435.838110245225,2.33991754994745,21.4,1083.0,2973190.0,2.82993900019101,23.3008757774803,28.6353
India,2014,23.732623882093,52.6246220389548,16.7919345145039,1553.88396075118,441.370107863944,2.25647131147126,24.3,1083.0,2973190.0,2.17094784216849,22.7049198417658,28.6353
India,2015,23.8222246139668,52.6078050847743,16.1745081068401,1583.99815907985,446.666542669658,2.17617533145353,28.0,1083.0,2973190.0,1.7736046518473,23.0297689509967,28.6353
India,2016,23.9116908102072,52.5755165327477,16.3638005616331,1707.50892912243,452.020992940243,2.16325487902533,32.0,1083.0,2973190.0,1.5373233001934,20.0812235448632,28.6353
India,2017,24.0014933455312,52.433581439464,16.5583314049368,1950.10468280866,457.30592394028,2.12248866445848,36.4,1083.0,2973190.0,1.51484254623607,19.5049373712632,28.6353
India,2018,24.0909595417716,52.2933280415984,16.031630686449,1966.25455171679,462.351569862673,2.0460160617663,41.1,1083.0,2973190.0,1.56952573989149,19.4905310721105,28.6353
India,2019,24.1807620770956,52.2566670814849,16.7555683032837,2041.42863698585,467.185182245332,1.97750804279549,46.0,1083.0,2973190.0,1.14645412586871,19.9766366353145,28.6353
India,2020,24.270228273336,51.9383557727559,18.6685376603727,1907.04251637669,471.755150192218,1.89985832105548,51.0,1083.0,2973190.0,1.33684682253082,21.4094740100862,28.6353
India,2021,24.3596944695764,51.8513672856427,17.3725615260314,2239.61384367482,475.652042419085,1.73813803578169,56.1,1083.0,2973190.0,1.46901995334455,19.5524130311129,28.6353
India,2022,24.4494970049005,51.8054794009128,16.5461295925754,2347.44829434623,479.425536881262,1.69490092263281,60.8,1083.0,2973190.0,0.942789378851202,18.6518069060743,28.6353
Indonesia,2000,53.943528667353,9.55569557485171,15.6787044387708,763.711124950924,115.08687262286,3.82045814402057,1.7,2702.0,1877519.0,3.60207299459181,93.4911161187874,6.19752
Indonesia,2001,53.8572019777163,9.55569557485171,15.9949177621389,732.307093405708,116.695437968937,3.54561596136928,2.2,2702.0,1877519.0,3.59018324611444,85.8981488426231,6.19752
Indonesia,2002,53.7708752880796,9.55569557485171,16.3196689664379,881.002913569131,118.288280970792,3.38734585823671,2.9,2702.0,1877519.0,4.32797806712822,67.6712950758861,6.19752
Indonesia,2003,53.684548598443,9.55569557485171,15.1853482186248,1043.2105838671,119.864570212072,3.24159691103248,3.7,2702.0,1877519.0,4.95205647996896,59.5235915692802,6.19752
Indonesia,2004,53.5982219088063,9.5512378836113,14.3357802955642,1126.84004447173,121.397785588322,3.08615306919124,4.9,2702.0,1877519.0,5.02157945137303,56.3318184494941,6.19752
Indonesia,2005,53.5118952191696,9.54678019237089,13.1266186400506,1238.21447629488,122.966345480392,3.0064894781374,6.7,2702.0,1877519.0,5.05858556917474,52.2624366052956,6.19752
Indonesia,2006,53.4255685295329,9.54232250113048,12.9738027192484,1558.31562847163,124.606809305259,2.96491038303978,8.7,2702.0,1877519.0,6.40257398307986,38.9556674021265,6.19752
Indonesia,2007,53.3392418398962,9.53786480989007,13.7166831034562,1823.21976255073,126.263615441442,2.8862360170776,11.3,2702.0,1877519.0,6.24368366778408,35.6690596510526,6.19752
Indonesia,2008,53.2529151502595,9.53340711864966,14.4817402607761,2124.55483920618,127.912368929422,2.79658074920626,14.8,2702.0,1877519.0,6.3989116982125,32.0905086784049,6.19752
Indonesia,2009,53.1665884606228,9.52894942740926,15.290148146172,2218.48541852977,129.543311146252,2.70769171130937,18.5,2702.0,1877519.0,4.52010574414856,34.45488447984,6.19752
Indonesia,2010,53.0802617709861,9.52449173616885,13.929212707137,3065.68348377765,131.186593584406,2.64287044610157,22.9,2702.0,1877519.0,6.54551890261162,26.9770756416871,6.19752
Indonesia,2011,52.586919226916,9.52003404492844,13.5122870743946,3579.46442466152,132.872174396105,2.53421908807298,27.9,2702.0,1877519.0,7.5075763082388,25.2959557496368,6.19752
Indonesia,2012,52.0935766828458,9.51557635368803,13.3739742350727,3632.27254030331,134.591727167608,2.61678137317138,33.1,2702.0,1877519.0,5.96261086651247,28.3221912785509,6.19752
Indonesia,2013,51.6002341387757,9.51111866244762,13.3566991621949,3566.60284506078,136.271572751061,2.54412753349937,38.8,2702.0,1877519.0,5.85554002487058,29.7818700830084,6.19752
Indonesia,2014,51.1068915947056,9.50666097120722,13.3367549992146,3441.06808464008,137.882705314833,2.45872531939777,44.6,2702.0,1877519.0,4.94089322085448,33.981834153142,6.19752
Indonesia,2015,50.6135490506354,9.50220327996681,13.4926435578886,3288.22269725538,139.438934572699,2.39395586558881,50.6,2702.0,1877519.0,5.00288548118125,36.9878652515237,6.19752
Indonesia,2016,50.7434545269582,9.4977455887264,13.4787485470271,3521.46943457574,140.945267664402,2.27183339757092,56.1,2702.0,1877519.0,4.82024866368512,35.3699048723645,6.19752
Indonesia,2017,50.0393338229866,9.49328789748599,13.1566308462661,3798.88326174526,142.393583234045,2.20746225144714,61.3,2702.0,1877519.0,5.99029974302901,35.9645370946451,6.19752
Indonesia,2018,49.7168177792076,9.48883020624558,12.8084975586902,3860.95353090726,143.781152680745,2.14106407789818,66.1,2702.0,1877519.0,5.09433382853086,37.5639689128338,6.19752
Indonesia,2019,49.3942964092507,9.48437251500517,12.7126026577522,4106.94856160358,145.132688936836,2.09504868385799,70.5,2702.0,1877519.0,5.45453439852113,37.0829978168899,6.19752
Indonesia,2020,49.0717803654717,9.47991482376477,13.6984142796138,3853.70288774146,146.371283592869,1.81452799005677,74.4,2702.0,1877519.0,5.10395599145483,40.4899520829926,6.19752
Indonesia,2021,48.3619448681206,9.40017404086973,13.2801691376596,4287.17313995098,146.235107708626,1.76093756390187,78.2,2702.0,1892555.47,4.62067273163963,36.1990816015577,6.19752
Indonesia,2022,48.0419900717626,9.39575176626131,12.3996501634108,4730.83484836107,147.330175215419,1.82554396201775,81.3,2702.0,1892555.47,3.75471658326644,30.8527352858338,6.19752
"Iran, Islamic Rep.",2000,5.72561948967313,9.16279869348461,9.06841932703815,1650.01385833785,40.778665365063,2.6748660354635,83.25,228.0,1628760.0,0.404521901569942,8.01538330547552,35.6878
"Iran, Islamic Rep.",2001,5.80950661853189,9.73808295881529,8.31084200246599,1881.02266635283,41.4131026056632,2.68321137769338,85.0,228.0,1628760.0,0.534909073795181,6.51131335549761,35.6878
"Iran, Islamic Rep.",2002,5.89339374739065,9.8412289103367,7.82554689747938,1891.25756091033,41.7565000368378,1.90902331504455,86.25,228.0,1628760.0,0.404371776768609,6.92658410154237,35.6878
"Iran, Islamic Rep.",2003,5.97728087624942,9.9443748618581,7.45109456120201,2208.99636552406,42.2218988678504,2.13119250089634,87.3,228.0,1628760.0,0.416684843731502,9.35332174710251,35.6878
"Iran, Islamic Rep.",2004,6.06116800510818,10.0475208133795,6.88957846945821,2672.4226651404,43.1348485964783,3.11308440643363,88.3,228.0,1628760.0,0.300240777090616,11.1765009657575,35.6878
"Iran, Islamic Rep.",2005,6.14505513396694,10.1506667649009,6.50138220908685,3132.0508192007,44.1000853409956,3.12203832482132,89.5,228.0,1628760.0,0.28507992568153,9.5267245502464,35.6878
"Iran, Islamic Rep.",2006,6.22894226282571,10.2538127164223,7.11821124095933,3618.91601364428,45.0605043100273,2.79961943625756,90.1,228.0,1628760.0,0.349400679874144,7.71290041746767,35.6878
"Iran, Islamic Rep.",2007,6.31282939168447,10.3569586679437,7.18556823147499,4687.99166260718,45.8033399641445,2.35857317074097,90.7,228.0,1628760.0,,5.94087508699143,35.6878
"Iran, Islamic Rep.",2008,6.39671652054324,9.54407033571551,6.12277259111112,5377.4115072957,46.3630025295317,2.04353825930913,91.5,228.0,1628760.0,,3.93382531374227,35.6878
"Iran, Islamic Rep.",2009,6.480603649402,9.55696357965569,6.9244896148629,5415.52280553446,46.9423518504875,2.11876431749892,91.9,228.0,1628760.0,,4.49584531159985,35.6878
"Iran, Islamic Rep.",2010,6.56449077826076,9.44890591615708,6.49939072557201,6291.19443655454,47.5336096171321,2.13246162558843,92.4,228.0,1628760.0,0.315030682103002,4.05805118001816,35.6878
"Iran, Islamic Rep.",2011,6.56449077826076,9.34084825265846,4.64211620456629,8025.68743364356,48.1247071391734,2.07470457348419,92.6,228.0,1628760.0,0.203096032756795,2.74169060239135,35.6878
"Iran, Islamic Rep.",2012,6.56449077826076,9.23279058915985,6.79693716710654,8114.08099831877,48.7306785530097,2.03374542048051,92.8,228.0,1628760.0,,1.15421603802317,35.6878
"Iran, Islamic Rep.",2013,6.56449077826076,9.01728922615978,8.77490977276026,6222.74194840326,49.3717220462192,2.05617955741136,93.1,228.0,1628760.0,0.461168326683126,1.39260534305275,35.6878
"Iran, Islamic Rep.",2014,6.56449077826076,9.01728922615978,9.37842415684426,5672.06372896319,50.0393213241976,2.07254598370063,93.3,228.0,1628760.0,0.531812481503269,1.25206746599556,35.6878
"Iran, Islamic Rep.",2015,6.56449077826076,9.01728922615978,10.0916014141126,4952.73355532178,50.7253137356025,2.07811544941703,93.5,228.0,1628760.0,0.584978582278273,1.57653508272573,35.6878
"Iran, Islamic Rep.",2016,6.57064269751222,9.01728922615978,8.44788029281743,5710.59947089104,51.4576905130283,2.14455177475144,93.4,228.0,1628760.0,0.410699553190912,1.31827151241227,35.6878
"Iran, Islamic Rep.",2017,6.60154083204931,9.32758089368259,8.49044927227644,6000.93346404409,52.4047790446841,2.14220311569348,93.5,228.0,1622500.0,0.328322102780583,1.39231179104553,35.6878
"Iran, Islamic Rep.",2018,6.61140215716487,9.60308166409861,9.63092024660805,4783.01067340237,53.0773485362096,1.81443237055824,93.6,228.0,1622500.0,0.344377753233306,1.43997047778518,35.6878
"Iran, Islamic Rep.",2019,6.62126348228043,9.6271186440678,11.8081014676882,3997.4935449585,53.6527876733436,1.61223873464224,93.5,228.0,1622500.0,0.520266265326632,1.45553662774804,35.6878
"Iran, Islamic Rep.",2020,6.62681047765794,9.6517719568567,11.6933506979702,3202.50003502169,54.0668369799692,1.29229367371229,93.5,228.0,1622500.0,0.670220054430401,2.07575442854437,35.6878
"Iran, Islamic Rep.",2021,6.63543913713405,9.67580893682589,10.6344854027271,4605.14881318992,54.518020338983,1.35084522567964,93.3,228.0,1622500.0,0.415666853223377,2.69987581539856,35.6878
"Iran, Islamic Rep.",2022,6.64160246533128,9.67580893682589,10.6950417706195,4721.20437099984,55.1767309707242,1.64949198291705,93.5,228.0,1622500.0,0.309954110755939,2.40236604365308,35.6878
Iraq,2000,1.87027002309258,9.83149278642797,4.63474550697269,1980.18916038782,55.8430070649564,3.40915333628561,46.9,216.0,437370.0,0.230265834151129,,33.3302
Iraq,2001,1.87187049866246,9.83149278642797,6.9309570545315,1435.695683789,57.6121819054805,3.29439679419147,52.8,216.0,437370.0,0.210501744397335,,33.3302
Iraq,2002,1.87347097423234,10.2887715206804,8.5626717122094,1266.15961275094,59.4612319089101,3.36822527388826,59.0,216.0,437370.0,0.0953795094339623,,33.3302
Iraq,2003,1.87507144980223,10.2887715206804,8.40560829262466,817.887862499622,61.281429910602,3.24814529112422,64.5,216.0,437370.0,,,33.3302
Iraq,2004,1.87667192537211,10.2887715206804,6.93856130624701,1328.37157628292,63.0538857260443,3.0979873152546,70.05,216.0,437370.0,0.0398925256895619,,33.3302
Iraq,2005,1.87827240094199,10.6317305713698,6.88686273542446,1762.39360423421,64.9506093239134,3.21438593466037,75.0,216.0,437370.0,0.0726830577049512,,33.3302
Iraq,2006,1.87987287651188,10.9746896220591,5.82603290514173,2276.55435744086,65.4286187895832,0.978083844445856,79.1,216.0,437370.0,0.0388826239738157,,33.3302
Iraq,2007,1.88147335208176,11.3176486727485,4.92949827595085,3128.99010329066,64.9143905617669,-0.559710124816692,82.6,216.0,437370.0,0.0123658655477205,,33.3302
Iraq,2008,1.88307382765165,9.14557468504927,3.84778019548826,4542.96609046032,66.2391933603128,2.22456201212416,85.8,216.0,437370.0,0.0363010976420478,,33.3302
Iraq,2009,1.89790937557561,8.40394179406889,5.22993319137947,3714.71205987194,69.2075105912691,3.85405009722464,88.5,216.0,434320.0,0.0259513657298206,,33.3302
Iraq,2010,1.89952109044023,9.20979922637686,5.16228354680036,4461.75196161555,71.4803969423467,3.35318834206134,90.5,216.0,434320.0,0.0310208371080116,,33.3302
Iraq,2011,1.89952109044023,9.90053416835513,4.56377343749618,5775.54229080293,74.0500644685946,3.62868217492157,92.2,216.0,434320.0,0.0204565314170189,,33.3302
Iraq,2012,1.89952109044023,9.94312948977712,4.12427143758484,6477.59618450955,77.4885844538589,4.67914528644835,93.8,216.0,434320.0,0.0175861519750846,,33.3302
Iraq,2013,1.90036118379833,10.5124525485571,4.76843971585529,6650.35282247395,81.2709362215752,5.04208929439101,95.0,216.0,434128.0,0.0174806328408226,,33.3302
Iraq,2014,1.90036118379833,11.4459329967199,4.92940777204755,6249.39226978969,84.1918950171378,3.85049825533816,96.0,216.0,434128.0,0.0177735089829319,,33.3302
Iraq,2015,1.90036118379833,11.4459329967199,4.19186817517212,4440.14189252367,86.5194942505436,3.09083944537055,96.8,216.0,434128.0,0.0219455269332937,11.579236426727,33.3302
Iraq,2016,1.90036118379833,11.4459329967199,3.97718981146129,4334.42096404188,88.6135586739395,2.37986064109657,97.45,216.0,434128.0,0.00981799984354276,14.1379782009615,33.3302
Iraq,2017,1.90036118379833,11.4459329967199,2.97672780101335,4759.2846435467,90.6123378358457,2.20490554096878,97.9,216.0,434128.0,,15.1156613914556,33.3302
Iraq,2018,1.90036118379833,11.4459329967199,2.81581764320492,5646.68932074742,92.7505804739616,2.30669328334418,98.3,216.0,434128.0,,12.3208283081304,33.3302
Iraq,2019,1.90035242899592,11.4458802662797,3.77000825306199,5671.8568632942,94.8844148066247,2.2633102268141,98.6,216.0,434130.0,,11.8236722126954,33.3302
Iraq,2020,1.90035242899592,11.4458802662797,6.08867414692412,4295.18945121228,97.0138092276507,2.21935377129703,98.9,216.0,434130.0,,14.7009987283311,33.3302
Iraq,2021,1.90035242899592,11.4458802662797,3.27919752953038,4868.49431080783,99.2127035680556,2.24120653185218,99.1,216.0,434130.0,,12.2142568885482,33.3302
Iraq,2022,1.90035242899592,11.4458802662797,2.05870621388374,6520.73154560584,101.514640775804,2.2937207238424,99.3,216.0,434130.0,,7.93319206853994,33.3302
Ireland,2000,9.15023951226593,7.08520830309189,2.50492903890048,26334.5672050501,55.2355058789374,1.7479629551171,100.0,1118.0,68890.0,0.471923135665265,,53.3441
Ireland,2001,9.28091159820003,7.39149368558572,1.99385983232223,28282.409882073,56.1219770648861,2.01677169595997,100.0,1118.0,68890.0,0.419179566459608,,53.3441
Ireland,2002,9.41158368413413,7.52213673973,1.7353084894094,32705.4345565698,57.075729423719,2.12260044200519,100.0,1118.0,68890.0,0.441093753164781,,53.3441
Ireland,2003,9.54225577006822,7.71127885034112,1.48000381983801,41203.5295847568,58.0130788213093,2.08950732665526,100.0,1118.0,68890.0,0.468082752384249,,53.3441
Ireland,2004,9.67292785600232,7.57221657715198,1.57408727204836,47754.2023194244,59.0834954274931,2.30696642826746,100.0,1118.0,68890.0,0.472837754140112,,53.3441
Ireland,2005,9.80359994193642,7.09377268108579,1.03354966551094,50933.0216095589,60.3848744375091,2.65733982740277,100.0,1118.0,68890.0,0.447559278504966,,53.3441
Ireland,2006,9.93427202787052,6.78008419219045,0.921152718855531,54329.1618599624,62.0349978226158,3.16125122897498,100.0,1118.0,68890.0,0.462905296557703,,53.3441
Ireland,2007,10.0649441138046,6.75642328349543,1.04322286551282,61396.417461176,63.8545797648425,3.36676331661211,100.0,1118.0,68890.0,0.513500416947392,,53.3441
Ireland,2008,10.1956161997387,7.04964436057483,0.850028643552735,61353.1065629523,65.1697488750181,2.525541779799,100.0,1118.0,68890.0,0.473965258382013,,53.3441
Ireland,2009,10.3262882856728,6.71490782406735,0.557956348121,52133.0906162544,65.8350268544056,1.47728896767132,100.0,1118.0,68890.0,0.410498300594683,,53.3441
Ireland,2010,10.4569603716069,6.37015532007548,0.955429971049666,48623.9666422487,66.1947307301495,0.947990814064616,100.0,1118.0,68890.0,0.51926082554808,,53.3441
Ireland,2011,10.5565103788649,6.66482798664538,1.20481169133057,52613.8540355689,66.4840179997097,0.752565598465323,100.0,1118.0,68890.0,0.549141742501164,,53.3441
Ireland,2012,10.6560603861228,7.00551604006387,0.98628534243733,49335.8408099555,66.7663376397155,0.690208598016633,100.0,1118.0,68890.0,0.564772480890988,,53.3441
Ireland,2013,10.7556103933808,6.8811148207287,1.07000530417849,52537.6108648692,67.1188271156917,0.770074479120179,100.0,1118.0,68890.0,0.640296704505902,,53.3441
Ireland,2014,10.8551604006387,6.7525039918711,1.21732475012945,57214.5379785709,67.6112643344462,0.940192827773099,100.0,1118.0,68890.0,0.671717958929099,,53.3441
Ireland,2015,10.9547104078966,6.57570039192916,0.86869465225802,64250.1385181257,68.2531136594571,1.11073085365773,100.0,1118.0,68890.0,0.564137538442997,,53.3441
Ireland,2016,11.0661924807664,6.69182755116853,0.925941331563359,64129.5571542383,69.1351720133546,1.41761754596201,100.0,1118.0,68890.0,0.509299169842882,,53.3441
Ireland,2017,11.1775293946872,6.69182755116853,1.11981590911886,72161.4047531385,70.0746842792858,1.63730061762284,100.0,1118.0,68890.0,0.414111589941158,,53.3441
Ireland,2018,11.2355929743069,6.54666860211932,0.928168981879793,80804.1123164826,71.0991725939904,1.73861557460969,100.0,1118.0,68890.0,0.359991119785228,,53.3441
Ireland,2019,11.2936565539265,6.43054144287995,0.953896616119834,81827.6688873996,72.237712294963,1.88821253224221,100.0,1118.0,68890.0,0.309781918603266,,53.3441
Ireland,2020,11.3517201335462,6.44505733778487,1.00897235932956,86514.0706108754,73.1564377993903,1.57565594952931,100.0,1118.0,68890.0,0.282973796575364,,53.3441
Ireland,2021,11.4097837131659,6.32893017854551,1.03312440304987,103783.446284479,74.1847147626651,1.71996422325885,100.0,1118.0,68890.0,0.437535775389304,,53.3441
Ireland,2022,11.4678472927856,6.47408912759472,1.17281530326124,105190.685952731,75.6689795325882,2.31744458655651,100.0,1118.0,68890.0,0.372282283480684,,53.3441
Isle of Man,2000,6.07017543859649,31.7543859649123,,21161.3963073772,132.735087719298,1.16969398252505,,,570.0,,,54.1509
Isle of Man,2001,6.07017543859649,31.4035087719298,,21819.7123825606,134.168421052632,1.07042418175947,,,570.0,,,54.1509
Isle of Man,2002,6.07017543859649,32.4561403508772,,24471.0798814847,135.570175438596,0.85166764832307,,,570.0,,,54.1509
Isle of Man,2003,6.07017543859649,30.8245614035088,,28861.6178062918,136.928070175439,0.628430995867918,,,570.0,,,54.1509
Isle of Man,2004,6.07017543859649,31.7543859649123,,35564.6023910146,138.231578947368,0.533056910759677,,,570.0,,,54.1509
Isle of Man,2005,6.07017543859649,31.2456140350877,,38135.8597885858,139.501754385965,0.591703114382633,,,570.0,,,54.1509
Isle of Man,2006,6.07017543859649,49.0526315789474,,42627.5089352891,140.866666666667,0.883477963612018,,,570.0,,,54.1509
Isle of Man,2007,6.07017543859649,48.280701754386,,55040.2437046236,142.363157894737,1.29271450875682,,,570.0,,,54.1509
Isle of Man,2008,6.07017543859649,47.859649122807,,72276.7741329461,143.910526315789,1.53472789763996,,,570.0,,,54.1509
Isle of Man,2009,6.07017543859649,44.9473684210526,,66156.105656847,145.50701754386,1.6118012576544,,,570.0,,,54.1509
Isle of Man,2010,6.07017543859649,44.5263157894737,,70587.3140283741,147.145614035088,1.52197969576258,,,570.0,,,54.1509
Isle of Man,2011,6.07017543859649,43.8070175438597,,77808.8579649376,148.038596491228,0.768337456168902,,,570.0,,,54.1509
Isle of Man,2012,6.07017543859649,37.719298245614,0.642657103075182,79329.2034347434,147.956140350877,0.00455580865681701,,,570.0,,,54.1509
Isle of Man,2013,6.07017543859649,38.4210526315789,0.596599796488864,83207.6588430451,147.615789473684,-0.18239443281842,,,570.0,,,54.1509
Isle of Man,2014,6.07017543859649,38.7719298245614,0.446094368875088,91885.4528718026,147.178947368421,-0.258200282828427,,,570.0,,,54.1509
Isle of Man,2015,6.07017543859649,41.9298245614035,0.472320117585132,84753.5187422732,146.654385964912,-0.325412208233427,,,570.0,,,54.1509
Isle of Man,2016,6.07017543859649,40.3508771929825,0.590100696950693,82025.9454509241,146.431578947368,-0.121728560375175,,,570.0,,,54.1509
Isle of Man,2017,6.07017543859649,40.7017543859649,0.400506349187324,83481.3038489014,146.682456140351,0.204327684014078,,,570.0,,,54.1509
Isle of Man,2018,6.07017543859649,42.1052631578947,0.410935899164255,89393.8244248812,147.026315789474,0.263402161018399,,,570.0,,,54.1509
Isle of Man,2019,6.07017543859649,42.1052631578947,0.316670665474295,87127.5517977404,147.29298245614,0.207940663330045,,,570.0,,,54.1509
Isle of Man,2020,6.07017543859649,41.9298245614035,0.372633924187371,79513.5330346598,147.480701754386,0.150544039745739,,,570.0,,,54.1509
Isle of Man,2021,6.07017543859649,40.7017543859649,0.337744275420086,94299.969348965,147.554385964912,0.066076537259524,,,570.0,,,54.1509
Isle of Man,2022,6.07017543859649,42.280701754386,0.372466783015541,88328.548125887,147.6,0.0227748930564501,,,570.0,,,54.1509
Israel,2000,7.07024029574861,15.6192236598891,1.53366608252474,21706.5194056329,290.619223659889,2.73762418687083,100.0,435.0,21640.0,0.946281079886663,,31.7717
Israel,2001,7.07486136783734,15.8040665434381,1.75948568412323,20966.3052667971,297.550831792976,2.44916296941042,100.0,435.0,21640.0,0.869214091227066,,31.7717
Israel,2002,7.07948243992606,16.1275415896488,1.81568687756539,19076.4584298321,303.604436229205,2.10099531976994,100.0,435.0,21640.0,0.961286212195031,,31.7717
Israel,2003,7.08410351201479,15.4343807763401,1.7081758360836,19643.4690380742,309.135859519408,1.88553768724482,100.0,435.0,21640.0,0.990175675202871,,31.7717
Israel,2004,7.08872458410351,14.3715341959335,1.61692444844401,20568.0694088834,314.648798521257,1.8388561841691,100.0,435.0,21640.0,0.406954060483141,,31.7717
Israel,2005,7.09334565619224,14.3715341959335,1.87834313014638,21286.8388636595,320.244916820702,1.82350999991085,100.0,435.0,21640.0,0.726652335970499,,31.7717
Israel,2006,7.09796672828096,14.0018484288355,1.81906318672985,22527.2619795719,325.956561922366,1.8159679394043,100.0,435.0,21640.0,0.671143750844297,,31.7717
Israel,2007,7.10258780036969,14.1312384473198,1.74717094647667,25721.2594077311,331.797597042514,1.80997413961889,100.0,435.0,21640.0,0.672012618642947,,31.7717
Israel,2008,7.10720887245841,13.8493530499076,1.80943795765309,30269.217773489,337.744916820702,1.79363744656515,100.0,435.0,21640.0,0.647038267056434,,31.7717
Israel,2009,7.11182994454713,14.0619223659889,2.14139661336725,28508.4938886475,345.914972273567,2.39314363885042,100.0,435.0,21640.0,0.79062491251103,,31.7717
Israel,2010,7.11645101663586,13.5674676524954,1.82975876400948,31439.0887027614,352.292051756007,1.82639305491015,100.0,435.0,21640.0,0.811485068022839,,31.7717
Israel,2011,7.2181146025878,13.6645101663586,1.85000171535157,34522.5215979073,358.863216266174,1.8467245521291,100.0,435.0,21640.0,0.631102026646635,,31.7717
Israel,2012,7.31977818853974,13.6229205175601,1.4926299498497,33321.4300881602,365.549907578558,1.84314838349049,100.0,435.0,21640.0,0.606335365490068,,31.7717
Israel,2013,7.42144177449168,13.2070240295749,1.52142807731562,37034.3161080785,372.435304990758,1.86074754266787,100.0,435.0,21640.0,0.624645792939921,,31.7717
Israel,2014,7.52310536044362,13.8863216266174,1.3878333514616,38343.3046626235,379.653419593346,1.91127620225883,100.0,435.0,21640.0,0.585228671328509,,31.7717
Israel,2015,7.62476894639556,13.7338262476895,1.4205563555958,36213.1041481958,387.250462107209,1.96938590176616,100.0,435.0,21640.0,0.638864871005011,,31.7717
Israel,2016,6.46950092421442,13.6321626617375,1.45144669238151,37671.5389138798,394.916820702403,1.94417558375778,100.0,435.0,21640.0,0.686912507844565,,31.7717
Israel,2017,6.46950092421442,17.8835489833641,1.43332361550204,41138.470964272,402.647874306839,1.917614118333,100.0,435.0,21640.0,0.689357363869365,,31.7717
Israel,2018,6.46950092421442,17.7218114602588,1.38933071555976,42362.6652754196,410.480591497227,1.89991099418778,100.0,435.0,21640.0,0.642550564875251,,31.7717
Israel,2019,6.46950092421442,17.4676524953789,1.34643940764737,44250.6313628073,418.391866913124,1.87600018653148,100.0,435.0,21640.0,0.640787877733022,,31.7717
Israel,2020,6.46950092421442,12.7264325323475,1.36656606491536,44575.5719045492,425.836414048059,1.7237730170063,100.0,435.0,21640.0,0.687383225404792,,31.7717
Israel,2021,6.46950092421442,12.5924214417745,1.32603835479545,52270.9040241956,433.059149722736,1.63440381639427,100.0,435.0,21640.0,0.727380210823406,,31.7717
Israel,2022,6.46950092421442,12.4075785582255,1.1618336562619,54949.621556429,441.658964879852,1.9255387260448,100.0,,21640.0,0.537242678442293,,31.7717
Italy,2000,28.3014561169763,28.672586721133,2.55763392992713,20190.0035636084,192.555434569421,0.168926985499614,100.0,832.0,295718.0,0.697999831955422,,41.8955
Italy,2001,28.5242325458714,28.1991627158306,2.4818910807856,20570.4385917862,192.673361107542,0.183140415968692,100.0,832.0,295718.0,0.651814508574422,,41.8955
Italy,2002,28.7470089747665,28.0233195138612,2.36532442144257,22451.3964379368,193.054951000615,0.314739393916689,100.0,832.0,295718.0,0.684393989883953,,41.8955
Italy,2003,28.9697854036616,26.9141547014385,2.35238168739719,27577.5700319855,194.101082788332,0.653285386067723,100.0,832.0,295718.0,0.643793063967871,,41.8955
Italy,2004,29.1925618325567,26.981786702196,2.34229627595505,31348.1901841445,195.55177229658,0.859193552161939,100.0,832.0,295718.0,0.612915906822808,,41.8955
Italy,2005,29.4153382614518,26.3088482946591,2.03006110909468,32062.723833669,196.6964540542,0.70574060642554,100.0,832.0,295718.0,0.571490909959487,,41.8955
Italy,2006,29.6381146903469,24.942681879358,1.94158568418969,33537.1286994269,197.484972169432,0.535419295128108,100.0,832.0,295718.0,0.603948732717164,,41.8955
Italy,2007,29.860891119242,24.2494538715939,1.89414967924379,37826.1754554823,198.690127080529,0.76271124517982,100.0,832.0,295718.0,0.635111628975906,,41.8955
Italy,2008,30.0836675481371,25.3552370839787,1.87300893559166,40828.5795580937,200.22853191216,0.950252281949337,100.0,832.0,295718.0,0.632625740394126,,41.8955
Italy,2009,30.3064439770322,23.6069498643978,1.80208177882956,37099.6133958219,201.392725501999,0.788972594278065,100.0,832.0,295718.0,0.692727198368076,,41.8955
Italy,2010,30.5292204059273,23.8132274667081,1.76928173132246,35856.8625485539,202.285308976795,0.687264555295751,100.0,832.0,295718.0,0.717937192404294,,41.8955
Italy,2011,30.7111775407652,22.7243522545127,1.84910093882918,38432.3742820019,202.986767799052,0.617189372806765,100.0,832.0,295718.0,0.731385447940472,,41.8955
Italy,2012,30.8931346756031,24.0702290695866,1.90886941227517,34854.3949441965,203.542723134878,0.797524630948807,100.0,832.0,295718.0,0.730069557587233,,41.8955
Italy,2013,31.075091810441,23.0861834585653,2.05779366637333,35701.6746002376,203.949752805037,0.991441534324826,100.0,832.0,295718.0,0.715549009620604,,41.8955
Italy,2014,31.2570489452789,22.7514050548157,1.90848213125891,36028.3494022349,203.980505075782,0.408726542292715,100.0,832.0,295718.0,0.686464851674518,,41.8955
Italy,2015,31.4390060801169,22.3219418500058,1.99152552817849,30639.8829751432,203.672434549131,-0.109135645094824,100.0,832.0,295718.0,0.706718706847291,,41.8955
Italy,2016,31.6209699781549,22.6465754536416,1.84915248302101,31391.5692898108,203.285640373599,-0.208876964050744,100.0,832.0,295718.0,0.721962457511206,,41.8955
Italy,2017,31.8029338761929,22.779370887129,1.89343264776643,32844.115660604,202.903617635721,-0.301452905692446,100.0,832.0,295718.0,0.692311648669093,,41.8955
Italy,2018,31.9848977742309,22.7344970546264,1.85755612561626,34904.1081923834,203.398704170865,0.188918624266272,100.0,832.0,295718.0,0.700482676463096,,41.8955
Italy,2019,32.1669704480973,23.3810805601301,1.81866879873849,33812.788724868,201.980545589195,-0.664041140382544,100.0,832.0,295717.0,0.678723548339977,,41.8955
Italy,2020,32.3489349614665,24.3456209822229,1.9280162015612,32091.4866621366,200.999100491348,-0.467315458844802,100.0,832.0,295717.0,0.717790382936775,,41.8955
Italy,2021,32.5308994748357,24.3232955832773,1.83339290794707,36852.5425414951,199.965416259464,-0.569555707316573,100.0,832.0,295717.0,0.786089675110834,,41.8955
Italy,2022,32.7125321249831,23.9567056675233,1.89037175125669,35653.9042103495,199.559268903016,-0.198376240638907,100.0,832.0,295720.0,0.731626411330078,,41.8955
Jamaica,2000,48.1071098799631,12.927054478301,6.23190015732816,3453.09252800226,240.79649122807,1.12742951462302,51.5,2051.0,10830.0,0.164954840311182,55.7033866678798,17.9927
Jamaica,2001,48.4529085872576,12.927054478301,6.12073592592505,3503.55026688858,242.327146814404,1.05354192450869,54.5,2051.0,10830.0,0.117472869502494,62.5560766521547,17.9927
Jamaica,2002,48.7987072945522,12.4653739612188,5.5443040664747,3680.64551727724,243.820129270545,1.02266128316609,57.8,2051.0,10830.0,0.157624033957337,61.4609641126005,17.9927
Jamaica,2003,49.1445060018467,12.4653739612188,5.2138620043709,3549.70758394618,245.302216066482,1.00749184767797,60.1,2051.0,10830.0,0.147551134052826,64.5708326458118,17.9927
Jamaica,2004,49.4903047091413,12.280701754386,4.98216525525125,3807.56293124552,246.742843951985,0.980642348527001,62.85,2051.0,10830.0,0.132767378924977,67.939029884059,17.9927
Jamaica,2005,49.8361034164358,11.8190212373038,5.18624085360629,4184.43974867497,248.113204062789,0.942630787252552,64.9,2051.0,10830.0,0.125664101456353,62.3663382293379,17.9927
Jamaica,2006,50.1819021237304,11.8190212373038,5.15582607453948,4417.00127135363,249.396860572484,0.898537559281986,67.2,2051.0,10830.0,0.0999350296277322,71.4504772989188,17.9927
Jamaica,2007,50.5277008310249,11.5420129270545,4.61760640988582,4716.48612542727,250.581717451524,0.850140191807753,69.3,2051.0,10830.0,0.0679166358863158,86.7026309227411,17.9927
Jamaica,2008,50.8734995383195,11.0803324099723,4.89912215623133,5029.80095281745,251.674515235457,0.80503233865858,71.4,2051.0,10830.0,0.0672874559983019,79.3767088431006,17.9927
Jamaica,2009,51.219298245614,11.0803324099723,5.47226787895058,4428.38153333557,252.723453370268,0.77950531407727,73.3,2051.0,10830.0,0.158630195450234,97.0695941454396,17.9927
Jamaica,2010,51.5650969529086,11.0803324099723,5.26899732039303,4809.977380312,253.792059095106,0.779296994839887,74.7,2051.0,10830.0,0.247463788372948,111.477878300425,17.9927
Jamaica,2011,51.9161588180979,11.0803324099723,5.64728677796925,5232.63644918132,254.893259464451,0.809934991959458,76.8,2051.0,10830.0,0.14781493335732,102.594960387927,17.9927
Jamaica,2012,52.2672206832872,11.0803324099723,5.77144048591992,5340.83333232158,255.995383194829,0.969924285260541,78.4,2051.0,10830.0,0.127860187710535,97.533634321443,17.9927
Jamaica,2013,52.6182825484765,11.0803324099723,5.97047963265033,5124.21301411137,257.034810710988,0.958367978023587,79.7,2051.0,10830.0,0.220586874697506,92.5263767855286,17.9927
Jamaica,2014,52.9693444136657,11.0803324099723,5.97248983885497,4975.11325459872,257.963896583564,0.940659191960653,81.1,2051.0,10830.0,0.116644022157372,103.505518206473,17.9927
Jamaica,2015,53.320406278855,11.0803324099723,5.85612196392822,5339.30718256806,258.775069252078,0.919935158425351,82.4,2051.0,10830.0,0.224951184359711,102.233103966178,17.9927
Jamaica,2016,53.6786703601108,11.0803324099723,6.09832325620201,5302.29553353854,259.456602031394,0.894637406138107,83.7,2051.0,10830.0,0.289618575608691,103.886277698998,17.9927
Jamaica,2017,54.0378578024007,11.0803324099723,5.91066469479472,5605.43541173019,259.996675900277,0.864603922430534,84.7,2051.0,10830.0,0.247130234914349,101.365415520473,17.9927
Jamaica,2018,54.3970452446907,11.0803324099723,5.90087317528371,5976.90362644337,260.39676823638,0.834960795985995,85.9,2051.0,10830.0,0.0981453182764088,115.828374040562,17.9927
Jamaica,2019,54.7553093259464,11.0803324099723,6.30529102020964,6030.68896415921,260.689843028624,0.817614341444202,86.7,2051.0,10830.0,0.118060888867477,93.9919706948192,17.9927
Jamaica,2020,55.1144967682364,11.0803324099723,7.72056947491963,5299.04530804283,261.379409048938,0.992697411187573,87.6,2051.0,10830.0,0.0815519920779904,108.469244687444,17.9927
Jamaica,2021,55.4730655586334,11.0803324099723,7.38278062941281,5625.67806271236,262.020498614958,0.996352886068549,88.3,2051.0,10830.0,0.116055215773218,112.623465618435,17.9927
Jamaica,2022,55.8320498614958,11.0803324099723,6.79979684725228,6626.47502388538,262.155493998153,0.825206957979234,88.9,2051.0,10830.0,0.134458395601923,94.4321571697853,17.9927
Japan,2000,68.2469135802469,12.2743484224966,1.5178803390325,39169.3595701504,347.991769547325,0.376542354739579,100.0,1668.0,364500.0,0.464236345674983,,35.67
Japan,2001,68.2716049382716,12.1920438957476,1.36750619152798,34406.1824638092,348.831275720165,0.931918478452632,100.0,1668.0,364500.0,0.519794728636761,,35.67
Japan,2002,68.2962962962963,12.1234567901235,1.37649059914159,32820.7936433254,349.643347050754,1.97232884702429,100.0,1668.0,364500.0,0.541813552075378,,35.67
Japan,2003,68.320987654321,12.0631001371742,1.29902822421038,35387.0374203599,350.39231824417,2.51354683345906,100.0,1668.0,364500.0,0.517111060294325,,35.67
Japan,2004,68.3456790123457,12.0137174211248,1.23095748420526,38298.9801712303,350.510288065844,2.37246627402787,100.0,1668.0,364500.0,0.491787970719247,,35.67
Japan,2005,68.3703703703704,11.9615912208505,1.11162940578642,37812.8950199948,350.543209876543,1.87209150498162,100.0,1668.0,364500.0,0.51402043208769,,35.67
Japan,2006,68.3950617283951,11.9149519890261,1.08249674589504,35991.546002862,350.765432098765,1.43682612379883,100.0,1668.0,364500.0,0.515616629294894,,35.67
Japan,2007,68.4197530864198,11.8683127572016,1.05336413232639,35779.0245416427,351.168724279835,1.39650678187449,100.0,1668.0,364500.0,0.55187554406353,,35.67
Japan,2008,68.4444444444444,11.8189300411523,1.05410176653648,39876.3039685725,351.338820301783,1.19960155669653,100.0,1668.0,364500.0,0.559375282476495,,35.67
Japan,2009,68.4691358024691,11.7805212620027,1.08231650645818,41308.9968370512,351.294924554184,0.902712614152807,100.0,1668.0,364500.0,0.670624090591825,,35.67
Japan,2010,68.4938271604938,11.7475994513032,1.10828108130349,44968.1562349739,351.358024691358,0.58203689705777,100.0,1668.0,364500.0,0.703051811668411,,35.67
Japan,2011,68.481755829904,11.6707818930041,1.08027176258707,48760.0789494211,350.707818930041,0.0795947552549695,100.0,1668.0,364500.0,0.766584578438706,,35.67
Japan,2012,68.4696844993141,11.6488340192044,1.12285396244805,49145.2804308193,350.148148148148,0.0199174141186887,100.0,1668.0,364500.0,0.789161246256635,,35.67
Japan,2013,68.4576131687243,11.6268861454047,1.06671782970179,40898.6478964744,349.643347050754,-0.00689837779075644,100.0,1668.0,364500.0,0.864252610632454,,35.67
Japan,2014,68.4455418381344,11.5829903978052,0.996605700341743,38475.3952461838,349.179698216735,-0.019502069015407,100.0,1668.0,364500.0,0.852696457277467,,35.67
Japan,2015,68.4334705075446,11.5363511659808,1.03412007048647,34960.6393843385,348.809327846365,0.00161347929189155,100.0,1668.0,364500.0,0.839925288691497,,35.67
Japan,2016,68.4224965706447,11.4787379972565,1.12498130848332,39375.4731620781,348.631001371742,0.0592097666767839,100.0,1668.0,364500.0,0.738581469977703,,35.67
Japan,2017,68.4087791495199,11.4156378600823,1.12844054943922,38834.0529341227,348.345679012346,0.0227308990769753,100.0,1668.0,364500.0,0.728108870436085,,35.67
Japan,2018,68.4087791495199,11.363511659808,1.044248235947,39751.1330982711,347.903978052126,-0.0309237210224829,100.0,1668.0,364500.0,0.682767992794068,,35.67
Japan,2019,68.4087791495199,11.3141289437586,1.03894744464527,40415.9567649547,347.415637860082,-0.054632242147625,100.0,1668.0,364500.0,0.628891435171874,,35.67
Japan,2020,68.4087791495199,11.2592592592593,1.06638425931073,40028.7341726762,346.395061728395,-0.223815566100041,100.0,1668.0,364500.0,0.618918300269541,,35.67
Japan,2021,68.4087791495199,11.2098765432099,1.01041770067097,40094.5599795288,344.80546776406,-0.358552905629428,100.0,1668.0,364500.0,0.62960026710691,,35.67
Japan,2022,68.4087791495199,11.1550068587106,0.921881300110971,34065.6438962526,343.278433470508,-0.331208528628743,100.0,1668.0,364500.0,0.59826864448917,,35.67
Jordan,2000,1.10494106980961,2.1532184950136,2.01543667794689,1570.61002940477,61.0487873980054,2.07862084832877,99.1,111.0,88240.0,0.297189544864987,129.218123009942,31.9497
Jordan,2001,1.10494106980961,2.17588395285585,1.9532661816239,1632.29454010563,62.3174750679964,2.06377538561123,99.2,111.0,88240.0,0.233745904659544,130.076903135917,31.9497
Jordan,2002,1.10494106980961,2.20988213961922,2.19163968207242,1706.26744384401,63.6453535811423,2.11746728253682,99.2,111.0,88240.0,0.149926117348406,134.858416337977,31.9497
Jordan,2003,1.10494106980961,2.00589301903898,2.46655691894808,1775.67625581432,65.0705802357208,2.22693736368696,99.3,111.0,88240.0,0.242147328925385,120.987761153873,31.9497
Jordan,2004,1.10494106980961,2.36854034451496,2.49786797513256,1940.08641342805,66.6598028105168,2.42776007676465,99.3,111.0,88240.0,0.214462606039491,110.353717573538,31.9497
Jordan,2005,1.10494106980961,2.09655485040798,2.75835798153626,2087.87079273635,68.3316749773345,2.59655232569389,99.4,111.0,88240.0,1.1026831078627,98.7666113352152,31.9497
Jordan,2006,1.10494106980961,2.1532184950136,2.58350975139105,2342.63459574933,72.839653218495,6.82580301477624,99.4,111.0,88240.0,0.283381633265976,89.3343301813528,31.9497
Jordan,2007,1.10494106980961,1.58998186763373,2.53146818560253,2506.20599484139,77.3711128739801,6.76933490086871,99.4,111.0,88240.0,0.264518252734017,84.0345273140491,31.9497
Jordan,2008,1.10494106980961,1.69424297370807,2.87730028271515,3241.6524135556,79.2142565729828,3.34919365845962,99.4,111.0,88240.0,0.241977659574004,59.8991464158498,31.9497
Jordan,2009,1.09822031989187,2.26177066906961,3.23670988202659,3435.8337590698,80.4432642487047,3.36857839272215,99.5,111.0,88780.0,0.191287822943788,57.2775695624817,31.9497
Jordan,2010,1.09822031989187,2.00045055192611,3.57519109394284,3718.46571622945,82.1924194638432,3.55692721995565,99.5,111.0,88780.0,0.212949056917579,62.7590806656665,31.9497
Jordan,2011,1.09822031989187,1.97792295562064,3.50500327354367,3946.85503855525,84.2579860328903,4.0385371769017,99.5,111.0,88780.0,0.199251365870138,59.7339174529003,31.9497
Jordan,2012,1.09822031989187,2.44424419914395,3.30511928769937,4169.50470054618,85.4598670871818,3.08840802370942,99.5,111.0,88780.0,0.161564657143378,58.5598260044692,31.9497
Jordan,2013,1.09822031989187,2.60193737328227,3.58301864444177,4311.21916713038,90.0181234512278,6.95055671521001,99.5,111.0,88780.0,0.204801817635539,67.4266385860852,31.9497
Jordan,2014,1.09822031989187,2.67515206127506,3.96844457372356,4191.18050084986,99.0280468574003,11.3437968145141,99.5,111.0,88780.0,0.278647255383787,66.2217873926144,31.9497
Jordan,2015,1.09822031989187,2.56701959900879,4.39226865861151,4042.75678097555,107.509900878576,10.2986645473491,99.5,111.0,88780.0,0.29423365130875,67.0927641139484,31.9497
Jordan,2016,1.09822031989187,2.6724487497184,4.50634129998352,3986.71677010853,112.70969813021,5.4709305224457,99.4,111.0,88780.0,0.372978244360976,68.4833967118955,31.9497
Jordan,2017,1.09822031989187,2.10633025456184,4.44200042789941,4065.61628749384,115.276255913494,2.59742272756411,99.4,111.0,88780.0,0.433990991492332,72.5857469158017,31.9497
Jordan,2018,1.09822031989187,2.26402342870016,4.38084392944674,4145.43989673265,117.84530299617,2.56049663015575,99.4,111.0,88780.0,0.327925972874149,73.9512312696322,31.9497
Jordan,2019,1.09804716534901,2.41908237043043,4.37193790468563,4170.1144003465,120.187073450909,2.32831806097301,99.4,111.0,88794.0,0.30008729429896,75.2477556467505,31.9497
Jordan,2020,1.09804716534901,2.31997657499381,4.64657447164546,4022.0401356135,122.364439038674,2.12892347760868,99.3,111.0,88794.0,0.346285765806284,87.2903094132487,31.9497
Jordan,2021,1.09804716534901,2.24339482397459,4.78675277704391,4183.49998326866,124.629547041467,2.15636569651185,99.3,111.0,88794.0,0.447424747859686,90.649566277089,31.9497
Jordan,2022,1.09804716534901,2.28187940626619,4.81784457116001,4332.25159897931,126.768283893056,2.0124459019715,99.2,111.0,88794.0,0.387133844337747,85.3105835968273,31.9497
Kazakhstan,2000,1.16936170685632,11.1713523724858,8.11078388505165,1180.0444563226,5.74178723561877,-0.0397648697241576,68.1,250.0,2699700.0,0.988497749293145,75.148132695024,51.1879
Kazakhstan,2001,1.16659302885506,10.8751713153313,8.72483186377084,1422.27331810957,5.76936326258473,0.0451631074483196,70.3,250.0,2699700.0,1.37710079460819,72.8453466170761,51.1879
Kazakhstan,2002,1.16382431381265,10.4996481090492,7.99590909279888,1573.55219932325,5.79941363855243,0.0220963574708561,72.0,250.0,2699700.0,1.41241291453841,77.9528010154769,51.1879
Kazakhstan,2003,1.16105563581139,10.4987961625366,7.86220602699238,1958.02050246511,5.83301107530466,0.0482497565810653,73.5,250.0,2699700.0,1.29809069741811,79.4635418241711,51.1879
Kazakhstan,2004,1.15828695781013,10.5488758010149,7.12295798751998,2722.47407755402,5.87108160165944,0.121303808230208,75.5,250.0,2699700.0,1.00372856262981,82.1972455699714,51.1879
Kazakhstan,2005,1.15551827980887,10.5798051635367,6.36952301555866,3577.35804001782,5.91477460458569,0.245123696501612,76.7,250.0,2699700.0,0.747393873073656,85.0559410630998,51.1879
Kazakhstan,2006,1.15274956476646,10.5996962625477,5.49583486199441,5030.13494711519,5.9650020372634,0.415646666383385,78.3,250.0,2699700.0,0.640296341631034,103.886110915605,51.1879
Kazakhstan,2007,1.1499808867652,10.6090306330333,5.66029151907027,6449.43931096532,6.02185946586658,0.61896695103094,79.4,250.0,2699700.0,0.578433736586962,104.718369407138,51.1879
Kazakhstan,2008,1.14721220876394,10.5640626736304,5.31580324655219,8123.54705891736,6.08457421194948,0.840719150652481,80.6,250.0,2699700.0,0.286408089639806,93.5758909579848,51.1879
Kazakhstan,2009,1.14444349372152,10.6005111679075,6.14688498650048,6938.01175663001,6.15618253880061,1.14772971106632,81.95,250.0,2699700.0,0.230306746072152,106.657658372815,51.1879
Kazakhstan,2010,1.14167481572027,10.6248101640923,4.51052752955614,8793.07589980782,6.23654850538949,1.46076312441649,83.0,250.0,2699700.0,0.185182392212428,92.6005686097178,51.1879
Kazakhstan,2011,1.15843793754862,10.8088306108086,4.9889741557576,11287.1464926039,6.32144386413305,1.70969330717635,84.0,250.0,2699700.0,0.110297708673746,75.4058752094542,51.1879
Kazakhstan,2012,1.17520102233582,10.8650961217913,4.28833015629833,12018.7966527993,6.4103811534615,1.93331414175105,85.3,250.0,2699700.0,0.129992656363968,75.5060611702048,51.1879
Kazakhstan,2013,1.19196410712301,10.8881357187836,4.50354556962711,13478.459627612,6.50313071822795,2.13959303180001,86.0,250.0,2699700.0,0.246468008995034,71.8109289830663,51.1879
Kazakhstan,2014,1.20872722895136,10.9161017890877,4.32955246164473,12427.7094576939,6.5993573360003,2.32659650306526,86.6,250.0,2699700.0,0.152495758244169,80.6316289334986,51.1879
Kazakhstan,2015,1.22549031373856,10.964588657999,4.71054741881579,10196.1226255982,6.69858465755454,2.49215210825037,87.4,250.0,2699700.0,0.180083537346669,90.3781219318061,51.1879
Kazakhstan,2016,1.23632625847316,10.9798125717672,4.55600427070659,7475.56688689424,6.80208912101345,2.66224799496263,88.0,250.0,2699700.0,0.297436473369197,134.847682725523,51.1879
Kazakhstan,2017,1.24716079564396,10.9852946623699,4.51698454026741,8943.08416791984,6.90889024706449,2.8030905478964,88.6,250.0,2699700.0,0.31488176189854,109.692413392467,51.1879
Kazakhstan,2018,1.25799207319332,11.0190021113457,4.39585810287636,9472.48527327758,7.01290032225803,2.84287326267534,89.2,250.0,2699700.0,0.260073795331556,102.472812128434,51.1879
Kazakhstan,2019,1.26882246175501,10.8820609697374,4.46633595812751,9457.12614657136,7.11544060451161,2.89113413798135,89.5,250.0,2699700.0,0.278991201260961,107.373342903391,51.1879
Kazakhstan,2020,1.27965329481053,10.9468459458458,5.3912826934481,8781.50797787648,7.21640071119013,2.92716065006808,89.7,250.0,2699700.0,0.251148798257826,110.819683629583,51.1879
Kazakhstan,2021,1.29048383153684,10.9899988887654,5.03000193996331,9983.60103576902,7.31325813979331,3.05723949739748,90.0,250.0,2699700.0,0.297550372591393,100.270147736422,51.1879
Kazakhstan,2022,1.3013145534689,10.9899988887654,5.24714480730074,11255.3396437881,7.42105011667963,2.13907622947007,90.3,250.0,2699700.0,0.170453065969925,84.7932235856559,51.1879
Kenya,2000,6.95995712829884,8.59366763889377,28.7217806412905,414.626365130846,53.8406894612925,5.22969394374177,0.5,692.0,569140.0,8.59701585605988,48.8816816711472,1.27975
Kenya,2001,6.89936570966722,9.01008539199494,27.8492601112896,410.700452474814,55.55604947816,8.08126107405697,0.6,630.0,569140.0,12.8747653970057,42.8030792314832,1.27975
Kenya,2002,6.8387742910356,8.94507502547703,25.8539676039456,402.936385605382,57.3317777699687,9.84861673180671,0.7,630.0,569140.0,10.6975040081281,46.7971661071858,1.27975
Kenya,2003,6.77818287240398,9.04171205678743,25.8044393708329,442.898457253405,59.1281986857364,10.5971298300691,0.7,630.0,569140.0,10.7904518449298,45.5616989858586,1.27975
Kenya,2004,6.71759145377236,9.23850019327406,24.9290410875057,463.662781300121,60.992822504129,10.6662617840932,0.8,630.0,569140.0,15.837796865344,43.3540299808694,1.27975
Kenya,2005,6.65700003514074,9.24904241487156,24.2362747002419,523.456312433863,62.8957444565485,10.1131082131285,0.9,630.0,569140.0,9.99226666741733,34.7059410831863,1.27975
Kenya,2006,6.59640861650912,9.32986611378571,20.5196878049409,699.80237063381,64.8417050286397,9.14439701229176,1.0,630.0,569140.0,11.982478896263,26.0902560577936,1.27975
Kenya,2007,6.5358171978775,9.31229574445655,20.5866644602991,840.201439476765,66.8312699862951,7.8458556237938,1.2,630.0,569140.0,11.9198299152995,23.8155904871498,1.27975
Kenya,2008,6.47522577924588,9.31229574445655,22.1963401579826,915.54435473604,68.8870067118811,6.28889550218273,1.3,630.0,569140.0,13.8812205009255,21.4473704486947,1.27975
Kenya,2009,6.41463436061426,9.66370313103982,16.2549814662286,1047.9678324485,70.9999139051903,4.40310193825008,1.4,630.0,569140.0,13.0963423927415,23.2191740274624,1.27975
Kenya,2010,6.35404294198264,9.75751010296236,17.5677598863696,1091.51873101194,73.0902185753945,2.93617401354433,1.6,630.0,569140.0,10.6947689077661,22.2953111640431,1.27975
Kenya,2011,6.32103524616087,10.6727525740591,18.8947112249953,1096.14499807675,75.1281951716625,2.73779688271802,1.9,630.0,569140.0,,23.9314455090232,1.27975
Kenya,2012,6.28802755033911,11.2297422426819,18.8297259329446,1285.00536171512,77.1133692940226,2.5717228924631,2.1,630.0,569140.0,,23.5760157767792,1.27975
Kenya,2013,6.25501985451734,11.313002424711,18.6165515854622,1370.87885214659,79.043453280388,2.39872663926224,2.5,630.0,569140.0,11.9809745102473,25.277644789086,1.27975
Kenya,2014,6.22201215869558,11.2280256175985,18.3478393393556,1482.81566253497,80.9140808939804,2.21549991077264,2.9,630.0,569140.0,,27.916456980179,1.27975
Kenya,2015,6.16780662377195,11.1356359407494,19.4696147780528,1489.11959777284,82.4529008736797,2.04018104498774,3.3,630.0,571096.05,10.3502011484381,31.3058278228131,1.27975
Kenya,2016,6.19833694004437,11.3273218962115,20.0345164328349,1554.12610314423,84.0057771361452,1.94412145361079,3.9,630.0,573052.1,11.7379906746811,28.5315668521598,1.27975
Kenya,2017,6.22865954160824,10.6862650555475,20.8936374065292,1667.48447230835,85.5601194522199,1.81999315235204,4.5,630.0,575008.15,13.7811046565797,33.4901470475528,1.27975
Kenya,2018,6.25877654107482,11.4004605485054,20.314910419968,1836.45275528993,87.019449386981,1.57205418501422,5.3,630.0,576964.2,13.3078078950813,34.6140434138868,1.27975
Kenya,2019,6.23762944896123,11.4560838042891,20.8611638110686,1960.40808854893,88.4453894988127,1.31045798383375,6.2,630.0,578920.25,12.4877801838511,35.4042862038635,1.27975
Kenya,2020,6.21662477880402,11.4175064467254,22.7027261604451,1927.66459027849,89.8940686683206,2.01580298696557,7.3,630.0,580876.3,11.8211133524707,38.0454096339675,1.27975
Kenya,2021,6.21662477880402,11.4175064467254,21.4770750957252,2061.35622089594,91.6187594501618,2.16149826618772,8.5,630.0,580876.3,14.7598745177044,38.1042168095825,1.27975
Kenya,2022,6.21662477880402,11.4175064467254,21.0361920649933,2109.56288513137,93.3976149483117,2.37850108910584,9.8,630.0,580876.3,11.8660371916893,36.8769031537885,1.27975
Kiribati,2000,1.45679012345679,2.46913580246914,21.4337341676135,845.367240231973,109.398765432099,4.09913061386927,0.2,,810.0,,,1.32905
Kiribati,2001,1.45679012345679,2.46913580246914,22.5615935079926,718.833787096781,111.524691358025,2.27124479216656,0.2,,810.0,,,1.32905
Kiribati,2002,1.45679012345679,2.46913580246914,21.519823385608,810.10870037444,113.906172839506,2.15852932172346,0.2,,810.0,,,1.32905
Kiribati,2003,1.45679012345679,2.46913580246914,22.0411836905323,1020.50033851394,116.265432098765,2.0787590932891,0.3,,810.0,,,1.32905
Kiribati,2004,1.45679012345679,2.46913580246914,22.6130628192732,1083.2688987175,118.623456790123,2.0388164543318,0.3,,810.0,,,1.32905
Kiribati,2005,1.45679012345679,2.46913580246914,19.9785633659329,1161.78341739977,121.030864197531,2.0566581805398,0.3,,810.0,1.56184847187357,,1.32905
Kiribati,2006,1.45679012345679,2.46913580246914,21.629619313767,1123.19258990684,123.477777777778,2.43674631344751,0.4,,810.0,,,1.32905
Kiribati,2007,1.45679012345679,2.46913580246914,22.6952247259956,1352.57814048911,126.00987654321,4.03701527084202,0.4,,810.0,0.293172967910485,,1.32905
Kiribati,2008,1.45679012345679,2.46913580246914,24.6515028674001,1410.62246914058,128.669135802469,5.01442944731461,0.5,,810.0,1.8216103128811,,1.32905
Kiribati,2009,1.45679012345679,2.46913580246914,26.6757157326737,1316.62753853678,131.440740740741,5.14258922034307,0.5,,810.0,4.4769353315452,,1.32905
Kiribati,2010,1.45679012345679,2.46913580246914,24.6569946903248,1522.10068744154,134.202469135802,4.39488327568974,0.6,,810.0,1.32623242696451,,1.32905
Kiribati,2011,1.45679012345679,2.46913580246914,25.7140622476367,1771.12926848792,136.601234567901,3.13018987537097,0.7,,810.0,5.19486365249388,,1.32905
Kiribati,2012,1.45679012345679,2.46913580246914,25.2322476766993,1843.55336349889,138.622222222222,2.39415923594516,0.8,,810.0,,,1.32905
Kiribati,2013,1.45679012345679,2.46913580246914,23.6658767644122,1772.08718317132,140.540740740741,2.15551245247598,0.8,,810.0,3.06884714821173,,1.32905
Kiribati,2014,1.45679012345679,2.46913580246914,25.2959324632137,1736.70535682101,142.377777777778,2.14100719659841,0.9,,810.0,2.27513277514223,,1.32905
Kiribati,2015,1.45679012345679,2.46913580246914,22.9196558548307,1639.85274740652,144.216049382716,2.39393934246741,1.0,,810.0,0.000689399601886717,,1.32905
Kiribati,2016,1.45679012345679,2.46913580246914,27.0676830423644,1742.66799324117,146.269135802469,3.00372576518282,1.1,,810.0,2.2751398447601,,1.32905
Kiribati,2017,1.45679012345679,2.46913580246914,31.0321353962347,1853.05122713319,148.487654320988,3.80210688871009,1.3,,810.0,0.590710491648769,,1.32905
Kiribati,2018,1.45679012345679,2.46913580246914,26.8094183340618,1912.73809378187,150.720987654321,4.33388359166228,1.4,,810.0,0.111394065147999,,1.32905
Kiribati,2019,1.45679012345679,2.46913580246914,26.9783472046262,1750.9977188915,152.988888888889,4.71599291147514,1.6,,810.0,,,1.32905
Kiribati,2020,1.45679012345679,2.46913580246914,26.9646503707969,1751.78249168214,155.677777777778,5.45160988387252,1.7,,810.0,3.23589339241356e-05,,1.32905
Kiribati,2021,1.45679012345679,2.46913580246914,24.7156302819661,2222.04819501897,158.49012345679,3.86555646248358,1.8,,810.0,0.00169231692628313,,1.32905
Kiribati,2022,1.45679012345679,2.46913580246914,27.4729810409509,2069.7671726925,161.072839506173,3.1752780072185,1.9,,810.0,,,1.32905
"Korea, Dem. People's Rep.",2000,53.6059297400548,19.1014035379121,,,196.544390000831,0.81698477767718,0.9,1054.0,120410.0,,,39.0319
"Korea, Dem. People's Rep.",2001,53.4296154804418,19.1014035379121,,,197.785549372976,0.731484939252325,0.9,1054.0,120410.0,,,39.0319
"Korea, Dem. People's Rep.",2002,53.2533012208288,19.1014035379121,,,198.853691553858,0.6422267826447,0.9,1054.0,120410.0,,,39.0319
"Korea, Dem. People's Rep.",2003,53.0769869612158,19.1014035379121,,,200.069595548542,0.717801427420316,0.9,1054.0,120410.0,,,39.0319
"Korea, Dem. People's Rep.",2004,52.9006727016029,19.1014035379121,,,201.436284361764,0.796455827237897,1.0,1054.0,120410.0,,,39.0319
"Korea, Dem. People's Rep.",2005,52.7243584419899,19.5166514409102,,,202.611352877668,0.707676266536555,1.0,1054.0,120410.0,,,39.0319
"Korea, Dem. People's Rep.",2006,52.5480441823769,19.5166514409102,,,203.67500207624,0.662844813534971,1.0,1054.0,120410.0,,,39.0319
"Korea, Dem. People's Rep.",2007,52.3717299227639,19.5166514409102,,,204.687177144755,0.651039521815917,1.0,1054.0,120410.0,,,39.0319
"Korea, Dem. People's Rep.",2008,52.1954156631509,19.9318993439083,,,205.669113860975,0.652243416793906,1.0,1054.0,120410.0,,,39.0319
"Korea, Dem. People's Rep.",2009,52.0191014035379,19.9318993439083,,,206.613503861805,0.663433479489914,0.9,1054.0,120410.0,,,39.0319
"Korea, Dem. People's Rep.",2010,51.8427871439249,19.9318993439083,,,207.518129723445,0.690182596294114,0.9,1054.0,120410.0,,,39.0319
"Korea, Dem. People's Rep.",2011,51.6664728843119,19.5166514409102,,,208.436790964206,0.734145706258785,0.9,1054.0,120410.0,,,39.0319
"Korea, Dem. People's Rep.",2012,51.4901586246989,19.5166514409102,,,209.382343659165,0.773654320378445,0.9,1054.0,120410.0,,,39.0319
"Korea, Dem. People's Rep.",2013,51.313844365086,19.5166514409102,,,210.360028236857,0.805091331672714,0.9,1054.0,120410.0,,,39.0319
"Korea, Dem. People's Rep.",2014,51.137530105473,19.3920770700108,,,211.371663483099,0.823726838720067,0.9,1054.0,120410.0,,,39.0319
"Korea, Dem. People's Rep.",2015,50.96121584586,19.2675026991114,,,212.402209118844,0.863207540171376,0.9,1054.0,120410.0,,,39.0319
"Korea, Dem. People's Rep.",2016,50.7848185366664,19.1844531185118,,,213.423519641226,0.875768916237254,0.9,1054.0,120410.0,,,39.0319
"Korea, Dem. People's Rep.",2017,50.6104144174072,19.0598787476123,,,214.414990449298,0.872714528458982,0.9,1054.0,120410.0,,,39.0319
"Korea, Dem. People's Rep.",2018,50.436010298148,19.0598787476123,,,215.357088281704,0.861331542128017,0.9,1054.0,120410.0,,,39.0319
"Korea, Dem. People's Rep.",2019,50.2533012208288,19.0598787476123,,,216.241441740719,0.846350987641693,0.9,1054.0,120410.0,,,39.0319
"Korea, Dem. People's Rep.",2020,50.0788971015696,19.0598787476123,,,217.060975002076,0.828375411250846,0.8,1054.0,120410.0,,,39.0319
"Korea, Dem. People's Rep.",2021,49.9044929823104,19.0598787476123,,,217.860094676522,0.83106901001091,0.9,1054.0,120410.0,,,39.0319
"Korea, Dem. People's Rep.",2022,49.7300888630512,19.0598787476123,,,218.659953492235,0.84347365037166,0.8,1054.0,120410.0,,,39.0319
"Korea, Rep.",2000,67.1366369479577,17.8104913953971,3.70634774761496,12710.2995795579,487.332687124197,1.11001832818929,100.0,1274.0,96460.0,0.948082696858607,,37.5323
"Korea, Rep.",2001,66.8503204465578,17.4591689063469,3.42658775190792,11981.4828218758,489.664709530701,1.14202410367106,100.0,1274.0,96740.0,0.946725325611704,,37.5323
"Korea, Rep.",2002,66.7238351069325,17.2951751213968,3.08041288429997,13642.9424537101,492.248538072115,1.07479789070658,100.0,1274.0,96790.0,0.863311812508365,,37.5323
"Korea, Rep.",2003,66.625,17.1384297520661,2.84536325210175,15211.5483770422,494.755475206612,1.05398304353988,100.0,1274.0,96800.0,0.850077188355431,,37.5323
"Korea, Rep.",2004,66.5193141912828,17.0729188184259,2.83577440437347,17121.6301633201,496.617630654823,0.886521077347378,100.0,1274.0,96820.0,0.781400882426811,,37.5323
"Korea, Rep.",2005,66.4068146618482,16.9643779039752,2.50593990708172,20167.0474902506,497.517408363449,0.563699960328383,100.0,1274.0,96850.0,0.800249395675054,,37.5323
"Korea, Rep.",2006,66.2943848059455,16.7113955408753,2.3878051747446,22609.7059431449,499.982369942197,0.741610331668844,100.0,1274.0,96880.0,0.725481220458401,,37.5323
"Korea, Rep.",2007,66.1751960379695,16.4775072224515,2.17912737068276,25078.4853957105,502.307449442839,0.683659005774206,100.0,1274.0,96920.0,0.801047201598768,,37.5323
"Korea, Rep.",2008,66.0356737808021,16.1356840911434,2.04179163138255,22252.3125108061,505.770780492834,0.909678447369265,100.0,1274.0,96990.0,0.876282514112082,,37.5323
"Korea, Rep.",2009,65.8963527714816,15.8252627240882,2.13804528061097,19937.3029137734,508.013960436843,0.623894790622177,100.0,1274.0,97060.0,0.839773688285135,,37.5323
"Korea, Rep.",2010,65.7098765432099,15.5041152263374,2.0444228836758,24071.2620526362,509.815967078189,0.551921053997371,100.0,1274.0,97200.0,0.934012136519661,,37.5323
"Korea, Rep.",2011,65.6137462701924,15.3102171005247,2.10765665250747,26175.2398553363,513.804280275749,0.760472360007677,100.0,1274.0,97190.0,1.1778444311626,,37.5323
"Korea, Rep.",2012,65.4300688521221,15.6427910800534,2.08215187594443,26600.5477433903,515.875583187751,0.461331912487395,100.0,1274.0,97310.0,1.13707224861509,,37.5323
"Korea, Rep.",2013,65.2495227146758,15.3531911399421,1.99508166521127,28449.3591104972,517.612269825303,0.355238392479359,100.0,1274.0,97426.0,1.00114250517756,,37.5323
"Korea, Rep.",2014,65.1442060966848,15.1493379862465,1.95176665660859,30667.0912467447,520.852499230217,0.511530789177755,100.0,1274.0,97430.0,0.928140147632126,,37.5323
"Korea, Rep.",2015,65.0315562625071,15.0289907127097,1.89858430952633,30171.7906545222,523.525547744882,0.414564878860474,100.0,1274.0,97445.0,0.834496545424074,,37.5323
"Korea, Rep.",2016,64.8791145667716,14.5760034465427,1.73945648142804,30832.0628072516,525.370072521002,0.294442177400004,100.0,1274.0,97489.0,0.856372829383559,,37.5323
"Korea, Rep.",2017,64.783099169316,14.323659111886,1.71494254133381,33296.9845439195,526.734806686494,0.176819783376,100.0,1274.0,97510.0,0.928673476279871,,37.5323
"Korea, Rep.",2018,64.6739130434783,14.0894175553733,1.59932774432361,35363.9508228687,528.969011484824,0.324614738582841,100.0,1274.0,97520.0,0.948202984127844,,37.5323
"Korea, Rep.",2019,64.5184426229508,13.9754098360656,1.50689433955588,33826.9443301597,530.377274590164,0.23446131824481,100.0,1274.0,97600.0,0.928355850850981,,37.5323
"Korea, Rep.",2020,64.4159836065574,13.8524590163934,1.57795135359259,33645.7719545073,531.109006147541,-0.00264977014803655,100.0,1274.0,97600.0,0.89230280637475,,37.5323
"Korea, Rep.",2021,64.3135245901639,13.7602459016393,1.66515978191584,37518.4635305697,530.425604508197,-0.1463834679225,100.0,1274.0,97600.0,0.994641478008986,,37.5323
"Korea, Rep.",2022,64.2110655737705,13.5245901639344,1.4483461547482,34822.4048404971,529.43205942623,-0.186448252283125,100.0,1274.0,97600.0,0.78205353825035,,37.5323
Kosovo,2000,,,,,,-3.68764561734958,,,,,,42.565
Kosovo,2001,,,,,,1.03454529813441,,,,,,42.565
Kosovo,2002,,,,,,0.58627379774428,,,,,,42.565
Kosovo,2003,,,,,,-0.0925177944188103,,,,,,42.565
Kosovo,2004,,,,,,-0.118722940304827,,,,,,42.565
Kosovo,2005,,,,,,-0.148236776568454,,,,,,42.565
Kosovo,2006,,,,,,-0.17934600583956,,,,,,42.565
Kosovo,2007,,,,,,-0.198885165810315,,,,,,42.565
Kosovo,2008,,,11.2611406776178,2877.39331402724,,-0.18957991931627,,,,,13.092499077149,42.565
Kosovo,2009,,,8.27613579615343,2794.86699473069,,-0.159313353569097,,,,,33.8259726721293,42.565
Kosovo,2010,,,9.45683318489999,2987.54519574464,,-0.115193130612005,,,,,31.3073533728786,42.565
Kosovo,2011,,,8.13256820161268,3538.94759838576,,0.430778087775815,,,,,29.9397911066758,42.565
Kosovo,2012,,,7.44545756610942,3410.65550749316,,1.37891807587897,,,,,31.5379267123981,42.565
Kosovo,2013,,,8.43161126110458,3704.55872781672,,1.63565631211057,,,,,32.2015495096921,42.565
Kosovo,2014,,,8.29870640805469,3902.49424360946,,1.1679448483359,,,,,29.1238036677355,42.565
Kosovo,2015,,,7.67716823366887,3520.62850699375,,0.468428338741564,,,,,32.8651708346188,42.565
Kosovo,2016,,,8.17152319317784,3759.44959067104,,1.53266256415204,,,,,31.4062532419316,42.565
Kosovo,2017,,,7.40871957581394,4009.32022050863,,3.12732368555383,,,,,34.1887559698762,42.565
Kosovo,2018,,,6.53116433269115,4384.18796444738,,2.89164008876934,,,,,29.0232835001384,42.565
Kosovo,2019,,,7.23866991904392,4415.99923011071,,2.22033235029074,,,,,29.9206351699569,42.565
Kosovo,2020,,,7.36200975780916,4310.88963754863,,2.82004853224375,,,,,39.0733723657039,42.565
Kosovo,2021,,,6.92330553068501,5270.43236861018,,2.5474688526347,,,,,34.8781446933578,42.565
Kosovo,2022,,,7.3926054610264,5290.95006509706,,1.74668694795023,,,,,38.6265307788349,42.565
Kuwait,2000,0.272166105499439,0.561167227833894,0.355219830082193,19296.3471698729,109.691863075196,3.05594412034634,100.0,121.0,17820.0,0.0138825821906457,,29.3721
Kuwait,2001,0.280022446689113,0.729517396184063,0.446728971962617,17374.2318664227,112.689169472503,2.93265576926817,100.0,121.0,17820.0,0.00828226401392943,,29.3721
Kuwait,2002,0.287878787878788,0.673400673400673,0.516824849007765,18512.7523035862,115.59898989899,2.82538965350807,100.0,121.0,17820.0,0.0139624908958966,,29.3721
Kuwait,2003,0.295735129068462,0.673400673400673,0.454889536839744,22690.655175144,118.399607182941,2.6513089662387,100.0,121.0,17820.0,0.00714021113047259,,29.3721
Kuwait,2004,0.303591470258137,0.617283950617284,0.404756603698185,27552.2827399787,121.061728395062,2.40535497047318,100.0,121.0,17820.0,0.00708947260621451,,29.3721
Kuwait,2005,0.311447811447811,0.617283950617284,0.301358018412085,36122.6142741227,125.521212121212,3.67027707336391,100.0,121.0,17820.0,,,29.3721
Kuwait,2006,0.319304152637486,0.617283950617284,0.236515719642342,42946.6374104066,132.701066217733,5.56242109286012,100.0,121.0,17820.0,0.00766923490975062,,29.3721
Kuwait,2007,0.327160493827161,0.634118967452301,0.213317127370276,45709.4132876371,140.734399551066,5.87754467695609,100.0,121.0,17820.0,0.0125823197493449,,29.3721
Kuwait,2008,0.335016835016835,0.634118967452301,0.160020999601209,55585.1889344442,148.789057239057,5.5655156760957,100.0,121.0,17820.0,0.0354251670784893,,29.3721
Kuwait,2009,0.34287317620651,0.589225589225589,0.262327765426512,37907.1001320042,156.873400673401,5.2909535288797,100.0,121.0,17820.0,0.0528451072548854,,29.3721
Kuwait,2010,0.350729517396184,0.561167227833894,0.451728985475114,39212.252220155,165.172390572391,5.15506049102987,100.0,121.0,17820.0,0.095475860021824,,29.3721
Kuwait,2011,0.350729517396184,0.589225589225589,0.438835825324165,49169.6063813095,175.803254769921,6.23757792955185,100.0,121.0,17820.0,0.0788683954108092,,29.3721
Kuwait,2012,0.350729517396184,0.561167227833894,0.359874300848834,52155.2225833921,187.267620650954,6.31732211154715,100.0,121.0,17820.0,,,29.3721
Kuwait,2013,0.350729517396184,0.650953984287318,0.355177608949371,49651.0439275077,196.848709315376,4.98967404324728,100.0,121.0,17820.0,0.0673021769680393,,29.3721
Kuwait,2014,0.350729517396184,0.5331088664422,0.450636106109894,44368.7813457751,205.716947250281,4.40657207759868,100.0,121.0,17820.0,0.0618610320804924,,29.3721
Kuwait,2015,0.350729517396184,0.432098765432099,0.537729008869637,29882.2126495698,215.183726150393,4.49910219971801,100.0,121.0,17820.0,0.130811961011217,,29.3721
Kuwait,2016,0.350729517396184,0.448933782267116,0.518592131185869,27323.6890735517,224.696745230079,4.32594906785888,100.0,121.0,17820.0,0.115911088942903,,29.3721
Kuwait,2017,0.350729517396184,0.482603815937149,0.525092139249465,29047.6536135703,233.1544332211,3.69493434034851,100.0,121.0,17820.0,0.0658355479582495,,29.3721
Kuwait,2018,0.350729517396184,0.448933782267116,0.44590687116951,32067.9623756889,242.621492704826,3.9801548230671,100.0,121.0,17820.0,0.0466209960162232,,29.3721
Kuwait,2019,0.350729517396184,0.448933782267116,0.370434138380291,31707.8737443551,249.288215488215,2.71071332448015,100.0,121.0,17820.0,0.0432868010982396,,29.3721
Kuwait,2020,0.350729517396184,0.448933782267116,0.496326689989677,25236.0755848941,246.928563411897,-0.951064116715736,100.0,121.0,17820.0,0.0337270163584505,,29.3721
Kuwait,2021,0.350729517396184,0.448933782267116,0.473024818982534,34018.6342592913,244.717452300786,-0.899478872255975,100.0,121.0,17820.0,0.0273420486377868,,29.3721
Kuwait,2022,0.350729517396184,0.448933782267116,0.402460238899801,39981.7691035833,257.555723905724,5.11318110910574,100.0,121.0,17820.0,0.022822268223733,,29.3721
Kyrgyz Republic,2000,6.15693430656934,7.06986444212722,34.1877085637959,279.621738464365,25.5389051094891,1.17133655502607,33.3,533.0,191800.0,8.69631616023225,150.487956730821,42.8851
Kyrgyz Republic,2001,6.18236704900939,7.00729927007299,34.5410003586728,308.41129550148,25.7824452554745,0.933279473160875,35.9,533.0,191800.0,7.23358685355262,124.409089324724,42.8851
Kyrgyz Republic,2002,6.20779979144943,7.01251303441084,34.4047962763445,321.726775366804,26.020354535975,0.906777184011631,38.2,533.0,191800.0,15.0171931195873,126.466715101522,42.8851
Kyrgyz Republic,2003,6.23323253388947,7.00729927007299,33.6222526391595,380.505828812441,26.2946193952033,1.03940072683448,40.7,533.0,191800.0,9.59731282795539,115.690013435844,42.8851
Kyrgyz Republic,2004,6.25866527632951,6.95516162669447,29.9044500994693,433.233873286,26.6147705943691,1.20236291599755,43.7,533.0,191800.0,7.47353773207904,121.400576320591,42.8851
Kyrgyz Republic,2005,6.28409801876955,6.69447340980188,28.4832783609781,476.548193640077,26.9167883211679,1.12050379530945,46.6,533.0,191800.0,8.52077499548586,95.1289910008908,42.8851
Kyrgyz Republic,2006,6.30953076120959,6.69290928050052,28.6802911420992,543.113512472219,27.2073670490094,1.06439633234269,49.0,533.0,191800.0,7.36599789583984,93.1834816644595,42.8851
Kyrgyz Republic,2007,6.33496350364964,6.67361835245047,26.8802101795871,721.771577544361,27.468117831074,0.941605632376086,51.8,533.0,191800.0,4.96586794730969,76.7242289581745,42.8851
Kyrgyz Republic,2008,6.36039624608968,6.67101147028154,23.4855331532901,966.388569370494,27.7305995828989,0.93468679382649,54.4,533.0,191800.0,2.50244319468762,73.5437727684918,42.8851
Kyrgyz Republic,2009,6.38582898852972,6.65276329509906,18.7607374707352,870.198894546917,28.1003284671533,1.30137651920883,56.7,533.0,191800.0,2.42530772652947,91.3533289075321,42.8851
Kyrgyz Republic,2010,6.41126173096976,6.65380604796663,17.4482561772443,876.954476440354,28.5039572471324,1.38709054320399,58.8,533.0,191800.0,2.57201389959231,91.7410935375773,42.8851
Kyrgyz Republic,2011,6.43433785192909,6.65224191866528,16.56531665018,1117.40174350185,28.9185974973931,1.38427837836201,60.7,533.0,191800.0,2.2287123726292,99.1762629048855,42.8851
Kyrgyz Republic,2012,6.45741397288842,6.65589155370177,16.654196378216,1168.62244675446,29.4685922836288,1.80530685434576,62.3,533.0,191800.0,3.06003137285034,93.7846806920141,42.8851
Kyrgyz Republic,2013,6.48049009384776,6.66684045881126,14.6378725497812,1269.66303464348,30.1206986444213,2.09254140514463,63.9,533.0,191800.0,2.001100205528,98.5990223853721,42.8851
Kyrgyz Republic,2014,6.50356621480709,6.67674661105318,14.7186631194877,1264.52668823891,30.7916996871741,2.09094703167201,65.0,533.0,191800.0,1.91138324870666,101.757857315114,42.8851
Kyrgyz Republic,2015,6.52664233576642,6.67674661105318,14.0607643300857,1105.65193844261,31.4913242961418,2.11955739103886,66.0,533.0,191800.0,1.70840542244826,120.298263428398,42.8851
Kyrgyz Republic,2016,6.54973931178311,6.71428571428571,12.8344731564928,1103.27489428412,32.1967570385819,2.07473145162255,66.8,533.0,191800.0,1.74482846083018,123.520841603547,42.8851
Kyrgyz Republic,2017,6.57280604796663,6.71428571428571,12.5145788958853,1221.39046807082,32.8816266944734,1.95212906842296,67.6,533.0,191800.0,1.95849101108303,110.883039410088,42.8851
Kyrgyz Republic,2018,6.66788321167883,6.71532846715329,11.6752864842384,1283.5203037417,33.5979092805005,1.99143487070684,68.3,533.0,191800.0,2.3364556989672,101.791028770854,42.8851
Kyrgyz Republic,2019,6.76298227320125,6.71220020855057,10.3739026248931,1421.99927504102,34.3598070907195,2.069423273233,69.2,533.0,191800.0,2.29867838629679,98.3979993938565,42.8851
Kyrgyz Republic,2020,6.85808133472367,6.71220020855057,12.1696556730884,1229.51766602907,35.0708863399374,1.86734749493336,69.6,533.0,191800.0,1.96874942831986,108.254915900414,42.8851
Kyrgyz Republic,2021,6.95318039624609,6.71220020855057,12.4122330298243,1349.99730650542,35.7206673618352,1.6480667003564,70.4,533.0,191800.0,1.80706380788762,105.027564630253,42.8851
Kyrgyz Republic,2022,7.04827945776851,6.70690823774765,10.9968056651977,1739.72018344174,36.3671532846715,1.64444305813084,70.6,533.0,191800.0,2.17483539796007,82.1427748417892,42.8851
Lao PDR,2000,75.498266897747,3.98613518197574,33.6302510315937,318.749852236965,23.5321143847487,7.1471321367315,0.7,1834.0,230800.0,,152.434338096078,18.5826
Lao PDR,2001,75.2883448873484,4.20277296360485,32.6831929428473,320.316005439568,23.9232322357019,6.86854592384829,0.7,1834.0,230800.0,,149.169270500604,18.5826
Lao PDR,2002,75.0784228769497,4.39774696707106,33.3863040963517,313.350817148131,24.3106109185442,6.41699030757141,0.6,1834.0,230800.0,,183.229264533177,18.5826
Lao PDR,2003,74.8685008665511,4.59272097053726,32.0861145753545,355.097216151461,24.6878032928943,5.80937411049845,0.7,1834.0,230800.0,,127.831435110767,18.5826
Lao PDR,2004,74.6585788561525,4.78769497400347,30.5213475173909,409.296298284117,25.0503726169844,5.07419776436336,0.6,1834.0,230800.0,,122.797728173317,18.5826
Lao PDR,2005,74.4486568457539,4.98266897746967,28.2951353434837,466.061506997741,25.4312088388215,4.42548509984005,0.7,1834.0,230800.0,,116.229622636213,18.5826
Lao PDR,2006,74.2387348353553,5.19930675909879,26.7296699146578,579.391947440719,25.8370883882149,4.16801408921008,0.7,1834.0,230800.0,,110.78425152654,18.5826
Lao PDR,2007,74.0288128249567,5.37261698440208,25.788148677301,697.323013673925,26.2401906412478,4.00162176694136,0.7,1834.0,230800.0,,117.627795477078,18.5826
Lao PDR,2008,73.8188908145581,5.5892547660312,24.1764814314586,885.747376088762,26.6419800693241,3.8215868644816,0.7,1834.0,230800.0,,104.977445749086,18.5826
Lao PDR,2009,73.6089688041594,5.89254766031196,24.2053770855586,935.03237283283,27.0435095320624,3.64448374364209,0.8,1834.0,230800.0,,108.962711915111,18.5826
Lao PDR,2010,73.3990467937608,6.06585788561525,22.5957941345194,1125.91610151261,27.4445147313691,3.46522988863471,0.8,1834.0,230800.0,2.03116974699208,95.0325837576076,18.5826
Lao PDR,2011,73.2495667244367,6.18717504332756,20.7912551864005,1361.54704394913,27.8448440207972,3.28398064586779,0.9,1834.0,230800.0,4.80041667675546,84.2580581799268,18.5826
Lao PDR,2012,73.1000866551126,6.33903812824957,18.5484865737637,1563.5650771337,28.2451386481802,3.10342250778985,1.0,1834.0,230800.0,4.6508883138246,75.2648139935419,18.5826
Lao PDR,2013,72.9506065857886,6.49090121317158,17.9304984280697,1812.51774424651,28.6455155979203,2.92124077970751,1.1,1834.0,230800.0,4.88731318755644,70.3766803245105,18.5826
Lao PDR,2014,72.8011265164645,6.50953206239168,17.8487917824206,1981.03910900473,29.0432062391681,2.72694255522775,1.2,1834.0,230800.0,6.48237458640193,74.2873303911514,18.5826
Lao PDR,2015,72.6516464471404,6.52816291161178,17.5877596970627,2121.01339097363,29.4698656845754,2.85742086966777,1.4,1834.0,230800.0,4.96324218429314,83.3437474242682,18.5826
Lao PDR,2016,72.5021663778163,6.54679376083189,17.2301765948066,2303.22156035363,29.934150779896,3.66250005413246,1.6,1834.0,230800.0,3.1066154460441,88.8346384248363,18.5826
Lao PDR,2017,72.3526863084922,6.23570190641248,16.1997598561979,2432.43059478511,30.4079159445407,3.57446492617015,1.7,1834.0,230800.0,3.78340215687321,93.2218114749206,18.5826
Lao PDR,2018,72.2032062391681,5.92461005199307,15.7091868201084,2545.1075420815,30.8840771230503,3.54326907767103,1.8,1834.0,230800.0,8.37712255728596,91.9320039908858,18.5826
Lao PDR,2019,72.053726169844,5.61351819757366,16.0503390570341,2589.32081035237,31.3589081455806,3.50095696138419,2.0,1834.0,230800.0,10.791678946805,107.830507207668,18.5826
Lao PDR,2020,71.9042461005199,5.30329289428076,16.3377623592616,2583.77730696131,31.8307322357019,3.45470162517781,2.3,1834.0,230800.0,10.3283239425765,114.458438862839,18.5826
Lao PDR,2021,71.7547660311958,5.30329289428076,16.0676970155249,2526.05105018529,32.2928682842288,3.38932250915895,2.5,1834.0,230800.0,10.3133013086917,105.390103058838,18.5826
Lao PDR,2022,71.6052859618717,5.30329289428076,14.8688822282276,2046.40440255621,32.7513301559792,3.3444962471709,2.7,1834.0,230800.0,8.41376768574848,129.23155614525,18.5826
Latvia,2000,52.0835007311939,15.588088771755,4.5495785956353,3278.17896440803,38.0469892490398,-1.07214691000143,100.0,667.0,62227.0,30.0417491898624,,56.9465
Latvia,2001,52.2942131229209,15.3952464364343,4.48098729935745,3504.61829462397,37.5587767367863,-1.34392417190801,100.0,667.0,62227.0,25.7203087079829,,56.9465
Latvia,2002,52.504925514648,15.6362993555852,4.62764983903159,4003.60935783538,37.1249296928986,-1.21331364127007,100.0,667.0,62227.0,25.0711023742216,,56.9465
Latvia,2003,52.715637906375,15.3791762418243,4.10241052739919,4914.57992829302,36.7678821090523,-1.01346792013693,100.0,667.0,62227.0,27.0632713947533,,56.9465
Latvia,2004,52.9263502981021,16.2148263615472,4.36504580120425,6109.73265186817,36.3688109663008,-1.13353429382372,100.0,667.0,62227.0,20.8265615742795,,56.9465
Latvia,2005,53.1370626898292,17.5486525141819,3.86773701723693,7283.78738127622,35.9779356228004,-1.11784320254929,100.0,667.0,62227.0,17.1333143645151,,56.9465
Latvia,2006,53.3477750815562,19.3645845051184,3.42315192809587,9211.7374468148,35.6494287045816,-0.94913564758322,100.0,667.0,62227.0,15.398296668482,,56.9465
Latvia,2007,53.5584874732833,19.0913911967474,3.45397603560539,13370.9789452508,35.3596509553731,-0.842494408827316,100.0,667.0,62227.0,15.5396215354242,,56.9465
Latvia,2008,53.7691998650104,18.8021276937664,3.09128712531246,15677.6080864506,34.9899882687579,-1.07132218273846,100.0,667.0,62227.0,10.4425145957776,,56.9465
Latvia,2009,53.9799122567374,18.7699873045463,3.28684121352283,11996.0322729773,34.4170376203256,-1.66529155683755,100.0,667.0,62227.0,10.7955558037123,,56.9465
Latvia,2010,54.1906246484645,18.8503382775965,4.11588497283241,11188.4191700977,33.7081170552975,-2.08913666797325,100.0,667.0,62227.0,13.1575219983606,,56.9465
Latvia,2011,54.2527198804378,18.6092853584457,3.77780079362838,12902.574053337,33.0999244700853,-1.82135172989026,100.0,667.0,62227.0,11.0984662016454,,56.9465
Latvia,2012,54.314815112411,18.9306892506468,3.53285388028976,13329.3499931271,32.691902228936,-1.23077922718726,100.0,667.0,62227.0,9.46703115617212,,56.9465
Latvia,2013,54.3769103443843,19.4127950889485,3.2120869041368,14484.4715282132,32.3436289713468,-1.05017592551677,100.0,667.0,62227.0,10.1515404290326,,56.9465
Latvia,2014,54.4390055763575,19.4288652835586,3.61639638963682,15185.814581236,32.0404647500281,-0.910374889280492,100.0,667.0,62227.0,10.8591599943934,,56.9465
Latvia,2015,54.5011008083308,19.7631253314478,3.55445018445087,13321.9753140616,31.7792437366417,-0.777502744531196,100.0,667.0,62227.0,10.8512179788436,,56.9465
Latvia,2016,54.5632924614717,20.6984106577531,3.32532538955761,13838.5266823272,31.4901409356067,-0.863570653417595,100.0,667.0,62227.0,11.0167162582288,,56.9465
Latvia,2017,54.6254841146126,20.7305510469732,3.62476211824764,15132.4958333982,31.2123033409935,-0.827376795111087,100.0,667.0,62227.0,10.3811303719188,,56.9465
Latvia,2018,54.6876757677536,20.8109020200235,3.66104778019513,17252.1710428626,30.9700612274415,-0.712446370389295,100.0,667.0,62227.0,12.2187767470118,,56.9465
Latvia,2019,54.7498674208945,21.1965866906648,3.85343444199836,17294.9751600969,30.755491989008,-0.621325113241851,100.0,667.0,62227.0,11.7102649337459,,56.9465
Latvia,2020,54.8094166800579,21.4366061385184,4.0791819421756,17564.2321549354,30.5391129680219,-0.620729486315703,100.0,667.0,62230.0,10.8356422423582,,56.9465
Latvia,2021,54.8716053350474,21.8865498955488,4.20672251535361,20261.8887788916,30.2826610959344,-0.75558546061657,100.0,667.0,62230.0,12.907496655462,,56.9465
Latvia,2022,54.933793990037,21.8062027960791,5.11411038456871,20221.103686109,30.2005945685361,-0.159755579173112,100.0,667.0,62230.0,11.6415993205616,,56.9465
Lebanon,2000,13.5073313782991,12.6099706744868,6.23750960799385,3986.83513941026,423.200391006843,1.83701680103271,,661.0,10230.0,1.75784774011333,57.305256504156,33.8872
Lebanon,2001,13.4992179863148,11.7302052785924,5.86311872815425,4009.55929751102,430.295014662757,1.83114971534572,,661.0,10230.0,5.72045480917156,77.0617647435833,33.8872
Lebanon,2002,13.4911045943304,12.7077223851417,5.66292601828761,4290.85283803266,436.315151515152,1.5623725417853,,661.0,10230.0,2.17928379136757,95.7733438384402,33.8872
Lebanon,2003,13.482991202346,13.2942326490714,5.48637489677952,4437.71588507526,442.3761485826,1.55699886428527,,661.0,10230.0,1.35532827553518,113.624263035756,33.8872
Lebanon,2004,13.4748778103617,13.3235581622678,3.82091029633439,4600.68371412993,449.587390029325,1.79886989542505,,661.0,10230.0,1.22942857617695,112.084690571295,33.8872
Lebanon,2005,13.4667644183773,13.8514173998045,3.57963505822563,4602.19804637945,456.608211143695,1.73594860422739,,661.0,10230.0,1.41914930870622,106.984723089785,33.8872
Lebanon,2006,13.458651026393,13.2942326490714,4.46973485890735,4635.2514117486,464.431671554252,1.88982441011118,,661.0,10230.0,0.842252980998268,109.252730343138,33.8872
Lebanon,2007,13.4505376344086,13.1182795698925,4.89276661829071,5125.25809960149,473.520821114369,2.13366281401081,,661.0,10230.0,0.802883038453312,101.384837888025,33.8872
Lebanon,2008,13.4424242424242,12.0234604105572,4.52188617992645,5912.04532820842,481.461779081134,1.86322746704686,,661.0,10230.0,0.849330463377237,148.932157399562,33.8872
Lebanon,2009,13.4343108504399,12.0234604105572,3.95087208611483,7090.85493856621,488.004594330401,1.55456007036806,,661.0,10230.0,0.669296732959161,131.15420398172,33.8872
Lebanon,2010,13.4261974584555,11.1436950146628,3.86195936751946,7625.81051551165,492.794525904203,1.18616726278114,,661.0,10230.0,0.592537195812044,126.083961601732,33.8872
Lebanon,2011,13.4844574780059,12.2189638318671,3.80460970714467,7834.96257108993,498.144672531769,1.29397113275375,,661.0,10230.0,0.567648800776325,125.151296416081,33.8872
Lebanon,2012,13.5427174975562,12.9032258064516,3.76453077704882,8406.98405608118,511.802737047898,2.92371466191657,,661.0,10230.0,0.500995258736141,127.212482591364,33.8872
Lebanon,2013,13.6009775171065,12.9032258064516,3.9553991560217,8162.37929361396,561.430694037146,9.47852380757179,,661.0,10230.0,0.594092945567527,133.127238280872,33.8872
Lebanon,2014,13.6592375366569,12.9032258064516,4.02280590517852,7577.6413302369,620.429130009775,10.2206965974038,,661.0,10230.0,0.548552758184362,135.672761134402,33.8872
Lebanon,2015,13.7174975562072,13.0009775171065,3.28466326670943,7714.1099998804,632.694916911046,2.19088551132826,,661.0,10230.0,0.613050404365339,138.063603594415,33.8872
Lebanon,2016,13.7761485826002,13.3919843597263,2.72714945763945,8089.012088155,618.089931573803,-2.09739580882344,,661.0,10230.0,0.402793950861792,138.137224788322,33.8872
Lebanon,2017,13.8347996089932,13.4086021505376,2.79291148520091,8608.21084982387,602.163049853372,-2.36769898899146,,661.0,10230.0,0.405619412243245,140.460273460979,33.8872
Lebanon,2018,13.8934506353861,13.4095796676442,3.23189728304163,9174.53666204759,584.957869012708,-2.65106510457592,,661.0,10230.0,0.346842811293897,148.119523422157,33.8872
Lebanon,2019,13.9521016617791,13.2258064516129,3.16909985150245,8905.88005497437,566.431476050831,-2.96571655621746,,661.0,10230.0,0.264090481158985,146.775884819801,33.8872
Lebanon,2020,14.010752688172,13.1099706744868,3.07825000560689,5561.19166950397,557.419159335288,-1.34629278132371,,661.0,10230.0,0.246514384891949,224.448215097537,33.8872
Lebanon,2021,14.069403714565,13.8435679374389,1.40016561487545,4045.37391066234,558.956207233627,0.537879344897987,,661.0,10230.0,0.281282543644938,315.096531734783,33.8872
Lebanon,2022,14.128054740958,13.341642228739,1.1895732629522,3654.35845534878,561.533626588465,0.727529764932357,,661.0,10230.0,0.417279976168085,332.863673499917,33.8872
Lesotho,2000,1.13702239789196,10.8695652173913,7.82713481504646,442.779545779081,66.0050395256917,2.95037565585193,8.3,788.0,30360.0,0.141483725715602,68.0824704093267,29.5208
Lesotho,2001,1.13702239789196,10.8695652173913,8.29887058675374,412.677473676821,65.9042490118577,2.75435529993088,8.8,788.0,30360.0,2.91443811450629,57.301673167109,29.5208
Lesotho,2002,1.13702239789196,9.88142292490119,6.39531283270571,388.92334985135,65.7008893280632,2.63796122008338,9.4,788.0,30360.0,5.07188365502077,63.4369205822665,29.5208
Lesotho,2003,1.13702239789196,9.88142292490119,6.34688612370652,583.270036200288,65.3840250329381,2.54678840591978,10.0,788.0,30360.0,0.382401067438431,42.6476037328897,29.5208
Lesotho,2004,1.13702239789196,10.2108036890646,5.98400675567569,766.685820928242,64.9251976284585,2.44723638154076,10.8,788.0,30360.0,0.735820184915241,37.3121483848754,29.5208
Lesotho,2005,1.13702239789196,10.6389986824769,5.67113040473066,861.381496414995,64.3305665349144,2.38445710276485,11.4,788.0,30360.0,,30.5163405854888,29.5208
Lesotho,2006,1.13702239789196,9.9802371541502,4.8427648086475,925.467485502842,64.0666337285902,3.08290179546411,12.2,788.0,30360.0,,29.3057848468101,29.5208
Lesotho,2007,1.13702239789196,10.7048748353096,4.88998680002259,861.188420899563,64.3368906455863,4.14710861034138,13.0,788.0,30360.0,3.45356303176465,29.2370221953251,29.5208
Lesotho,2008,1.13702239789196,11.7918313570487,4.8970487478767,898.482517882593,64.7740777338603,4.63533875498338,13.7,788.0,30360.0,3.39348375777715,29.2593849086732,29.5208
Lesotho,2009,1.13702239789196,11.034255599473,5.50352430775727,878.847950537772,65.2464756258235,4.85689114301424,14.5,788.0,30360.0,3.59808684820188,33.4280167854159,29.5208
Lesotho,2010,1.13702239789196,10.6060606060606,4.86217527655246,1119.47557793042,65.7526679841897,5.02755935973921,15.5,788.0,30360.0,5.54151101675956,27.4384612861811,29.5208
Lesotho,2011,1.13702239789196,10.1449275362319,4.54395157549887,1280.73390931581,66.337582345191,5.22280800705207,16.3,788.0,30360.0,3.60527921705107,26.3385185030518,29.5208
Lesotho,2012,1.13702239789196,9.26548089591568,4.89530867188129,1217.93071228944,67.0077075098814,5.38795302135873,17.4,788.0,30360.0,6.03956063431862,31.2593634380508,29.5208
Lesotho,2013,1.13702239789196,8.17193675889328,5.06436346227762,1151.03735837227,67.7372859025033,5.47919481821234,18.3,788.0,30360.0,2.16054868605285,34.0219300417939,29.5208
Lesotho,2014,1.13702239789196,8.96903820816864,3.9607145663379,1173.5377928819,68.5141304347826,5.52320335621989,19.4,788.0,30360.0,3.10890636397413,33.5371164978444,29.5208
Lesotho,2015,1.13702239789196,7.21343873517787,3.78190344669127,1121.19851342518,69.321837944664,5.51836477681428,20.8,788.0,30360.0,6.54064399063864,36.0951584026764,29.5208
Lesotho,2016,1.13702239789196,11.5942028985507,4.92411763358152,992.491840678465,70.1720026350461,5.29264534852355,21.9,788.0,30360.0,5.65449896301488,56.5717759737007,29.5208
Lesotho,2017,1.13702239789196,13.8142292490119,4.9636238571378,1069.36673247542,71.0510540184453,4.07859314428619,23.5,788.0,30360.0,5.96470287053036,57.4106195232648,29.5208
Lesotho,2018,1.13702239789196,14.3181818181818,4.24977543430507,1170.65569702819,71.9236824769433,4.0299748464488,25.1,788.0,30360.0,2.23561050022352,48.0945365684483,29.5208
Lesotho,2019,1.13702239789196,4.95388669301713,4.46380208822172,1082.05706777516,72.7735507246377,3.89236605947159,26.7,788.0,30360.0,4.59289360159449,55.5086365768084,29.5208
Lesotho,2020,1.13702239789196,11.3768115942029,5.30771204408517,918.582574704447,73.6405467720685,3.81448253372375,28.6,788.0,30360.0,5.63240778834578,71.1626094449749,29.5208
Lesotho,2021,1.13702239789196,7.42424242424242,5.95625262808585,1066.58645143823,74.4908432147563,3.69465090904227,30.3,788.0,30360.0,5.66588159486641,65.1532610232936,29.5208
Lesotho,2022,1.13702239789196,8.93939393939394,5.95085393730342,1030.12582947757,75.3000658761528,3.54693670245771,32.4,788.0,30360.0,5.84569161443279,63.9955181858327,29.5208
Liberia,2000,85.3679401993355,4.15282392026578,76.0745423340961,298.485340578945,30.3998857973422,4.45108138780847,0.4,2391.0,96320.0,,367.107730688584,6.30039
Liberia,2001,85.0537790697674,4.15282392026578,76.533587196468,300.463828598983,31.3054194352159,3.79958654676337,0.4,2391.0,96320.0,,405.065965604016,6.30039
Liberia,2002,84.7396179401993,4.15282392026578,79.0423624595469,299.536445539621,32.1302117940199,3.53774132988713,0.3,2391.0,96320.0,,431.582447676914,6.30039
Liberia,2003,84.4254568106312,4.15282392026578,72.2403877005348,239.779556677091,32.3871677740864,1.76516218190518,0.3,2391.0,96320.0,,610.451857796697,6.30039
Liberia,2004,84.1112956810631,4.15282392026578,65.0474024526198,284.140223992458,32.7750415282392,2.15030830005071,0.3,2391.0,96320.0,,528.599561010111,6.30039
Liberia,2005,83.797134551495,4.15282392026578,66.0327291886196,287.487333441381,34.2713351328904,5.37684465252538,0.3,2391.0,96320.0,,497.930342959329,6.30039
Liberia,2006,83.4829734219269,4.15282392026578,63.8180250223414,320.55808618515,36.2415593853821,6.41784167583413,0.3,2391.0,96320.0,,433.48381412449,6.30039
Liberia,2007,83.1688122923588,4.15282392026578,65.5981500364166,374.211308104278,38.0922965116279,5.79524618664482,0.2,2391.0,96320.0,,309.974366604395,6.30039
Liberia,2008,82.8546511627907,4.46428571428571,65.1745654692932,451.713856283285,39.6698816445183,5.11985620326965,0.2,2391.0,96320.0,,201.789268647855,6.30039
Liberia,2009,82.5404900332226,4.87956810631229,58.0357466063348,448.386367025545,40.9367524916943,4.23397754411637,0.2,2391.0,96320.0,,113.975572094097,6.30039
Liberia,2010,82.2263289036545,4.98338870431894,35.9187152152152,492.252808033724,42.1396387043189,3.97418778103918,0.2,2391.0,96320.0,,23.0315492154157,6.30039
Liberia,2011,81.9121677740864,5.19102990033223,35.9187151793161,568.087865520004,43.8245224252492,4.98988846414223,0.2,2391.0,96320.0,,19.7309626197103,6.30039
Liberia,2012,81.5980066445183,5.19102990033223,35.9187147650069,638.368751462083,45.4011939368771,4.59545605921178,0.1,2391.0,96320.0,,19.257770781185,6.30039
Liberia,2013,81.2838455149502,5.19102990033223,35.9187149834944,710.744570927863,46.4102886212625,3.25103948734604,0.1,2391.0,96320.0,,18.4677287994045,6.30039
Liberia,2014,80.9696843853821,5.19102990033223,35.918715038076,706.714490064507,47.3867628737542,3.12711715395962,0.1,2391.0,96320.0,,23.5656809979216,6.30039
Liberia,2015,80.6555232558139,5.19102990033223,35.9187152008861,692.590082351257,48.3744912790698,3.1001927674052,0.1,2391.0,96320.0,,28.4136467346258,6.30039
Liberia,2016,80.3413621262459,5.19102990033223,35.9187135102446,714.613063145659,49.3730066445183,3.07301960541848,0.1,2391.0,96320.0,,30.4733641631046,6.30039
Liberia,2017,80.0272009966777,5.19102990033223,35.9426159185731,699.269095727404,50.3418293189369,2.96594628026702,0.1,2391.0,96320.0,38.9716810690997,36.2106821833637,6.30039
Liberia,2018,79.7130398671096,5.19102990033223,35.4966999096751,692.203127129794,51.3364410299003,2.97226501064032,0.1,2391.0,96320.0,47.5737564459639,38.7612158305833,6.30039
Liberia,2019,79.3988787375415,5.19102990033223,36.4371513224574,658.164180770507,52.3642130398671,2.99136421633218,0.0,2391.0,96320.0,33.4421264640896,42.699944211321,6.30039
Liberia,2020,79.0847176079734,5.19102990033223,39.2922850706535,616.787867006715,53.462032807309,3.07747504924304,0.0,2391.0,96320.0,19.743697797874,50.5491696677525,6.30039
Liberia,2021,78.7705564784053,5.19102990033223,37.4176170873767,667.96610514319,54.60260589701,3.10731346466007,0.0,2391.0,96320.0,72.2422338161683,56.0896971198786,6.30039
Liberia,2022,78.4563953488372,5.19102990033223,36.2030463526172,744.617175237387,55.7858596345515,3.13419626142124,0.0,2391.0,96320.0,73.23896478679,51.2373491161268,6.30039
Libya,2000,0.123327687918433,1.03151960171408,,7214.10040377084,3.01500448980984,2.14623816314847,,56.0,1759540.0,,,32.8578
Libya,2001,0.123327687918433,1.03151960171408,,6312.80030498965,3.07105209316071,2.26491001446476,,56.0,1759540.0,,,32.8578
Libya,2002,0.123327687918433,1.03151960171408,5.18529909272643,3718.29434696755,3.13059663321095,2.27034710455246,,56.0,1759540.0,,,32.8578
Libya,2003,0.123327687918433,1.03151960171408,4.09220701963117,4674.09943200321,3.19367448310354,2.26880671384677,,56.0,1759540.0,,,32.8578
Libya,2004,0.123327687918433,0.994578128374462,3.34262291274763,5773.76333234281,3.26033679257079,2.26045726921497,,56.0,1759540.0,,,32.8578
Libya,2005,0.123327687918433,0.994578128374462,2.51001097978428,8079.24957329001,3.32973277106516,2.21809916651359,,56.0,1759540.0,,,32.8578
Libya,2006,0.123327687918433,0.994578128374462,1.51764483817067,10048.8480434289,3.39873546495107,2.07856428541405,,56.0,1759540.0,,,32.8578
Libya,2007,0.123327687918433,0.994578128374462,1.54141662252696,11144.9448413435,3.46930447730657,2.05062223603386,,56.0,1759540.0,0.00236871202318767,,32.8578
Libya,2008,0.123327687918433,0.994578128374462,1.38365254109486,13906.1407818125,3.54378417086284,2.11435771869891,,56.0,1759540.0,0.0144305508864554,,32.8578
Libya,2009,0.123327687918433,0.994578128374462,2.15806763082219,9551.05403869755,3.61838094047308,2.06856293217608,,56.0,1759540.0,0.00319543768871017,,32.8578
Libya,2010,0.123327687918433,0.975254896166043,1.79953001101668,11600.9068649472,3.69291917205633,2.01991537370655,,56.0,1759540.0,0.00125041939243231,,32.8578
Libya,2011,0.123327687918433,0.975254896166043,3.05766833710666,7593.8391525702,3.60503483865101,-2.43204422147094,,56.0,1759540.0,,,32.8578
Libya,2012,0.123327687918433,0.977528217602328,1.81559365235981,14975.8902795144,3.51189970105823,-2.64495272097969,,56.0,1759540.0,,,32.8578
Libya,2013,0.123327687918433,0.977528217602328,2.41548515289585,11951.7134126011,3.58311149504984,1.97604477828273,,56.0,1759540.0,,,32.8578
Libya,2014,0.123327687918433,0.977528217602328,3.51667860719144,8926.42074591474,3.65280243700058,1.89116554778363,,56.0,1759540.0,,,32.8578
Libya,2015,0.123327687918433,0.977528217602328,4.3862973349324,7458.48917756374,3.71223103765757,1.38827640741623,,56.0,1759540.0,,,32.8578
Libya,2016,0.123327687918433,0.977528217602328,4.61177989572916,7525.80299308216,3.76923855098492,1.52410674622512,,56.0,1759540.0,0.0732941088661793,,32.8578
Libya,2017,0.123327687918433,0.977528217602328,3.87477645520451,9965.83236729757,3.8298475737977,1.59596881951811,,56.0,1759540.0,0.0732941088661793,,32.8578
Libya,2018,0.123327687918433,0.977528217602328,3.66012922036917,11196.5854810844,3.89252588744786,1.62537833435419,,56.0,1759540.0,0.0482796613052722,,32.8578
Libya,2019,0.123327687918433,0.977528217602328,2.04201619232517,9963.19489084483,3.95048308080521,1.48198070217483,,56.0,1759540.0,0.0281835949677998,,32.8578
Libya,2020,0.123327687918433,0.977528217602328,4.326770152924,6650.33810585348,4.00411414346932,1.35507401261597,,56.0,1759540.0,,,32.8578
Libya,2021,0.123327687918433,0.977528217602328,1.9292341608539,4935.82787349801,4.05513656978528,1.27607198520035,,56.0,1759540.0,,,32.8578
Libya,2022,0.123327687918433,0.977528217602328,1.68643769937353,5986.63694851258,4.10550768950976,1.2482858925115,,56.0,1759540.0,,,32.8578
Liechtenstein,2000,41.875,25.0,,76087.911114202,204.03125,0.0408830749766295,,,160.0,,,47.1411
Liechtenstein,2001,41.874375,24.375,,75067.8001680043,207.4625,1.0369107848403,,,160.0,,,47.1411
Liechtenstein,2002,41.87375,21.0625,,79795.1785891101,210.5875,0.926118960803766,,,160.0,,,47.1411
Liechtenstein,2003,41.87375,20.25,,90108.3673647008,212.99375,0.599402394021043,,,160.0,,,47.1411
Liechtenstein,2004,41.873125,19.4375,,100280.831356705,215.29375,0.576027017314073,,,160.0,,,47.1411
Liechtenstein,2005,41.8725,18.625,,105295.057027611,217.20625,0.45450132581462,,,160.0,,,47.1411
Liechtenstein,2006,41.871875,17.8125,,114167.939211301,218.98125,0.432815942234055,,,160.0,,,47.1411
Liechtenstein,2007,41.87125,17.0,,130492.595349517,220.3875,0.33317032288772,,,160.0,,,47.1411
Liechtenstein,2008,41.87125,16.1875,,143249.227302093,221.70625,0.351562862098886,,,160.0,,,47.1411
Liechtenstein,2009,41.870625,15.375,,126024.714567466,223.3875,0.56381990520216,,,160.0,,,47.1411
Liechtenstein,2010,41.87,14.5625,,141089.812849014,225.1375,0.676265740302884,,,160.0,,,47.1411
Liechtenstein,2011,41.87125,13.75,,158066.369379163,226.95,0.767316252788898,,,160.0,,,47.1411
Liechtenstein,2012,41.871875,12.9375,,148842.035144342,229.10625,0.950939079210795,,,160.0,,,47.1411
Liechtenstein,2013,41.873125,12.125,,172823.607794648,231.15,0.941981343628646,,,160.0,,,47.1411
Liechtenstein,2014,41.87375,11.4375,,178735.153020908,232.8,0.803067160238321,,,160.0,,,47.1411
Liechtenstein,2015,41.875,11.3125,,167187.15730982,234.3375,0.796669336312869,,,160.0,,,47.1411
Liechtenstein,2016,41.875,11.125,0.115518531775731,165375.491396259,235.725,0.77206265860395,,,160.0,,,47.1411
Liechtenstein,2017,41.875,10.9375,0.134897728698707,170547.092298954,237.2625,0.893269999480643,,,160.0,,,47.1411
Liechtenstein,2018,41.875,10.875,0.139045930996547,174988.775083446,239.0375,1.02916860365475,,,160.0,,,47.1411
Liechtenstein,2019,41.875,10.8125,0.139140766681258,166907.839305016,241.01875,1.17858507112061,,,160.0,,,47.1411
Liechtenstein,2020,41.875,10.8125,0.211170416188623,164671.093553454,243.13125,1.27008234014619,,,160.0,,,47.1411
Liechtenstein,2021,41.875,10.8125,0.161805584367091,201944.830335076,244.8875,0.942086521049646,,,160.0,,,47.1411
Liechtenstein,2022,41.875,10.8125,0.169219054065488,188055.003235348,246.83125,0.743883717467699,,,160.0,,,47.1411
Lithuania,2000,32.2271857051691,45.9157626037013,5.57351611529396,3300.63634928559,55.8317804722399,-0.794995588260926,100.0,656.0,62680.0,5.20796667260885,,54.6896
Lithuania,2001,32.4664964901085,26.0210593490747,4.86500650657571,3532.52787363242,55.3736119974473,-0.896070985196904,100.0,656.0,62680.0,4.33957328119722,,54.6896
Lithuania,2002,32.7058072750479,26.148691767709,4.76760475898336,4148.13091485015,54.9308710912572,-0.862393160777808,100.0,656.0,62680.0,4.4601341213205,,54.6896
Lithuania,2003,32.9451180599872,24.3299298021698,4.41639298290057,5507.47434187652,54.4864869176771,-1.00537437648519,100.0,656.0,62680.0,4.32574875884392,,54.6896
Lithuania,2004,33.1844288449266,25.788130185067,4.15167623775201,6734.57487061946,53.8780312699426,-1.35907097475528,100.0,656.0,62680.0,3.78382690095436,,54.6896
Lithuania,2005,33.423739629866,30.4164007657945,4.32727074499656,7857.03148786492,53.0077855775367,-1.66408363177334,100.0,656.0,62680.0,3.26218887301447,,54.6896
Lithuania,2006,33.6630504148054,29.9744735162731,3.8728905163979,9210.10118229413,52.1682992980217,-1.50680494919405,100.0,656.0,62680.0,2.80924432231108,,54.6896
Lithuania,2007,33.9023611997447,29.2852584556477,3.47267609522387,12295.1212779366,51.5522335673261,-1.06744502075479,100.0,656.0,62680.0,3.00629700966057,,54.6896
Lithuania,2008,34.1443956920622,29.7008376545672,3.28158323801393,14955.5345462921,51.0288153171121,-0.977126381533014,100.0,656.0,62675.0,1.90534188355688,,54.6896
Lithuania,2009,34.3837255684085,32.7674511368169,2.52928276861212,11854.3711053096,50.4653530115676,-1.06707712244824,100.0,656.0,62675.0,2.03678562646675,,54.6896
Lithuania,2010,34.6230554447547,33.9433585959314,3.06871518554059,11829.122609457,49.418141204627,-2.11248894972435,100.0,656.0,62675.0,2.34403437365482,,54.6896
Lithuania,2011,34.6778568465392,34.8741104764336,3.51897129368263,14261.8433787325,48.3153301209433,-2.2876140899425,100.0,656.0,62674.0,2.38825392067277,,54.6896
Lithuania,2012,34.7321058174043,36.0675878354661,4.00007448760216,14288.1853493139,47.6934454478731,-1.14304131488923,100.0,656.0,62674.0,2.18129928843467,,54.6896
Lithuania,2013,34.7857997606701,36.5456721180694,3.53435810553224,15636.5252586048,47.2477064220183,-0.705009299027053,100.0,656.0,62675.0,2.51133555385539,,54.6896
Lithuania,2014,34.853950518755,37.51316839585,3.4401608409572,16446.1647181663,46.8835275339186,-0.601560833052568,100.0,656.0,62650.0,2.68763533952547,,54.6896
Lithuania,2015,34.9082202713488,34.6671987230646,3.43671864804715,14269.8039878287,46.4662250598563,-0.779798413753511,100.0,656.0,62650.0,2.94819044982298,,54.6896
Lithuania,2016,34.9605695859008,34.2070815108074,3.12061896056681,14934.2702840428,45.9328405861882,-1.22509915810133,100.0,656.0,62642.0,3.02786158576611,,54.6896
Lithuania,2017,35.0569116074137,33.5834357689054,3.54933633712632,16800.1510246099,45.3798470650213,-1.34404396155367,100.0,656.0,62641.0,2.81588831374184,,54.6896
Lithuania,2018,35.0950023950184,33.7697589014849,2.88685726647675,19247.2315367967,45.0135717707169,-0.76070486060873,100.0,656.0,62630.0,3.11194919372886,,54.6896
Lithuania,2019,35.1325455126158,35.3225806451613,3.12404744403716,19608.7943945553,44.8912328329607,-0.140405433114721,100.0,656.0,62620.0,2.98494353034823,,54.6896
Lithuania,2020,35.1485148514851,35.9214308527627,3.53241993914326,20428.6478157394,44.8797349089748,0.241305756546441,100.0,656.0,62620.0,2.94360975305747,,54.6896
Lithuania,2021,35.1807490816164,36.3999361124421,3.39582123831296,23870.4594851722,44.8551349624661,1.05849535200157,100.0,656.0,62610.0,3.15553467368976,,54.6896
Lithuania,2022,35.2036435371542,36.6174685323622,3.9279382912554,25085.784063499,45.2309596830873,0.96464514094756,100.0,656.0,62604.0,3.124131222846,,54.6896
Luxembourg,2000,33.6769652665025,24.0827202597826,0.596866957478124,48659.5988753233,169.472433053922,1.85740608119151,100.0,934.0,2574.46,0.595589760460604,,49.61
Luxembourg,2001,33.7546514608889,24.0827202597826,0.560287361469729,48440.1420151355,171.501984882267,1.66211199219479,100.0,934.0,2574.46,0.503765559149412,,49.61
Luxembourg,2002,33.8323376552753,24.0827202597826,0.690661512047414,53005.7339209179,173.30818890175,1.50165944622789,100.0,934.0,2574.46,0.651012642789166,,49.61
Luxembourg,2003,33.9100238496617,24.0827202597826,0.46423787561405,65689.3214536911,175.427079853639,1.66872919053788,100.0,934.0,2574.46,0.98032742962179,,49.61
Luxembourg,2004,33.9877100440481,24.0827202597826,0.535432004959881,76544.9170868473,177.938286087179,1.87519189154017,100.0,934.0,2574.46,0.831833281292651,,49.61
Luxembourg,2005,34.0653962384345,23.3058583159187,0.35650094088746,80988.1376230858,180.681774041935,1.98688358626466,100.0,934.0,2574.46,0.744560264845497,,49.61
Luxembourg,2006,34.1430824328209,23.3058583159187,0.311756721900439,90788.8004876145,183.586849281014,2.05746880825298,100.0,934.0,2574.46,0.766973395936608,,49.61
Luxembourg,2007,34.2207686272073,23.6942892878507,0.363222868939437,107475.320297978,186.444147510546,2.01479421599377,100.0,934.0,2574.46,0.813344553386231,,49.61
Luxembourg,2008,34.2984548215937,24.0827202597826,0.307778948525776,120422.137934157,189.806794434561,2.2688378192309,100.0,934.0,2574.46,0.578053069761913,,49.61
Luxembourg,2009,34.37614101598,23.9933811362383,0.233334868942186,109419.746953106,193.354334501216,2.34613918834195,100.0,934.0,2574.46,0.971629635814493,,49.61
Luxembourg,2010,34.4538272103664,24.063298711186,0.268412058048641,110885.991378721,196.916246513832,2.33516468730941,100.0,934.0,2574.46,3.02418819382916,,49.61
Luxembourg,2011,34.4538272103664,24.1293319764145,0.25111528958498,119025.057203467,201.342029008025,2.75054879891022,100.0,934.0,2574.46,3.62633061300325,,49.61
Luxembourg,2012,34.4538272103664,24.3002416040645,0.287951499538819,112584.676270958,206.235870823396,2.94449696747243,100.0,934.0,2574.46,2.99482885375794,,49.61
Luxembourg,2013,34.4538272103664,24.257514197152,0.261907196956465,120000.140729859,211.05785290896,2.86947891175793,100.0,934.0,2574.46,2.41826620285707,,49.61
Luxembourg,2014,34.4538272103664,24.3196631526611,0.289550438585059,123678.702143275,216.091529874226,2.92962352217418,100.0,934.0,2574.46,2.0033841186195,,49.61
Luxembourg,2015,34.4538272103664,24.3934650373282,0.223732628740735,105462.012584423,221.251835336342,2.94584366285559,100.0,934.0,2574.46,1.93339279665593,,49.61
Luxembourg,2016,34.4538272103664,24.0283399237122,0.214197008159042,106899.293549552,226.072263698018,2.75404407302226,100.0,934.0,2574.46,1.96743768583197,,49.61
Luxembourg,2017,34.4538272103664,24.097480636716,0.23457255011554,110193.213797228,231.635372078028,3.04158091584956,100.0,934.0,2574.46,2.28800734183042,,49.61
Luxembourg,2018,34.4538272103664,24.1270013905829,0.233738394048527,116926.759593905,236.146609386046,2.55074736114593,100.0,934.0,2574.46,1.52209156166311,,49.61
Luxembourg,2019,34.4538272103664,24.0667945899334,0.214828063048275,112696.649059674,240.827591028798,2.59545052465459,100.0,934.0,2574.46,1.36654253294287,,49.61
Luxembourg,2020,34.4538272103664,24.1332162861338,0.20041631187567,116860.02817236,244.874264894386,2.30880939780833,100.0,934.0,2574.46,1.30135474108203,,49.61
Luxembourg,2021,34.4538272103664,24.2660596785345,0.194861687098922,134965.815442152,248.62068161867,2.28891879721472,100.0,934.0,2574.46,0.88408480107597,,49.61
Luxembourg,2022,34.4538272103664,24.0796128120072,0.242167478298755,123719.658915996,253.685433061691,2.20086380957861,100.0,934.0,2574.46,0.667924628185856,,49.61
"Macao SAR, China",2000,,,,15731.4081633771,21530.0,0.755783260513311,,,20.0,0.018448025265411,,22.1667
"Macao SAR, China",2001,,,,15810.7227666562,16688.4615384615,0.767631088432971,,,26.0,0.0270839404479963,,22.1667
"Macao SAR, China",2002,,,,16814.9926424134,16237.037037037,1.03176428295007,,,27.0,0.0181631257208143,,22.1667
"Macao SAR, China",2003,,,,18589.8998330534,16429.6296296296,1.17915198424063,,,27.0,0.0147044705384172,,22.1667
"Macao SAR, China",2004,,,,23407.1993692194,16239.2857142857,2.4714605354753,,,28.0,0.00978519977790931,,22.1667
"Macao SAR, China",2005,,,,25681.2167315221,16910.7142857143,4.05140517951681,,,28.0,0.0148312739577519,,22.1667
"Macao SAR, China",2006,,,,29813.7877167933,17444.0559440559,5.22537622408588,,,28.6,0.0136706202492845,,22.1667
"Macao SAR, China",2007,,,,35400.2334659409,17839.0410958904,4.31524098841543,,,29.2,0.0132998677433591,,22.1667
"Macao SAR, China",2008,,,,38888.5118044503,18517.1232876712,3.73065116368133,,,29.2,0.00974883948987649,,22.1667
"Macao SAR, China",2009,,,,40354.2810293673,18135.593220339,-1.05978494919527,,,29.5,0.0,,22.1667
"Macao SAR, China",2010,,,,52596.2250160214,18080.8080808081,0.373134761285818,,,29.7,0.0,,22.1667
"Macao SAR, China",2011,,,,67046.7284292101,18381.27090301,2.31926463992749,,,29.9,0.0,,22.1667
"Macao SAR, China",2012,,,,76058.0224963659,18993.3110367893,3.27546059752472,,,29.9,0.0,,22.1667
"Macao SAR, China",2013,,,,87107.8313063626,19534.6534653465,4.13923548132925,,,30.3,0.0,,22.1667
"Macao SAR, China",2014,,,,88355.3181764446,20518.1518151815,4.91199595786125,,,30.3,0.653560741658951,,22.1667
"Macao SAR, China",2015,,,,69902.9605741233,21148.0263157895,3.35315298723492,,,30.4,0.51643113056417,,22.1667
"Macao SAR, China",2016,,,,68911.6755919628,21393.4426229508,1.48219480492074,,,30.5,0.114894910685506,,22.1667
"Macao SAR, China",2017,,,,77570.9876166977,21051.9480519481,-0.630334933532746,,,30.8,0.629019193171785,,22.1667
"Macao SAR, China",2018,,,,83588.2875009014,20027.3556231003,1.60639880582531,,,32.9,1.49193660847881,,22.1667
"Macao SAR, China",2019,,,,81882.6964523869,20425.5319148936,1.96865626033754,,,32.9,2.94141091663836,,22.1667
"Macao SAR, China",2020,,,,36883.6652578543,20832.8267477204,1.9744268917359,,,32.9,0.852690009671912,,22.1667
"Macao SAR, China",2021,,,,44884.8961602393,20681.8181818182,-0.424008238139362,,,33.0,1.30157597832414,,22.1667
"Macao SAR, China",2022,,,,36806.891255461,20524.2424242424,-0.764822083825685,,,33.0,0.320051725692139,,22.1667
Madagascar,2000,22.4071774942394,4.98675929428758,30.8787172940737,280.282905559649,28.4010351824466,4.38386552261145,0.8,1513.0,581540.0,3.02375928262259,103.019407927904,20.4667
Madagascar,2001,22.3265828661829,5.07273790280978,29.8513134115876,319.283278235657,29.2893678852701,4.26604909640402,0.8,1513.0,581540.0,3.91439642632755,78.1232609671663,20.4667
Madagascar,2002,22.2459882381264,5.07273790280978,34.1425139825593,304.941777398445,30.1783419885133,4.15185212036759,0.8,1513.0,581540.0,3.88984167093708,87.0532997572408,20.4667
Madagascar,2003,22.1653936100698,5.07273790280978,32.0297909636333,352.620095849925,31.075857206727,4.0686000249966,0.8,1513.0,581540.0,3.60040761807975,79.0994165632916,20.4667
Madagascar,2004,22.0847989820133,5.07273790280978,31.4205052808436,272.20074858856,31.9954053031606,4.03051287961766,0.7,1513.0,581540.0,3.15517982726032,76.6389141389255,20.4667
Madagascar,2005,22.0042043539567,5.15871651133198,30.7627339341287,305.812074924388,32.946498951061,4.02050869673971,0.7,1513.0,581540.0,6.87856914895036,61.4523509812397,20.4667
Madagascar,2006,21.9236097259002,5.15871651133198,30.1822717236059,324.146874882604,33.9287220139629,4.00610788137728,0.7,1513.0,581540.0,4.37006209294383,24.4369416539954,20.4667
Madagascar,2007,21.8430150978437,5.15871651133198,28.0670132910209,419.548001431865,34.9392698696564,3.98087477533884,0.6,1513.0,581540.0,3.43708209796693,27.6379346616501,20.4667
Madagascar,2008,21.7624204697871,5.15871651133198,27.0525720488789,512.579800058444,35.9800529628229,3.95908006789066,0.6,1513.0,581540.0,2.64101002463568,23.8397536854649,20.4667
Madagascar,2009,21.6818258417306,5.15871651133198,30.4651481314923,446.315238370592,37.0521030367644,3.93792963976893,0.6,1513.0,581540.0,4.87476956102065,30.0620229114352,20.4667
Madagascar,2010,21.601231213674,5.15871651133198,29.0780963483597,450.009391645726,38.1458541114971,3.88950225367973,0.6,1513.0,581540.0,2.84564966209025,28.1124879975055,20.4667
Madagascar,2011,21.5690440791,5.15645545252194,29.0502057606452,506.163691559309,39.2273910913638,3.79865731297877,0.6,1513.0,581795.0,2.0228442912942,25.2856982129885,20.4667
Madagascar,2012,21.5463247363762,5.15645545252194,28.0006123574142,493.511162904211,40.327672118186,3.70422372987129,0.5,1513.0,581795.0,2.3130809728959,26.7087091899864,20.4667
Madagascar,2013,21.5234204193881,5.15641113784806,26.4930339794941,515.301589361832,41.4391371605363,3.63679764938622,0.6,1513.0,581800.0,2.33775630866297,24.5044769963674,20.4667
Madagascar,2014,21.5007012719147,5.15641113784806,25.8453829296172,505.684922503435,42.5650532829151,3.57738419016128,0.5,1513.0,581800.0,2.20304741040744,24.2440491437094,20.4667
Madagascar,2015,21.4779821244414,5.15641113784806,25.7433543337656,445.320069480568,43.7035097971812,3.51575337604664,0.5,1513.0,581800.0,2.19831017530231,27.4767144034678,20.4667
Madagascar,2016,21.4552767273977,5.15641113784806,25.1334543599723,453.970714522463,44.8606943966999,3.46951602047804,0.5,1513.0,581800.0,2.12253195734445,26.0181703262019,20.4667
Madagascar,2017,21.4325541423169,5.15641113784806,24.5501377693098,491.866848718929,46.0439584049502,3.43969906075462,0.5,1513.0,581800.0,2.16533894824426,26.3828294698937,20.4667
Madagascar,2018,21.4098315572362,5.15641113784806,23.9733833005861,500.45718552916,47.2583808869027,3.43262310541589,0.5,1513.0,581800.0,1.95434445801054,27.8398702733725,20.4667
Madagascar,2019,21.3871261601925,5.15641113784806,22.9562520100657,499.818837622534,48.5038741835682,3.88522619474041,0.5,1513.0,581800.0,2.24834207434405,29.6324583649625,20.4667
Madagascar,2020,21.3644035751117,5.15641113784806,24.6929443981327,450.771615201509,49.7654795462358,3.87013474245801,0.5,1513.0,581800.0,2.8089485752044,38.2191601869722,20.4667
Madagascar,2021,21.3416925060158,5.15641113784806,22.5220913616157,483.469463351195,51.0331436919904,3.84762142745941,0.5,1513.0,581800.0,1.71818869601635,37.9205140933986,20.4667
Madagascar,2022,21.3189737023032,5.15641113784806,21.5442357878393,503.51453347296,52.3156772086628,3.8421861167142,0.6,1513.0,581800.0,1.18425648390419,39.6850024837053,20.4667
Malawi,2000,32.6866779804837,29.1684344505728,29.6608890123553,224.22415918428,120.024840899448,3.20100836115139,0.4,1181.0,94280.0,2.92736665510437,107.782579493177,13.9899
Malawi,2001,32.2411964361476,30.22910479423,29.3463400754759,215.474524898357,122.964128128978,3.12097470266371,0.5,1181.0,94280.0,2.47569285568124,105.029019287809,13.9899
Malawi,2002,31.7957148918116,30.22910479423,32.287184795846,428.210439838398,126.012303775986,3.06823106957157,0.5,1181.0,94280.0,2.75369323913118,57.5240856826466,13.9899
Malawi,2003,31.3502333474756,31.8201103097157,30.1281788478073,383.348596852642,129.206342808655,3.05887318510944,0.5,1181.0,94280.0,1.99402455828754,67.2217840173433,13.9899
Malawi,2004,30.9047518031396,31.8201103097157,28.8733040048574,404.674248445428,132.591610097582,3.09630791016817,0.6,1181.0,94280.0,5.61018114157706,68.6952976395786,13.9899
Malawi,2005,30.4592702588036,33.9414509970301,27.3766782308788,414.361121984475,136.19040093339,3.15966660149165,0.6,1181.0,94280.0,3.79439999272316,60.5239315129805,13.9899
Malawi,2006,30.0137887144675,35.0021213406873,25.6738776075689,440.822149023873,139.994707254985,3.22552393970417,0.6,1181.0,94280.0,3.33496162576053,15.0609514420483,13.9899
Malawi,2007,29.5683071701315,35.0021213406873,22.8824872507399,475.180261659331,144.000243954179,3.29694444113219,0.6,1181.0,94280.0,3.79505044769817,13.513352544671,13.9899
Malawi,2008,29.1228256257955,36.5931268561731,24.9323563197161,554.048820396119,148.243710224862,3.40152438079919,0.6,1181.0,94280.0,4.12099474853936,12.8835470023629,13.9899
Malawi,2009,28.6773440814595,37.1234620280017,25.3093021258133,625.869729869625,152.691854051761,3.46237323309805,0.6,1181.0,94280.0,3.82157750593555,12.7820359791394,13.9899
Malawi,2010,28.2318625371235,37.1234620280017,24.6321400620979,683.124694716799,157.259896054306,3.44110049608203,0.6,1181.0,94280.0,3.97761716458598,10.1861815496722,13.9899
Malawi,2011,27.7863809927874,37.1234620280017,23.9314133083531,763.061000394572,161.911561306746,3.39597396394666,0.6,1181.0,94280.0,5.10652818152404,10.522553020403,13.9899
Malawi,2012,27.3408994484514,37.1234620280017,23.5292854390256,558.46208832772,166.626824352991,3.33894855025274,0.6,1181.0,94280.0,6.86389281394788,15.4152516993896,13.9899
Malawi,2013,26.8954179041154,37.6007636826474,23.8492870296807,496.947368267313,171.423589308443,3.29335673845668,0.6,1181.0,94280.0,4.61910060799164,19.85391823941,13.9899
Malawi,2014,26.4499363597794,38.1947390750955,23.8734416539637,529.5133440206,176.299724225711,3.24682151031395,0.6,1181.0,94280.0,3.95718513403447,19.2215926499317,13.9899
Malawi,2015,26.0044548154434,38.7781077641069,22.9948363698368,539.605363240686,181.221754348748,3.18205072113662,0.6,1181.0,94280.0,4.06198069026224,19.1396926868478,13.9899
Malawi,2016,25.5589732711073,39.3720831565549,22.1929077690151,450.506105510719,186.229730589733,3.14056098794322,0.6,1181.0,94280.0,2.21417085061349,23.4326204329779,13.9899
Malawi,2017,25.1134917267713,39.9554518455664,22.9262319821323,495.769683367165,191.341907085278,3.10852759634947,0.6,1181.0,94280.0,1.79097588121344,24.7544283085607,13.9899
Malawi,2018,24.6680101824353,40.5494272380144,21.632593506951,533.202567189331,196.521860415783,3.03835350425563,0.5,1181.0,94280.0,1.4402637354579,23.7046530017529,13.9899
Malawi,2019,24.2225286380993,41.1327959270259,22.9473991790142,580.889139762475,201.800509121765,3.37337029752981,0.5,1181.0,94280.0,1.1992526701127,22.5064008416382,13.9899
Malawi,2020,23.7770470937633,41.7267713194739,25.0150110062267,602.507478176106,207.190156979211,3.60861308750451,0.5,1181.0,94280.0,0.952886148103193,25.8886794398271,13.9899
Malawi,2021,23.3315655494272,42.4268137462877,25.5328304255348,617.446994451007,212.635320322444,3.76575887922325,0.5,1181.0,94280.0,1.19811325048781,26.6288989509456,13.9899
Malawi,2022,22.8860840050912,42.4268137462877,27.5975518762201,604.269740360317,218.166397963513,3.93175072032932,0.5,1181.0,94280.0,1.92316627845787,27.7078594488565,13.9899
Malaysia,2000,59.9341043981129,2.64404200273931,8.59902188826631,4083.52874483605,69.9066078222493,4.11857803519402,95.6,2875.0,328550.0,2.62166031629589,,3.12433
Malaysia,2001,59.7077461573581,2.66930451985999,8.01097059098812,3943.79943910239,71.6071769898037,4.08152524339431,95.6,2875.0,328550.0,2.1150121684883,,3.12433
Malaysia,2002,59.4813879166033,2.94475726677827,8.98508140381459,4184.03163773539,73.3601491401613,4.05272088883183,95.6,2875.0,328550.0,2.24931812279421,,3.12433
Malaysia,2003,59.2550296758484,2.88004869882818,9.30608521643197,4465.32194567208,75.1167310911581,3.94409179489146,95.55,2875.0,328550.0,2.3926282976905,,3.12433
Malaysia,2004,59.0286714350936,2.88144879013849,9.27100209261509,4939.24851854427,76.8734500076092,3.82112666452826,95.4,2875.0,328550.0,2.45105740426016,,3.12433
Malaysia,2005,58.8023131943388,2.88969715416223,8.26229170422644,5555.58179951206,78.6366489118856,3.69725403553387,95.1,2875.0,328550.0,2.47911409096325,,3.12433
Malaysia,2006,58.5759549535839,2.70948105311216,8.60998284136304,6158.40785533236,80.4075757114594,3.56581273090479,94.8,2875.0,328550.0,2.73721078320376,,3.12433
Malaysia,2007,58.3495967128291,2.5177294171359,9.98677367962245,7168.93031942508,82.1743691979912,3.4110707111258,94.4,2875.0,328550.0,2.45972660907967,,3.12433
Malaysia,2008,58.1232384720743,2.64921625323391,9.96858233467411,8371.82156086005,83.9143478922538,3.22157107251627,94.0,2875.0,328550.0,2.35122398015465,,3.12433
Malaysia,2009,57.8968802313194,2.5719068634911,9.21910004390782,7191.43287234626,85.6027332217319,2.99707442771645,93.6,2875.0,328550.0,2.05762584665344,,3.12433
Malaysia,2010,57.6705219905646,2.60021305737331,10.0899159275121,8899.34505544675,87.2189194947497,2.74387862869148,92.8,2875.0,328550.0,2.64559836130296,,3.12433
Malaysia,2011,57.9849764115051,2.63460660477857,11.4533531198278,10217.1068585031,88.7598204230711,2.54121527592977,92.2,2875.0,328550.0,3.16591111931744,,3.12433
Malaysia,2012,58.2994308324456,2.64312889971085,9.79375074645921,10600.5744240026,90.2840693958302,2.46075428405176,91.8,2875.0,328550.0,2.40056527578499,,3.12433
Malaysia,2013,58.6138852533861,2.44315933647847,9.11336384538206,10713.6407638899,91.8407091766854,2.42976452098701,90.9,2875.0,328550.0,2.16598303021311,,3.12433
Malaysia,2014,58.9283396743266,2.47756810226754,8.87320901302643,11013.3107334403,93.4291188555775,2.3911113300604,89.9,2875.0,328550.0,1.76060618807828,,3.12433
Malaysia,2015,59.2427940952671,2.51197686805661,8.2874950827938,9648.6797937523,95.0625414700959,2.35956978250673,89.25,2875.0,328550.0,1.84500168501232,,3.12433
Malaysia,2016,58.7875209252777,2.51197686805661,8.46251885618027,9476.53409809923,96.7575254907929,2.33773644681585,88.0,2875.0,328550.0,1.93698849135515,,3.12433
Malaysia,2017,58.6348805356871,2.51197686805661,8.59827753533139,9862.54806612235,98.4801217470705,2.27323363905926,86.7,2875.0,328550.0,2.12696368811702,,3.12433
Malaysia,2018,58.4822401460965,2.51197686805661,7.51205693063821,10901.8019954421,100.170345457312,2.14258820615584,85.1,2875.0,328550.0,1.68245537265053,,3.12433
Malaysia,2019,58.3295997565059,2.51197686805661,7.24131401562151,10920.191763972,101.782364936844,1.96367692651109,84.2,2875.0,328550.0,1.69909249623657,,3.12433
Malaysia,2020,58.1769593669152,2.51197686805661,8.16597089919598,9957.52626697613,103.148860143053,1.61839929712928,82.8,2875.0,328550.0,1.56448194135702,,3.12433
Malaysia,2021,58.0243189773246,2.51197686805661,9.56621458844467,10903.1037480772,104.344541165728,1.76047905071702,80.8,2875.0,328550.0,1.43359401549096,,3.12433
Malaysia,2022,57.871678587734,2.51197686805661,8.96184922741417,11754.5678336248,105.601865773855,1.8120633245528,79.2,2875.0,328550.0,1.19341792760023,,3.12433
Maldives,2000,2.73333333333333,10.0,,2213.81235053178,940.063333333333,3.85509138830998,15.8,1972.0,300.0,0.0423593001512866,34.1594895904385,4.1742
Maldives,2001,2.73333333333333,10.0,,3033.93234507036,955.89,5.03988445430481,23.6,1972.0,300.0,0.0494390337458112,27.5565262892451,4.1742
Maldives,2002,2.73333333333333,10.0,,3076.07007160101,972.053333333333,6.25769847950436,33.3,1972.0,300.0,0.0635028770054841,30.8619596590252,4.1742
Maldives,2003,2.73333333333333,10.0,5.31119305526257,3548.5767011056,988.303333333333,6.56393503106261,44.15,1972.0,300.0,0.0344352751208426,28.8104453628009,4.1742
Maldives,2004,2.73333333333333,10.0,5.58419966027205,4070.2609459446,1004.71,6.20191530555894,54.8,1972.0,300.0,0.0264234331181771,28.4722746342198,4.1742
Maldives,2005,2.73333333333333,10.0,7.72803149548683,3796.51546524644,1021.43,5.28850267980301,64.35,1972.0,300.0,0.00725173013923053,31.9883796763899,4.1742
Maldives,2006,2.73333333333333,10.0,6.59515824761547,5018.94335409159,1046.17,4.7034922818256,72.5,1972.0,300.0,0.000597330560696941,36.0722972233685,4.1742
Maldives,2007,2.73333333333333,10.0,6.16535561061297,5758.10286933053,1081.59666666667,4.94109210908272,79.0,1972.0,300.0,0.0042220194650351,48.6122685637439,4.1742
Maldives,2008,2.73333333333333,10.0,6.87564686871737,6757.43280929292,1120.56666666667,4.93963181411588,84.1,1972.0,300.0,0.000899785812990827,57.6384056975488,4.1742
Maldives,2009,2.73333333333333,10.0,5.41948164022105,6734.03165601895,1160.91666666667,4.74971280410614,87.8,1972.0,300.0,0.00124306297813576,66.16301742836,4.1742
Maldives,2010,2.73333333333333,13.0,5.63412071744814,7173.59601844692,1202.64,4.60519906343892,91.0,1972.0,300.0,,40.1281147350981,4.1742
Maldives,2011,2.73333333333333,13.0,5.38563467872235,7424.520410971,1245.58,4.49039988870871,93.2,1972.0,300.0,0.000241817032527776,35.5158602200661,4.1742
Maldives,2012,2.73333333333333,13.0,5.19060488893993,7461.29703686309,1289.39333333333,4.39125890981467,94.8,1972.0,300.0,0.0395998300912597,35.923424043945,4.1742
Maldives,2013,2.73333333333333,13.0,5.41343407969003,8236.08177944126,1333.56666666667,4.29708388690824,96.2,1972.0,300.0,4.20407856159206e-06,34.9521788047807,4.1742
Maldives,2014,2.73333333333333,13.0,5.30718639208498,8939.07416571472,1378.72333333333,4.29868481529749,97.1,1972.0,300.0,,32.944864777841,4.1742
Maldives,2015,2.73333333333333,13.0,5.53360354751635,9644.90655028145,1427.18,4.45321237779904,97.8,1972.0,300.0,,26.4416895520383,4.1742
Maldives,2016,2.73333333333333,13.0,5.62856347337925,9947.80744731739,1477.69333333333,4.45517862607386,98.4,1972.0,300.0,,28.0382666399164,4.1742
Maldives,2017,2.73333333333333,13.0,5.2710997522179,10509.628805812,1527.62333333333,4.2734522155411,98.7,1972.0,300.0,0.00887605670360521,33.0008165324018,4.1742
Maldives,2018,2.73333333333333,13.0,5.12400562914012,11423.2838427029,1576.99666666667,4.10308111774376,99.1,1972.0,300.0,0.0124119894931634,47.2562178051555,4.1742
Maldives,2019,2.73333333333333,13.0,4.49402389452079,11740.2724029785,1625.77,3.94134282962192,99.3,1972.0,300.0,0.00893836488600186,51.7745443328391,4.1742
Maldives,2020,2.73333333333333,13.0,7.57494516566345,7393.8886543933,1673.72666666667,3.77511356789507,99.5,1972.0,300.0,,107.470713789041,4.1742
Maldives,2021,2.73333333333333,13.0,5.30620397187521,10176.143882547,1720.51333333333,3.59830458494913,99.7,1972.0,300.0,0.0174403003501821,86.9049861911727,4.1742
Maldives,2022,2.73333333333333,13.0,5.06182478777329,11786.0191492983,1747.02,2.32207848209989,99.7,1972.0,300.0,0.00915720321324462,73.0396211302368,4.1742
Mali,2000,10.896663634352,3.71253657217319,26.5674267955327,304.652870194271,9.47335251067457,4.60565617130307,0.3,282.0,1220190.0,36.0702661532583,101.700451429186,13.5667
Mali,2001,10.896663634352,3.71253657217319,26.4332165236526,346.224554251022,9.76254353830141,4.78567667349428,0.3,282.0,1220190.0,13.8804331190544,87.1571308480043,13.5667
Mali,2002,10.896663634352,4.01576803612552,27.4767257840254,378.191678628285,10.0706037584311,4.95874790482483,0.3,282.0,1220190.0,18.1152122568399,75.6599431535743,13.5667
Mali,2003,10.896663634352,4.86973340217507,22.9908148143688,441.910358475095,10.3958850670797,5.09212752937525,0.35,282.0,1220190.0,34.8215786276394,67.1705706143663,13.5667
Mali,2004,10.896663634352,4.01740712511986,23.7241309998183,495.006294680645,10.7380071956007,5.20081613329354,0.4,282.0,1220190.0,35.9354795017626,47.3115599857406,13.5667
Mali,2005,10.896663634352,4.59190781763496,24.2687063406071,548.730382842725,11.0955236479565,5.27694833285725,0.4,282.0,1220190.0,24.4721862933271,40.7500387011475,13.5667
Mali,2006,10.896663634352,4.65255411042543,22.200470279959,586.985415515264,11.4655414320721,5.31081412068887,0.4,282.0,1220190.0,16.6913950031997,18.4699428985465,13.5667
Mali,2007,10.896663634352,4.7599144395545,23.3084533846113,670.853394973479,11.8487899425499,5.33756788025191,0.4,282.0,1220190.0,13.8318360584431,18.3510118579684,13.5667
Mali,2008,10.896663634352,4.94267286242307,23.8672330814583,767.19483895009,12.2446356714938,5.3462035545638,0.4,282.0,1220190.0,10.6358754452642,17.0708601515094,13.5667
Mali,2009,10.896663634352,5.12657864758767,25.1844479674011,787.482564287398,12.6501110482794,5.32489758859847,0.4,282.0,1220190.0,,18.0877760438867,13.5667
Mali,2010,10.896663634352,5.13116809677181,25.9857196698272,797.151541135109,13.0677992771618,5.34568956930789,0.4,282.0,1220190.0,8.74665563023247,19.0859485309254,13.5667
Mali,2011,10.896663634352,5.28606200673666,27.5615497296504,938.292902583696,13.497118481548,5.37917753226324,0.4,282.0,1220190.0,9.37879450813212,19.3256703955007,13.5667
Mali,2012,10.896663634352,5.4409559167015,30.7772665359157,872.506092465564,13.8970430834542,5.10697370029046,0.4,282.0,1220190.0,15.7749561318685,21.2743322221424,13.5667
Mali,2013,10.896663634352,5.59584982666634,28.4968116076853,901.920957644831,14.3089313959301,5.14232370982279,0.4,282.0,1220190.0,,22.7159140936048,13.5667
Mali,2014,10.896663634352,5.75074373663118,29.3244531265672,947.915033288325,14.7684106573566,5.4113932085749,0.4,282.0,1220190.0,,21.2679303567274,13.5667
Mali,2015,10.896663634352,5.90563764659602,30.525122276133,838.11986940103,15.2378088658324,5.40376274744833,0.4,282.0,1220190.0,,24.5106089686809,13.5667
Mali,2016,10.896663634352,6.06135110105803,30.9987192702461,872.468587171653,15.7281152935199,5.46124181744466,0.4,282.0,1220190.0,10.0342006460524,23.5063008450627,13.5667
Mali,2017,10.896663634352,6.21624501102287,31.4007766435761,924.057531692284,16.2376441373884,5.49741731083225,0.4,282.0,1220190.0,7.85775497647269,24.2588970103253,13.5667
Mali,2018,10.896663634352,6.37113892098771,32.4975413984656,996.379292136901,16.7531531974529,5.44545861158341,0.4,282.0,1220190.0,13.3171418107,23.1419238102101,13.5667
Mali,2019,10.896663634352,6.52603283095256,32.2682205547332,971.949318638092,17.2664953818668,5.34519711408943,0.4,282.0,1220190.0,11.9513574692677,25.264051034063,13.5667
Mali,2020,10.896663634352,6.6809267409174,32.2899608370191,953.242943290974,17.7954548062187,5.34809264749708,0.4,282.0,1220190.0,6.75626715565156,29.1259873468337,13.5667
Mali,2021,10.896663634352,6.83582065088224,32.0375587266747,1027.27345365357,18.348478515641,5.3911832288756,0.4,282.0,1220190.0,5.22873812454695,28.7701638225669,13.5667
Mali,2022,10.896663634352,6.83582065088224,32.7176729018653,976.914116406452,18.9090551471492,5.32744420492495,0.5,282.0,1220190.0,11.5395490919294,28.8716429810643,13.5667
Malta,2000,1.09375,25.0,1.85750867639454,10348.4858902403,1219.021875,0.74175046484388,100.0,560.0,320.0,0.0587060707257181,,35.9042
Malta,2001,1.09375,28.125,2.17273990785706,10357.7025891731,1228.2125,0.840993069844095,100.0,560.0,320.0,0.0647474231206571,,35.9042
Malta,2002,1.09375,28.125,2.1056883372607,11251.2025296416,1237.403125,0.832087477243136,100.0,560.0,320.0,0.0452293096613812,,35.9042
Malta,2003,1.09375,29.0625,1.91969394155142,13593.9787155682,1245.56875,0.744238574737344,100.0,560.0,320.0,0.0455081250077181,,35.9042
Malta,2004,1.09375,28.125,1.84736505981709,15212.1313438497,1253.9625,0.761638658241286,100.0,560.0,320.0,0.0516081102505193,,35.9042
Malta,2005,1.09375,25.625,1.7875545637088,15831.344048672,1261.98125,0.733684455465817,100.0,560.0,320.0,0.0751585315341868,,35.9042
Malta,2006,1.09375,25.625,1.81352377451364,16653.6036929688,1266.5875,0.471420404802011,100.0,560.0,320.0,0.0657351515696864,,35.9042
Malta,2007,1.09375,25.0,1.75516216776462,19444.1741958382,1271.0125,0.469208456320589,100.0,560.0,320.0,0.19671469083436,,35.9042
Malta,2008,1.09375,25.0,1.07473974006632,22315.3104212988,1279.309375,0.775855731558195,100.0,560.0,320.0,0.127359319744037,,35.9042
Malta,2009,1.09375,25.0,1.33019188999536,21176.3218262672,1288.990625,0.873975660812101,100.0,560.0,320.0,0.130108058087153,,35.9042
Malta,2010,1.09375,28.375,1.27165196308386,21946.6069636029,1295.3375,0.595929887643802,100.0,560.0,320.0,0.0973515332684005,,35.9042
Malta,2011,1.09375,28.375,1.0871330532594,23516.9691234302,1300.8375,0.502782443727903,100.0,560.0,320.0,0.112253702508947,,35.9042
Malta,2012,1.09375,28.125,1.09105416670745,22878.3130866521,1312.5875,0.948857180130542,100.0,560.0,320.0,0.102597605088966,,35.9042
Malta,2013,1.09375,28.03125,1.01983618468905,25415.5566867731,1327.53125,1.16189083804925,100.0,560.0,320.0,0.110045692931308,,35.9042
Malta,2014,1.09375,28.03125,1.00159760012932,27424.5765646694,1354.628125,2.04366062567894,100.0,560.0,320.0,0.135385042143723,,35.9042
Malta,2015,1.09375,28.03125,0.94156553720691,25529.6813337717,1388.1875,2.47510149288655,100.0,560.0,320.0,0.122535659443258,,35.9042
Malta,2016,1.1875,28.34375,1.01031741652999,26459.0770929988,1420.328125,2.33244802217776,100.0,560.0,320.0,0.128513687231418,,35.9042
Malta,2017,1.3125,28.34375,0.675890232339448,30317.2443175543,1459.70625,2.82908000996048,100.0,560.0,320.0,0.131721167427073,,35.9042
Malta,2018,1.4375,28.34375,0.621888875995756,33382.2677499267,1512.196875,3.69663169973349,100.0,560.0,320.0,0.0945190821418748,,35.9042
Malta,2019,1.4375,28.34375,0.471910659536485,32421.9179752262,1574.725,4.27221326001935,100.0,560.0,320.0,0.0808040771927276,,35.9042
Malta,2020,1.4375,24.375,0.785620108993087,31823.4363934505,1610.90625,2.53562181333535,100.0,560.0,320.0,0.0979967513162608,,35.9042
Malta,2021,1.4375,24.375,0.881852278329264,38096.8360735119,1619.21875,0.861229340869234,100.0,560.0,320.0,0.184375658019291,,35.9042
Malta,2022,1.4375,24.375,0.839345917125421,35638.8869457406,1659.728125,2.56074152522947,100.0,560.0,320.0,0.158146907697081,,35.9042
Marshall Islands,2000,52.2222222222222,2.77777777777778,8.0499135742804,2264.79114897645,281.7,1.36104002924023,1.6,,180.0,,,7.11046
Marshall Islands,2001,52.2222222222222,2.77777777777778,7.41498993922688,2394.34501105178,284.016666666667,1.3171111078228,1.5,,180.0,,,7.11046
Marshall Islands,2002,52.2222222222222,2.77777777777778,6.45006062443165,2566.06708799222,285.694444444444,1.20145391268136,1.6,,180.0,,,7.11046
Marshall Islands,2003,52.2222222222222,2.77777777777778,6.86799589715432,2539.3307383954,286.883333333333,1.11479503063842,1.7,,180.0,,,7.11046
Marshall Islands,2004,52.2222222222222,2.77777777777778,7.21851015801354,2566.08291015814,287.727777777778,1.0584161756233,1.6,,180.0,,,7.11046
Marshall Islands,2005,52.2222222222222,2.77777777777778,7.12086956521739,2658.65217893885,288.366666666667,1.02823735339344,1.6,,180.0,,,7.11046
Marshall Islands,2006,52.2222222222222,2.77777777777778,7.06717877094972,2754.26988767503,288.844444444444,0.988064498783726,1.6,,180.0,,,7.11046
Marshall Islands,2007,52.2222222222222,2.77777777777778,7.34398671096346,2892.28403958874,289.083333333333,0.903474819961796,1.6,,180.0,,,7.11046
Marshall Islands,2008,52.2222222222222,2.77777777777778,8.80757162346521,2817.60522775322,289.055555555556,0.78655536093075,1.6,,180.0,,,7.11046
Marshall Islands,2009,52.2222222222222,2.77777777777778,9.57301587301587,2906.63026970914,288.994444444444,0.727699325339848,1.6,,180.0,,,7.11046
Marshall Islands,2010,52.2222222222222,2.77777777777778,10.5856610800745,3095.45768964722,289.133333333333,0.730294574164286,1.5,,180.0,,,7.11046
Marshall Islands,2011,52.2222222222222,2.77777777777778,13.8842716192687,3319.39815439151,288.372222222222,0.339683115152409,1.5,,180.0,,,7.11046
Marshall Islands,2012,52.2222222222222,2.77777777777778,17.8198118428334,3514.26515490383,285.661111111111,-0.384188646353678,1.3,,180.0,,,7.11046
Marshall Islands,2013,52.2222222222222,2.77777777777778,15.8570815450644,3677.90690791421,281.561111111111,-0.896937770060044,1.2,,180.0,,,7.11046
Marshall Islands,2014,52.2222222222222,2.77777777777778,12.0370967741935,3735.23977829545,276.644444444444,-1.2281835538707,1.2,,180.0,,,7.11046
Marshall Islands,2015,52.2222222222222,2.77777777777778,12.4228089275993,3764.34426229508,271.111111111111,-1.50107244802237,1.1,,180.0,,,7.11046
Marshall Islands,2016,52.2222222222222,2.77777777777778,12.7276511397423,4229.80988911945,265.05,-1.7558006146421,1.0,,180.0,,,7.11046
Marshall Islands,2017,52.2222222222222,2.77777777777778,15.8322414599906,4592.83457628576,258.494444444444,-2.01248854719859,1.0,,180.0,,,7.11046
Marshall Islands,2018,52.2222222222222,2.77777777777778,16.2795,4858.12079054875,251.583333333333,-2.2353033330215,0.8,,180.0,,,7.11046
Marshall Islands,2019,52.2222222222222,2.77777777777778,18.2091455560326,5292.33985502306,244.483333333333,-2.40152766563051,0.8,,180.0,,,7.11046
Marshall Islands,2020,52.2222222222222,2.77777777777778,19.9060380479735,5661.96787336674,237.255555555556,-2.55450135836133,0.7,,180.0,,,7.11046
Marshall Islands,2021,52.2222222222222,2.77777777777778,24.7416872933968,6315.31279603534,229.816666666667,-2.75841428520456,0.7,,180.0,,,7.11046
Marshall Islands,2022,52.2222222222222,2.77777777777778,20.5804021024429,6455.66062185762,222.65,-2.69578522782209,0.6,,180.0,,,7.11046
Mauritania,2000,0.409081206946735,0.436596487823809,24.8287452979645,680.911061879778,2.53559813718832,2.66665622423687,13.6,92.0,1030700.0,0.000899923747725184,130.744174572824,18.2367
Mauritania,2001,0.403803240516154,0.436596487823809,24.8689597080936,651.817840199777,2.59897157271757,2.60385454155604,14.2,92.0,1030700.0,0.00176732353459714,131.343454662178,18.2367
Mauritania,2002,0.398525274085573,0.436596487823809,24.2300169627578,648.879643934862,2.65708256524692,2.95113320189588,15.15,92.0,1030700.0,0.00391948811879024,122.076949146549,18.2367
Mauritania,2003,0.393247307654992,0.436596487823809,24.1788498451535,732.017820812675,2.71858542737945,3.57367381025006,15.8,92.0,1030700.0,0.0043308480225938,109.949676021768,18.2367
Mauritania,2004,0.387969341224411,0.436596487823809,22.9178992193284,823.554457141893,2.78321917143689,4.08792971020018,16.4,92.0,1030700.0,0.0213452158059932,94.7092415459895,18.2367
Mauritania,2005,0.382691374793829,0.436596487823809,20.0701967217813,998.96583416747,2.85151741534879,4.52149815724087,16.9,92.0,1030700.0,0.00344825506943684,76.0332139319088,18.2367
Mauritania,2006,0.377413408363248,0.436596487823809,16.6071438940053,1300.60367988659,2.92389638110022,4.8711169542429,17.2,92.0,1030700.0,,40.5726487426479,18.2367
Mauritania,2007,0.372135441932667,0.436596487823809,18.4325192807889,1405.15016203368,3.00093043562627,5.14587749601302,17.7,92.0,1030700.0,0.00325749129236425,59.9374823018585,18.2367
Mauritania,2008,0.366857475502086,0.436596487823809,18.5594231007108,1635.5630623124,3.08845347821869,5.52064773068348,18.0,92.0,1030700.0,0.0172138932279344,54.9914205126402,18.2367
Mauritania,2009,0.361579509071505,0.436596487823809,19.178182151624,1435.43010811893,3.18661880275541,5.80225185284367,18.1,92.0,1030700.0,0.01462645688104,65.9176238407268,18.2367
Mauritania,2010,0.356301542640924,0.436596487823809,16.7330487035243,1659.96369705455,3.28996313185214,5.82647240618461,18.6,92.0,1030700.0,0.026687241032176,63.9658175195976,18.2367
Mauritania,2011,0.351023576210342,0.436596487823809,14.5158947387598,1931.19975525465,3.39847773357912,5.78223469022231,18.7,92.0,1030700.0,0.0207372764386138,56.6317449678541,18.2367
Mauritania,2012,0.345745609779761,0.436596487823809,16.0859607599369,1859.11733247641,3.511238963811,5.65022864652988,18.9,92.0,1030700.0,0.0342543437120481,65.4300838485043,18.2367
Mauritania,2013,0.34046764334918,0.436596487823809,16.2826011052317,1934.24103064714,3.62308916270496,5.35275419208433,18.7,92.0,1030700.0,0.0213280131101425,64.3590935844152,18.2367
Mauritania,2014,0.335189676918599,0.436596487823809,18.8142560652114,1713.00865264234,3.7338837683128,5.24438258947112,18.9,92.0,1030700.0,0.0170183756588924,71.479052914401,18.2367
Mauritania,2015,0.329911710488018,0.436596487823809,20.6295456111909,1554.94897871782,3.84783060056272,5.35310677510537,19.2,92.0,1030700.0,0.015126761737628,83.4140311520752,18.2367
Mauritania,2016,0.324633744057437,0.436596487823809,21.7392133521855,1565.76575722696,3.96493354031241,5.38944246670266,19.2,92.0,1030700.0,0.0239481264825938,80.8665818451545,18.2367
Mauritania,2017,0.319394586203551,0.436596487823809,22.7188300742502,1615.00401327323,4.08518482584651,5.37502523222296,19.2,92.0,1030700.0,0.0420499176042955,78.1837937696366,18.2367
Mauritania,2018,0.314058406907927,0.436596487823809,23.655966000294,1722.93528854073,4.20848452508004,4.68124966581243,19.4,92.0,1030700.0,0.0317547850661654,70.2585908458328,18.2367
Mauritania,2019,0.308819249054041,0.436596487823809,19.957882454072,1767.072710621,4.33463471427185,4.62471052992238,19.6,92.0,1030700.0,0.0145941063107529,69.003636509372,18.2367
Mauritania,2020,0.303483069758417,0.436596487823809,19.1523401706647,1795.76459566714,4.46311341806539,4.55580963458665,19.9,92.0,1030700.0,0.00835161900939176,69.7120215454525,18.2367
Mauritania,2021,0.298211603764432,0.436596487823809,19.1485811289032,1947.78918383313,4.59384301930727,4.48497730741558,19.9,92.0,1030700.0,0.00774398122762103,52.7281781201758,18.2367
Mauritania,2022,0.292896963228874,0.436596487823809,21.2302013888594,1960.35240077424,4.73041331134181,4.48990902237068,20.0,92.0,1030700.0,0.288300463057625,47.9899990566287,18.2367
Mauritius,2000,20.6551724137931,44.3349753694581,5.62921764733664,3981.98343249582,584.666502463054,0.51853232491697,90.15,2041.0,2030.0,0.506254361690567,20.5280922368869,20.1605
Mauritius,2001,20.4807881773399,44.8275862068966,6.06632136452678,3908.55694927435,589.303940886699,0.360301667227693,91.5,2041.0,2030.0,0.534920948269134,18.4957213488565,20.1605
Mauritius,2002,20.3064039408867,43.8423645320197,5.12244932169367,4073.06053055903,593.409359605911,0.253750326768116,92.4,2041.0,2030.0,0.470415240102285,41.5173799356829,20.1605
Mauritius,2003,20.1320197044335,43.3497536945813,5.10866283570549,4858.26575549747,597.71921182266,0.276735888041273,93.2,2041.0,2030.0,0.470415208468142,54.9951685764092,20.1605
Mauritius,2004,19.9576354679803,42.8571428571429,5.20608568669627,5460.60800184198,601.479310344828,0.177526400361395,94.0,2041.0,2030.0,0.479708064864057,50.0415537025612,20.1605
Mauritius,2005,19.7832512315271,41.871921182266,4.91181106695197,5354.02974260642,605.051231527094,0.144565072517374,94.6,2041.0,2030.0,0.170052302361098,55.2910573267692,20.1605
Mauritius,2006,19.6088669950739,40.8866995073892,4.83159024933392,5784.22491883026,607.879802955665,0.0249311920181904,95.1,2041.0,2030.0,0.472446086174938,49.6298608608435,20.1605
Mauritius,2007,19.4344827586207,39.9014778325123,4.30869184442721,6677.34962448608,610.655172413793,0.024727185094246,95.7,2041.0,2030.0,0.533959591308734,67.957247823835,20.1605
Mauritius,2008,19.2600985221675,39.4088669950739,4.01958606904402,8140.50808595895,612.867487684729,-0.0542099799205598,96.0,2041.0,2030.0,0.608186243848205,64.3286496687504,20.1605
Mauritius,2009,19.0857142857143,39.4088669950739,3.82381151804169,7426.88645617593,614.497044334975,-0.130699558186649,96.5,2041.0,2030.0,0.932875617842269,80.5231261790148,20.1605
Mauritius,2010,18.9113300492611,39.4088669950739,3.59110980182453,8113.17670740212,615.960591133005,-0.134045353568484,96.8,2041.0,2030.0,0.522397133712608,79.2577259050381,20.1605
Mauritius,2011,19.21482223335,39.0585878818227,3.65312332199749,9324.24232310496,627.142714071107,-0.182916526095116,97.1,2041.0,1997.0,0.484674738904281,87.090929977457,20.1605
Mauritius,2012,19.2058087130696,38.0570856284427,3.6066947724863,9421.52514098225,628.884326489735,-0.0459306177391643,97.3,2041.0,1997.0,0.364667602201983,88.5078216143609,20.1605
Mauritius,2013,19.1967951927892,37.5563345017526,3.29265321839171,9877.13865958834,630.409113670506,-0.0732144559625893,97.7,2041.0,1997.0,0.335406171415137,98.0701377984213,20.1605
Mauritius,2014,19.1877816725088,37.5563345017526,3.15422608043165,10490.3315563853,631.551326990486,-0.125464533897739,97.9,2041.0,1997.0,0.317003793327505,94.8372492709574,20.1605
Mauritius,2015,19.1787681522283,37.5563345017526,3.03283321645437,9630.5437837507,632.388082123185,-0.164137988516779,98.1,2041.0,1997.0,0.348322685080442,83.0036301868853,20.1605
Mauritius,2016,19.1737606409614,37.5563345017526,3.05756982303852,10095.1225574156,632.822734101152,-0.216603408868185,98.3,2041.0,1997.0,0.413334261098012,80.4577519799629,20.1605
Mauritius,2017,19.3540310465699,37.5563345017526,2.95521989373646,10986.7034093005,633.393590385578,-0.1831999222976,98.4,2041.0,1997.0,1.20342911081393,74.5189348704116,20.1605
Mauritius,2018,19.3740610916375,37.5563345017526,2.52593212825691,11818.7480619272,633.739108662994,-0.205422502200271,98.5,2041.0,1997.0,1.05334828430467,71.7181512600384,20.1605
Mauritius,2019,19.3940911367051,37.5563345017526,2.66862745852887,11568.2533399824,633.943415122684,-0.213492307319007,98.7,2041.0,1997.0,1.24817715236476,81.0716747686362,20.1605
Mauritius,2020,19.4141211817727,37.5563345017526,3.09894065143015,9135.84773751062,633.957936905358,-0.227865567305752,98.8,2041.0,1997.0,1.26298109837958,101.298413512918,20.1605
Mauritius,2021,19.4341512268403,37.5563345017526,3.2413713398879,9177.71195973013,634.118177265899,-0.188365605998914,98.9,2041.0,1997.0,0.597007514442451,115.15137402835,20.1605
Mauritius,2022,19.4541812719079,37.5563345017526,3.55513254765837,10246.5017455553,632.209814722083,-0.498972400619116,99.0,2041.0,1997.0,0.798573048707069,124.122312928641,20.1605
Mexico,2000,35.1764963090614,11.78271046066,3.15926513097762,7524.0271380091,50.734613544587,1.98394889709936,46.8,752.0,1943950.0,0.553812430178272,24.5014645736466,19.427
Mexico,2001,35.1025211553795,11.9092569253324,3.22549035188036,7952.76479510706,51.4926304688907,1.97626306797351,48.2,758.0,1943950.0,0.542347390872614,25.9016210744203,19.427
Mexico,2002,35.0285460016976,11.9262326705934,3.11036172325334,7983.03398381759,52.2382900794774,1.95874645064604,49.6,758.0,1943950.0,0.529850281121268,24.1586324842924,19.427
Mexico,2003,34.9545708480156,12.1669796033849,3.20735540720265,7434.0746485155,52.9738496360503,1.87555257812404,50.6,758.0,1943950.0,0.51285065275445,26.3218083485224,19.427
Mexico,2004,34.8805956943337,11.9416651662851,3.18594698304908,7849.66759649565,53.7020658967566,1.73449198121998,51.3,758.0,1943950.0,0.529557455982507,25.8629949355891,19.427
Mexico,2005,34.8066205406518,11.983847321176,2.94567227515179,8671.75891885163,54.4311859872939,1.54153814055472,51.5,758.0,1943950.0,0.501794732882267,24.1351947655204,19.427
Mexico,2006,34.7326453869698,12.0183132282209,2.9429551635864,9512.63575346699,55.1730579490213,1.38432116824499,51.7,758.0,1943950.0,0.398267983010344,22.0731084517312,19.427
Mexico,2007,34.6586702332879,12.098562205818,3.041865670976,10134.3327138119,55.9553280691376,1.41636964574503,51.7,758.0,1943950.0,0.354561005658319,23.1063024261954,19.427
Mexico,2008,34.584695079606,11.9889914864065,3.02875898082786,10523.7685403244,56.7783574680419,1.46579008481135,51.7,758.0,1943950.0,0.362853027222187,21.6625866162173,19.427
Mexico,2009,34.510719925924,11.905656009671,3.10059841918842,8423.56933214711,57.6145070603668,1.46891051893651,51.5,758.0,1943950.0,0.342830088814241,26.9674757913441,19.427
Mexico,2010,34.4367447722421,11.7971141233056,3.09200838670805,9728.80078377082,58.4500090022892,1.45287970100753,51.4,758.0,1943950.0,0.355504111526267,28.5700387934223,19.427
Mexico,2011,34.3737390364979,11.6854857378019,2.97569483968178,10664.4944032313,59.2831626327838,1.47065672967521,51.4,758.0,1943950.0,0.372780211743224,29.0507246273433,19.427
Mexico,2012,34.3107333007536,11.6011214280203,3.04872937148888,10744.1335242686,60.0932163893104,1.47690834295452,51.8,758.0,1943950.0,0.380722984380066,35.2377254920235,19.427
Mexico,2013,34.2477275650094,11.5697420201137,3.02454277578135,11216.8008505428,60.8778893490059,1.47593812416974,52.0,758.0,1943950.0,0.350914525245784,39.111064663244,19.427
Mexico,2014,34.1847218292652,11.3999845675043,3.02713651853573,11391.3773497683,61.6190030607783,1.44227004611311,52.4,758.0,1943950.0,0.279267671000219,40.8517099366641,19.427
Mexico,2015,34.1217160935209,11.3418555003987,3.0851863436743,10021.2386118827,62.2815946912215,1.35010690603571,53.0,758.0,1943950.0,0.251105299959743,45.4803129174973,19.427
Mexico,2016,34.0559942385349,11.1880449600041,3.2462890783797,9097.92397674769,62.8881149206513,1.29263408673132,53.6,758.0,1943950.0,0.239182671031144,50.2965927131738,19.427
Mexico,2017,33.9902672393837,10.4205355076005,3.29751177575275,9649.27816772402,63.4790282671879,1.29639194599228,54.4,758.0,1943950.0,0.226207879040125,49.85860000761,19.427
Mexico,2018,33.9247408626765,10.2368888088685,3.296959452726,10084.7937562021,64.0827752771419,1.34009770164304,55.3,758.0,1943950.0,0.215618637214181,49.1902287834628,19.427
Mexico,2019,33.858895547725,9.97968054733918,3.31502440184845,10369.5553585271,64.6945559299365,1.37072941424281,56.2,758.0,1943950.0,0.205549648562667,48.7169187460769,19.427
Mexico,2020,33.7930502327735,11.1545045911675,3.71114888236172,8841.27075039868,65.227528485815,1.23052761321089,57.2,758.0,1943950.0,0.236068215063658,56.8349663684666,19.427
Mexico,2021,33.727204917822,11.1488039301422,3.78266528758294,10314.0506722115,65.664316469045,0.990278035419992,58.4,758.0,1943950.0,0.195273121617695,46.8965782589805,19.427
Mexico,2022,33.6618740193935,10.580191002855,3.89806570970786,11405.7940473759,66.1607124668844,1.09116644258604,59.4,758.0,1943950.0,0.15785274364379,40.8971913213688,19.427
"Micronesia, Fed. Sts.",2000,91.2285714285714,3.57142857142857,24.4967341123505,2049.3453246655,160.062857142857,-0.347132518157398,0.7,,700.0,,,6.91771
"Micronesia, Fed. Sts.",2001,91.2671428571429,3.57142857142857,23.4872713888976,2103.74859460914,160.521428571429,0.287367988617875,0.7,,700.0,,,6.91771
"Micronesia, Fed. Sts.",2002,91.3057142857143,3.57142857142857,23.690793955389,2113.45987332485,160.64,0.0756957068872187,0.8,,700.0,0.173387020826109,,6.91771
"Micronesia, Fed. Sts.",2003,91.3442857142857,3.57142857142857,23.5925025444362,2145.87755337517,160.407142857143,-0.147460322039612,0.9,,700.0,0.15483592582354,,6.91771
"Micronesia, Fed. Sts.",2004,91.3828571428571,3.57142857142857,22.3796817106272,2104.42804750084,159.892857142857,-0.319578428821564,0.8,,700.0,0.0438275623591155,,6.91771
"Micronesia, Fed. Sts.",2005,91.4214285714286,3.57142857142857,22.8108216648608,2207.16844533875,159.16,-0.461190687310901,0.9,,700.0,0.0505220288753419,,6.91771
"Micronesia, Fed. Sts.",2006,91.46,3.57142857142857,22.7733125912516,2244.97227274486,158.184285714286,-0.624989433841667,0.9,,700.0,0.381581470602838,,6.91771
"Micronesia, Fed. Sts.",2007,91.4985714285714,3.57142857142857,25.441184144199,2293.51341684075,156.971428571429,-0.800020510952191,0.8,,700.0,0.378346893445438,,6.91771
"Micronesia, Fed. Sts.",2008,91.5371428571429,3.57142857142857,26.6947563268782,2369.50811741318,155.622857142857,-0.905168884241544,0.9,,700.0,0.336660476793259,,6.91771
"Micronesia, Fed. Sts.",2009,91.5757142857143,2.85714285714286,25.5181068104922,2544.11114550961,154.224285714286,-0.954967053987578,0.7,,700.0,0.196659029217882,,6.91771
"Micronesia, Fed. Sts.",2010,91.6142857142857,2.85714285714286,25.3181753102741,2702.61165204772,153.628571428571,-0.428765356627004,0.6,,700.0,0.382443998470629,,6.91771
"Micronesia, Fed. Sts.",2011,91.6542857142857,2.85714285714286,26.9100815241992,2848.70077003105,153.854285714286,0.150068809688576,0.7,,700.0,0.459605854193697,,6.91771
"Micronesia, Fed. Sts.",2012,91.6942857142857,2.85714285714286,28.6749281923694,2992.28916099077,154.128571428571,0.191427440894909,0.8,,700.0,0.359837064120241,,6.91771
"Micronesia, Fed. Sts.",2013,91.7342857142857,2.85714285714286,26.9498043356884,2893.13437410825,154.458571428571,0.236696329597171,0.7,,700.0,0.2659745376789,,6.91771
"Micronesia, Fed. Sts.",2014,91.7742857142857,2.85714285714286,25.3833096654601,2896.73082002714,154.851428571429,0.277507581740431,0.5,,700.0,,,6.91771
"Micronesia, Fed. Sts.",2015,91.8142857142857,2.85714285714286,26.6800140865688,2853.07643587028,155.308571428571,0.330346751260023,0.5,,700.0,,,6.91771
"Micronesia, Fed. Sts.",2016,91.8571428571429,2.85714285714286,27.1669230769231,2979.60119184048,155.821428571429,0.370340312994566,0.6,,700.0,,,6.91771
"Micronesia, Fed. Sts.",2017,91.9,2.85714285714286,27.6299442896936,3279.10779039285,156.401428571429,0.422157726785129,0.5,,700.0,,,6.91771
"Micronesia, Fed. Sts.",2018,91.9428571428572,2.85714285714286,22.512193877551,3566.58690371125,157.012857142857,0.44481699167391,0.4,,700.0,,,6.91771
"Micronesia, Fed. Sts.",2019,91.9857142857143,2.85714285714286,23.2544923857868,3572.65918282222,157.545714285714,0.402300560874084,0.3,,700.0,,,6.91771
"Micronesia, Fed. Sts.",2020,92.0285714285714,2.85714285714286,22.0481374900209,3362.02802120524,158.451428571429,0.646780490606694,0.3,,700.0,,,6.91771
"Micronesia, Fed. Sts.",2021,92.0714285714286,2.85714285714286,22.1845195337408,3508.22314197664,159.462857142857,0.714661571440741,0.3,,700.0,,,6.91771
"Micronesia, Fed. Sts.",2022,92.1142857142857,2.85714285714286,23.2270939609368,3710.12451611752,160.162857142857,0.522715313438414,0.2,,700.0,,,6.91771
Moldova,2000,10.4744525547445,55.5656934306569,25.409321530594,440.538683980372,101.844482362364,-0.471010883861404,38.6,450.0,32880.0,3.14061974100205,136.193940391912,47.0167
Moldova,2001,10.56599756691,56.2347931873479,22.4200406780956,507.404076252819,101.616986454017,-2.08199196512417,45.1,450.0,32880.0,2.07676592195674,112.472596450816,47.0167
Moldova,2002,10.6575425790754,56.0523114355231,21.0218294511342,570.799866188293,101.381934046035,-0.366985590986657,51.5,450.0,32880.0,3.02545207697379,107.512684838733,47.0167
Moldova,2003,10.7523577730453,56.1302099178582,18.3282016003476,682.319095965299,101.132058382973,-0.347717695398442,58.0,450.0,32870.0,5.02870778935704,95.6952196728422,47.0167
Moldova,2004,10.8406326034063,55.9610705596107,17.5867382617383,897.178494749468,100.846989588049,-0.623072373813111,63.6,450.0,32880.0,5.91274234191345,71.5744260864525,47.0167
Moldova,2005,10.9288537549407,55.7312252964427,16.3997954955912,1034.39197746993,100.566888293243,-0.435394913462369,69.2,450.0,32890.0,0.726608682960615,65.4239294635281,47.0167
Moldova,2006,11.0203709334144,55.3359683794466,14.4988760781159,1183.02481442894,100.287778048526,-0.665119531104834,73.8,450.0,32890.0,1.0453130084292,68.8263439205978,47.0167
Moldova,2007,11.1118881118881,55.3967771359076,9.98297024143739,1531.21618590748,100.055661920841,0.310527969915893,78.0,450.0,32890.0,1.41473250183063,69.9444036350436,47.0167
Moldova,2008,11.2034052903618,55.3663727576771,8.8109341724675,2110.55305353857,99.8653879625439,-0.343723284812721,81.7,450.0,32890.0,0.804652501504959,56.0145571260456,47.0167
Moldova,2009,11.2949224688355,55.2447552447552,8.49746275029227,1898.43975710988,99.739374107982,-0.241994577929857,84.7,450.0,32890.0,0.660984529193405,64.6578180517962,47.0167
Moldova,2010,11.400304414003,55.1902587519026,11.1612572325879,2436.79935102421,99.7787848154216,-0.214383494359405,87.2,450.0,32850.0,1.04153660724936,63.1599967281012,47.0167
Moldova,2011,11.4727549467275,55.1293759512938,11.3842525996445,2941.36224066021,99.7210931780946,0.111113888044073,89.5,450.0,32850.0,1.03850897432664,58.0188297176791,47.0167
Moldova,2012,11.5416920267803,55.203895313451,10.4481727207152,3044.8084324815,99.6732759521901,0.0237179326003504,91.1,450.0,32860.0,0.760311415353086,55.8879563823311,47.0167
Moldova,2013,11.6070559610706,55.2311435523114,11.550361937388,3321.04397795719,99.5771842462653,0.141125244097053,92.6,450.0,32880.0,0.684839853582464,59.7056085801724,47.0167
Moldova,2014,11.6794403892944,52.5547445255474,14.0709569584487,3289.95758568777,99.5164884911377,0.450796824656937,93.8,450.0,32880.0,0.81017122561653,57.2270719133865,47.0167
Moldova,2015,11.7518248175182,52.7068126520681,12.8212557522034,2749.55137054338,98.7560678343838,-0.601781649676501,94.8,450.0,32880.0,0.95102886978676,73.9000579215744,47.0167
Moldova,2016,11.7548661800487,52.8588807785888,12.4797438509487,2847.08794770479,97.614165825121,-1.05748990526041,95.6,450.0,32880.0,0.83535410231881,73.7875330771683,47.0167
Moldova,2017,11.7512921860748,52.8428093645485,12.1995910772854,3453.26727720294,95.9093883802694,-1.13405459854328,96.3,450.0,32890.0,0.644148717981317,69.1928004139998,47.0167
Moldova,2018,11.7529716925191,51.1383505700115,10.1468784571365,4156.44981956646,94.2543946689506,-0.879875374049125,96.8,450.0,32885.3,0.642647895396218,61.8063335086727,47.0167
Moldova,2019,11.7527572607105,51.3867645404261,10.1608126286441,4405.33418162155,92.756093569939,-0.499273982958232,97.3,450.0,32885.9,0.494984044373628,59.1926642474052,47.0167
Moldova,2020,11.7532218728523,56.3181550026456,9.36669201380178,4375.7788930524,91.7473260542588,0.277172104480691,97.6,450.0,32884.6,0.424145349477627,66.675737691051,47.0167
Moldova,2021,11.7512921860748,56.4609303739739,10.5865870134286,5274.60582195352,90.3612977338393,-0.361625462837186,97.85,450.0,32890.0,0.4839878617275,64.9616495706485,47.0167
Moldova,2022,11.7548661800487,56.7518248175182,8.11428000058421,5744.29618434435,88.05425357802,-1.21199784880941,98.2,450.0,32880.0,0.380140345800316,66.8632643722402,47.0167
Monaco,2000,0.0,,,81789.0206522549,16011.3468179576,0.138749733197593,100.0,,2.027,,,43.7325
Monaco,2001,0.0,,,82402.7809570189,16007.400098668,-0.0246525532048862,100.0,,2.027,,,43.7325
Monaco,2002,0.0,,,90051.4459877468,15995.066600888,-0.0770784234001658,100.0,,2.027,,,43.7325
Monaco,2003,0.0,,,111110.451312249,15971.3862851505,-0.148157320761269,100.0,,2.027,,,43.7325
Monaco,2004,0.0,,,125160.228087598,15938.3325111002,-0.207170649691514,100.0,,2.027,,,43.7325
Monaco,2005,0.0,,,130538.742587117,15890.4785397139,-0.30069616717461,100.0,,2.027,,,43.7325
Monaco,2006,0.0,,,143083.461107202,15814.9975333004,-0.476139508779467,100.0,,2.027,,,43.7325
Monaco,2007,0.0,,,184558.556593338,15706.4627528367,-0.688643282374528,100.0,,2.027,,,43.7325
Monaco,2008,0.0,,,204263.797114294,15705.9694129255,-0.00314104879645484,100.0,,2.027,,,43.7325
Monaco,2009,0.0,,,169150.267344616,15966.4528860385,1.64489690019904,100.0,,2.027,,,43.7325
Monaco,2010,0.0,,,161853.920622244,16360.6314750863,2.43881026756178,100.0,,2.027,,,43.7325
Monaco,2011,0.0,,,179363.984221513,16746.916625555,2.33362301181285,100.0,,2.027,,,43.7325
Monaco,2012,0.0,,,165444.651378771,17124.3216576221,2.22856128605207,100.0,,2.027,,,43.7325
Monaco,2013,0.0,,,184940.663804718,17487.4198322644,2.09819835631417,100.0,,2.027,,,43.7325
Monaco,2014,0.0,,,195693.570738894,17823.3843117908,1.90295648042493,100.0,,2.027,,,43.7325
Monaco,2015,0.0,,,170437.101188261,18133.6951159349,1.7260495743784,100.0,,2.027,,,43.7325
Monaco,2016,0.0,,,173604.753555915,18389.7385298471,1.40210042123736,100.0,,2.027,,,43.7325
Monaco,2017,0.0,,,170663.375247872,18588.061174149,1.07266818197735,100.0,,2.027,,,43.7325
Monaco,2018,0.0,,,188298.315668437,18822.8909718796,1.2554231770143,100.0,,2.027,,,43.7325
Monaco,2019,0.0,,,193746.785647412,18800.6906758757,-0.118012680389237,100.0,,2.027,,,43.7325
Monaco,2020,0.0,,,176891.886538492,18771.583621115,-0.15493904017385,100.0,,2.027,,,43.7325
Monaco,2021,0.0,,,223823.363960226,18487.0441458733,1.24582098923186,100.0,,2.084,,,43.7325
Monaco,2022,0.0,,,226052.001905201,18680.9021113244,1.04315542231896,100.0,,2.084,,,43.7325
Mongolia,2000,9.21774776141672,0.759267535515794,27.4225306231533,476.02755082717,1.54338839734181,1.46982911332094,2.2,241.0,1547438.742,24.2432131450539,84.8260800286495,47.9129
Mongolia,2001,9.21257792833521,0.760191643179113,22.9688875084999,524.453483552485,1.56242113783138,2.07703982718955,2.4,241.0,1547438.742,17.5188187734565,74.7427449434986,47.9129
Mongolia,2002,9.20740675053234,0.761684321239091,18.919125275033,570.249213248399,1.58263236912359,2.8725422908488,2.8,241.0,1547438.968,12.3745829185291,79.1727823294052,47.9129
Mongolia,2003,9.1593411587666,0.758818794270039,18.4395172051068,643.168068921658,1.59541792198924,3.35510046797967,3.0,241.0,1554686.058,9.76958104807852,97.5319838534455,47.9129
Mongolia,2004,9.15562080463703,0.755395489092875,20.0297765271852,794.154552001815,1.6137036582467,3.50190125496465,3.4,241.0,1554444.019,7.85493868320118,80.4445552322851,47.9129
Mongolia,2005,9.15047384615134,0.75474763408522,19.7979604915498,994.90010913241,1.63171323734666,3.5947024721538,4.0,241.0,1554444.091,9.42190884305527,56.4947239860788,47.9129
Mongolia,2006,9.12762336031384,0.754460264979813,17.6436708395409,1329.89179579053,1.64830525022335,3.62579526689615,4.4,241.0,1557459.093,10.9332638643733,44.3256553809906,47.9129
Mongolia,2007,9.12248678880711,0.754264433191119,18.4279653888713,1627.68787743359,1.6705735718479,3.54227420665963,4.9,241.0,1557459.093,10.8234256928031,42.1460159886973,47.9129
Mongolia,2008,9.11731512861835,0.768241940051912,19.2151247825371,2127.42678594737,1.69711733640935,3.41430500550442,5.5,241.0,1557465.087,,40.105306839991,47.9129
Mongolia,2009,9.11217830189963,0.78051647735955,17.8644380709085,1703.32756790019,1.72788137676538,3.1363894957421,6.2,241.0,1557465.134,,68.0906140732509,47.9129
Mongolia,2010,9.10805179300629,0.793651844518259,11.7325631980129,2625.21881402433,1.75857916493112,2.43619451853851,6.9,241.0,1557292.418,,89.6927669740165,47.9129
Mongolia,2011,9.1075731369755,0.829197871601698,10.3073568180221,3736.04201455077,1.78925253897917,1.85890477704761,7.7,241.0,1557251.947,,100.810671243824,47.9129
Mongolia,2012,9.10685777424814,0.847079563805484,11.2580245572127,4328.89001905655,1.82353600871754,1.94600735547123,8.6,241.0,1557251.947,,140.031588117475,47.9129
Mongolia,2013,9.10613594411107,0.826493162123215,13.4140624660902,4340.14310544449,1.8616184405066,2.10431309106147,9.2,241.0,1557253.053,6.38347706918238,169.849941329761,47.9129
Mongolia,2014,9.10542135370957,0.843086554724144,13.3412210879498,4126.23975800524,1.90278211075515,2.21129829852075,10.2,241.0,1557252.921,5.56768146457813,201.7487171776,47.9129
Mongolia,2015,9.10469149761818,0.85295193068523,14.079203180176,3838.92126989984,1.94371713207737,2.13732086115158,11.1,241.0,1557255.4,6.24337117059169,226.396329174487,47.9129
Mongolia,2016,9.10397870509873,0.849712898731961,12.6278436864479,3619.90026383792,1.98352563105577,1.9945341337406,11.9,241.0,1557255.4,5.85735272607289,257.495492491549,47.9129
Mongolia,2017,9.10326591257927,0.849470163982093,11.1372332713568,3645.96708669551,2.02209412791248,1.84978478178562,12.9,241.0,1557255.4,4.9404458811209,301.213847625128,47.9129
Mongolia,2018,9.10255545816196,0.85174489727116,11.4280045193059,4107.64288528468,2.06015649331677,1.7798203055376,13.9,241.0,1557255.0,5.32629832315718,264.705286108799,47.9129
Mongolia,2019,9.10182513109581,0.714078206694074,11.5583828612266,4347.54610314873,2.09835043390369,1.77725991491071,14.8,241.0,1557258.0,5.03538700902138,263.625221019326,47.9129
Mongolia,2020,9.09965848797644,0.720385296448686,12.9656563031474,4001.25193077703,2.13623721809195,2.1906047569779,15.7,241.0,1557506.803,3.22374108347945,270.758627164147,47.9129
Mongolia,2021,9.09894465963877,0.719629831519216,13.1631741927742,4517.61578018785,2.17253662423347,3.32489814126361,16.9,241.0,1557507.0,3.70575627487445,267.816579054365,47.9129
Mongolia,2022,9.09849695989111,0.728727263388357,13.0278534035361,4993.51487463495,2.2046394565685,2.28502764300108,17.9,241.0,1557510.0,3.78643406899139,217.358336876823,47.9129
Montenegro,2000,,,11.3018779223777,1627.06511911987,,1.82654768932773,44.4,,,,,42.4602
Montenegro,2001,,,10.8112052258109,1909.59870186179,,2.1615776974368,44.1,,,,,42.4602
Montenegro,2002,,,10.923782282981,2106.6350684523,,1.86572019405577,43.6,,,,,42.4602
Montenegro,2003,,,9.91498733882161,2789.15906483509,,1.49512863587332,43.5,,,,,42.4602
Montenegro,2004,,,9.2619220581357,3380.16512135859,,1.00325996144069,42.9,,,,,42.4602
Montenegro,2005,,,8.75765980493599,3674.6179242797,,0.893862449191938,42.8,,,,,42.4602
Montenegro,2006,55.5092936802974,12.9368029739777,5.65822716443527,4418.84951521682,45.7267657992565,0.815891822826716,42.3,,13450.0,5.50973367555935,31.7929256059737,42.4602
Montenegro,2007,57.003717472119,12.9368029739777,5.14096761553622,5971.84638953467,45.7899628252788,0.757908955282185,42.0,,13450.0,5.36371978088023,34.895714779199,42.4602
Montenegro,2008,58.4981412639405,12.8624535315985,5.30307563470907,7359.95118960869,45.8713011152416,0.708041965083478,41.6,,13450.0,4.9664353953814,32.5640414124597,42.4602
Montenegro,2009,59.9925650557621,12.8624535315985,5.94207498811569,6700.11405052395,45.969814126394,0.639261183155281,41.6,,13450.0,6.67436437609131,56.5589409827454,42.4602
Montenegro,2010,61.4869888475836,12.7881040892193,5.46716738531637,6678.63930800758,46.054126394052,0.484937590226751,41.4,,13450.0,6.59952484990464,109.450559999765,42.4602
Montenegro,2011,61.4869888475836,12.8624535315985,5.17096892815778,7265.51668681954,46.1223048327138,0.32532661580609,41.3,,13450.0,5.76180681708981,120.599424500904,42.4602
Montenegro,2012,61.4869888475836,12.7881040892193,4.89539575741918,6552.48071710904,46.2020817843866,0.333000973470856,41.3,,13450.0,6.51432469209649,148.578405687495,42.4602
Montenegro,2013,61.4869888475836,0.579925650557621,5.20960137991499,7102.77882895852,46.2889962825279,0.344323550883245,41.4,,13450.0,6.63351254546987,162.271066149197,42.4602
Montenegro,2014,61.4869888475836,0.64907063197026,5.11569218646198,7342.17339453427,46.3750185873606,0.336949612641803,41.6,,13450.0,8.69631404860752,145.213666098796,42.4602
Montenegro,2015,61.4869888475836,0.646840148698885,4.96369912493667,6421.00307345999,46.4424535315985,0.291864851248783,41.7,,13450.0,10.5498653232533,161.075640491041,42.4602
Montenegro,2016,61.4869888475836,0.669144981412639,4.80607864194884,6968.01539365317,46.4946468401487,0.254315292993224,42.0,,13450.0,10.0996984248093,142.171899905147,42.4602
Montenegro,2017,61.4869888475836,0.684014869888476,4.43612645373447,7674.2813940676,46.5414126394052,0.237696377425616,42.3,,13450.0,8.20108636261865,147.132283550519,42.4602
Montenegro,2018,61.4869888475836,0.684014869888476,4.02702654709881,8673.59128084795,46.5753159851301,0.205253176634976,42.7,,13450.0,7.30701889515863,145.516425086107,42.4602
Montenegro,2019,61.4869888475836,0.669144981412639,3.70351082097405,8749.02375172644,46.5987360594796,0.178149862044315,42.85,,13450.0,8.29880178547222,150.5755948108,42.4602
Montenegro,2020,61.4869888475836,0.676579925650558,4.18386978297396,7538.53635992191,46.5866171003717,0.0971502270854835,43.0,,13450.0,8.64187079472414,217.163003315186,42.4602
Montenegro,2021,61.4869888475836,0.661710037174721,3.7713187551422,9317.15520065156,46.4723420074349,-0.126779022573377,43.9,,13450.0,8.46615752620216,161.103035512735,42.4602
Montenegro,2022,61.4869888475836,0.669144981412639,3.99672766573405,10024.5435616209,46.3636431226766,-0.119829019083907,43.5,,13450.0,6.43436599675638,138.582570450991,42.4602
Morocco,2000,12.3382030024647,19.6437373963702,10.7286317929553,1499.107421875,63.6868362088281,1.98245494479803,78.7,346.0,446300.0,2.01582423085629,49.2500404004641,33.9905
Morocco,2001,12.3758525655389,19.0185973560385,11.8761776238587,1506.24523925781,64.5633945776384,1.94382629330066,80.5,346.0,446300.0,1.41991629933365,43.9098787026744,33.9905
Morocco,2002,12.413502128613,18.8259018597356,11.8432781663725,1596.02062988281,65.4226798117858,1.92422082523624,82.2,346.0,446300.0,1.63329035118165,39.0742288357434,33.9905
Morocco,2003,12.4511516916872,20.2890432444544,12.4918601820552,1941.87255859375,66.2590522070356,1.92386647561562,83.9,346.0,446300.0,1.75377914894289,32.0645072187951,33.9905
Morocco,2004,12.4888012547614,18.3956979610128,11.869333718001,2183.55541992188,67.1140891776832,2.01327562912085,85.3,346.0,446300.0,1.66718702582645,26.1403643673371,33.9905
Morocco,2005,12.5264508178355,18.1985211740981,10.6988804483578,2242.98828125,68.0218328478602,2.1785226728513,86.7,346.0,446300.0,1.83425310990369,23.8425860115727,33.9905
Morocco,2006,12.5641003809097,18.068563746359,12.304168098197,2438.12646484375,68.9472955411158,2.2902723910413,88.1,346.0,446300.0,1.71049863190672,23.9075059923801,33.9905
Morocco,2007,12.6017499439839,18.0708043916648,9.8752466486995,2755.5859375,69.8778131301815,2.34976261752052,89.5,346.0,446300.0,1.44826892944148,23.9949101161777,33.9905
Morocco,2008,12.639399507058,18.0416760026888,10.864961794312,3183.20043945313,70.8195541115841,2.38578276426688,90.4,346.0,446300.0,0.992004278100049,20.7266073538964,33.9905
Morocco,2009,12.6770490701322,18.0138920008963,11.9650475529562,3119.58862304688,71.7696123683621,2.38645548906932,91.5,346.0,446300.0,1.55143366615883,24.8154251765531,33.9905
Morocco,2010,12.7146986332064,17.3186197624916,11.9620812709231,3067.9853515625,72.7470669952946,2.38348915665883,92.3,346.0,446300.0,1.71724806369219,27.462969464641,33.9905
Morocco,2011,12.7192336993054,17.4855478377773,12.0819026098454,3301.98876953125,73.745435805512,2.34202013567702,93.0,346.0,446300.0,1.10247261798637,27.6980798517634,33.9905
Morocco,2012,12.7237687654044,18.0304727761595,11.3297511522793,3164.17724609375,74.7372641720816,2.23557288580254,93.9,346.0,446300.0,1.10141663821384,32.3240509195629,33.9905
Morocco,2013,12.7283038315035,18.2119650459332,12.3583661932506,3379.7431640625,75.7059623571589,2.08131489770758,94.5,346.0,446300.0,0.870475932035146,34.502888034062,33.9905
Morocco,2014,12.7328388976025,17.0313690342819,10.3531465249527,3435.40698242188,76.6407797445664,1.88391618807582,95.1,346.0,446300.0,0.886026678507947,37.1250189916679,33.9905
Morocco,2015,12.7373739637015,16.7987900515348,11.7961931846113,3146.24780273438,77.5433295989245,1.73078900146876,95.6,346.0,446300.0,0.950608981075829,41.0525743321797,33.9905
Morocco,2016,12.7712077078199,18.4203450593771,10.3219651103177,3140.85546875,78.4751445216222,1.72745931470864,96.0,346.0,446300.0,0.945950777554279,43.4727961452493,33.9905
Morocco,2017,12.7976473224289,18.8634532825454,11.1602887992375,3296.52661132813,79.4227918440511,1.70809238395339,96.4,346.0,446300.0,0.831737518256788,44.0032096192297,33.9905
Morocco,2018,12.8200537754873,17.5939305399955,11.3055402401365,3501.69799804688,80.3041900067219,1.5814405867082,96.7,346.0,446300.0,0.715656522771755,40.4114034285646,33.9905
Morocco,2019,12.8435805511987,15.4581313018149,10.8424017370039,3508.09765625,81.1357786242438,1.47339010064237,97.0,346.0,446300.0,0.779519110020676,43.5343377341004,33.9905
Morocco,2020,12.8668832623796,16.0767093883038,10.6636401420592,3268.0302734375,81.9722339233699,1.42956989517552,97.2,346.0,446300.0,0.829987372912764,54.9196081945346,33.9905
Morocco,2021,12.8903354246023,15.9842189110464,11.9779439009277,3785.93627929688,82.8017969975353,1.36699214512918,97.4,346.0,446300.0,0.651374021395723,46.8983264543197,33.9905
Morocco,2022,12.9136878781089,14.5113036074389,9.79618893785634,3463.1376953125,83.6411920233027,1.32029045407872,97.8,346.0,446300.0,0.562332991850747,50.35106931617,33.9905
Mozambique,2000,52.3767135481574,4.95943437015184,19.0391748514099,327.12623979157,23.0545703095196,2.87361986595873,0.8,1032.0,786380.0,11.3349739808002,115.311593797161,25.9664
Mozambique,2001,52.0949337470434,5.08659935400188,18.2257286235893,304.792138621913,23.5735000890155,2.81014502846112,0.8,1032.0,786380.0,4.14762685803612,82.3593635079571,25.9664
Mozambique,2002,51.8131539459295,5.65884178132709,22.734177349083,313.886661721198,24.1083674559373,2.76888887242345,0.7,1032.0,786380.0,4.29531935061365,95.2488882213662,25.9664
Mozambique,2003,51.5313741448155,5.72242427325212,22.7228305424377,339.488737800648,24.6604377018744,2.75668918107683,0.7,1032.0,786380.0,5.15648696998407,84.2138255188874,25.9664
Mozambique,2004,51.2495943437015,5.84958925710216,22.4901289092367,400.056973161545,25.2299308222488,2.76844984096725,0.6,1032.0,786380.0,4.35729370040532,77.1132943367781,25.9664
Mozambique,2005,50.9678145425876,6.35824919250235,22.9214059867823,436.773856167384,25.8203018896717,2.81627135645695,0.6,1032.0,786380.0,5.10427114732813,71.9042905615671,25.9664
Mozambique,2006,50.6860347414736,6.23108420865231,24.1133917238134,457.487647833183,26.4338958264452,2.89432395252971,0.6,1032.0,786380.0,3.45176900124785,55.4358017815768,25.9664
Mozambique,2007,50.4042549403596,6.61257916020245,24.0162173628877,507.874923914304,27.070417609807,2.99309405489631,0.5,1032.0,786380.0,2.78429252647717,55.588850001753,25.9664
Mozambique,2008,50.1224751392457,6.86690912790254,26.8457517275753,592.159111184122,27.746173605636,3.13116318162173,0.5,1032.0,786380.0,3.52306677073468,51.8563287675779,25.9664
Mozambique,2009,49.8406953381317,6.99407411175259,27.9106017225191,547.697144193651,28.4744589129937,3.27254299195019,0.5,1032.0,786380.0,3.13151311397685,66.0208044837913,25.9664
Mozambique,2010,49.5589155370177,7.18482158752766,27.3093770922399,496.185839392659,29.2469734733844,3.37189882421828,0.5,1032.0,786380.0,4.35691644470555,101.617142296998,25.9664
Mozambique,2011,49.2964114041557,7.18482158752766,26.4848729989708,618.17649286789,30.0732966250413,3.49378273315485,0.5,1032.0,786380.0,5.17272186981669,93.7558362929531,25.9664
Mozambique,2012,49.0339072712938,7.18482158752766,25.5177066547282,685.685748199513,30.9492179353493,3.59039073376946,0.5,1032.0,786380.0,4.52955175816106,119.124597767191,25.9664
Mozambique,2013,48.7714031384318,7.18482158752766,24.2529090836336,686.505672517351,31.8568770823266,3.62087656055628,0.5,1032.0,786380.0,3.73586894534795,169.070905618775,25.9664
Mozambique,2014,48.5088990055698,7.18482158752766,24.6554671607897,697.142680444123,32.7939100689234,3.63940113980556,0.5,1032.0,786380.0,4.17056925541384,194.508168334933,25.9664
Mozambique,2015,48.2463948727078,7.18482158752766,23.5663164946958,610.563774706589,33.7592156463796,3.65084758237593,0.6,1032.0,786380.0,2.69840881390729,241.615881289574,25.9664
Mozambique,2016,47.8500089015489,7.18482158752766,23.6272810887625,441.489734819071,34.7632251583204,3.6890048225999,0.6,1032.0,786380.0,1.56773309456983,366.763623134235,25.9664
Mozambique,2017,47.5680968488517,7.18482158752766,26.0749604736416,470.93856305196,35.8177891095908,3.74379454289043,0.7,1032.0,786380.0,1.434406720509,362.951495919371,25.9664
Mozambique,2018,47.3361072255144,7.18482158752766,25.5425597958909,517.507260258101,36.9015539561026,4.08675866507783,0.8,1032.0,786380.0,0.477900918513557,345.085258316259,25.9664
Mozambique,2019,47.0079478114906,7.18482158752766,24.7697818145637,519.09255091362,38.0024670006867,4.22716200555052,0.8,1032.0,786380.0,1.78207058709243,364.511823633353,25.9664
Mozambique,2020,46.7251964699,7.18482158752766,26.8819744087655,462.433876479921,39.1460718736489,4.41073750658703,0.9,1032.0,786380.0,1.0358720641827,432.222289870322,25.9664
Mozambique,2021,46.412173122409,7.18482158752766,26.8945913502365,509.907829475551,40.3212187492052,4.55398239701699,1.0,1032.0,786380.0,0.803390394772357,407.031730767108,25.9664
Mozambique,2022,46.1193311121849,7.18482158752766,25.6392221082741,578.251663751351,41.5273099519316,4.68467154140618,1.2,1032.0,786380.0,0.793003009340782,379.630335980732,25.9664
Myanmar,2000,53.3526792545215,15.1620405790005,57.2386452556231,196.619580625284,69.3007941365486,1.76321267367016,0.2,2091.0,653540.0,,72.8275113146935,21.914
Myanmar,2001,52.8282874804909,15.2859809652049,57.0691916368966,141.525660705722,70.0357116626373,1.69241248380988,0.3,2091.0,653540.0,,94.1601537423973,21.914
Myanmar,2002,52.3038957064602,15.0901245524375,54.5283327348715,146.598390364449,70.7418872601524,1.63015296036023,0.4,2091.0,653540.0,,99.0206326979547,21.914
Myanmar,2003,51.7795039324295,15.0732931419653,50.620560861897,224.292688912409,71.406787648805,1.54983904205818,0.5,2091.0,653540.0,,71.0874524528629,21.914
Myanmar,2004,51.2645251140155,15.1694163019191,48.1650901865787,224.508811413327,72.0344831808026,1.45668963786646,0.7,2091.0,653420.0,,72.975594102393,21.914
Myanmar,2005,50.7446966450349,15.3958001714216,46.687240402588,252.685193060728,72.6067788049467,1.36567796471719,0.8,2091.0,653360.0,,59.9123580516691,21.914
Myanmar,2006,50.2117067348157,15.8170994842916,43.918958474559,303.495087119254,73.1252161537638,1.29369192969727,1.0,2091.0,653470.0,,51.8668270840157,21.914
Myanmar,2007,49.6834572775126,16.1846615252785,43.3227660063537,419.375780725042,73.6397401762762,1.25422678050281,1.3,2091.0,653520.0,,39.9842237302244,21.914
Myanmar,2008,49.1748511426428,16.3689519523656,40.2750956375485,658.442487229705,74.0701856698964,1.07441377039674,1.6,2091.0,653310.0,,28.1222825205722,21.914
Myanmar,2009,48.6510194397673,16.5222715444666,38.1081206105058,758.442935789255,74.4840945966631,1.05601367583589,2.0,2091.0,653300.0,,25.7356031426676,21.914
Myanmar,2010,48.1293818693935,16.5493065548174,36.853075751266,1010.53417343401,75.045742889508,1.22024887574851,2.6,2091.0,653260.0,8.78838533412861,20.170486209262,21.914
Myanmar,2011,47.6837055518989,16.5102787429779,32.4961825024034,1213.62898703376,75.6475990754489,1.25171091320825,3.3,2091.0,653290.0,11.8564154570693,18.0535304149224,21.914
Myanmar,2012,47.250365153487,16.460231187323,30.5901997024538,1202.6658960055,76.3032167189773,1.26133867847291,4.2,2091.0,653150.0,23.8252636060708,19.1699328228031,21.914
Myanmar,2013,46.8118209101488,16.4941507931647,29.5337253604993,1199.09561597055,76.9624823911313,1.23923582288471,5.3,2091.0,653080.0,9.14545119853148,16.9906663206016,21.914
Myanmar,2014,46.3682121639003,16.5615238561891,27.8298025759612,1293.00042319714,77.6040209468978,1.18880317649565,6.7,2091.0,653080.0,5.0961399370884,16.0697456201098,21.914
Myanmar,2015,45.9246034176517,16.7406748024744,26.771778645598,1166.73305547935,78.2278679487965,1.13858298079892,8.4,2091.0,653080.0,2.56120802438723,17.7737905538591,21.914
Myanmar,2016,45.5018995680015,16.7713471613714,25.6286228737595,1229.19713491328,78.8867551089188,1.11611230691811,10.6,2091.0,652780.0,2.45992852122028,16.4019689211179,21.914
Myanmar,2017,45.0601608579088,16.9461509000383,23.4041280962744,1272.82241815234,79.5020114898506,1.08127476296187,13.3,2091.0,652750.0,2.40554548677297,16.8609916662603,21.914
Myanmar,2018,44.6197487360196,16.9760992799142,22.0756064041111,1298.21310327675,80.0861758847863,1.01960054107564,16.3,2091.0,652700.0,1.88412671370343,16.2637631750898,21.914
Myanmar,2019,44.1758847862724,16.8383637199326,20.8421577754282,1425.98954241668,80.6507017006282,0.984321179204505,19.7,2091.0,652700.0,2.12515846613428,15.3935737924956,21.914
Myanmar,2020,43.7340309804342,16.8385248287802,22.4186525400503,1490.21683599469,81.2302112859485,0.980518160556139,24.1,2091.0,652670.0,2.82365737901909,17.2950651539903,21.914
Myanmar,2021,43.2901466284646,16.8385248287802,22.7852901568211,1242.7213439951,81.7980020531049,0.953448977637289,28.4,2091.0,652670.0,3.83894343119229,21.0676114738987,21.914
Myanmar,2022,42.846262276495,16.8385248287802,22.3343500768495,1158.05005055976,82.3644215300228,0.935214305205939,33.2,2091.0,652670.0,3.4966322823852,20.5015111684972,21.914
Namibia,2000,9.78887633762101,0.991145282950115,10.7310247713041,2156.67590512714,2.20899925907032,4.69762603670953,11.2,285.0,823290.0,0.965144328343771,,22.5648
Namibia,2001,9.70262556328876,0.991145282950115,9.67546592032238,1915.58926594875,2.2556426046715,4.36937788812694,11.3,285.0,823290.0,0.907180641031365,,22.5648
Namibia,2002,9.6163747889565,0.991145282950115,10.0391431809007,1772.07565537493,2.29563094413876,4.12841775133587,11.2,285.0,823290.0,0.990642132015583,,22.5648
Namibia,2003,9.53012401462425,0.98993064412297,10.2153432329886,2569.24739317883,2.32902622405228,4.08419975282554,11.3,285.0,823290.0,1.15097279686897,,22.5648
Namibia,2004,9.443873240292,0.98993064412297,8.93977891691032,3403.15496192955,2.35892820269893,4.10012639955122,11.2,285.0,823290.0,0.743176949653403,,22.5648
Namibia,2005,9.35762246595975,0.988716005295825,10.3684887476335,3685.77299991587,2.38868685396397,4.16931596234701,11.3,285.0,823290.0,0.710402331312428,,22.5648
Namibia,2006,9.2713716916275,0.987501366468681,9.64647103887118,4017.1834716928,2.4194245041237,4.20158118258891,11.4,285.0,823290.0,0.650515184418557,,22.5648
Namibia,2007,9.18512091729524,0.971711061715799,8.44071366530831,4379.04313682732,2.45186993647439,4.18766789005505,11.3,285.0,823290.0,0.510001756873453,,22.5648
Namibia,2008,9.09887014296299,0.971711061715799,7.53168657065416,4204.78555422749,2.48643369893962,4.12117053916679,11.4,285.0,823290.0,0.431687911297584,,22.5648
Namibia,2009,9.01261936863074,0.971711061715799,8.14814459341021,4302.91374148376,2.52328341167754,3.99880928369892,11.5,285.0,823290.0,0.390107422476263,,22.5648
Namibia,2010,8.92636859429849,0.971711061715799,8.45536944089181,5418.21633365814,2.56265835853709,3.82836470210104,11.6,285.0,823290.0,0.707722397477096,,22.5648
Namibia,2011,8.84011952046059,0.971711061715799,8.11362720295374,5834.7917675794,2.60700968067145,3.68937504288967,11.5,285.0,823290.0,0.714185890857971,,22.5648
Namibia,2012,8.7538704466227,0.971711061715799,8.05447519990682,5942.64680978673,2.66571196054853,3.97732737485393,11.6,285.0,823290.0,0.876103324880807,,22.5648
Namibia,2013,8.6676213727848,0.971711061715799,7.82146490072164,5346.62131149967,2.73598367525416,4.27141374303958,11.7,285.0,823290.0,0.881106939655056,,22.5648
Namibia,2014,8.58137229894691,0.971711061715799,8.13893575439091,5378.32326241205,2.80841380315563,4.21130728331161,11.9,285.0,823290.0,0.759476449228316,,22.5648
Namibia,2015,8.49512322510901,0.971711061715799,6.65042679589334,4774.10650865775,2.88391696728978,4.17825359724814,12.1,285.0,823290.0,1.02672340589222,,22.5648
Namibia,2016,8.40887172199347,0.971711061715799,6.72011763526388,4395.68776162376,2.96276281747622,4.14756688414306,12.4,285.0,823290.0,1.22860303080577,,22.5648
Namibia,2017,8.32262021887792,0.971711061715799,7.67615608936274,5143.96072323076,3.04492098774429,4.10839482373332,12.5,285.0,823290.0,1.0276048899103,,22.5648
Namibia,2018,8.23636871576237,0.971711061715799,7.76829756756805,5308.60813408705,3.13052144444849,4.06642382100675,12.6,285.0,823290.0,1.13598078238505,,22.5648
Namibia,2019,8.15011721264682,0.971711061715799,7.08397673847435,4731.9210318831,3.21939292351419,4.01225493908551,12.85,285.0,823290.0,1.31250260121201,,22.5648
Namibia,2020,8.06386570953127,0.971711061715799,9.15817808891199,3878.58982993966,3.31446027523716,4.04000520067906,13.0,285.0,823290.0,1.77671262213455,,22.5648
Namibia,2021,7.97761420641572,0.971711061715799,9.56300379482636,4412.8355693052,3.41380072635402,3.99776707077746,13.2,285.0,823290.0,1.81032130741641,,22.5648
Namibia,2022,7.89136270330017,0.971711061715799,8.75889366457648,4349.79908493314,3.50989566252475,3.7333873147849,13.3,285.0,823290.0,1.8876530439245,,22.5648
Nauru,2000,0.0,,,2648.60152860938,508.4,-0.186686372077639,100.0,,20.0,,,0.5477
Nauru,2001,0.0,,,2232.30874026726,506.5,-0.374421562656096,100.0,,20.0,,,0.5477
Nauru,2002,0.0,,,2084.64824520971,504.1,-0.474966260015287,100.0,,20.0,,,0.5477
Nauru,2003,0.0,,,2463.28259078079,502.95,-0.228389950823792,100.0,,20.0,,,0.5477
Nauru,2004,0.0,,,3040.51349889,503.0,0.00994085193919146,100.0,,20.0,,,0.5477
Nauru,2005,0.0,,,2992.40382776926,502.45,-0.109403760477152,100.0,,20.0,,,0.5477
Nauru,2006,0.0,,,2910.14145794684,501.7,-0.149380100476041,100.0,,20.0,,,0.5477
Nauru,2007,0.0,,,2272.15291307045,501.0,-0.139623040534244,100.0,,20.0,,,0.5477
Nauru,2008,0.0,,,3756.84531228766,500.45,-0.109840741983694,100.0,,20.0,,,0.5477
Nauru,2009,0.0,,,4410.56764668962,500.8,0.0699126120860941,100.0,,20.0,,,0.5477
Nauru,2010,0.0,,,4735.92000502092,502.15,0.269206005345923,100.0,,20.0,,,0.5477
Nauru,2011,0.0,,,6444.03642094634,504.9,0.546151002552194,100.0,,20.0,,,0.5477
Nauru,2012,0.0,,,9842.77032731856,513.35,1.65974838801037,100.0,,20.0,,,0.5477
Nauru,2013,0.0,,,8974.51886874433,525.85,2.40581272210636,100.0,,20.0,,,0.5477
Nauru,2014,0.0,,,9230.05440328927,537.1,2.11682959453762,100.0,,20.0,,,0.5477
Nauru,2015,0.0,,,7747.25584993607,547.7,1.95433948782621,100.0,,20.0,,,0.5477
Nauru,2016,0.0,,,8748.15632605428,557.5,1.77348115445981,100.0,,20.0,,,0.5477
Nauru,2017,0.0,,,9656.97976571484,566.2,1.54848693435255,100.0,,20.0,,,0.5477
Nauru,2018,0.0,,,11413.7463016389,573.85,1.34206654488781,100.0,,20.0,,,0.5477
Nauru,2019,0.0,,,10801.7705659635,579.35,0.953874731639391,100.0,,20.0,,,0.5477
Nauru,2020,0.0,,,10709.068810538,582.15,0.482136103995375,100.0,,20.0,,,0.5477
Nauru,2021,0.0,,,14979.099896799,585.45,0.565263581170869,100.0,,20.0,,,0.5477
Nauru,2022,0.0,,,12911.9086441381,590.05,0.782649677702407,100.0,,20.0,,,0.5477
Nepal,2000,40.3261946285316,16.421346355075,38.2438970402226,223.830289183078,171.234802929892,7.0383536764459,2.6,1500.0,143350.0,0.454671336454532,52.1284613764897,27.6939
Nepal,2001,40.4526473665853,16.428322288106,35.247670013162,240.795114544664,174.026843390303,6.96859754042475,3.1,1500.0,143350.0,,45.4504146210911,27.6939
Nepal,2002,40.579100104639,16.2888036274852,36.1502950311573,238.89140296106,176.693275200558,8.08773907526679,3.9,1500.0,143350.0,,49.6050524616047,27.6939
Nepal,2003,40.7055528426927,16.1492849668643,35.1058750871034,246.429706587633,179.203055458668,9.65088986288303,4.6,1500.0,143350.0,1.07556173191985,50.8284796603353,27.6939
Nepal,2004,40.8320055807464,16.0446459713987,34.6763571054627,279.587750044428,181.490449947681,10.2269016511588,5.25,1500.0,143350.0,,46.4258369867928,27.6939
Nepal,2005,40.9584583188001,15.9051273107778,33.824896676688,309.024168339372,183.533017091036,10.0684809370206,6.0,1500.0,143350.0,,39.1154769048201,27.6939
Nepal,2006,41.0849110568539,15.765608650157,32.3664850386189,340.431796437968,185.318625741193,9.39175399169321,6.8,1500.0,143350.0,,37.342433881345,27.6939
Nepal,2007,41.2113637949076,15.6260899895361,31.1644113230204,385.449767660642,186.874726194629,8.37572777810589,7.5,1500.0,143350.0,,34.6388304814777,27.6939
Nepal,2008,41.3378165329613,15.4865713289152,30.3057163664183,464.817391891529,188.28069061737,7.14931967507118,8.3,1500.0,143350.0,,29.1821447836312,27.6939
Nepal,2009,41.464269271015,15.3470526682944,31.3226520633995,473.078751198621,189.557272410185,5.73450687520785,9.0,1500.0,143350.0,2.89477584921387,29.036683930972,27.6939
Nepal,2010,41.5907220090687,15.2075340076735,33.1793784908122,585.278491984574,190.73562608999,4.1510973235054,9.9,1500.0,143350.0,3.93230677394134,23.4883074371496,27.6939
Nepal,2011,41.5907220090687,15.0868503662365,30.8054854756814,785.518656222132,191.59047087548,2.24386457415578,10.7,1500.0,143350.0,3.23604039759238,17.6500654511006,27.6939
Nepal,2012,41.5907220090687,14.8592445064527,30.0760569579428,788.202937148377,192.081723055459,1.06981932994082,11.6,1500.0,143350.0,3.30687371298228,17.4328435350797,27.6939
Nepal,2013,41.5907220090687,14.6316393442623,28.6226575264719,803.269595420477,192.465964422742,0.944227139325064,12.5,1500.0,143350.0,2.99250868204657,17.9863596634684,27.6939
Nepal,2014,41.5907220090687,14.4040334844785,27.4618953620622,821.455224911731,193.040599930241,0.970449973185209,13.4,1500.0,143350.0,2.92074631439782,17.2597307021914,27.6939
Nepal,2015,41.5907220090687,14.1764276246948,26.5185084313373,875.543635474862,194.095772584583,1.14262025692369,14.5,1500.0,143350.0,3.10809706139984,16.769557036253,27.6939
Nepal,2016,41.5907220090687,13.9488217649111,25.5178753710017,877.256454696737,195.015430763865,0.992516788067837,15.6,1500.0,143350.0,3.30688354600456,17.2975980360721,27.6939
Nepal,2017,41.5907220090687,13.7212166027206,23.6995484576769,1034.28374906846,195.404659923265,0.638582888667263,16.7,1500.0,143350.0,3.80171088616043,16.9611227628207,27.6939
Nepal,2018,41.5907220090687,13.4936107429369,22.334672050342,1179.19843190389,195.882029996512,0.599481689574772,18.1,1500.0,143350.0,4.30755130204709,16.5353620494072,27.6939
Nepal,2019,41.5907220090687,13.2660048831531,21.5833727595669,1203.14294706401,198.214607603767,1.45232104803645,19.5,1500.0,143350.0,1.91009652161016,18.8645833580846,27.6939
Nepal,2020,41.5907220090687,13.0383990233694,22.1800901918015,1154.21517578318,202.068880362749,2.10403122358509,20.9,1500.0,143350.0,1.92959649364537,23.3700917945979,27.6939
Nepal,2021,41.5907220090687,12.8107938611789,22.0214522788058,1252.75076731986,205.61569584932,1.79922776495663,22.3,1500.0,143350.0,0.989792392820101,23.7616294058189,27.6939
Nepal,2022,41.5907220090687,12.5831880013952,20.9143699815129,1385.91066274851,207.292891524241,1.04653985385722,24.1,1500.0,143350.0,1.62694833173806,22.1714628607957,27.6939
Netherlands,2000,10.6486966824645,30.2932464454976,2.31074921880356,26225.1697734149,471.727280805687,2.54316923411164,100.0,778.0,33760.0,2.73273165788569,,52.3738
Netherlands,2001,10.6901066350711,29.8815165876777,2.23546975717531,26955.7128032278,475.30154028436,2.89950850160764,100.0,778.0,33760.0,2.62921612254201,,52.3738
Netherlands,2002,10.7315165876777,30.0710900473934,2.0874883923476,29446.5330872868,478.345053317536,1.41407400769277,100.0,778.0,33760.0,2.89905473256338,,52.3738
Netherlands,2003,10.7729265402844,32.3193127962085,2.06777613560665,35896.7504630706,480.607286729858,1.07955504264466,100.0,778.0,33760.0,3.15068850576802,,52.3738
Netherlands,2004,10.814336492891,33.3975118483412,1.87462493392253,40611.3414353091,482.280183649289,1.50897756837224,100.0,778.0,33760.0,3.00993406041974,,52.3738
Netherlands,2005,10.8557464454976,32.9087677725119,1.87119658954082,42165.396168388,483.408412322275,1.7466964100121,100.0,778.0,33760.0,2.76893771520703,,52.3738
Netherlands,2006,10.8971563981043,31.6883886255924,1.95984638535758,45123.5432406426,484.185456161137,1.52640877995713,100.0,778.0,33760.0,2.65169121200917,,52.3738
Netherlands,2007,10.9385663507109,31.3921800947867,1.83180121231584,52100.7996285947,485.23981042654,1.10625567526579,100.0,778.0,33760.0,2.66437345625729,,52.3738
Netherlands,2008,10.9799763033175,31.5936018957346,1.65239006969149,58246.7026905874,487.132494075829,0.630239683062278,100.0,778.0,33760.0,2.51260539218716,,52.3738
Netherlands,2009,11.0311888526534,31.2689000889416,1.56591919996572,53172.0261581418,490.079691669137,1.2211876049491,100.0,778.0,33730.0,2.86722033122894,,52.3738
Netherlands,2010,11.0726356359324,30.3172250222354,1.78780819318779,51305.7338533973,492.599881411207,1.81263863698804,100.0,778.0,33730.0,2.66003996963331,,52.3738
Netherlands,2011,11.0246144721234,29.8339264531435,1.59844393327571,54701.7728030611,495.049644128114,1.21421194188193,100.0,778.0,33720.0,3.05662676984529,,52.3738
Netherlands,2012,10.9733096085409,29.982206405694,1.69697006526574,50473.9442002689,496.884994068802,0.968590835333657,100.0,778.0,33720.0,2.92633668134068,,52.3738
Netherlands,2013,10.9317304838231,30.8222024339567,1.84474290341919,52602.2860520766,498.795844464233,1.01595043052292,100.0,778.0,33690.0,2.8114308450545,,52.3738
Netherlands,2014,10.8803799346987,31.0181062629861,1.80098935055634,53457.2234864322,500.593885425942,1.09886595578282,100.0,778.0,33690.0,2.90223104427769,,52.3738
Netherlands,2015,10.8354618354618,30.9474309474309,1.80598562591626,45793.8135434697,503.116216216216,0.934349246328028,100.0,778.0,33670.0,2.99268204392355,,52.3738
Netherlands,2016,10.8630828630829,30.5316305316305,1.86399139098136,46808.5291492503,505.800831600832,0.865644493440718,100.0,778.0,33670.0,3.09632573982557,,52.3738
Netherlands,2017,10.8910008910009,30.7989307989308,1.96787421373596,49513.6817346384,508.8,1.18739056358927,100.0,778.0,33670.0,2.88600858426527,,52.3738
Netherlands,2018,10.9186219186219,30.3237303237303,1.75987236955923,53955.0770024266,511.779744579745,2.19970048875043,100.0,778.0,33670.0,2.79961150112623,,52.3738
Netherlands,2019,10.9465399465399,30.0297000297,1.7588069903961,53554.9007491475,515.143272943273,2.03159162127433,100.0,778.0,33670.0,2.8073635653828,,52.3738
Netherlands,2020,10.974160974161,29.8434808434808,1.73737205482673,53467.9277413737,518.013068013068,0.94187132064814,100.0,778.0,33670.0,3.0054485699466,,52.3738
Netherlands,2021,11.001980991981,29.7891297891298,1.65464640233302,60141.9880911492,520.731927531928,0.921884889970005,100.0,778.0,33670.0,3.03233533861814,,52.3738
Netherlands,2022,11.0296673596674,29.8188298188298,1.64194723390554,59123.318556487,525.719691119691,1.32892378872984,100.0,778.0,33670.0,2.5239621267507,,52.3738
New Caledonia,2000,45.8342450765864,0.382932166301969,2.18957397034617,15329.7297200058,12.2044857768053,2.64281903403244,,,18280.0,0.113712815848318,,22.2677
New Caledonia,2001,45.8406455142232,0.382932166301969,2.36020293735947,14482.3606263602,12.4566192560175,2.66902642553659,,,18280.0,0.205740998448311,,22.2677
New Caledonia,2002,45.84704595186,0.37199124726477,1.89035871495274,16104.5520406819,12.7043763676149,2.63828074738652,,,18280.0,0.140195384338007,,22.2677
New Caledonia,2003,45.8534463894967,0.37199124726477,1.74345821039344,20768.1061488848,12.9473741794311,2.60071517539309,,,18280.0,0.130768571516661,,22.2677
New Caledonia,2004,45.8598468271335,0.37199124726477,1.78686054314087,24475.6488547037,13.1757111597374,2.47381909859576,,,18280.0,0.103731833871196,,22.2677
New Caledonia,2005,45.8662472647702,0.37199124726477,1.54869248531073,25528.2918353444,13.3687636761488,2.40769408455518,,,18280.0,0.0953046593485175,,22.2677
New Caledonia,2006,45.872647702407,0.37199124726477,1.72712586317313,28193.2537573387,13.5419584245077,2.58155906536352,,,18280.0,0.121360518903866,,22.2677
New Caledonia,2007,45.8790481400438,0.37199124726477,1.27200175059393,35177.6535261448,13.7158096280088,2.60962545496013,,,18280.0,0.0899099656081011,,22.2677
New Caledonia,2008,45.8854485776805,0.37199124726477,1.38763277604281,35723.9033194947,13.8853938730853,2.29763951198216,,,18280.0,0.122853691188753,,22.2677
New Caledonia,2009,45.8918490153173,0.37199124726477,1.41664932222394,33836.494080472,14.0727571115974,1.84797014994767,,,18280.0,0.0875200555120979,,22.2677
New Caledonia,2010,45.8982494529541,0.37199124726477,1.34474139086715,35798.9084757829,14.3097374179431,1.73079909674741,,,18280.0,0.147186640170063,,22.2677
New Caledonia,2011,45.8927789934354,0.355579868708972,1.36822830098318,38835.9401851385,14.5811269146608,1.91242109423031,,,18280.0,0.0785540910965805,,22.2677
New Caledonia,2012,45.8873085339169,0.328446389496718,1.64443691439298,35559.5672006157,14.8595733041575,1.91460020241886,,,18280.0,0.12019068411952,,22.2677
New Caledonia,2013,45.8818380743983,0.328227571115974,1.71329146676256,36671.1566752621,15.1434354485777,1.91759906310194,,,18280.0,0.143321861891969,,22.2677
New Caledonia,2014,45.8763676148797,0.328227571115974,1.77245534055282,37816.9558599295,15.3842450765864,1.6167129726642,,,18280.0,0.076131418814533,,22.2677
New Caledonia,2015,45.8708971553611,0.326586433260394,1.91334103691976,30858.7237060533,15.490590809628,0.753751755203352,,,18280.0,0.357920352791302,,22.2677
New Caledonia,2016,45.8654266958425,0.326586433260394,1.92670811679751,30782.8544433514,15.5045404814004,0.183201966676737,,,18280.0,,,22.2677
New Caledonia,2017,45.8599562363239,0.326586433260394,2.01190197330879,32354.7102832901,15.5112691466083,0.16022434831677,,,18280.0,,,22.2677
New Caledonia,2018,45.8544857768053,0.326586433260394,,34902.8968780031,15.5109956236324,0.133149154596671,,,18280.0,,,22.2677
New Caledonia,2019,45.8490153172867,0.326586433260394,1.78613861386139,33411.3358835672,15.5145514223195,0.170256634629223,,,18280.0,,,22.2677
New Caledonia,2020,45.8435448577681,0.326586433260394,,33270.330597637,15.5457330415755,0.375221196855923,,,18280.0,,,22.2677
New Caledonia,2021,45.8380743982495,0.326586433260394,,35311.5543551452,15.6025164113786,0.570087421967196,,,18280.0,,,22.2677
New Caledonia,2022,45.8326039387309,0.326586433260394,,33516.363085906,15.7069474835886,0.902443949300778,,,18280.0,,,22.2677
New Zealand,2000,37.4100489916828,1.53385401238084,7.75290180992832,13641.1027183822,14.6507918423151,0.646465071137305,100.0,1732.0,263310.0,14.435514586955,,41.2865
New Zealand,2001,37.4091679009532,1.52557821579127,7.98138479706632,13882.8568268586,14.7373817933235,0.645918884312257,100.0,1732.0,263310.0,12.7654814808232,,41.2865
New Zealand,2002,37.4082868102237,1.52443887433064,5.85289352793662,16874.1874918196,14.9956325244009,1.79737288831583,100.0,1732.0,263310.0,13.4068917196573,,41.2865
New Zealand,2003,37.4074057194941,1.57608902054612,5.72933246598663,21913.7081719961,15.2945197675743,2.03392246675827,100.0,1732.0,263310.0,12.4775436541494,,41.2865
New Zealand,2004,37.4065246287646,1.59507804489005,5.36558854547454,25420.234882944,15.5235274011621,1.537229719787,100.0,1732.0,263310.0,11.6856677262391,,41.2865
New Zealand,2005,37.405643538035,1.61406706923398,4.51769702400314,27751.0654708859,15.6997455470738,1.16153486718521,100.0,1732.0,263310.0,10.7349606843075,,41.2865
New Zealand,2006,37.4047624473055,1.51532414264555,4.98360503244111,26654.5932018985,15.8922942539212,1.22570159694795,100.0,1732.0,263310.0,10.9094870249616,,41.2865
New Zealand,2007,37.4038813565759,1.6368538984467,6.06836553759783,32479.9817381467,16.0411682047776,0.924836867605484,100.0,1732.0,263310.0,10.0963254042857,,41.2865
New Zealand,2008,37.4030002658463,1.72040560555999,5.00102717537308,31324.7397977102,16.1778891800539,0.831584175676266,100.0,1732.0,263310.0,8.91239512881453,,41.2865
New Zealand,2009,37.4021191751168,1.78876609319813,5.73699370029419,28276.7255416225,16.340435228438,0.973364962716548,100.0,1732.0,263310.0,9.86589624298316,,41.2865
New Zealand,2010,37.4012380843872,1.89510462952414,6.57130523506789,33761.9009639947,16.5231096426266,1.07629006305494,100.0,1732.0,263310.0,10.7037261202396,,41.2865
New Zealand,2011,37.4000911473169,1.78876609319813,6.27701974023538,38431.7766788499,16.6495765447571,0.718108261319417,100.0,1732.0,263310.0,10.8797034787843,,41.2865
New Zealand,2012,37.3989442102465,1.93308267821199,5.50645632003524,40053.6991536369,16.7411036420949,0.495065675354026,100.0,1732.0,263310.0,11.0835649509324,,41.2865
New Zealand,2013,37.3977972731761,2.07739926322586,7.02982114184147,43000.4646849189,16.8702290076336,0.687077440519911,100.0,1732.0,263310.0,12.4117825546278,,41.2865
New Zealand,2014,37.3966503361057,2.24070487258365,4.77200031286406,44618.266973847,17.1527856898713,1.42698064603296,100.0,1732.0,263310.0,11.5373466298408,,41.2865
New Zealand,2015,37.3955033990354,1.81535072727963,4.46728672100294,38665.3723018158,17.5056017621815,1.61907852297061,100.0,1732.0,263310.0,11.870776695632,,41.2865
New Zealand,2016,37.396035091717,2.05461243401314,5.54432774887998,40113.7195382428,17.9032319319433,1.70375126840798,100.0,1732.0,263310.0,12.4174852318692,,41.2865
New Zealand,2017,37.411606091679,1.86472219057385,5.90942208292093,42950.3841711138,18.2811135163875,1.4713255696799,100.0,1732.0,263310.0,12.215539520793,,41.2865
New Zealand,2018,37.4279366526148,1.96916182446546,5.6613811876987,43257.0769238879,18.6115225399719,1.352687483484,100.0,1732.0,263310.0,12.7299138008258,,41.2865
New Zealand,2019,37.4673198891041,2.07360145835707,5.68946266357785,42855.831861632,18.8762295393263,1.41605248528615,100.0,1732.0,263310.0,11.5401173163452,,41.2865
New Zealand,2020,37.5701264669021,2.00144316585014,5.70464895404622,41997.7830324279,19.2639854164293,2.04404689350328,100.0,1732.0,263310.0,10.4464969219259,,41.2865
New Zealand,2021,37.6306509437545,2.33944779917208,5.76844884341389,49950.4251691316,19.3103186358285,0.259367503756272,100.0,1732.0,263310.0,11.9990594318033,,41.2865
New Zealand,2022,37.719363487904,2.02422999506285,4.56898326146121,49099.7090423358,19.299305001709,-0.0274764501451303,100.0,1732.0,263310.0,10.4010721581047,,41.2865
Nicaragua,2000,44.8672095728768,15.9298653814193,17.7655051440462,1017.3124434882,41.7370201096892,1.6259912021866,6.2,2280.0,120340.0,2.04656849977124,139.014689526278,12.1475
Nicaragua,2001,43.8607528668772,15.8883164367625,16.8133294680756,1051.874235891,42.2787518697025,1.53593833141004,6.5,2280.0,120340.0,2.62785847183178,124.986559022935,12.1475
Nicaragua,2002,42.8542961608775,15.9631045371448,16.4301119851034,1014.3339042591,42.7946568057171,1.46050674261321,6.7,2280.0,120340.0,2.77200344453151,128.350102249897,12.1475
Nicaragua,2003,41.8478394548778,16.0462024264584,15.6259025646946,1021.35216668794,43.3020026591325,1.43289414661771,6.8,2280.0,120340.0,2.03999641357065,133.765613803146,12.1475
Nicaragua,2004,40.8413827488782,16.1043709489779,15.9688222709169,1098.62118662335,43.8167857736413,1.44815417159132,6.9,2280.0,120340.0,1.80323349174555,90.9984403907853,12.1475
Nicaragua,2005,39.8349260428785,16.1542296825661,16.137898065388,1183.30214010175,44.391764999169,1.58723478995308,7.1,2280.0,120340.0,2.14152904355949,81.2028996408479,12.1475
Nicaragua,2006,38.8284693368788,15.5226857237826,15.8996625466787,1248.17371577788,45.029541299651,1.72689609187367,7.1,2280.0,120340.0,1.65305422756112,63.9929315785146,12.1475
Nicaragua,2007,37.8220126308792,14.8745221871364,16.4613383107055,1350.38145753377,45.6809290344025,1.74908094067171,7.3,2280.0,120340.0,1.16498452364992,56.9156498096097,12.1475
Nicaragua,2008,36.8155559248795,14.2263586504903,16.2627898839898,1523.68437086409,46.340310786106,1.75624121961121,7.4,2280.0,120340.0,0.563308638083228,56.99655498841,12.1475
Nicaragua,2009,35.8090992188798,13.5781951138441,16.0676510041113,1467.08288052845,47.0051603789264,1.75567257914583,7.7,2280.0,120340.0,0.822649215436141,73.5932514465605,12.1475
Nicaragua,2010,34.8026425128802,12.9217217882666,16.9826368007048,1526.56706951408,47.676998504238,1.75610846916118,7.8,2280.0,120340.0,1.08158538819363,82.4187917914779,12.1475
Nicaragua,2011,34.3362639188965,12.4896127638358,18.8847883857771,1679.71192084633,48.355085590826,1.75283089633995,7.9,2280.0,120340.0,1.35234567415142,83.5100184553,12.1475
Nicaragua,2012,33.8698853249127,12.4896127638358,17.6115834733674,1784.69836017555,49.0384493933854,1.74540679957115,8.2,2280.0,120340.0,0.745535175643704,90.4941987647134,12.1475
Nicaragua,2013,33.403506730929,12.4896127638358,16.4909112111851,1835.43996363715,49.7244889479807,1.73071404388356,8.3,2280.0,120340.0,0.656461239418124,98.1495212959426,12.1475
Nicaragua,2014,32.9371281369453,12.4896127638358,16.7090173834472,1958.37047579547,50.4112680737909,1.71042386973952,8.6,2280.0,120340.0,0.89147777671908,95.9109123249239,12.1475
Nicaragua,2015,32.4707495429616,12.4896127638358,16.1099292353151,2074.45620634731,51.100357320924,1.69158904532006,9.0,2280.0,120340.0,0.858961657571746,93.8499574183771,12.1475
Nicaragua,2016,31.6397706498255,12.4896127638358,14.9153392298097,2131.68704828322,51.7921389396709,1.67174824787883,9.1,2280.0,120340.0,0.730226734309814,96.5759187776326,12.1475
Nicaragua,2017,30.8087917566894,12.4896127638358,14.9964086019473,2182.61380995674,52.4865464517201,1.65005524089225,9.4,2280.0,120340.0,0.784412287682329,97.4552133596222,12.1475
Nicaragua,2018,29.9778128635533,12.4896127638358,15.3222113237126,2035.16549390507,53.1833139438258,1.62613415046516,9.7,2280.0,120340.0,0.760734187208002,105.203065587607,12.1475
Nicaragua,2019,29.1468339704172,12.4896127638358,15.5297840677071,1958.62051528095,53.8778211733422,1.5919991986924,9.8,2280.0,120340.0,0.857058221376998,111.85462309612,12.1475
Nicaragua,2020,28.315855077281,12.4896127638358,15.9067799804023,1938.44704754382,54.5559830480306,1.53062925516481,9.8,2280.0,120340.0,0.960991144892972,116.047725431055,12.1475
Nicaragua,2021,27.4848761841449,12.4896127638358,15.7299123972627,2138.38588469449,55.2163952135616,1.46637119667116,10.1,2280.0,120340.0,0.775784979207712,110.113303839973,12.1475
Nicaragua,2022,26.6538972910088,12.4896127638358,16.8030312183945,2322.89053964583,55.9303141100216,1.51576953967382,10.4,2280.0,120340.0,0.652450094946169,104.763775822472,12.1475
Niger,2000,1.04847240862083,11.0326044051472,36.5755600708745,194.771959898935,9.08631088655562,3.95953190177354,0.3,151.0,1266700.0,3.2835781803013,73.6636960994648,13.514
Niger,2001,1.03866740348938,11.0286571406016,40.1819277330126,205.417936120931,9.41078945290913,4.36036130646325,0.3,151.0,1266700.0,3.45709980071514,63.7522715663708,13.514
Niger,2002,1.02886239835794,11.0207626115102,41.3669351734986,225.294391147438,9.74906765611431,3.53148159440026,0.3,151.0,1266700.0,3.64155587665541,63.2241164578283,13.514
Niger,2003,1.01905739322649,11.0918133733323,41.1955263001462,265.225363452469,10.1026162469409,3.56228422470428,0.3,151.0,1266700.0,3.33791655325353,60.4660124139929,13.514
Niger,2004,1.00925238809505,11.1352332833346,37.3717285561201,283.468281798296,10.4727528222942,3.5982380350904,0.3,151.0,1266700.0,3.69803289686528,49.4870221697257,13.514
Niger,2005,0.999447382963606,11.1494434356991,39.2805201285945,318.643121918273,10.8598657930054,3.62971954924472,0.3,151.0,1266700.0,4.31161166512064,42.1240585306703,13.514
Niger,2006,0.989642377832162,11.1604957764269,39.7450785783419,333.345078419447,11.2643727796637,3.6500218039751,0.3,151.0,1266700.0,4.54841379363173,15.0560974130624,13.514
Niger,2007,0.979837372700718,11.7825846688245,37.094506437909,387.168065883301,11.6867529801847,3.66029214479531,0.3,151.0,1266700.0,3.98485489201481,17.9746825164839,13.514
Niger,2008,0.970032367569274,11.7786374042788,38.7750062340041,475.044955398162,12.1275084866188,3.66809515493972,0.3,151.0,1266700.0,2.97604413372884,12.3261794013539,13.514
Niger,2009,0.960227362437831,11.7628483460962,34.7848102748131,461.131533961487,12.5867806110366,3.67060631589823,0.3,151.0,1266700.0,1.82992190875446,16.1010872675788,13.514
Niger,2010,0.950422357306387,11.9207389279229,35.8213879566765,474.425692340831,13.0645259335281,3.66698368645726,0.3,151.0,1266700.0,2.3590971190029,18.5156916420841,13.514
Niger,2011,0.940617352174943,12.3154653824899,33.6467642815211,510.75956176268,13.5598665824584,3.65160949291123,0.3,151.0,1266700.0,2.3178936201185,23.7262671614508,13.514
Niger,2012,0.930812347043499,12.5523012552301,33.6809938208632,528.510104469655,14.0812891766006,3.67354470036037,0.3,151.0,1266700.0,2.93633394015368,18.3017222078689,13.514
Niger,2013,0.921007341912055,13.2628088734507,32.2350107295479,552.103334363117,14.6205873529644,3.7715111902714,0.3,151.0,1266700.0,1.56303344980038,18.6548282769277,13.514
Niger,2014,0.911202336780611,13.2628088734507,33.4290442343639,565.30989731175,15.1700552617036,3.86662213149463,0.3,151.0,1266700.0,1.44767261674921,17.6428952553323,13.514
Niger,2015,0.901397331649167,13.2628088734507,32.4169952714448,485.662574175279,15.741294702771,4.05596230514375,0.3,151.0,1266700.0,1.46363288284299,21.9307650945134,13.514
Niger,2016,0.891592326517723,13.8154259098445,35.2629582125475,502.706475406446,16.3304278834768,4.20199301063325,0.3,151.0,1266700.0,0.0622263850763282,23.3974451516055,13.514
Niger,2017,0.881787321386279,13.9733164916713,35.816868204144,521.804130023434,16.9222752032841,4.2524305341869,0.3,151.0,1266700.0,0.183273868744407,26.1671298879706,13.514
Niger,2018,0.871982316254835,13.9733164916713,37.5776218588144,578.568035680892,17.5164356201153,4.30282962500343,0.4,151.0,1266700.0,0.0464124955938597,23.6932555242712,13.514
Niger,2019,0.862177311123392,13.9733164916713,36.9919203931409,561.691304349698,18.1161735217494,4.372270386451,0.4,151.0,1266700.0,0.893562323869379,26.5897762591554,13.514
Niger,2020,0.852372305991948,13.9733164916713,38.3755798583507,579.512495758236,18.7239385805637,4.45287264441085,0.4,151.0,1266700.0,0.265036274356564,34.5774485452582,13.514
Niger,2021,0.842567300860504,13.9733164916713,36.4810258004149,608.722439593808,19.3432857030078,4.54788563715312,0.4,151.0,1266700.0,0.569164771640375,32.7020935952753,13.514
Niger,2022,0.83276229572906,13.9733164916713,41.3505163572647,609.745147574878,19.9826107207705,4.67862287618617,0.5,151.0,1266700.0,0.832610088551466,38.6144336945622,13.514
Nigeria,2000,27.3318620507922,38.4290215971101,21.3572412972176,547.318298903379,138.764445469218,4.63895812815827,0.2,1150.0,910770.0,0.00594552787515824,,9.05804
Nigeria,2001,27.1525566279083,39.1438013988164,24.4753546604632,566.428231812933,142.585499083193,4.65625262124468,0.2,1150.0,910770.0,0.00617627891688054,,9.05804
Nigeria,2002,26.9732512050243,39.1844263645048,36.9650826661797,712.164852077686,146.548512796864,4.65624871631628,0.2,1150.0,910770.0,0.281333481644992,,9.05804
Nigeria,2003,26.7939457821404,39.2184634979193,33.8270605515687,763.388745367223,150.64466769876,4.64610639678525,0.2,1150.0,910770.0,0.00926296583712412,,9.05804
Nigeria,2004,26.6146403592565,39.2535986033796,27.2304536006497,962.48104194733,154.876692249415,4.63422757160918,0.3,1150.0,910770.0,,,9.05804
Nigeria,2005,26.4353349363725,39.2876357367941,26.0892828250796,1211.37703504386,159.224889928302,4.60659895850872,0.3,1150.0,910770.0,,,9.05804
Nigeria,2006,26.2560295134886,39.3227708422544,24.7349912601339,1599.53891556365,163.682745369303,4.55029614899566,0.4,1150.0,910770.0,0.361642313882502,,9.05804
Nigeria,2007,26.0767240906047,39.3568079756689,24.6625772142283,1815.52697545827,168.28316808854,4.43378037589133,0.4,1150.0,910770.0,0.762280230777984,,9.05804
Nigeria,2008,25.8974186677207,39.3919430811292,25.2797507802655,2154.10543545364,173.034919902939,4.42572856446101,0.5,1150.0,910770.0,0.928697302553093,6.29589733867469,9.05804
Nigeria,2009,25.7181132448368,40.4844252665327,26.7488545066519,1820.48633854782,177.925781481603,4.40060797442349,0.6,1150.0,910770.0,1.13722399673644,8.11168567712412,9.05804
Nigeria,2010,25.5388078219529,39.461115320004,23.8937040912791,2202.25672957344,182.969230431393,4.38142318333946,0.7,1150.0,910770.0,1.63181106686242,8.39261604734311,9.05804
Nigeria,2011,25.3595023990689,39.4951524534185,22.2347109931956,2418.41316975875,188.170007795602,4.36285851269691,0.8,1150.0,910770.0,6.12951235012301,8.71768198369707,9.05804
Nigeria,2012,25.180196976185,39.5302875588788,21.8599586165277,2633.19734671361,193.463360672837,4.30889172724088,1.0,1150.0,910770.0,7.26834307471648,8.89341234144098,9.05804
Nigeria,2013,25.0008915533011,39.5643246922933,20.7586228322439,2872.79083379398,198.787227291193,4.22469191092493,1.3,1150.0,910770.0,3.20508092790333,8.61753445373024,9.05804
Nigeria,2014,24.8215861304171,39.5994597977536,19.9902547680805,3088.72131316169,204.109616039176,4.128274103326,1.7,1150.0,910770.0,0.434799236241362,8.40912650109517,9.05804
Nigeria,2015,24.6422807075332,39.6334969311681,20.6318934800012,2585.73360671797,209.352391932101,3.99897790948703,2.1,1150.0,910770.0,0.309646470371848,9.37394526748953,9.05804
Nigeria,2016,24.4629795667402,39.6686320366283,20.9831097083173,2070.4127339595,214.591719094832,3.91203673452783,2.7,1150.0,910770.0,0.160180403767223,10.978230289557,9.05804
Nigeria,2017,24.2836830374299,39.7026691700429,20.8465714300542,1876.34027111773,219.873929751749,3.84994080250873,3.4,1150.0,910770.0,0.232203585609444,17.7307590012602,9.05804
Nigeria,2018,24.1043842023782,39.9881419019072,21.203773720121,2057.87944554011,225.017024056568,3.70903052125504,4.2,1150.0,910770.0,0.133973842668222,16.9165675219792,9.05804
Nigeria,2019,23.9250853673265,40.4844252665327,25.7349305726601,3189.81286498516,230.009377779242,3.57046212517853,5.3,1150.0,910770.0,0.114395131943559,17.479665389895,9.05804
Nigeria,2020,23.7457865322749,40.4844252665327,28.3454204380593,2797.18458068686,234.961824609945,3.48611159161786,6.5,1150.0,910770.0,0.155381535849768,20.4924439613801,9.05804
Nigeria,2021,23.5664876972232,40.4844252665327,29.3882780431661,2787.48779224428,239.939047179859,3.43228281567284,7.6,1150.0,910770.0,0.264812731194757,22.2682603874306,9.05804
Nigeria,2022,23.3871888621716,40.4844252665327,28.5515522199731,2899.16047470324,245.013445765671,3.40970166456423,8.7,1150.0,910770.0,0.19930228049617,22.1867351582616,9.05804
North Macedonia,2000,37.6543452615022,21.8246165945733,10.0962814603895,1861.89899780644,79.6834447502949,-0.317740035755735,36.3,619.0,25430.0,1.70058340530415,39.9114647653868,42.0024
North Macedonia,2001,37.6656704679512,22.3358238301219,9.74511971409667,1823.02267682636,80.0189539913488,-0.261721869426246,37.0,619.0,25430.0,1.22034742613587,40.5997554049823,42.0024
North Macedonia,2002,37.6769956744003,19.6224931183641,10.1701207745349,1989.13537265159,79.4399134880063,-1.10860420306859,37.5,619.0,25430.0,1.13702333385179,41.691305444453,42.0024
North Macedonia,2003,37.6883208808494,18.5214313802595,11.5387764520235,2445.36286400013,79.5408965788439,0.0882327349368274,38.2,619.0,25430.0,1.17871684288781,38.2041931695784,42.0024
North Macedonia,2004,37.6996460872985,18.1281950452222,11.5539948572935,2818.5814561242,79.283759339363,-0.319271681863634,38.9,619.0,25430.0,0.997635004759813,49.9632391785537,42.0024
North Macedonia,2005,37.7109712937475,17.6169878096736,9.73619454882038,3120.98401394233,78.8568619740464,-0.525029443088389,39.6,619.0,25430.0,0.781690458302154,48.4285306586504,42.0024
North Macedonia,2006,37.7222965001966,17.26307510814,8.98936805638514,3440.4411057968,78.4226110892646,-0.520696346836198,40.4,619.0,25430.0,0.758593309044397,48.1882697796576,42.0024
North Macedonia,2007,38.0327388030123,17.0828378913991,8.93241688545385,4204.11328760452,78.5942528735632,-0.516629135249012,40.8,619.0,25230.0,0.695905850861134,52.3587441288366,42.0024
North Macedonia,2008,38.0441537851764,16.8053904082442,11.4435151485936,5026.4202989873,78.1408244153785,-0.495242615999186,41.8,619.0,25230.0,0.526008620209037,43.86639988356,42.0024
North Macedonia,2009,38.0706582077716,16.6534496431404,10.3701684908181,4799.78722768888,77.6678033306899,-0.528495197784765,42.7,619.0,25220.0,0.52526414787421,55.8252832745207,42.0024
North Macedonia,2010,38.0820777160983,16.4155432196669,10.1206048077275,4833.36586759968,77.1727993655829,-0.479751731952829,43.6,619.0,25220.0,0.545929692978199,55.1658818503309,42.0024
North Macedonia,2011,38.3514670896114,16.4155432196669,9.35099292094117,5416.86672931659,76.8199048374306,-0.251641934007798,44.9,619.0,25220.0,0.635192243484068,58.0429260072242,42.0024
North Macedonia,2012,38.6208564631245,16.4155432196669,9.10471970396591,5049.8265386157,76.5194686756542,-0.132137435044148,46.1,619.0,25220.0,0.637834448666988,67.5560932297406,42.0024
North Macedonia,2013,38.8902458366376,16.375892149088,10.0274760854448,5626.26115664893,76.2377478191911,-0.0503290706269906,47.8,619.0,25220.0,0.645264891549464,60.1124927734005,42.0024
North Macedonia,2014,39.1596352101507,16.3362410785091,10.1775672771312,5925.38592218015,76.0331879460745,0.11411383337714,49.0,619.0,25220.0,0.479694700635469,60.0036675912529,42.0024
North Macedonia,2015,39.4290245836638,16.4155432196669,9.72691849418736,5262.68671928674,75.8298969072165,0.184737218511398,50.6,619.0,25220.0,0.511400005446222,67.6327026199251,42.0024
North Macedonia,2016,39.7172878667724,16.4948453608247,9.17290831294816,5598.48622617967,75.5873513084853,0.206925349933881,51.8,619.0,25220.0,0.564641486477167,71.8679514884869,42.0024
North Macedonia,2017,39.7101506740682,16.5344964314036,7.87324504211252,5955.2973863451,75.2837827121332,0.204382287068939,53.3,619.0,25220.0,0.525001052733117,77.6192228036134,42.0024
North Macedonia,2018,39.7101506740682,16.5741475019826,8.47039846991427,6713.98925398989,74.9028945281523,0.183816376355572,55.1,619.0,25220.0,0.438739821647463,70.8671055226992,42.0024
North Macedonia,2019,39.7101506740682,16.6137985725615,8.13229139447626,6718.85826635458,74.3957969865186,0.100001371588843,56.6,619.0,25220.0,0.423087767409379,73.878913843162,42.0024
North Macedonia,2020,39.7101506740682,16.4948453608247,8.56905928759264,6659.59651070776,73.5973037272006,-0.207678363374453,57.9,619.0,25220.0,0.434054646868152,85.5780954490782,42.0024
North Macedonia,2021,39.7101506740682,16.5344964314036,7.14748884425831,7620.80296977508,72.8435368754956,-0.174924947685562,59.7,619.0,25220.0,0.45282665813901,81.2137403910336,42.0024
North Macedonia,2022,39.7101506740682,16.4948453608247,7.27988785468163,7606.2375253797,72.6293417922284,0.140475532258047,60.6,619.0,25220.0,0.45999550588368,87.2903420648887,42.0024
Northern Mariana Islands,2000,69.4782608695652,2.17391304347826,,,148.6,3.76978906309813,,,460.0,,,15.1935
Northern Mariana Islands,2001,69.1217391304348,2.17391304347826,,,147.791304347826,-0.440704864195003,,,460.0,,,15.1935
Northern Mariana Islands,2002,68.7652173913043,2.17391304347826,,19227.8894246608,145.169565217391,-1.69129231772326,,,460.0,,,15.1935
Northern Mariana Islands,2003,68.4086956521739,2.17391304347826,,18938.8728389967,142.219565217391,-1.96014142826873,,,460.0,,,15.1935
Northern Mariana Islands,2004,68.0521739130435,2.17391304347826,,18924.5831899653,138.995652173913,-2.20649338632098,,,460.0,,,15.1935
Northern Mariana Islands,2005,67.695652173913,2.17391304347826,,17015.7487891715,135.552173913043,-2.4243399569462,,,460.0,,,15.1935
Northern Mariana Islands,2006,67.3391304347826,2.17391304347826,,16314.5578590027,131.917391304348,-2.637160629762,,,460.0,,,15.1935
Northern Mariana Islands,2007,66.9826086956522,0.543478260869565,,15914.2193040498,128.132608695652,-2.83007319188974,,,460.0,,,15.1935
Northern Mariana Islands,2008,66.6260869565217,0.543478260869565,,16430.4461942257,124.239130434783,-3.00496192597033,,,460.0,,,15.1935
Northern Mariana Islands,2009,66.2695652173913,0.543478260869565,,14369.6339810212,120.271739130435,-3.16567000500502,,,460.0,,,15.1935
Northern Mariana Islands,2010,65.9130434782609,0.543478260869565,,14771.4037455399,117.589130434783,-2.1715943340987,,,460.0,,,15.1935
Northern Mariana Islands,2011,65.5521739130435,0.543478260869565,,13598.7166094613,116.539130434783,-0.812315675815378,,,460.0,,,15.1935
Northern Mariana Islands,2012,65.1913043478261,0.543478260869565,,14013.6003306158,115.726086956522,-0.616689519938135,,,460.0,,,15.1935
Northern Mariana Islands,2013,64.8304347826087,0.543478260869565,,14632.8518897608,114.691304347826,-0.815739513103942,,,460.0,,,15.1935
Northern Mariana Islands,2014,64.4695652173913,0.543478260869565,,15945.417608954,113.430434782609,-1.02387120356229,,,460.0,,,15.1935
Northern Mariana Islands,2015,64.1086956521739,0.543478260869565,,17665.1007493109,111.986956521739,-1.20012427348022,,,460.0,,,15.1935
Northern Mariana Islands,2016,52.9565217391304,0.543478260869565,,24225.474169342,110.376086956522,-1.36758292415537,,,460.0,,,15.1935
Northern Mariana Islands,2017,52.9565217391304,0.543478260869565,,31225.6049960968,108.60652173913,-1.53523453945014,,,460.0,,,15.1935
Northern Mariana Islands,2018,52.9565217391304,0.173913043478261,,26509.3628379893,106.689130434783,-1.70374655017948,,,460.0,,,15.1935
Northern Mariana Islands,2019,52.9565217391304,0.173913043478261,,24496.6652122421,104.628260869565,-1.87152315460896,,,460.0,,,15.1935
Northern Mariana Islands,2020,52.9565217391304,0.173913043478261,,18220.8382427201,103.321739130435,-1.17483358272307,,,460.0,,,15.1935
Northern Mariana Islands,2021,52.9565217391304,0.173913043478261,,19455.50139424,102.128260869565,-1.0611647710354,,,460.0,,,15.1935
Northern Mariana Islands,2022,52.9565217391304,0.173913043478261,,23785.754590043,100.169565217391,-1.83259473046593,,,460.0,,,15.1935
Norway,2000,33.1641313751903,2.40661037552978,1.78413816684028,38178.2368777076,12.2957995203207,1.03580740060554,100.0,1414.0,365244.0,0.695834470434076,,59.9138
Norway,2001,33.1611196898512,2.41208616705545,1.54476775506348,38601.897639231,12.358179737381,0.849546869211291,100.0,1414.0,365244.0,0.711895069747298,,59.9138
Norway,2002,33.1581080045121,2.40387247976695,1.47384034088911,43170.557174499,12.4250062971603,1.0611020024625,100.0,1414.0,365244.0,0.766314742192418,,59.9138
Norway,2003,33.1550963191729,2.38470720942712,1.25651516690834,50250.3298214345,12.4980971624448,1.18950430828591,100.0,1414.0,365244.0,0.713680849124417,,59.9138
Norway,2004,33.1520846338338,2.37923141790146,1.33559044875548,57768.6980958462,12.5721709323083,0.989388182522657,100.0,1414.0,365244.0,0.614690532871856,,59.9138
Norway,2005,33.1490729484947,2.36006614756163,1.35951412016903,67047.1704558264,12.6580888392417,1.01255097466458,100.0,1414.0,365244.0,0.496256711212884,,59.9138
Norway,2006,33.1460612631556,2.3491145645103,1.36556231799507,74434.4996835671,12.760447810231,1.14111833830031,100.0,1414.0,365244.0,0.483748594291383,,59.9138
Norway,2007,33.1430495778165,2.334329927391,1.20029285976373,85502.2677087731,12.89317004523,1.44306702907828,100.0,1414.0,365244.0,0.502944351654615,,59.9138
Norway,2008,33.1400378924774,2.31379570916976,1.08255295779966,97503.5407803783,13.0548674310872,1.68772524856756,100.0,1414.0,365244.0,0.438302573362319,,59.9138
Norway,2009,33.1370262071382,2.28581441447361,1.2360885219239,80347.5700665184,13.2205484552792,1.64512336857423,100.0,1414.0,365244.0,0.521022567583216,,59.9138
Norway,2010,33.1340145217991,2.26040674179453,1.5247849522003,88163.2085931423,13.3862623342204,1.48308645953145,100.0,1414.0,365244.0,0.516561552937577,,59.9138
Norway,2011,33.1553701087492,2.239598733997,1.30483723965979,101221.813476644,13.5610386481366,1.38120747657131,100.0,1414.0,365244.0,0.508659280655346,,59.9138
Norway,2012,33.1767256956993,2.22289756984372,1.07727511345649,102175.919298374,13.7403297521657,1.53884224098289,100.0,1414.0,365244.0,0.520310317928837,,59.9138
Norway,2013,33.2090866046879,2.21237990621023,1.25303567412594,103553.840134417,13.9120886837683,1.81343087916212,100.0,1414.0,365122.96,0.597704798040799,,59.9138
Norway,2014,33.2318108614437,2.21353681650361,1.38343133732434,97666.6951838749,14.0704449094514,1.92399261307951,100.0,1414.0,365108.0,0.695162874967373,,59.9138
Norway,2015,33.2456439881958,2.2101904566573,1.48183029554502,74809.9658049898,14.2079384825517,1.76876684854435,100.0,1414.0,365190.7,0.819861022928472,,59.9138
Norway,2016,33.271099733249,2.2049333563342,2.03389884901806,70867.3609970749,14.3354243797401,1.42379928970036,100.0,1414.0,365145.73,0.880938634889209,,59.9138
Norway,2017,33.2945336229161,2.19512328722102,1.91877892439687,76131.8384032764,14.452576255125,1.16205265194033,100.0,1414.0,365123.0,0.804756262023552,,59.9138
Norway,2018,33.3172650284299,2.1999244059292,1.81119901939869,82792.8427113304,14.5488896436123,0.995324012510003,100.0,1414.0,365108.0,0.719621025451291,,59.9138
Norway,2019,33.3399069828592,2.19670002793801,1.78246102169707,76430.5889473338,14.6479975020132,0.976584408637111,100.0,1414.0,365094.0,0.803387147237195,,59.9138
Norway,2020,33.4353596771758,2.20842746750484,1.8439294251894,68340.0181033702,14.7672152298338,0.842290056016846,100.0,1414.0,364285.0,0.944994144874587,,59.9138
Norway,2021,33.4581491750625,2.20715403409559,1.59886917714459,93072.8925119571,14.8470090866665,0.725996037206213,100.0,1414.0,364270.0,0.574793010922026,,59.9138
Norway,2022,33.4795618634529,2.20715403409559,1.63442443229044,109269.520580298,14.9809948664452,1.01305887314651,100.0,1414.0,364270.0,0.382930364851598,,59.9138
Oman,2000,0.00969305331179321,0.10016155088853,1.96522877038837,9753.84755185404,7.37360581583199,1.25310389188049,100.0,125.0,309500.0,0.0112841984366473,,23.6105
Oman,2001,0.00969305331179321,0.10016155088853,2.04495145289936,9611.96360191054,7.464352180937,1.19227266243229,100.0,125.0,309500.0,0.00922738475078612,,23.6105
Oman,2002,0.00969305331179321,0.10016155088853,2.02622706822871,9869.13050219438,7.5513408723748,1.1353876331802,100.0,125.0,309500.0,0.0131139588894743,,23.6105
Oman,2003,0.00969305331179321,0.10016155088853,1.9295275549153,10463.5425832141,7.63746688206785,1.12193108693279,100.0,125.0,309500.0,0.00364582613044869,,23.6105
Oman,2004,0.00969305331179321,0.0936995153473344,1.68992915860957,11800.8507411171,7.77001938610662,1.79091338469577,100.0,125.0,309500.0,0.00320815451275153,,23.6105
Oman,2005,0.00969305331179321,0.0904684975767367,1.41513580029885,14434.8577924647,7.94766397415186,2.69973395192653,100.0,125.0,309500.0,0.00596148651457024,,23.6105
Oman,2006,0.00969305331179321,0.0840064620355412,1.22533000226008,16930.8565071853,8.12534733441034,2.95177321987888,100.0,125.0,309500.0,0.00268855564287598,,23.6105
Oman,2007,0.00969305331179321,0.0904684975767367,1.20022615297633,18792.653772482,8.30427786752827,3.10757727747471,100.0,125.0,309500.0,0.00391789530622305,,23.6105
Oman,2008,0.00969305331179321,0.0969305331179321,0.973923151725602,26576.779241509,8.48636187399031,3.17642901371074,100.0,125.0,309500.0,0.00910351004086881,,23.6105
Oman,2009,0.00969305331179321,0.119547657512116,1.28833463870819,20655.9180249218,8.67418093699515,3.1679766726124,100.0,125.0,309500.0,0.0300363254872835,,23.6105
Oman,2010,0.00969305331179321,0.110823909531502,1.24729891956783,23570.1798147325,8.90935702746365,3.5090079039168,100.0,125.0,309500.0,0.0211274016670565,,23.6105
Oman,2011,0.00969305331179321,0.119224555735057,1.10041680929465,25188.0074151885,9.94107592891761,11.6211511480374,100.0,125.0,309500.0,0.00867981856451523,,23.6105
Oman,2012,0.00969305331179321,0.108885298869144,1.01551086474633,24642.2978768596,11.4607625201939,14.7916006064484,100.0,125.0,309500.0,0.0152710349996585,,23.6105
Oman,2013,0.00969305331179321,0.121809369951535,1.14226556083793,23458.0233840053,12.3874410339257,8.30398593296801,100.0,125.0,309500.0,0.0114320861697489,,23.6105
Oman,2014,0.00969305331179321,0.121163166397415,1.11270719472095,23160.6502252547,12.9319515347334,4.82055157496812,100.0,125.0,309500.0,0.0171559791450066,,23.6105
Oman,2015,0.00969305331179321,0.168529886914378,1.72976080728779,18808.3077921839,13.5214701130856,4.99381692676548,100.0,125.0,309500.0,0.0253165932106742,,23.6105
Oman,2016,0.00904684975767367,0.181292407108239,1.98532211721536,17110.1897460545,14.1870016155089,5.38467158035575,100.0,125.0,309500.0,0.0238828414832274,,23.6105
Oman,2017,0.00872374798061389,0.223909531502423,1.98459925247834,17820.0661809335,14.6604071082391,4.00275726635581,100.0,125.0,309500.0,0.0259548146360916,,23.6105
Oman,2018,0.00840064620355412,0.247689822294023,1.84942019099591,19901.7615642016,14.8558222940226,2.15239943028023,100.0,125.0,309500.0,0.0211753094066819,,23.6105
Oman,2019,0.00807754442649435,0.247689822294023,1.99471933938581,19180.1864152801,14.8343812600969,0.628142527409911,100.0,125.0,309500.0,0.016313711744451,,23.6105
Oman,2020,0.00807754442649435,0.251534733441034,2.46923308847714,16784.8630630058,14.612268174475,-0.95768120291942,100.0,125.0,309500.0,0.120685709169264,,23.6105
Oman,2021,0.00786203554119548,0.241227786752827,2.39218489397188,19403.4600160211,14.5409499192246,-0.356443552856967,100.0,125.0,309500.0,0.082169708958164,,23.6105
Oman,2022,0.00779030694668821,0.266914378029079,2.10827114663434,23223.5829405935,15.2834442649435,4.83989450425644,100.0,125.0,309500.0,0.0142888354924953,,23.6105
Pakistan,2000,5.85209111664591,40.2656704026567,25.3871360412975,642.338346499898,200.912109537152,3.44205037794817,4.3,494.0,770880.0,2.95094176924683,33.9620062505144,30.5167
Pakistan,2001,5.79792834163553,40.6029472810295,24.1449605032819,609.939506905073,206.609208955998,3.3827115633292,4.8,494.0,770880.0,1.71051982781074,34.0673947984518,30.5167
Pakistan,2002,5.74376556662516,40.4991697799917,22.7026275435674,599.937345723927,211.735353102947,3.01207726127683,5.4,494.0,770880.0,1.47106067375518,35.8788695669919,30.5167
Pakistan,2003,5.68960279161478,40.4602532171025,22.1519373367714,672.44178669894,216.778549190536,2.8952357426091,5.9,494.0,770880.0,1.58511722990572,33.5755290063407,30.5167
Pakistan,2004,5.6354400166044,39.318700705687,22.0018900085347,771.902247348954,222.195413034454,2.99464975343955,6.4,494.0,770880.0,1.62068094204353,28.3672551340564,30.5167
Pakistan,2005,5.58127724159402,39.1370900788709,21.5745096992331,827.619861189926,227.601198630137,2.92065745758564,7.0,494.0,770880.0,1.49482387776306,24.1708210827745,30.5167
Pakistan,2006,5.52711446658364,39.3316728933167,20.4183460540925,900.873564984808,233.087756849315,2.89418874039467,7.6,494.0,770880.0,1.23761059785627,23.6546444840212,30.5167
Pakistan,2007,5.47295169157327,39.1500622665006,19.9379514329097,998.090114197524,239.328080894562,3.15438837356383,8.4,494.0,770880.0,1.22334149052363,23.5562652643419,30.5167
Pakistan,2008,5.41878891656289,38.2160647571606,20.351365282755,1067.04324565284,245.821804950187,3.19446559751646,9.1,494.0,770880.0,1.40698077608123,25.2733638555471,30.5167
Pakistan,2009,5.36462614155251,38.1641760066418,21.7869229749534,963.788066395225,252.148886986301,3.06821822995951,10.0,494.0,770880.0,1.85078538425968,31.1190703612064,30.5167
Pakistan,2010,5.31046336654213,38.1252594437526,22.6888101741789,987.304571124485,258.456630085098,3.01195335170423,11.0,494.0,770880.0,1.9462189711228,32.7811905556848,30.5167
Pakistan,2011,5.26865919468659,39.0462847654628,23.819642978628,1131.73513834324,264.303218399751,2.7967172794014,11.9,494.0,770880.0,2.58117389731358,28.567490409755,30.5167
Pakistan,2012,5.22685502283105,39.227895392279,23.3861955340345,1204.36475491585,269.389691002491,2.48903688358268,13.1,494.0,770880.0,3.2349342917038,25.8754627988566,30.5167
Pakistan,2013,5.18505085097551,39.5262557077626,23.7075945934908,1225.4340119198,273.809124636779,2.23733214198112,14.2,494.0,770880.0,2.30259906544054,23.6165694934777,30.5167
Pakistan,2014,5.14324667911997,39.4873391448734,23.4927320097855,1266.61340849959,277.948120330012,2.14181276581701,15.6,494.0,770880.0,1.98166083599108,24.0363183529915,30.5167
Pakistan,2015,5.10144250726443,39.4354503943545,23.2628407756242,1380.47020838317,281.873810450394,2.07934322942295,17.0,494.0,770880.0,1.38178945724839,23.250373675072,30.5167
Pakistan,2016,5.01795350767954,40.2008094645081,22.3283302035697,1424.69161195897,285.568271326276,2.01818267622495,18.7,494.0,770880.0,1.02075866850769,24.3711794392753,30.5167
Pakistan,2017,4.99418845994188,40.486197592362,21.9632035366872,1519.23459514248,289.635179275633,2.17293585171018,20.3,494.0,770880.0,1.09517782673276,27.8523788602803,30.5167
Pakistan,2018,4.94056143628061,40.4213366542134,21.6512353593957,1569.33814626355,294.376416562889,2.47827889256294,22.1,494.0,770880.0,0.953789253837377,28.5494742437705,30.5167
Pakistan,2019,4.88693441261934,39.6040888335409,20.6778713222887,1390.41690981745,299.399256693649,2.67028884110817,24.15,494.0,770880.0,1.02071327846449,34.9183625831205,30.5167
Pakistan,2020,4.83330738895807,40.1229763387298,21.8541325548966,1278.39735206896,304.848674242424,2.87283470582816,26.3,494.0,770880.0,1.85001190232764,39.9870693569552,30.5167
Pakistan,2021,4.7796803652968,39.2797841427978,22.6625080760743,1455.31922370186,310.65509677252,3.0143416884213,28.6,494.0,770880.0,1.86180931889475,37.9965494190867,30.5167
Pakistan,2022,4.72605334163553,39.2149232046492,22.3268646996031,1538.3228133171,316.133077781237,2.90308730661146,30.7,494.0,770880.0,1.75857270592155,34.5202602197744,30.5167
Palau,2000,86.0434782608696,0.652173913043478,3.88968593632123,7798.07504193852,41.6913043478261,1.3123349967297,100.0,,460.0,,,7.34194
Palau,2001,86.2565217391304,0.652173913043478,3.68688610750326,8239.26354006532,42.0695652173913,2.2522807149554,100.0,,460.0,,,7.34194
Palau,2002,86.4695652173913,0.652173913043478,3.82517016413318,8340.18981304558,42.3978260869565,3.36402232710938,100.0,,460.0,,,7.34194
Palau,2003,86.6826086956522,0.652173913043478,3.85675682639417,7862.3931898737,42.7369565217391,3.74018292607931,100.0,,460.0,,,7.34194
Palau,2004,86.895652173913,0.652173913043478,3.89359972572218,8393.73052541231,43.0869565217391,3.32849622148427,100.0,,460.0,,,7.34194
Palau,2005,87.1086956521739,0.652173913043478,4.08337291692719,9635.28357539048,43.0847826086957,1.46112345492419,100.0,,460.0,,,7.34194
Palau,2006,87.3217391304348,0.652173913043478,4.72285205343983,9881.65970716981,42.5934782608696,-0.201842696387155,100.0,,460.0,,,7.34194
Palau,2007,87.5347826086957,0.652173913043478,3.9905383389779,10402.5367528907,41.9608695652174,-0.594870196775131,100.0,,460.0,,,7.34194
Palau,2008,87.7478260869565,0.652173913043478,4.22490119467945,10577.501907762,41.3239130434783,-0.717226302079891,100.0,,460.0,,,7.34194
Palau,2009,87.9608695652174,0.652173913043478,4.10378619160835,10147.7741092815,40.6717391304348,-0.895498671064957,100.0,,460.0,,,7.34194
Palau,2010,88.1739130434783,0.652173913043478,3.99626763240609,10221.9163762354,39.9913043478261,-1.13245422398795,100.0,,460.0,,,7.34194
Palau,2011,88.3608695652174,0.652173913043478,3.92395099187855,10993.6038613491,39.3,-1.35696498347147,100.0,,460.0,,,7.34194
Palau,2012,88.5478260869565,0.652173913043478,3.83700914917822,12137.1732239921,38.6195652173913,-1.56280073034279,100.0,,460.0,0.88285093213306,,7.34194
Palau,2013,88.7347826086957,0.652173913043478,4.01275969266809,12698.9240118945,38.3652173913043,-0.72423714890755,100.0,,460.0,,,7.34194
Palau,2014,88.9217391304348,0.652173913043478,3.52832199796981,13863.4544155068,38.5108695652174,-0.0419433770567055,100.0,,460.0,2.07987054458657,,7.34194
Palau,2015,89.1086956521739,0.652173913043478,2.99256304896047,16154.0532152373,38.6304347826087,-0.118935194346785,100.0,,460.0,3.25171022907837,,7.34194
Palau,2016,89.304347826087,0.652173913043478,3.0483589005406,17150.4759377239,38.6891304347826,-0.196202151091253,100.0,,460.0,0.783432708720808,,7.34194
Palau,2017,89.4782608695652,0.652173913043478,3.44981902983612,16401.7847567871,38.7217391304348,-0.26689157575865,100.0,,460.0,0.192125562326318,,7.34194
Palau,2018,89.6739130434783,0.652173913043478,3.46108988643793,16166.9671073752,38.7260869565217,-0.338147557150401,100.0,,460.0,0.15041339032965,,7.34194
Palau,2019,89.8478260869565,0.652173913043478,3.38895622331658,15846.7968470167,38.6913043478261,-0.431385697801074,100.0,,460.0,,,7.34194
Palau,2020,90.0217391304348,0.652173913043478,3.27547532603173,14708.2119536914,38.6782608695652,-0.283889473842498,100.0,,460.0,,,7.34194
Palau,2021,90.195652173913,0.652173913043478,3.48319540673391,13009.2481630213,38.6586956521739,-0.0426530183476494,100.0,,460.0,,,7.34194
Palau,2022,90.3695652173913,0.652173913043478,3.35351872913646,13729.7602761496,38.6065217391304,-0.0995945163066417,100.0,,460.0,,,7.34194
Panama,2000,59.7543718052193,7.37153618509551,6.31213543052091,3975.09310275544,40.4946058649448,2.79543585476949,100.0,2928.0,74340.0,1.38134000720265,,8.99427
Panama,2001,59.6008205542104,7.37153618509551,6.69523031671356,3991.77672094655,41.2905165456013,2.61471057575401,100.0,2928.0,74340.0,0.873270212619783,,8.99427
Panama,2002,59.4472693032015,7.37153618509551,6.61481085986812,4090.58616456082,42.0950228679042,2.5652695065221,100.0,2928.0,74340.0,1.06344790751486,,8.99427
Panama,2003,59.2937180521926,7.37153618509551,6.71919032765841,4264.66428949623,42.9083535108959,2.50674245536469,100.0,2928.0,74340.0,0.877810885117488,,8.99427
Panama,2004,59.1401668011838,7.37153618509551,6.20690448694241,4644.56581177581,43.7335889157923,2.45132445059537,100.0,2928.0,74340.0,1.1962286488523,,8.99427
Panama,2005,58.9866155501749,7.37153618509551,5.72339050573482,5017.74110414832,44.5658595641646,2.38084578349203,100.0,2928.0,74340.0,0.753844200581102,,8.99427
Panama,2006,58.833064299166,7.26392251815981,5.29180834403887,5528.76705854901,45.3998385794996,2.2950952183759,100.0,2928.0,74340.0,0.980627814491743,,8.99427
Panama,2007,58.6795130481571,7.26392251815981,4.75264853625124,6317.8173051466,46.2401129943503,2.21636013582895,100.0,2928.0,74340.0,1.07989752682652,,8.99427
Panama,2008,58.5259617971482,7.26392251815981,4.44423049224979,7347.59049046839,47.0896959913909,2.14035960942254,100.0,2928.0,74340.0,1.01955223988793,,8.99427
Panama,2009,58.3724105461394,7.26392251815981,3.78306122741832,7796.92618363433,47.9470137207425,2.05725639362596,100.0,2928.0,74340.0,0.91649122190903,,8.99427
Panama,2010,58.2188592951305,7.65254237288136,3.63600328597003,8331.46422259967,48.8099946193167,1.96769994728309,100.0,2928.0,74340.0,2.20367333527859,,8.99427
Panama,2011,58.0652945924132,7.60021522733387,3.27922462259298,9662.29590911979,49.6839521119182,1.92370554522609,100.0,2928.0,74340.0,3.61744952385452,,8.99427
Panama,2012,57.911729889696,7.60021522733387,3.12877687729717,11064.8063662003,50.5684153887544,1.90748691069567,100.0,2928.0,74340.0,3.7493164029038,,8.99427
Panama,2013,57.7581651869788,7.60021522733387,3.05395075031122,12273.3224983788,51.4572101156847,1.87710060246702,100.0,2928.0,74340.0,5.27667119745926,,8.99427
Panama,2014,57.775580140313,7.62277388019428,2.98667755753568,13213.1989591137,52.5108067997841,1.85601810982246,100.0,2928.0,74120.0,6.31415695047717,,8.99427
Panama,2015,57.6215596330275,7.62277388019428,2.94961630343056,14082.6548434996,53.4273475445224,1.8458223584489,100.0,2928.0,74120.0,6.56629287097712,,8.99427
Panama,2016,57.4676200755532,7.62277388019428,2.78054588848146,14832.3611652459,54.3589584457636,1.83306691290415,100.0,2928.0,74120.0,6.72918906783886,,8.99427
Panama,2017,57.3135456017269,7.62277388019428,2.5726218836624,15694.6297518495,55.298259579061,1.80556924686943,100.0,2928.0,74120.0,8.22780316099933,,8.99427
Panama,2018,57.1133728767862,7.61660825020221,2.44618169615899,16151.3273433486,56.1857643569695,1.75251611446557,100.0,2928.0,74180.0,8.99119943987489,,8.99427
Panama,2019,56.9594230250741,7.61660825020221,2.45508076979221,16477.9066268111,57.0868158533297,1.65648692550072,100.0,2928.0,74180.0,7.23503765201518,,8.99427
Panama,2020,56.8056079805878,7.61660825020221,3.06418837455078,13290.5608397749,57.87626044756,1.42406691264808,100.0,2928.0,74180.0,4.34124411131512,,8.99427
Panama,2021,56.6517026152602,7.61660825020221,2.80289216669708,15509.8069124139,58.5791992450795,1.24208677159936,100.0,2928.0,74180.0,1.49268095118427,,8.99427
Panama,2022,56.4978579131842,7.61660825020221,2.60370302111209,17378.6070017557,59.3255998921542,1.28420682745571,100.0,2928.0,74180.0,1.64346131350849,,8.99427
Papua New Guinea,2000,80.1085684317449,0.452678531996644,33.9663920787198,635.957919047725,12.2268780638608,2.74929169087722,0.1,3142.0,452860.0,2.32030169539025,70.3975803949116,9.47357
Papua New Guinea,2001,80.0866894846089,0.46371947180144,34.411280936487,537.847459634131,12.6494612021375,3.121661119301,0.2,3142.0,452860.0,4.61333458591283,72.306572557055,9.47357
Papua New Guinea,2002,80.064810537473,0.485801351411032,37.9906481918408,506.331789534482,13.0813121052864,3.10380371173376,0.3,3142.0,452860.0,6.14974494403027,66.9412795231058,9.47357
Papua New Guinea,2003,80.042931590337,0.496842291215828,38.3485879322483,577.467922387259,13.5229364483505,3.08841237402836,0.4,3142.0,452860.0,2.64333967572456,59.5371930653565,9.47357
Papua New Guinea,2004,80.021052643201,0.507883231020624,35.9686628123206,620.596147680561,13.9735039526565,3.0683116872367,0.5,3142.0,452860.0,6.38518138817138,49.7264993657946,9.47357
Papua New Guinea,2005,79.999173696065,0.529965110630217,,744.486489977433,14.4325067349733,3.04639982941645,0.7,3142.0,452860.0,,41.3222330614445,9.47357
Papua New Guinea,2006,79.977294748929,0.569712493927483,20.4032370575395,1238.18282926706,14.9002340679239,3.02903768562542,1.0,3142.0,452860.0,,23.2993441096311,9.47357
Papua New Guinea,2007,79.9554158017931,0.580753433732279,19.608590823475,1370.753415829,15.3763745970057,3.01129869847718,1.3,3142.0,452860.0,,17.3473573972822,9.47357
Papua New Guinea,2008,79.9335368546571,0.651415448482975,20.1748721590487,1624.79319935188,15.8614185399461,2.99921862693439,1.6,3142.0,452860.0,,13.0262202785007,9.47357
Papua New Guinea,2009,79.9116579075211,0.662456388287771,21.6434677774704,1568.83193368607,16.354807225191,2.98528687928918,2.1,3142.0,452860.0,,16.4344727852789,9.47357
Papua New Guinea,2010,79.8897789603851,0.662456388287771,19.6083870979546,1866.86889851208,16.8562535883054,2.97201915518495,2.4,3142.0,452860.0,,45.4164854141367,9.47357
Papua New Guinea,2011,79.821561630526,0.662456388287771,19.1997113715188,2288.37591141234,17.3549132182131,2.89856657419513,2.9,3142.0,452860.0,4.80203150574491,77.3301927875645,9.47357
Papua New Guinea,2012,79.7533443006669,0.662456388287771,19.2739507668723,2635.0873631547,17.8452281058164,2.89661999715007,3.3,3142.0,452860.0,6.31459726722936,73.8824913690792,9.47357
Papua New Guinea,2013,79.6851271916266,0.662456388287771,19.2600193533343,2560.77458976327,18.3339177670803,3.03816094722398,3.6,3142.0,452860.0,,110.583402721767,9.47357
Papua New Guinea,2014,79.6169098617674,0.69557920770216,17.6919442750767,2723.17529825196,18.8213598021464,3.18445028429797,3.9,3142.0,452860.0,,89.5636730101092,9.47357
Papua New Guinea,2015,79.5486925319083,0.706620147506956,17.4569301700841,2484.5963398603,19.306730556905,3.32359250675592,4.3,3142.0,452860.0,,100.404554250921,9.47357
Papua New Guinea,2016,79.4724197323676,0.719869275272711,17.8663404294926,2316.39479758492,19.7891577971117,3.45473297970882,4.55,3142.0,452860.0,,97.1388021415025,9.47357
Papua New Guinea,2017,79.3983791900367,0.728702027116548,17.649568905745,2477.76530986323,20.268325751888,3.57961195784636,4.6,3142.0,452860.0,,79.5083290021728,9.47357
Papua New Guinea,2018,79.3243386477057,0.728702027116548,16.9738355202322,2566.36833735041,20.744850505675,3.70141322589223,5.0,3142.0,452860.0,,77.8044370657937,9.47357
Papua New Guinea,2019,79.2502981053747,0.728702027116548,16.9764457469667,2575.77274140393,21.2185001987369,3.81511723539938,5.2,3142.0,452860.0,3.50634253645606,81.4496731940156,9.47357
Papua New Guinea,2020,79.1762575630438,0.728702027116548,18.7553254780877,2429.61134585269,21.6750121450338,3.85508520705718,5.4,3142.0,452860.0,3.12886636888645,78.1107677202084,9.47357
Papua New Guinea,2021,79.1022170207128,0.728702027116548,18.9927879202426,2607.57861874444,22.1103564015369,3.87241860392887,5.6,3142.0,452860.0,3.31877859941539,80.3922795089323,9.47357
Papua New Guinea,2022,79.0281764783818,0.728702027116548,16.9085919325011,3102.28968594061,22.5305149494325,3.91177338031039,5.7,3142.0,452860.0,2.96981082154712,65.8166135991383,9.47357
Paraguay,2000,57.8697457840423,7.60130883463378,12.8566577643255,1736.11729210765,12.8388321167883,2.89620826562066,16.5,1130.0,397300.0,6.12185911726104,40.1187300608076,25.3005
Paraguay,2001,57.0085728668512,7.81525295746287,11.373317185727,1637.68615122932,13.0573596778253,2.47498179559743,17.2,1130.0,397300.0,6.06577328110913,37.8643904435517,25.3005
Paraguay,2002,56.1473999496602,8.07953687389882,11.0096432644682,1367.76506935997,13.242708280896,1.9948448022341,17.8,1130.0,397300.0,3.67777157481668,51.1206931757099,25.3005
Paraguay,2003,55.2862270324692,8.25304102693179,13.0089432672836,1443.99885236205,13.4065844450038,1.64605479594267,18.5,1130.0,397300.0,4.22148613387219,103.903258451342,25.3005
Paraguay,2004,54.4250541152781,8.42654543166373,13.9333504941588,1786.21533938543,13.5619808708784,1.47640976752404,19.5,1130.0,397300.0,6.03884548035293,88.4271121330642,25.3005
Paraguay,2005,53.5638811980871,8.6000495846967,12.7139528266327,1970.87169852378,13.7128039265039,1.36430735099278,20.4,1130.0,397300.0,4.70520717444927,88.6675931590644,25.3005
Paraguay,2006,52.702708280896,8.77355398942864,11.7935958026272,2439.43124694576,13.8564007047571,1.25568448764049,21.7,1130.0,397300.0,3.75261860902618,78.9952280844534,25.3005
Paraguay,2007,51.841535363705,8.94705814246162,12.7097347758464,3211.93621659546,13.9929171910395,1.1710547920224,23.2,1130.0,397300.0,3.13413657759666,63.5398860806603,25.3005
Paraguay,2008,50.980362446514,9.12056229549459,13.4176454912293,4384.95469437803,14.1293078278379,1.15813112798496,24.7,1130.0,397300.0,2.27346057047171,53.5750342145205,25.3005
Paraguay,2009,50.1191895293229,9.29406670022653,9.94793815604534,3941.84815479431,14.2744424867858,1.22833850667811,26.2,1130.0,397300.0,2.42913270821128,66.3737178624204,25.3005
Paraguay,2010,49.2580166121319,9.4675708532595,13.0144797820583,4750.96273669458,14.4424137931034,1.41490719123021,27.8,1130.0,397300.0,2.06638657902558,62.4432011001041,25.3005
Paraguay,2011,48.2153435690914,9.64107500629247,13.7962263457992,5805.40154542925,14.6353536370501,1.63114365020225,29.3,1130.0,397300.0,1.66284654521453,49.6955356539035,25.3005
Paraguay,2012,47.1726705260508,9.81457941102441,10.0422288968025,5642.16991672846,14.842708280896,1.78772262106095,30.9,1130.0,397300.0,2.14475488960991,52.267953218174,25.3005
Paraguay,2013,46.1299974830103,9.98808356405739,12.8648395783488,6435.68342733004,15.0577523282155,1.96480027507298,32.7,1130.0,397300.0,1.68932923408277,44.7584021905892,25.3005
Paraguay,2014,45.0873244399698,10.1615879687893,11.7708565050102,6652.25478942461,15.2776516486282,2.23141843292175,34.2,1130.0,397300.0,1.58978597924393,44.5515229721803,25.3005
Paraguay,2015,44.0446513969293,10.3047754845205,9.44042072519386,5879.33792308762,15.5023986911654,2.47657211995041,35.7,1130.0,397300.0,1.56895428058089,49.8107351914534,25.3005
Paraguay,2016,43.6273093380317,10.4479632519507,10.6965134075446,5775.15963399596,15.7289856531588,2.67051696463526,37.0,1130.0,397300.0,1.53862038995027,49.609074942482,25.3005
Paraguay,2017,42.6384847722124,10.5911510193808,10.1848244821627,6152.2671153779,15.9543418071986,2.81401605074297,38.3,1130.0,397300.0,1.45729463163885,45.3224495165738,25.3005
Paraguay,2018,41.9353888749056,10.734338786811,9.9502033854755,6258.44991640984,16.1776541656179,2.92259978420848,39.5,1130.0,397300.0,1.52306706867118,44.3037518212439,25.3005
Paraguay,2019,41.2323181474956,10.8775265542411,9.667473664156,5821.18199548738,16.3983337528316,2.99892644286582,40.4,1130.0,397300.0,1.35727832938703,48.6178098889894,25.3005
Paraguay,2020,40.5292222501888,11.0207143216713,10.7279902822133,5365.47220721104,16.621542914674,3.07891512994141,41.6,1130.0,397300.0,1.31111151769061,61.730412643043,25.3005
Paraguay,2021,39.8261432167128,11.1639020891014,11.2789007802653,5976.93179789949,16.8240171155298,2.99365571034365,42.3,1130.0,397300.0,1.36446155651836,58.8994043286729,25.3005
Paraguay,2022,39.2502935554672,11.517932578424,10.8974804512645,6205.62595379319,17.0713596633508,3.09708144905312,43.3,1130.0,396012.042,1.5933099249494,62.1946052686948,25.3005
Peru,2000,58.8264296875,3.256700078125,8.06937491693616,1945.41338451698,20.77994609375,2.08073286200842,3.7,1738.0,1280000.0,2.42945630547898,57.0026235419152,12.0931
Peru,2001,58.72892734375,3.23777765625,7.89362669632438,1929.57273038846,21.06609453125,1.89406349164717,4.5,1738.0,1280000.0,2.06296284841671,54.165461935894,12.0931
Peru,2002,58.631425,3.2188553125,7.52396323647705,2007.37019626753,21.31891953125,1.72942988655784,5.3,1738.0,1280000.0,2.30506163321982,53.0849788812544,12.0931
Peru,2003,58.53392265625,3.199932890625,7.31291934402482,2129.44114197634,21.5472578125,1.61559734386819,5.9,1738.0,1280000.0,2.15596925322313,53.1443427021015,12.0931
Peru,2004,58.4364203125,3.181010546875,6.93443306205717,2397.25147277714,21.7595234375,1.54804237900827,6.8,1738.0,1280000.0,1.78597786739614,50.0708520347505,12.0931
Peru,2005,58.33891796875,3.162088125,6.85426462318893,2706.66947297608,21.954046875,1.4788773226612,7.5,1738.0,1280000.0,1.4686879098084,41.3727350377722,12.0931
Peru,2006,58.241415625,3.14316578125,6.60348433016044,3129.55996496982,22.12850859375,1.40505855895647,8.3,1738.0,1280000.0,1.35488779201602,35.9534061055932,12.0931
Peru,2007,58.14391328125,3.124243359375,6.70580838491928,3581.0893081917,22.28960859375,1.3674192256644,9.2,1738.0,1280000.0,1.23078219550513,34.1961375238097,12.0931
Peru,2008,58.0464109375,3.105321015625,7.16094114578461,4197.58444634142,22.43675078125,1.33275888973774,10.3,1738.0,1280000.0,1.18673372832684,30.9320299079422,12.0931
Peru,2009,57.94890859375,3.08639859375,7.40390665571257,4181.18755462253,22.57563359375,1.33253825772587,11.4,1738.0,1280000.0,1.10986580322161,32.9985559972393,12.0931
Peru,2010,57.85140625,3.06747625,6.82799723597835,5072.11494019615,22.72345234375,1.40472259309594,13.0,1738.0,1280000.0,1.17789494902081,30.8386747274741,12.0931
Peru,2011,57.7177703125,3.048553828125,7.10011013658205,5861.35793645245,22.8938171875,1.53158210735258,14.9,1738.0,1280000.0,0.910410767143241,28.2946982865762,12.0931
Peru,2012,57.584134375,3.029631484375,6.72523424077649,6519.37852981527,23.0862234375,1.65012986836828,16.9,1738.0,1280000.0,0.994195276575323,34.14014373807,12.0931
Peru,2013,57.4504984375,3.0107090625,6.66831016491401,6746.80025696601,23.29524921875,1.7392122539791,19.5,1738.0,1280000.0,1.15084950110544,33.3041875254961,12.0931
Peru,2014,57.3168625,2.99178671875,6.80424741378252,6667.13410360861,23.5279890625,1.85285608006918,22.7,1738.0,1280000.0,1.2449813540174,35.4246138507104,12.0931
Peru,2015,57.1832265625,2.972864296875,7.04564405972046,6231.71150338894,23.795,2.00435407291766,26.3,1738.0,1280000.0,1.49338282763979,37.0040696483009,12.0931
Peru,2016,57.03928125,2.953941953125,6.93503461650105,6217.03599995447,24.1144484375,2.22300340771197,30.5,1738.0,1280000.0,1.012471035824,38.1972280258854,12.0931
Peru,2017,56.902171875,2.93501953125,6.77975956010925,6736.16693725487,24.47237265625,2.41942420578236,35.3,1738.0,1280000.0,0.929485544341751,33.9083827987592,12.0931
Peru,2018,56.77815625,2.97996171875,6.88584285144097,6978.49121548627,24.9199875,2.40973786489593,40.6,1738.0,1280000.0,0.971697038934746,32.4819714568868,12.0931
Peru,2019,56.643125,2.7970515625,6.85303103477238,7037.00803692604,25.35101796875,2.21889346430251,46.4,1738.0,1280000.0,0.893547110646362,29.5044834900041,12.0931
Peru,2020,56.5081015625,3.07442265625,7.7158463734968,6133.32552410183,25.65513984375,1.70074979308796,51.9,1738.0,1280000.0,0.777325721071779,38.1780303630646,12.0931
Peru,2021,56.373072890625,3.35179375,7.12266347558469,6826.20255614477,25.9030328125,1.46469584459603,57.9,1738.0,1280000.0,0.864443189007311,42.6071664051668,12.0931
Peru,2022,56.238047734375,3.06127421875,7.17416229206978,7350.63034300417,26.1526859375,1.45628190395357,63.7,1738.0,1280000.0,0.992276443861406,39.9788909505895,12.0931
Philippines,2000,24.5137337760338,16.8829862159171,13.9410952116747,1050.79273107952,267.046976556998,3.35786860278656,19.3,2348.0,298170.0,0.555633518201611,63.8299045574974,14.5515
Philippines,2001,24.3562598517624,16.7152966428547,13.302809302832,969.530611744453,273.003615387195,3.22059787130315,20.2,2348.0,298170.0,0.518971700170616,67.5173431225323,14.5515
Philippines,2002,24.198785927491,16.5509608612536,13.4484134145704,1014.90879320106,278.59573062347,3.07902786258862,20.8,2348.0,298170.0,0.484723022561182,65.0270153606938,14.5515
Philippines,2003,24.0413120032196,16.6683435623973,13.1509476628836,1027.2301192843,284.172904718785,3.07103285400201,21.2,2348.0,298170.0,0.559213152080075,65.8782675934404,14.5515
Philippines,2004,23.8838380789483,17.1714122815843,13.9844036917201,1099.63013023758,289.749149813865,3.07039664885304,21.6,2348.0,298170.0,0.582414427714963,58.8498252315545,14.5515
Philippines,2005,23.7263641546769,16.7857262635409,13.517547003593,1220.46018559867,295.187181809035,3.02530859276586,21.3,2348.0,298170.0,0.544450222648732,49.7600218675303,14.5515
Philippines,2006,23.5688902304055,17.288794982728,13.3612491069675,1426.14649179546,300.194472951672,2.887201307338,21.4,2348.0,298170.0,0.50851261613857,41.3110356432286,14.5515
Philippines,2007,23.4114163061341,17.7415568299963,13.606507617711,1712.65543282793,305.447174430694,2.9610861468725,21.0,2348.0,298170.0,0.505491741448239,34.804532967813,14.5515
Philippines,2008,23.2539423818627,18.2781634637958,14.5160747573134,1959.29233534978,310.893433276319,3.65670530628117,21.1,2348.0,298170.0,0.634164117020924,29.3273873367195,14.5515
Philippines,2009,23.0964684575913,18.4458530368582,14.5402133153152,1864.45043406471,316.545091726196,4.50127286526322,21.3,2348.0,298170.0,0.600051882143704,28.5128651981622,14.5515
Philippines,2010,22.9389945333199,17.7750947446088,13.7488650524217,2162.91375885614,323.094627226079,4.68595970119152,21.4,2348.0,298170.0,0.702509365278814,28.1961962919996,14.5515
Philippines,2011,23.055994902237,18.2781634637958,14.0957351510823,2383.91892522087,329.505362712547,4.48654791629914,21.7,2348.0,298170.0,1.04670546869927,25.344502088236,14.5515
Philippines,2012,23.172995271154,18.7141563537579,13.0958070106782,2614.61644401308,335.96777677164,4.55318100586888,22.4,2348.0,298170.0,0.840872507925829,23.4044291733867,14.5515
Philippines,2013,23.2899956400711,18.7476942683704,12.4734251044125,2781.27957677397,342.342744072174,4.37978303251051,23.1,2348.0,298170.0,0.987227611353489,24.1818488040641,14.5515
Philippines,2014,23.4069960089882,18.7476942683704,12.2716816211446,2866.83803761407,348.013314552101,3.87270283550819,24.1,2348.0,298170.0,1.03572761389821,23.7207481738751,14.5515
Philippines,2015,23.5239963779052,18.7476942683704,10.9964991548623,2909.85818010301,353.197813327967,3.28495158710741,25.6,2348.0,298170.0,0.948387367139161,23.3400182272902,14.5515
Philippines,2016,23.6410101619881,18.7476942683704,10.2051255325616,2985.19564024046,357.969342992253,2.81005513857261,26.9,2348.0,298170.0,0.836956810268285,21.2638927411851,14.5515
Philippines,2017,23.758023946071,18.7476942683704,10.1829541314109,3038.12124959289,362.61090317604,2.60792065123199,28.4,2348.0,298170.0,0.898913854878867,20.1794848256215,14.5515
Philippines,2018,23.8750041922393,18.7476942683704,9.65014035815306,3168.51036609727,367.123744843546,2.38580381257533,30.0,2348.0,298170.0,0.941254932967991,20.6399906442903,14.5515
Philippines,2019,23.9920179763222,18.7476942683704,8.82032374730525,3400.78949767074,371.615799711574,2.16429864598989,31.7,2348.0,298170.0,1.12625300952553,20.3516842117646,14.5515
Philippines,2020,24.1090317604051,18.7476942683704,10.1853110317615,3227.57910235199,375.897186168964,1.87260618104074,33.6,2348.0,298170.0,1.14756941952154,25.3116389229833,14.5515
Philippines,2021,24.226045544488,18.7476942683704,10.0691640204876,3484.38593882819,379.317000368917,1.53691434301961,35.6,2348.0,298170.0,1.29299492652632,26.1303951987477,14.5515
Philippines,2022,24.3430593285709,18.7476942683704,9.55176804414326,3548.06930572116,382.21262367106,1.38263877188686,37.6,2348.0,298170.0,1.36276723559113,25.875290276635,14.5515
Poland,2000,29.5765451043129,45.6854614907441,3.19050007383569,4520.64100449111,124.909820758105,-1.01723820308627,100.0,600.0,306290.0,1.78676111654738,,52.26
Poland,2001,29.6646968559209,44.350125697868,3.32495017859303,5015.23790036613,124.875366482745,-0.0116291043974393,100.0,600.0,306290.0,1.43543409403661,,52.26
Poland,2002,29.7528486075288,42.4760847562767,2.80941626982179,5223.45178967082,124.81753893369,-0.042459617157727,100.0,600.0,306290.0,1.40892925113198,,52.26
Poland,2003,29.8458725182863,41.101750261233,2.69176153910407,5720.81366178104,124.753689916405,-0.116109626486412,100.0,600.0,306240.0,1.54319259439518,,52.26
Poland,2004,29.9252440178892,41.1647569614468,3.33358582113835,6711.72715262967,124.644083178272,-0.176227166941624,100.0,600.0,306330.0,1.3245234510655,,52.26
Poland,2005,30.0133842588059,39.6337283321908,2.96760371813755,8043.92332253757,124.589315444129,-0.215720547117648,100.0,600.0,306330.0,1.18795469672806,,52.26
Poland,2006,30.1025071820319,40.3760773047793,2.7459182485152,9068.85528307627,124.514452206843,-0.274369388388624,100.0,600.0,306320.0,1.08938412771424,,52.26
Poland,2007,30.1906503003395,38.5968921389397,3.09408708372918,11272.5293683383,124.44685296422,-0.289631766939547,100.0,600.0,306320.0,1.08421882478314,,52.26
Poland,2008,30.2807704864512,39.3176624224616,2.64309499472652,14048.5604672654,124.471952334313,-0.231008167182952,100.0,600.0,306300.0,1.05881246356636,,52.26
Poland,2009,30.3709024422097,39.3953245396369,2.62640625045433,11556.3026866026,124.564460624265,-0.171047321923282,100.0,600.0,306280.0,1.06525019374657,,52.26
Poland,2010,30.4590570719603,35.3565365025467,2.91554815662609,12567.7317676382,124.209200731357,-0.503287245985122,100.0,600.0,306280.0,1.17264620402169,,52.26
Poland,2011,30.5234627567515,36.2407340887568,3.17180701243977,13867.6669408192,124.296296901022,-0.130086713196889,100.0,600.0,306230.0,1.24083502587621,,52.26
Poland,2012,30.5838939324669,35.6769642740513,2.98562113420809,13087.420943321,124.300058781268,-0.167572715424519,100.0,600.0,306220.0,1.25949461092538,,52.26
Poland,2013,30.6443290552235,35.2437869436008,3.22652536867249,13621.9023794031,124.229110740995,-0.226815215718197,100.0,600.0,306210.0,1.36462464399011,,52.26
Poland,2014,30.7057709265489,35.6902576831379,2.97119902232799,14262.2841914116,124.144273163722,-0.239044404502838,100.0,600.0,306190.0,1.35559332663972,,52.26
Poland,2015,30.7652111434077,35.5563538979065,2.48363694237949,12637.5220324406,124.061569613639,-0.228464542925777,100.0,600.0,306190.0,1.29293081934563,,52.26
Poland,2016,30.8142003331265,35.291812273425,2.6237968659564,12464.0110508476,124.008253045495,-0.202319828133992,100.0,600.0,306190.0,1.27043178485725,,52.26
Poland,2017,30.8533916849015,35.6216728175316,2.98537285986431,13913.3402919927,124.0237303635,-0.144250430522004,100.0,600.0,306190.0,1.21537202658266,,52.26
Poland,2018,30.8946010386387,35.9571479896789,2.41564136866167,15658.2120316794,124.031583760656,-0.154206156660708,100.0,600.0,306170.0,1.31508230990403,,52.26
Poland,2019,30.939858220901,36.1144686550586,2.37029744646443,15874.5220531254,124.025595374212,-0.175592886007763,100.0,600.0,306110.0,1.03200741701722,,52.26
Poland,2020,30.9770358997811,36.4224349132721,2.56844423547416,16150.9304813473,122.548420605625,-1.33985088278536,100.0,600.0,306130.0,0.995609977763026,,52.26
Poland,2021,31.0192747468148,36.1940542306436,2.24552304361646,18635.5104895754,120.815285854296,-1.5413629098982,100.0,600.0,306100.0,0.999483557107294,,52.26
Poland,2022,31.0594923061845,36.4761998105133,2.80606930357805,18891.2121169279,120.297131562612,-0.396461965674168,100.0,600.0,306090.0,1.12982036076348,,52.26
Portugal,2000,35.8579234972678,19.1286338797814,3.10974828415915,11526.3720667968,112.457901639344,1.93362426964024,100.0,854.0,91500.0,3.47679809784801,,38.7072
Portugal,2001,35.8262295081967,17.7984699453552,2.96074957358316,11734.7649743954,113.253792349727,1.91616878942885,100.0,854.0,91500.0,2.70615587507355,,38.7072
Portugal,2002,35.7945355191257,17.8814207650273,2.72289086156617,12936.6928204482,113.87574863388,1.8490261784529,100.0,854.0,91500.0,2.51750073014044,,38.7072
Portugal,2003,35.7628415300546,16.9881967213115,2.65118079570935,15797.7821340276,114.304054644809,1.79433821508459,100.0,854.0,91500.0,2.45243987013906,,38.7072
Portugal,2004,35.7311475409836,16.2046994535519,2.60214117997755,18064.1580932987,114.577715846995,1.69636322418515,100.0,854.0,91500.0,1.99585351877827,,38.7072
Portugal,2005,35.71116212966,14.2720017492074,2.30349335448735,18780.12751241,114.828140373893,1.61712832710842,100.0,854.0,91470.0,2.71633890908801,,38.7072
Portugal,2006,35.679457745709,13.5753799059801,2.25313751520814,19839.4540499032,115.035399584563,1.52587715179438,100.0,854.0,91470.0,2.85835977069879,,38.7072
Portugal,2007,35.647753361758,12.5532961626763,1.99815593954667,22811.0564844365,115.261440909588,1.39855667294968,100.0,854.0,91470.0,2.88949465086228,,38.7072
Portugal,2008,35.6160489778069,13.3400021865092,1.96377185231981,24949.0413566739,115.427757734776,1.14819224810253,100.0,854.0,91470.0,2.80994335735953,,38.7072
Portugal,2009,35.5377224587837,13.1125668741129,1.95062621184125,23151.2154130712,115.386472322306,0.847470512859498,100.0,854.0,91590.0,2.82061048396739,,38.7072
Portugal,2010,35.5060596134949,12.5294246096735,1.94034870976094,22551.935098809,115.439458456163,0.492638138708452,100.0,854.0,91590.0,3.10856167948881,,38.7072
Portugal,2011,35.6370782836554,12.3023255813953,1.8384390598893,23246.5425416481,115.269789278305,-0.0453343813282783,100.0,854.0,91590.0,2.76719478964558,,38.7072
Portugal,2012,35.7680969538159,12.2701168249809,1.92004687349348,20593.4274224109,114.803406485424,-0.405561487670235,100.0,854.0,91590.0,2.52440290334249,,38.7072
Portugal,2013,35.893158903643,12.4284429268207,2.04188706497902,21676.4859642714,114.156128691384,-0.549549931408628,100.0,854.0,91605.2,2.53347413936095,,38.7072
Portugal,2014,36.0239985328408,11.9875859117783,1.97659101484386,22120.6850127107,113.541770372117,-0.540964957183729,100.0,854.0,91605.6,2.37176684666741,,38.7072
Portugal,2015,36.154994891142,11.6800719606662,1.97541250129625,19215.7813014347,113.072519583956,-0.417371860338225,100.0,854.0,91605.6,2.45921940146781,,38.7072
Portugal,2016,36.154994891142,10.7223794178522,1.92235840837832,19980.2808866516,112.716384151187,-0.320647256286859,100.0,854.0,91605.6,2.3629716031469,,38.7072
Portugal,2017,36.154994891142,10.567606128883,1.96367345206825,21442.3842768879,112.441815784188,-0.251456778353515,100.0,854.0,91605.6,2.25080853337972,,38.7072
Portugal,2018,36.154994891142,10.4845216886304,1.91817470918666,23541.1401075289,112.261935951514,-0.170524598256827,100.0,854.0,91605.6,2.29048091271418,,38.7072
Portugal,2019,36.154994891142,10.891940012401,1.99991845769704,23343.3628970034,112.288582794065,0.0100220692411571,100.0,854.0,91605.6,2.2675324929288,,38.7072
Portugal,2020,36.154994891142,10.6206312714507,2.14089692520428,22299.4044062173,112.406676011074,0.0876582342410479,100.0,854.0,91605.6,2.25758777277739,,38.7072
Portugal,2021,36.154994891142,10.564565921734,2.16204629838151,24711.4510062111,113.113510527741,0.611907811837652,100.0,854.0,91605.6,2.37008017862007,,38.7072
Portugal,2022,36.154994891142,10.1801483752085,1.90543676193935,24620.5197587181,113.904957775507,0.747651385024544,100.0,854.0,91605.6,2.23707751220501,,38.7072
Puerto Rico (US),2000,48.3821871476888,6.73055242390079,0.660110401965583,16192.1269719638,429.605975197294,0.362813351310894,,2054.0,8870.0,,,18.23
Puerto Rico (US),2001,49.0845546786922,7.31679819616685,0.587789921454621,18123.1987019918,430.52694475761,0.186519186587916,,2054.0,8870.0,,,18.23
Puerto Rico (US),2002,49.7869222096956,7.6662908680947,0.533623740811326,18731.4593897378,431.082412626832,0.0700353270159537,,2054.0,8870.0,,,18.23
Puerto Rico (US),2003,50.489289740699,6.89966178128523,0.563162691741261,19557.1202492358,431.352311161218,-0.0189948349871443,,2054.0,8870.0,,,18.23
Puerto Rico (US),2004,51.1916572717024,6.24577226606539,0.626600481487628,20988.9923326534,431.440586245772,-0.0756268939299931,,2054.0,8870.0,,,18.23
Puerto Rico (US),2005,51.8940248027058,5.70462232243517,0.594971397399844,21959.322696986,430.818714768884,-0.246642210852533,,2054.0,8870.0,,,18.23
Puerto Rico (US),2006,52.5963923337091,4.9379932356257,0.590822137458644,22935.9411586313,428.998196166855,-0.523947771858037,,2054.0,8870.0,,,18.23
Puerto Rico (US),2007,53.2987598647125,4.16009019165727,0.480571207238608,23664.8823485096,426.493235625705,-0.675888053845401,,2054.0,8870.0,,,18.23
Puerto Rico (US),2008,54.0011273957159,4.62232243517475,0.553943910302619,24898.3345857045,423.998421645998,-0.658461937407291,,2054.0,8870.0,,,18.23
Puerto Rico (US),2009,54.7034949267193,5.08455467869222,0.588365896980462,25768.7258883384,421.69222096956,-0.590380932817657,,2054.0,8870.0,,,18.23
Puerto Rico (US),2010,55.4058624577227,5.5467869222097,0.83552463730404,26414.8810634548,419.894588500564,-0.438268591837543,,2054.0,8870.0,,,18.23
Puerto Rico (US),2011,55.4606538895152,5.89627959413754,0.792213784121246,27170.0766543278,416.399549041714,-0.834857232940996,,2054.0,8870.0,,,18.23
Puerto Rico (US),2012,55.5154453213078,6.2119503945885,0.803821796527931,27742.024476618,412.744644870349,-0.878147985003911,,2054.0,8870.0,,,18.23
Puerto Rico (US),2013,55.5702367531003,6.11048478015784,0.826451927769644,28212.0499737431,409.405524239008,-0.805077140570467,,2054.0,8870.0,,,18.23
Puerto Rico (US),2014,55.6250281848929,6.00901916572717,0.846398778671258,28576.0988023209,404.173280721533,-1.27400423278533,,2054.0,8870.0,,,18.23
Puerto Rico (US),2015,55.6798196166855,5.90755355129651,0.826985117363399,29242.041465085,398.55321307779,-1.38171957291809,,2054.0,8870.0,,,18.23
Puerto Rico (US),2016,55.7350620067644,5.80608793686584,0.805660903593846,29978.0889268918,392.382412626832,-1.53423347598131,,2054.0,8870.0,,,18.23
Puerto Rico (US),2017,55.7903043968433,5.70462232243517,0.818676213745449,30328.479490518,384.536302142052,-1.98477552569242,,2054.0,8870.0,,,18.23
Puerto Rico (US),2018,55.8455467869222,5.65952649379932,0.70791744297882,30679.9181934488,370.990980834273,-3.54077721362279,,2054.0,8870.0,,,18.23
Puerto Rico (US),2019,55.9007891770011,5.65952649379932,0.682321472056496,31830.5284993358,372.34396843292,0.420775581146763,,2054.0,8870.0,,,18.23
Puerto Rico (US),2020,55.95603156708,5.65952649379932,0.66100460676674,31427.1130762831,369.965050732807,-0.577504586599323,,2054.0,8870.0,,,18.23
Puerto Rico (US),2021,56.011273957159,5.65952649379932,0.673046024208234,32619.0704601174,367.836640360767,-0.530760915469508,,2054.0,8870.0,,,18.23
Puerto Rico (US),2022,56.0665163472379,5.65952649379932,0.663980527688401,35353.6821570014,363.03686583991,-1.25390809529129,,2054.0,8870.0,,,18.23
Qatar,2000,0.0,1.11972437553833,0.372799554496798,27535.182940934,55.5546080964686,5.35867277289813,100.0,74.0,11610.0,0.0135085110042897,,25.2948
Qatar,2001,0.0,1.14556416881998,0.37593984962406,25870.7991864314,58.3914728682171,5.1601013903843,100.0,74.0,11610.0,0.0190314727925777,,25.2948
Qatar,2002,0.0,1.09388458225668,0.256795868565916,27226.6593510117,61.2579672695952,4.97365239556618,100.0,74.0,11610.0,0.0237486860141174,,25.2948
Qatar,2003,0.0,1.13695090439276,0.234640393168579,31602.470865136,64.1414298018949,4.79469287544282,100.0,74.0,11610.0,0.0130151347083273,,25.2948
Qatar,2004,0.0,1.05081826012059,0.181799293579888,41035.5008380177,66.6091300602929,3.99813508267381,100.0,74.0,11610.0,0.00705294133787969,,25.2948
Qatar,2005,0.0,1.03359173126615,0.133258478262211,53949.6764091147,71.0945736434109,6.77870783079504,100.0,74.0,11610.0,0.00552333925977601,,25.2948
Qatar,2006,0.0,1.09388458225668,0.121835107463077,62582.4453138755,83.7925064599483,16.7216607391686,100.0,74.0,11610.0,0.00373212755905498,,25.2948
Qatar,2007,0.0,1.1541774332472,0.109942375031018,65954.3419525051,104.099483204134,21.9905034241579,100.0,74.0,11610.0,0.000725468840075392,,25.2948
Qatar,2008,0.0,1.21447028423773,0.124647566750798,80781.4039187792,122.905943152455,16.8758222491981,100.0,74.0,11610.0,9.05530907768492e-05,,25.2948
Qatar,2009,0.0,1.28337639965547,0.123319456383116,60785.7351551657,138.579069767442,12.226117023917,100.0,74.0,11610.0,0.00149863077528059,,25.2948
Qatar,2010,0.0,1.32041343669251,0.119332537783081,76462.6119486736,139.262015503876,0.651270713194427,100.0,74.0,11610.0,0.00020548283768115,,25.2948
Qatar,2011,0.0,1.38501291989664,0.0966101306365461,103261.510293068,139.94496124031,0.614425488375246,100.0,74.0,11610.0,5.32803342819013e-06,,25.2948
Qatar,2012,0.0,1.41774332472007,0.0942544487805739,108470.387023229,148.358139534884,5.9522539337755,100.0,74.0,11610.0,0.00357817189270462,,25.2948
Qatar,2013,0.0,1.47286821705426,0.0960782118116757,103697.062789144,165.066838931955,10.7661861802881,100.0,74.0,11610.0,0.00608527082862712,,25.2948
Qatar,2014,0.0,1.61009573542211,0.117230483122807,95840.6898934238,187.271105308964,11.6483548746707,100.0,74.0,11490.0,0.000658148434476101,,25.2948
Qatar,2015,0.0,1.61009573542211,0.161363470367722,68985.2433380102,204.051958224543,8.61871847333123,100.0,74.0,11490.0,0.00706495970805274,,25.2948
Qatar,2016,0.0,1.59268929503916,0.183956328477924,61253.6217997091,215.588598781549,5.54751684276332,100.0,74.0,11490.0,0.00459179086725702,,25.2948
Qatar,2017,0.0,1.65361183637946,0.214699497442876,63279.8767486216,221.568320278503,2.78184583442529,100.0,74.0,11490.0,0.00397538712801255,,25.2948
Qatar,2018,0.0,1.82767624020888,0.21832948721791,71039.9308240078,224.606962576153,1.40710486277,100.0,74.0,11490.0,0.0101447722503145,,25.2948
Qatar,2019,0.0,1.82767624020888,0.259972086879587,66841.3623185691,229.648128807659,2.26361928281393,100.0,74.0,11490.0,0.00861796938262137,,25.2948
Qatar,2020,0.0,1.82767624020888,0.338813449048621,51683.5681078949,243.180852915579,5.76869559034389,100.0,74.0,11490.0,0.0175535400264556,,25.2948
Qatar,2021,0.0,1.82767624020888,0.298215445756429,71751.9363398856,218.007832898172,-10.8854787483228,100.0,74.0,11490.0,0.00973027609888,,25.2948
Qatar,2022,0.0,1.82767624020888,0.256532188320967,88701.4689763536,231.273542210618,5.94791001418218,100.0,74.0,11490.0,0.013820846710754,,25.2948
Romania,2000,27.7132036045449,40.8384484785164,10.8539180518615,1659.92904910528,97.701323407775,-0.427447301372239,100.0,637.0,229710.0,4.85390357670234,,44.4479
Romania,2001,27.7780679987811,40.7949153280223,13.1496003966219,1825.19299373184,96.3474380740934,-1.57936752827019,100.0,637.0,229710.0,3.65682244194587,,44.4479
Romania,2002,27.823552442685,40.7882716317919,11.3424376853187,2119.85509684554,94.5338495671466,-1.86509303791211,100.0,637.0,229870.0,3.27070850473234,,44.4479
Romania,2003,27.8786692759296,40.7784300934986,11.9143840898386,2679.40626016154,93.8218134377039,-0.615705429360667,100.0,637.0,229950.0,3.14261638415158,,44.4479
Romania,2004,27.9373913043478,38.7608695652174,12.7055114609076,3494.99056448955,93.2684695652174,-0.351890130581183,100.0,637.0,230000.0,2.84298508302074,,44.4479
Romania,2005,28.0046090964432,39.0686146621445,8.48610428920676,4618.00350802913,92.7023436820593,-0.321321270418233,100.0,637.0,229980.0,2.29384729631619,,44.4479
Romania,2006,28.069397338899,38.8685972693278,7.82080658741648,5757.53127301178,92.1547960692234,-0.24983198410017,100.0,637.0,229980.0,2.16773405430834,,44.4479
Romania,2007,28.1451998782026,37.7354386880682,5.50150097100926,8360.33775916596,90.8390186610988,-1.11989203457548,100.0,637.0,229890.0,2.01998941319075,,44.4479
Romania,2008,28.2087864288821,37.9338842975207,6.30193056572848,10435.1561230787,89.3339495432797,-1.32550009721903,100.0,637.0,229900.0,1.60542234968677,,44.4479
Romania,2009,28.2539337564114,38.2030774580544,6.11614263251912,8548.4543409242,88.5311962096844,-0.539410726827592,100.0,637.0,230060.0,1.83425504625913,,44.4479
Romania,2010,28.3199304499022,39.7565746576831,5.1772466335768,8399.5374234284,88.0107411432297,-0.377960084313367,100.0,637.0,230050.0,2.03691504140594,,44.4479
Romania,2011,28.6405352565495,39.0798105747925,5.95088848587022,9560.6755277458,87.5332493374462,-0.386053262354062,100.0,637.0,230170.0,2.14637450523508,,44.4479
Romania,2012,28.9948004521346,38.2488479262673,4.54079724771484,8929.95366231474,87.201265107382,-0.453667076611491,100.0,637.0,230020.0,2.286950918998,,44.4479
Romania,2013,29.3291135938791,38.0211276789984,5.50972556892124,9497.67411615237,86.8742903099596,-0.456857744571863,100.0,637.0,230030.0,2.2533601321434,,44.4479
Romania,2014,29.6582406119611,38.1519471488178,4.94834094527624,10031.7710755404,86.5306806328234,-0.529504028137237,100.0,637.0,230080.0,2.00727347099149,,44.4479
Romania,2015,29.9937413073714,38.1519471488178,4.42592968395419,8977.01748158196,86.1248956884562,-0.692374452871572,100.0,637.0,230080.0,1.7254625237584,,44.4479
Romania,2016,30.1158292767733,37.3000695410292,4.2921753725524,9404.54005870715,85.6322453059805,-0.861494741296069,100.0,637.0,230080.0,1.30392477049972,,44.4479
Romania,2017,30.1158292767733,37.1305632823366,4.43884283682194,10727.9822007426,85.1387126216968,-0.9295931039634,100.0,637.0,230080.0,1.17269075605236,,44.4479
Romania,2018,30.1158292767733,37.7520862308762,4.50660889280427,12416.134317959,84.6399947844228,-1.0011500806521,100.0,637.0,230080.0,1.11395666227302,,44.4479
Romania,2019,30.1158292767733,38.9690542420028,4.31147831319992,12909.6104013244,84.1952712100139,-1.00096783243341,100.0,637.0,230080.0,1.07233571663268,,44.4479
Romania,2020,30.1158292767733,36.8697844228095,4.07184426240682,13009.1770573223,83.7328320584145,-1.0838830121159,100.0,637.0,230080.0,1.19873466013283,,44.4479
Romania,2021,30.1158292767733,37.3261474269819,4.616339720378,14907.9803652143,83.1104789638387,-1.47053244927971,100.0,637.0,230080.0,1.32320485153171,,44.4479
Romania,2022,30.1158292767733,35.6875869262865,3.8180329334627,15503.551804598,82.7907771210014,-0.516969816394979,100.0,637.0,230080.0,1.16205553941529,,44.4479
Russian Federation,2000,49.4018499097143,7.59241917938337,5.75171562849956,1771.59411621094,8.94901570933758,-0.158518547385237,100.0,460.0,16381340.0,3.10194910794384,57.9764384368627,55.7558
Russian Federation,2001,49.4403819433422,7.56145744558754,5.87572156767964,2100.3525390625,8.91163375342787,-0.32413893880667,100.0,460.0,16380440.0,3.13838698958254,46.6826951160993,55.7558
Russian Federation,2002,49.4746894866839,7.5371132547949,5.56571375282766,2377.52954101563,8.87046146313948,-0.374139083048127,100.0,460.0,16380940.0,3.3920492803423,40.8533394581356,55.7558
Russian Federation,2003,49.5103852150482,7.48178680396411,5.50294605214831,2975.123046875,8.83027865243716,-0.299944177220899,100.0,460.0,16380980.0,3.24372039222479,44.5626607613604,55.7558
Russian Federation,2004,49.5454456106165,7.4564608396317,4.90444194797732,4102.36474609375,8.79465803239439,-0.537856482113236,100.0,460.0,16381230.0,3.03041728258418,37.044289752436,55.7558
Russian Federation,2005,49.5807773333032,7.4341066295351,4.25591600597494,5323.455078125,8.76108889416588,-0.579704931131405,100.0,460.0,16381390.0,2.80199052363776,33.5124776049074,55.7558
Russian Federation,2006,49.6276507015009,7.42312431385527,3.86131247123383,6920.19970703125,8.73439418381291,-0.214706733456985,100.0,460.0,16377740.0,2.62957683343377,32.3865885396895,55.7558
Russian Federation,2007,49.6634743255174,7.42312431385527,3.7789017062609,9101.2392578125,8.71946397976766,0.0221745532374991,100.0,460.0,16377740.0,2.86638006214269,32.7591854997396,55.7558
Russian Federation,2008,49.7019381603444,7.42809828740168,3.75334118813491,11635.2841796875,8.71609568861449,0.0876537538872122,100.0,460.0,16376870.0,2.08063013032334,25.9737563112073,55.7558
Russian Federation,2009,49.7377636874446,7.42809828740168,4.08444869718417,8562.82421875,8.71872024385612,0.0935349649488752,100.0,460.0,16376870.0,2.20211245100312,34.3613166173345,55.7558
Russian Federation,2010,49.7735892145447,7.42809828740168,3.34389824902191,10674.990234375,8.72263552192818,0.236150756779433,100.0,460.0,16376870.0,2.09947824291677,28.2773715301649,55.7558
Russian Federation,2011,49.7710839739218,7.42809828740168,3.1507257212962,14305.33203125,8.73293828429975,0.367299951595695,100.0,460.0,16376870.0,1.94919460430135,27.4162213475377,55.7558
Russian Federation,2012,49.7685787332989,7.42809828740168,2.92603087775353,15401.8515625,8.75493589434367,0.412807805363494,100.0,460.0,16376870.0,1.78486976073255,27.6477290740837,55.7558
Russian Federation,2013,49.766073492676,7.42809828740168,2.99360048776678,15941.4482421875,8.78102091547408,0.437509651578485,100.0,460.0,16376870.0,1.8072983201277,30.2102878450986,55.7558
Russian Federation,2014,49.763568252053,7.42809828740168,3.36060548804252,14055.47265625,8.80737424184231,0.436395492452819,100.0,460.0,16376870.0,1.82891267710897,27.8421875364677,55.7558
Russian Federation,2015,49.7610630114301,7.42809828740168,3.87310448732299,9277.7138671875,8.8320122221157,0.411745480856223,100.0,460.0,16376870.0,2.161267342117,37.125952762227,55.7558
Russian Federation,2016,49.7726977132993,7.42809828740168,3.84021728459951,8663.158203125,8.85489473873823,0.385757419294273,100.0,460.0,16376870.0,2.51178298333418,43.1184713428485,55.7558
Russian Federation,2017,49.7843605035639,7.42809828740168,3.55363208990976,10658.9130859375,8.87185768709161,0.311953191766694,100.0,460.0,16376870.0,2.42110454123787,33.8872742360339,55.7558
Russian Federation,2018,49.7843605035639,7.42809828740168,3.3942533806976,11211.8876953125,8.87825976514438,0.185227645677902,100.0,460.0,16376870.0,2.21834954112968,29.548796109,55.7558
Russian Federation,2019,49.7843605035639,7.42809828740168,3.53030291392166,11447.701171875,8.88162945666663,0.142519224434736,100.0,460.0,16376870.0,2.1452991276359,29.6288697909038,55.7558
Russian Federation,2020,49.7843605035639,7.42809828740168,4.00635163401546,10108.3271484375,8.86891988517952,-0.0481880641867905,100.0,460.0,16376870.0,2.49994672768903,31.6125814211445,55.7558
Russian Federation,2021,49.7843605035639,7.42809828740168,3.67156378990517,12425.029296875,8.83848757424343,-0.265484886158326,100.0,460.0,16376870.0,2.31391840595649,26.4340953468359,55.7558
Russian Federation,2022,49.7843605035639,7.42809828740168,3.42029353612808,15619.6142578125,8.80735653394086,-0.215408008986696,100.0,460.0,16376870.0,,16.757438584072,55.7558
Rwanda,2000,11.6335630320227,40.5350628293474,31.1849871789041,251.86926386091,332.952209160924,8.08083176249647,0.1,1212.0,24670.0,,62.8083274081077,1.95325
Rwanda,2001,11.5443858937981,44.5885691122821,31.7940006044905,237.308846200901,335.917875962708,5.64063580854919,0.1,1212.0,24670.0,3.19706024947456,66.8192915128563,1.95325
Rwanda,2002,11.4552087555736,45.2371301175517,30.1946865741942,234.043016755733,340.501824077827,3.32479230086688,0.1,1212.0,24670.0,5.25877973719591,74.5796747820985,1.95325
Rwanda,2003,11.366031617349,45.3587353060397,33.0353672438095,249.012274982252,348.069517632752,2.29795473519903,0.1,1212.0,24670.0,7.64242230232104,73.7799048364944,1.95325
Rwanda,2004,11.2768544791244,45.4398054316984,33.895261824051,269.540446333402,357.391325496555,2.68595662077977,0.1,1212.0,24670.0,2.75740331055031,71.3065386396469,1.95325
Rwanda,2005,11.1876773408999,45.5614106201865,33.7756165293022,324.016863847189,367.025861370085,2.6908450571903,0.1,1212.0,24670.0,4.68591232776946,52.5165794251024,1.95325
Rwanda,2006,11.0985002026753,45.6830158086745,30.026108002825,356.995022901154,376.945520875557,2.68934981041493,0.1,1212.0,24670.0,3.87542954087995,13.1771072556272,1.95325
Rwanda,2007,11.0093230644508,45.8046209971625,26.068484121694,426.234183487629,387.107134171058,2.67823997031345,0.1,1212.0,24670.0,4.55763073633423,15.2769186821418,1.95325
Rwanda,2008,10.9201459262262,45.8856911228212,24.7805133299176,528.326391755502,397.416659910823,2.64612716711945,0.1,1212.0,24670.0,1.33738298260727,18.062177264619,1.95325
Rwanda,2009,10.8309687880016,46.9396027563843,25.3575273279149,564.039095842449,407.800243210377,2.60046889100869,0.1,1212.0,24670.0,1.5069121860925,19.5357885566749,1.95325
Rwanda,2010,10.7417916497771,47.9935143899473,24.3144893985439,593.624927744346,418.222659100122,2.5524228691024,0.2,1212.0,24670.0,3.01756356807707,20.3065120591755,1.95325
Rwanda,2011,10.7823267126064,49.0474260235103,23.8371959544057,651.133677964662,428.606931495744,2.49280230256125,0.2,1212.0,24670.0,4.21117645215361,21.393893240066,1.95325
Rwanda,2012,10.8228617754358,50.060802594244,24.765432008534,706.817269168561,438.990717470612,2.44497953015304,0.2,1212.0,24670.0,5.90647805097986,24.0267798798109,1.95325
Rwanda,2013,10.8633968382651,51.1147142278071,24.9203167464094,704.92421851123,449.669233887313,3.18655194284357,0.2,1212.0,24670.0,5.5441612044088,30.1055329314487,1.95325
Rwanda,2014,10.9039319010944,52.1686258613701,24.6883207854521,724.957526520906,460.671139035266,4.89218676859769,0.3,1212.0,24670.0,4.00706917170324,36.1466647538998,1.95325
Rwanda,2015,10.9444669639238,52.2091609241994,23.9810045274251,733.998629882494,471.829023104986,6.27772586874097,0.3,1212.0,24670.0,3.69957861105005,41.1859009324245,1.95325
Rwanda,2016,11.0255370895825,52.2091609241994,25.1527094826327,729.519133812945,483.144831779489,7.33433249429036,0.4,1212.0,24670.0,2.88368954027727,51.0672797854825,1.95325
Rwanda,2017,11.0660721524118,52.2496959870288,26.3454376635445,758.300966509647,494.611268747467,8.06916696962031,0.4,1212.0,24670.0,1.80617841843103,56.6439342203484,1.95325
Rwanda,2018,11.1066072152412,50.060802594244,24.6227246165566,771.773511207309,506.201702472639,8.51166548585975,0.5,1212.0,24670.0,1.09353495821902,61.1514887573938,1.95325
Rwanda,2019,11.1471422780705,48.3177948925821,23.560629300383,810.051412137354,517.880137819214,8.70483012072618,0.5,1212.0,24670.0,1.56966459407243,65.1410718001911,1.95325
Rwanda,2020,11.1876773408999,49.2338873125253,26.6559195496967,778.701498925026,529.624523713012,8.69819879632089,0.6,1212.0,24670.0,1.11803249406464,82.4503892484163,1.95325
Rwanda,2021,11.2282124037292,51.4146736927442,24.0706966220179,829.544845263697,541.35630320227,8.52382771076354,0.7,1212.0,24670.0,1.31066659509156,85.8558898695688,1.95325
Rwanda,2022,11.2687474665586,50.2005391163356,24.886975847496,975.469323735369,553.345358735306,8.41216905490219,0.8,1212.0,24670.0,0.791717935169733,74.3314388443279,1.95325
Samoa,2000,60.5335689045936,4.9469964664311,15.0763549820946,1424.75240002471,64.1996466431095,0.987687235035718,7.2,2880.0,2830.0,,57.027211088708,13.8314
Samoa,2001,60.3632508833922,4.9469964664311,13.2281338102519,1453.87021324606,64.7229681978799,0.913453491335154,8.1,2880.0,2830.0,0.446947395154057,54.410649921275,13.8314
Samoa,2002,60.1929328621908,4.59363957597173,11.9922593594911,1527.55790455937,65.1840989399293,0.564847284031573,9.1,2880.0,2830.0,0.521531861652388,56.6146485007696,13.8314
Samoa,2003,60.0226148409894,4.59363957597173,10.9888775430945,1798.12429714048,65.5229681978799,-0.22506099746853,10.3,2880.0,2830.0,0.787498048866347,54.5562162116784,13.8314
Samoa,2004,59.852296819788,4.24028268551237,11.7403681062885,2189.26042607992,65.8123674911661,-0.725613242841683,11.2,2880.0,2830.0,0.373914258163,46.5159375767988,13.8314
Samoa,2005,59.6819787985866,3.886925795053,12.4865750417539,2550.04221437511,66.069964664311,-0.979945436648355,12.4,2880.0,2830.0,0.694569941478183,38.2547584848731,13.8314
Samoa,2006,59.5116607773852,3.67491166077739,10.9860021831847,2663.29135939532,66.3282685512367,-0.928615151947339,13.4,2880.0,2830.0,0.688100573731307,35.588540630925,13.8314
Samoa,2007,59.3413427561837,3.53356890459364,10.6649895462053,3038.61904093377,66.6971731448763,-0.70664460683795,14.5,2880.0,2830.0,0.468386422466453,34.9720985853205,13.8314
Samoa,2008,59.1710247349823,3.18021201413428,10.0298576357923,3373.60639884263,67.1756183745583,-0.698782547991635,15.6,2880.0,2830.0,0.139120951995972,34.5207265551583,13.8314
Samoa,2009,59.0007067137809,2.79151943462898,11.2374050203296,3279.18269477295,67.6724381625442,-0.740054094351183,16.8,2880.0,2830.0,0.375307673142235,42.3042907302263,13.8314
Samoa,2010,58.8303886925795,4.24028268551237,10.1420948693988,3524.2479246203,68.2060070671378,-0.588696672817733,17.85,2880.0,2830.0,0.422840170968908,49.2281340404688,13.8314
Samoa,2011,58.6593639575972,5.65371024734982,8.74914768052862,3821.50678264479,68.8031802120141,-0.20660353867531,18.9,2880.0,2830.0,0.339429617922154,51.4266504216745,13.8314
Samoa,2012,58.4883392226148,7.06713780918728,8.99062542491428,3934.60320799981,69.4339222614841,0.201378332278472,20.1,2880.0,2830.0,0.126741520216943,56.6667304370635,13.8314
Samoa,2013,58.3173144876325,8.48056537102473,9.36698695177158,4023.5254013825,70.0593639575972,0.422359580830143,21.4,2880.0,2830.0,0.390857891550793,60.7430476275739,13.8314
Samoa,2014,58.1462897526502,9.89399293286219,8.97743064055918,3982.68080202084,70.6844522968198,0.50604112191919,22.6,2880.0,2830.0,0.157541512933535,63.0681594321805,13.8314
Samoa,2015,57.9752650176678,11.469964664311,8.32395364948745,4084.36083819933,71.3010600706714,0.462276303263378,23.9,2880.0,2830.0,0.191657376162512,57.7230691008524,13.8314
Samoa,2016,57.8056537102473,9.10247349823322,8.64439767739187,4147.07097674888,71.9077738515901,0.285593185509885,25.2,2880.0,2830.0,0.177321802669591,53.8119894638802,13.8314
Samoa,2017,58.6726618705036,6.85611510791367,9.90757564175906,4307.59381964907,73.8902877697842,0.092449929543142,26.2,2880.0,2780.0,0.297379742188011,55.0966362857982,13.8314
Samoa,2018,58.5,4.44244604316547,9.14766033843446,4231.81409469194,74.6697841726619,-0.231285277721216,27.5,2880.0,2780.0,0.226798352020621,52.574262285949,13.8314
Samoa,2019,58.3273381294964,4.06115107913669,9.10454875149409,4351.94234943706,75.4604316546763,-0.614211329900257,28.6,2880.0,2780.0,0.244432582064772,49.5769047016337,13.8314
Samoa,2020,58.1546762589928,4.06115107913669,9.53642989262121,4099.59660548583,76.2388489208633,-0.965034996531743,29.9,2880.0,2780.0,,56.9277996936748,13.8314
Samoa,2021,57.9820143884892,4.06115107913669,9.67170140141047,4021.55934894283,76.8989208633094,-1.85723015748974,30.9,2880.0,2780.0,0.726164349904817,60.9719418526438,13.8314
Samoa,2022,57.8093525179856,4.06115107913669,9.35673735856576,4132.44717734444,77.4320143884892,0.311058780327843,31.9,2880.0,2780.0,1.00994929616761,57.9346120849764,13.8314
San Marino,2000,16.6666666666667,16.6666666666667,,37600.7077379601,446.65,1.51964593166187,100.0,,60.0,,,43.9322
San Marino,2001,16.6666666666667,16.6666666666667,,39035.1034290445,452.383333333333,1.41061666931089,100.0,,60.0,,,43.9322
San Marino,2002,16.6666666666667,16.6666666666667,,41790.8432718184,458.183333333333,1.32519380953177,100.0,,60.0,,,43.9322
San Marino,2003,16.6666666666667,16.6666666666667,,52529.9093701059,464.05,1.32696806635651,100.0,,60.0,,,43.9322
San Marino,2004,16.6666666666667,16.6666666666667,,58232.0176184948,490.95,5.8653805449799,100.0,,60.0,,,43.9322
San Marino,2005,16.6666666666667,16.6666666666667,,59877.8005839737,497.266666666667,1.73246461300421,100.0,,60.0,,,43.9322
San Marino,2006,16.6666666666667,16.6666666666667,,63270.7780755157,503.066666666667,1.75517002196815,100.0,,60.0,,,43.9322
San Marino,2007,16.6666666666667,16.6666666666667,,70124.4634385624,520.183333333333,3.98388403546371,100.0,,60.0,,,43.9322
San Marino,2008,16.6666666666667,16.6666666666667,,75902.1320521765,527.7,2.0290311318069,100.0,,60.0,,,43.9322
San Marino,2009,16.6666666666667,16.6666666666667,,62428.9943269418,551.1,4.80424970821358,100.0,,60.0,,,43.9322
San Marino,2010,16.6666666666667,16.6666666666667,,56543.1898204098,554.5,0.858240909624293,100.0,,60.0,,,43.9322
San Marino,2011,16.6666666666667,16.6666666666667,,55601.3929703047,543.666666666667,-1.94781915885654,100.0,,60.0,,,43.9322
San Marino,2012,16.6666666666667,16.6666666666667,,47945.8991734281,557.816666666667,2.56823939110504,100.0,,60.0,,,43.9322
San Marino,2013,16.6666666666667,16.6666666666667,,50807.8289138024,550.683333333333,-1.28522541451626,100.0,,60.0,,,43.9322
San Marino,2014,16.6666666666667,16.6666666666667,,51260.4938347125,544.25,-1.17572798605125,100.0,,60.0,,,43.9322
San Marino,2015,16.6666666666667,33.0833333333333,0.0200541096861857,43146.8240435428,548.283333333333,0.738404951263499,100.0,,60.0,,,43.9322
San Marino,2016,16.6666666666667,33.0833333333333,0.0136238729961193,44359.4797662688,551.683333333333,0.617940921458467,100.0,,60.0,,,43.9322
San Marino,2017,16.6666666666667,33.0833333333333,0.0204788600977845,45192.0279766943,563.75,2.16366061444133,100.0,,60.0,,,43.9322
San Marino,2018,16.6666666666667,33.0833333333333,0.016406698271998,47950.6880557136,575.366666666667,2.04030282579077,100.0,,60.0,,,43.9322
San Marino,2019,16.6666666666667,33.0833333333333,0.0152774759329299,46630.1443120725,577.716666666667,0.407866118643148,100.0,,60.0,,,43.9322
San Marino,2020,16.6666666666667,33.0833333333333,0.0141009168983556,44326.9556746411,579.5,0.30851403883154,100.0,,60.0,,,43.9322
San Marino,2021,16.6666666666667,33.0833333333333,0.0166253927819304,54176.4798021628,570.866666666667,-1.49804359144153,100.0,,60.0,,,43.9322
San Marino,2022,16.6666666666667,33.0833333333333,0.0114889167333267,54190.8417700372,562.583333333333,-1.45063945080637,100.0,,60.0,,,43.9322
Sao Tome and Principe,2000,60.7916666666667,6.25,,529.089383412262,150.01875,2.90353488580294,0.0,3200.0,960.0,0.0971543016559652,435.838780405848,0.20618
Sao Tome and Principe,2001,60.7645833333333,6.25,,518.88050130005,152.473958333333,3.48467313301681,0.0,3200.0,960.0,0.0226868385070764,423.553906874119,0.20618
Sao Tome and Principe,2002,60.7375,6.25,,568.10257252271,156.16875,4.46058781732521,0.1,3200.0,960.0,0.078714879396701,407.495433686755,0.20618
Sao Tome and Principe,2003,60.7104166666667,6.25,,663.696211810494,160.222916666667,4.93959647135819,0.1,3200.0,960.0,0.148516322690594,341.434557477637,0.20618
Sao Tome and Principe,2004,60.6833333333333,6.25,,726.560882130444,164.276041666667,5.06154189246628,0.1,3200.0,960.0,0.31431884449548,319.373824119824,0.20618
Sao Tome and Principe,2005,60.65625,6.25,,844.169181884274,168.373958333333,5.09185364143527,0.1,3200.0,960.0,0.470382994791247,248.838847943874,0.20618
Sao Tome and Principe,2006,60.6291666666667,6.25,,861.970707697664,172.539583333333,5.02645908668235,0.1,3200.0,960.0,0.562473105705966,238.810364716511,0.20618
Sao Tome and Principe,2007,60.6020833333333,6.25,,878.885791918745,176.770833333333,4.86039046953005,0.2,3200.0,960.0,0.774999955301235,105.995795781593,0.20618
Sao Tome and Principe,2008,60.575,6.25,9.47767452078513,1081.8684584729,181.034375,4.58552859516798,0.2,3200.0,960.0,0.512026983561239,68.3025122410081,0.20618
Sao Tome and Principe,2009,60.5479166666667,6.25,10.4916229997386,1128.28046213305,185.263541666667,4.19197701224462,0.2,3200.0,960.0,0.667407465853804,76.6758226503177,0.20618
Sao Tome and Principe,2010,60.5208333333333,6.25,11.6318930270323,1045.20958234528,189.377083333333,3.6816471189837,0.3,3200.0,960.0,0.67005397195577,93.7169816477426,0.20618
Sao Tome and Principe,2011,59.875,4.16666666666667,12.3319074378557,1219.80189089671,193.384375,3.10388401197439,0.3,3200.0,960.0,0.134387967381993,95.7217902401045,0.20618
Sao Tome and Principe,2012,59.2291666666667,4.16666666666667,13.0683433314164,1192.0202911189,197.332291666667,2.47873110609636,0.4,3200.0,960.0,0.276179687952176,84.6264382872933,0.20618
Sao Tome and Principe,2013,58.5833333333333,4.16666666666667,13.4069603438231,1382.5757842916,201.195833333333,2.08384707801428,0.4,3200.0,960.0,1.89556225784628,76.366141111182,0.20618
Sao Tome and Principe,2014,57.9375,4.16666666666667,13.2795768636645,1489.67633417608,204.965625,2.04961966603569,0.5,3200.0,960.0,0.0506984709866997,68.4888000658699,0.20618
Sao Tome and Principe,2015,57.2916666666667,4.16666666666667,14.1348690685509,1298.10946596396,208.636458333333,1.9691949537029,0.5,3200.0,960.0,0.297467837021974,89.0041060347429,0.20618
Sao Tome and Principe,2016,56.6458333333333,4.16666666666667,13.0514022257346,1434.87018050521,212.176041666667,1.87592193871202,0.6,3200.0,960.0,0.0885436169446934,81.6349841295116,0.20618
Sao Tome and Principe,2017,56.0,4.16666666666667,12.7475187137291,1555.79477812888,215.59375,1.78996975166943,0.7,3200.0,960.0,0.880465787229668,84.7322641724861,0.20618
Sao Tome and Principe,2018,55.3541666666667,4.16666666666667,11.8181222110283,1825.59971753966,218.944791666667,1.73603425393872,0.7,3200.0,960.0,0.0519139837823197,66.305224714666,0.20618
Sao Tome and Principe,2019,54.7083333333333,4.16666666666667,11.9296548194696,1935.2931816596,222.283333333333,1.70502961358324,0.7,3200.0,960.0,0.18394567582615,66.7996943664537,0.20618
Sao Tome and Principe,2020,54.0625,4.16666666666667,14.1470498019151,2167.22001796925,226.494791666667,2.06923715017051,0.8,3200.0,960.0,0.0415850821697268,65.7252583186697,0.20618
Sao Tome and Principe,2021,53.4166666666667,4.16666666666667,15.2661766239364,2362.58827248102,231.209375,2.25090533676363,0.9,3200.0,960.0,0.0746290217924045,62.1259590970738,0.20618
Sao Tome and Principe,2022,52.7708333333333,4.16666666666667,13.9317577053548,2389.73729784737,235.734375,2.22850083786605,1.0,3200.0,960.0,0.110066015503484,52.0339662799472,0.20618
Saudi Arabia,2000,0.454484134921779,1.6778969991022,4.90093304872369,11714.5623675159,7.52560694797855,4.69292894694761,100.0,59.0,2149690.0,0.0505637575038323,,24.6748
Saudi Arabia,2001,0.454484134921779,1.67357470146858,5.13485567314878,10805.311325122,7.92737417953286,5.43180210903215,100.0,59.0,2149690.0,0.0577561969916803,,24.6748
Saudi Arabia,2002,0.454484134921779,1.66925235731664,5.03753751642003,10586.0543471363,8.33185715149626,5.21143299195641,100.0,59.0,2149690.0,0.0600989479518287,,24.6748
Saudi Arabia,2003,0.454484134921779,1.66493005968302,4.47188176141973,11487.220410693,8.73929124664486,5.0199550998406,100.0,59.0,2149690.0,0.0456881974496551,,24.6748
Saudi Arabia,2004,0.454484134921779,1.66060771553108,3.86835593326895,13154.4978989446,9.1499146388549,4.85538715845566,100.0,59.0,2149690.0,0.0813323352040268,,24.6748
Saudi Arabia,2005,0.454484134921779,1.65628541789746,3.1854016709851,15975.7473782258,9.56411854732543,4.70355008519536,100.0,59.0,2149690.0,0.0551246601306692,,24.6748
Saudi Arabia,2006,0.454484134921779,1.65196307374552,2.91996194095464,17563.6145370639,9.9824365373612,4.5562625287995,100.0,59.0,2149690.0,0.0405265007162463,,24.6748
Saudi Arabia,2007,0.454484134921779,1.64764072959357,2.74276747836675,18596.1502627898,10.4053668203322,4.42265161870453,100.0,59.0,2149690.0,0.0343038434913797,,24.6748
Saudi Arabia,2008,0.454484134921779,1.64331843195996,2.29269078480924,22320.4888964331,10.8331326842475,4.2999854317169,100.0,59.0,2149690.0,0.0167386176873591,,24.6748
Saudi Arabia,2009,0.454484134921779,1.63899608780801,2.83043433137553,17718.3911648365,11.2656494657369,4.18436597790186,100.0,59.0,2149690.0,0.0208827714036722,,24.6748
Saudi Arabia,2010,0.454484134921779,1.6346737901744,2.61912238524459,22028.3901426586,11.1543929589848,-0.730542307285643,100.0,59.0,2149690.0,0.0241317258185467,,24.6748
Saudi Arabia,2011,0.454484134921779,1.63035144602245,2.15288829129967,27126.7498747702,11.6723187994548,4.75192586578209,100.0,59.0,2149690.0,0.0176196011467897,,24.6748
Saudi Arabia,2012,0.454484134921779,1.62602914838884,2.06209514825132,28733.4375513452,12.1733184784783,4.4173573894565,100.0,59.0,2149690.0,0.016644883214621,,24.6748
Saudi Arabia,2013,0.454484134921779,1.62170680423689,2.14783287096443,27865.465604962,12.8502267768841,5.62477081446307,100.0,59.0,2149690.0,0.0175438675466072,,24.6748
Saudi Arabia,2014,0.454484134921779,1.61738450660328,2.27940419211986,27805.4850319422,13.1690025073383,2.66213572357898,100.0,59.0,2149690.0,0.0241436807825914,,24.6748
Saudi Arabia,2015,0.454484134921779,1.61306216245133,2.75387031670143,23256.1549553531,13.8700845238151,5.39685181030722,100.0,59.0,2149690.0,0.0417295379551416,,24.6748
Saudi Arabia,2016,0.454484134921779,1.60873986481772,2.91802299444676,22267.7217050387,14.399377584675,3.95321083599584,100.0,59.0,2149690.0,0.0544668590015811,,24.6748
Saudi Arabia,2017,0.454484134921779,1.60441752066577,2.83525700890872,23929.2907135982,14.4101498355577,0.280951636777265,100.0,59.0,2149690.0,0.106337588125128,,24.6748
Saudi Arabia,2018,0.454484134921779,1.60009522303216,2.41396154385256,29360.0658968566,14.0468072140634,-2.34971628714086,100.0,59.0,2149690.0,0.12530888001508,,24.6748
Saudi Arabia,2019,0.454484134921779,1.59577287888021,2.45384656461481,29566.7933827436,13.9851787932213,-0.237893478845003,100.0,59.0,2149690.0,0.137697395072053,,24.6748
Saudi Arabia,2020,0.454484134921779,1.59577287888021,2.95556974627207,24338.8307301067,14.6777023663877,5.03257353185149,100.0,59.0,2149690.0,0.205339495321494,,24.6748
Saudi Arabia,2021,0.454484134921779,1.59577287888021,2.44812792691627,31920.7653655643,14.320382473752,-2.26763551328465,100.0,59.0,2149690.0,0.232093934830069,,24.6748
Saudi Arabia,2022,0.454484134921779,1.59577287888021,2.21479159080364,38510.2276211037,14.9673785522564,4.61320861357201,100.0,59.0,2149690.0,0.197392513712504,,24.6748
Senegal,2000,45.9832753337142,17.2544538513478,16.4392452034714,603.233162455158,51.775099984418,2.88407851293906,6.9,686.0,192530.0,1.74668336640031,61.6894599199723,14.7247
Senegal,2001,45.7833064976887,16.0961928011219,16.2524323093589,637.213530563724,53.0459772502987,2.93901710779535,7.3,686.0,192530.0,2.32971732432782,57.5583406613325,14.7247
Senegal,2002,45.5833376616631,15.8416870098167,13.3807801250726,669.430447319209,54.3614709395938,3.01515890743062,7.7,686.0,192530.0,3.33403137205501,59.6555296080874,14.7247
Senegal,2003,45.3833688256376,15.2287955123877,15.4910998381045,817.888034221442,55.6857424816912,3.01507438361922,7.9,686.0,192530.0,3.44859098836541,50.6996951289096,14.7247
Senegal,2004,45.183399989612,15.5144652781385,14.2017995388,918.102079522155,57.0077598296369,2.98712103341008,8.0,686.0,192530.0,2.77490178045227,39.4451250767248,14.7247
Senegal,2005,44.9834311535865,16.2364306861268,15.1803964143562,979.846101520171,58.3569937152652,3.01184993147925,8.0,686.0,192530.0,2.10516453893466,35.3571549771426,14.7247
Senegal,2006,44.7834623175609,14.7405599127409,13.3951515867003,1017.20196747987,59.7314392562198,3.0386102149415,7.85,686.0,192530.0,5.1548503988457,16.6357009657853,14.7247
Senegal,2007,44.5834934815353,14.802887861632,12.2459105728806,1188.93877808175,61.1351166052044,3.07746243001232,7.6,686.0,192530.0,2.91532820947035,18.5671650352138,14.7247
Senegal,2008,44.3835246455098,18.802264582143,14.6866270243556,1398.79218010021,62.5822417285618,3.14379957341358,7.2,686.0,192530.0,1.55413619508892,16.9572554560833,14.7247
Senegal,2009,44.1835558094842,18.802264582143,16.1077336169075,1308.69404336205,64.0803459201163,3.22499710274526,7.0,686.0,192530.0,0.996837313353911,23.2840831819046,14.7247
Senegal,2010,43.9835869734587,18.802264582143,15.945261535619,1275.88357492357,65.6282813068093,3.30650702463761,6.7,686.0,192530.0,1.33906365454436,29.1069276963651,14.7247
Senegal,2011,43.7758271438217,17.1401859450475,12.9470610352017,1374.67591873844,67.3084558250662,3.51254283884555,6.5,686.0,192530.0,1.43489658714375,33.0931855562814,14.7247
Senegal,2012,43.5680673141848,17.1401859450475,14.0976923523704,1326.83798848379,69.1346543395834,3.73117471947222,6.3,686.0,192530.0,1.73307052594546,40.9303592307614,14.7247
Senegal,2013,43.3603074845479,17.1401859450475,13.7248803755401,1379.83196553924,71.2140913104451,4.0885427494987,6.2,686.0,192530.0,2.39024380080799,43.9606094091967,14.7247
Senegal,2014,43.1525476549109,17.1401859450475,13.3687650760268,1398.89137601382,73.5059575131148,4.40810828928847,6.2,686.0,192530.0,2.28555111712267,55.4082525783348,14.7247
Senegal,2015,42.944787825274,18.9840544330754,14.2825767344045,1218.00613555438,75.7976990598868,4.53448110243958,6.1,686.0,192530.0,1.93211094873007,60.4794401983364,14.7247
Senegal,2016,42.737027995637,18.7503246247338,14.4140203888971,1266.43957151587,78.0892380408248,4.65122615097993,6.1,686.0,192530.0,1.94559997433239,61.7783390785996,14.7247
Senegal,2017,42.5292681660001,18.9321144756661,14.9820338201197,1356.80518449031,80.3770944787825,4.73738398703341,6.3,686.0,192530.0,1.80589736890068,69.7334917042792,14.7247
Senegal,2018,42.3215083363632,19.1139043265985,14.9875195578847,1452.55612562445,82.6598348309354,4.796373610501,6.6,686.0,192530.0,1.82891586113484,88.9673360108035,14.7247
Senegal,2019,42.1137485067262,19.2956941775308,14.8962721234445,1431.18128932159,84.9370072196541,4.8304347822934,6.9,686.0,192530.0,1.07928499736572,91.3064501670604,14.7247
Senegal,2020,41.9059886770893,19.4774840284631,16.1487794824433,1461.08720350553,87.2031319794318,4.83501162675689,7.3,686.0,192530.0,1.3729110619893,107.855994435083,14.7247
Senegal,2021,41.6982288474523,19.893003687737,15.5512646222076,1598.10676952274,89.4451098530099,4.80370767293112,7.7,686.0,192530.0,1.23141523081488,114.383429271668,14.7247
Senegal,2022,41.4904690178154,19.893003687737,16.3333231968406,1574.0281059306,91.6797538046019,4.77205195281825,8.2,686.0,192530.0,1.43209716950928,132.297928341272,14.7247
Serbia,2000,,,14.6669778316554,974.725469278615,,0.57385695413455,30.6,,,5.73733206431052,157.970759369083,44.8024
Serbia,2001,,,12.7777822955607,1812.42088281393,,0.644845563258133,31.9,,,4.05725475153352,91.7185086054589,44.8024
Serbia,2002,,,8.51013913494866,2390.73459447107,,0.691757306397593,33.2,,,3.99984407924438,63.8306322569174,44.8024
Serbia,2003,,,7.02904112121838,3153.9011312754,,0.473687619458973,34.3,,,,60.7889015734077,44.8024
Serbia,2004,,,7.62709744796992,3597.08798057009,,0.530361720002887,35.6,,,3.97954826020725,54.686746408775,44.8024
Serbia,2005,,,6.16013694013165,3807.97417321786,,0.45814579695286,37.0,,,2.9716867083457,57.6887214065411,44.8024
Serbia,2006,29.8627944203064,29.6787102675509,6.22223200235689,4492.7136699046,84.742385090327,0.33148708728334,38.4,,87460.0,2.30930135778607,60.4717076987933,44.8024
Serbia,2007,30.1520695174937,29.9199634118454,5.50486565149148,6081.08765700202,84.3994854790761,0.257266241353083,39.5,,87460.0,2.04147178750399,60.1970046794306,44.8024
Serbia,2008,30.441344614681,30.4196203978962,6.35977347846117,7376.73517910716,84.0409558655385,0.147722500028735,41.2,,87460.0,,57.7769681944698,44.8024
Serbia,2009,30.7306197118683,29.8845186370912,5.99159503176742,6414.0448463847,83.7046306883147,0.0562112912659308,42.6,,87460.0,,73.0399499538698,44.8024
Serbia,2010,31.0198948090556,30.3487308483878,6.11650941889437,5970.92660940072,83.3688085982163,-0.0877718210886263,44.1,,87460.0,,77.138104941376,44.8024
Serbia,2011,31.0348273496456,30.1795106334324,6.34800451775273,7082.2861666075,82.740898696547,-0.613988533977234,45.7,,87460.0,,64.1515087547296,44.8024
Serbia,2012,31.0497598902355,29.2945346444089,6.04364014215639,6263.04086072815,82.3404642122113,-0.633433722847429,47.1,,87460.0,,78.6508215754673,44.8024
Serbia,2013,31.0646924308255,29.6169677566888,6.29965191728962,7040.41812068781,81.9409215641436,-0.0421019479481374,49.3,,87460.0,,73.3708700362815,44.8024
Serbia,2014,31.0796249714155,29.7930482506289,6.11737533592784,6886.67809068704,81.5434141321747,-0.0396842636267663,50.8,,87460.0,,67.8319073531775,44.8024
Serbia,2015,31.0945575120055,29.6249714155042,5.60595319138529,5820.3215576888,81.1271781385776,-0.0770253811868713,53.2,,87460.0,,76.6569667101022,44.8024
Serbia,2016,31.1019894809056,29.7050080036588,5.70664096571472,5982.37030126471,80.7034301394923,-0.114523241574928,55.3,,87460.0,,69.7849323080997,44.8024
Serbia,2017,31.1211982620627,29.6707066087354,5.05778606525606,6548.03653824187,80.275074319689,-0.142422406693231,57.1,,87460.0,,71.731970143462,44.8024
Serbia,2018,31.1227989938258,29.5335010290418,5.20468651078978,7559.86165747394,79.8376857992225,-0.180561581783355,59.7,,87460.0,,61.8350318338554,44.8024
Serbia,2019,31.1253144294535,29.4877658358107,4.76474851493196,7755.632986437,79.4104161902584,-0.198834648400159,61.8,,87460.0,,63.4151328334607,44.8024
Serbia,2020,32.3778094898323,30.9668212629326,5.05373769401741,8098.70955668849,82.0445475086217,-0.38152770126292,64.3,,84090.0,,71.7394155616814,44.8024
Serbia,2021,32.3812581757641,31.0976334879296,5.15586469879064,9680.52798074468,81.2739445831847,-0.714143222262138,66.6,,84090.0,,65.9213320272095,44.8024
Serbia,2022,32.3858163872042,30.9192531811155,5.33794223775032,10024.8191112596,79.2537638244738,-1.64497990270082,68.6,,84090.0,,70.4741891397955,44.8024
Seychelles,2000,73.2608695652174,2.17391304347826,2.64100273246754,8063.65500575169,176.371739130435,0.335704440452808,100.0,1970.0,460.0,0.000115178965927573,,4.6309
Seychelles,2001,73.2608695652174,2.17391304347826,2.63784400306895,8153.2986369879,176.526086956522,-0.330005135766431,100.0,2330.0,460.0,0.000132933025499737,,4.6309
Seychelles,2002,73.2608695652174,2.17391304347826,2.69362339108723,8864.16919495467,182.00652173913,2.77370148108795,100.0,2330.0,460.0,0.000124369337515183,,4.6309
Seychelles,2003,73.2608695652174,2.17391304347826,2.46144781055938,9070.28460757013,179.958695652174,-1.33930573364381,100.0,2330.0,460.0,0.00315615560316917,,4.6309
Seychelles,2004,73.2608695652174,2.17391304347826,3.22710437515749,10827.671636033,179.29347826087,-0.560556952966921,100.0,2330.0,460.0,0.00168015827766964,,4.6309
Seychelles,2005,73.2608695652174,2.17391304347826,3.03800915305174,11802.1118276833,180.126086956522,0.296162795629041,100.0,2330.0,460.0,0.0,,4.6309
Seychelles,2006,73.2608695652174,2.17391304347826,2.78226337941348,12782.9938926475,183.913043478261,1.9329797856169,100.0,2330.0,460.0,,,4.6309
Seychelles,2007,73.2608695652174,2.17391304347826,2.62790252151546,12669.3026687222,184.854347826087,0.388756882725038,100.0,2330.0,460.0,0.00410076489857034,,4.6309
Seychelles,2008,73.2608695652174,2.17391304347826,2.53632156141561,11265.4376270005,189.034782608696,2.14254047576637,100.0,2330.0,460.0,0.0685183325334443,,4.6309
Seychelles,2009,73.2608695652174,2.17391304347826,2.24128896994315,9747.09180546291,189.778260869565,0.333432237712598,100.0,2330.0,460.0,0.000511238800958283,,4.6309
Seychelles,2010,73.2608695652174,1.95652173913044,2.23545934618328,10934.79494629,195.152173913043,2.76666619873931,100.0,2330.0,460.0,0.00132136486571237,,4.6309
Seychelles,2011,73.2608695652174,0.293478260869565,2.19346218388635,12110.0937461973,190.089130434783,-2.59500615068571,100.0,2330.0,460.0,2.02841681396801e-05,,4.6309
Seychelles,2012,73.2608695652174,0.304347826086957,1.99985279931942,12337.1554669388,191.963043478261,1.10071337716096,100.0,2330.0,460.0,,,4.6309
Seychelles,2013,73.2608695652174,0.326086956521739,2.71276034719474,14821.2921476077,195.541304347826,2.05673566857558,100.0,2330.0,460.0,3.93883941386193e-05,,4.6309
Seychelles,2014,73.2608695652174,0.326086956521739,2.33075493440682,15188.1902175113,198.60652173913,1.84208964893578,100.0,2330.0,460.0,,,4.6309
Seychelles,2015,73.2608695652174,0.326086956521739,2.05307446564115,15333.1051727105,203.084782608696,2.5942803823661,100.0,2330.0,460.0,1.50717345687646e-06,,4.6309
Seychelles,2016,73.2608695652174,0.326086956521739,1.9149122831203,16566.9946042294,205.819565217391,1.77017559712726,100.0,2330.0,460.0,0.000483675889292656,,4.6309
Seychelles,2017,73.2608695652174,0.326086956521739,2.13180786598013,17480.3651911372,208.354347826087,1.72019677124936,100.0,2330.0,460.0,0.000123403582684339,,4.6309
Seychelles,2018,73.2608695652174,0.326086956521739,2.0783484846252,18440.2340460932,210.352173913043,1.50697403750786,100.0,2330.0,460.0,0.00203012180018953,,4.6309
Seychelles,2019,73.2608695652174,0.326086956521739,2.12955445087691,19141.5118743615,212.228260869565,1.49624047880296,100.0,2330.0,460.0,0.0,,4.6309
Seychelles,2020,73.2608695652174,0.326086956521739,1.96124535557297,14041.4754074575,214.047826086957,1.5062891643526,100.0,2330.0,460.0,0.0981972030364437,,4.6309
Seychelles,2021,73.2608695652174,0.326086956521739,2.44466263831241,14982.9111487767,215.778260869565,1.50200812004348,100.0,2330.0,460.0,0.915714867802307,,4.6309
Seychelles,2022,73.2608695652174,0.326086956521739,2.43560145251469,16836.6721895387,260.604347826087,,100.0,2330.0,460.0,0.267679451524144,,4.6309
Sierra Leone,2000,40.5850651149903,6.78858409531726,55.0141620912989,143.743743239644,61.2858270989194,3.03497083220683,0.3,2526.0,72180.0,0.735356397856175,202.626337201351,8.4821
Sierra Leone,2001,40.3117622610141,9.44195067885841,45.7908920894816,358.315716051546,65.0140759213078,6.55318123016343,0.3,2526.0,72180.0,,75.6757135902494,8.4821
Sierra Leone,2002,40.038459407038,12.6084788029925,46.8536780758378,388.995111216836,68.8755195344971,6.4513495307338,0.3,2526.0,72180.0,0.78839807900967,73.0558804541651,8.4821
Sierra Leone,2003,39.7651565530618,17.1331393737878,46.9023173495907,413.817607346927,71.7329869770019,4.78659405360703,0.4,2526.0,72180.0,,74.7733332700498,8.4821
Sierra Leone,2004,39.4918536990856,19.9186755333888,49.1070997045261,417.749983329227,74.199459684123,4.14987351553168,0.4,2526.0,72180.0,,81.8635060122218,8.4821
Sierra Leone,2005,39.2185508451094,20.3937378775284,50.1028757149925,462.633324427945,76.2221113881962,3.50535503914596,0.4,2526.0,72180.0,,75.249561515338,8.4821
Sierra Leone,2006,38.9452479911333,23.412025491826,27.5403133675948,580.26796974773,77.9227763923524,3.07624958228152,0.4,2526.0,72180.0,,54.6815421542596,8.4821
Sierra Leone,2007,38.6719451371571,17.7849819894708,28.3984316094981,631.889926264998,79.65297866445,3.11174558035671,0.3,2526.0,72180.0,,18.273620722402,8.4821
Sierra Leone,2008,38.3986422831809,19.0112219451372,28.9974768705335,705.359014080005,81.6669714602383,3.4529563504353,0.3,2526.0,72180.0,,17.5440453021133,8.4821
Sierra Leone,2009,38.1253394292048,20.2406483790524,30.4719745904755,652.845806767943,83.8964533111665,3.68402442323883,0.3,2526.0,72180.0,,22.6433092732854,8.4821
Sierra Leone,2010,37.8520365752286,21.8949847603214,30.542621858137,685.039673490948,86.2110556940981,3.7413902895405,0.3,2526.0,72180.0,,22.0976274453058,8.4821
Sierra Leone,2011,37.5787475755057,22.8959545580493,31.5846615609542,761.146365577281,88.4905929620393,3.65364754265154,0.2,2526.0,72180.0,,22.6211203104743,8.4821
Sierra Leone,2012,37.3054585757828,20.3886118038238,30.6570937162864,937.504428180231,90.7603214186755,3.59534718936525,0.2,2526.0,72180.0,,22.4038471121465,8.4821
Sierra Leone,2013,37.0321695760599,21.9402881684677,30.1232322468759,1117.47183075115,93.0181629260183,3.53401051171368,0.2,2526.0,72180.0,,19.807672602076,8.4821
Sierra Leone,2014,36.7588805763369,21.9451371571072,31.9043952976079,1117.7586465721,95.2671792740371,3.47508947100445,0.1,2526.0,72180.0,0.0188162430590641,19.6194520524364,8.4821
Sierra Leone,2015,36.485591576614,21.9451371571072,34.3025554909897,964.575980888989,97.5014546965918,3.40268207799514,0.1,2526.0,72180.0,0.731767482423114,23.3391838239619,8.4821
Sierra Leone,2016,36.2122471598781,21.9451371571072,32.5776913387757,844.416411175476,99.8244389027431,3.48255460179657,0.1,2526.0,72180.0,1.22169151924181,27.1271641031085,8.4821
Sierra Leone,2017,35.9389027431422,21.9451371571072,33.3320506947837,779.186007841728,102.234677195899,3.54630874641835,0.1,2526.0,72180.0,14.0414829071637,31.7565767199893,8.4821
Sierra Leone,2018,35.6655583264062,21.9451371571072,34.9852345791337,845.914540460932,104.662829038515,3.51625356318864,0.0,2526.0,72180.0,9.4328913027291,28.9998131303477,8.4821
Sierra Leone,2019,35.3922139096703,21.9451371571072,34.547180986475,843.712517809977,107.120961485176,3.50104449063537,0.0,2526.0,72180.0,,29.9000056256083,8.4821
Sierra Leone,2020,35.1188694929343,21.9451371571072,35.12938571555,845.277557920549,109.622582432807,3.49831252762627,0.0,2526.0,72180.0,,32.9305757433431,8.4821
Sierra Leone,2021,34.8455250761984,21.9451371571072,33.6443430993994,885.396401885395,112.144666112497,3.47439057205295,0.0,2526.0,72180.0,,35.6443712586542,8.4821
Sierra Leone,2022,34.5721806594625,21.9451371571072,33.7568526675948,860.371067916096,114.66898032696,3.43529012572599,0.0,2526.0,72180.0,,34.0264597502258,8.4821
Singapore,2000,25.3932835820895,1.49253731343284,0.092131732680321,23852.8389514753,6011.77164179105,1.73204223254257,100.0,2497.0,670.0,0.458126636361186,,1.28941
Singapore,2001,25.5016417910448,1.49253731343284,0.0823566559095407,21699.7414868907,6176.13731343284,2.6973558432636,100.0,2497.0,670.0,0.431952747633191,,1.28941
Singapore,2002,25.4204444444444,1.48148148148148,0.0710328000140014,22159.8373710639,6186.59259259259,0.912639805776796,100.0,2497.0,675.0,0.402588131954838,,1.28941
Singapore,2003,25.0822416302766,0.873362445414847,0.0611340723110266,23730.3840054566,5989.55749636099,-1.4745328419194,100.0,2497.0,687.0,0.35151043388491,,1.28941
Singapore,2004,25.1149492017417,1.01596516690856,0.0556489896262466,27608.080013423,6047.40783744557,1.2519166730553,100.0,2497.0,689.0,0.345780831779701,,1.28941
Singapore,2005,25.2204644412192,0.957910014513788,0.0550481142142599,29961.3172812732,6191.23657474601,2.35051128857175,100.0,2497.0,689.0,0.322083678952222,,1.28941
Singapore,2006,25.1435158501441,0.936599423631124,0.0488654244516825,33768.4528234651,6342.02449567723,3.1293891560754,100.0,2497.0,694.0,0.314588359572478,,1.28941
Singapore,2007,25.2119424460432,1.00719424460432,0.0428679973714474,39432.8860198877,6602.30071942446,4.16600286360931,100.0,2497.0,695.0,0.284885688743034,,1.28941
Singapore,2008,25.1357142857143,0.857142857142857,0.0414321884664469,40008.5720489092,6913.42285714286,5.32151708302625,100.0,2497.0,700.0,0.283182689755662,,1.28941
Singapore,2009,25.2395714285714,0.857142857142857,0.0406877612701381,38926.8054365453,7125.10428571429,3.01594991475788,100.0,2497.0,700.0,0.229431153367573,,1.28941
Singapore,2010,25.2712250712251,0.911680911680912,0.0361489888834213,47236.683084953,7231.81196581197,1.77183287926401,100.0,2497.0,702.0,0.286488675631578,,1.28941
Singapore,2011,24.8389204545455,0.894886363636364,0.0346076007512354,53891.4570264372,7363.19318181818,2.08490245606007,100.0,2497.0,704.0,0.311358766270911,,1.28941
Singapore,2012,24.4090651558074,0.892351274787535,0.033272726533169,55547.5553077786,7524.69830028329,2.4533903303102,100.0,2497.0,706.0,0.253370483252891,,1.28941
Singapore,2013,24.015558698727,0.806223479490806,0.0343752167938134,56967.4257940383,7636.72135785007,1.61930809858873,100.0,2497.0,707.0,0.294831376209862,,1.28941
Singapore,2014,23.5898448519041,0.78984485190409,0.0345408510735362,57564.8023114977,7714.7023977433,1.29844017799226,100.0,2497.0,709.0,0.321845622014603,,1.28941
Singapore,2015,23.2318758815233,0.78984485190409,0.0326135138026483,55645.6068614606,7806.77291960508,1.18637693749822,100.0,2497.0,709.0,0.425875587402058,,1.28941
Singapore,2016,22.9696755994358,0.78984485190409,0.0315212894381262,57005.5887176547,7908.72073342736,1.29743609938602,100.0,2497.0,709.0,0.541761964869171,,1.28941
Singapore,2017,22.626404494382,0.786516853932584,0.0307635837552264,61236.251270627,7882.37780898876,0.0885954699924485,100.0,2497.0,712.0,0.566703449966183,,1.28941
Singapore,2018,22.3109243697479,0.784313725490196,0.0301171482363284,66881.6067035265,7897.30532212885,0.469704298714121,100.0,2497.0,714.0,0.581057711281164,,1.28941
Singapore,2019,21.9972067039106,0.782122905027933,0.0322521301996085,65952.0378959293,7965.87849162011,1.14428330688929,100.0,2497.0,716.0,0.504720571355496,,1.28941
Singapore,2020,21.6852367688022,0.779944289693593,0.0328172521186951,61410.0792630788,7918.95125348189,-0.311904961250821,100.0,2497.0,718.0,0.434305974936824,,1.28941
Singapore,2021,21.4345403899721,0.779944289693593,0.0305513686655138,80056.1288247844,7595.49582172702,-4.17033630017526,100.0,2497.0,718.0,0.356110043122411,,1.28941
Singapore,2022,21.1838440111421,0.779944289693593,0.0259773163736464,90299.0694637269,7851.00557103064,3.30862052439523,100.0,2497.0,718.0,0.373095975103105,,1.28941
Slovak Republic,2000,39.5303534303534,31.7671517671518,1.58662671347368,5421.6448441887,112.031600831601,-0.333010976801324,100.0,824.0,48100.0,2.1839688103444,,48.1484
Slovak Republic,2001,39.564656964657,29.97920997921,1.9852549303455,5712.47802761654,111.826756756757,-0.377540572231472,100.0,824.0,48100.0,2.07184350727407,,48.1484
Slovak Republic,2002,39.5989604989605,29.3139293139293,1.9090155227557,6554.62808369461,111.786112266112,-0.24951454700324,100.0,824.0,48100.0,1.90436550940279,,48.1484
Slovak Republic,2003,39.6250259821243,29.3701933070048,1.67051880193861,8675.39633696465,111.689336936188,-0.314924771903284,100.0,824.0,48110.0,1.57252911485796,,48.1484
Slovak Republic,2004,39.6675675675676,28.960498960499,1.50647353218952,10650.1290097126,111.689812889813,-0.297399132324784,100.0,824.0,48100.0,1.52656516005107,,48.1484
Slovak Republic,2005,39.7018711018711,28.9189189189189,1.47125970663954,11641.5410321763,111.700769230769,-0.288210345411247,100.0,824.0,48100.0,1.77828336895622,,48.1484
Slovak Republic,2006,39.7361746361746,28.6486486486486,1.69161295680886,13167.8954730379,111.705904365904,-0.307266922151052,100.0,824.0,48100.0,1.30593700504133,,48.1484
Slovak Republic,2007,39.7704781704782,28.6278586278586,2.13456038332977,16110.4817265237,111.738503118503,-0.289326048315074,100.0,824.0,48100.0,1.0748269735322,,48.1484
Slovak Republic,2008,39.8047817047817,28.7318087318087,2.36047432017713,18744.3192278346,111.834365904366,-0.232173427903046,100.0,824.0,48100.0,0.951326498805694,,48.1484
Slovak Republic,2009,39.8473695154918,28.7377833229362,1.90942987698677,16586.7527805228,112.006778956124,-0.176723463677131,100.0,824.0,48090.0,1.24634492434689,,48.1484
Slovak Republic,2010,39.8808508868603,28.9451248674388,1.4985946805378,16899.448680529,112.108876920838,-0.201337917101142,100.0,824.0,48091.0,1.29470563197376,,48.1484
Slovak Republic,2011,39.8993095990684,28.9302944601564,1.79373080653758,18469.4354316836,112.260522375645,-0.143278440121142,100.0,824.0,48088.0,1.05540657270988,,48.1484
Slovak Republic,2012,39.9152803194144,28.9531691898187,1.79463304702131,17516.9691054078,112.451734320413,-0.0879668527626074,100.0,824.0,48088.0,1.06234663160582,,48.1484
Slovak Republic,2013,39.9312510397604,28.3147562801531,2.07432555568651,18312.7805149823,112.572637664282,-0.147227174761791,100.0,824.0,48088.0,0.993383828726673,,48.1484
Slovak Republic,2014,39.9538685524126,28.2695507487521,2.6149279736894,18770.9289896545,112.700686356073,-0.153526984107411,100.0,824.0,48080.0,0.956456931302477,,48.1484
Slovak Republic,2015,39.9681793602596,28.0770350650971,2.04596984034113,16442.0760860018,112.803148787488,-0.151264565140252,100.0,824.0,48082.0,0.917709855886173,,48.1484
Slovak Republic,2016,40.0035357737105,28.0158069883527,2.06264218897129,16636.0769133073,112.953369384359,-0.112939183747614,100.0,824.0,48080.0,0.86579098847955,,48.1484
Slovak Republic,2017,40.05615640599,27.932612312812,1.84814166887456,17645.5298716761,113.128785357737,-0.0820276118766918,100.0,824.0,48080.0,0.839803258578254,,48.1484
Slovak Republic,2018,40.05615640599,28.0366056572379,2.00932916157168,19573.3717031314,113.285586522463,-0.0939018587082026,100.0,824.0,48080.0,0.872419961992272,,48.1484
Slovak Republic,2019,40.05615640599,28.0574043261231,1.6170097133415,19406.0589683582,113.43899750416,-0.0920661602068446,100.0,824.0,48080.0,0.81435495882142,,48.1484
Slovak Republic,2020,40.05615640599,27.9950083194676,1.72917824309886,19735.4858280801,113.536335274542,-0.136452192519956,100.0,824.0,48080.0,0.828066260757279,,48.1484
Slovak Republic,2021,40.05615640599,27.5790349417637,1.87136287988656,22123.3342114545,113.295486688852,-0.321426792975625,100.0,824.0,48080.0,0.986199760784551,,48.1484
Slovak Republic,2022,40.05615640599,27.5166389351082,1.930396226685,21317.7943982363,112.973211314476,-0.284625106800357,100.0,824.0,48080.0,0.934840295753587,,48.1484
Slovenia,2000,61.2214498510427,8.58987090367428,3.00267671439981,10135.7219109212,98.7549652432969,0.483745880722465,100.0,1162.0,20140.0,1.55551229564947,,46.0546
Slovenia,2001,61.2909632571996,8.58987090367428,2.72189257546866,10375.6255869861,98.9106256206554,0.280267576377183,100.0,1162.0,20140.0,1.37721653653792,,46.0546
Slovenia,2002,61.3604766633565,8.3416087388282,2.89427967530958,11639.1297780477,99.0332671300894,0.152874932744228,100.0,1162.0,20140.0,1.25354517899805,,46.0546
Slovenia,2003,61.4299900695134,8.58987090367428,2.21614657272353,14711.674874253,99.0929990069513,0.0227087154063224,100.0,1162.0,20140.0,1.19171104277902,,46.0546
Slovenia,2004,61.4995034756703,8.73882820258193,2.40213653237473,17103.8297783905,99.156504468719,-0.0205363543558786,100.0,1162.0,20140.0,1.08032617779523,,46.0546
Slovenia,2005,61.5690168818272,8.73882820258193,2.42413132120213,17969.7095907161,99.3284011916584,0.0475826164608358,100.0,1162.0,20140.0,1.15919888556341,,46.0546
Slovenia,2006,61.6385302879841,8.83813306852036,2.09205852541218,19563.005059144,99.6458788480636,0.15798554986834,100.0,1162.0,20140.0,1.12100700800453,,46.0546
Slovenia,2007,61.708043694141,8.68917576961271,2.03283295611526,23725.1596001515,100.204667328699,0.368156081840451,100.0,1162.0,20140.0,1.53251110309961,,46.0546
Slovenia,2008,61.7585450357884,9.10395012458925,1.75871456280572,27461.9764165315,100.332370372576,-0.0575487019304227,100.0,1162.0,20146.2,1.59612872954393,,46.0546
Slovenia,2009,61.829264660624,9.14582692174051,1.76138111297772,24501.7897290425,101.245371243634,0.669284547449647,100.0,1162.0,20145.8,1.89315968408384,,46.0546
Slovenia,2010,61.8975290625527,9.16252196443994,1.81942536718625,23329.8417691156,101.685826607499,0.187955503652498,100.0,1162.0,20146.2,1.89153348395267,,46.0546
Slovenia,2011,61.9080710811079,9.15069989079718,2.04087230966772,24940.6284841605,101.898292465005,-0.138202608666205,100.0,1162.0,20146.0,1.7928393953627,,46.0546
Slovenia,2012,61.9189206629703,9.1185712087443,1.82601354087255,22442.1417859955,102.114049151928,-0.159980278171107,100.0,1162.0,20145.7,1.97420243037221,,46.0546
Slovenia,2013,61.9463753723932,9.1837140019861,1.8307708216806,23236.9655321695,102.281678252234,0.706313592344915,100.0,1162.0,20140.0,2.13747309587847,,46.0546
Slovenia,2014,61.9563058589871,9.13803376365442,1.82135489758977,24013.0682060959,102.382323733863,1.95289384273537,100.0,1162.0,20140.0,2.22152285551209,,46.0546
Slovenia,2015,61.9582377647374,9.14678343411476,1.97361186480213,20697.2748530619,102.446109241111,5.19410633160764,100.0,1162.0,20142.6,2.16718607678942,,46.0546
Slovenia,2016,61.8592989772614,9.14804885314269,1.85129615497703,21447.8377796036,102.52417833383,0.0472201728292508,100.0,1162.0,20142.0,2.16817722960234,,46.0546
Slovenia,2017,61.7699782998396,9.1369096389431,1.69303673263207,23303.077705959,102.610871929328,3.00002448886577,100.0,1162.0,20138.1,1.92259773260728,,46.0546
Slovenia,2018,61.674380723466,9.02743290757037,1.99134296260198,25888.0481065655,102.992292564709,0.265245183478896,100.0,1162.0,20136.4,1.93015471757213,,46.0546
Slovenia,2019,61.5730716513379,8.90576269839693,1.77040651705792,25814.1687167572,103.711934605987,1.16804966210413,100.0,1162.0,20136.4,1.59417690565633,,46.0546
Slovenia,2020,61.4722591923085,8.89434059712759,1.89729714128329,25392.0651093612,104.408881428657,0.547177432077788,100.0,1162.0,20136.4,1.42041174069454,,46.0546
Slovenia,2021,61.3711140025029,8.88987107923959,1.51147755118796,29192.8401933019,104.689964442502,0.124706220617074,100.0,1162.0,20136.4,1.51262597617373,,46.0546
Slovenia,2022,61.2701922885918,8.89185753163425,1.62480238565618,28360.3041467268,104.888460698039,0.249374658336782,100.0,1162.0,20136.4,1.41057635417194,,46.0546
Solomon Islands,2000,90.6609503394069,0.500178635226867,34.4059283600331,953.17190137706,15.7366559485531,4.0591420389651,3.4,3028.0,27990.0,,37.5825381988853,9.42676
Solomon Islands,2001,90.6347981421936,0.535905680600214,23.901188129806,911.791935385411,16.0459092533048,3.89246578386724,3.3,3028.0,27990.0,,40.0450333440917,9.42676
Solomon Islands,2002,90.6086459449804,0.535905680600214,30.0235634042157,756.890296490792,16.3512325830654,3.98400603640839,3.2,3028.0,27990.0,46.5551605741093,53.3303060372882,9.42676
Solomon Islands,2003,90.5824937477671,0.571632725973562,35.8267834161723,895.984242546501,16.6543051089675,4.07079611104741,3.2,3028.0,27990.0,51.7794680535217,43.75267746723,9.42676
Solomon Islands,2004,90.5563415505538,0.60735977134691,35.5410591975308,986.070953503889,16.9564487316899,4.15231261016615,3.0,3028.0,27990.0,59.7627485479151,38.2047481294201,9.42676
Solomon Islands,2005,90.5301893533405,0.643086816720257,31.2455081849074,1144.49233397681,17.2590210789568,4.22697093261703,2.9,3028.0,27990.0,83.4815667601898,30.1882368211333,9.42676
Solomon Islands,2006,90.5040371561272,0.60735977134691,30.6960544230665,1255.62447417684,17.5632011432655,4.29241551896621,2.8,3028.0,27990.0,69.1558463226689,28.9052901325578,9.42676
Solomon Islands,2007,90.4778849589139,0.643086816720257,30.8166654351873,1390.14870956707,17.8690961057521,4.34793583818825,2.6,3028.0,27990.0,67.2953125398539,26.9511388099347,9.42676
Solomon Islands,2008,90.4517327617006,0.678813862093605,31.5381809451863,1525.84666261203,18.1775634155055,4.39206667086861,2.4,3028.0,27990.0,54.8212576157544,23.1657590626806,9.42676
Solomon Islands,2009,90.4255805644873,0.678813862093605,30.4318172056714,1554.70671006386,18.5116470167917,4.54917408061821,2.2,3028.0,27990.0,60.7665846541945,23.002217203778,9.42676
Solomon Islands,2010,90.399428367274,0.714540907466953,32.4643241866501,1685.14535823757,19.0413719185423,5.62383310224247,2.1,3028.0,27990.0,60.2386764317477,27.0135365745914,9.42676
Solomon Islands,2011,90.3732761700607,0.714540907466953,32.8222866783226,1924.05795643133,19.7550911039657,6.66200751063264,2.0,3028.0,27990.0,50.4346915818485,26.0092463285008,9.42676
Solomon Islands,2012,90.3471239728474,0.785994998213648,33.3378663398999,2066.25738638356,20.4932475884244,6.81299163271394,1.9,3028.0,27990.0,44.4339941731421,20.2249196824666,9.42676
Solomon Islands,2013,90.3209717756341,0.785994998213648,33.6180256890014,2161.38627543917,21.2556270096463,6.92731953606464,1.7,3028.0,27990.0,52.1521723005894,15.8150933188393,9.42676
Solomon Islands,2014,90.2948195784209,0.821722043586995,34.7578946941231,2164.95289873002,22.0403001071811,6.99946585215072,1.7,3028.0,27990.0,61.7345087169341,14.202644727771,9.42676
Solomon Islands,2015,90.2686673812076,0.821722043586995,33.2230637955979,2045.47721526649,22.8444087173991,7.03037616272345,1.5,3028.0,27990.0,38.790699359148,16.1611693966709,9.42676
Solomon Islands,2016,90.242586638085,0.821722043586995,34.4468092378433,2082.62383124213,23.6648445873526,7.0235063637779,1.4,3028.0,27990.0,68.239170993155,19.7388826152978,9.42676
Solomon Islands,2017,90.2165058949625,0.821722043586995,33.2802068846606,2143.57670489272,24.497034655234,6.97754099979295,1.3,3028.0,27990.0,65.6232904886111,22.40219027726,9.42676
Solomon Islands,2018,90.1904251518399,0.821722043586995,33.9685258669257,2278.19908624102,25.3340836012862,6.88871455056124,1.3,3028.0,27990.0,73.2897342325011,19.8609933517187,9.42676
Solomon Islands,2019,90.1643444087174,0.821722043586995,32.6714892678456,2223.65890942466,26.014540907467,6.31125709209336,1.2,3028.0,27990.0,,19.0295414493182,9.42676
Solomon Islands,2020,90.1382636655948,0.821722043586995,34.1195269463158,2063.32780991967,26.5987138263666,4.96043314432042,1.1,3028.0,27990.0,,20.5207798207263,9.42676
Solomon Islands,2021,90.1121829224723,0.821722043586995,34.4855549167345,2043.44413170658,27.2451232583065,4.71498991991128,1.0,3028.0,27990.0,,29.1164554184841,9.42676
Solomon Islands,2022,90.0861021793498,0.821722043586995,31.9698482307204,1877.78104490956,27.9051804215791,4.67597473193667,0.9,3028.0,27990.0,,30.3157419260252,9.42676
"Somalia, Fed. Rep.",2000,11.9791500621672,1.66257531800937,,386.119274401275,14.089190869385,5.3203948169309,0.3,282.0,627340.0,,74.3277137258373,2.07515
"Somalia, Fed. Rep.",2001,11.8568081104345,1.66576338189817,,244.914842538455,14.6626916823413,5.35140307573523,0.3,282.0,627340.0,,112.330559979701,2.07515
"Somalia, Fed. Rep.",2002,11.7344661587018,1.69604998884178,,229.598918310039,15.2231054930341,5.15644507478285,0.3,282.0,627340.0,,121.400373915172,2.07515
"Somalia, Fed. Rep.",2003,11.6121242069691,1.72633659578538,,286.273025198975,15.7955128000765,5.10735863543154,0.3,282.0,627340.0,,99.2907282879702,2.07515
"Somalia, Fed. Rep.",2004,11.4897822552364,1.80125609717219,,375.410326225387,16.3882392323142,5.09555499505899,0.3,282.0,627340.0,,73.230241968413,2.07515
"Somalia, Fed. Rep.",2005,11.3674403035037,1.75343513884018,,439.979907805478,16.9672394554787,4.90732325182871,0.3,282.0,627340.0,,58.0120504832482,2.07515
"Somalia, Fed. Rep.",2006,11.245098351771,1.67373354162017,,457.996662206659,17.4953007938279,4.55004400905228,0.4,282.0,627340.0,,55.7938752945596,2.07515
"Somalia, Fed. Rep.",2007,11.1227564000383,1.59403194440017,,479.635628065289,18.0485574010903,4.67337830251643,0.3,282.0,627340.0,,53.5622339659984,2.07515
"Somalia, Fed. Rep.",2008,11.0004144483055,1.75343513884018,,507.03744334738,18.5913284662225,4.62079234116725,0.4,282.0,627340.0,,49.068843225582,2.07515
"Somalia, Fed. Rep.",2009,10.8780724965728,1.75343513884018,,246.513251675105,19.0665364873912,4.30077395177791,0.4,282.0,627340.0,,100.949078354276,2.07515
"Somalia, Fed. Rep.",2010,10.7557305448401,1.75343513884018,,219.202453852397,19.5456307584404,4.39664848613677,0.4,282.0,627340.0,,110.242347630463,2.07515
"Somalia, Fed. Rep.",2011,10.6333885931074,1.59403194440017,,235.325945610434,19.6844294959671,2.77767895000315,0.4,282.0,627340.0,,102.033543095271,2.07515
"Somalia, Fed. Rep.",2012,10.5110466413747,1.59403194440017,,350.261946720512,19.8634871042816,3.14521815361626,0.4,282.0,627340.0,,67.3687213629642,2.07515
"Somalia, Fed. Rep.",2013,10.388704689642,1.75343513884018,,393.398703952979,20.5145439474607,5.64655106192206,0.4,282.0,627340.0,,58.417132359056,2.07515
"Somalia, Fed. Rep.",2014,10.2663627379093,1.75343513884018,,429.431656725102,21.2635747760385,6.19879002173791,0.4,282.0,627340.0,,49.7936798453941,2.07515
"Somalia, Fed. Rep.",2015,10.1440207861766,1.75343513884018,,445.583080073396,22.0087400771511,6.94838996215944,0.4,282.0,627340.0,,45.2495379770867,2.07515
"Somalia, Fed. Rep.",2016,10.0216788344438,1.75343513884018,,460.928490585175,22.8723499218924,8.48431400189763,0.5,282.0,627340.0,,41.6905357744833,2.07515
"Somalia, Fed. Rep.",2017,9.89933688271113,1.75343513884018,,510.939952317726,23.7775831287659,9.01714107055024,0.5,282.0,627340.0,,37.4050831874032,2.07515
"Somalia, Fed. Rep.",2018,9.77699493097842,1.75343513884018,,509.497273804534,24.6317578984283,8.73952874616474,0.4,282.0,627340.0,,67.7767660919484,2.07515
"Somalia, Fed. Rep.",2019,9.6546529792457,1.75343513884018,,539.954816211694,25.5538798737527,5.02332250549881,0.4,282.0,627340.0,,62.3503074480711,2.07515
"Somalia, Fed. Rep.",2020,9.53231102751299,1.75343513884018,,518.16113333875,26.5425303663085,5.03563898684214,0.4,282.0,627340.0,,53.4531991684809,2.07515
"Somalia, Fed. Rep.",2021,9.40996907578028,1.75343513884018,,549.056994756254,27.5312127395033,4.83552720152968,0.4,282.0,627340.0,,43.8741204568577,2.07515
"Somalia, Fed. Rep.",2022,9.28762712404757,1.75343513884018,,573.141165798229,28.3767924889215,4.1433803756959,0.4,282.0,627340.0,,40.3125376815559,2.07515
South Africa,2000,14.6552110725503,11.3857998994304,2.61474799327768,3217.84693448467,38.8756967743531,2.37958049360922,30.2,495.0,1213090.0,3.94873119407818,17.9488438094943,25.746
South Africa,2001,14.6252050548599,11.2811085739723,2.8124516945524,2847.15191945908,39.2112703921391,2.17054019783816,32.3,495.0,1213090.0,3.28863000858621,19.5001299531834,25.746
South Africa,2002,14.5951990371695,11.2934736911523,2.95697182549084,2688.23676032806,39.584379559637,2.11719451581064,34.8,495.0,1213090.0,3.81364694092104,27.7913348185499,25.746
South Africa,2003,14.5651930194792,11.2110395766184,2.65397752870021,4062.21755993786,39.9808324196886,2.20313387477921,37.6,495.0,1213090.0,3.4773793674138,20.8478699394955,25.746
South Africa,2004,14.5351870017888,10.9637372330165,2.411716114862,5221.46333731721,40.3856440989539,2.24231194345346,40.0,495.0,1213090.0,2.85923004601134,17.5007436072345,25.746
South Africa,2005,14.5051809840985,10.8606945898491,2.08511798972012,5836.87663325127,40.796670486114,2.23432772818096,43.1,495.0,1213090.0,2.67122895873046,15.8826881733744,25.746
South Africa,2006,14.4751749664081,10.3866984312788,2.05097651238464,6077.38293388876,41.2156369271859,2.19076196352699,45.7,495.0,1213090.0,2.32086922698058,19.3982301233549,25.746
South Africa,2007,14.4451689487177,10.3866984312788,2.35591400504256,6591.85535960564,41.6527908069476,2.13370315008132,48.9,495.0,1213090.0,2.12378622536027,22.5208680963182,25.746
South Africa,2008,14.4151629310274,10.5515666603467,2.57248876696489,6184.75474328399,42.1358670832337,2.10508046433246,51.5,495.0,1213090.0,2.1737724018505,24.1807678702619,25.746
South Africa,2009,14.385156913337,10.4361588999992,2.39949613487755,6374.70560042992,42.6419441261572,1.98402740142049,54.0,495.0,1213090.0,2.25052644767206,26.1150557499132,25.746
South Africa,2010,14.3551508956467,10.331467574541,2.10778749314158,7973.47195771517,43.1493549530538,1.77644102111011,56.0,495.0,1213090.0,2.06077937571967,28.1821106821805,25.746
South Africa,2011,14.3251448779563,9.91929700187126,2.04389308620297,8646.05571071635,43.6861279872062,1.58810792630001,57.8,495.0,1213090.0,1.94226716672153,27.7434703939165,25.746
South Africa,2012,14.2951388602659,9.89209374407505,1.97670959546361,8076.97678479741,44.3351828800831,1.65129324023432,59.6,495.0,1213090.0,1.78439785723306,34.9384853404741,25.746
South Africa,2013,14.2651328425756,9.89209374407505,1.92684924597199,7331.65467384919,45.0739771987239,1.79667637726867,61.2,495.0,1213090.0,1.94875523467369,36.2098641892608,25.746
South Africa,2014,14.2351268248852,9.89209374407505,2.12574854869936,6856.73137092522,45.8291124318888,1.79272657639382,62.25,495.0,1213090.0,2.04944763760664,40.169798601073,25.746
South Africa,2015,14.2051208071948,9.89209374407505,2.23397839045912,6112.27382485974,46.7595454582925,2.12766676013557,63.4,495.0,1213090.0,2.30211936789369,37.711086621978,25.746
South Africa,2016,14.1751147895045,9.89209374407505,2.41418607394576,5651.20585165749,47.2014038529705,1.04403234165514,64.5,495.0,1213090.0,2.46511366044381,45.6902115131597,25.746
South Africa,2017,14.1451087718141,9.89209374407505,2.49379863849766,6618.33508255701,47.5110354549127,0.742317413298805,65.35,495.0,1213090.0,2.36887108719339,47.1927189929926,25.746
South Africa,2018,14.1151027541238,9.89209374407505,2.2607038266992,6914.1780318076,48.3171083761304,1.7550496718782,66.4,495.0,1213090.0,2.32244449751101,45.7412901934993,25.746
South Africa,2019,14.0850967364334,9.89209374407505,1.9503211452698,6533.71121032856,49.1207453692636,1.70568579598025,67.2,495.0,1213090.0,1.88348772152023,50.2481328155576,25.746
South Africa,2020,14.055090718743,9.89209374407505,2.57866122238783,5580.60383075189,49.9240625180325,1.6609247061112,68.2,495.0,1213090.0,2.00656351163888,52.7841323729174,25.746
South Africa,2021,14.0250847010527,9.89209374407505,2.45787199667371,6828.75624590017,50.6991261983859,1.56117901568083,68.7,495.0,1213090.0,1.7040126485303,41.0418957615734,25.746
South Africa,2022,13.9950786833623,9.89209374407505,2.60577484985618,6534.24867783397,51.4210899438624,1.45537677352059,69.4,495.0,1213090.0,1.93400964084344,43.0995184381018,25.746
South Sudan,2000,,,,,,5.87408985368194,0.1,,,,,4.85
South Sudan,2001,,,,,,5.79541033179039,0.1,,,,,4.85
South Sudan,2002,,,,,,5.6426951217891,0.1,,,,,4.85
South Sudan,2003,,,,,,5.55392621081632,0.1,,,,,4.85
South Sudan,2004,,,,,,5.51631795909323,0.1,,,,,4.85
South Sudan,2005,,,,,,5.48921140124183,0.1,,,,,4.85
South Sudan,2006,,,,,,5.44668853112263,0.0,,,,,4.85
South Sudan,2007,,,,,,5.32031623502286,0.0,,,,,4.85
South Sudan,2008,,,4.19544282441311,1654.21153546555,,5.17057314838136,0.0,,,,,4.85
South Sudan,2009,,,5.22004160956288,1323.22068747862,,6.25322629660286,0.0,,,,,4.85
South Sudan,2010,,,5.29379348275505,1498.27034985194,,6.68159147094712,0.0,,,,,4.85
South Sudan,2011,,,4.67693681681883,1448.98435006408,,6.80764063569239,0.0,,,,,4.85
South Sudan,2012,11.3256215087114,4.20728957321222,6.17613217428162,1109.26050083408,17.0212523539,5.84816154168047,0.0,900.0,631930.0,,,4.85
South Sudan,2013,11.3256215087114,4.14037156014115,9.635809346303,1650.18943353528,17.6701137784248,5.1439036595208,0.0,900.0,631930.0,,,4.85
South Sudan,2014,11.3256215087114,4.07503600082288,7.59650844428456,1242.73450181032,17.7789834317092,2.02066544861271,0.0,900.0,631930.0,,,4.85
South Sudan,2015,11.3256215087114,4.01603025651575,10.3550274477245,1080.14718624765,17.5772015887836,0.268542615222738,0.0,900.0,631930.0,,,4.85
South Sudan,2016,11.3256215087114,3.96018941971421,,,17.1381355529885,-1.1165126094413,0.0,900.0,631930.0,,,4.85
South Sudan,2017,11.3256215087114,3.90434858291266,,,16.234636747741,-3.99994474319557,0.0,900.0,631930.0,,,4.85
South Sudan,2018,11.3256215087114,3.79266690930958,,,16.0191429430475,0.0822314011650619,0.0,900.0,631930.0,,,4.85
South Sudan,2019,11.3256215087114,3.789502001804,,,16.4945231275616,4.34515152173449,0.0,900.0,631930.0,,,4.85
South Sudan,2020,11.3256215087114,3.789502001804,,,16.9298292532401,4.02752942560842,0.0,900.0,631930.0,,,4.85
South Sudan,2021,11.3256215087114,3.789502001804,,,17.1945943379805,2.97618035682215,0.0,900.0,631930.0,,,4.85
South Sudan,2022,11.3256215087114,3.789502001804,,,17.4405029038026,2.84575091838396,0.0,900.0,631930.0,,,4.85
Spain,2000,34.256372745491,26.8537074148297,3.7443114170073,14743.2671031455,81.2983246492986,0.620575499168624,100.0,636.0,499000.0,1.33969487637302,,40.4167
Spain,2001,34.5805002808313,26.2055684827088,3.67425723081839,15368.2337984435,81.9433763941266,0.891644440407828,100.0,636.0,498520.0,1.2663535133009,,40.4167
Spain,2002,34.8353077909586,25.8676659185636,3.48212189760772,17111.0685058941,83.0225192369349,1.64521608132802,100.0,636.0,499040.0,1.21203305645834,,40.4167
Spain,2003,35.114186414535,26.0751988141263,3.42077756723389,21522.0170990262,84.5088139260031,2.09032213500936,100.0,636.0,499210.0,1.18039361290935,,40.4167
Spain,2004,35.4070555711367,26.0927921791738,3.11780935959045,24925.0267844576,85.9848050803317,2.04515940347168,100.0,636.0,499180.0,1.12688521085895,,40.4167
Spain,2005,35.7042517381635,25.8730890220201,2.75836581828682,26450.9530130382,87.4654972049129,2.0340441315603,100.0,636.0,499090.0,1.1588404296393,,40.4167
Spain,2006,36.002998116157,25.4920036875225,2.40075384884813,28421.686527407,88.9761493446631,2.04737058878604,100.0,636.0,498980.0,1.14143806541095,,40.4167
Spain,2007,36.2844202680772,25.2168860571818,2.4946614560374,32652.015594702,90.6149005229308,2.20791670377737,100.0,636.0,499110.0,1.17629941697481,,40.4167
Spain,2008,36.5979510825982,25.0360866078589,2.35367195478016,35603.248328071,92.1293223736969,1.93964780583209,100.0,636.0,498800.0,1.13948434625707,,40.4167
Spain,2009,36.8992880920868,25.0611639193037,2.24960158062983,32279.8208476151,92.9750651746681,1.20536847774198,100.0,636.0,498660.0,1.02619533176589,,40.4167
Spain,2010,37.089938201236,25.0554988900222,2.41740898393438,30658.7422282912,93.1519309613808,0.743336144037304,100.0,636.0,500010.0,1.21299244635585,,40.4167
Spain,2011,37.1019204609106,24.8639673521645,2.3625185975353,31824.6219134777,93.5078358806114,0.586344690751714,100.0,636.0,499880.0,1.24836697279348,,40.4167
Spain,2012,37.0797784930329,25.1294456328342,2.39776671776239,28456.4438151477,93.5068371284061,0.255570003702746,100.0,636.0,500210.0,1.2699113027937,,40.4167
Spain,2013,37.0821135123248,24.3517722556526,2.60946207875576,29228.846559842,93.169262909578,-0.183959209085648,100.0,636.0,500210.0,1.25559996660319,,40.4167
Spain,2014,37.0844485316167,24.5456908098599,2.52697678134345,29707.765509467,92.8824553687451,-0.138977335776509,100.0,636.0,500210.0,1.16539290550096,,40.4167
Spain,2015,37.1275324670126,24.5731005621812,2.72327046339292,25982.4416197775,92.907597351004,0.0761470636066789,100.0,636.0,499661.0,1.02884984890404,,40.4167
Spain,2016,37.142868581403,24.6958948202833,2.81522075003094,26755.6061149398,92.9973717081295,0.223572706593592,100.0,636.0,499564.0,1.05920582760564,,40.4167
Spain,2017,37.1522339173654,24.529740774323,2.80344676690393,28381.3425596906,93.2268622784207,0.375011440683515,100.0,636.0,499547.35,1.06457646470017,,40.4167
Spain,2018,37.1566467814769,23.7873681820378,2.70128254621885,30602.4212881113,93.638281089712,0.566879348329503,100.0,636.0,499603.479,1.04159730800368,,40.4167
Spain,2019,37.1677215644695,23.6449621650246,2.51980122994951,29786.5245689007,94.3181087826492,0.813398442437862,100.0,636.0,499570.036,1.03045204675432,,40.4167
Spain,2020,37.1773054885498,23.2994560606836,2.78468031745976,27233.9426461608,94.802910688937,0.586068440110494,100.0,636.0,499556.645,1.06003193437396,,40.4167
Spain,2021,37.1727521093233,23.112437562789,2.76824927112995,30799.4775937775,94.9382927184248,0.289728913503661,100.0,636.0,499733.244,1.10425240006226,,40.4167
Spain,2022,37.1827922798055,23.3945131872425,2.36964000049424,30319.4987196616,95.626963633201,0.932021198321377,100.0,636.0,499713.681,1.05101121563021,,40.4167
Sri Lanka,2000,34.546643278584,14.3581565938447,19.9273150418722,860.199884304769,307.655142720459,0.977754120438553,10.1,1712.0,62710.0,1.57620003268973,57.7533288076129,6.92148
Sri Lanka,2001,34.4464997608037,14.3629405198533,20.0666052033611,803.544026627385,312.55560516664,1.26695925776299,10.7,1712.0,62710.0,1.60222135023377,57.8751303065509,6.92148
Sri Lanka,2002,34.3463562430234,14.6770849944188,14.2793225360883,834.936014905338,315.830840376336,1.29483208712039,11.2,1712.0,62710.0,1.66594880626496,62.1603882135227,6.92148
Sri Lanka,2003,34.2462127252432,15.1490990272684,13.230514884212,946.382255128072,318.1553340775,1.51648118507654,11.9,1712.0,62710.0,2.04210023168054,57.3262074199874,6.92148
Sri Lanka,2004,34.1460692074629,14.3517780258332,12.5438041438828,1028.62068132555,320.325386700686,1.94395419204096,12.4,1712.0,62710.0,2.20160765089858,56.7045793171603,6.92148
Sri Lanka,2005,34.0459256896827,17.5410620315739,11.8194768226447,1207.21994764165,322.381183224366,2.33037410519253,12.7,1712.0,62710.0,2.05066414232902,46.8753052051031,6.92148
Sri Lanka,2006,33.9457821719024,16.7437410301387,11.3362802346632,1388.89739119932,324.548094402807,2.72968297164999,13.0,1712.0,62710.0,2.66937437985716,42.4995102864864,6.92148
Sri Lanka,2007,33.8456386541221,15.9464200287036,11.6831643328505,1578.63451125392,326.782730027109,3.05727215385538,13.2,1712.0,62710.0,2.28976275338309,44.2579988597844,6.92148
Sri Lanka,2008,33.7454951363419,19.1357040344443,13.379200767591,1973.58476901287,328.964726518896,3.29121764712928,13.6,1712.0,62710.0,3.07038384412653,41.0645558757827,6.92148
Sri Lanka,2009,33.6453516185616,19.1357040344443,12.691971303497,2026.65939950702,330.990830808484,3.44031503551668,13.9,1712.0,62710.0,3.23313410274936,46.9067288289757,6.92148
Sri Lanka,2010,33.5452081007814,19.1357040344443,9.04833700762336,2808.36244503709,332.946723010684,3.56549669365583,14.3,1712.0,62710.0,3.94970268515192,37.3743097647659,6.92148
Sri Lanka,2011,33.625578057726,20.7303460373146,9.5331593503241,3224.95745150496,335.019103811194,3.70037598430375,15.0,1712.0,62710.0,4.0230588744639,38.4422070940857,6.92148
Sri Lanka,2012,33.7059480146707,20.7303460373146,7.91028886852632,3327.77613691283,337.577069047999,3.38849879593792,15.85,1712.0,62710.0,3.32521532463401,51.6165842309571,6.92148
Sri Lanka,2013,33.7863179716154,20.7303460373146,7.92460411652105,3739.43181100202,328.257056290863,-1.87010791587877,16.4,1712.0,62710.0,2.62270902072592,52.2481960961188,6.92148
Sri Lanka,2014,33.86668792856,20.7303460373146,8.08070792331863,3972.04375736464,331.334715356403,1.92151846149998,17.4,1712.0,62710.0,2.62939128175423,52.3589316985507,6.92148
Sri Lanka,2015,34.3951658507424,21.0039907582441,8.21693887941642,4057.7158346231,338.810527846445,1.88673728324595,18.2,1712.0,61893.0,2.48209036781079,52.8797914705966,6.92148
Sri Lanka,2016,34.3441099962839,21.1655599179229,7.26171847779131,4149.19190775593,342.672030762768,2.07852539042592,19.1,1712.0,61893.0,2.65803495737241,54.3824177664107,6.92148
Sri Lanka,2017,34.2930541418254,21.3303604607952,7.4306787795994,4398.88828068715,346.614318258931,2.06716658294475,20.3,1712.0,61893.0,2.62378604645506,55.1482519976375,6.92148
Sri Lanka,2018,34.2580499159447,22.1712142764774,7.59206395115246,4358.56095906047,350.284495021337,1.90747071619883,21.2,1712.0,61864.0,,57.4892865658485,6.92148
Sri Lanka,2019,34.2067102490331,22.1706061653805,7.2562467000326,4081.94772722003,352.431694638296,1.49046087067776,22.2,1712.0,61864.47,2.49306106604591,64.8548435072259,6.92148
Sri Lanka,2020,34.1580989330747,22.1791141286777,8.25132326058186,3847.60137695639,354.332363401229,1.38644327243949,23.3,1712.0,61860.0,3.35227054907553,69.3131980107832,6.92148
Sri Lanka,2021,34.1070158422244,22.1791141286777,8.78994016463402,3996.96240014909,358.163595215002,1.90830472835626,24.3,1712.0,61860.0,3.02293399671474,67.8564357341891,6.92148
Sri Lanka,2022,34.0559327513741,22.1791141286777,8.44795287007937,3342.63650253855,358.567733591982,0.922343015691205,25.3,1712.0,61860.0,2.81302231544728,81.2809065665702,6.92148
St. Kitts and Nevis,2000,42.3076923076923,26.9230769230769,1.54557603038402,9319.65545093525,174.030769230769,0.880764501290842,100.0,1427.0,260.0,0.0182708806899073,,17.3
St. Kitts and Nevis,2001,42.3076923076923,26.9230769230769,1.73631881012044,10022.5919235637,176.003846153846,0.61195174327853,100.0,1427.0,260.0,0.00936620341627802,,17.3
St. Kitts and Nevis,2002,42.3076923076923,26.9230769230769,1.78559043163971,10453.6587064313,177.0,0.0737191334528356,100.0,1427.0,260.0,0.013442946703113,,17.3
St. Kitts and Nevis,2003,42.3076923076923,26.9230769230769,1.78005018226578,10175.6295449989,177.6,-0.140783719160052,100.0,1427.0,260.0,0.739969127675311,,17.3
St. Kitts and Nevis,2004,42.3076923076923,26.9230769230769,1.78207404484777,10944.6183741768,178.134615384615,-0.174578705455626,100.0,1427.0,260.0,1.99629200529581,,17.3
St. Kitts and Nevis,2005,42.3076923076923,15.2692307692308,1.66096991437951,11783.7867154145,178.603846153846,-0.195082635613767,100.0,1427.0,260.0,0.0579794211958115,,17.3
St. Kitts and Nevis,2006,42.3076923076923,15.3076923076923,1.18856039358131,13837.8495311219,179.111538461538,-0.168480681428013,100.0,1427.0,260.0,0.029623986544463,,17.3
St. Kitts and Nevis,2007,42.3076923076923,15.3461538461538,1.15524939953897,14757.9579751035,179.638461538462,-0.148498171061848,100.0,1427.0,260.0,0.0292858762636221,,17.3
St. Kitts and Nevis,2008,42.3076923076923,15.3846153846154,1.22394357477247,16604.9448615905,180.134615384615,-0.14871901612145,100.0,1427.0,260.0,0.0135856637120948,,17.3
St. Kitts and Nevis,2009,42.3076923076923,15.3846153846154,1.12219809235891,16503.4119292794,180.446153846154,-0.243836479523615,100.0,1427.0,260.0,0.0315068318703285,,17.3
St. Kitts and Nevis,2010,42.3076923076923,17.3076923076923,1.26846576046116,16622.9457908577,180.176923076923,-0.550815713804449,100.0,1427.0,260.0,0.0361831639291439,,17.3
St. Kitts and Nevis,2011,42.3076923076923,19.2307692307692,1.33469179826796,17832.4572919975,180.330769230769,-0.252620214227957,100.0,1427.0,260.0,0.0331894632869515,,17.3
St. Kitts and Nevis,2012,42.3076923076923,19.2307692307692,1.16601837961175,17532.0559008608,180.896153846154,0.327600620590072,100.0,1427.0,260.0,0.0280489136717378,,17.3
St. Kitts and Nevis,2013,42.3076923076923,19.2307692307692,1.08373424583277,18580.1301949935,181.034615384615,0.108962146438523,100.0,1427.0,260.0,0.0394134927677318,,17.3
St. Kitts and Nevis,2014,42.3076923076923,19.2307692307692,0.937876842883261,20219.3954237956,181.111538461538,0.0884444048537452,100.0,1427.0,260.0,0.090115960605573,,17.3
St. Kitts and Nevis,2015,42.3076923076923,19.2307692307692,0.848520023215322,20328.8003530109,181.103846153846,0.0679809679477701,100.0,1427.0,260.0,0.0545626944473019,,17.3
St. Kitts and Nevis,2016,42.3076923076923,19.2307692307692,0.789799919806063,21387.5415511103,181.057692307692,0.0679347852214409,100.0,1427.0,260.0,0.0494276919726861,,17.3
St. Kitts and Nevis,2017,42.3076923076923,19.2307692307692,0.902993860903204,22464.9899633959,180.961538461538,0.0678886652007737,100.0,1427.0,260.0,0.121580900262997,,17.3
St. Kitts and Nevis,2018,42.3076923076923,19.2307692307692,0.916165522176504,22901.3816403197,180.8,0.0474946577438976,100.0,1427.0,260.0,,,17.3
St. Kitts and Nevis,2019,42.3076923076923,19.2307692307692,0.899635933284524,23595.4923231291,180.584615384615,0.0474721110268122,100.0,1427.0,260.0,,,17.3
St. Kitts and Nevis,2020,42.3076923076923,19.2307692307692,1.12671217092169,18859.0190361046,180.269230769231,0.0135593220546667,100.0,1427.0,260.0,,,17.3
St. Kitts and Nevis,2021,42.3076923076923,19.2307692307692,1.23971220042445,18361.1449697886,179.857692307692,-0.0135593220546714,100.0,1427.0,260.0,,,17.3
St. Kitts and Nevis,2022,42.3076923076923,19.2307692307692,1.18610039775686,21011.5744209816,179.65,0.12196776142717,100.0,1427.0,260.0,,,17.3
St. Lucia,2000,34.4426229508197,3.27868852459016,,5879.56191426207,260.026229508197,0.104173753108214,95.9,2301.0,610.0,0.101782574686013,25.5648122961486,14.0
St. Lucia,2001,34.4032786885246,3.27868852459016,,5570.45247098106,262.683606557377,-0.201651799931404,96.1,2301.0,610.0,0.0970086970412297,30.5749566895284,14.0
St. Lucia,2002,34.3639344262295,3.27868852459016,,5567.89428424719,264.985245901639,-1.25067244009662,96.4,2301.0,610.0,0.290725729522833,33.9524836021099,14.0
St. Lucia,2003,34.3245901639344,3.27868852459016,,6058.60622059326,267.173770491803,-2.67657013229721,96.3,2301.0,610.0,0.261225435177083,36.1719322582185,14.0
St. Lucia,2004,34.2852459016393,3.27868852459016,,6494.60034867886,269.244262295082,-3.81296189473656,96.4,2301.0,610.0,0.351462860606616,36.3558580820767,14.0
St. Lucia,2005,34.2459016393443,3.60655737704918,,6863.43641919345,271.229508196721,-4.65748630045959,96.6,2301.0,610.0,0.342582270732825,39.7712967737143,14.0
St. Lucia,2006,34.2065573770492,3.77049180327869,2.98042746454348,7611.17856675319,273.17868852459,-5.14419440408624,96.6,2301.0,610.0,0.999446667731391,30.9513783346563,14.0
St. Lucia,2007,34.1672131147541,4.37704918032787,2.91458779159669,7964.38211480117,275.013114754098,-5.24362874882032,96.5,2301.0,610.0,0.297310372011331,37.9316581118115,14.0
St. Lucia,2008,34.127868852459,4.37704918032787,3.58977133209373,8516.96075488787,276.734426229508,-4.81395085433287,96.7,2301.0,610.0,0.267604042991167,61.3440076757652,14.0
St. Lucia,2009,34.0885245901639,4.37704918032787,3.64863368192877,8250.52180732734,278.473770491803,-3.69910817905561,96.6,2301.0,610.0,0.194107133498123,32.3527651548467,14.0
St. Lucia,2010,34.0491803278688,4.37704918032787,2.69060872867551,8673.68720340529,280.173770491803,-1.8879413616399,96.4,2301.0,610.0,0.213110124197178,40.5310581379449,14.0
St. Lucia,2011,34.0491803278688,4.37704918032787,2.34543994710244,9128.99442011613,281.640983606557,0.315567177839393,96.4,2301.0,610.0,0.237985774270443,29.4366681321022,14.0
St. Lucia,2012,34.0491803278688,4.37704918032787,2.36885770168429,9260.30006551714,282.929508196721,1.23995702074478,96.1,2301.0,610.0,0.281290007569888,27.7283173611782,14.0
St. Lucia,2013,34.0491803278688,4.37704918032787,2.62387744085513,9577.21733754358,284.211475409836,2.0848523317254,96.0,2301.0,610.0,0.433239649537699,30.6756885750178,14.0
St. Lucia,2014,34.0491803278688,4.37704918032787,2.21690522571356,10044.8218377677,285.472131147541,2.87193063396943,95.6,2301.0,610.0,0.411092362067052,32.6811091783269,14.0
St. Lucia,2015,34.0491803278688,4.37704918032787,2.15259095649537,10334.9860823918,286.729508196721,3.63200493739292,95.3,2301.0,610.0,0.184602026043519,31.9758602206883,14.0
St. Lucia,2016,34.0491803278688,4.37704918032787,2.07707722588586,10638.1269396653,287.944262295082,4.32031422581189,94.7,2301.0,610.0,0.143534662167738,30.9277967295805,14.0
St. Lucia,2017,34.0491803278688,4.37704918032787,1.56172395644149,11333.1123822102,289.085245901639,4.93851763704147,94.3,2301.0,610.0,0.141768136730611,33.0566560930955,14.0
St. Lucia,2018,34.0491803278688,4.37704918032787,1.62887405698184,11642.6984727769,290.191803278688,5.49272832258364,93.9,2301.0,610.0,0.244766927904796,31.4243884410508,14.0
St. Lucia,2019,34.0491803278688,4.37704918032787,1.7304677212091,11794.0597229805,291.247540983607,5.96863796826045,93.1,2301.0,610.0,0.238393275592498,32.4288194290613,14.0
St. Lucia,2020,34.0491803278688,4.37704918032787,1.98095868617899,8411.07474936367,292.213114754098,6.35166198479078,92.7,2301.0,610.0,2.66732588966629,50.1298285485496,14.0
St. Lucia,2021,34.0491803278688,4.37704918032787,1.71440472884516,10459.1321248092,292.659016393443,6.51455823945375,92.3,2301.0,610.0,,49.4979622938264,14.0
St. Lucia,2022,34.0491803278688,4.37704918032787,1.51833975460569,13103.8243147472,293.083606557377,5.9949641577817,91.7,2301.0,610.0,,42.4693356100406,14.0
St. Vincent and the Grenadines,2000,73.1794871794872,5.12820512820513,8.46640148381463,3768.95536604022,291.141025641026,0.434522562154739,98.3,1583.0,390.0,0.209100325661497,47.7228556689626,13.2035
St. Vincent and the Grenadines,2001,73.1794871794872,5.12820512820513,6.84747690216531,4071.08601098962,291.028205128205,0.221449309057144,98.2,1583.0,390.0,0.128389505738078,43.7727214316332,13.2035
St. Vincent and the Grenadines,2002,73.1794871794872,5.12820512820513,6.98621312195398,4303.27976789727,290.633333333333,0.117384683041001,98.1,1583.0,390.0,0.0479116840280997,37.3538349841863,13.2035
St. Vincent and the Grenadines,2003,73.1794871794872,5.12820512820513,6.10487656500833,4499.61454193342,290.105128205128,0.0723185958711542,98.1,1583.0,390.0,0.0798440909936416,41.065325399713,13.2035
St. Vincent and the Grenadines,2004,73.1794871794872,5.12820512820513,5.85289384167699,4873.48947742443,289.320512820513,-0.0156320222293055,98.0,1583.0,390.0,0.0898367650208135,43.9412079707238,13.2035
St. Vincent and the Grenadines,2005,73.1794871794872,5.12820512820513,6.59730508835995,5157.39373878102,288.333333333333,-0.0860198289634969,97.8,1583.0,390.0,0.0805508714019147,45.8786895425718,13.2035
St. Vincent and the Grenadines,2006,73.1794871794872,5.12820512820513,6.14814293404524,5744.8278621257,287.215384615385,-0.131127026059342,97.8,1583.0,390.0,0.125786398189685,39.8334227127295,13.2035
St. Vincent and the Grenadines,2007,73.1794871794872,5.12820512820513,5.95899436916071,6398.19123532172,285.976923076923,-0.174449987888452,97.8,1583.0,390.0,0.152613728536874,29.662637044836,13.2035
St. Vincent and the Grenadines,2008,73.1794871794872,5.12820512820513,6.0359091751918,6598.90531450859,284.687179487179,-0.190478118249321,97.6,1583.0,390.0,0.0979070647527163,32.5335607282402,13.2035
St. Vincent and the Grenadines,2009,73.1794871794872,5.12820512820513,6.34514264594716,6463.78777336717,283.353846153846,-0.208567062993511,97.5,1583.0,390.0,0.0622952634229345,35.0479224772418,13.2035
St. Vincent and the Grenadines,2010,73.1794871794872,5.12820512820513,6.26506875121356,6551.96835992405,281.946153846154,-0.236639826461053,97.5,1583.0,390.0,0.029413677950305,41.9505430959613,13.2035
St. Vincent and the Grenadines,2011,73.1794871794872,5.12820512820513,6.33056361856909,6527.68996854448,280.382051282051,-0.292629123719834,97.4,1583.0,390.0,0.0208359115411087,43.5872673623893,13.2035
St. Vincent and the Grenadines,2012,73.1794871794872,5.12820512820513,6.15236356773518,6713.80768643865,278.810256410256,-0.297459913544301,97.1,1583.0,390.0,0.038905126152283,40.1852157698969,13.2035
St. Vincent and the Grenadines,2013,73.1794871794872,5.12820512820513,6.54391422693896,7072.46737188939,277.269230769231,-0.284404682509448,97.0,1583.0,390.0,0.0720470085789222,42.0415206130744,13.2035
St. Vincent and the Grenadines,2014,73.1794871794872,5.12820512820513,6.55414786949357,7168.82875342911,275.730769230769,-0.285215850291261,96.8,1583.0,390.0,0.0286057900285102,48.3668107122273,13.2035
St. Vincent and the Grenadines,2015,73.1794871794872,5.12820512820513,6.26030041907991,7353.73556054184,274.25641025641,-0.264000153331365,96.4,1583.0,390.0,0.0374144102214026,48.4265361491577,13.2035
St. Vincent and the Grenadines,2016,73.1794871794872,5.12820512820513,6.75105293320355,7656.90042881178,272.689743589744,-0.300848619381355,96.3,1583.0,390.0,0.0434802341174853,44.811479543064,13.2035
St. Vincent and the Grenadines,2017,73.1794871794872,5.12820512820513,6.76902554291306,7988.04445019298,270.930769230769,-0.376329923622582,96.1,1583.0,390.0,0.0297317739865241,42.3303637779955,13.2035
St. Vincent and the Grenadines,2018,73.1794871794872,5.12820512820513,7.10938187118093,8428.12677153069,269.041025641026,-0.4263364812129,95.7,1583.0,390.0,0.0946669787542899,37.4053165618246,13.2035
St. Vincent and the Grenadines,2019,73.1794871794872,5.12820512820513,7.00321360289631,8740.59425232061,267.094871794872,-0.45256751589319,95.3,1583.0,390.0,0.0568781255058046,37.4744770619092,13.2035
St. Vincent and the Grenadines,2020,73.1794871794872,5.12820512820513,8.64273688810065,8351.20324040982,265.451282051282,-0.344346642608358,95.2,1583.0,390.0,1.39015198888831,52.7249795073108,13.2035
St. Vincent and the Grenadines,2021,73.1794871794872,5.12820512820513,5.2074867781098,8641.27904024443,263.694871794872,-0.388556492045861,94.5,1583.0,390.0,0.646161802354567,65.532967595027,13.2035
St. Vincent and the Grenadines,2022,73.1794871794872,5.12820512820513,4.63941650660287,9693.55867833025,261.65641025641,-0.5012129961845,94.5,1583.0,390.0,0.338780509956337,63.8018630118326,13.2035
Sudan,2000,,,40.6821739143403,362.116882324219,,2.61239544476986,5.3,,,4.72096466769449,138.285856256582,15.5932
Sudan,2001,,,35.7807746157648,451.293304443359,,2.58570658197329,6.2,,,3.83114371892676,99.3410219764896,15.5932
Sudan,2002,,,37.662742261404,506.262634277344,,2.55192423013811,7.3,,,5.23576341372774,93.0824414530566,15.5932
Sudan,2003,,,38.416611009222,580.320251464844,,2.32922693880353,8.5,,,5.89525026401032,84.6877206320813,15.5932
Sudan,2004,,,34.0060768565709,705.113342285156,,2.24353215983513,10.0,,,4.17593808431899,72.0808502994976,15.5932
Sudan,2005,,,33.199920468691,905.543640136719,,2.32779644306611,11.7,,,4.77212160600359,52.2238011671343,15.5932
Sudan,2006,,,31.8201079594306,1132.474609375,,2.33892505775764,13.6,,,2.34153153033958,42.9579124009303,15.5932
Sudan,2007,,,35.6675143701418,1444.37219238281,,2.40093303698303,15.5,,,1.64183619096961,34.9845611933378,15.5932
Sudan,2008,,,36.1831633212385,1527.58239746094,,2.60795756268239,17.6,,,1.15555362860691,33.2964096450022,15.5932
Sudan,2009,,,33.5066805707755,1178.22180175781,,3.06673784875108,20.3,,,1.3981799131636,42.6432308815517,15.5932
Sudan,2010,,,31.8522211122842,1305.63598632813,,2.84443319477669,22.9,,,1.02146474774413,41.2309784294958,15.5932
Sudan,2011,,,27.8476934681736,1332.6572265625,,2.60512159961958,25.8,,,1.1639061827231,41.8849817755024,15.5932
Sudan,2012,10.5635299785867,10.6299571734475,33.774624171049,1019.22210693359,19.7661552462527,2.85807507300211,28.7,250.0,1868000.0,3.83263334490823,62.0028273281422,15.5932
Sudan,2013,10.4702494646681,10.6209635974304,29.6076364571032,1138.62780761719,20.2279705567452,3.16253432893222,32.0,250.0,1868000.0,0.58322035274893,56.487760867855,15.5932
Sudan,2014,10.3769689507495,10.6119700214133,32.6242708162674,1275.43835449219,20.7833608137045,3.708759578136,35.1,250.0,1868000.0,2.31610367749307,45.2388242895741,15.5932
Sudan,2015,10.2836884368308,10.7495074946467,31.5564513257888,1292.37963867188,21.4263549250535,4.01658140537589,38.2,250.0,1868000.0,0.936513244132192,42.8323529853489,15.5932
Sudan,2016,10.1971038543897,10.9127408993576,22.9775814159681,1033.21594238281,22.0877366167024,3.32349685003827,41.7,250.0,1868000.0,6.40336609615882,51.1473148369104,15.5932
Sudan,2017,10.1049411134904,11.0759743040685,21.2305403131037,966.505676269531,22.8663308351178,3.75353063948541,44.8,250.0,1868000.0,6.04407525289845,55.4341564956713,15.5932
Sudan,2018,10.0128479657388,11.2392933618844,21.9934731580502,731.027465820313,23.6780492505353,3.76448298669123,48.0,250.0,1868000.0,7.7666334349751,71.4394464809636,15.5932
Sudan,2019,9.92077087794432,11.2392933618844,20.1640153484443,709.975280761719,24.3833913276231,3.19887727909066,51.6,250.0,1868000.0,,74.3660545239152,15.5932
Sudan,2020,9.82869379014989,11.2392933618844,20.3208627544265,577.795227050781,25.0477682012848,2.93936647448266,54.7,250.0,1868000.0,,93.152816991005,15.5932
Sudan,2021,9.73608137044968,11.2392933618844,6.35709212800824,712.122009277344,25.7317580299786,2.93317038435042,57.8,250.0,1868000.0,,69.8676399582301,15.5932
Sudan,2022,9.64400428265525,11.2392933618844,5.03129266150122,1046.24084472656,26.4364807280514,2.92918678796511,60.7,250.0,1868000.0,,44.3585061389123,15.5932
Suriname,2000,95.5772128187567,0.355123348980151,9.5392456953923,1988.22172925433,2.96959751627976,2.09393794423669,55.2,2331.0,160507.61,0.0783227029798797,,5.8232
Suriname,2001,95.5516626283327,0.355123348980151,9.09486789950564,1714.64846637242,3.03138274876811,2.08549693225626,57.5,2331.0,160507.61,0.0936185561237201,,5.8232
Suriname,2002,95.5261124379087,0.28036053866854,6.70477450484455,2202.340682196,3.09362901858672,2.05224684043223,59.3,2331.0,160507.61,0.0685433202758587,,5.8232
Suriname,2003,95.5005622474847,0.342662880594883,6.47972387648306,2516.10404020956,3.15507781842867,1.97932185831967,61.6,2331.0,160507.61,0.0467943042687231,,5.8232
Suriname,2004,95.4750120570607,0.330202412209614,5.22488058560067,2887.7721728844,3.20186064698116,1.47669182624034,64.0,2331.0,160507.61,0.0406901805644874,,5.8232
Suriname,2005,95.4494618666367,0.305281475439077,4.91937130026536,3453.42865937765,3.23544160927946,1.026170615078,66.1,2331.0,160507.61,0.0293738213265149,,5.8232
Suriname,2006,95.4239116762128,0.305281475439077,9.99167360532889,5002.65798695759,3.27085426043039,1.0354546694732,67.9,2331.0,160507.61,0.0293523013705045,,5.8232
Suriname,2007,95.3983614857888,0.286590772861175,10.1476243642228,5530.17615638309,3.30835404003586,1.05988836681096,70.1,2331.0,160507.61,0.0278606196117186,,5.8232
Suriname,2008,95.3728112953648,0.292821007053809,8.92967622190142,6576.08546307249,3.34716216882178,1.06750576674643,71.9,2331.0,160507.61,0.0297514530683946,,5.8232
Suriname,2009,95.3472611049408,0.361353583172785,9.84207557811619,7129.5768626291,3.3865559396218,1.06231619581721,73.8,2331.0,160507.61,0.471284013877853,,5.8232
Suriname,2010,95.3217109145168,0.342662880594883,9.47219211206537,7943.60482816915,3.42614907791599,1.05388681114277,75.8,2331.0,160507.61,0.493834671149647,,5.8232
Suriname,2011,95.2616639173682,0.361353583172785,8.73235538333795,7949.88867218383,3.46568614410245,1.04750065040998,77.7,2331.0,160507.61,0.672755343166297,,5.8232
Suriname,2012,95.2016169202195,0.32397217801698,8.38505537300718,8851.24050668908,3.50533535450438,1.05567328497715,79.3,2331.0,160507.61,0.859119594575654,,5.8232
Suriname,2013,95.1415699230709,0.373814051558054,8.48595489076026,9043.19281529222,3.54512786029273,1.06108863008374,81.3,2331.0,160507.61,0.974118369533908,,5.8232
Suriname,2014,95.0815229259223,0.404965222521225,9.38475771944027,9108.18905406764,3.58470853811854,1.04469899646554,82.8,2331.0,160507.61,1.47939569110798,,5.8232
Suriname,2015,95.0214759287737,0.404965222521225,10.4081572411936,8813.61705392067,3.62367242275927,1.01779258659746,84.4,2331.0,160507.61,1.77850431166855,50.118614456154,5.8232
Suriname,2016,94.9507627706873,0.404965222521225,10.7661271900991,5644.2061057532,3.66186375836012,0.987475970125921,85.8,2331.0,160507.61,3.16661072640114,94.0048924623215,5.8232
Suriname,2017,94.9052820610811,0.386274519943322,10.9177598208742,6049.52128553675,3.69897103321145,0.950815503836035,87.3,2331.0,160507.61,2.90513634986161,97.8194437840169,5.8232
Suriname,2018,94.8290239945632,0.386274519943322,10.0324669859288,6665.74180472239,3.73510639152873,0.918635972496712,88.4,2331.0,160507.61,3.22674145620486,98.1010259179764,5.8232
Suriname,2019,94.7527036257035,0.386274519943322,8.59607814021171,6629.66775248603,3.77407650640365,0.989048728184593,89.5,2331.0,160507.61,3.35541492503986,108.97590105528,5.8232
Suriname,2020,94.6764455591856,0.373814051558054,8.1360284150591,4755.39221710693,3.81487831013121,1.03182791850901,90.5,2331.0,160507.61,4.17320012826363,158.856512570807,5.8232
Suriname,2021,94.6001457500987,0.361353583172785,9.67766403232661,5029.84838543953,3.84963678669192,0.872279367069452,91.5,2331.0,160507.61,3.24503472971199,152.48097804211,5.8232
Suriname,2022,94.5238739770656,0.311511709631712,7.29566179490095,6084.43876736445,3.88245766041872,0.717276410125369,92.3,2331.0,160507.61,3.109281044919,120.403535980358,5.8232
Sweden,2000,69.1388538853443,6.38116049086303,1.78476611555666,29632.5890811623,21.7806145583158,0.198893498491736,100.0,624.0,407339.7,4.73105529531507,,59.3327
Sweden,2001,69.1167593043349,6.57632928977951,1.79177126650442,27259.3174300217,21.8391676529442,0.319294115667657,100.0,624.0,407339.7,4.79899511152682,,59.3327
Sweden,2002,69.0946647233255,6.5166739210541,1.75199842361626,29957.7776664916,21.9103563929565,0.386713006495347,100.0,624.0,407339.7,4.76129092034675,,59.3327
Sweden,2003,69.0725701423161,6.48500502160727,1.71155063466856,37292.2419727801,21.9920351490414,0.444770995256101,100.0,624.0,407339.7,4.4844225085969,,59.3327
Sweden,2004,69.0504755613067,6.49507033073378,1.68061695988586,42758.0048564929,22.0786999155742,0.47835539179379,100.0,624.0,407339.7,4.18855234648668,,59.3327
Sweden,2005,69.0283809802973,6.59670540337708,1.1603186332537,43378.4077394363,22.1671788927031,0.498308734260474,100.0,624.0,407339.7,4.00310588346896,,59.3327
Sweden,2006,69.0062863992879,6.49457934004468,1.24032116770527,46531.3762240485,22.2922170365422,0.68727228130455,100.0,624.0,407339.7,3.95062345418445,,59.3327
Sweden,2007,68.9841918182784,6.45996449646327,1.43883024091711,53568.3057787832,22.4581399750626,0.90170246275023,100.0,624.0,407339.7,4.15548308461014,,59.3327
Sweden,2008,68.962097237269,6.41896677392358,1.259569565252,55817.1759726485,22.6337796193202,0.96923156272926,100.0,624.0,407339.7,3.72789199842564,,59.3327
Sweden,2009,68.9400026562596,6.45088116871496,1.13933399215134,46707.6425044751,22.8274214371936,1.06685248785247,100.0,624.0,407339.7,4.10875965717258,,59.3327
Sweden,2010,68.9179080752502,6.428541092361,1.36161648243538,52542.5759090299,23.0228627359425,1.08693368634056,100.0,624.0,407339.7,4.07989089105956,,59.3327
Sweden,2011,68.8722459411641,6.39294426740138,1.41167566441203,60379.4814599322,23.1973780115221,1.02102006784234,100.0,624.0,407339.7,3.60325894387313,,59.3327
Sweden,2012,68.826583807078,6.36765824691283,1.252545647128,57749.5615420853,23.3696200002111,1.04972189782459,100.0,624.0,407339.7,3.59364520116646,,59.3327
Sweden,2013,68.7809216729919,6.35494158806519,1.23062537056738,60843.9888799369,23.5684835040631,1.1969953090168,100.0,624.0,407339.7,3.84447987276202,,59.3327
Sweden,2014,68.7352595389057,6.33557200538028,1.25159385276156,59583.4584491714,23.8034986523533,1.37717820431422,100.0,624.0,407339.7,4.08446106530774,,59.3327
Sweden,2015,68.6944981353789,6.32242261090945,1.30311590626755,51188.1652120493,24.0582617728817,1.47334920683876,100.0,624.0,407310.64,4.10084911754827,,59.3327
Sweden,2016,68.6944981353789,6.29882882509526,1.2811871059035,51703.5088332851,24.362449750883,1.69896335342089,100.0,624.0,407310.64,3.81055392397941,,59.3327
Sweden,2017,68.6944981353789,6.27312362868792,1.32101626320131,53210.2233318965,24.6929419766692,1.61992094622639,100.0,624.0,407310.64,3.74182053305973,,59.3327
Sweden,2018,68.6944981353789,6.24091234149935,1.25008450476649,54018.4554391861,24.9814588688378,1.43222878427888,100.0,624.0,407310.64,3.9190461010915,,59.3327
Sweden,2019,68.6996660773915,6.23649577686113,1.25718377928626,51648.9892820514,25.2378879395011,1.28212451768993,100.0,624.0,407280.0,3.8272906824839,,59.3327
Sweden,2020,68.6996660773915,6.23404046356315,1.19622450679304,52568.5726980146,25.4209438224317,0.988642012430427,100.0,624.0,407280.0,4.05142955820421,,59.3327
Sweden,2021,68.6996660773915,6.22421921037124,1.15942751247748,60647.5416365347,25.5740792575133,0.863775743315115,100.0,624.0,407280.0,4.76735115565907,,59.3327
Sweden,2022,68.6996660773915,6.20703201728541,1.23876992958721,54836.8907235124,25.7487256923983,0.940742830784127,100.0,624.0,407280.0,4.34713742811392,,59.3327
Switzerland,2000,30.2649701705926,10.3239253548407,1.0538895108627,38865.021939688,181.771231711013,0.788960419597938,100.0,1537.0,39523.581,0.642346689159837,,46.948
Switzerland,2001,30.3634195933644,10.342633891296,0.920924113572322,39638.7911061864,182.930725796739,0.733484702944804,100.0,1537.0,39522.36,0.529427845738673,,46.948
Switzerland,2002,30.4618750992981,10.3133388944079,0.933658141892988,42458.7384679187,184.325482117304,0.815385027370858,100.0,1537.0,39521.139,0.460399962589527,,46.948
Switzerland,2003,30.5603374622472,10.2800570153019,0.836991886074435,49335.7456291067,185.703856614881,0.785956939728788,100.0,1537.0,39519.917,0.396720987731841,,46.948
Switzerland,2004,30.6588066903223,10.2679582478105,0.934999580301804,54659.4571488233,186.990617655533,0.720448910177642,100.0,1537.0,39518.694,0.396085104805229,,46.948
Switzerland,2005,30.7572827916362,10.2590651678865,0.818619332578622,56242.8933645639,188.198156410317,0.666404437076328,100.0,1537.0,39517.47,0.389055014173154,,46.948
Switzerland,2006,30.8557657743037,10.2782741629424,0.753298112550259,59011.0324592016,189.388794405946,0.649978814350276,100.0,1537.0,39516.245,0.369486823773958,,46.948
Switzerland,2007,30.9542548630875,10.2715246000129,0.773162582920631,64989.1553256031,191.094854564163,0.916544227871043,100.0,1537.0,39515.02,0.343095840147546,,46.948
Switzerland,2008,31.0522573251862,10.2618001093373,0.783533938641809,74175.1927898555,193.541360670795,1.29768909531756,100.0,1537.0,39514.422,0.306844033772144,,46.948
Switzerland,2009,31.1502627536125,10.2549907596896,0.722507576681507,71568.3123885672,195.977767173332,1.28461013390536,100.0,1537.0,39513.824,0.259525566132307,,46.948
Switzerland,2010,31.2482719393317,10.2180826799129,0.662940574514361,76531.3729407691,198.032658685794,1.0885075863757,100.0,1537.0,39513.225,0.303711742859894,,46.948
Switzerland,2011,31.3357558163813,10.2005698127986,0.676699830016967,90476.7589651577,200.249864435738,1.16880614347861,100.0,1537.0,39512.626,0.27731466768301,,46.948
Switzerland,2012,31.4232415506488,10.1998738207009,0.634586963665186,85836.2076767359,202.390548012367,1.19976938479998,100.0,1537.0,39512.028,0.188902786058948,,46.948
Switzerland,2013,31.5107315281037,10.1970928512126,0.662533713556518,87304.3305813557,204.734336607627,1.63663900845104,100.0,1537.0,39511.428,0.161561933464793,,46.948
Switzerland,2014,31.5982233630178,10.1096765142539,0.708877666889646,88724.9909402638,207.250751433234,2.06407361513105,100.0,1537.0,39510.829,0.194409607069691,,46.948
Switzerland,2015,31.6857178507946,10.0834340878299,0.62644626050893,83806.4476003837,209.626620751132,2.28801875626482,100.0,1537.0,39510.23,0.171210147684633,,46.948
Switzerland,2016,31.7732664163142,10.0910917161209,0.658010471667002,82153.0745447889,211.931572125581,2.49498706086045,100.0,1537.0,39509.63,0.158033862751014,,46.948
Switzerland,2017,31.8603337971021,10.0781505673427,0.631333510334041,82254.3769269767,213.918480127503,2.53743050638578,100.0,1537.0,39509.63,0.148877255304267,,46.948
Switzerland,2018,31.9474011778901,10.0770090734841,0.643750702339479,85217.3691512274,215.500094533915,2.49181868216515,100.0,1537.0,39509.63,0.157442571890915,,46.948
Switzerland,2019,32.034468558678,10.0935999653755,0.647745526895984,84121.9310304414,217.042781721823,2.5713770284745,100.0,1537.0,39509.63,0.141037383194095,,46.948
Switzerland,2020,32.1215359394659,10.1201023649171,0.705477633321729,85897.7843338323,218.63446962171,2.64636277763181,100.0,1537.0,39509.63,0.143807447162059,,46.948
Switzerland,2021,32.2086033202538,10.009321778007,0.627567424184859,93664.7736696111,220.31454103721,2.99801654408171,100.0,1537.0,39509.63,0.152557749617943,,46.948
Switzerland,2022,32.2956707010417,10.0380287033819,0.616379798814859,94394.5106803525,222.150599739861,1.68136719136955,100.0,1537.0,39509.63,0.145648893209889,,46.948
Syrian Arab Republic,2000,2.35107193383393,24.7143323539014,24.7339499437887,1138.1884854278,90.5315485907063,3.27130848500293,97.5,252.0,183780.0,4.62821118926814,,33.5146
Syrian Arab Republic,2001,2.38371966481663,25.2203721841332,25.2979441647297,1186.82913474027,92.7812493198389,3.23926252971792,97.6,252.0,183780.0,4.2925180539819,,33.5146
Syrian Arab Republic,2002,2.41636739579933,24.9918380672543,25.0050417158951,1183.2473451033,95.0502339754054,3.19778794217636,97.8,252.0,183780.0,3.43715751729352,,33.5146
Syrian Arab Republic,2003,2.45154964867368,25.1920039217822,24.6554759380094,1220.179077256,97.4415599978212,3.14997896281472,97.9,252.0,183590.0,3.02031796952372,,33.5146
Syrian Arab Republic,2004,2.48450182491693,25.9138203410143,22.4332637930177,1368.1148230028,99.8903687966443,3.21709801430925,98.1,252.0,183570.0,3.62468475151659,,33.5146
Syrian Arab Republic,2005,2.51718690417824,25.4671242577763,20.2931020061894,1533.90166536568,102.490009260772,3.17061397844263,98.0,252.0,183570.0,3.40896817728036,,33.5146
Syrian Arab Republic,2006,2.5490388280782,25.4315743614878,21.4567969026949,1718.78347217338,106.937983989544,4.72051145165918,97.9,252.0,183630.0,2.14629879923915,,33.5146
Syrian Arab Republic,2007,2.5815726421259,25.7895883249837,19.4588086724418,1937.61138578027,113.723181224134,6.57928939970074,97.8,252.0,183640.0,1.22173820771639,,33.5146
Syrian Arab Republic,2008,2.61424526247005,25.5881071661947,18.7564030293375,2429.12477087189,117.820540187323,4.08594724610225,97.7,252.0,183640.0,1.11809381206787,10.9209799782558,33.5146
Syrian Arab Republic,2009,2.6469178828142,25.430189501198,22.795011712993,2462.20193643202,119.674194075365,2.37027140004479,97.4,252.0,183640.0,1.34525067262344,11.1669398905858,33.5146
Syrian Arab Republic,2010,2.67973642650983,25.5241518270435,19.4389732007252,2730.61477118949,122.433267984534,3.47835881189303,97.2,252.0,183630.0,1.68177414196491,9.1913069653018,33.5146
Syrian Arab Republic,2011,2.71241082611774,25.3880084953439,20.646904744337,2952.14349372257,124.58801938681,6.62495176179717,96.85,252.0,183630.0,,7.90836038522254,33.5146
Syrian Arab Republic,2012,2.74508522572564,25.4043456951478,23.432298282026,1897.66115018696,123.943598540543,10.1864869993333,96.5,252.0,183630.0,,11.4414279165918,33.5146
Syrian Arab Republic,2013,2.77775962533355,25.3880084953439,25.1049303726417,985.892669227054,117.99225072156,6.63356206643399,96.1,252.0,183630.0,,23.3162725196197,33.5146
Syrian Arab Republic,2014,2.81043402494146,25.3825627620759,26.8601256184121,1060.59105886854,110.404939280074,-2.70398241221137,95.8,252.0,183630.0,,22.2854134120769,33.5146
Syrian Arab Republic,2015,2.84310842454937,25.4043456951478,33.1304622129369,847.731631942565,105.781288460491,-4.60377443417053,95.3,252.0,183630.0,,27.8870431007947,33.5146
Syrian Arab Republic,2016,2.84310842454937,25.4021674018407,34.1668728227147,656.3490586313,104.524500353973,-1.9889501945102,94.8,252.0,183630.0,,36.0051389653551,33.5146
Syrian Arab Republic,2017,2.84310842454937,25.4231334749224,40.6356075288157,851.502005254153,104.692414093558,-0.660432012557686,94.1,252.0,183630.0,,29.1823293373398,33.5146
Syrian Arab Republic,2018,2.84310842454937,25.3897674671895,39.0098811896256,1098.0668642357,106.615721831945,1.17669383547274,93.5,252.0,183630.0,,22.1336673786985,33.5146
Syrian Arab Republic,2019,2.84310842454937,25.367058759462,40.7410447915959,1109.53926036049,110.839917224854,3.56591766368194,92.8,252.0,183630.0,,21.1296434834058,33.5146
Syrian Arab Republic,2020,2.84310842454937,25.3804770462343,33.8826886677658,572.355289831901,114.629575777378,2.80173587524243,91.9,252.0,183630.0,,41.2551368690377,33.5146
Syrian Arab Republic,2021,2.84310842454937,24.6694140391004,40.1284575405316,663.614245706815,117.784888090181,2.16905024496172,91.2,252.0,183630.0,,36.3553681697964,33.5146
Syrian Arab Republic,2022,2.84267276588793,23.955780645864,43.0599878108777,1051.67149587463,122.323002777324,3.23115373657189,90.1,252.0,183630.0,,21.3077701970395,33.5146
Tajikistan,2000,2.92940840240069,5.60160045727351,25.1245312587452,136.925716400723,44.903793941126,1.07975091844687,20.6,691.0,139960.0,12.1510054221444,138.36241233672,38.5878
Tajikistan,2001,2.92940840240069,5.59445555873107,23.8084093923083,168.676285365186,45.780058588168,1.92882569058128,24.4,691.0,139960.0,,112.813187868421,38.5878
Tajikistan,2002,2.92940840240069,5.58016576164618,22.2320978875952,186.951638285222,46.6681123178051,1.91800490952148,28.65,691.0,139960.0,,106.29896032498,38.5878
Tajikistan,2003,2.92940840240069,5.58731066018863,24.1945646238501,233.58124845289,47.5748428122321,1.92233058194332,32.8,691.0,139960.0,,85.677772758842,38.5878
Tajikistan,2004,2.92940840240069,5.55873106601886,19.222350137013,305.745158587502,48.517769362675,1.96130709616573,37.1,691.0,139960.0,,57.7953347890355,38.5878
Tajikistan,2005,2.92940840240069,5.40868819662761,21.1916853994949,333.927150941684,49.4764218348099,1.95547834134167,40.95,691.0,139960.0,,41.9808178458617,38.5878
Tajikistan,2006,2.92940840240069,5.26579022577879,21.4510669294712,401.018403316427,50.425593026579,1.89890826953314,45.1,691.0,139960.0,,30.6534237525021,38.5878
Tajikistan,2007,2.92940840240069,5.33009431266076,19.4347255630877,516.997210618914,51.4038082309231,1.91912064659734,48.8,691.0,139960.0,,28.5112652355737,38.5878
Tajikistan,2008,2.92940840240069,5.29436981994856,19.8672841249223,703.327375898643,52.4321448985424,1.97722721494353,52.2,691.0,139960.0,,37.5536362491248,38.5878
Tajikistan,2009,2.92940840240069,5.36867676478994,18.5520032964103,664.795655734657,53.5169334095456,2.0425115736393,55.8,691.0,139960.0,,44.785263466694,38.5878
Tajikistan,2010,2.92940840240069,5.33652472134896,19.5866775137511,737.338883219356,54.6737710774507,2.13196331965188,58.9,691.0,139960.0,,51.0948811337161,38.5878
Tajikistan,2011,2.94627036296085,5.31008859674193,23.8355098416752,833.601978202852,55.9072949414118,2.04919188402493,61.7,691.0,139960.0,,47.1598032861208,38.5878
Tajikistan,2012,2.96313232352101,5.2772220634467,23.3268165616333,952.452819695469,57.2598170905973,2.12954032598335,64.2,691.0,139960.0,,47.4048674756188,38.5878
Tajikistan,2013,2.97999428408117,5.49728493855387,21.32088784652,1028.19704279396,58.7076593312375,2.79234822491599,66.9,691.0,139960.0,,43.7543042685222,38.5878
Tajikistan,2014,3.0222068508351,5.76571123888577,23.7737836738595,1081.54402932039,60.7089475883735,2.79269892785818,68.8,691.0,138786.0,16.6210806910361,45.3573000176201,38.5878
Tajikistan,2015,3.0391238561856,5.97161178759277,21.5905747207608,956.916310930656,62.2799913538439,2.23902133029357,70.9,691.0,138790.0,17.4979043479133,52.5018447634389,38.5878
Tajikistan,2016,3.0391238561856,6.16759132502342,20.8569765086156,788.710481734485,63.8780243533396,2.12867023399042,73.2,691.0,138790.0,14.7887481496137,64.1008259689526,38.5878
Tajikistan,2017,3.0391238561856,6.0371784710714,20.2832963188861,829.45714764957,65.4654225808776,2.07969283267712,74.7,691.0,138790.0,13.5075984593539,67.9150165150958,38.5878
Tajikistan,2018,3.0391238561856,6.0479861661503,19.7719647842925,834.288404578801,67.060544707832,2.25778191588409,76.5,691.0,138790.0,16.0072394224271,67.6998175368789,38.5878
Tajikistan,2019,3.0463289862382,6.08257079040277,20.8670733588,871.022372934846,68.6646444268319,1.96739384148484,78.3,691.0,138790.0,16.8240690364389,68.8669801750646,38.5878
Tajikistan,2020,3.0535341162908,6.0479861661503,22.6904308448361,834.311715460625,70.2450464730888,2.51431873780364,79.8,691.0,138790.0,19.4700364317406,72.6845862629147,38.5878
Tajikistan,2021,3.0607392463434,6.03789898407666,22.4490805460825,896.748053372182,71.8128683622739,2.23261236586738,81.05,691.0,138790.0,14.0488839762971,61.2573550692462,38.5878
Tajikistan,2022,3.06794437639599,6.04366308811874,22.9348537040845,1052.17949484894,73.3642337344189,2.12418551812488,82.6,691.0,138790.0,12.2476588280831,47.3124884939827,38.5878
Tanzania,2000,60.5893090991194,9.70873786407767,26.2172723620722,401.698150634766,38.6770591555656,4.53902099424793,0.2,1071.0,885800.0,11.0809825535247,54.3095587148451,6.17486
Tanzania,2001,60.1693497403477,9.62971325355611,25.8091623025794,396.638732910156,39.7361695642357,4.4961603877111,0.2,1071.0,885800.0,9.6337485728979,49.2446958069461,6.17486
Tanzania,2002,59.749390381576,9.70873786407767,25.1717362899073,402.649047851563,40.7781711447279,4.49256487059464,0.2,1071.0,885800.0,7.76932480083355,50.9741678990316,6.17486
Tanzania,2003,59.3294310228042,9.64100248363062,24.9192926509551,422.18359375,41.8712519756153,4.74848610694339,0.3,1071.0,885800.0,7.91221928173445,48.7014242494431,6.17486
Tanzania,2004,58.9094716640325,10.2699254910815,25.7058139887433,450.385284423828,43.022881011515,5.07889855144145,0.3,1071.0,885800.0,9.0187766212515,52.4006815339904,6.17486
Tanzania,2005,58.4895123052608,10.8988484985324,24.6488410843814,483.334869384766,44.2335470760894,5.32887971561333,0.3,1071.0,885800.0,10.1909682577347,46.626692069397,6.17486
Tanzania,2006,58.069552946489,11.5277715059833,23.6693107278646,475.746734619141,45.489841950779,5.46808506988817,0.3,1071.0,885800.0,6.97606550669403,22.0619724098478,6.17486
Tanzania,2007,57.6495935877173,12.1566945134342,23.245488236772,543.198303222656,46.7775028223075,5.50485226068867,0.3,1071.0,885800.0,6.78236806472672,23.3400355252746,6.17486
Tanzania,2008,57.2296342289456,12.7858433054866,24.7654938768997,675.977233886719,48.0590742831339,5.40112902994469,0.4,1071.0,885800.0,7.07875256134264,21.8189603943436,6.17486
Tanzania,2009,56.8096748701739,12.9906299390382,26.0351903601219,693.823547363281,49.2594061864981,5.09497136237819,0.4,1071.0,885800.0,7.12359372819702,26.6339075866294,6.17486
Tanzania,2010,56.3897155114021,13.1954165725897,25.582406886144,736.530151367188,50.5288868819147,5.0529399549445,0.4,1071.0,885800.0,5.59332302910884,28.4398441804615,6.17486
Tanzania,2011,55.9697538947844,13.4002032061413,24.9768644460885,775.392761230469,51.9636114247008,5.14415698651668,0.5,1071.0,885800.0,3.56465227047277,29.7815026646035,6.17486
Tanzania,2012,55.5497922781666,13.6049898396929,26.5509265207861,861.969909667969,53.4818920749605,5.01236870675833,0.6,1071.0,885800.0,5.70304650473069,30.8385908393605,6.17486
Tanzania,2013,55.1298306615489,13.8097764732445,26.7908679172376,963.05712890625,55.1186814179273,4.97778617806947,0.6,1071.0,885800.0,4.62845688382577,31.083374238378,6.17486
Tanzania,2014,54.7098690449311,14.0145631067961,25.8025774475571,1022.74841308594,56.8429803567397,4.96394591748451,0.8,1071.0,885800.0,2.84473119061576,33.1451206470393,6.17486
Tanzania,2015,54.2899074283134,14.2193497403477,26.745885729563,939.127319335938,58.7276608715286,5.07866064291693,0.9,1071.0,885800.0,3.36870104948161,39.2891880346749,6.17486
Tanzania,2016,53.7604425378189,14.4241363738993,27.4441425717754,953.0107421875,60.7631666290359,5.15937190855639,1.0,1071.0,885800.0,3.49484172722027,40.0079292679425,6.17486
Tanzania,2017,53.2309776473245,14.6289230074509,28.7534809528128,986.674011230469,62.8278279521337,5.0305164124357,1.2,1071.0,885800.0,3.75182992201369,41.3009336301928,6.17486
Tanzania,2018,52.70151275683,14.8337096410025,27.868599477377,1023.10626220703,64.842114472793,4.78345775460118,1.3,1071.0,885800.0,1.24805853466693,40.1480140958611,6.17486
Tanzania,2019,52.1720478663355,15.0384962745541,26.5943119516018,1063.32250976563,66.8038959132987,4.54852679259264,1.5,1071.0,885800.0,4.71381873473104,40.7439096992124,6.17486
Tanzania,2020,51.642582975841,15.2432829081057,25.254901665343,1117.41528320313,68.8335944908557,4.50255101559597,1.7,1071.0,885800.0,3.29941827209453,39.7693712686611,6.17486
Tanzania,2021,51.1131180853466,15.2432829081057,24.7884506158783,1159.85656738281,70.9306976744186,4.45351868596443,1.9,1071.0,885800.0,3.44441238615944,41.4860546069249,6.17486
Tanzania,2022,50.5836531948521,15.2432829081057,24.2569694569552,1207.52062988281,73.0546635809438,4.31939931544978,2.2,1071.0,885800.0,3.67640059187348,40.9318313478855,6.17486
Thailand,2000,37.1860870246041,34.5964884808863,8.49984812084058,2005.97694514234,123.329513202451,5.37019799578665,47.5,1622.0,510890.0,3.33664730236172,64.4309783460684,13.7308
Thailand,2001,37.3965041398344,34.7198026972538,8.57928745008654,1889.93432467144,124.58873925894,5.00415244369506,48.9,1622.0,510890.0,3.13875477169872,57.5518586664479,13.7308
Thailand,2002,37.6069212550647,34.8039695433459,8.6921781801026,2089.75183111554,125.793100275989,4.94504771097881,50.9,1622.0,510890.0,3.69344303062984,48.5586931205588,13.7308
Thailand,2003,37.817338370295,34.880306915383,9.44135495796228,2347.54001286066,126.970905674411,4.82812572112516,52.0,1622.0,510890.0,4.68343930686753,40.0207899387775,13.7308
Thailand,2004,38.0277554855253,35.0603848186498,9.29111013904814,2641.56268717857,128.1137759596,4.65897095213515,54.0,1622.0,510890.0,4.80461512375139,35.3219199713906,13.7308
Thailand,2005,38.2381726007555,35.1347648221731,9.19435528237181,2867.70383436062,129.220419268336,4.45022824443505,55.25,1622.0,510890.0,4.53682660681886,32.3646539880224,13.7308
Thailand,2006,38.4485897159858,35.1406369277144,9.40199346621521,3331.32043511773,130.297494568302,4.21365376919,56.8,1622.0,510890.0,5.25975529728967,29.3734719135804,13.7308
Thailand,2007,38.6590068312161,35.1249779796042,9.3476847010693,3918.52817434581,131.344113214195,3.9477661246727,58.1,1622.0,510890.0,4.73394157378711,24.8651595188882,13.7308
Thailand,2008,38.8694239464464,34.9155395486308,10.0724338253633,4309.13509292986,132.356926148486,3.65401247060574,59.6,1622.0,510890.0,4.75772187021576,23.7603550819429,13.7308
Thailand,2009,39.0798410616767,34.3459453111237,9.78703375942043,4135.43986952819,133.338057116013,3.33880904832821,61.2,1622.0,510890.0,3.84615293859603,29.7717121971311,13.7308
Thailand,2010,39.290258176907,35.2414414061735,10.5221756369849,4973.86288823778,134.235250249564,2.97584762605635,62.5,1622.0,510890.0,5.19019156199436,32.7909524216425,13.7308
Thailand,2011,39.2855604924739,35.0384622912956,11.5917917775207,5373.6232832898,135.072536162383,2.43027274329167,64.0,1622.0,510890.0,7.05187603866052,32.5198283572833,13.7308
Thailand,2012,39.2808628080409,34.0251326117168,11.5041001535767,5725.52802835463,135.912031944254,1.88087335113663,65.4,1622.0,510890.0,4.93489677929436,39.8440632252626,13.7308
Thailand,2013,39.2761651236078,33.9491189884319,11.3222153379773,6018.08244729255,136.712626984282,1.59290449299765,67.1,1622.0,510890.0,4.80958797565946,39.096781273119,13.7308
Thailand,2014,39.2714674391748,33.3369218422752,10.0889216151042,5801.1978916205,137.439305917125,1.57575157421195,69.0,1622.0,510890.0,3.91126068307174,38.0258800496312,13.7308
Thailand,2015,39.2667697547417,33.1065395682045,8.87272364786793,5688.85335397884,138.07433106931,1.82960967707757,70.5,1622.0,510890.0,3.75814697968113,32.3148092281891,13.7308
Thailand,2016,39.1806455401358,33.0188494587876,8.47807696285562,5833.57715617098,138.698821664155,2.40848086634849,72.0,1622.0,510890.0,3.86298226222565,33.2711074983591,13.7308
Thailand,2017,39.1101802736401,32.8127385542876,8.40641258665047,6413.09182530343,139.286709467791,3.2056963868025,73.5,1622.0,510890.0,4.9203551542576,35.229827656924,13.7308
Thailand,2018,39.0397150071444,32.7604699641802,8.20181926195524,7099.77650081458,139.709289670966,10.6249435934454,74.6,1622.0,510890.0,4.04296703654626,35.6858960191966,13.7308
Thailand,2019,38.9692497406487,32.5479594433244,8.1285680400948,7605.69657797759,139.995441288731,2.63388512236266,76.1,1622.0,510890.0,3.65958514729932,32.1769086458462,13.7308
Thailand,2020,38.8987844741529,32.9299843410519,8.70285214673554,6985.64393892574,140.228785061364,2.48059318189253,77.4,1622.0,510890.0,3.62679986290505,38.1852515690645,13.7308
Thailand,2021,38.8283192076572,31.6905791853432,8.69291293050797,7057.20754802279,140.396821233534,2.31934361435892,78.9,1622.0,510890.0,4.16444857750472,40.2520564409155,13.7308
Thailand,2022,38.7578539411615,31.0307502593513,8.71945138441444,6909.35281815827,140.412474309538,2.09762633697923,80.1,1622.0,510890.0,4.10200554366862,41.8986110741223,13.7308
Timor-Leste,2000,63.8264963012777,8.06993947545393,28.4272914093653,492.457637913906,50.1067921990585,-9.95866574000393,0.0,1500.0,14870.0,,,8.56667
Timor-Leste,2001,63.7323470073975,8.04303967720242,21.55921541032,587.700634429079,54.6233355749832,10.0946044173603,0.1,1500.0,14870.0,,,8.56667
Timor-Leste,2002,63.6381977135172,8.01613987895091,24.6752774598216,533.982465942154,59.122999327505,9.46082895677929,0.1,1500.0,14870.0,,,8.56667
Timor-Leste,2003,63.5440484196369,7.98924008069939,24.8736746884826,534.901171348385,61.6595830531271,5.83960242360796,0.2,1500.0,14870.0,,,8.56667
Timor-Leste,2004,63.4498991257566,7.96234028244788,30.7884120856639,474.420726695663,62.4797579018157,3.05960637666147,0.2,1500.0,14870.0,0.438382358340753,,8.56667
Timor-Leste,2005,63.3557498318763,7.93544048419637,28.912519189315,487.464506929223,63.7734364492266,4.37826424388097,0.3,1500.0,14870.0,0.128938381786857,,8.56667
Timor-Leste,2006,63.261600537996,7.90854068594486,32.2042820006634,464.667016791076,65.6756556825824,5.97882404542201,0.4,1500.0,14870.0,,,8.56667
Timor-Leste,2007,63.1674512441157,7.88164088769334,29.9974079471763,540.154630518785,67.5782784129119,6.04704832740094,0.6,1500.0,14870.0,,,8.56667
Timor-Leste,2008,63.0733019502354,7.85474108944183,30.1555171644663,628.153191495026,69.4303295225286,5.54322961506032,0.7,1500.0,14870.0,,,8.56667
Timor-Leste,2009,62.9791526563551,7.82784129119032,24.9628653860518,686.579329690731,71.2025554808339,4.55830345717051,1.0,1500.0,14870.0,,,8.56667
Timor-Leste,2010,62.8850033624748,7.8009414929388,25.5964075072135,813.060220670369,72.9441156691325,3.22663692405928,1.2,1500.0,14870.0,,,8.56667
Timor-Leste,2011,62.7908540685945,7.77404169468729,22.1602384152073,939.045238884406,74.660860793544,2.30421115417969,1.4,1500.0,14870.0,,,8.56667
Timor-Leste,2012,62.6967047747142,7.74714189643578,25.7964964541939,1022.61906675901,76.3204438466712,2.13157925008185,1.8,1500.0,14870.0,,1.76077705580083,8.56667
Timor-Leste,2013,62.6025554808339,7.72024209818426,21.3199901661023,1204.56843320518,77.9216543375925,1.97542016122377,2.2,1500.0,14870.0,32.6326379375438,2.15548014674223,8.56667
Timor-Leste,2014,62.5084061869536,7.69334229993275,21.0507057054394,1224.74956308733,79.4823806321453,1.85671683558361,2.6,1500.0,14870.0,,3.12503706330901,8.56667
Timor-Leste,2015,62.4142568930733,7.66644250168124,17.8277597138551,1319.59295003154,81.0444519166106,1.80402891909614,3.0,1500.0,14870.0,,4.18631483293713,8.56667
Timor-Leste,2016,62.320107599193,7.63954270342972,17.0630748051211,1335.54391073349,82.6033624747814,1.70821349161255,3.5,1500.0,14870.0,,3.64373313129695,8.56667
Timor-Leste,2017,62.2461331540013,7.61264290517821,17.1293873843569,1266.17771143471,84.1763954270343,1.59330188013373,4.0,1500.0,14870.0,25.0573926493643,5.51559153978068,8.56667
Timor-Leste,2018,62.1318090114324,7.5857431069267,17.7713603889577,1219.46599728983,85.8075991930061,1.53884292355643,4.7,1500.0,14870.0,9.49263495367543,7.06944424317143,8.56667
Timor-Leste,2019,62.0376597175521,7.49831876260928,14.1291559454173,1562.36458068032,87.4878950907868,1.48120516086694,5.2,1500.0,14870.0,0.187236183708044,7.08840627014517,8.56667
Timor-Leste,2020,61.9435104236718,7.49831876260928,13.2621541684503,1630.86938521256,89.1763954270343,1.38462318628328,5.7,1500.0,14870.0,0.0311942204121883,9.78633311756728,8.56667
Timor-Leste,2021,61.8493611297915,7.49831876260928,8.67018133853856,2684.92676774277,90.7961667787492,1.2143132058872,6.2,1500.0,14870.0,0.0430588313921748,8.04403579120896,8.56667
Timor-Leste,2022,61.7552118359112,7.49831876260928,10.3246249601855,2343.24954740187,92.0843981170141,0.68729321452991,6.7,1500.0,14870.0,0.154522150580024,9.41955208465074,8.56667
Togo,2000,23.3216400073543,41.7356131641846,14.8052104263334,409.889802792768,94.5033462033462,4.12751506610214,0.0,1168.0,54390.0,23.4416639299626,69.594210337696,6.1228
Togo,2001,23.2672292700864,42.1033278176135,15.1644610248179,396.692654520135,97.0285346571061,3.98997942912653,0.0,1168.0,54390.0,11.1692889819461,68.9582569121999,6.1228
Togo,2002,23.2128185328185,42.4710424710425,15.7403641419633,445.238691488925,99.5270086412944,3.87702814914121,0.1,1168.0,54390.0,16.2767323751491,67.0796226312522,6.1228
Togo,2003,23.1584077955507,42.8387571244714,14.5723915809563,538.16537776929,102.08065820923,3.84895915650918,0.1,1168.0,54390.0,16.9034314110028,58.4416325468716,6.1228
Togo,2004,23.1039970582828,43.2064717779004,15.4058695261762,560.266308533382,104.734473248759,3.86238661666317,0.1,1168.0,54390.0,15.6270029493701,58.2582486025764,6.1228
Togo,2005,23.0495863210149,43.5741864313293,17.3325641240129,551.259850017077,107.457823129252,3.8425310295383,0.2,1168.0,54390.0,8.92097894565788,52.9440745837239,6.1228
Togo,2006,22.995175583747,43.9419010847582,16.9609148487036,552.50227125256,110.510535024821,4.05587078383148,0.2,1168.0,54390.0,,54.6794994897202,6.1228
Togo,2007,22.9407648464791,44.3096157381872,16.9297833739432,607.587886721352,113.777238462953,4.14635297483843,0.3,1168.0,54390.0,9.29987831600701,52.7500816057006,6.1228
Togo,2008,22.8863541092113,44.6773303916161,20.68166838543,718.948386717473,117.095274866703,4.08579698600107,0.4,1168.0,54390.0,6.60660904406364,35.9008861999965,6.1228
Togo,2009,22.8319433719434,45.045045045045,21.3483480008088,720.693768151415,120.46083838941,4.0225189477561,0.4,1168.0,54390.0,3.3803958583212,36.6704338298948,6.1228
Togo,2010,22.7775326346755,45.2289023717595,21.077801220787,704.986772286079,123.783599926457,3.88629218322784,0.5,1168.0,54390.0,3.87963630172887,27.3267687487826,6.1228
Togo,2011,22.723110865968,45.2289023717595,19.8649717432319,783.988944671672,127.164441993013,3.84009005271648,0.6,1168.0,54390.0,7.59154840297384,11.2522214691311,6.1228
Togo,2012,22.6686890972605,48.7221915793344,20.975947911624,762.39162379069,130.55223386652,3.76058234424393,0.7,1168.0,54390.0,9.42561709720965,14.0277478412149,6.1228
Togo,2013,22.614267328553,48.7221915793344,19.1395466909651,826.542799987227,133.948189005332,3.68671936339368,0.7,1168.0,54390.0,7.79113114695925,15.4731478649007,6.1228
Togo,2014,22.5598455598456,48.7221915793344,19.3388381580273,855.584809246574,137.386468100754,3.64099121985515,0.7,1168.0,54390.0,9.06428993356932,16.0093279906592,6.1228
Togo,2015,22.5054237911381,48.7221915793344,18.9218601496344,751.051987587248,140.893454679169,3.61504008495315,0.8,1168.0,54390.0,8.60421103180316,18.7626675363985,6.1228
Togo,2016,22.4510020224306,48.7221915793344,20.385078914717,772.581357620609,144.480400808972,3.59666200940563,0.9,1168.0,54390.0,9.47170760399322,19.8502415715083,6.1228
Togo,2017,22.3965802537231,48.7221915793344,20.3155597844213,792.765700965864,148.136422136422,3.57012670039299,1.0,1168.0,54390.0,9.48291864974032,25.5707759681039,6.1228
Togo,2018,22.3421584850156,48.7221915793344,19.6494784155019,851.120561233595,151.843684500827,3.53163940622582,1.0,1168.0,54390.0,11.7862568187779,24.1991584437359,6.1228
Togo,2019,22.2877367163081,48.7221915793344,19.5145900500186,826.255209019798,155.599705828277,3.49227196039078,1.0,1168.0,54390.0,12.6147030865531,28.6354005954264,6.1228
Togo,2020,22.2333149476007,48.7221915793344,19.1725179891178,863.468665870276,159.399154256297,3.45043592861379,1.1,1168.0,54390.0,8.59082189605169,34.5123945153137,6.1228
Togo,2021,22.1788931788932,48.7221915793344,20.550806619999,962.075187515872,163.235502849789,3.40556415114619,1.1,1168.0,54390.0,8.56414191554166,42.3995466501444,6.1228
Togo,2022,22.1244714101857,48.7221915793344,21.2198485197121,951.232378690387,167.121492921493,3.3466485973779,1.2,1168.0,54390.0,4.40907851722683,40.1159249857034,6.1228
Tonga,2000,12.4305555555556,20.8333333333333,19.6369230036126,1995.07667546271,142.606944444444,0.7344389957132,21.6,,720.0,1.29375154182108,35.6553966519918,21.136
Tonga,2001,12.4305555555556,20.8333333333333,18.2874396196592,1753.51667576626,143.455555555556,0.695486375218649,24.6,,720.0,0.031514521810147,39.2511537703205,21.136
Tonga,2002,12.4305555555556,20.8333333333333,18.1062295253149,1759.4805324576,144.269444444444,0.6614777531223,27.5,,720.0,0.637194676038119,43.7764152299564,21.136
Tonga,2003,12.4305555555556,20.8333333333333,19.1629815067882,1936.04104012389,145.088888888889,0.665421461345494,30.3,,720.0,2.39273563247865,45.9910524452717,21.136
Tonga,2004,12.4305555555556,20.8333333333333,20.2479896638834,2195.44890047673,145.931944444444,0.689843081027935,33.1,,720.0,16.0644219154424,40.4971742111896,21.136
Tonga,2005,12.4305555555556,20.8333333333333,17.7608711887512,2477.72620144825,146.765277777778,0.689205222369736,36.1,,720.0,7.6399239731623,34.086699517404,21.136
Tonga,2006,12.4305555555556,22.2222222222222,15.7717863584054,2750.34778600857,147.573611111111,0.692608187342026,38.9,,720.0,5.8092300656739,30.805607672984,21.136
Tonga,2007,12.4305555555556,22.2222222222222,16.7079851952487,2797.06560109144,148.230555555556,0.631376551023597,41.5,,720.0,1.04691315563626,31.9495656046392,21.136
Tonga,2008,12.4305555555556,22.2222222222222,14.7436009055831,3218.45303993196,148.638888888889,0.555221703929297,44.5,,720.0,6.76381443319945,28.2553133290998,21.136
Tonga,2009,12.4305555555556,23.6111111111111,15.5131326816281,2914.23774004564,148.893055555556,0.480308320108844,47.2,,720.0,2.03426792915357,35.6582542056978,21.136
Tonga,2010,12.4305555555556,23.6111111111111,16.4379858757354,3416.08356601207,149.166666666667,0.454165953361665,50.7,,720.0,2.04452845806626,40.5604079269347,21.136
Tonga,2011,12.4305555555556,23.6111111111111,17.0659562210843,3849.99375750134,149.402777777778,0.313523423800545,53.6,,720.0,22.2114878927162,44.8662392078593,21.136
Tonga,2012,12.4305555555556,25.0,16.6359974823467,4384.17058724217,149.25,-0.111009804049505,56.8,,720.0,4.87339735495927,40.8256419312625,21.136
Tonga,2013,12.4305555555556,25.0,17.0733080496623,4219.24670113014,148.719444444444,-0.532973976619164,60.2,,720.0,7.47720089939804,43.0938274916159,21.136
Tonga,2014,12.4305555555556,26.3888888888889,16.3195864502861,4136.59013792529,148.068055555556,-0.756593749455972,63.7,,720.0,25.0163087855099,44.1110948754746,21.136
Tonga,2015,12.4305555555556,27.7777777777778,16.8506630377007,4123.90323993332,147.354166666667,-0.912289861724122,67.2,,720.0,,41.7017789110633,21.136
Tonga,2016,12.4305555555556,27.7777777777778,16.6067318041161,3987.98626206287,146.561111111111,-1.03944683970874,70.8,,720.0,,40.802216012321,21.136
Tonga,2017,12.4305555555556,27.7777777777778,16.8193763932722,4365.92932788383,146.327777777778,-0.839407471616381,73.8,,720.0,0.734476056666571,40.3523234006764,21.136
Tonga,2018,12.4305555555556,27.7777777777778,17.2484111586777,4675.04791274385,146.620833333333,-0.975779536262219,76.9,,720.0,1.82053531452899,36.4379252977617,21.136
Tonga,2019,12.4305555555556,27.7777777777778,18.5717317231686,4788.83342304684,146.7625,-1.5601334081974,79.8,,720.0,0.828953209808388,35.4250807477663,21.136
Tonga,2020,12.4305555555556,27.7777777777778,17.0936648906636,4792.35854741522,146.811111111111,-2.01637859581212,82.2,,720.0,1.64395151798551,36.5330018306467,21.136
Tonga,2021,12.4305555555556,27.7777777777778,16.5218698536287,4922.80171378368,146.513888888889,-3.06946312753698,84.55,,720.0,4.04261936864983,40.8140175055665,21.136
Tonga,2022,12.4305555555556,27.7777777777778,17.4256261468486,5298.01941509951,145.891666666667,-0.94987048693744,86.7,,720.0,0.354601107456831,38.6037543496664,21.136
Trinidad and Tobago,2000,46.130604288499,6.82261208576998,1.3571938867876,6178.58975559687,257.265886939571,0.397054584111291,100.0,2200.0,5130.0,0.0784075965410229,,10.6596
Trinidad and Tobago,2001,46.0479532163743,5.84795321637427,1.28637705609447,6657.41466937221,258.395126705653,0.387657392205752,100.0,2200.0,5130.0,0.0555670609698834,,10.6596
Trinidad and Tobago,2002,45.9653021442495,5.84795321637427,1.39847219754841,6762.93080808096,259.65126705653,0.357522352128312,100.0,2200.0,5130.0,0.0599698355258019,,10.6596
Trinidad and Tobago,2003,45.8826510721248,5.84795321637427,0.947884612682488,8445.04653518298,260.956920077973,0.30263749860429,100.0,2200.0,5130.0,0.0325211337403757,,10.6596
Trinidad and Tobago,2004,45.8,5.0682261208577,0.761483945963904,9871.03419820086,262.25730994152,0.231661989734987,100.0,2200.0,5130.0,0.0348223039681441,,10.6596
Trinidad and Tobago,2005,45.7173489278752,4.87329434697856,0.483999190377517,12346.4373094075,252.338011695906,-4.18232517651543,100.0,2200.0,5130.0,0.0356954171290855,,10.6596
Trinidad and Tobago,2006,45.6346978557505,4.87329434697856,0.566876991369423,14152.6607422113,253.010526315789,-0.116661865503435,100.0,2200.0,5130.0,0.0176741928000921,,10.6596
Trinidad and Tobago,2007,45.5520467836257,4.87329434697856,0.371661707526332,16606.675360681,254.032748538012,-0.0308627969589916,100.0,2200.0,5130.0,0.0158221836028277,,10.6596
Trinidad and Tobago,2008,45.469395711501,4.87329434697856,0.365514424327618,21298.9945258063,255.085185185185,-0.0666458510382312,100.0,2200.0,5130.0,0.0162275638254351,,10.6596
Trinidad and Tobago,2009,45.3867446393762,4.87329434697856,0.595145826393538,14634.0565003912,255.381286549708,-0.405020447538665,100.0,2200.0,5130.0,0.0198234001031657,,10.6596
Trinidad and Tobago,2010,45.3040935672515,4.87329434697856,0.52014610527508,16815.424737361,256.86432748538,0.022170086750589,100.0,2200.0,5130.0,0.0270961393179102,,10.6596
Trinidad and Tobago,2011,45.2214424951267,4.87329434697856,0.456542570355529,19151.0870229722,258.873099415205,0.474215138899369,100.0,2200.0,5130.0,0.0269899273011552,,10.6596
Trinidad and Tobago,2012,45.1387914230019,4.87329434697856,0.623861527345923,20332.1389531925,260.271734892788,0.53894297347004,100.0,2200.0,5130.0,0.0243392075071837,,10.6596
Trinidad and Tobago,2013,45.0561403508772,4.87329434697856,0.712770738302384,21304.9777496628,261.317153996101,0.401133801724778,100.0,2200.0,5130.0,0.0115801374681689,,10.6596
Trinidad and Tobago,2014,44.9734892787524,4.87329434697856,0.668563339608001,21908.3014555644,262.250097465887,0.357086030280375,100.0,2200.0,5130.0,0.0121809904571308,,10.6596
Trinidad and Tobago,2015,44.8908382066277,4.87329434697856,0.922053426020572,19887.2327716498,263.09298245614,0.322159419192211,100.0,2200.0,5130.0,0.0222905608319086,,10.6596
Trinidad and Tobago,2016,44.8089668615984,4.87329434697856,0.992434424479726,17449.1538801956,263.917153996101,0.314824791652329,100.0,2200.0,5130.0,0.0215768586931516,,10.6596
Trinidad and Tobago,2017,44.7270955165692,4.87329434697856,1.08634326162954,17566.0999700656,264.450877192982,0.204960160630728,100.0,2200.0,5130.0,0.02283152750308,,10.6596
Trinidad and Tobago,2018,44.64522417154,4.87329434697856,0.964517699370851,17571.498737278,264.949902534113,0.192536737032745,100.0,2200.0,5130.0,0.0217337135548538,,10.6596
Trinidad and Tobago,2019,44.5633528265107,4.87329434697856,0.765052940992269,17212.6128892163,265.884015594542,0.357053749414271,100.0,2200.0,5130.0,0.0319278332599523,,10.6596
Trinidad and Tobago,2020,44.4814814814815,4.87329434697856,1.06202921275842,15283.6270531554,266.418128654971,0.207219343640683,100.0,2200.0,5130.0,0.0311908540360171,,10.6596
Trinidad and Tobago,2021,44.3996101364522,4.87329434697856,0.908362622380658,17712.5674104655,266.580506822612,0.0690229884794052,100.0,2200.0,5130.0,0.0183131984703721,,10.6596
Trinidad and Tobago,2022,44.317738791423,4.87329434697856,0.762815650228413,20750.5202434652,266.238791423002,-0.118548192053148,100.0,2200.0,5130.0,0.0142320873303211,,10.6596
Tunisia,2000,4.29872554067971,18.4346035015448,10.006319351485,2199.04465936314,62.8535980947477,1.67649763678922,87.9,207.0,155360.0,0.659612816419286,55.3084463564462,36.7899
Tunisia,2001,4.31132852729145,17.8553038105046,9.4218557064738,2235.71981624751,63.5277870751802,1.5960643492688,90.2,207.0,155360.0,0.713211533403145,61.1436451654115,36.7899
Tunisia,2002,4.32393151390319,17.8359938208033,8.29848151435206,2320.7723805785,64.1832839855819,1.53821784182097,92.2,207.0,155360.0,0.719621273399351,69.983303892748,36.7899
Tunisia,2003,4.33653450051493,17.9582904222451,9.2914975178949,2725.8643148859,64.8277033985582,1.50076136231339,93.7,207.0,155360.0,0.781524562715542,68.7094407497616,36.7899
Tunisia,2004,4.34913748712667,17.9647270854789,9.90254515493647,3067.41936376975,65.4361676107106,1.43088995699215,95.0,207.0,155360.0,0.67562603158643,65.8145671605321,36.7899
Tunisia,2005,4.36174047373841,17.5720906282183,9.16983114804996,3146.8260743927,66.0110195674562,1.34609171042769,96.0,207.0,155360.0,0.637883754060492,58.9561260126506,36.7899
Tunisia,2006,4.37434346035015,17.7845005149331,9.28070949947767,3322.56933570096,66.5963568486097,1.32163362778631,96.9,207.0,155360.0,0.61742142134245,57.4237720429712,36.7899
Tunisia,2007,4.3869464469619,17.5914006179197,8.64201987385816,3726.91672935667,67.209719361483,1.34174836666726,97.5,207.0,155360.0,0.480294381272451,56.1437112684718,36.7899
Tunisia,2008,4.39954943357364,18.2479402677652,7.8486499786515,4255.05008019523,67.8593910916581,1.36785369011834,98.0,207.0,155360.0,0.472236765782869,50.9304304174594,36.7899
Tunisia,2009,4.41215242018538,17.4240473738414,8.45660665471427,4080.09032448781,68.554846807415,1.42538775967832,98.4,207.0,155360.0,0.489350718770718,55.4140725152251,36.7899
Tunisia,2010,4.42475540679712,18.1707003089598,6.846146170059,4291.86120891575,69.2969876416066,1.51563288935018,98.8,207.0,155360.0,0.500973385227327,51.3363537259654,36.7899
Tunisia,2011,4.4346035015448,18.2736869207003,7.57684450427472,4420.64772206537,70.069741246138,1.54502961487725,99.0,207.0,155360.0,0.469559122013026,49.7498678288209,36.7899
Tunisia,2012,4.44445159629248,18.3316168898043,8.30025725587419,4297.26782454273,70.865390061792,1.56258606032696,99.2,207.0,155360.0,0.492209126772992,55.9749620256609,36.7899
Tunisia,2013,4.45429969104016,18.3638002059732,7.96930864809374,4369.79345826358,71.713188722966,1.61990289382526,99.3,207.0,155360.0,0.453596597300643,56.327937751119,36.7899
Tunisia,2014,4.46414778578785,16.6580844490216,8.57165956609159,4458.97895464547,72.5687950566426,1.55941979874374,99.4,207.0,155360.0,0.507902848801931,56.8190675921791,36.7899
Tunisia,2015,4.47399588053553,16.5422245108136,9.20589918732503,4014.94773686432,73.3925334706488,1.31794524076676,99.5,207.0,155360.0,0.630680308904914,63.2230339634337,36.7899
Tunisia,2016,4.48384397528321,16.5010298661174,8.52541115305462,3847.80354448809,74.2061920700309,1.36963095769181,99.6,207.0,155360.0,0.714901398270143,68.0294246068561,36.7899
Tunisia,2017,4.4936920700309,16.7797373841401,8.986045690927,3619.03247319953,74.9903321318229,1.3818494298919,99.7,207.0,155360.0,0.557416611082004,81.888186770087,36.7899
Tunisia,2018,4.50354016477858,16.5396498455201,9.88852551876126,3628.10366464236,75.7306513903193,1.36347309717087,99.7,207.0,155360.0,0.456056955350966,84.6215604863162,36.7899
Tunisia,2019,4.51338825952626,16.5396498455201,9.76625873287072,3528.87213306798,76.4358972708548,1.32313412663936,99.7,207.0,155360.0,0.379956662018983,98.5572804435593,36.7899
Tunisia,2020,4.52323635427395,18.2241246138002,10.3917002295357,3548.65363663803,77.0729724510814,1.24136570609364,99.8,207.0,155360.0,0.364148679419818,102.147025479701,36.7899
Tunisia,2021,4.53308444902163,18.2241246138002,10.0900379034943,3906.93926319391,77.5529222451081,1.04740567976755,99.8,207.0,155360.0,0.390871839259425,93.8461326685163,36.7899
Tunisia,2022,4.54293254376931,18.2241246138002,10.8217247722212,3707.29283414381,78.0080715756952,1.02711501663029,99.8,207.0,155360.0,0.286805090131203,93.3278878231755,36.7899
Turkiye,2000,26.1792679599288,30.9577329366059,10.01837794564,4199.3798635759,85.0096293023921,2.77502091673666,78.5,593.0,769630.0,1.12015199042317,43.2121592012955,39.7153
Turkiye,2001,26.3007198264101,30.9252497953562,8.77213969287109,3052.2256706793,86.0739939971155,2.76166162638566,79.3,593.0,769630.0,0.854995593988319,57.4050808197224,39.7153
Turkiye,2002,26.4221716928914,31.1760196458038,10.1712688801184,3591.08628982587,87.1182191442641,2.64239765345105,80.0,593.0,769630.0,0.811020607359997,55.901957136984,39.7153
Turkiye,2003,26.5436235593727,30.3678390915115,9.77425990072158,4649.63668068586,88.1355066720372,2.54414385831574,80.7,593.0,769630.0,0.800333223561425,48.0065470233487,39.7153
Turkiye,2004,26.665075425854,31.0162025908553,9.30334217653319,5979.6054216148,89.1241466678794,2.49321573574968,81.0,593.0,769630.0,0.654054799315691,41.0343944750811,39.7153
Turkiye,2005,26.7865272923353,30.9629302392059,9.1349746278064,7331.85429430255,90.0816717123813,2.48618270581088,81.5,593.0,769630.0,0.515586655056288,35.5841267097801,39.7153
Turkiye,2006,26.9079791588166,29.8598027623663,8.06197674009426,7990.08251407245,91.0117186180372,2.52719789511974,82.0,593.0,769630.0,0.506136531620904,39.4750573117788,39.7153
Turkiye,2007,27.0294310252979,28.5578784610787,7.41825141005247,9766.91734545294,91.1582344763068,1.78335947556582,82.3,593.0,769630.0,0.448484481170993,39.8040022720477,39.7153
Turkiye,2008,27.1508828917792,28.0069643854839,7.38022403324347,10913.4079047769,92.3192677000637,3.04747187294258,82.6,593.0,769630.0,0.378653583172488,38.5984279883647,39.7153
Turkiye,2009,27.2723347582605,27.7419019528865,8.01952664747498,9076.92472236977,93.6023881605447,3.35499375595573,82.9,593.0,769630.0,0.36878375185494,44.5736356122904,39.7153
Turkiye,2010,27.3937866247418,27.784779699336,8.90737962747164,10698.9699409757,95.0354715902447,3.71648828413169,83.1,593.0,769630.0,0.432654558354129,41.0990751678409,39.7153
Turkiye,2011,27.535990021179,26.6868495250965,8.1265846445357,11373.6355760885,96.4406649948677,3.82733961841471,83.5,593.0,769630.0,0.548776144921812,38.6013112607881,39.7153
Turkiye,2012,27.6781934176163,26.736223899796,7.658344974583,11776.7593362033,97.6778802801346,5.10991859183633,83.6,593.0,769630.0,0.418232928080148,40.4357594121779,39.7153
Turkiye,2013,27.8203968140535,26.732325922846,6.64997261417217,12635.5570016068,98.9405610488157,7.51485625556567,83.7,593.0,769630.0,0.487007346627483,42.3711460982425,39.7153
Turkiye,2014,27.9626002104908,26.8947416290945,6.53828042868413,12209.3862327674,100.284401595572,7.61873724681312,83.6,593.0,769630.0,0.499305009497906,44.4602073781668,39.7153
Turkiye,2015,28.104803606928,26.8310746722451,6.87689834308907,11064.6494504662,101.631276067721,5.56638687943926,83.75,593.0,769630.0,0.496534599563158,46.7405303729401,39.7153
Turkiye,2016,28.104803606928,26.4828553980484,6.26556196399699,10984.3643169061,103.007889505347,2.35546247467611,83.8,593.0,769630.0,0.510556454577178,46.3614777541171,39.7153
Turkiye,2017,28.2635292283305,25.9839143484532,6.19642323537778,10756.3877677883,104.352348531112,1.21721539362836,83.8,593.0,769630.0,0.432940176986524,52.6882928024745,39.7153
Turkiye,2018,28.4660940971636,25.6265997947065,6.00418639185492,9684.11819884721,105.774468250978,1.50516857000879,83.8,593.0,769630.0,0.49553801380919,55.4453574540502,39.7153
Turkiye,2019,28.6687888985616,25.4407962267583,6.6541535628227,9395.23378001368,107.297584553617,1.9909704896297,83.9,593.0,769630.0,0.492281554810085,55.3071524639806,39.7153
Turkiye,2020,28.8714836999597,25.4485921806582,6.89122590909685,8798.11791709313,108.343853540013,1.27276011133045,83.9,593.0,769630.0,0.522807354707867,60.3150906136416,39.7153
Turkiye,2021,29.0741785013578,25.8318932474046,5.70488171636816,9981.76398411336,109.334768655068,1.18656449306975,84.1,593.0,769630.0,0.608792396342804,53.7425891882514,39.7153
Turkiye,2022,29.2768733027559,26.2632693632005,6.69360961922604,10897.8397861365,110.416580694619,0.829617003400882,84.15,593.0,769630.0,0.676480522095706,50.758322367613,39.7153
Turkmenistan,2000,8.78215904496414,3.40467793075564,22.538770821367,633.835487638011,9.75182899580789,2.73191201481015,98.7,161.0,469930.0,9.8987375262016,96.3196890399462,37.9509
Turkmenistan,2001,8.78215904496414,3.40467793075564,23.0980446540008,756.034976276398,9.94916051326793,2.64782085674413,98.9,161.0,469930.0,,65.3544526035338,37.9509
Turkmenistan,2002,8.78215904496414,3.54307173408806,20.9328028293546,935.540801478466,10.1493094716234,2.46703377359924,99.1,161.0,469930.0,,49.1031997770124,37.9509
Turkmenistan,2003,8.78215904496414,3.77887132126061,19.1196027270432,1228.94870289404,10.3501904538974,2.19042916354009,99.2,161.0,469930.0,,32.4906274353972,37.9509
Turkmenistan,2004,8.78215904496414,3.84873151320409,18.3554592251422,1379.23009682692,10.5507054242121,1.99914431612437,99.4,161.0,469930.0,,26.9750065274572,37.9509
Turkmenistan,2005,8.78215904496414,4.25701146979337,18.5319970886289,1604.01618452312,10.7510842040304,1.95695609525547,99.4,161.0,469930.0,,15.2863835201395,37.9509
Turkmenistan,2006,8.78215904496414,4.31848211435746,17.1978740617556,1996.59310717308,10.9529185197795,1.93072565737429,99.6,161.0,469930.0,,10.2692400450782,37.9509
Turkmenistan,2007,8.78215904496414,3.94551869427362,18.8548148148148,2414.96071986964,11.1592066903581,1.93206562313591,99.6,161.0,469930.0,,7.13700187700112,37.9509
Turkmenistan,2008,8.78215904496414,3.94601536399038,10.7216494845361,3605.50395120549,11.3740961419786,1.96888369545097,99.7,161.0,469930.0,,4.48478145687274,37.9509
Turkmenistan,2009,8.78215904496414,3.83575106930819,10.5153529707868,3707.97850699617,11.6008597025089,2.03109653194363,99.7,161.0,469930.0,,4.24042891975606,37.9509
Turkmenistan,2010,8.78215904496414,3.82031643010661,11.3405425561667,4058.53937000739,11.8408188453599,2.09989119199872,99.8,161.0,469930.0,,8.12996104896032,37.9509
Turkmenistan,2011,8.78215904496414,3.77508522545911,8.88435455800276,5143.61929334647,12.0941778562765,2.16523966141496,99.8,161.0,469930.0,,16.2712810493695,37.9509
Turkmenistan,2012,8.78215904496414,3.83139361181453,8.50146680237083,6053.8748468749,12.3604494286383,2.22153803833471,99.8,161.0,469930.0,,20.5679513452169,37.9509
Turkmenistan,2013,8.78215904496414,3.96733556061541,8.47439420658294,6599.64529055481,12.6387781158896,2.26626673311203,99.8,161.0,469930.0,,23.136822646184,37.9509
Turkmenistan,2014,8.78215904496414,3.56549230736493,8.2954435522879,7164.14536184006,12.9280594982231,2.2982806480962,99.8,161.0,469930.0,,18.5866873573514,37.9509
Turkmenistan,2015,8.78215904496414,3.6617577085949,9.30653875928778,5759.497903834,13.2270125337816,2.31720215889594,99.9,161.0,469930.0,,20.7791606059437,37.9509
Turkmenistan,2016,8.78215904496414,3.85346902730194,10.5274383259738,5686.98040962764,13.5340178324431,2.32148105985779,99.9,161.0,469930.0,,23.1856898510511,37.9509
Turkmenistan,2017,8.78215904496414,3.85627114676654,11.1178074761568,5828.4816623489,13.8468729385228,2.30825458682393,99.9,161.0,469930.0,,23.795696531403,37.9509
Turkmenistan,2018,8.78215904496414,3.54886515012874,11.0415688363389,6125.05169712085,14.1627987147022,2.27486044647844,99.9,161.0,469930.0,,20.8966214216128,37.9509
Turkmenistan,2019,8.78215904496414,3.36731002489732,10.8113571045068,5998.0017434754,14.4786329878918,2.22054224818463,99.9,161.0,469930.0,,14.9151811375499,37.9509
Turkmenistan,2020,8.78215904496414,3.41710467516439,11.4920524061037,5972.72356566861,14.7892494626859,2.1337817684305,99.9,161.0,469930.0,,12.664880108034,37.9509
Turkmenistan,2021,8.78215904496414,3.39539931479156,11.8079599602345,5723.30227157906,15.0917008916222,2.03177741163203,99.9,161.0,469930.0,,10.0332360806775,37.9509
Turkmenistan,2022,8.78215904496414,3.42689336709723,10.9344870689238,5837.84224538947,15.3856808460835,1.93149596983823,99.9,161.0,469930.0,,7.98184791210057,37.9509
Turks and Caicos Islands,2000,11.0736842105263,1.05263157894737,1.44617213759061,,19.7157894736842,5.12003100553435,,,950.0,0.465497205191245,,21.4602778
Turks and Caicos Islands,2001,11.0736842105263,1.05263157894737,1.33981036101429,18325.7458111974,20.6063157894737,5.266476641247,,,950.0,1.2269151774401,,21.4602778
Turks and Caicos Islands,2002,11.0736842105263,1.05263157894737,1.08173289967301,17803.9471767733,21.6810526315789,5.87601102522319,,,950.0,0.0701550950915008,,21.4602778
Turks and Caicos Islands,2003,11.0736842105263,1.05263157894737,1.28001315912783,18859.1890274773,22.8705263157895,6.10362619425525,,,950.0,0.14677878731504,,21.4602778
Turks and Caicos Islands,2004,11.0736842105263,1.05263157894737,1.28338455531603,21246.00980049,24.0589473684211,5.79251764878111,,,950.0,0.742378093817038,,21.4602778
Turks and Caicos Islands,2005,11.0736842105263,1.05263157894737,1.14828449459065,24122.3028180757,25.2505263157895,5.52271123705625,,,950.0,11.9459357933523,,21.4602778
Turks and Caicos Islands,2006,11.0736842105263,1.05263157894737,0.972514567632394,28734.2873064523,26.4452631578947,5.27410058468948,,,950.0,1.08276576808881,,21.4602778
Turks and Caicos Islands,2007,11.0736842105263,1.05263157894737,0.898524867806953,29443.8523030072,27.6526315789474,5.06970484690769,,,950.0,0.431118853200721,,21.4602778
Turks and Caicos Islands,2008,11.0736842105263,1.05263157894737,0.568806190911156,31453.8228752689,28.8705263157895,4.86577954306619,,,950.0,0.878246070713313,,21.4602778
Turks and Caicos Islands,2009,11.0736842105263,1.05263157894737,0.70082027828026,24596.8938015951,30.0926315789474,4.65163127609071,,,950.0,0.855702635216875,,21.4602778
Turks and Caicos Islands,2010,11.0736842105263,1.05263157894737,0.611251215804586,23093.8498268267,31.3042105263158,4.40020029141325,,,950.0,,,21.4602778
Turks and Caicos Islands,2011,11.0736842105263,1.05263157894737,0.552233193070452,27327.4006354146,32.4694736842105,4.04692143633826,,,950.0,0.329043478016284,,21.4602778
Turks and Caicos Islands,2012,11.0736842105263,1.05263157894737,0.515940483737729,25923.6156503875,33.8178947368421,4.40368876683105,,,950.0,1.05840428555175,,21.4602778
Turks and Caicos Islands,2013,11.0736842105263,1.05263157894737,0.531547685236666,25653.819867471,35.4242105263158,4.94949127880866,,,950.0,,,21.4602778
Turks and Caicos Islands,2014,11.0736842105263,1.05263157894737,0.513482576403009,27292.5820256776,36.8947368421053,4.37398641426809,,,950.0,,,21.4602778
Turks and Caicos Islands,2015,11.0736842105263,1.05263157894737,0.411861920068554,29457.0140691162,38.5315789473684,4.64067445061666,,,950.0,,,21.4602778
Turks and Caicos Islands,2016,11.0736842105263,1.05263157894737,0.367779794655588,31373.5612684327,40.3315789473684,4.86343954149131,,,950.0,,,21.4602778
Turks and Caicos Islands,2017,11.0736842105263,1.05263157894737,0.377058294197292,30014.2309523213,42.0136842105263,4.3779154093523,,,950.0,,,21.4602778
Turks and Caicos Islands,2018,11.0736842105263,1.05263157894737,0.342988703741605,31625.616593277,43.7463157894737,4.3267627016442,,,950.0,,,21.4602778
Turks and Caicos Islands,2019,11.0736842105263,1.05263157894737,0.296536471507569,31780.5217068989,45.4378947368421,4.07503352817129,,,950.0,,,21.4602778
Turks and Caicos Islands,2020,11.0736842105263,1.05263157894737,0.437506192923027,20690.9160546118,46.7221052631579,3.06092498183627,,,950.0,,,21.4602778
Turks and Caicos Islands,2021,11.0736842105263,1.05263157894737,0.355127019982062,27329.2885087196,47.6242105263158,2.18075688163624,,,950.0,,,21.4602778
Turks and Caicos Islands,2022,11.0736842105263,1.05263157894737,0.433018459416548,31280.5418020808,48.26,1.58861998965256,,,950.0,,,21.4602778
Tuvalu,2000,33.3333333333333,,16.3384615384615,1579.41906275542,318.133333333333,1.67134809737405,6.6,,30.0,,,8.6314877
Tuvalu,2001,33.3333333333333,,17.3055555555556,1456.78409421177,319.533333333333,1.68915223662912,7.8,,30.0,,,8.6314877
Tuvalu,2002,33.3333333333333,,15.9425806451613,1750.25175052348,320.766666666667,1.79457485391986,9.1,,30.0,,,8.6314877
Tuvalu,2003,33.3333333333333,,16.29,2006.84249941442,323.166666666667,2.35098161701462,10.5,,30.0,,,8.6314877
Tuvalu,2004,33.3333333333333,,17.6477419354839,2322.56265072892,327.2,3.12124524975142,12.3,,30.0,,,8.6314877
Tuvalu,2005,33.3333333333333,,19.4333333333333,2304.82694329052,331.333333333333,3.3326068640057,14.25,,30.0,,,8.6314877
Tuvalu,2006,33.3333333333333,,21.659375,2396.26844307702,335.2,3.38269017667534,16.2,,30.0,,,8.6314877
Tuvalu,2007,33.3333333333333,,22.0794117647059,2794.16310084119,339.4,3.48130301370754,18.15,,30.0,,,8.6314877
Tuvalu,2008,33.3333333333333,,21.0105263157895,3088.30877413836,344.033333333333,3.58447931952543,20.5,,30.0,,,8.6314877
Tuvalu,2009,33.3333333333333,,23.3388888888889,2683.96749549583,348.7,3.47814138873731,22.8,,30.0,,,8.6314877
Tuvalu,2010,33.3333333333333,,26.5142857142857,3024.8170790571,353.8,3.42970337410023,25.2,,30.0,,,8.6314877
Tuvalu,2011,33.3333333333333,,25.8263157894737,3636.08139989792,359.333333333333,3.33251975843041,27.4,,30.0,,,8.6314877
Tuvalu,2012,33.3333333333333,,19.6247368421053,3598.46163091053,364.466666666667,2.93611043762785,29.7,,30.0,,,8.6314877
Tuvalu,2013,33.3333333333333,,19.0145,3510.21640142483,366.7,1.89481029162518,31.8,,30.0,,,8.6314877
Tuvalu,2014,33.3333333333333,,18.2441860465116,3528.85858102782,366.133333333333,1.00440266853337,34.0,,30.0,,,8.6314877
Tuvalu,2015,33.3333333333333,,15.9163265306122,3357.83417700071,365.433333333333,0.855171191586742,35.9,,30.0,,,8.6314877
Tuvalu,2016,33.3333333333333,,,3808.69755015909,364.333333333333,0.648150417199611,37.4,,30.0,,,8.6314877
Tuvalu,2017,33.3333333333333,,,4165.66338700106,362.3,0.2304679517467,38.9,,30.0,,,8.6314877
Tuvalu,2018,33.3333333333333,,,4466.12034928245,358.366666666667,-0.0767636485073648,39.7,,30.0,,,8.6314877
Tuvalu,2019,33.3333333333333,,,5115.13075950206,352.7,-0.477254389054174,40.7,,30.0,,,8.6314877
Tuvalu,2020,33.3333333333333,,,4976.11254109571,346.633333333333,-0.634726180813691,42.1,,30.0,,,8.6314877
Tuvalu,2021,33.3333333333333,,,5905.08198095343,339.8,-0.889172069999464,42.8,,30.0,,,8.6314877
Tuvalu,2022,33.3333333333333,,,5911.32727055301,333.066666666667,-0.881340297259467,42.8,,30.0,,,8.6314877
Uganda,2000,15.8297882988839,26.525198938992,27.5091068813608,258.050338731086,120.11485911616,5.08851303786041,0.3,1180.0,199810.0,13.2402196872429,58.0904524475271,0.314269
Uganda,2001,15.6233271608028,27.0256743906711,27.8502414795273,236.021188853993,123.846033732045,5.26714025611309,0.3,1180.0,199810.0,14.6074776602094,66.5783888510778,0.314269
Uganda,2002,15.4168660227216,28.0266252940293,23.4334280026675,241.984688408335,127.785746459136,5.63255861653801,0.3,1180.0,199810.0,9.08361730806252,66.5029849935238,0.314269
Uganda,2003,15.2104048846404,29.2778139232271,24.5070225774825,250.71543664681,131.885911616035,6.28530421495584,0.3,1180.0,199810.0,11.9851125175474,70.7551744933996,0.314269
Uganda,2004,15.0039437465592,29.7782893749062,21.6703526422179,292.38185796262,135.901681597518,7.13576569956508,0.3,1180.0,199810.0,15.4821173691052,62.0009713811312,0.314269
Uganda,2005,14.7974826084781,29.7782893749062,25.0749361336647,330.405402707025,139.949396927081,7.9046619953349,0.35,1180.0,199810.0,11.8656386948728,49.7430403163397,0.314269
Uganda,2006,14.5910214703969,30.5290025524248,24.0349329838703,346.518255310647,144.106916570742,8.52824032334294,0.4,1180.0,199810.0,7.76333254517233,13.3693714686186,0.314269
Uganda,2007,14.3845603323157,31.2797157299434,22.2781136788689,401.389130865581,148.408137730844,8.98787916843253,0.4,1180.0,199810.0,7.60291170174129,14.1602511482496,0.314269
Uganda,2008,14.1780991942345,32.2806666333016,21.3845985625607,472.842681495852,152.842965817527,9.27612330758762,0.4,1180.0,199810.0,5.71995792961768,16.1716331340407,0.314269
Uganda,2009,13.9716380561533,33.0313798108203,34.872859937466,798.947089938247,157.405290025524,9.42249975155462,0.4,1180.0,199810.0,7.63778249022075,11.1763406743451,0.314269
Uganda,2010,13.7164372631159,33.6624775583483,32.8680090776536,823.488144282,161.534021543986,9.46454823390025,0.4,1180.0,200520.0,7.25140837810635,11.340011180453,0.314269
Uganda,2011,13.5107121484141,34.1611809295831,28.9692474777902,835.620060555838,166.340230400958,9.40457658331693,0.4,1180.0,200520.0,7.43400371361782,11.889658788383,0.314269
Uganda,2012,13.3049870337123,34.4105326152005,27.177257747558,795.222867553127,171.241960901656,9.26077647359218,0.4,1180.0,200520.0,6.12170359861832,14.1274216672688,0.314269
Uganda,2013,13.0992619190106,34.4105326152005,26.0303237402959,818.285427416713,176.227019748654,9.05799084106093,0.4,1180.0,200520.0,5.90560185724108,30.2751015651699,0.314269
Uganda,2014,12.8935368043088,34.4105326152005,24.8199759353437,896.054795546394,181.505779972073,9.16295881110634,0.4,1180.0,200520.0,5.87102911411362,27.149729218405,0.314269
Uganda,2015,12.687811689607,34.4105326152005,23.4723696930371,862.934610355811,187.170586475165,6.26213151601533,0.5,1180.0,200520.0,4.75846799963656,30.135215546196,0.314269
Uganda,2016,12.4820965489727,34.4105326152005,22.6603227869887,752.696571725656,193.49267903451,6.154275977826,0.5,1180.0,200520.0,4.46581226904179,35.1603426340192,0.314269
Uganda,2017,12.2763814083383,34.4105326152005,23.4588353827426,765.218332297361,200.365988430082,6.24870216914578,0.5,1180.0,200520.0,4.63653636026066,38.9070218420697,0.314269
Uganda,2018,12.070666267704,34.4105326152005,23.2502935412734,792.16570022814,207.290200478755,6.06508171801397,0.5,1180.0,200520.0,3.69702486248416,38.5252984266955,0.314269
Uganda,2019,11.8649012567325,34.4105326152005,22.9455088065564,822.171150036357,214.440639337722,5.97104151085438,0.6,1180.0,200520.0,3.44222150767481,40.6644410285873,0.314269
Uganda,2020,11.6591861160981,34.4105326152005,23.9290337205103,845.766463890124,221.709315778975,5.82745827664575,0.7,1180.0,200520.0,2.42880571481392,48.062157782797,0.314269
Uganda,2021,11.4534375623379,34.4105326152005,23.8418038272172,882.791717542504,228.959355675244,5.62825572631813,0.7,1180.0,200520.0,2.62829551375759,52.1424485431174,0.314269
Uganda,2022,11.2477114502294,34.4105326152005,24.0117220529553,963.067314117178,235.950124675843,5.33658316141316,0.8,1180.0,200520.0,3.07945266566298,47.1819700251541,0.314269
Ukraine,2000,16.4149477863122,56.2078191076206,13.951785065407,653.294311523438,85.5383792180892,-0.958141105497537,84.6,565.0,579350.0,1.68772388934803,45.8970249142014,50.4536
Ukraine,2001,16.4215068611375,56.161215154915,13.9760861844442,800.49072265625,84.7619832570985,-1.10318549832447,84.7,565.0,579350.0,1.49274906632136,59.4734683771174,50.4536
Ukraine,2002,16.4283495011565,56.1742672696517,12.6032510741528,903.011901855469,84.0219577450202,-0.890078067384368,85.3,565.0,579340.0,1.80866158544112,56.2032642628855,50.4536
Ukraine,2003,16.4349086891981,56.0637967342148,10.4995403003371,1076.48156738281,83.3968584941485,-0.520441318205232,85.7,565.0,579340.0,1.84758175491075,52.1994087018172,50.4536
Ukraine,2004,16.4414678772396,56.0672489384472,10.4370371199069,1401.01806640625,82.81752856699,-0.434282312507023,85.8,565.0,579340.0,1.55416295058288,49.9846110854182,50.4536
Ukraine,2005,16.4468915047119,56.0115986054058,8.87530749467009,1875.33508300781,82.131858193241,-0.50469151974489,86.1,565.0,579380.0,1.46598141805212,41.2177495967655,50.4536
Ukraine,2006,16.4540182270091,56.0031759182546,7.23906141043294,2366.494140625,81.6050365921016,-0.32933535033185,86.6,565.0,579360.0,1.36155186769381,51.1822010052832,50.4536
Ukraine,2007,16.4614295824487,55.9853624013947,6.28300133403275,3160.32763671875,81.236597448777,-0.192132560414635,86.9,565.0,579330.0,1.29133902235091,56.8852340521727,50.4536
Ukraine,2008,16.4682731478285,56.0553752675551,6.53540152136768,4017.806640625,80.8174670303114,-0.277426357374188,86.95,565.0,579320.0,0.865641316360456,55.8050608668065,50.4536
Ukraine,2009,16.4748325623144,56.0622799143824,6.90539595920772,2607.08764648438,80.480099081682,-0.199275607265797,87.2,565.0,579320.0,1.17988645719887,91.7428679004559,50.4536
Ukraine,2010,16.4813919768004,56.0605537526755,7.40220509822994,3039.63232421875,80.190573430919,-0.196719207447298,87.4,565.0,579320.0,1.14822640081854,91.5918932375376,50.4536
Ukraine,2011,16.5190223020093,56.0985293102258,8.15022183877887,3656.69799804688,79.9348425740523,-0.194146912926158,87.8,565.0,579320.0,1.06791087341835,85.1737693525904,50.4536
Ukraine,2012,16.5566526272181,56.1313263826555,7.76131248389414,3951.34228515625,79.7660291376096,-0.0648896265787346,87.7,565.0,579320.0,0.98662678513018,74.055964307376,50.4536
Ukraine,2013,16.594282952427,56.5784022647242,8.69230562102956,4129.89697265625,79.6222640336947,-0.0229748081893953,87.9,565.0,579320.0,1.26509342600004,78.2755632633463,50.4536
Ukraine,2014,16.6327746033938,56.569248562896,10.1546081548161,3054.908203125,79.3598715669181,-0.157276650655011,87.9,565.0,579290.0,1.7653939476373,96.7265802999128,50.4536
Ukraine,2015,16.6704068773844,56.5778798183984,12.0593761063371,2094.47387695313,79.0362271055948,-0.259177309860707,87.9,565.0,579290.0,2.15149127104961,125.025871206995,50.4536
Ukraine,2016,16.6824906350878,56.5796060694989,11.7257009089167,2158.46118164063,78.7461064406429,-0.293318398194282,88.0,565.0,579290.0,2.10627209977383,123.342420933118,50.4536
Ukraine,2017,16.6942862074918,56.5734507163818,10.1776550393512,2604.28759765625,78.432661833247,-0.320440524062044,88.1,565.0,579300.0,1.74188322801217,109.407147922562,50.4536
Ukraine,2018,16.7034863652054,56.7638936831205,10.1395331070229,3059.0517578125,78.0271090783569,-0.425399417245174,87.9,565.0,579400.0,2.02343434444727,92.7372175750206,50.4536
Ukraine,2019,16.7138419054194,56.8243010010356,8.96518101437243,3619.86157226563,77.5931273731446,-0.504430684634938,88.0,565.0,579400.0,1.73858574617812,80.6987144339379,50.4536
Ukraine,2020,16.7241974456334,56.8243010010356,9.31015109807472,3709.76928710938,77.1142802899551,-0.574138130818796,87.8,565.0,579400.0,1.71145057390241,83.3576019691388,50.4536
Ukraine,2021,16.7345529858474,56.8243010010356,10.8857721063269,4775.94580078125,76.4560579910252,-0.830148716273566,87.9,565.0,579400.0,1.57080477193832,70.5832658828963,50.4536
Ukraine,2022,16.7449085260614,56.8243010010356,8.57297627041519,4199.6708984375,70.8470245081118,-7.58942035857226,88.0,565.0,579400.0,1.99056988735288,84.1145910098624,50.4536
United Arab Emirates,2000,4.35694170656153,0.844832441565756,2.26265009303746,29865.502347066,49.1914249507181,7.22474680969541,100.0,78.0,71020.0,0.0350728403573368,,24.4764
United Arab Emirates,2001,4.36802309208674,0.999718389186145,2.23820016235649,27745.1708087672,52.4301605181639,6.95453633917395,100.0,78.0,71020.0,0.064523839856373,,24.4764
United Arab Emirates,2002,4.37910447761194,1.0560405519572,2.20332258864369,27753.6089526346,55.7142495071811,6.72987320666338,100.0,78.0,71020.0,0.0767493357769004,,24.4764
United Arab Emirates,2003,4.39018586313714,0.901154604336806,1.92768393253654,29659.5428567811,59.0320613911574,6.50244253655715,100.0,78.0,71020.0,0.0554471391403896,,24.4764
United Arab Emirates,2004,4.40126724866235,0.887074063644044,1.66536190905993,33376.7152295209,62.3622500704027,6.25677205903748,100.0,78.0,71020.0,0.0438725463106341,,24.4764
United Arab Emirates,2005,4.41234863418755,0.957476767107857,1.39540987408529,38719.3138307623,65.6827654181921,6.0910302496929,100.0,78.0,71020.0,0.0446472844749799,,24.4764
United Arab Emirates,2006,4.42343001971276,0.712475359053788,1.09424400194674,44342.6048322482,70.5308363841172,7.54208266572102,100.0,78.0,71020.0,0.0376731759386469,,24.4764
United Arab Emirates,2007,4.43451140523796,0.627992114897212,0.976671167666283,45854.7325158162,79.1979019994368,11.8315899247186,100.0,78.0,71020.0,0.0492649141991004,,24.4764
United Arab Emirates,2008,4.44559279076317,0.72655589974655,0.82730546409323,50054.1700681803,88.7449169248099,11.6317928708509,100.0,78.0,71020.0,0.033956561998796,,24.4764
United Arab Emirates,2009,4.45667417628837,0.702618980568854,1.03688688860825,37803.0663738777,94.439003097719,6.46474974604993,100.0,78.0,71020.0,0.0378394000929947,,24.4764
United Arab Emirates,2010,4.46775556181357,0.712475359053788,0.732284398165927,44795.2949302268,96.7310335116868,2.63965830603282,100.0,78.0,71020.0,0.045415982642172,,24.4764
United Arab Emirates,2011,4.46775556181357,0.635032385243593,0.650173172827368,51921.904511613,100.035736412278,3.5966196748183,100.0,78.0,71020.0,0.0627394595631377,,24.4764
United Arab Emirates,2012,4.46775556181357,0.522388059701493,0.627714840690063,53141.6124340099,104.075584342439,4.19183969536165,100.0,78.0,71020.0,0.0508603566220273,,24.4764
United Arab Emirates,2013,4.46775556181357,0.528020275978598,0.631291645173813,53247.2409495441,108.322036046184,4.22747498230438,100.0,78.0,71020.0,0.0581320261763272,,24.4764
United Arab Emirates,2014,4.46775556181357,0.619543790481555,0.625601940820607,52725.2358407934,113.481272880879,4.87668142403339,100.0,78.0,71020.0,0.0701138120051121,,24.4764
United Arab Emirates,2015,4.46775556181357,0.620951844550831,0.716283764709908,44910.334995523,119.75833568009,5.60289742796394,100.0,78.0,71020.0,0.0754647340805313,,24.4764
United Arab Emirates,2016,4.46775556181357,0.626584060827936,0.740803620343316,42721.0999383185,125.8109687412,5.14482180041568,100.0,78.0,71020.0,0.0850474591658725,,24.4764
United Arab Emirates,2017,4.46775556181357,0.626584060827936,0.753700320921749,43733.6192287435,129.867994931005,3.38335539098649,100.0,78.0,71020.0,0.103702274231993,,24.4764
United Arab Emirates,2018,4.46775556181357,0.595606871303858,0.705642980623094,47135.3591943971,131.606603773585,1.53452882748354,100.0,78.0,71020.0,0.099312163983083,,24.4764
United Arab Emirates,2019,4.46775556181357,0.702618980568854,0.734628769937638,45938.6073581994,133.001760067587,1.25423845353851,100.0,78.0,71020.0,0.0519030127100993,,24.4764
United Arab Emirates,2020,4.46775556181357,0.689946493945367,0.962965730130207,37991.7492971665,132.371698113208,-0.280169766220414,100.0,78.0,71020.0,0.0455481988594724,,24.4764
United Arab Emirates,2021,4.46775556181357,0.708251196845959,0.890347914421406,44118.5047192771,134.823317375387,2.02470774513955,100.0,78.0,71020.0,0.0616968506302424,,24.4764
United Arab Emirates,2022,4.46775556181357,0.709433962264151,0.740896924545652,50759.7589231191,141.861123627147,5.27274036687264,100.0,78.0,71020.0,0.0627762853726335,,24.4764
United Kingdom,2000,12.2101434299177,24.2880171950564,0.805152979066022,28383.8761094996,243.427908899268,0.610158698892371,100.0,1220.0,241930.0,0.465309737288245,,51.5002
United Kingdom,2001,12.2535444136734,23.3579961145786,0.758425159620422,28013.8729635508,244.366854048692,0.584828554947195,100.0,1220.0,241930.0,0.447967458140086,,51.5002
United Kingdom,2002,12.296945397429,23.9160087628653,0.899764449050179,30158.7017807858,245.40354234696,0.586705379663413,100.0,1220.0,241930.0,0.492384784706925,,51.5002
United Kingdom,2003,12.3403463811846,23.3910635307734,0.831206604029142,34556.7726095905,246.548906708552,0.613511072598202,100.0,1220.0,241930.0,0.539474116542251,,51.5002
United Kingdom,2004,12.3837473649403,24.0524118546687,0.741442331384033,40504.4118103928,247.955627660894,0.704917189320298,100.0,1220.0,241930.0,0.606683127068147,,51.5002
United Kingdom,2005,12.4271483486959,23.6804034224776,0.547158772249259,42240.2462987547,249.663977183483,0.815060119138735,100.0,1220.0,241930.0,0.581551627369287,,51.5002
United Kingdom,2006,12.4705493324515,25.1891042863638,0.575070361550119,44695.161023424,251.50589013351,0.860324502564589,100.0,1220.0,241930.0,0.546576822243332,,51.5002
United Kingdom,2007,12.5139503162072,25.1519034431447,0.553318266269432,50629.0799172887,253.471925763651,0.905092832933231,100.0,1220.0,241930.0,0.650483912117215,,51.5002
United Kingdom,2008,12.5573512999628,24.821229281197,0.669821878060213,47652.4030691881,255.474703426611,0.918919312636611,100.0,1220.0,241930.0,0.643299529064956,,51.5002
United Kingdom,2009,12.6007522837184,25.0031000702683,0.680900728162344,39009.3715547821,257.414417393461,0.898017639610317,100.0,1220.0,241930.0,0.612338507297222,,51.5002
United Kingdom,2010,12.6441532674741,24.6765593353449,0.565712301782542,39778.3220528565,259.440189310958,0.939508385587818,100.0,1220.0,241930.0,0.67658500628639,,51.5002
United Kingdom,2011,12.7235150663415,25.0568346215848,0.704214809469773,42295.9273835322,261.475674781962,0.955196984295187,100.0,1220.0,241930.0,0.703236032466969,,51.5002
United Kingdom,2012,12.8028768652089,25.6768486752366,0.62478654917094,42688.3263728372,263.344769148101,0.902643792088861,100.0,1220.0,241930.0,0.710957205660162,,51.5002
United Kingdom,2013,12.8822386640764,25.8975736783367,0.640890919985333,43606.9837896348,265.113875914521,0.874529228587881,100.0,1220.0,241930.0,0.60524066619391,,51.5002
United Kingdom,2014,12.9616004629438,25.7657173562601,0.737947357586346,47746.2421759562,267.102054313231,0.965659929680164,100.0,1220.0,241930.0,0.644393561245576,,51.5002
United Kingdom,2015,13.0409622618113,24.8460298433431,0.633552833586443,45255.3449216209,269.036498160625,0.952631258647078,100.0,1220.0,241930.0,0.586423812858375,,51.5002
United Kingdom,2016,13.0574959699087,24.9080746496921,0.590496095532871,41257.9085545556,271.18174678626,1.03666656488559,100.0,1220.0,241930.0,0.592020672484885,,51.5002
United Kingdom,2017,13.0781631050304,25.1431380977969,0.606135163563991,40916.8115070354,272.665647088001,0.798556090757597,100.0,1220.0,241930.0,0.544383238678857,,51.5002
United Kingdom,2018,13.1153639482495,24.9567536064151,0.563097756036101,43702.9976303165,274.000744016864,0.750672419193121,100.0,1220.0,241930.0,0.488454454650047,,51.5002
United Kingdom,2019,13.1525647914686,25.1543768858761,0.576929649470186,43158.7411267323,275.414376059191,0.785164433740315,100.0,1220.0,241930.0,0.452674411812246,,51.5002
United Kingdom,2020,13.1856322076634,24.7117025585913,0.683760683760684,40812.6794663879,275.881453312942,0.447347439874678,100.0,1220.0,241930.0,0.470842317086771,,51.5002
United Kingdom,2021,13.2214553796553,24.8410870913074,0.698210493866494,47691.3768799404,276.873475798785,0.4658072904809,100.0,1220.0,241930.0,0.541368177387372,,51.5002
United Kingdom,2022,13.2554871243748,24.9704873310462,0.681106058275464,47057.043229179,279.436200553879,1.02581981197175,100.0,1220.0,241930.0,0.490929460519717,,51.5002
United States,2000,33.1301735880689,19.1528849848067,1.15055536360653,36329.9560727102,30.7973013298523,1.4443639032964,100.0,715.0,9161920.0,2.31176589061403,,38.8895
United States,2001,33.1867556145437,19.151313261849,1.1292569744094,37133.623113437,31.1036283879362,1.28590084492375,100.0,715.0,9161920.0,2.33320484203807,,38.8895
United States,2002,33.2433376410185,18.8799945862876,0.973711859673977,37997.7596573051,31.3935499327652,1.22679002674936,100.0,715.0,9161920.0,2.42109840854496,,38.8895
United States,2003,33.2999196674933,18.6342900833013,1.12104760396265,39490.2749557007,31.6645346171981,1.14974831150741,100.0,715.0,9161920.0,2.64288950971667,,38.8895
United States,2004,33.3565016939681,18.3928163529042,1.26548363027696,41724.6316287624,31.9589450682826,1.19932029456479,100.0,715.0,9161920.0,2.66434741034169,,38.8895
United States,2005,33.4130837204429,18.1487285416157,1.1505065593333,44123.4070679055,32.2548765979183,1.1714934968182,100.0,715.0,9161920.0,2.5593202703219,,38.8895
United States,2006,33.4696657469177,17.9130815374943,1.00948718664602,46302.0008800056,32.5673998463204,1.18241590005963,100.0,715.0,9161920.0,2.46044755035212,,38.8895
United States,2007,33.5262477733925,17.6588154011386,1.07512397740734,48050.2237771135,32.8786113609374,1.13007654717056,100.0,715.0,9161920.0,2.41622620758277,,38.8895
United States,2008,33.6360635020585,17.5380978571007,1.05300059714298,48570.0459804586,33.2436868537795,1.07823824914161,100.0,715.0,9147420.0,2.28791264221868,,38.8895
United States,2009,33.6927352193296,17.3860510613922,0.960285892029002,47194.9433547336,33.5363992251367,0.954849287571703,100.0,715.0,9147420.0,2.31153275974209,,38.8895
United States,2010,33.7494069366007,17.2358768155392,1.02943733820679,48642.6100179312,33.8213646033526,0.864392511989343,100.0,715.0,9147420.0,2.62252718576779,,38.8895
United States,2011,33.7794700582241,17.0864234286826,1.20055910284662,50024.868799398,34.0904277927547,0.787414238049866,100.0,715.0,9147420.0,2.75689017258692,,38.8895
United States,2012,33.8095331798474,16.9341433431503,1.14932964297306,51708.4011556577,34.3636893244215,0.783503603106941,100.0,715.0,9147420.0,2.42826767518133,,38.8895
United States,2013,33.8395963014708,16.9903285735213,1.32108416447024,53179.0127634561,34.6246572257533,0.728223178197271,100.0,715.0,9147420.0,2.39135511961373,,38.8895
United States,2014,33.8696594230942,17.0496535963146,1.17206510494526,54973.4207515712,34.9013776562134,0.750556344326545,100.0,715.0,9147420.0,2.2935676509223,,38.8895
United States,2015,33.8997225447175,17.103561900514,1.03393378310334,56572.9188996063,35.1809713558577,0.731619330427075,100.0,715.0,9147420.0,2.26473634136667,,38.8895
United States,2016,33.8997225447175,17.154019176992,0.942644552842604,57638.1018367192,35.4584505795077,0.694814117563349,100.0,715.0,9147420.0,2.2932690995558,,38.8895
United States,2017,33.8669264120375,17.2100806566223,0.946868677532138,59635.0984397965,35.7049975840182,0.573829589091971,100.0,715.0,9147420.0,2.28760063212961,,38.8895
United States,2018,33.8669264120375,17.0873260438462,0.903900642655548,62499.8744390068,35.9149986553586,0.435313708393269,100.0,715.0,9147420.0,2.23298346824415,,38.8895
United States,2019,33.8669264120375,16.9548167680067,0.838812891431208,64746.4506778863,36.1004771837305,0.328117138669072,100.0,715.0,9147420.0,2.0149095883192,,38.8895
United States,2020,33.8669264120375,16.8248090718476,0.948847431791134,63515.9491807833,36.248222996211,0.242275902012485,100.0,715.0,9147420.0,2.13686138176326,,38.8895
United States,2021,33.8669264120375,16.6944952784501,0.959566656543433,70205.050916026,36.3052926398919,0.16984763362711,100.0,715.0,9147420.0,2.04366802376243,,38.8895
United States,2022,33.8669264120375,16.5679749153313,,76657.2488844403,36.5149212564854,0.607013468343226,100.0,715.0,9147420.0,2.04907815691833,,38.8895
Uruguay,2000,7.82196320420523,7.84481773511599,5.99419379958816,6987.70098766257,18.6619014969718,0.479395975223141,100.0,1265.0,175020.0,9.29948465467911,,34.8941
Uruguay,2001,8.02896811792938,7.86767226602674,5.5867032330245,6382.76104740859,18.707867672266,0.354351518608265,100.0,1300.0,175020.0,10.8483725389534,,34.8941
Uruguay,2002,8.23597303165353,7.89052679693749,7.52965904535852,4149.76140312687,18.734241800937,0.264133657645678,100.0,1300.0,175020.0,12.6727863744574,,34.8941
Uruguay,2003,8.44297794537767,7.91338132784825,9.63878300629108,3671.12329256883,18.7474917152325,0.220771591166144,100.0,1300.0,175020.0,11.2021106384352,,34.8941
Uruguay,2004,8.64998285910182,7.936235858759,10.9967908719866,4168.66065438387,18.7587018626443,0.250515837580007,100.0,1300.0,175020.0,9.47833223184812,,34.8941
Uruguay,2005,8.85698777282596,7.95337675694206,8.74583674336276,5284.25677987129,18.773688721289,0.384764813562929,100.0,1300.0,175020.0,9.23216295777713,,34.8941
Uruguay,2006,9.06399268655011,7.97623128785282,8.91384522998833,6001.33294783172,18.7950291395269,0.550606917045368,100.0,1300.0,175020.0,9.76790797112039,,34.8941
Uruguay,2007,9.27099760027425,8.43332190606788,8.49936418864264,7222.05403645877,18.8272940235402,0.68466729750515,100.0,1300.0,175020.0,10.4948766553893,,34.8941
Uruguay,2008,9.4780025139984,10.4330933607588,9.16892403649034,9423.96562595893,18.8674265798194,0.748727802729695,100.0,1300.0,175020.0,10.4971135993647,,34.8941
Uruguay,2009,9.68500742772255,12.5414238372757,7.88699609562802,9881.39573127081,18.9126442692264,0.745221872731879,100.0,1300.0,175020.0,9.79099810314798,,34.8941
Uruguay,2010,9.89201234144669,11.6158153353902,7.20206450749149,12641.0576849008,18.9611472974517,0.680631344514392,100.0,1300.0,175020.0,10.5123737024964,,34.8941
Uruguay,2011,10.1076448405896,13.4384641755228,8.82916199856249,15132.2675725587,19.0082561992915,0.534326370435143,100.0,1300.0,175020.0,10.4506158954624,,34.8941
Uruguay,2012,10.3232773397326,12.3414466918067,8.12177248512393,16259.5940814256,19.0572563135642,0.423244517665497,100.0,1300.0,175020.0,8.43530569092041,,34.8941
Uruguay,2013,10.5389098388756,13.1853502456862,7.61620062705491,18335.2594772322,19.1140269683465,0.428013742277378,100.0,1300.0,175020.0,8.87518885018506,,34.8941
Uruguay,2014,10.7545423380185,13.9189806879214,6.73546217242537,18322.4276767157,19.1768597874529,0.43911318221981,100.0,1300.0,175020.0,10.2360732259685,,34.8941
Uruguay,2015,10.9701748371615,13.8761284424637,6.13144194290358,17125.9016800298,19.2436121586104,0.442439754144479,100.0,1300.0,175020.0,13.4789027567977,,34.8941
Uruguay,2016,11.1244429208091,12.7202605416524,6.67871966293107,17009.7584207276,19.3079819449206,0.416486331904323,100.0,1300.0,175020.0,14.3532191101854,,34.8941
Uruguay,2017,11.2444292080905,12.4780025139984,5.40639904878287,19184.6502617082,19.3602902525426,0.344403692816463,100.0,1300.0,175020.0,14.6896802364201,,34.8941
Uruguay,2018,11.364415495372,12.2945949034396,5.823866393323,19249.9404677501,19.3951205576506,0.248422878529212,100.0,1300.0,175020.0,17.4931079096501,,34.8941
Uruguay,2019,11.4844017826534,11.9317792252314,6.50279559696965,18315.7316980028,19.4103873842989,0.135002357558378,100.0,1300.0,175020.0,15.0414022634063,,34.8941
Uruguay,2020,11.6043880699349,11.5666780939321,7.20670291373453,15757.5355995779,19.4204548051651,0.106174663113162,100.0,1300.0,175020.0,14.2851338157429,,34.8941
Uruguay,2021,11.7243743572163,11.6043880699349,7.73426774499001,17881.818721099,19.4074677179751,-0.0145264045414992,100.0,1300.0,175020.0,12.6765353136098,,34.8941
Uruguay,2022,11.8443606444978,12.0871328990972,6.91840277577074,20818.6146091144,19.3744314935436,-0.120085546438888,100.0,1300.0,175020.0,10.7986558673154,,34.8941
Uzbekistan,2000,6.7928870436847,10.2760542704116,30.05590367367,555.149231099186,56.8556053811659,3.05905419336131,71.5,206.0,435965.0,,36.5762101824344,41.3052
Uzbekistan,2001,6.88276941852809,10.2796212988431,29.973808702008,454.415812256778,57.5582699220712,2.9153362677705,71.6,206.0,435911.0,,46.5875693718103,41.3052
Uzbekistan,2002,6.97181030072653,10.2865034376283,30.1226812703015,381.409296889283,58.2687291671924,2.79670582532881,72.3,206.0,435911.0,,53.9253936948991,41.3052
Uzbekistan,2003,7.06140195513872,10.1978310394905,28.4620073141,394.164028897235,58.9874184689718,2.62761293901122,72.3,206.0,435877.0,,53.1856050629554,41.3052
Uzbekistan,2004,7.15084351834219,10.1089128674117,26.4440094608923,462.171492867885,59.7204791523748,2.44909817089643,73.0,206.0,435853.0,,43.5028223447929,41.3052
Uzbekistan,2005,7.23996269350165,10.0195251107608,26.3310599495083,542.835808692209,60.4727210570633,2.25128950418496,73.1,206.0,435849.0,,32.4706790115178,41.3052
Uzbekistan,2006,7.32899942640817,9.93002179648962,25.0794086599227,649.118167003925,61.2574119536538,2.04187425149311,73.3,206.0,435850.0,,26.2167337004859,41.3052
Uzbekistan,2007,7.41577282652574,9.83751697309993,23.235899255055,824.028192334768,62.1032147968733,1.87661215219405,73.4,206.0,435984.0,,20.0829098757359,41.3052
Uzbekistan,2008,7.50509144040719,9.74844426298321,19.6896057973097,1074.72928796701,63.0661816146635,1.70030411874163,73.3,206.0,435967.0,,16.2339042416755,41.3052
Uzbekistan,2009,7.59450412322655,9.65947539253805,18.6326849699042,1205.7993547038,64.0891121586439,1.24833928737432,73.8,206.0,435945.0,,21.0964260774202,41.3052
Uzbekistan,2010,7.6844723004781,9.57117818175144,26.9220273127255,1753.20730243278,65.1205023262643,1.04357118908823,73.5,206.0,435892.0,,15.7770566776219,41.3052
Uzbekistan,2011,7.77762735510281,9.48351227257812,29.698578103928,2087.86386135694,66.1372206631804,1.54456497984643,73.9,206.0,435809.0,,13.3983031953089,41.3052
Uzbekistan,2012,7.86948141349243,9.39421753097751,28.9635566978791,2307.34649117185,67.1452569986232,1.5036175807704,73.4,206.0,435800.0,,12.517313116097,41.3052
Uzbekistan,2013,7.96137580342781,9.30496180491017,27.8106018166029,2461.97947403595,68.207469669955,1.16053028853496,73.75,206.0,435789.0,,13.8661401706269,41.3052
Uzbekistan,2014,8.05307155527101,9.27972023157996,28.6963289476955,2674.9628382103,69.3523563008704,1.19246201687132,73.6,206.0,435789.0,,14.9082910918395,41.3052
Uzbekistan,2015,8.05583295506128,9.17158420335906,29.2207185669537,2803.19018021751,69.7897094870631,1.27921460824022,73.6,206.0,440600.0,,15.4883044347435,41.3052
Uzbekistan,2016,8.1397486557828,9.15883438381628,29.2766543055556,2753.37951427589,71.0059170523229,1.72065539789091,73.1,206.0,440591.0,,17.6278326041901,41.3052
Uzbekistan,2017,8.19844389770035,9.1386964692638,25.4562457149834,2190.60411562888,72.2198017195203,1.73689721012727,73.4,206.0,440588.0,6.00993138259418,23.5509763848597,41.3052
Uzbekistan,2018,8.25712061408984,9.12373719605889,23.9262624393086,1813.08530813664,73.4780871882284,1.53500705122047,73.1,206.0,440587.0,3.25939516802847,30.3280220309687,41.3052
Uzbekistan,2019,8.31637366503615,9.15549704350195,21.8419117411197,2041.38480729431,74.8253929702307,1.83052681601385,72.4,206.0,440555.0,3.27380552148194,36.6925126519291,41.3052
Uzbekistan,2020,8.37322137751049,9.12969476909111,22.5277110093492,1978.28051860763,76.2200658118688,2.21367285811154,71.8,206.0,440650.0,2.84882747574895,55.7841269753241,41.3052
Uzbekistan,2021,8.43180461723851,9.11397403399046,22.1547283093166,2258.51964119278,77.7112512566577,2.25278286044501,71.5,206.0,440653.0,2.61168664717448,57.7526022783528,41.3052
Uzbekistan,2022,8.49046413042492,9.14213483656037,20.9737716891415,2578.66689394219,79.2892236957962,2.12332551488887,71.55,206.0,440652.0,1.53356062232117,58.8223840472191,41.3052
Vanuatu,2000,36.2838392124692,1.64068908941756,22.9641302315643,1460.23817692229,15.2814602132896,3.64236470095908,2.5,2000.0,12190.0,29.5645856060888,43.3370129112116,17.7404
Vanuatu,2001,36.2838392124692,1.64068908941756,23.5298826040555,1350.18338238522,15.6711238720263,3.78917953577526,2.7,2000.0,12190.0,,48.3070736689947,17.7404
Vanuatu,2002,36.2838392124692,1.64068908941756,24.2661341066397,1340.71537528287,16.0675143560295,3.70833613500101,2.8,2000.0,12190.0,,63.9606928423951,17.7404
Vanuatu,2003,36.2838392124692,1.64068908941756,22.8288874430709,1566.51396790858,16.4680885972108,3.64004964375199,2.9,2000.0,12190.0,,53.7012144733508,17.7404
Vanuatu,2004,36.2838392124692,1.64068908941756,23.5987549935054,1774.31867585894,16.8753896636587,3.614903896625,3.1,2000.0,12190.0,,44.4531413674895,17.7404
Vanuatu,2005,36.2838392124692,1.64068908941756,22.2744970798183,1873.99142640619,17.2895816242822,3.6188124740088,3.2,2000.0,12190.0,,27.19800521632,17.7404
Vanuatu,2006,36.2838392124692,1.64068908941756,20.9849622513423,2034.79289624351,17.7131255127153,3.65959938592122,3.3,2000.0,12190.0,7.89472651611258,26.3768387088692,17.7404
Vanuatu,2007,36.2838392124692,1.64068908941756,20.9592045067866,2333.70506748914,18.1522559474979,3.75664923130978,3.4,2000.0,12190.0,2.11361258675098,26.0141140927639,17.7404
Vanuatu,2008,36.2838392124692,1.64068908941756,20.0140320398243,2603.60883136724,18.6132895816243,3.90836857777968,3.5,2000.0,12190.0,,25.2977581573713,17.7404
Vanuatu,2009,36.2838392124692,1.64068908941756,19.3907393648134,2546.38324565986,19.0919606234619,4.02353640761792,3.5,2000.0,12190.0,1.9833140335177,26.873895062442,17.7404
Vanuatu,2010,36.2838392124692,1.64068908941756,19.5427410917595,2815.18828985779,19.5445447087777,4.2060412799186,3.7,2000.0,12190.0,1.73113943963187,27.3648550562684,17.7404
Vanuatu,2011,36.2838392124692,1.64068908941756,20.8591539075539,3163.1861645138,19.9732567678425,2.34551436667443,3.8,2000.0,12190.0,2.82897343799569,23.7567388551866,17.7404
Vanuatu,2012,36.2838392124692,1.64068908941756,21.6186956898294,3004.78416664293,20.4169811320755,2.32738135103806,4.0,2000.0,12190.0,,25.855700827128,17.7404
Vanuatu,2013,36.2838392124692,1.64068908941756,21.5212297048485,2979.79608084399,20.8762920426579,2.31399942756522,4.25,2000.0,12190.0,,20.9067930822229,17.7404
Vanuatu,2014,36.2838392124692,1.64068908941756,23.8356456208559,2973.09026493408,21.3486464315012,2.2956801058664,4.4,2000.0,12190.0,,25.865563403427,17.7404
Vanuatu,2015,36.2838392124692,1.64068908941756,21.604386579386,2854.89412272653,21.829450369155,2.2577634892911,4.8,2000.0,12190.0,,33.2323678880065,17.7404
Vanuatu,2016,36.2838392124692,1.64068908941756,20.9286066315946,2956.12644801489,22.3205086136177,2.23599917644853,5.0,2000.0,12190.0,,35.705409422873,17.7404
Vanuatu,2017,36.2838392124692,1.64068908941756,21.3706830229642,3159.86055790126,22.8471698113208,1.92500839157296,5.4,2000.0,12190.0,,45.4941987477276,17.7404
Vanuatu,2018,36.2838392124692,1.64068908941756,21.2193984380427,3206.65748718811,23.4010664479081,0.390704632684087,5.8,2000.0,12190.0,,42.7318377452227,17.7404
Vanuatu,2019,36.2838392124692,1.64068908941756,21.1205211726384,3207.44650452083,23.9528301886792,-0.895084494796701,6.3,2000.0,12190.0,,39.6770242613178,17.7404
Vanuatu,2020,36.2838392124692,1.64068908941756,22.868796996064,3042.98711598286,24.5166529942576,-2.39497083835586,6.85,2000.0,12190.0,,43.4258594364542,17.7404
Vanuatu,2021,36.2838392124692,1.64068908941756,24.0840967862876,3107.20312858002,25.0917145200984,1.56382762826172,7.6,2000.0,12190.0,,42.5907279193741,17.7404
Vanuatu,2022,36.2838392124692,1.64068908941756,24.3052702502835,3370.21191956953,25.6805578342904,2.3381498199341,8.2,2000.0,12190.0,,39.0105450999343,17.7404
"Venezuela, RB",2000,55.7235984354628,2.94201009013094,3.9329857306368,4776.2816763938,27.8064826257015,2.17598248491815,78.1,2044.0,882050.0,0.190179004770755,,9.08165
"Venezuela, RB",2001,55.53698769911,2.9454112578652,4.23151248545234,4920.39313600453,28.3203015702058,2.00459289427043,77.35,2044.0,882050.0,0.239667917853181,,9.08165
"Venezuela, RB",2002,55.3503769627572,2.9454112578652,3.84704619241777,3652.09896501865,28.8369945014455,1.90145106095909,77.5,2044.0,882050.0,0.233967993711354,,9.08165
"Venezuela, RB",2003,55.1637662264044,2.94767870302137,4.31314643960616,3229.50557082079,29.3551419987529,1.85645895934157,77.2,2044.0,882050.0,0.151079686178734,,9.08165
"Venezuela, RB",2004,54.9771554900516,3.00436483192563,3.71881718358774,4269.08970872392,29.8632027662831,1.78513360380693,77.4,2044.0,882050.0,0.0954263118825281,,9.08165
"Venezuela, RB",2005,54.7905447536988,3.01003344481605,3.69518323245945,5432.4854184654,30.3676707669633,1.73735351585254,77.2,2044.0,882050.0,0.0479675108452244,,9.08165
"Venezuela, RB",2006,54.603934017346,3.01003344481605,3.6568046342889,6739.38065342218,30.8652411994785,1.67980635170462,78.1,2044.0,882050.0,0.0195902402073723,,9.08165
"Venezuela, RB",2007,54.4173232809931,3.01456833512839,3.81353938861893,8331.62096991844,31.346707102772,1.59424645942576,78.1,2044.0,882050.0,,,9.08165
"Venezuela, RB",2008,54.2307125446403,3.06105096082988,4.15841611570505,11262.4514256759,31.8051085539369,1.48933968700352,78.7,2044.0,882050.0,0.0225887280143112,,9.08165
"Venezuela, RB",2009,54.0441018082875,2.94767870302137,5.6621777947414,11596.6021921731,32.2411405249136,1.38978108798722,79.0,2044.0,882050.0,0.0295347067080984,,9.08165
"Venezuela, RB",2010,53.8574910719347,2.94767870302137,5.37526516550554,13646.3046622664,32.6660631483476,1.32745204152664,79.7,2044.0,882050.0,0.0300592497333662,,9.08165
"Venezuela, RB",2011,53.6711070800975,2.94767870302137,5.01293006431094,10843.9229703167,33.0879337906014,1.28915206299406,80.0,2044.0,882050.0,0.0135644814243347,,9.08165
"Venezuela, RB",2012,53.4847230882603,2.94767870302137,,12607.2361246243,33.5058398049997,1.29142384217913,80.5,2044.0,882050.0,0.00343633713576977,,9.08165
"Venezuela, RB",2013,53.2983390964231,2.94767870302137,,8656.35669723668,33.9121342327532,1.24863564842799,80.9,2044.0,882050.0,0.0183680560932705,,9.08165
"Venezuela, RB",2014,53.1119551045859,2.94767870302137,,7096.22047105512,34.2997324414716,1.17888524729233,81.2,2044.0,882050.0,,,9.08165
"Venezuela, RB",2015,52.9255711127487,2.94767870302137,,4103.1384987005,34.662402358143,1.09407053870059,81.9,2044.0,882050.0,,,9.08165
"Venezuela, RB",2016,52.7671447196871,2.94767870302137,,3670.15737848208,34.8797913950456,0.667307730836811,82.2,2044.0,882050.0,,,9.08165
"Venezuela, RB",2017,52.6366759254011,2.94767870302137,,3791.33160682077,34.6525967915651,-0.61155561314555,82.5,2044.0,882050.0,,,9.08165
"Venezuela, RB",2018,52.5341647298906,2.94767870302137,,3422.65467014854,33.7935400487501,-2.46853556898518,82.7,2044.0,882050.0,,,9.08165
"Venezuela, RB",2019,52.4596111331557,2.94767870302137,,2523.11275230667,32.8077750694405,-2.91882846055459,83.1,2044.0,882050.0,,,9.08165
"Venezuela, RB",2020,52.4130151351964,2.94767870302137,,1506.0436210041,32.2476923076923,-1.68050569212668,83.4,2044.0,882050.0,,,9.08165
"Venezuela, RB",2021,52.3477807380534,2.94767870302137,,2004.93397949792,32.0138608922397,-0.686543169918842,83.2,2044.0,882050.0,,,9.08165
"Venezuela, RB",2022,52.2949719403662,2.94767870302137,,3155.04207099687,31.9857343688,-0.0468905599823064,83.45,2044.0,882050.0,,,9.08165
Viet Nam,2000,37.8836880344628,19.9318459461197,24.5345819955349,404.029784055118,248.035784093101,3.39581132286771,4.4,1821.0,311060.0,1.98706833367132,41.792625574896,21.0069
Viet Nam,2001,38.3956282747758,21.3732360410171,23.2410475903552,419.205677580901,250.632810440708,3.41034144637006,5.7,1821.0,311090.0,1.94996628084631,39.1741871054437,21.0069
Viet Nam,2002,38.9788826275962,21.2526163258735,23.0294421776834,445.132861817313,253.6539172436,3.42108090106931,7.6,1821.0,310550.0,2.3206701343846,38.6816313185181,21.0069
Viet Nam,2003,39.5565130454414,21.2242396878124,22.5424367056108,497.117089249256,256.599403360531,3.39881984095249,9.7,1821.0,310070.0,2.42283029037707,40.0605772555549,21.0069
Viet Nam,2004,40.0738026897152,20.8646434676041,21.8076993514673,565.452284586212,259.099464637017,3.33889208469533,12.2,1821.0,310070.0,2.37635535307575,39.5525077207593,21.0069
Viet Nam,2005,40.2320697359967,20.3236829403172,19.2999788840494,710.746759994861,259.203077001761,3.23897014139341,15.1,1821.0,312837.0,3.120373031429,32.8651603081175,21.0069
Viet Nam,2006,40.7502549593184,20.2944420467079,18.7267854535521,807.756645117054,262.689291708627,3.54798566946169,18.2,1821.0,312795.0,4.06734388559352,28.8741151356014,21.0069
Viet Nam,2007,41.2943261730623,20.1869732977559,18.655099701709,925.640338348717,267.577137683246,3.88392022435259,21.8,1821.0,312558.0,3.8237266438201,30.7473585616458,21.0069
Viet Nam,2008,41.7762218982583,20.0852323588839,20.4131439246507,1163.83195772873,272.308076932914,3.8121097980197,26.1,1821.0,312792.0,3.30731274076361,27.5497882153862,21.0069
Viet Nam,2009,42.2930662932198,20.1431120148867,19.1684598670425,1226.16976051536,276.440290060813,3.3219726496492,31.15,1821.0,312762.0,2.77380085664387,32.3054945885018,21.0069
Viet Nam,2010,42.7332154461943,20.5474729806508,15.3750906872381,1683.16182443979,279.147229120251,2.78509907779886,37.0,1821.0,313294.0,4.05331094673321,31.5643856988691,21.0069
Viet Nam,2011,43.1647323195567,20.5487672527164,16.2591484896283,1950.92504174913,282.390144405715,2.62585841969135,43.9,1821.0,313284.0,4.35735005133602,32.3790967192749,21.0069
Viet Nam,2012,43.5708247064191,20.4216208283752,16.199507640393,2185.11767654291,285.558644407367,2.53840240642015,50.9,1821.0,313457.0,3.39020724036877,32.875948016499,21.0069
Viet Nam,2013,44.0639521125592,20.5196472555451,15.2156122465127,2359.51736472828,289.364162813695,2.49269980122556,58.05,1821.0,313007.33,3.19709072112002,32.1019722734645,21.0069
Viet Nam,2014,44.4428488915694,20.4533923049676,14.8803489262722,2546.38464459903,292.559228518274,2.52048355679202,66.1,1821.0,313371.0,2.33044349338826,33.2733273586748,21.0069
Viet Nam,2015,44.8711640388917,22.3458196519913,14.4747261789547,2577.56885340113,296.1974772084,2.58618883560289,73.3,1821.0,313383.0,2.12289412461467,36.0276512949194,21.0069
Viet Nam,2016,45.8783548775157,22.3302179094857,13.8182553730866,2735.0604380416,299.948999160782,2.69033256754995,79.3,1821.0,313387.0,1.96482148942489,37.2434368821309,21.0069
Viet Nam,2017,45.9963369846492,22.2981273312636,12.9298794852362,2956.10992127753,303.688787280275,2.79982090581249,84.9,1821.0,313403.0,1.93958063470511,41.5701252327449,21.0069
Viet Nam,2018,46.2346815387217,22.1807809743195,12.3066684310428,3222.31003125366,307.046632570694,2.82681090808417,89.3,1821.0,313429.0,1.83618700254638,38.2695640665703,21.0069
Viet Nam,2019,46.4768416451573,21.6444553630966,11.7845285540387,3440.90025375434,310.034412897339,2.96038644426744,92.5,1821.0,313429.0,1.89968039857949,38.5732191379908,21.0069
Viet Nam,2020,46.7190017515929,21.6540269088055,12.6554035685556,3534.03953482647,312.923153250018,3.6251116340205,95.0,1821.0,313429.0,1.75204147370786,39.0234679461042,21.0069
Viet Nam,2021,46.9611618580284,21.6740633444895,12.6030904652745,3704.1935590038,315.653937574379,3.86918418992208,96.8,1821.0,313429.0,1.87609749919639,40.2192163533687,21.0069
Viet Nam,2022,47.203321964464,21.5455493907711,11.8802998302585,4147.69777213621,318.032648542413,3.1599357541504,97.9,1821.0,313429.0,2.1068687246648,37.2580281492659,21.0069
Virgin Islands (U.S.),2000,58.4857142857143,5.71428571428571,,,310.405714285714,0.588043515252851,,,350.0,,,18.3358
Virgin Islands (U.S.),2001,57.9028571428571,5.71428571428571,,,310.14,0.246149084105546,,,350.0,,,18.3358
Virgin Islands (U.S.),2002,57.32,5.71428571428571,,30062.0225050457,310.025714285714,0.272241007238859,,,350.0,,,18.3358
Virgin Islands (U.S.),2003,56.7371428571429,5.71428571428571,,31731.2566241187,310.014285714286,0.273473728901165,,,350.0,,,18.3358
Virgin Islands (U.S.),2004,56.1542857142857,5.71428571428571,,35006.3614404514,309.902857142857,0.208797129060232,,,350.0,,,18.3358
Virgin Islands (U.S.),2005,55.5714285714286,5.71428571428571,,40828.7460927775,309.865714285714,0.204434730738082,,,350.0,,,18.3358
Virgin Islands (U.S.),2006,54.9885714285714,2.85714285714286,,41377.1466009652,309.625714285714,0.111868909169247,,,350.0,,,18.3358
Virgin Islands (U.S.),2007,54.4057142857143,2.85714285714286,,44158.5054044325,309.534285714286,0.133294148913368,,,350.0,,,18.3358
Virgin Islands (U.S.),2008,53.8228571428571,2.85714285714286,,39152.3750657306,309.705714285714,0.193743516869666,,,350.0,,,18.3358
Virgin Islands (U.S.),2009,53.24,2.85714285714286,,38753.1825393897,309.725714285714,0.123096177092694,,,350.0,,,18.3358
Virgin Islands (U.S.),2010,52.6571428571429,2.85714285714286,,39905.1284180994,309.591428571429,0.0527091540671072,,,350.0,,,18.3358
Virgin Islands (U.S.),2011,53.0742857142857,2.85714285714286,,38997.1373164651,309.4,0.025368576275931,,,350.0,,,18.3358
Virgin Islands (U.S.),2012,53.4914285714286,2.85714285714286,,37795.3192590675,309.108571428571,-0.00975638312139427,,,350.0,,,18.3358
Virgin Islands (U.S.),2013,53.9085714285714,2.85714285714286,,34597.9766940328,308.688571428571,-0.0566058006780035,,,350.0,,,18.3358
Virgin Islands (U.S.),2014,54.3257142857143,2.85714285714286,,33045.3643795999,308.234285714286,-0.0742216526904721,,,350.0,,,18.3358
Virgin Islands (U.S.),2015,54.7428571428571,2.85714285714286,,34007.3529411765,307.748571428571,-0.0928546012635426,,,350.0,,,18.3358
Virgin Islands (U.S.),2016,55.1714285714286,2.85714285714286,,35324.9748874586,307.188571428571,-0.126224961352359,,,350.0,,,18.3358
Virgin Islands (U.S.),2017,55.6,2.85714285714286,,35365.0693039774,306.517142857143,-0.174432892481883,,,350.0,,,18.3358
Virgin Islands (U.S.),2018,56.0285714285714,2.57142857142857,,36663.2087550584,305.717142857143,-0.228791482320302,,,350.0,,,18.3358
Virgin Islands (U.S.),2019,56.4571428571428,2.57142857142857,,38633.5298915336,304.768571428571,-0.291410494186058,,,350.0,,,18.3358
Virgin Islands (U.S.),2020,56.8857142857143,2.57142857142857,,39787.3741650202,303.685714285714,-0.343693858516581,,,350.0,,,18.3358
Virgin Islands (U.S.),2021,57.3142857142857,2.57142857142857,,42571.0777368471,302.485714285714,-0.329989151173117,,,350.0,,,18.3358
Virgin Islands (U.S.),2022,57.7428571428571,2.57142857142857,,44320.909185774,301.18,-0.372917689291462,,,350.0,,,18.3358
"Yemen, Rep.",2000,1.03983180862549,2.9263026308313,14.4669153987821,493.235182634814,37.1690455897115,5.05264781965825,40.9,167.0,527970.0,,57.8779322460083,15.352
"Yemen, Rep.",2001,1.03983180862549,2.7766729170218,14.9385276406187,487.141257946318,38.3092732541622,4.87558887262579,41.7,167.0,527970.0,0.633685561999911,56.6211726811815,15.352
"Yemen, Rep.",2002,1.03983180862549,2.68007651949921,14.3141488130768,513.241486570603,39.4626323465348,4.70142417707306,42.5,167.0,527970.0,0.714101393630825,53.9079192914605,15.352
"Yemen, Rep.",2003,1.03983180862549,2.37134685682899,13.7449719708526,548.905883049973,40.6393904956721,4.55674995004702,43.0,167.0,527970.0,0.568368869518597,50.9779736567886,15.352
"Yemen, Rep.",2004,1.03983180862549,2.509612288577,12.4153666524933,627.632023395762,41.8492849972536,4.43144224937652,43.5,167.0,527970.0,0.335352166332484,44.7510933982156,15.352
"Yemen, Rep.",2005,1.03983180862549,2.43763850218762,11.0932421339435,734.159908450927,43.1654923575203,4.49881062677343,43.8,167.0,527970.0,0.138482901941208,36.2293847900949,15.352
"Yemen, Rep.",2006,1.03983180862549,2.6024205920791,10.70558242967,809.713127624703,44.5917059681421,4.57815392807586,44.25,167.0,527970.0,0.146622699287806,32.0479351165659,15.352
"Yemen, Rep.",2007,1.03983180862549,2.58537416898687,10.419289027741,890.305768114988,46.0595905070364,4.50041020014542,44.3,167.0,527970.0,0.164652437728938,30.3217469879413,15.352
"Yemen, Rep.",2008,1.03983180862549,2.35808852775726,10.1968587173722,1071.63583282105,47.5631967725439,4.40586141469149,44.7,167.0,527970.0,0.0964705966226577,24.9189986462038,15.352
"Yemen, Rep.",2009,1.03983180862549,2.217929048999,10.0190704935917,969.243509864478,49.1083281247041,4.3202151518606,44.1,167.0,527970.0,0.230223088535611,28.3794552874399,15.352
"Yemen, Rep.",2010,1.03983180862549,2.44521469022861,9.87370902755356,1155.20305261418,50.6740667083357,4.18946288013571,43.9,167.0,527970.0,0.284578651726684,22.3614461274604,15.352
"Yemen, Rep.",2011,1.03983180862549,2.19898857889653,9.75264427533183,1186.47500581215,52.2433035967953,4.02609339921662,43.7,167.0,527970.0,0.333005149447687,21.1560386850362,15.352
"Yemen, Rep.",2012,1.03983180862549,2.28043260033714,16.9903322750241,1245.05068272078,53.8546640907627,3.93732776571737,43.0,167.0,527970.0,0.125519522387168,22.4223066776646,15.352
"Yemen, Rep.",2013,1.03983180862549,2.2747504593064,17.6849846837323,1378.75002954928,55.5201090971078,3.8103581508055,41.9,167.0,527970.0,0.158565277378925,19.9195898806446,15.352
"Yemen, Rep.",2014,1.03983180862549,2.1849726310207,17.6765738204232,1430.16420964026,57.2500501922458,4.39492402913764,40.9,167.0,527970.0,0.643775634254586,18.9285075475327,15.352
"Yemen, Rep.",2015,1.03983180862549,2.15466787885675,20.2059373997207,1362.1738120601,59.0173286360967,4.67669791308374,39.5,167.0,527970.0,1.54908465670057,17.6143618724711,15.352
"Yemen, Rep.",2016,1.03983180862549,2.07549671382844,25.0909130885165,975.359417003225,60.8159743924844,4.72512277862931,37.8,167.0,527970.0,,22.8411480514233,15.352
"Yemen, Rep.",2017,1.03983180862549,2.20277667291702,26.9610663621827,811.165970405745,62.6757599863629,4.83904918680246,36.4,167.0,527970.0,,27.5534343808365,15.352
"Yemen, Rep.",2018,1.03983180862549,2.21035286095801,28.7451403146812,633.887202451545,64.5589370608179,4.8843592705626,34.6,167.0,527970.0,,33.5129923155829,15.352
"Yemen, Rep.",2019,1.03983180862549,2.19330643786579,,,66.5026573479554,4.98080932762029,32.7,167.0,527970.0,0.0171672017012874,,15.352
"Yemen, Rep.",2020,1.03983180862549,2.19330643786579,,,68.4411292308275,5.12739938506347,30.8,167.0,527970.0,,,15.352
"Yemen, Rep.",2021,1.03983180862549,2.19330643786579,,,70.3453415913783,3.76954642067347,29.0,167.0,527970.0,,,15.352
"Yemen, Rep.",2022,1.03983180862549,2.19330643786579,,,72.395924010834,3.56991787922358,27.0,167.0,527970.0,,,15.352
Zambia,2000,63.2965199962335,3.82571732199788,16.1497734560385,359.429500988221,13.475606343911,1.98184385161573,1.4,1020.0,743390.0,4.473679029302,168.74595025929,15.3982
Zambia,2001,63.2483622324756,3.66160427232005,15.5274822358648,396.548952993504,13.8893245806373,3.05488942781847,1.5,1020.0,743390.0,4.30002754550954,157.635418691761,15.3982
Zambia,2002,63.2002044687176,3.47327782187008,15.361429938368,393.864625518616,14.3235031410162,3.59498474839254,1.6,1020.0,743390.0,4.79358840710487,165.237577725425,15.3982
Zambia,2003,63.1520467049597,3.86607298995144,15.6170996158156,446.290104839041,14.7750104252142,3.97375119821,1.7,1020.0,743390.0,5.02175177160825,144.62151406803,15.3982
Zambia,2004,63.1038889412018,3.84993072277001,15.5809428822284,548.685974566277,15.2520184559921,4.31898880250062,1.9,1020.0,743390.0,9.68987539999555,129.644064882373,15.3982
Zambia,2005,63.0557311774439,3.66833021697897,14.5885513717285,710.982068171696,15.7640256123973,4.63356691720477,1.9,1020.0,743390.0,4.63259957624206,69.7392192459111,15.3982
Zambia,2006,63.0075734136859,4.05305425146962,13.2062710587766,1051.71714895686,16.3165404431052,4.88824832694096,2.0,1020.0,743390.0,2.69841033255298,19.4214830465834,15.3982
Zambia,2007,62.959415649928,3.96696215983535,12.1055962375597,1118.73162626953,16.9024132689436,5.00792941691569,2.1,1020.0,743390.0,1.7275989859386,21.8985577061852,15.3982
Zambia,2008,62.9112578861701,4.10551661980925,11.4539997547605,1375.50211006997,17.5161409219925,5.01296748942977,2.2,1020.0,743390.0,1.6639059685191,17.7868258785837,15.3982
Zambia,2009,62.8631001224122,4.77542070783842,11.5527836333973,1136.24168316848,18.1471219682804,4.88461585757125,2.2,1020.0,743390.0,2.22688895336752,24.4196980321342,15.3982
Zambia,2010,62.8149423586543,4.5736423680706,9.42094610981773,1451.10616017155,18.7863624746096,4.63266848847021,2.3,1020.0,743390.0,1.47821394850183,22.8577652777151,15.3982
Zambia,2011,62.5618047054709,4.84268015442769,9.64805782176724,1624.86817763443,19.4215633785765,4.35251891315956,2.3,1020.0,743390.0,2.20667745639806,23.3139842267552,15.3982
Zambia,2012,62.3086670522875,5.11171794078478,9.32163953570601,1710.05061343728,20.0616486635548,4.23205158418099,2.3,1020.0,743390.0,2.141260737194,24.6574539542756,15.3982
Zambia,2013,62.0555293991041,4.97719904760624,8.22652318427817,1820.71854827391,20.7145603249976,4.17506739839671,2.3,1020.0,743390.0,2.15742268016014,24.8009879997029,15.3982
Zambia,2014,61.8023917459207,4.97719904760624,6.77959785217865,1707.48573136694,21.3822018052435,4.12770061741767,2.3,1020.0,743390.0,1.80216520319116,36.2953659204568,15.3982
Zambia,2015,61.5492540927373,4.97719904760624,4.98083656431146,1295.87788680068,22.0598730141648,4.05894924629252,2.3,1020.0,743390.0,1.46089785875392,59.0750571840252,15.3982
Zambia,2016,61.2959550168821,4.97719904760624,6.22847198956029,1239.08527877713,22.7530946071376,4.01636109626793,2.3,1020.0,743390.0,1.50428222164457,77.571432468707,15.3982
Zambia,2017,61.0428846231453,5.11171794078478,4.0242711937365,1483.46577328065,23.4618706197285,3.97347057455809,2.3,1020.0,743390.0,0.800514572012433,96.0061537858578,15.3982
Zambia,2018,60.789706614294,5.11171794078478,3.34112399209449,1463.89997855593,24.1778460834824,3.89574458509516,2.3,1020.0,743390.0,0.941299031245252,95.0251331352744,15.3982
Zambia,2019,60.5365151535533,5.11171794078478,2.86077493680796,1258.98619844462,24.9046113076582,3.83532154719952,2.3,1020.0,743390.0,1.33060430559732,128.346607422193,15.3982
Zambia,2020,60.283337144702,5.11171794078478,2.97263384548847,951.644316655957,25.6384872005273,3.76197608004315,2.3,1020.0,743390.0,0.861156727384181,167.518099257658,15.3982
Zambia,2021,60.0301501230848,5.11171794078478,3.00091831533747,1127.16077872857,26.3705551594721,3.65740022017216,2.3,1020.0,743390.0,0.666806794266321,133.551637288097,15.3982
Zambia,2022,59.7769691548178,5.11171794078478,3.09401583407622,1447.12310138035,27.1095091405588,3.58198236627561,2.4,1020.0,743390.0,0.432861316707101,103.673945530947,15.3982
Zimbabwe,2000,47.4757141010728,9.56712343285511,15.6687707765286,562.833757496076,30.74073930464,1.33611142265047,5.2,692.0,386850.0,12.5846120753013,90.8863648169142,17.8312
Zimbabwe,2001,47.3566240144759,9.30593253198914,15.6288021236589,566.388746448872,30.947139718237,0.979709622880163,5.0,657.0,386850.0,10.8008912726894,81.8438701318003,17.8312
Zimbabwe,2002,47.237533927879,9.43518159493344,12.5684567195934,524.936478570323,31.2463564689156,1.15667809410731,4.8,657.0,386850.0,8.36183538238846,90.253029869697,17.8312
Zimbabwe,2003,47.1184438412822,9.43518159493344,14.7936480237327,468.471932927213,31.6203257076386,1.3037697499499,4.6,657.0,386850.0,11.8664842856188,111.628498516355,17.8312
Zimbabwe,2004,46.9993537546853,9.82292878376632,18.0640440733408,469.719298949304,31.9656094093318,1.17029678831479,4.5,657.0,386850.0,17.4733256376496,130.36375125036,17.8312
Zimbabwe,2005,46.8802636680884,10.0814269096549,17.1493075153041,461.271387547912,32.2694377665762,1.00867069668733,4.5,657.0,386850.0,12.3411532074053,118.120515606233,17.8312
Zimbabwe,2006,46.7611735814915,10.5984231614321,19.2316519025107,431.034994414964,32.6649735039421,1.26666851060534,4.5,657.0,386850.0,15.7170953131623,151.807752237904,17.8312
Zimbabwe,2007,46.6420834948947,10.3399250355435,21.1955238679824,413.521244592925,33.0982499676877,1.35917507370883,4.5,657.0,386850.0,13.2214087648453,200.655819185111,17.8312
Zimbabwe,2008,46.5229934082978,10.986170350265,19.018786781349,340.917447588572,33.4991572961096,1.24577441707486,4.5,657.0,386850.0,23.5358710565699,389.050797400325,17.8312
Zimbabwe,2009,46.4039033217009,10.5984231614321,10.7437375591345,735.821693871697,33.9738658394727,1.45651507207656,4.6,657.0,386850.0,27.6482908216066,69.3199185296309,17.8312
Zimbabwe,2010,46.284813235104,10.3399250355435,9.60967815567222,902.010759067388,34.5264262634096,1.67758251948591,4.8,657.0,386850.0,7.83854368527974,61.6616591918891,17.8312
Zimbabwe,2011,46.1657231485072,10.8569212873207,8.66645403643065,1037.77565157218,35.1439162466072,1.85901770475087,4.8,657.0,386850.0,10.6415696365248,58.1933132092827,17.8312
Zimbabwe,2012,46.0466330619103,10.4786387488691,8.04450024819692,1239.22709745709,35.7189789324027,1.73427283796274,5.1,657.0,386850.0,6.94964145566336,56.5781879647304,17.8312
Zimbabwe,2013,45.9275429753134,10.4708240920253,7.14500739499758,1362.99498323368,36.2254310456249,1.73902435675705,5.3,657.0,386850.0,4.51603085611582,48.0336458336228,17.8312
Zimbabwe,2014,45.8084528887166,10.4630096936797,8.74496936761426,1372.91526173161,36.7257567532635,2.16144370479207,5.4,657.0,386850.0,3.75191563290497,46.7229019950986,17.8312
Zimbabwe,2015,45.6893628021197,10.455195036836,8.28483096141089,1387.12632595026,37.2211787514541,2.53432185710755,5.7,657.0,386850.0,3.50193095705502,51.4630008713502,17.8312
Zimbabwe,2016,45.5702727155228,10.4473803799922,7.87358488271703,1408.13945253431,37.7414863642239,2.92184647428744,5.9,657.0,386850.0,2.88059174454878,62.9386632480421,17.8312
Zimbabwe,2017,45.4511826289259,10.4395659816466,7.24788152959223,3445.44941020134,38.2899883675843,3.25023111096025,6.1,657.0,386850.0,1.97686031674754,26.2092006727428,17.8312
Zimbabwe,2018,45.3320925423291,10.4317513248029,7.31920056282215,2270.89531874302,38.8637766576192,3.50447549716329,6.4,657.0,386850.0,3.22329788304047,38.8251492700611,17.8312
Zimbabwe,2019,45.2130024557322,10.4239369264573,22.7056524805476,2184.32923855469,39.4762000775494,3.72924700896215,6.5,657.0,386850.0,2.20889030302196,49.647327935742,17.8312
Zimbabwe,2020,45.0939123691353,10.4161222696135,20.8470510913708,2059.67445384499,40.13671448882,3.91648125219672,6.8,657.0,386850.0,1.73713629414475,49.5024215404777,17.8312
Zimbabwe,2021,44.9748222825385,10.4083078712679,21.4856530160599,2613.60542083552,40.8354917926845,4.02165487352737,7.1,657.0,386850.0,2.17410952930595,53.0056934335053,17.8312
Zimbabwe,2022,44.8557321959416,10.4004932144242,17.0612308931471,2536.40050223076,41.5382086079876,3.89060935046696,7.2,657.0,386850.0,1.26757742689829,44.0904531905056,17.8312
